tree
version=v4
num_class=1
num_tree_per_iteration=1
label_index=0
max_feature_idx=109
objective=mape
feature_names=TableScan_Scan_const TableScan_Scan_in_card TableScan_Scan_in_size TableScan_Scan_out_percentage TableScan_Scan_like_percentage TableScan_Scan_compare_percentage TableScan_Scan_in_expression_percentage TableScan_Scan_between_percentage TableScan_Scan_or_exp_percentage TableScan_Scan_starts_with_percentage TableScan_Scan_empty_output InlineTable_Scan_const InlineTable_Scan_in_card InlineTable_Scan_in_size InlineTable_Scan_out_percentage PipelineBreakerScan_Scan_const PipelineBreakerScan_Scan_in_card PipelineBreakerScan_Scan_in_size PipelineBreakerScan_Scan_out_percentage Temp_Build_const Temp_Build_out_card Temp_Build_out_size Temp_Build_in_percentage EarlyExecution_Scan_const EarlyExecution_Scan_out_percentage Select_PassThrough_const Select_PassThrough_in_percentage Select_PassThrough_out_percentage Map_PassThrough_const Map_PassThrough_in_percentage Map_PassThrough_out_percentage MultiWayJoin_Build_const MultiWayJoin_Build_out_card MultiWayJoin_Build_out_size MultiWayJoin_Build_in_percentage MultiWayJoin_Scan_const MultiWayJoin_Scan_in_card MultiWayJoin_Scan_in_size MultiWayJoin_Scan_out_percentage HashJoin_Build_const HashJoin_Build_out_card HashJoin_Build_out_size HashJoin_Build_in_percentage HashJoin_Probe_const HashJoin_Probe_in_card HashJoin_Probe_right_percentage HashJoin_Probe_out_percentage IndexNLJoin_Probe_const IndexNLJoin_Probe_in_percentage IndexNLJoin_Probe_right_card IndexNLJoin_Probe_out_percentage GroupJoin_Build_const GroupJoin_Build_out_card GroupJoin_Build_out_size GroupJoin_Build_in_percentage GroupJoin_Probe_const GroupJoin_Probe_out_card GroupJoin_Probe_out_size GroupJoin_Probe_right_percentage GroupJoin_Probe_out_percentage GroupJoin_Scan_const GroupJoin_Scan_in_card GroupJoin_Scan_in_size GroupJoin_Scan_out_percentage GroupBy_Build_const GroupBy_Build_out_card GroupBy_Build_out_size GroupBy_Build_in_percentage GroupBy_Scan_const GroupBy_Scan_out_card GroupBy_Scan_out_size GroupBy_Scan_out_percentage Sort_Build_const Sort_Build_out_card Sort_Build_out_size Sort_Build_in_percentage Sort_Build_out_percentage Sort_Scan_const Sort_Scan_in_card Sort_Scan_in_size Sort_Scan_out_percentage SetOperation_Build_const SetOperation_Build_out_card SetOperation_Build_out_size SetOperation_Build_in_percentage SetOperation_Scan_const SetOperation_Scan_in_card SetOperation_Scan_in_size SetOperation_Scan_out_percentage SetOperation_PassThrough_const Window_Build_const Window_Build_out_card Window_Build_out_size Window_Build_in_percentage Window_Scan_const Window_Scan_in_card Window_Scan_in_size Window_Scan_out_percentage FileOutput_Build_const FileOutput_Build_out_card FileOutput_Build_out_size FileOutput_Build_in_percentage CsvWriter_Build_const CsvWriter_Build_out_card CsvWriter_Build_out_size CsvWriter_Build_in_percentage AssertSingle_PassThrough_const AssertSingle_PassThrough_in_percentage EarlyProbe_PassThrough_const EarlyProbe_PassThrough_out_percentage
feature_infos=[0:1] [0:36244344] none [0:13055.625000000002] none [0:2.264732665289499] none none none none [0:1] none none none none none none none none none none none none none none [0:2] [0:1] [0:75375.690000000002] none none none none none none none none none none none none none none none [0:2] [0:8310369] [0:1.0784388238373803] [0:1.1975092032628514] [0:15] [0:2387.6111111111113] [0:72283678] [0:2465.8333333333335] none none none none none none none none none none none none none none none none none [0:1] [0:3] [0:192] [0:1] none none none none none none none none none none none none none none none none none none none none none none none none none none none none none none none none none none none none none none
tree_sizes=2347 2366 2347 2359 2269 2359 2203 2196 2292 2475 2291 2377 2297 2309 2303 2312 2313 2307 2317 2474 2291 2387 2133 2301 2129 2133 2210 2215 2304 2311 2223 2315 2153 2325 2325 2222 2239 2327 2425 2438 2338 2250 2605 2336 2432 2598 2512 2428 2253 2610 2344 2352 2428 2417 2348 2437 2515 2343 2442 2611 2444 2360 2446 2345 2628 2456 2543 2367 2556 2463 2556 2373 2372 2548 2467 2447 2547 2552 2384 2191 2443 2559 2374 2387 2647 2534 2558 2543 2291 2654 2567 2651 2560 2484 2747 2482 2402 2398 2393 2670 2569 2229 2573 2495 2405 2462 2479 2481 2472 2561 2587 2384 2389 2477 2556 2574 2591 2500 2571 2576 2475 2582 2486 2501 2504 2495 2498 2392 2480 2486 2666 2593 2484 2313 2584 2485 2589 2487 2488 2493 2479 2572 2483 2479 2659 2486 2500 2478 2457 2480 2491 2390 2659 2397 2399 2558 2301 2583 2674 2566 2563 2483 2399 2466 2389 2306 2407 2471 2593 2486 2504 2496 2397 2321 2220 2306 2670 2480 2506 2389 2414 2499 2408 2408 2317 2211 2482 2487 2303 2584 2497 2686 2475 2681 2393 2404 2579 2573 2498 2415

Tree=0
num_leaves=27
num_cat=0
split_feature=68 48 27 48 48 25 70 1 1 3 1 1 1 3 1 3 3 3 3 1 3 3 1 5 3 3
split_gain=1.34462 1.52417 0.245802 0.165274 0.067317 0.0270662 0.00754374 0.00266006 0.00150601 0.00463295 0.0021673 0.00166637 0.000877243 0.00067117 0.000567226 0.000552977 0.000276115 0.000360431 0.000275201 0.000184089 0.000156265 4.05506e-05 3.66475e-05 3.45112e-05 2.7276e-05 1.28227e-05
threshold=1.0000000180025095e-35 0.34790429800275396 20.083082595870209 5.9087389133189241 0.006916004987482933 1.5000000000000002 81.000000000000014 25540032.000000004 15055.000000000002 0.40996342442687478 2568720.5000000005 2786396.5000000005 298234.50000000006 0.037020562441863435 4345710.5000000009 37.428571428571438 0.00010502435536222789 0.0056188674499033356 0.00054673754504555594 1954173.5000000002 0.034843285551850255 0.0088931871709935807 9.5000000000000018 1.0000000180025095e-35 0.00038018127697725596 4.5412177421341777e-05
decision_type=2 2 2 2 2 2 2 2 2 2 2 2 2 2 2 2 2 2 2 2 2 2 2 2 2 2
left_child=1 2 4 -3 5 7 -2 8 9 20 12 21 16 19 18 22 -10 -18 -13 -14 -1 -12 -11 -9 -16 -21
right_child=6 3 -4 -5 -6 -7 -8 23 10 15 11 14 13 -15 24 -17 17 -19 -20 25 -22 -23 -24 -25 -26 -27
leaf_value=13.25452995300293 12.070332479476928 12.310198402404785 12.410439777374268 11.850556659698487 12.60601053237915 12.902022933959961 12.198915672302245 13.704417037963868 14.85412425994873 14.85412425994873 13.941880035400391 14.85412425994873 14.85412425994873 14.195556449890137 14.177352905273438 14.85412425994873 14.85412425994873 14.85412425994873 14.85412425994873 14.85412425994873 13.030183601379395 14.011265754699707 14.85412425994873 13.826069831848145 14.037027359008789 14.85412425994873
leaf_weight=24 44 21 24 22 22 37 39 20 20 20 21 32 25 21 26 25 21 30 23 20 22 22 21 21 21 52
leaf_count=24 44 21 24 22 22 37 39 20 20 20 21 32 25 21 26 25 21 30 23 20 22 22 21 21 21 52
internal_value=12.6669 12.6686 12.6699 12.6504 12.6704 12.6706 12.655 12.6704 12.6703 12.6706 12.6702 12.6705 12.67 12.6698 12.6703 12.6701 12.6703 12.6702 12.6701 12.6699 12.6714 12.671 12.6699 12.6712 12.6705 12.6699
internal_weight=0 613 570 43 546 524 83 487 446 112 334 145 189 118 102 66 71 51 55 97 46 43 41 41 47 72
internal_count=696 613 570 43 546 524 83 487 446 112 334 145 189 118 102 66 71 51 55 97 46 43 41 41 47 72
is_linear=0
shrinkage=1


Tree=1
num_leaves=26
num_cat=0
split_feature=50 68 27 50 25 70 3 3 3 3 1 3 3 1 5 1 3 1 3 1 3 3 3 3 3
split_gain=1.27278 1.33401 0.204494 0.178602 0.0301207 0.0165138 0.00602692 0.00944492 0.00319791 0.00420753 0.00275661 0.000759394 0.00206831 0.000528566 0.000491055 0.000468548 0.000463823 0.000367236 0.000516249 0.000227394 0.000157942 0.000127105 6.45597e-05 5.22708e-05 1.76505e-05
threshold=1.5231998205914723 1.0000000180025095e-35 20.083082595870209 0.049932876682791623 1.5000000000000002 81.000000000000014 1.0000000019163486 5.2761799410029502 0.019184999136594893 0.028990083005030132 4345710.5000000009 0.37446233356170505 0.23962683332253795 25540032.000000004 1.0202733109647493 1140689.0000000002 0.0063766011260046303 2568720.5000000005 0.00041137884763863978 65.500000000000014 0.002708721888128241 5.6348115081062948e-05 7.6858321963803462e-06 0.00026329021343219228 0.072475054278223802
decision_type=2 2 2 2 2 2 2 2 2 2 2 2 2 2 2 2 2 2 2 2 2 2 2 2 2
left_child=1 2 3 4 6 -3 8 -8 10 -10 14 12 15 -12 16 -11 17 20 -19 -9 22 -16 -1 -24 -17
right_child=-2 5 -4 -5 -6 -7 7 19 9 11 13 -13 -14 -15 21 24 -18 18 -20 -21 -22 -23 23 -25 -26
leaf_value=1.9684652137756349 -0.60470453262329105 -0.53694738864898672 -0.23085082054138192 -0.10279465675354001 0.21157402038574225 -0.42122251510620112 0.24297666549682617 1.9684652137756349 0.5288566589355469 1.9684652137756349 1.3295505523681641 1.9684652137756349 0.32652704238891594 1.0153700828552246 1.9684652137756349 1.2381752967834474 1.9684652137756349 1.9684652137756349 1.4025113296508789 1.9684652137756349 1.9684652137756349 1.9684652137756349 1.9684652137756349 1.9684652137756349 1.3757440757751465
leaf_weight=32 34 44 24 24 38 39 20 21 33 22 38 24 23 28 21 25 20 27 21 20 20 22 20 35 21
leaf_count=32 34 44 24 24 38 39 20 21 33 22 38 24 23 28 21 25 20 27 21 20 20 22 20 35 21
internal_value=0 0.00108674 0.00278635 0.00317715 0.00355853 -0.0107696 0.00334943 0.00241896 0.00348082 0.00385771 0.00328441 0.00357209 0.00370406 0.00385063 0.00311298 0.00342679 0.00303859 0.00309707 0.00332688 0.00328804 0.00299397 0.00341576 0.00293572 0.00300143 0.00360833
internal_weight=0 662 579 555 531 83 493 61 432 148 284 115 91 66 218 68 175 155 48 41 107 43 87 55 46
internal_count=696 662 579 555 531 83 493 61 432 148 284 115 91 66 218 68 175 155 48 41 107 43 87 55 46
is_linear=0
shrinkage=0.1


Tree=2
num_leaves=26
num_cat=0
split_feature=50 68 49 27 70 25 49 3 3 1 1 1 1 1 3 1 1 1 3 1 1 3 3 3 3
split_gain=1.23544 1.17387 0.221006 0.187769 0.0350543 0.030911 0.0166159 0.008387 0.00824718 0.00519942 0.00339791 0.00126138 0.000756269 0.00046093 0.000628618 0.000699628 0.000326879 0.000884968 0.000216483 8.21252e-05 5.18983e-05 4.14955e-05 2.36531e-05 1.27532e-05 6.93889e-18
threshold=1.906983789222628 1.0000000180025095e-35 5112040.5000000009 20.083082595870209 81.000000000000014 1.5000000000000002 22004563.505000003 0.46428571428571436 1.0676065176143745 15055.000000000002 4345710.5000000009 65.500000000000014 25540032.000000004 134628.00000000003 0.019307541272722661 298234.50000000006 2568720.5000000005 3052001.5000000005 0.034843285551850255 298234.50000000006 1954173.5000000002 0.057566796857932249 0.00022573608937005398 4.5412177421341777e-05 0.0028857183522401487
decision_type=2 2 2 2 2 2 2 2 2 2 2 2 2 2 2 2 2 2 2 2 2 2 2 2 2
left_child=1 2 3 5 -3 7 -4 9 -9 18 13 -10 22 -11 15 -15 20 -18 -1 -16 -17 -21 -12 -22 -25
right_child=-2 4 6 -5 -6 -7 -8 8 11 10 12 -13 -14 14 19 16 17 -19 -20 21 23 -23 -24 24 -26
leaf_value=0.47586551666259763 -0.54639126205444344 -0.48325264978408811 -0.054315289497375477 -0.20776573848724367 -0.37910026359558097 0.19041661834716805 -0.1283936100006102 0.18249510002136216 1.7716186923980715 1.7716186923980715 1.2431054306030274 1.7716186923980715 0.88084304809570302 1.7716186923980715 1.7716186923980715 1.7716186923980715 1.1000735874176024 1.7716186923980715 0.29426591682434078 1.2440411186218263 1.7716186923980715 1.7716186923980715 1.0955035953521728 1.7716186923980715 1.7716186923980715
leaf_weight=24 31 44 20 24 39 37 20 27 26 27 21 29 38 21 20 23 26 39 23 20 20 22 24 31 20
leaf_count=24 31 44 20 24 39 37 20 27 26 27 21 29 38 21 20 23 26 39 23 20 20 22 24 31 20
internal_value=0 0.000962803 0.00254944 0.00307882 -0.0101628 0.00347946 -0.00462372 0.00326521 0.00234411 0.00345451 0.00332261 0.00304677 0.00388194 0.00315002 0.0031063 0.00301171 0.00308336 0.00325578 0.00444241 0.00338092 0.00296413 0.0033015 0.00360456 0.00292184 0.0028953
internal_weight=0 665 582 542 83 518 40 481 82 399 352 55 83 269 242 180 159 65 47 62 94 42 45 71 51
internal_count=696 665 582 542 83 518 40 481 82 399 352 55 83 269 242 180 159 65 47 62 94 42 45 71 51
is_linear=0
shrinkage=0.1


Tree=3
num_leaves=26
num_cat=0
split_feature=50 68 49 27 25 3 70 1 1 3 3 1 1 3 1 1 3 3 5 3 3 1 3 3 3
split_gain=1.23587 0.921439 0.198545 0.175486 0.0392634 0.0261325 0.0238639 0.00740063 0.00935964 0.00594478 0.00657536 0.00245632 0.00194401 0.00130816 0.000816977 0.00117599 0.000674718 0.000156265 0.000110225 0.000264564 9.72516e-05 8.16605e-05 3.76789e-05 2.0112e-05 8.33157e-07
threshold=1.906983789222628 1.0000000180025095e-35 17364147.000000004 20.083082595870209 1.5000000000000002 0.35754236806108769 81.000000000000014 15055.000000000002 2568720.5000000005 1.0676065176143745 37.428571428571438 298234.50000000006 25540032.000000004 0.00022573608937005398 3052001.5000000005 4345710.5000000009 0.0056188674499033356 0.034843285551850255 1.0000000180025095e-35 0.0050669330162809783 0.00038018127697725596 1954173.5000000002 0.0088931871709935807 0.0001448077233852178 2.325408064395916e-05
decision_type=2 2 2 2 2 2 2 2 2 2 2 2 2 2 2 2 2 2 2 2 2 2 2 2 2
left_child=1 2 3 4 5 7 -3 17 11 -7 -11 13 14 -9 22 24 -15 -1 21 23 -17 -13 -10 -20 -16
right_child=-2 6 -4 -5 -6 9 -8 8 12 10 -12 18 -14 16 15 20 -18 -19 19 -21 -22 -23 -24 -25 -26
leaf_value=0.42827896499633789 -0.49175213584899907 -0.43492738480567933 -0.10488515300750728 -0.18698916463851933 0.17137495651245127 0.12439626960754389 -0.34119023723602293 0.31313548831939714 0.99394194774627675 1.5944568231582643 1.5944568231582643 1.5944568231582643 0.79275874328613272 1.5944568231582643 1.5944568231582643 1.1021053962707519 1.5944568231582643 0.26483932514190672 1.5944568231582643 1.5944568231582643 0.97925457210540756 1.5944568231582643 0.97412994937896724 1.5944568231582643 1.65105221157074
leaf_weight=24 31 44 29 24 38 36 39 24 21 30 25 23 39 20 20 26 23 22 20 20 20 25 21 24 28
leaf_count=24 31 44 29 24 38 36 39 24 21 30 25 23 39 20 20 26 23 22 20 20 20 25 21 24 28
internal_value=0 0.000966389 0.00237211 0.00279508 0.00317451 0.00293484 -0.00889062 0.00328281 0.00312776 0.0014053 0.00205921 0.00261934 0.00364779 0.00214039 0.00346931 0.00330548 0.0024705 0.00447605 0.00290585 0.00281994 0.00366679 0.0030204 0.00383598 0.00295701 0.00295923
internal_weight=0 665 582 553 529 491 83 400 354 91 55 179 175 67 136 94 43 46 112 64 46 48 42 44 48
internal_count=696 665 582 553 529 491 83 400 354 91 55 179 175 67 136 94 43 46 112 64 46 48 42 44 48
is_linear=0
shrinkage=0.1


Tree=4
num_leaves=25
num_cat=0
split_feature=50 26 68 50 70 3 1 27 1 1 3 3 1 26 3 1 1 1 1 3 3 3 3 3
split_gain=1.24134 0.831853 0.282247 0.22899 0.099184 0.0298046 0.0261682 0.0219614 0.00482849 0.00472413 0.00161769 0.00438416 0.00129899 0.00109564 0.000939399 0.000756269 0.000564984 0.00153554 9.98916e-05 2.36531e-05 2.06274e-05 1.30199e-05 7.14781e-06 4.16959e-06
threshold=1.906983789222628 0.21402241305208156 1.0000000180025095e-35 1.0000000180025095e-35 81.000000000000014 0.35754236806108769 1140689.0000000002 8.2801181996919304e-06 15055.000000000002 4345710.5000000009 37.428571428571438 1.0676065176143745 298234.50000000006 0.055768929212438714 0.0056188674499033356 25540032.000000004 2568720.5000000005 3052001.5000000005 1954173.5000000002 0.00022573608937005398 0.034843285551850255 4.5412177421341777e-05 2.325408064395916e-05 0.0050669330162809783
decision_type=2 2 2 2 2 2 2 2 2 2 2 2 2 2 2 2 2 2 2 2 2 2 2 2
left_child=1 2 3 5 -4 7 -5 8 20 12 11 -7 14 -9 -10 19 18 23 -14 -11 -1 -20 -19 -18
right_child=-2 -3 4 6 -6 10 -8 13 9 15 -12 -13 16 -15 -16 -17 17 22 21 -21 -22 -23 -24 -25
leaf_value=0.38555654487609864 -0.44257692226409912 -0.59211528368473054 -0.30530474253177647 -0.16782470491409304 -0.019039349346160962 0.18798986198425283 -0.0383952452468872 0.52532434440612796 1.435011140842438 1.0085843479156495 1.435011140842438 1.435011140842438 1.435011140842438 0.058664989242553749 1.435011140842438 0.71348286895751944 0.85195932828903198 1.435011140842438 1.435011140842438 0.88802777860641491 0.2383553926277161 1.435011140842438 1.485946990413666 0.89265323373794558
leaf_weight=21 31 39 35 23 36 29 22 23 35 21 25 30 36 21 23 38 20 20 20 24 22 55 26 21
leaf_count=21 31 39 35 23 36 29 22 23 35 21 25 30 36 21 23 38 20 20 20 24 22 55 26 21
internal_value=0 0.00101155 0.00189434 0.00265381 -0.00404236 0.00325718 -0.00418438 0.00359664 0.00335296 0.00322634 0.00153562 0.00182128 0.00301378 0.00571222 0.00259758 0.00388194 0.00313569 0.0033265 0.00298615 0.00360456 0.00435121 0.00292042 0.00292987 0.0037715
internal_weight=0 665 626 555 71 510 45 426 382 339 84 59 256 44 58 83 198 87 111 45 43 75 46 41
internal_count=696 665 626 555 71 510 45 426 382 339 84 59 256 44 58 83 198 87 111 45 43 75 46 41
is_linear=0
shrinkage=0.1


Tree=5
num_leaves=26
num_cat=0
split_feature=50 27 68 49 70 3 25 49 1 1 3 3 1 5 1 1 1 3 1 3 1 3 3 3 3
split_gain=1.15716 0.86251 0.254278 0.237448 0.0851077 0.0302639 0.022356 0.013321 0.00373865 0.00489205 0.00302704 0.00363114 0.00222294 0.00109683 0.000756269 0.00049861 0.00126154 0.000435894 0.000377641 0.000244573 9.98916e-05 2.36531e-05 1.30199e-05 1.4737e-06 8.33157e-07
threshold=1.906983789222628 0.8264466354889638 1.0000000180025095e-35 5112040.5000000009 81.000000000000014 0.35754236806108769 1.5000000000000002 22004563.505000003 4345710.5000000009 15055.000000000002 0.76471812023199681 37.428571428571438 298234.50000000006 1.0000000180025095e-35 25540032.000000004 2568720.5000000005 3052001.5000000005 0.0056188674499033356 65.500000000000014 0.00022573608937005398 1954173.5000000002 0.00022573608937005398 4.5412177421341777e-05 0.0050669330162809783 2.325408064395916e-05
decision_type=2 2 2 2 2 2 2 2 2 2 2 2 2 2 2 2 2 2 2 2 2 2 2 2 2
left_child=1 2 3 5 -4 6 8 -5 9 18 -7 13 17 -12 21 20 23 19 -1 -11 -14 -10 -22 -17 -18
right_child=-2 -3 4 7 -6 10 -8 -9 14 12 11 -13 15 -15 -16 16 24 -19 -20 -21 22 -23 -24 -25 -26
leaf_value=0.21412827469062812 -0.39831923003768921 -0.53290375531625755 -0.27477426827859885 -0.068195076095581092 -0.017135414411544935 1.0337310826950075 0.17976797802972799 -0.090557113182067897 0.90772591312408446 1.419642160242081 0.16919087578582756 1.2915100267581943 1.2915100267581943 1.2915100267581943 0.64213458206176743 0.76676339546012895 1.2915100267581943 1.2915100267581943 0.34700089038848869 1.2915100267581943 1.2915100267581943 0.79922500074577352 1.2915100267581943 0.80528242959785468 1.3373522913722995
leaf_weight=20 31 39 35 20 36 22 37 20 21 21 20 25 36 21 38 20 20 23 24 20 20 24 55 20 28
leaf_count=20 31 39 35 20 36 22 37 20 21 21 20 25 36 21 38 20 20 23 24 20 20 24 55 20 28
internal_value=0 0.00096512 0.00186403 0.00258489 -0.00377085 0.00316134 0.00350935 -0.00483695 0.00328648 0.00312549 0.00147273 0.00181134 0.00296221 0.00239054 0.00388194 0.00312709 0.00330486 0.00244956 0.00410144 0.00264503 0.00298615 0.00360456 0.00292042 0.00371963 0.00295923
internal_weight=0 665 626 555 71 515 427 40 390 307 88 66 263 41 83 199 88 64 44 41 111 45 75 40 48
internal_count=696 665 626 555 71 515 427 40 390 307 88 66 263 41 83 199 88 64 44 41 111 45 75 40 48
is_linear=0
shrinkage=0.1


Tree=6
num_leaves=24
num_cat=0
split_feature=48 26 68 50 70 3 3 1 27 1 3 3 1 3 3 1 1 1 3 3 1 3 3
split_gain=1.13908 0.817367 0.244881 0.22578 0.0851077 0.0285394 0.0181378 0.00521647 0.00505123 0.00568287 0.0032313 0.00445436 0.000922283 0.000865297 0.000848518 0.000756269 0.000526742 0.000749007 0.00027984 0.000153961 9.98916e-05 2.36531e-05 1.30199e-05
threshold=2.1617536707162555 0.21402241305208156 1.0000000180025095e-35 1.0000000180025095e-35 81.000000000000014 0.35754236806108769 0.019307541272722661 15055.000000000002 1.0000000180025095e-35 4345710.5000000009 1.0676065176143745 37.428571428571438 298234.50000000006 0.0056188674499033356 0.067966594320479731 25540032.000000004 3052001.5000000005 2568720.5000000005 0.0088931871709935807 2.325408064395916e-05 1954173.5000000002 0.00022573608937005398 4.5412177421341777e-05
decision_type=2 2 2 2 2 2 2 2 2 2 2 2 2 2 2 2 2 2 2 2 2 2 2
left_child=1 2 3 5 -4 7 -5 14 9 12 -7 -12 13 -9 -1 21 17 20 -19 -18 -14 -11 -22
right_child=-2 -3 4 6 -6 10 -8 8 -10 15 11 -13 16 -15 -16 -17 19 18 -20 -21 22 -23 -24
leaf_value=0.3122744799385071 -0.40331452985801697 -0.47961337978463181 -0.24729684145073902 -0.087727072700309716 -0.01542187297039046 0.15227178820724474 -0.052743344191360647 1.1623590240823749 0.11899631534118633 0.81695332181167579 1.1623590240823749 1.1623590240823749 1.1623590240823749 1.1623590240823749 0.17396601942615517 0.57792112385559058 1.1623590240823749 0.72475418663806901 0.72285966740436547 1.2036170622350697 1.1623590240823749 0.71930250067119594 1.1623590240823749
leaf_weight=28 28 39 35 25 36 29 23 34 39 21 30 25 36 23 21 38 20 21 20 26 20 24 55
leaf_count=28 28 39 35 25 36 29 23 34 39 21 30 25 36 23 21 38 20 21 20 26 20 24 55
internal_value=0 0.000889592 0.00176061 0.00246443 -0.00377085 0.00308154 -0.00409234 0.00341372 0.00328756 0.00316323 0.00139692 0.00184729 0.00292929 0.00257484 0.00438436 0.00388194 0.00303133 0.00312106 0.00348631 0.00273484 0.00298615 0.00360456 0.00292042
internal_weight=0 668 629 558 71 510 48 426 377 338 84 55 255 57 49 83 198 152 41 46 111 45 75
internal_count=696 668 629 558 71 510 48 426 377 338 84 55 255 57 49 83 198 152 41 46 111 45 75
is_linear=0
shrinkage=0.1


Tree=7
num_leaves=24
num_cat=0
split_feature=48 68 50 49 3 70 25 3 25 1 3 3 1 5 3 3 1 5 1 1 3 3 1
split_gain=1.0897 0.721959 0.253584 0.0419506 0.0368299 0.0308486 0.0219462 0.01354 0.00761924 0.00547531 0.0032313 0.00445436 0.000989397 0.000758612 0.00107972 0.000811648 0.000756269 0.000590485 0.000579405 7.01585e-05 6.99857e-05 2.36531e-05 7.50973e-06
threshold=5.9087389133189241 1.0000000180025095e-35 1.0000000180025095e-35 32330839.000000004 0.23962683332253795 81.000000000000014 1.0000000180025095e-35 0.35754236806108769 1.5000000000000002 4345710.5000000009 1.0676065176143745 37.428571428571438 15055.000000000002 1.0000000180025095e-35 0.0056188674499033356 0.0001448077233852178 25540032.000000004 1.1618017980916173 2568720.5000000005 2786396.5000000005 7.720621071714567e-05 0.00022573608937005398 1140689.0000000002
decision_type=2 2 2 2 2 2 2 2 2 2 2 2 2 2 2 2 2 2 2 2 2 2 2
left_child=1 2 4 -4 8 -3 7 -6 9 12 -9 -12 -1 15 17 -14 21 19 22 20 -15 -11 -17
right_child=-2 5 3 -5 6 -7 -8 10 -10 16 11 -13 13 14 -16 18 -18 -19 -20 -21 -22 -23 -24
leaf_value=0.28096787697639469 -0.44603976518093114 -0.29511396540541174 -0.032362196745262042 -0.11659414559780111 0.17571042395326622 -0.30191154983961116 -0.021062289194054531 0.1370446093865203 0.1520263891367245 0.73525798963050804 1.0461231216741376 1.0461231216741376 1.0461231216741376 1.0461231216741376 1.0461231216741376 1.0461231216741376 0.52012901147003132 1.0461231216741376 0.69456660914171242 1.0461231216741376 1.0461231216741376 0.64737225060407655 1.0461231216741376
leaf_weight=35 22 44 32 22 20 39 22 29 37 21 30 25 20 27 39 20 38 28 37 24 33 24 28
leaf_count=35 22 44 32 22 20 39 22 29 37 21 30 25 20 27 39 20 38 28 37 24 33 24 28
internal_value=0 0.000959015 0.00218553 -0.00434664 0.00284239 -0.00777434 0.00134668 0.00195368 0.00330093 0.00316551 0.00139692 0.00184729 0.00296116 0.00289298 0.00274944 0.00309942 0.00388194 0.00290723 0.00323428 0.0030398 0.0030976 0.00360456 0.00300506
internal_weight=0 674 591 54 537 83 126 104 411 374 84 55 291 256 151 105 83 112 85 84 60 45 48
internal_count=696 674 591 54 537 83 126 104 411 374 84 55 291 256 151 105 83 112 85 84 60 45 48
is_linear=0
shrinkage=0.1


Tree=8
num_leaves=25
num_cat=0
split_feature=48 26 68 50 70 26 49 3 1 1 3 3 27 1 1 5 1 3 3 3 1 1 1 3
split_gain=1.08434 0.713954 0.179192 0.208861 0.0834828 0.046168 0.0277234 0.0236736 0.00476268 0.00548913 0.0032313 0.00445436 0.00290596 0.00251741 0.00118435 0.00130258 0.000756269 0.00065808 0.000752964 0.000594858 0.000426759 0.000987766 4.05994e-05 2.36531e-05
threshold=5.9087389133189241 0.25712083558513515 1.0000000180025095e-35 1.0000000180025095e-35 81.000000000000014 0.16794046306974134 32330839.000000004 0.35754236806108769 15.000000000000002 4345710.5000000009 1.0676065176143745 37.428571428571438 0.0001110231991424266 15055.000000000002 1140689.0000000002 1.0411054272875526 25540032.000000004 0.030939708342648631 0.00016312860121693844 3.0167898363362526e-06 2568720.5000000005 3052001.5000000005 1954173.5000000002 0.00022573608937005398
decision_type=2 2 2 2 2 2 2 2 2 2 2 2 2 2 2 2 2 2 2 2 2 2 2 2
left_child=1 2 3 5 -4 7 -5 8 -1 12 -9 -12 13 -10 17 19 23 18 -15 -16 22 -22 -21 -11
right_child=-2 -3 4 6 -6 -7 -8 10 9 16 11 -13 -14 14 15 -17 -18 -19 -20 20 21 -23 -24 -25
leaf_value=0.15774780288362322 -0.40143578866283802 -0.48441923135326681 -0.19305576076512398 -0.029125977070735765 0.016311469310609717 -0.013166522298920569 -0.10493473103802096 0.12334014844786836 0.25297656565814963 0.66173219066745725 0.94151080950672361 0.94151080950672361 0.39510423728359889 1.0568297296422215 0.94151080950672361 0.94151080950672361 0.46811611032302808 0.94151080950672361 0.94151080950672361 0.94151080950672361 0.59345787897503122 0.97864304384414891 0.94151080950672361 0.58263502554366908
leaf_weight=21 22 23 35 32 36 30 21 29 24 21 30 25 27 20 21 32 38 20 34 21 32 30 48 24
leaf_count=21 22 23 35 32 36 30 21 29 24 21 30 25 27 20 21 32 38 20 34 21 32 30 48 24
internal_value=0 0.000903281 0.00151504 0.00209551 -0.00322687 0.00269731 -0.00388836 0.00292726 0.00323852 0.00315992 0.00139692 0.00184729 0.00296598 0.00287109 0.00277996 0.00291584 0.00388194 0.00244211 0.00226063 0.00303792 0.00311712 0.00330753 0.00294603 0.00360456
internal_weight=0 674 651 580 71 527 53 497 413 392 84 55 309 282 258 184 83 74 54 152 131 62 69 45
internal_count=696 674 651 580 71 527 53 497 413 392 84 55 309 282 258 184 83 74 54 152 131 62 69 45
is_linear=0
shrinkage=0.1


Tree=9
num_leaves=27
num_cat=0
split_feature=48 26 47 68 70 27 1 3 1 1 3 3 27 1 3 1 3 3 3 5 1 3 3 3 3 3
split_gain=1.08344 0.713187 0.162258 0.194371 0.0692727 0.0494154 0.0257676 0.0234218 0.00441072 0.00493491 0.0032313 0.00445436 0.00316129 0.00143362 0.0012195 0.000756269 0.00065808 0.000752964 0.000534957 0.000354414 0.000365594 0.000117417 0.000300207 8.26659e-05 2.36531e-05 2.30801e-05
threshold=5.9087389133189241 0.25712083558513515 1.0000000180025095e-35 1.0000000180025095e-35 81.000000000000014 0.33588092613948267 1140689.0000000002 0.35754236806108769 4345710.5000000009 15055.000000000002 1.0676065176143745 37.428571428571438 0.0001110231991424266 1140689.0000000002 1.1155233287074594e-06 25540032.000000004 0.030939708342648631 0.00016312860121693844 0.034843285551850255 1.0000000180025095e-35 2568720.5000000005 7.720621071714567e-05 0.0018962832899506266 0.0040190174313929619 0.00022573608937005398 0.0079156247436141334
decision_type=2 2 2 2 2 2 2 2 2 2 2 2 2 2 2 2 2 2 2 2 2 2 2 2 2 2
left_child=1 2 3 5 -5 7 -4 8 9 18 -9 -12 13 16 -15 24 17 -11 -1 20 -16 -21 -23 -22 -10 -24
right_child=-2 -3 6 4 -6 -7 -8 10 15 12 11 -13 -14 14 19 -17 -18 -19 -20 21 23 22 25 -25 -26 -27
leaf_value=0.22767890909233479 -0.3612922097965543 -0.43597730821794017 -0.094441257934218828 -0.1737501846886115 0.014680322379548728 -0.0044041251468078359 -0.037026052088705796 0.11100613360308156 0.59555897160071147 0.95114675667799953 0.84735972855605124 0.84735972855605124 0.38820241798639138 0.84735972855605124 0.84735972855605124 0.42130449929072533 0.84735972855605124 0.84735972855605124 0.14236460126957731 0.84735972855605124 0.82418335104725848 0.84735972855605124 0.84735972855605124 0.56576416033003807 0.52437152298930201 0.84735972855605124
leaf_weight=21 22 23 30 35 36 37 25 29 21 20 30 25 21 22 32 38 20 34 22 25 20 20 21 23 24 20
leaf_count=21 22 23 30 35 36 37 25 29 21 20 30 25 21 22 32 38 20 34 22 25 20 20 21 23 24 20
internal_value=0 0.000893971 0.0015054 0.00198499 -0.00292571 0.0026491 -0.00369162 0.00291625 0.00323214 0.00306413 0.00139692 0.00184729 0.00290992 0.00281353 0.00296372 0.00388194 0.00244211 0.00226063 0.00406108 0.00305914 0.00321802 0.00292059 0.00284579 0.00340848 0.00360456 0.00300073
internal_weight=0 674 651 596 71 525 55 488 404 321 84 55 278 257 183 83 74 54 43 161 75 86 61 43 45 41
internal_count=696 674 651 596 71 525 55 488 404 321 84 55 278 257 183 83 74 54 43 161 75 86 61 43 45 41
is_linear=0
shrinkage=0.1


Tree=10
num_leaves=25
num_cat=0
split_feature=48 26 68 47 70 27 49 3 1 1 27 3 3 3 1 1 3 1 1 3 1 1 3 3
split_gain=1.08407 0.713726 0.15695 0.175164 0.0692727 0.0485442 0.0247797 0.0223985 0.00497823 0.00545294 0.00348492 0.0032313 0.00445436 0.00184653 0.00161259 0.000756269 0.00067062 0.00150109 0.000642435 0.000534957 9.19686e-05 6.26254e-05 2.36531e-05 1.35174e-05
threshold=5.9087389133189241 0.25712083558513515 1.0000000180025095e-35 1.0000000180025095e-35 81.000000000000014 0.33588092613948267 32330839.000000004 0.35754236806108769 4345710.5000000009 15055.000000000002 0.0001110231991424266 1.0676065176143745 37.428571428571438 0.00046946475346926246 298234.50000000006 25540032.000000004 1.2888720714562938e-05 1140689.0000000002 2568720.5000000005 0.034843285551850255 2786396.5000000005 1954173.5000000002 0.00022573608937005398 0.025682638682336095
decision_type=2 2 2 2 2 2 2 2 2 2 2 2 2 2 2 2 2 2 2 2 2 2 2 2
left_child=1 2 3 5 -4 7 -5 8 9 19 13 -9 -13 16 -15 22 20 -18 21 -1 -11 -16 -10 -20
right_child=-2 -3 4 6 -6 -7 -8 11 15 10 -12 12 -14 14 18 -17 17 -19 23 -21 -22 -23 -24 -25
leaf_value=0.20491101818310115 -0.32516298881689887 -0.39237957739614626 -0.15637516621975039 -0.031876066597202705 0.01321229014159382 -0.0039637126321270698 -0.084997132140796877 0.099905520242773355 0.53600307444064021 0.76262375570044627 0.34938217618775219 0.76262375570044627 0.76262375570044627 0.76262375570044627 0.76262375570044627 0.379174049361653 0.76262375570044627 0.74176501594253286 0.4815013341580876 0.12812814114261961 0.76262375570044627 0.76262375570044627 0.47193437069037181 0.61777310196305002
leaf_weight=21 22 23 35 34 36 37 21 29 21 30 21 30 25 36 26 38 20 35 25 22 20 45 24 20
leaf_count=21 22 23 35 34 36 37 21 29 21 30 21 30 25 36 26 38 20 35 25 22 20 45 24 20
internal_value=0 0.000900508 0.00151217 0.00205542 -0.00292571 0.00261791 -0.00331374 0.00288268 0.00319161 0.00301311 0.00285101 0.00139692 0.00184729 0.0027498 0.00297259 0.00388194 0.0024273 0.00218633 0.00315404 0.00406108 0.00269235 0.00296668 0.00360456 0.00344964
internal_weight=0 674 651 580 71 525 55 488 404 321 278 84 55 257 152 83 105 55 116 43 50 71 45 45
internal_count=696 674 651 580 71 525 55 488 404 321 278 84 55 257 152 83 105 55 116 43 50 71 45 45
is_linear=0
shrinkage=0.1


Tree=11
num_leaves=26
num_cat=0
split_feature=48 26 68 47 70 27 3 49 1 1 3 3 3 5 1 1 3 3 1 3 3 3 1 3 3
split_gain=1.07972 0.634678 0.15133 0.149791 0.0692727 0.064498 0.020374 0.0163273 0.00443726 0.00626101 0.00343497 0.0032313 0.00445436 0.00323109 0.00321025 0.00311934 0.00208126 0.00153672 0.00100366 0.000604835 0.000534957 0.000443093 0.000589481 0.000117007 2.95835e-05
threshold=5.9087389133189241 0.25712083558513515 1.0000000180025095e-35 1.0000000180025095e-35 81.000000000000014 0.13821027502478758 0.35754236806108769 32330839.000000004 4345710.5000000009 15055.000000000002 0.026314090162737221 1.0676065176143745 37.428571428571438 1.0000000180025095e-35 298234.50000000006 1140689.0000000002 0.00046946475346926246 0.00029000521726168295 2568720.5000000005 0.0001448077233852178 0.034843285551850255 3.3549682405304946e-05 25540032.000000004 3.6938204895423783e-06 0.0079156247436141334
decision_type=2 2 2 2 2 2 2 2 2 2 2 2 2 2 2 2 2 2 2 2 2 2 2 2 2
left_child=1 2 3 5 -4 6 8 -5 9 20 -7 -8 -13 14 -11 17 -16 -15 -18 23 -1 -10 -23 -17 -21
right_child=-2 -3 4 7 -6 10 11 -9 21 13 -12 12 -14 15 16 19 18 -19 -20 24 -22 22 -24 -25 -26
leaf_value=0.1844199163647911 -0.29264668993520893 -0.35314161965653162 -0.14073764959777543 -0.028688459937482414 0.011891061127434455 -0.011013086291135111 0.089914968218496052 -0.076497418926717131 0.4020928165293704 0.43113688306848863 -0.016802624266863655 0.6863613801304016 0.6863613801304016 0.779769705440155 0.68496579444753825 0.6863613801304016 0.6863613801304016 0.6863613801304016 0.44595407824287997 0.6863613801304016 0.11531532702835766 0.43854625817577786 0.33456790655622587 0.68264815669665924 0.6863613801304016
leaf_weight=21 22 23 35 34 36 20 29 21 24 27 22 30 25 20 27 25 33 29 33 39 22 33 26 20 20
leaf_count=21 22 23 35 34 36 20 29 21 24 27 22 30 25 20 27 25 33 29 33 39 22 33 26 20 20
internal_value=0 0.000855189 0.00143198 0.00196542 -0.00292571 0.00248558 0.00281242 -0.00299967 0.00311043 0.00293952 -0.00127316 0.00139692 0.00184729 0.00276286 0.00315132 0.00245818 0.00287263 0.00180037 0.00317521 0.00276812 0.00406108 0.00376112 0.00390848 0.00249198 0.00297873
internal_weight=0 674 651 580 71 525 483 55 399 316 42 84 55 273 120 153 93 49 66 104 43 83 59 45 59
internal_count=696 674 651 580 71 525 483 55 399 316 42 84 55 273 120 153 93 49 66 104 43 83 59 45 59
is_linear=0
shrinkage=0.1


Tree=12
num_leaves=25
num_cat=0
split_feature=48 26 1 47 47 27 70 68 3 1 1 5 1 1 1 3 3 3 1 1 3 3 3 3
split_gain=0.599196 0.611008 0.1551 0.0937938 0.0229765 0.020672 0.0206513 0.0463941 0.014904 0.00401035 0.0052308 0.00368168 0.00321025 0.0029611 0.00269169 0.00208126 0.00153672 0.00151893 0.00100366 0.000621053 0.000341045 0.000168637 0.000117007 5.72409e-05
threshold=2.1617536707162555 0.25712083558513515 5.5000000000000009 1.0000000180025095e-35 4.5000000000000009 0.13821027502478758 81.000000000000014 1.0000000180025095e-35 0.35754236806108769 15055.000000000002 4345710.5000000009 1.0000000180025095e-35 298234.50000000006 65.500000000000014 1140689.0000000002 0.00046946475346926246 0.00029000521726168295 1.2888720714562938e-05 2568720.5000000005 25540032.000000004 0.0001448077233852178 3.0840707964601775 3.6938204895423783e-06 0.0079156247436141334
decision_type=2 2 2 2 2 2 2 2 2 2 2 2 2 2 2 2 2 2 2 2 2 2 2 2
left_child=1 2 6 5 -5 8 7 -1 9 -4 11 12 -11 -10 16 -14 -13 -12 -17 -19 22 -15 -16 -22
right_child=-2 -3 3 4 -6 -7 -8 -9 13 10 17 14 15 21 20 18 -18 19 -20 -21 23 -23 -24 -25
leaf_value=-0.0051859894574370459 -0.18032533263297224 -0.3178274576908785 0.16595160331717906 -0.057304969601788436 0.0036838518808574253 -0.0017826030183851318 0.010701955014691046 -0.1266638846379978 0.61772524211736135 0.38802319476163982 0.38628119417819101 0.70179273489613936 0.6164692150027844 0.080923471396646462 0.61772524211736135 0.61772524211736135 0.61772524211736135 0.38088630780375682 0.40135867041859186 0.30111111590060313 0.61772524211736135 0.61772524211736135 0.61438334102699343 0.61772524211736135
leaf_weight=44 28 22 32 25 25 27 36 35 20 27 21 20 27 22 25 33 29 36 33 26 39 24 20 20
leaf_count=44 28 22 32 25 25 27 36 35 20 27 21 20 27 22 25 33 29 36 33 26 39 24 20 20
internal_value=0 0.000940503 0.00149863 0.00221972 -0.00190247 0.00264822 -0.00183094 -0.00273555 0.00280809 0.0030444 0.00294801 0.00273666 0.00315132 0.00141888 0.00241143 0.00287263 0.00180037 0.0036432 0.00317521 0.00389217 0.00269933 0.00097722 0.00249198 0.00285748
internal_weight=0 668 646 531 50 481 115 79 454 388 356 273 120 66 153 93 49 83 66 62 104 46 45 59
internal_count=696 668 646 531 50 481 115 79 454 388 356 273 120 66 153 93 49 83 66 62 104 46 45 59
is_linear=0
shrinkage=0.1


Tree=13
num_leaves=25
num_cat=0
split_feature=26 48 1 45 1 70 70 3 3 5 5 3 27 1 3 3 1 1 3 1 3 3 3 3
split_gain=0.590857 0.593125 0.126203 0.112072 0.0235552 0.0167056 0.0537848 0.0138765 0.0121844 0.0101905 0.0063788 0.00634407 0.00947365 0.00630347 0.00467742 0.00461505 0.00552051 0.0021108 0.00163163 0.00104526 0.000425214 0.000350649 0.000218307 5.17723e-05
threshold=0.25712083558513515 5.9087389133189241 5.5000000000000009 6.7601182623124591e-07 1140689.0000000002 81.000000000000014 48.000000000000007 0.00022573608937005398 0.35754236806108769 1.0000000180025095e-35 1.0411054272875526 3.6938204895423783e-06 0.034644213365461154 65.500000000000014 0.19043675933517182 1.1155233287074594e-06 25540032.000000004 185041.50000000003 0.019307541272722661 4345710.5000000009 0.0028857183522401487 0.00054673754504555594 4.5412177421341777e-05 0.072475054278223802
decision_type=2 2 2 2 2 2 2 2 2 2 2 2 2 2 2 2 2 2 2 2 2 2 2 2
left_child=1 2 5 4 7 6 9 11 14 -1 15 12 -4 -10 17 -6 18 -9 19 20 21 22 -17 -20
right_child=-2 -3 3 -5 10 -7 -8 8 13 -11 -12 -13 -14 -15 -16 16 -18 -19 23 -21 -22 -23 -24 -25
leaf_value=0.00074258942760856432 -0.28604471192179065 -0.24534948767839079 0.44883292057356172 -0.049869114056220458 0.55595271790562506 0.0096317595132219946 -0.17080482344470591 0.14938276439659398 0.55595271790562506 -0.014603762894433459 0.55595271790562506 -0.049173833979747172 -0.009733517360183087 0.55595271790562506 0.32599494341405394 0.55503088090008534 0.25449023296349615 0.55595271790562506 0.3566030015778246 0.38377001912665032 0.55595271790562506 0.55595271790562506 0.55595271790562506 0.68108161271153278
leaf_weight=23 23 22 20 28 26 36 24 40 20 32 33 30 25 37 20 20 39 31 26 31 37 28 21 24
leaf_count=23 23 22 20 28 26 36 24 40 20 32 33 30 25 37 20 20 39 31 26 31 37 28 21 24
internal_value=0 0.000828926 0.00137467 0.00201959 0.00235907 -0.00163126 -0.00244487 0.00158927 0.00215082 -0.000721258 0.00296141 0.000481144 0.00123209 0.00100437 0.00286892 0.00313261 0.00327777 0.00248841 0.00305206 0.00287361 0.00272423 0.00257757 0.00276386 0.00354101
internal_weight=0 673 651 536 508 115 79 223 148 55 285 75 45 57 91 252 226 71 187 137 106 69 41 50
internal_count=696 673 651 536 508 115 79 223 148 55 285 75 45 57 91 252 226 71 187 137 106 69 41 50
is_linear=0
shrinkage=0.1


Tree=14
num_leaves=25
num_cat=0
split_feature=48 26 1 45 25 1 70 70 25 5 1 3 3 3 1 3 1 1 3 1 1 3 1 3
split_gain=0.553137 0.531119 0.107931 0.108375 0.0249905 0.0199462 0.0136393 0.0608262 0.00725309 0.0061333 0.0059696 0.00688117 0.00534735 0.00435956 0.0031594 0.0032412 0.00280524 0.0021162 0.00132215 0.00102825 0.000832153 0.000726162 0.000324477 0.000221873
threshold=5.9087389133189241 0.25712083558513515 5.5000000000000009 6.7601182623124591e-07 1.0000000180025095e-35 1954173.5000000002 81.000000000000014 48.000000000000007 1.5000000000000002 1.0000000180025095e-35 15.000000000000002 0.35754236806108769 0.00022573608937005398 0.00078629042081069329 3052001.5000000005 1.6037688408817296e-06 25540032.000000004 298234.50000000006 3.6837325755427929e-05 2568720.5000000005 4345710.5000000009 0.028692104949705137 3052001.5000000005 6.4025473619477063e-05
decision_type=2 2 2 2 2 2 2 2 2 2 2 2 2 2 2 2 2 2 2 2 2 2 2 2
left_child=1 2 6 4 5 10 7 9 -6 -1 -4 12 -12 14 18 -16 19 21 -7 -15 -17 -14 -21 -22
right_child=-2 -3 3 -5 8 13 -8 -9 -10 -11 11 -13 17 16 15 20 -18 -19 -20 22 23 -23 -24 -25
leaf_value=0.00066833048484777897 -0.22081453891055169 -0.25744024072961164 0.50035744611506239 -0.044882202650598481 -0.016542619156205873 0.50062260739480668 0.0086685835618997235 -0.15372434110023525 0.041372299738384126 -0.013143386604990148 0.012237115744500216 0.50035744611506239 0.13575807896035244 0.50035744611506239 0.50035744611506239 0.49744191883428573 0.20194543215555003 0.50035744611506239 0.50035744611506239 0.24623620736628915 0.29780639216226418 0.57184587800598341 0.56188869917298134 0.28311553556908964
leaf_weight=23 22 23 26 28 22 21 36 24 33 32 41 39 38 41 21 20 22 29 25 29 20 27 34 20
leaf_count=23 22 23 26 28 22 21 36 24 33 32 41 39 38 41 21 20 22 29 25 29 20 27 34 20
internal_value=0 0.000793075 0.00132072 0.00191713 0.00225097 0.00249536 -0.0014591 -0.00219426 0.00023806 -0.000361291 0.00174904 0.00153785 0.00187585 0.00308534 0.00267186 0.00304773 0.00350209 0.0022915 0.00201001 0.00328507 0.00342197 0.00260843 0.00353873 0.00368531
internal_weight=0 674 651 536 508 453 115 79 55 55 200 174 135 253 127 81 126 94 46 104 60 65 63 40
internal_count=696 674 651 536 508 453 115 79 55 55 200 174 135 253 127 81 126 94 46 104 60 65 63 40
is_linear=0
shrinkage=0.1


Tree=15
num_leaves=25
num_cat=0
split_feature=26 48 49 1 1 47 27 5 3 3 3 3 1 1 70 68 5 1 3 3 3 3 5 3
split_gain=0.503824 0.41159 0.0864113 0.0696713 0.0289465 0.0279359 0.00961716 0.00865693 0.00740234 0.0043543 0.00393459 0.00457711 0.00376796 0.00341513 0.00325846 0.00750751 0.00152199 0.003275 0.000996827 0.000815062 0.000500147 0.000359478 0.00021055 0.000128178
threshold=0.25712083558513515 5.9087389133189241 32330839.000000004 1954173.5000000002 5.5000000000000009 1.0000000180025095e-35 0.13821027502478758 1.0411054272875526 0.2808907826590829 3.9062135041376959e-05 1.0676065176143745 37.428571428571438 298234.50000000006 4345710.5000000009 81.000000000000014 1.0000000180025095e-35 1.0000000180025095e-35 82083.500000000015 0.019307541272722661 1.1155233287074594e-06 0.00031998073208521285 0.00078629042081069329 1.0000000180025095e-35 0.0037621899321882229
decision_type=2 2 2 2 2 2 2 2 2 2 2 2 2 2 2 2 2 2 2 2 2 2 2 2
left_child=1 2 3 4 14 6 8 9 12 19 -10 -12 16 18 15 -1 -6 -18 21 -5 -19 -11 -15 -23
right_child=-2 -3 -4 7 5 -7 -8 -9 10 13 11 -13 -14 22 -16 -17 17 20 -20 -21 -22 23 -24 -25
leaf_value=-0.0018926755617510338 -0.23169621665665049 -0.19873308501949652 -0.050625543182170142 0.45032170150355599 0.3010577064647304 -0.024987730192087377 -0.012897395598003137 0.45029518537558177 -0.01458761142883418 0.45032170150355599 0.45032170150355599 0.45032170150355599 0.45032170150355599 0.19978322759857647 0.0078017252057097867 -0.083570851539772312 0.12076320368150456 0.58550645777471932 0.37853273489281564 0.43032044685159793 0.48678163821902704 0.45032170150355599 0.28510442291497501 0.45032170150355599
leaf_weight=44 23 22 21 26 29 24 26 36 22 27 23 21 35 34 36 35 26 20 33 32 24 25 31 21
leaf_count=44 23 22 21 26 29 24 26 36 22 27 23 21 35 34 36 35 26 20 33 32 24 25 31 21
internal_value=0 0.000909764 0.00136438 0.00157473 0.000678675 0.00128267 0.00162714 0.00280891 0.00186235 0.00303553 0.000995485 0.00154145 0.00228931 0.00328948 -0.00063435 -0.000993682 0.0026046 0.00235223 0.00293953 0.0022868 0.00182644 0.00273335 0.00386018 0.00290336
internal_weight=0 673 651 630 365 250 226 265 200 229 66 44 134 171 115 79 99 70 106 58 44 73 65 46
internal_count=696 673 651 630 365 250 226 265 200 229 66 44 134 171 115 79 99 70 106 58 44 73 65 46
is_linear=0
shrinkage=0.1


Tree=16
num_leaves=25
num_cat=0
split_feature=26 48 1 47 1 5 3 27 3 3 70 68 1 1 3 1 3 3 3 1 1 3 3 3
split_gain=0.257538 0.259236 0.0686745 0.0207205 0.0295498 0.0142017 0.00697096 0.0067592 0.00550497 0.00497471 0.00325846 0.00750751 0.00306693 0.00135172 0.00230388 0.00115829 0.00196245 0.00560684 0.00318588 0.000899866 0.00068124 0.00136677 0.00154163 0.000525894
threshold=0.25712083558513515 3.7979028174644305 1954173.5000000002 1.0000000180025095e-35 5.5000000000000009 1.0018305533243181 5.6348115081062948e-05 0.13821027502478758 0.0056188674499033356 3.9062135041376959e-05 81.000000000000014 1.0000000180025095e-35 25540032.000000004 134628.00000000003 1.7386391400702291e-05 298234.50000000006 0.37446233356170505 37.428571428571438 0.11090058665983916 9679825.0000000019 2568720.5000000005 0.03778523035077342 0.00054673754504555594 0.0037621899321882229
decision_type=2 2 2 2 2 2 2 2 2 2 2 2 2 2 2 2 2 2 2 2 2 2 2 2
left_child=1 2 3 4 10 9 -7 8 13 19 11 -1 20 -6 -15 16 18 -18 -10 -4 23 22 -22 -11
right_child=-2 -3 5 -5 7 6 -8 -9 15 12 -12 -13 -14 14 -16 -17 17 -19 -20 -21 21 -23 -24 -25
leaf_value=-0.0017034080055760015 -0.20852659499098547 -0.13951489355245902 0.40528953135320056 -0.045382027798876123 0.52695581199724728 0.40526566683802373 -0.0092776590452270831 -0.011607656038202841 0.10945821510046337 0.40528953135320056 0.0070215526851388436 -0.075213766385795119 0.17298432574739808 0.20672502236610912 0.41048341063270222 0.40528953135320056 0.57783838618108163 0.40528953135320056 -0.0075229253272581786 0.19291937125526212 0.38449058054827678 0.18375931314037858 0.26308560899303973 0.40528953135320056
leaf_weight=44 23 25 26 36 22 25 24 26 32 27 36 35 29 20 29 22 30 21 24 23 28 33 36 20
leaf_count=44 23 25 26 36 22 25 24 26 32 27 36 35 29 20 29 22 30 21 24 23 28 33 36 20
internal_value=0 0.000917073 0.00130257 0.000429753 0.000670635 0.00251679 0.000975924 0.00133468 0.00153186 0.00285689 -0.00063435 -0.000993682 0.00310882 0.00223903 0.0025314 0.00114264 0.00127851 0.00172727 0.000869815 0.00196742 0.00291987 0.00307127 0.00280173 0.0026074
internal_weight=0 673 648 377 341 271 49 226 200 222 115 79 173 71 49 129 107 51 56 49 144 97 64 47
internal_count=696 673 648 377 341 271 49 226 200 222 115 79 173 71 49 129 107 51 56 49 144 97 64 47
is_linear=0
shrinkage=0.1


Tree=17
num_leaves=25
num_cat=0
split_feature=70 50 45 1 70 5 3 3 1 3 26 3 1 1 3 3 3 3 1 3 3 3 3 3
split_gain=0.234496 0.212469 0.0557724 0.0309199 0.0122628 0.0069912 0.006142 0.00643544 0.0153676 0.0056358 0.00507232 0.00433959 0.00367354 0.00354375 0.00334776 0.00270492 0.00246119 0.00182689 0.00128183 0.000952324 0.00185674 0.000461815 0.0002128 0.000163209
threshold=65.000000000000014 6.3965007080569434 6.7601182623124591e-07 1954173.5000000002 48.000000000000007 1.0018305533243181 0.0088931871709935807 0.37446233356170505 5.5000000000000009 3.9062135041376959e-05 3.6383723723400647e-05 0.00022573608937005398 25540032.000000004 65.500000000000014 2.9822477388956332e-05 0.030939708342648631 0.11090058665983916 3.6938204895423783e-06 4345710.5000000009 0.00054673754504555594 0.0024682039304717135 4.7484591556262012 0.064091250911766665 0.019307541272722661
decision_type=2 2 2 2 2 2 2 2 2 2 2 2 2 2 2 2 2 2 2 2 2 2 2 2
left_child=1 2 3 4 6 9 10 8 -8 18 11 17 19 21 -7 -10 -17 -1 -5 -11 -21 -9 23 -22
right_child=-2 -3 -4 5 -6 14 7 13 15 12 -12 -13 -14 -15 -16 16 -18 -19 -20 20 22 -23 -24 -25
leaf_value=0.016479959228919761 -0.23252947953650002 -0.16490828716230102 -0.022325968426603639 0.36476057821788044 -0.067692389747215573 0.36476296466939823 -0.011469439587758501 0.30394480275592034 0.028566867467370118 0.34862432152407269 0.084978238502385048 0.39705513333385412 0.15568589317265841 0.34750569273509235 0.064194893889425592 0.47737658354319773 0.084551312395897332 0.0045308378987341412 0.12662214314462902 0.36476057821788044 0.36476057821788044 0.36476057821788044 0.32230353008949636 0.23677704809373559
leaf_weight=31 43 22 28 25 28 21 21 20 24 37 40 35 29 34 24 20 33 32 24 28 34 22 21 20
leaf_count=31 43 22 28 25 28 21 21 20 24 37 40 35 29 34 24 20 33 32 24 28 34 22 21 20
internal_value=0 0.00116105 0.00149787 0.00170046 0.00107066 0.00251464 0.00125057 0.000855439 0.000319879 0.00274889 0.00174878 0.00136145 0.00302267 0.00154603 0.00137984 0.000973844 0.00137268 0.00086546 0.00180462 0.00281047 0.00265415 0.00216041 0.00291358 0.00301862
internal_weight=0 653 631 603 340 263 312 174 98 218 138 98 169 76 45 77 53 63 49 140 103 42 75 54
internal_count=696 653 631 603 340 263 312 174 98 218 138 98 169 76 45 77 53 63 49 140 103 42 75 54
is_linear=0
shrinkage=0.1


Tree=18
num_leaves=25
num_cat=0
split_feature=26 1 48 47 3 1 25 48 3 3 1 1 3 3 70 70 1 1 25 3 3 5 3 3
split_gain=0.264288 0.132935 0.0906805 0.0663818 0.0488695 0.0751755 0.0159276 0.0134273 0.0121115 0.0036761 0.00257231 0.00395087 0.00389944 0.00252614 0.00228937 0.00905663 0.00172833 0.00111622 0.000990741 0.000970934 0.000471508 0.000852802 0.000227696 5.33803e-05
threshold=0.25712083558513515 82083.500000000015 1.4385257509130212 1.0000000180025095e-35 1.0676065176143745 15.000000000000002 1.0000000180025095e-35 0.098259670567190885 0.30127312263560818 37.428571428571438 1954173.5000000002 298234.50000000006 0.00011148073849118199 4.3976765741445264e-07 81.000000000000014 48.000000000000007 25540032.000000004 4345710.5000000009 1.0000000180025095e-35 0.0056188674499033356 0.03778523035077342 1.0000000180025095e-35 0.0024682039304717135 0.00078629042081069329
decision_type=2 2 2 2 2 2 2 2 2 2 2 2 2 2 2 2 2 2 2 2 2 2 2 2
left_child=1 4 3 6 5 14 8 -5 10 -6 11 19 13 -12 15 18 20 -15 -1 -3 21 22 -14 -23
right_child=-2 2 -4 7 9 -7 -8 -9 -10 -11 12 -13 16 17 -16 -17 -18 -19 -20 -21 -22 23 -24 -25
leaf_value=0.0034076125675024829 -0.16442098753823695 0.45342442283211037 0.031588187305882177 -0.062856712392821021 0.31275512346158296 -0.15948049558049357 0.001941230081834 -0.0013444126711169347 0.042423589677344255 0.32828452039609246 0.32828666820245833 0.32480083823628941 0.32828452039609246 0.32896831613969302 0.029572345370275067 -0.11570420622293352 0.19368614388224792 0.16096521981527304 -0.010322495628982686 0.40287626224538864 0.20272187261947502 0.31117909034104163 0.32828452039609246 0.32828452039609246
leaf_weight=41 23 33 22 22 26 45 41 20 21 25 23 35 23 38 36 24 21 28 20 21 27 20 22 39
leaf_count=41 23 33 22 22 26 45 41 20 21 25 23 35 23 38 36 24 21 28 20 21 27 20 22 39
internal_value=0 0.00105718 0.0020267 0.00170921 -0.000980166 -0.00181197 0.00211403 -0.00206911 0.00233188 0.00172727 0.00248007 0.00202064 0.00264973 0.00212405 -0.000514198 -0.000797277 0.00295753 0.00180955 -0.000149814 0.00255704 0.00282252 0.00272585 0.00239796 0.00297594
internal_weight=0 673 456 434 217 166 392 42 351 51 330 89 241 89 121 85 152 66 61 54 131 104 45 59
internal_count=696 673 456 434 217 166 392 42 351 51 330 89 241 89 121 85 152 66 61 54 131 104 45 59
is_linear=0
shrinkage=0.1


Tree=19
num_leaves=27
num_cat=0
split_feature=70 47 3 43 1 3 3 25 3 3 27 3 3 3 3 3 3 1 3 5 1 3 1 1 3 3
split_gain=0.235364 0.156597 0.15969 0.262264 0.0265405 0.00912564 0.00862785 0.012107 0.00825677 0.00302249 0.00289891 0.00161799 0.0026017 0.00156802 0.00492652 0.00449821 0.00116439 0.00254114 0.00233963 0.00204481 0.00154641 0.00113239 0.00121367 0.000863335 0.000360518 0.000264857
threshold=65.000000000000014 1.0000000180025095e-35 0.00022026033908338413 1.0000000180025095e-35 5.5000000000000009 0.46428571428571436 0.081761719037339628 1.0000000180025095e-35 0.23962683332253795 0.019980800106089044 0.33588092613948267 0.028692104949705137 0.056677163293293815 37.428571428571438 1.0676065176143745 0.35754236806108769 0.00023610658882430269 3052001.5000000005 1.0000000180025095e-35 1.0000000180025095e-35 2568720.5000000005 3.9062135041376959e-05 9679825.0000000019 1954173.5000000002 0.0028857183522401487 0.20774584356396039
decision_type=2 2 2 2 2 2 2 2 2 2 2 2 2 2 2 2 2 2 2 2 2 2 2 2 2 2
left_child=1 4 -3 -4 5 8 7 9 -1 16 -9 -11 -13 14 15 25 18 19 -6 24 -20 22 -22 -21 -18 -8
right_child=-2 2 3 -5 6 -7 13 10 -10 11 -12 12 -14 -15 -16 -17 17 -19 20 23 21 -23 -24 -25 -26 -27
leaf_value=0.0030668513107523056 -0.2122337661198774 0.014438477448684851 -0.18808185376564612 -0.0045854977552091114 0.29569449872761666 0.54915784756719466 0.27031711835863848 0.015429116075608464 -0.0092902460660845062 0.11093790099401453 0.039061235949382933 0.40315737442341587 0.1981368978564497 0.29545606835648325 0.2814796111154248 -0.066084044800302166 0.29232075441266048 0.28006118130693736 0.29942072928139929 0.31200717771725767 0.29545585357584658 0.17617211322881801 0.14486869783374559 0.29545606835648325 0.29545606835648325 0.21598065478769826
leaf_weight=45 43 25 20 33 28 22 21 27 21 24 23 21 22 21 25 20 24 36 31 22 20 23 23 33 21 22
leaf_count=45 43 25 20 33 28 22 21 27 21 24 23 21 22 21 25 20 24 36 31 22 20 23 23 33 21 22
internal_value=0 0.00117514 -0.00302944 -0.00613703 0.0017455 0.00014725 0.0020343 0.00226032 -0.000440685 0.00248128 0.000810801 0.00308042 0.00271329 0.00125047 0.00143575 0.000964419 0.00232748 0.00252998 0.00210717 0.00227062 0.00187473 0.00160108 0.00129814 0.00267965 0.0017707 0.00154069
internal_weight=0 653 78 53 575 88 487 378 66 328 50 67 43 109 88 63 261 136 125 100 97 66 43 55 45 43
internal_count=696 653 78 53 575 88 487 378 66 328 50 67 43 109 88 63 261 136 125 100 97 66 43 55 45 43
is_linear=0
shrinkage=0.1


Tree=20
num_leaves=25
num_cat=0
split_feature=70 48 47 1 70 48 27 26 3 3 3 3 3 1 1 1 3 3 1 1 3 1 3 3
split_gain=0.22654 0.19466 0.0446291 0.0228946 0.0121053 0.0110482 0.00767841 0.0226587 0.0051488 0.0042789 0.00331432 0.00542834 0.00391775 0.00311063 0.00265057 0.00213123 0.00230388 0.00204478 0.00201561 0.00459878 0.00122749 0.000893123 0.000663726 0.000497429
threshold=65.000000000000014 5.9087389133189241 1.0000000180025095e-35 1954173.5000000002 48.000000000000007 0.13751583811582321 0.13821027502478758 0.21402241305208156 0.0056188674499033356 3.9062135041376959e-05 1.0676065176143745 0.23962683332253795 37.428571428571438 4345710.5000000009 25540032.000000004 134628.00000000003 1.7386391400702291e-05 0.030939708342648631 2568720.5000000005 3052001.5000000005 0.35754236806108769 2786396.5000000005 0.030939708342648631 0.00038018127697725596
decision_type=2 2 2 2 2 2 2 2 2 2 2 2 2 2 2 2 2 2 2 2 2 2 2 2
left_child=1 2 3 4 6 -4 8 -8 15 13 11 17 -12 21 18 -1 -17 -10 -11 -20 -13 -5 23 -21
right_child=-2 -3 5 9 -6 -7 7 -9 10 14 12 20 -14 -15 -16 16 -18 -19 19 22 -22 -23 -24 -25
leaf_value=0.27095798875047789 -0.19101038950788959 -0.11366122351145701 -0.050095466862286747 0.26586468699427396 -0.04965941528127598 -0.0007514216284842945 -0.024555771739793644 0.036969589087398981 0.099738634515218652 0.2662239929152172 0.42415501628348484 0.00020214010361581104 0.26591046152083492 0.13038182805037088 0.12553891731210207 0.17581766166351578 0.26308867897139443 0.37012712952938537 0.083608754573731403 0.25205506317624327 -0.39220094703917924 0.26588855150945073 0.40844844073442488 0.33704847021393258
leaf_weight=38 43 22 26 23 28 30 24 28 27 57 28 20 25 26 27 20 29 31 37 20 22 24 20 21
leaf_count=38 43 22 26 23 28 30 24 28 27 57 28 20 25 26 27 20 29 31 37 20 22 24 20 21
internal_value=0 0.00103059 0.00135298 0.00161544 0.00105215 -0.00134187 0.00124261 0.000140949 0.0014813 0.0023223 0.00113203 0.000793198 0.00177135 0.0016755 0.00258173 0.00209554 0.0025314 0.00142016 0.00242246 0.00214744 -7.2612e-05 0.00216102 0.00268095 0.00291134
internal_weight=0 653 631 575 320 56 292 52 240 255 153 100 53 73 182 87 49 58 155 98 42 47 61 41
internal_count=696 653 631 575 320 56 292 52 240 255 153 100 53 73 182 87 49 58 155 98 42 47 61 41
is_linear=0
shrinkage=0.1


Tree=21
num_leaves=26
num_cat=0
split_feature=1 3 50 47 3 70 3 3 3 25 3 3 70 3 3 1 1 1 1 1 1 1 3 26 3
split_gain=0.220857 0.150381 0.128955 0.0680102 0.0384013 0.0708112 0.0137703 0.0119727 0.011564 0.0069815 0.00287737 0.00174761 0.00172773 0.00124941 0.00239674 0.00615101 0.00417574 0.00118 0.00283165 0.00284752 0.00131153 0.00195358 0.000758291 0.000106738 6.93889e-18
threshold=15055.000000000002 0.23962683332253795 1.906983789222628 1.0000000180025095e-35 0.0088053097345132756 65.000000000000014 0.019307541272722661 0.30127312263560818 0.40996342442687478 1.0000000180025095e-35 37.428571428571438 3.0840707964601775 48.000000000000007 1.0000000180025095e-35 3.9062135041376959e-05 25540032.000000004 4345710.5000000009 2568720.5000000005 1954173.5000000002 298234.50000000006 3052001.5000000005 4345710.5000000009 0.0056188674499033356 0.055768929212438714 0.0037621899321882229
decision_type=2 2 2 2 2 2 2 2 2 2 2 2 2 2 2 2 2 2 2 2 2 2 2 2 2
left_child=1 4 3 7 5 12 -5 9 -3 13 11 -10 -1 -2 16 17 -15 18 19 22 -19 -22 -16 -11 -20
right_child=2 8 -4 6 -6 -7 -8 -9 10 23 -12 -13 -14 14 15 -17 -18 20 24 -21 21 -23 -24 -25 -26
leaf_value=0.0049852056996348539 0.23953858015542764 -0.00059512773975356481 0.022379171944388522 -0.095895345861032419 -0.13154386329104861 -0.17190935055710066 -0.00067627946563586505 -0.0014551994960015691 0.23137967756869263 0.13315941081698845 0.23931941536875173 0.21091614837553366 -0.044693473753148361 0.24050668576430212 0.27284793432936322 0.13618353479720044 0.070338354260226763 0.075247879116358274 0.24099860523481809 0.23677981107425483 0.30334362319253927 0.09926994471068902 0.30545558222151326 0.01634178164202691 0.23928806222931343
leaf_weight=20 26 32 21 25 37 43 22 21 24 22 25 20 28 35 22 24 24 35 35 32 23 33 22 24 21
leaf_count=20 26 32 21 25 37 43 22 21 24 22 25 20 28 35 22 24 24 35 35 32 23 33 22 24 21
internal_value=0 -0.00189538 0.00189589 0.00153531 -0.0041717 -0.00306725 -0.00206266 0.00195913 0.000989464 0.00208824 0.00171816 0.00220492 -0.000427004 0.00224821 0.00219166 0.00232845 0.00161904 0.00216473 0.00235573 0.00195815 0.00188769 0.00218782 0.00248016 0.000933675 0.0028953
internal_weight=0 229 467 446 128 91 47 399 101 378 69 44 48 332 306 247 59 223 132 76 91 56 44 46 56
internal_count=696 229 467 446 128 91 47 399 101 378 69 44 48 332 306 247 59 223 132 76 91 56 44 46 56
is_linear=0
shrinkage=0.1


Tree=22
num_leaves=23
num_cat=0
split_feature=26 1 50 47 3 1 25 3 3 70 68 3 3 1 1 3 1 1 1 3 1 3
split_gain=0.192719 0.10416 0.169775 0.0634365 0.0540494 0.084227 0.0169062 0.0137703 0.0129934 0.00771255 0.00513124 0.00187934 0.00344915 0.00157813 0.00434572 0.00473757 0.00296412 0.00407844 0.00272321 0.00484629 0.00441565 0.000920782
threshold=0.25712083558513515 15055.000000000002 1.906983789222628 1.0000000180025095e-35 0.40996342442687478 15.000000000000002 1.0000000180025095e-35 0.019307541272722661 0.30127312263560818 81.000000000000014 1.0000000180025095e-35 37.428571428571438 3.0840707964601775 2568720.5000000005 3052001.5000000005 0.0050669330162809783 1954173.5000000002 298234.50000000006 4345710.5000000009 3.9062135041376959e-05 25540032.000000004 0.0056188674499033356
decision_type=2 2 2 2 2 2 2 2 2 2 2 2 2 2 2 2 2 2 2 2 2 2
left_child=1 4 3 6 5 9 8 -5 13 10 -1 12 -6 16 15 -15 17 21 -16 -20 -21 -3
right_child=-2 2 -4 7 11 -7 -8 -9 -10 -11 -12 -13 -14 14 18 -17 -18 -19 19 20 -22 -23
leaf_value=-8.548068843445834e-05 -0.092709491155288065 0.32446931279964919 0.02014125474994968 -0.086305811274929312 0.47691503954169934 -0.11838947696194371 -0.0013376175115110912 -0.00060865151907236743 -0.0013096795464015544 0.084130461451734473 -0.040224126377833527 0.21538747383187629 0.18982453353798051 -0.0095216808057610805 0.21645601718787191 0.06965354902254646 0.21550173310021423 0.21310182996682914 0.11030980981931116 0.089342950239620231 0.12256518131748032 0.27491002399936199
leaf_weight=38 23 34 20 25 20 38 41 22 21 36 35 25 20 20 45 20 73 35 26 33 24 22
leaf_count=38 23 34 20 25 20 38 41 22 21 36 35 25 20 20 45 20 73 35 26 33 24 22
internal_value=0 0.000974933 0.00181858 0.0014099 -0.000859598 -0.00192136 0.00182414 -0.00206266 0.00204738 -0.00050802 -0.00109873 0.00154161 0.0019667 0.00219997 0.00198456 0.00107475 0.00242063 0.00203986 0.00226887 0.00192925 0.00244532 0.00256912
internal_weight=0 673 461 441 212 147 394 47 353 109 73 65 40 332 168 40 164 91 128 83 57 56
internal_count=696 673 461 441 212 147 394 47 353 109 73 65 40 332 168 40 164 91 128 83 57 56
is_linear=0
shrinkage=0.1


Tree=23
num_leaves=25
num_cat=0
split_feature=70 1 50 49 3 1 3 25 3 3 68 3 3 1 3 1 1 1 1 1 3 26 3 3
split_gain=0.176278 0.0743935 0.185229 0.0595312 0.0527209 0.0290233 0.00890276 0.00906989 0.00207475 0.00282507 0.00192714 0.00176853 0.00343553 0.00421108 0.00328806 0.00196468 0.0030945 0.00211212 0.00153383 0.00279257 0.00145819 0.000924697 0.000294025 6.93889e-18
threshold=65.000000000000014 15055.000000000002 1.906983789222628 5112040.5000000009 0.2808907826590829 15.000000000000002 0.35754236806108769 1.0000000180025095e-35 37.428571428571438 3.0840707964601775 1.0000000180025095e-35 1.0000000180025095e-35 3.9062135041376959e-05 25540032.000000004 1.0929061987618111e-05 2568720.5000000005 1954173.5000000002 298234.50000000006 3052001.5000000005 4345710.5000000009 0.0088931871709935807 0.055768929212438714 0.0056188674499033356 0.0037621899321882229
decision_type=2 2 2 2 2 2 2 2 2 2 2 2 2 2 2 2 2 2 2 2 2 2 2 2
left_child=1 4 3 6 5 10 7 11 9 -6 -1 -3 14 15 -13 16 17 22 -17 -20 -5 -9 -14 -18
right_child=-2 2 -4 20 8 -7 -8 21 -10 -11 -12 12 13 -15 -16 18 23 -19 19 -21 -22 -23 -24 -25
leaf_value=-7.6932619590941448e-05 -0.16313146164656392 0.19403454882986396 0.0181271292749547 -0.041617640688021852 0.21751265892735214 -0.10655052926574937 -0.00054778636716505962 0.11997723148644042 0.19384872644868878 0.17084208018418254 -0.020811740627550892 0.19355697797837623 0.19476586733549084 0.11030866318573232 0.17555799659797913 0.060757736302467794 0.19534857140131551 0.191791646970146 0.25136365915449804 0.080408655215658348 -0.070380877376410925 0.014841365228975435 0.24795337148381835 0.19380908269636096
leaf_weight=34 43 26 21 20 29 38 23 22 25 20 40 38 24 24 22 35 35 33 23 33 20 24 23 21
leaf_count=34 43 26 21 20 29 38 23 22 25 20 40 38 24 24 22 35 35 33 23 33 20 24 23 21
internal_value=0 0.0012228 0.00189641 0.00146425 -0.000468472 -0.00183696 0.00182689 0.00194164 0.00160276 0.00198097 -0.000683402 0.00212143 0.0020552 0.0022177 0.0013754 0.00208451 0.00232516 0.00192607 0.00172486 0.00204943 -0.00221651 0.000624486 0.00235662 0.0028953
internal_weight=0 653 467 446 186 112 406 383 74 49 74 337 311 251 60 227 136 80 91 56 40 46 47 56
internal_count=696 653 467 446 186 112 406 383 74 49 74 337 311 251 60 227 136 80 91 56 40 46 47 56
is_linear=0
shrinkage=0.1


Tree=24
num_leaves=23
num_cat=0
split_feature=70 1 50 3 48 1 1 3 25 1 1 1 5 3 1 1 3 3 68 3 26 3
split_gain=0.174167 0.070942 0.187477 0.0527209 0.0341541 0.0290233 0.0250172 0.009692 0.00735055 0.00576404 0.00570547 0.00700897 0.0035879 0.00411505 0.00331222 0.00361253 0.00207475 0.00282507 0.00192714 0.00117432 0.000924697 0.000608959
threshold=65.000000000000014 15055.000000000002 1.906983789222628 0.2808907826590829 0.00038160843039217667 15.000000000000002 1140689.0000000002 0.30127312263560818 1.0000000180025095e-35 2568720.5000000005 3052001.5000000005 4345710.5000000009 1.0000000180025095e-35 2.325408064395916e-05 1954173.5000000002 298234.50000000006 37.428571428571438 3.0840707964601775 1.0000000180025095e-35 0.0050669330162809783 0.055768929212438714 0.0056188674499033356
decision_type=2 2 2 2 2 2 2 2 2 2 2 2 2 2 2 2 2 2 2 2 2 2
left_child=1 3 4 5 7 18 -6 8 9 14 19 -12 -13 -14 15 21 17 -5 -1 -11 -10 -3
right_child=-2 2 -4 16 6 -7 -8 -9 20 10 11 12 13 -15 -16 -17 -18 -19 -20 -21 -22 -23
leaf_value=-6.9239357631900594e-05 -0.14681831548190746 0.20351210483848237 0.016314416347459205 0.19576139303461684 -0.084581537830079517 -0.095895476339174487 0.0056383294949839072 -0.001123932955044893 0.10797950833779631 -0.026125312384982991 0.1754547176712471 0.038298786921328092 0.11199746804515841 0.13658707375170956 0.17442817442672479 0.17261248227313147 0.17446385380382026 0.15375787216576456 -0.018730566564795836 0.05468196267222112 0.013357228706077962 0.22262368445104386
leaf_weight=34 43 36 21 29 21 38 22 22 22 20 45 34 20 29 73 35 25 20 40 21 24 22
leaf_count=34 43 36 21 29 21 38 22 22 22 20 45 34 20 29 73 35 25 20 40 21 24 22
internal_value=0 0.0011831 0.0018409 -0.000468472 0.00140613 -0.00183696 -0.00127287 0.00169198 0.00180982 0.00197258 0.00156148 0.00189032 0.00134546 0.00189313 0.00239112 0.00199536 0.00160276 0.00198097 -0.000683402 0.000534845 0.000624486 0.00247952
internal_weight=0 653 467 186 446 112 43 403 381 335 169 128 83 49 166 93 74 49 74 41 46 58
internal_count=696 653 467 186 446 112 43 403 381 335 169 128 83 49 166 93 74 49 74 41 46 58
is_linear=0
shrinkage=0.1


Tree=25
num_leaves=23
num_cat=0
split_feature=26 50 26 68 70 3 3 47 25 1 1 1 1 1 5 3 1 3 3 3 1 3
split_gain=0.195109 0.091638 0.0301362 0.0172577 0.0254513 0.0141236 0.0104925 0.00953951 0.00729288 0.00532936 0.00873684 0.00700897 0.00477026 0.00396292 0.0035879 0.00411505 0.0034323 0.00295351 0.00343054 0.00203083 0.00228568 0.000177612
threshold=0.25712083558513515 6.3965007080569434 0.087237809735689315 1.0000000180025095e-35 81.000000000000014 0.21942641782333594 1.0676065176143745 4.5000000000000009 1.0000000180025095e-35 2568720.5000000005 3052001.5000000005 4345710.5000000009 1954173.5000000002 82083.500000000015 1.0000000180025095e-35 2.325408064395916e-05 65.500000000000014 0.9842112643210662 0.37446233356170505 0.00022573608937005398 298234.50000000006 0.0050669330162809783
decision_type=2 2 2 2 2 2 2 2 2 2 2 2 2 2 2 2 2 2 2 2 2 2
left_child=1 2 3 5 -5 7 17 8 9 12 21 -12 13 -1 -13 -16 -8 18 -7 -15 -21 -11
right_child=-2 -3 -4 4 -6 6 16 -9 -10 10 11 14 -14 19 15 -17 -18 -19 -20 20 -22 -23
leaf_value=0.1357740374365978 -0.079484311320524637 -0.057057166574519695 -0.024909659520320204 -0.018078761433844372 0.10671239301940823 -6.2315421868675005e-05 0.15701746842343811 0.0077819791629041291 0.082182717288601742 -0.023512781146484585 0.15790924590412203 0.03446890822919535 0.15698535698405253 0.0031450127528744433 0.10079772124064271 0.12292836637653864 0.13838208494918833 -0.030414695607837494 1.1296127100539146 0.1732884123990644 0.15508607276607408 0.049213766404999151
leaf_weight=30 23 22 37 35 36 26 26 20 31 20 45 34 73 32 20 29 29 21 23 37 27 20
leaf_count=30 23 22 37 35 36 26 26 20 31 20 45 34 73 32 20 29 29 21 23 37 27 20
internal_value=0 0.00103248 0.00124699 0.00141401 -5.21381e-05 0.00160572 0.000673095 0.00188461 0.00177752 0.00190193 0.00148719 0.00189032 0.00225206 0.0018794 0.00134546 0.00189313 0.00170669 -0.000139019 0.000286219 0.00156589 0.00189112 0.000197167
internal_weight=0 673 651 614 71 543 125 418 398 367 168 128 199 126 83 49 55 70 49 96 64 40
internal_count=696 673 651 614 71 543 125 418 398 367 168 128 199 126 83 49 55 70 49 96 64 40
is_linear=0
shrinkage=0.1


Tree=26
num_leaves=24
num_cat=0
split_feature=27 1 50 3 1 49 1 70 3 25 1 1 1 1 1 5 3 3 3 3 26 3 70
split_gain=0.174406 0.0688318 0.187017 0.0374511 0.047821 0.025902 0.0253826 0.0125584 0.00992572 0.00718816 0.00692654 0.00535602 0.00798416 0.00296412 0.00407844 0.00270225 0.00290279 0.00187934 0.00344915 0.00104265 0.000924697 0.000920782 0.000106213
threshold=0.8264466354889638 15055.000000000002 1.906983789222628 0.40996342442687478 15.000000000000002 1386510.5000000002 185041.50000000003 81.000000000000014 0.30127312263560818 1.0000000180025095e-35 2568720.5000000005 3052001.5000000005 4345710.5000000009 1954173.5000000002 298234.50000000006 1.0000000180025095e-35 2.325408064395916e-05 37.428571428571438 3.0840707964601775 0.0050669330162809783 0.055768929212438714 0.0056188674499033356 48.000000000000007
decision_type=2 2 2 2 2 2 2 2 2 2 2 2 2 2 2 2 2 2 2 2 2 2 2
left_child=1 3 5 4 7 8 -7 22 9 10 13 19 -13 14 21 -14 -17 18 -5 -12 -11 -3 -1
right_child=-2 2 -4 17 -6 6 -8 -9 -10 20 11 12 15 -15 -16 16 -18 -19 -20 -21 -22 -23 -24
leaf_value=-0.0036252830264063007 -0.051881796936519023 0.23486574306238028 0.020388691370165281 0.3721943835489892 -0.10696389479469222 -0.088260754922045062 0.0042962986291950498 0.09604115371746734 -0.005978288193521664 0.08896328577515647 -0.021161503031836306 0.14211832131370983 0.031022017406275637 0.14128682128564735 0.13984262676921091 0.090717949116578475 0.11063552973888485 0.14131572158109407 0.12454387645426977 0.046222847582323118 0.014512471787502257 0.18303247476603277 -0.030439606877431125
leaf_weight=30 39 34 21 20 35 20 25 36 23 22 20 45 34 73 35 20 29 25 20 20 24 22 24
leaf_count=30 39 34 21 20 35 20 25 36 23 22 20 45 34 73 35 20 29 25 20 20 24 22 24
internal_value=0 0.00119936 0.00185224 -0.000405338 -0.00141775 0.001418 -0.000856913 -0.00019801 0.00167329 0.00179602 0.00195834 0.00150705 0.00182268 0.00242063 0.00203986 0.00124115 0.00171645 0.00154161 0.0019667 0.000496999 0.000624486 0.00256912 -0.00116251
internal_weight=0 657 467 190 125 446 45 90 401 378 332 168 128 164 91 83 49 65 40 40 46 56 54
internal_count=696 657 467 190 125 446 45 90 401 378 332 168 128 164 91 83 49 65 40 40 46 56 54
is_linear=0
shrinkage=0.1


Tree=27
num_leaves=24
num_cat=0
split_feature=70 1 50 3 3 49 3 1 25 3 3 5 1 1 1 3 1 3 70 3 3 26 3
split_gain=0.173717 0.0643012 0.189106 0.0538472 0.0412181 0.027498 0.00750676 0.0068858 0.0077808 0.00432104 0.00430099 0.00342398 0.00310239 0.010892 0.00408341 0.00287737 0.0027744 0.00174761 0.00172773 0.00119505 0.00104265 0.000924697 0.000222472
threshold=65.000000000000014 15055.000000000002 1.906983789222628 0.1406638946985794 0.0088053097345132756 5112040.5000000009 0.40996342442687478 4345710.5000000009 1.0000000180025095e-35 0.0088931871709935807 0.30127312263560818 1.0000000180025095e-35 3052001.5000000005 2568720.5000000005 1954173.5000000002 37.428571428571438 298234.50000000006 3.0840707964601775 48.000000000000007 2.325408064395916e-05 0.0050669330162809783 0.055768929212438714 0.0056188674499033356
decision_type=2 2 2 2 2 2 2 2 2 2 2 2 2 2 2 2 2 2 2 2 2 2 2
left_child=1 3 5 4 18 7 -5 8 10 -7 12 -9 13 14 16 17 22 -8 -1 -13 -15 -10 -3
right_child=-2 2 -4 6 -6 9 15 11 21 -11 -12 19 -14 20 -16 -17 -18 -19 -20 -21 -22 -23 -24
leaf_value=0.030848475790139232 -0.15241183860740437 0.14234547880848966 0.018349822233148762 -0.0001436898543850873 -0.069903822568335813 -0.024475701122367789 0.18932186455685934 0.026949656536946878 0.080066957197640676 -0.068526060854908449 0.01160444443269526 0.081646154204920773 0.12790648918233885 -0.019045352728652532 0.12715813915708268 0.12718414942298467 0.12585836409229004 0.11208948880884294 -0.027395646189687997 0.099571976764996253 0.041600562824090664 0.013061224608751943 0.16472922728942976
leaf_weight=20 43 37 21 35 34 20 24 39 22 20 20 20 45 20 73 25 35 20 28 29 20 24 22
leaf_count=20 43 37 21 35 34 20 24 39 22 20 20 20 45 20 73 25 35 20 28 29 20 24 22
internal_value=0 0.00117461 0.00180087 -0.000397761 -0.00231393 0.00136421 0.00111307 0.00161067 0.00182732 -0.00113738 0.00203074 0.00082781 0.00214276 0.00197917 0.00233418 0.00171816 0.00189841 0.00220492 -0.000427004 0.0013843 0.000496999 0.000624486 0.00231685
internal_weight=0 653 467 186 82 446 104 406 318 40 272 88 252 207 167 69 94 44 48 49 40 46 59
internal_count=696 653 467 186 82 446 104 406 318 40 272 88 252 207 167 69 94 44 48 49 40 46 59
is_linear=0
shrinkage=0.1


Tree=28
num_leaves=25
num_cat=0
split_feature=27 49 48 68 70 49 1 27 3 1 1 3 3 5 3 3 1 1 5 1 1 3 3 3
split_gain=0.120258 0.0577419 0.164837 0.0135537 0.0139462 0.0105976 0.00906976 0.00984901 0.009917 0.00649687 0.00449897 0.00369947 0.00559434 0.00274916 0.00272716 0.00361509 0.00181296 0.00299697 0.00365307 0.00182195 0.00391791 0.00065099 0.000275505 0.000160801
threshold=0.8264466354889638 45742290.000000007 0.492157898488434 1.0000000180025095e-35 65.000000000000014 1386510.5000000002 4345710.5000000009 0.13821027502478758 0.21942641782333594 82083.500000000015 185041.50000000003 0.76471812023199681 37.428571428571438 1.1618017980916173 0.021610775325385946 0.00029000521726168295 1954173.5000000002 298234.50000000006 1.0000000180025095e-35 2568720.5000000005 3052001.5000000005 1.2888720714562938e-05 0.00031998073208521285 3.9062135041376959e-05
decision_type=2 2 2 2 2 2 2 2 2 2 2 2 2 2 2 2 2 2 2 2 2 2 2 2
left_child=1 2 3 5 -5 6 7 8 9 -1 11 -10 -13 16 15 21 17 18 -11 -18 -21 -8 -20 -22
right_child=-2 -3 -4 4 -6 -7 14 -9 10 13 -12 12 -14 -15 -16 -17 19 -19 22 20 23 -23 -24 -25
leaf_value=0.13997705624711188 -0.043954052623898315 0.010719274851766514 -0.089277123058389404 -0.024656081570719215 0.052176421669351748 -0.0097147964076635066 0.093518834601684378 -0.0042901188414585789 0.00064773296406119842 0.11739104925318422 -0.0027837163585221706 0.10088053992795878 0.11446573448068592 0.11396055594684569 -0.005050462467438877 0.1500020074802027 0.11444232524137449 0.11327252768306124 0.23641346571889343 0.053521094119501102 0.11395575652768244 0.0068916825710388712 0.099888106691100376 0.16588841583190617
leaf_weight=31 39 25 21 32 39 30 21 25 27 24 23 29 25 33 21 24 57 34 20 30 21 22 20 23
leaf_count=31 39 25 21 32 39 30 21 25 27 24 23 29 25 33 21 24 57 34 20 30 21 22 20 23
internal_value=0 0.00126327 0.00107682 0.00137622 7.73167e-05 0.001547 0.00165444 0.00184702 0.00196825 0.00226602 0.00112935 0.00147982 0.0019577 0.00210404 0.000730964 0.00104263 0.00222701 0.0019017 0.00230477 0.00247037 0.00214307 0.000493853 0.00171955 0.00274389
internal_weight=0 657 632 611 71 540 510 422 397 293 104 81 54 262 88 67 229 98 64 131 74 43 40 44
internal_count=696 657 632 611 71 540 510 422 397 293 104 81 54 262 88 67 229 98 64 131 74 43 40 44
is_linear=0
shrinkage=0.1


Tree=29
num_leaves=25
num_cat=0
split_feature=68 49 48 70 49 1 25 27 3 27 1 3 3 3 3 3 1 1 1 1 3 3 3 3
split_gain=0.111321 0.0362115 0.116545 0.0217199 0.00990408 0.00772108 0.00892008 0.0160408 0.00981922 0.00701401 0.00449897 0.00369947 0.00559434 0.00272716 0.00361509 0.00267517 0.00369555 0.00960183 0.00234836 0.00526169 0.00100438 0.00065099 9.93688e-08 6.93889e-18
threshold=1.0000000180025095e-35 45742290.000000007 0.492157898488434 81.000000000000014 1386510.5000000002 4345710.5000000009 1.0000000180025095e-35 50.746428571428574 0.21942641782333594 0.13821027502478758 185041.50000000003 0.76471812023199681 37.428571428571438 0.021610775325385946 0.00029000521726168295 1.7386391400702291e-05 2568720.5000000005 3052001.5000000005 1954173.5000000002 298234.50000000006 0.028692104949705137 1.2888720714562938e-05 0.0047233726146460485 0.0037621899321882229
decision_type=2 2 2 2 2 2 2 2 2 2 2 2 2 2 2 2 2 2 2 2 2 2 2 2
left_child=1 2 4 -2 5 6 8 9 15 -8 11 -10 -13 14 21 -1 18 -18 19 20 22 -7 -17 -20
right_child=3 -3 -4 -5 -6 13 7 -9 10 -11 -12 12 -14 -15 -16 16 17 -19 23 -21 -22 -23 -24 -25
leaf_value=0.10485283682082241 -0.0038819941457076015 0.0096473473665898979 -0.080349410752550476 -0.14622368891189003 -0.0087433167668971024 0.084166951141515872 0.060321156552558368 0.045444228112712363 0.00058295966765502531 -0.0247470513237678 -0.002505344722669989 0.09079248593516312 0.10301916103261705 -0.0045454162206951315 0.13500180673218232 0.11812212025853058 0.012844430913197868 0.14929957424871532 0.10438363255169564 0.10168011363501109 0.1382674938913766 0.0062025143139351263 0.12511436801742024 0.10299809271723676
leaf_weight=55 44 25 21 39 30 21 23 21 27 31 23 29 25 21 24 22 36 27 35 32 22 22 20 21
leaf_count=55 44 25 21 39 30 21 23 21 27 31 23 29 25 21 24 22 36 27 35 32 22 22 20 21
internal_value=0 0.00137623 0.00121775 -0.00252611 0.00148869 0.00158748 0.00175535 0.000760017 0.00195494 -0.000151985 0.00112935 0.00147982 0.0019577 0.000730964 0.00104263 0.00227295 0.00211375 0.00146977 0.00238066 0.00208045 0.00260395 0.000493853 0.00289066 0.0028953
internal_weight=0 613 588 83 567 537 449 75 374 54 104 81 54 88 67 270 215 63 152 96 64 43 42 56
internal_count=696 613 588 83 567 537 449 75 374 54 104 81 54 88 67 270 215 63 152 96 64 43 42 56
is_linear=0
shrinkage=0.1


Tree=30
num_leaves=24
num_cat=0
split_feature=27 48 49 68 70 1 25 25 49 3 3 3 5 1 3 1 1 1 1 1 3 3 3
split_gain=0.111961 0.0669051 0.0535868 0.00959907 0.0336681 0.00793538 0.00991887 0.0122968 0.00922306 0.0109815 0.00553515 0.00391775 0.00322421 0.00304734 0.00267517 0.00369555 0.00960183 0.00234836 0.00526169 0.00175023 0.00100438 9.93688e-08 6.93889e-18
threshold=0.8264466354889638 0.34790429800275396 45742290.000000007 1.0000000180025095e-35 81.000000000000014 4345710.5000000009 1.0000000180025095e-35 1.5000000000000002 1386510.5000000002 0.21942641782333594 1.0676065176143745 37.428571428571438 1.0000000180025095e-35 25540032.000000004 1.7386391400702291e-05 2568720.5000000005 3052001.5000000005 1954173.5000000002 298234.50000000006 185041.50000000003 0.028692104949705137 0.0047233726146460485 0.0037621899321882229
decision_type=2 2 2 2 2 2 2 2 2 2 2 2 2 2 2 2 2 2 2 2 2 2 2
left_child=1 3 -3 5 -5 6 8 -8 9 14 19 -12 -7 -14 -1 17 -17 18 20 -11 21 -16 -19
right_child=-2 2 -4 4 -6 12 7 -9 -10 10 11 -13 13 -15 15 16 -18 22 -20 -21 -22 -23 -24
leaf_value=0.094367553138739887 -0.039170447946937692 -0.072314469677295448 0.0015886114839303467 -0.014918145469662214 0.11108294893071502 -0.0040908745986257605 -0.078431819190220159 0.054289040897302604 -0.0078689850902073036 0.00052466370088950505 0.18464354105485584 0.092717244929355055 0.061114397667257951 0.080110619511866335 0.10630990823267723 0.011559987821878082 0.1343696168238438 0.093945269296526135 0.09151210227150984 -0.11090362562669931 0.12444074450223895 0.11260293121567813 0.092698283445513147
leaf_weight=55 39 22 21 35 36 39 21 38 20 29 28 25 29 23 22 36 27 35 32 21 22 20 21
leaf_count=55 39 22 21 35 36 39 21 38 20 29 28 25 29 23 22 36 27 35 32 21 22 20 21
internal_value=0 0.00106258 -0.00275068 0.00132964 0.00023618 0.00147261 0.00164414 0.000435122 0.00182564 0.00193782 0.00105933 0.00177135 0.000620624 0.00113612 0.00227295 0.00211375 0.00146977 0.00238066 0.00208045 0.000304583 0.00260395 0.00289066 0.0028953
internal_weight=0 657 43 614 71 543 452 59 393 373 103 53 91 52 270 215 63 152 96 50 64 42 56
internal_count=696 657 43 614 71 543 452 59 393 373 103 53 91 52 270 215 63 152 96 50 64 42 56
is_linear=0
shrinkage=0.1


Tree=31
num_leaves=25
num_cat=0
split_feature=1 48 3 48 3 70 1 25 3 27 26 3 3 3 3 3 3 5 70 1 1 1 1 5
split_gain=0.0884005 0.0823055 0.0612664 0.0374333 0.0274365 0.0171095 0.0118605 0.00894759 0.00685679 0.0105 0.005432 0.00521811 0.0036761 0.0027694 0.00297146 0.0024182 0.0039228 0.00185676 0.00171054 0.00159532 0.00110256 0.00105178 0.000860519 0.000364096
threshold=82083.500000000015 1.5807420630985789 0.13922586388981004 0.048847526057251123 0.0088053097345132756 81.000000000000014 4345710.5000000009 1.0000000180025095e-35 1.0676065176143745 50.746428571428574 0.0088053097345132756 0.0088931871709935807 37.428571428571438 0.024358926698213167 0.21942641782333594 7.4306416939442266e-06 3.9062135041376959e-05 1.0000000180025095e-35 48.000000000000007 2568720.5000000005 1954173.5000000002 25540032.000000004 1954173.5000000002 1.0000000180025095e-35
decision_type=2 2 2 2 2 2 2 2 2 2 2 2 2 2 2 2 2 2 2 2 2 2 2 2
left_child=2 3 4 6 5 18 7 11 9 -4 -9 15 -10 -13 22 -2 -17 -8 -1 20 23 -19 -15 -18
right_child=1 -3 8 -5 -6 -7 17 10 12 -11 -12 13 -14 14 -16 16 19 21 -20 -21 -22 -23 -24 -25
leaf_value=0.036464277682779669 0.083066788310305395 0.030291787876787879 -0.00082068093332576808 -0.015405868680580959 -0.038719339962678671 -0.14270961491377251 -0.0036817871387633261 -0.070588637271198004 0.063248883236161652 0.044816850096134786 0.033861296592157329 0.083428455100961696 0.083445520436419687 0.11199667005201519 0.015411739892149079 0.081923086843535498 0.082626053324103318 0.055002957900532223 -0.0013233689473746146 0.055699751640469232 0.083428455100961696 0.05660980391490647 0.19695944396790283 0.0674560931728692
leaf_weight=21 40 20 37 26 34 39 39 20 26 20 34 20 25 24 25 22 20 29 32 31 45 22 24 21
leaf_count=21 40 20 37 26 34 39 39 20 26 20 34 20 25 24 25 22 20 29 32 31 45 22 24 21
internal_value=0 0.00152279 -0.000862836 0.00123887 -0.0023609 -0.00146383 0.00146894 0.0017495 0.000884904 0.000131208 0.000573701 0.00198293 0.00172727 0.00137527 0.0016609 0.00229864 0.00210147 0.000452712 -0.000294012 0.00233183 0.00255352 0.000849907 0.00212134 0.00217841
internal_weight=0 462 234 442 126 92 416 326 108 57 54 272 51 93 73 179 139 90 53 117 86 51 48 41
internal_count=696 462 234 442 126 92 416 326 108 57 54 272 51 93 73 179 139 90 53 117 86 51 48 41
is_linear=0
shrinkage=0.1


Tree=32
num_leaves=23
num_cat=0
split_feature=48 27 68 70 49 1 27 3 49 25 3 1 5 3 3 3 3 1 1 3 1 3
split_gain=0.0757429 0.0747822 0.00830887 0.0336681 0.00896908 0.0113194 0.00848716 0.00766506 0.00304466 0.0029972 0.00207117 0.00323847 0.00195899 0.0018132 0.00320494 0.00353809 0.00391775 0.00150549 0.00149045 0.000912306 0.000363521 0.000156581
threshold=0.492157898488434 0.8264466354889638 1.0000000180025095e-35 81.000000000000014 1386510.5000000002 4345710.5000000009 0.13821027502478758 0.0088931871709935807 43408594.000000007 1.0000000180025095e-35 1.7386391400702291e-05 2568720.5000000005 1.0000000180025095e-35 0.028990083005030132 0.21942641782333594 1.0676065176143745 37.428571428571438 185041.50000000003 1954173.5000000002 2.325408064395916e-05 1954173.5000000002 0.001109964885657279
decision_type=2 2 2 2 2 2 2 2 2 2 2 2 2 2 2 2 2 2 2 2 2 2
left_child=1 2 4 -4 5 6 7 9 -2 10 -1 18 -7 -9 20 17 -17 -16 21 -14 -15 -12
right_child=8 -3 3 -5 -6 12 -8 13 -10 -11 11 -13 19 14 15 16 -18 -19 -20 -21 -22 -23
leaf_value=0.076624118993835574 -0.034847405966410783 -0.035121066257506509 -0.017072758690973976 0.11424561552902085 -0.00064849185097308752 -0.0033136084248869936 -0.010201435573881847 0.075085609590865243 -0.0015994284521414492 0.045474007148356678 0.065408290233774133 0.050061396902062683 0.042040917867431207 0.16611175640779977 0.00055426542413314903 0.15985429862575418 0.075100968392777648 -0.10135443705324398 0.075085609590865243 0.050948823523415857 0.20284327728084578 0.074098286711948444
leaf_weight=55 20 39 35 36 36 39 25 37 20 23 20 38 20 30 30 28 25 21 45 29 21 24
leaf_count=55 20 39 35 36 36 39 25 37 20 23 20 38 20 30 30 28 25 21 45 29 21 24
internal_value=0 0.000985389 0.00125382 0.00023618 0.00138615 0.00149384 0.00170897 0.00182151 -0.00349684 0.00224675 0.00238268 0.00216068 0.000462162 0.00136748 0.00151762 0.00119919 0.00177135 0.000604595 0.00249064 0.000883091 0.00216696 0.00207679
internal_weight=0 656 617 71 546 510 422 397 40 205 182 127 88 192 155 104 53 51 89 49 51 44
internal_count=696 656 617 71 546 510 422 397 40 205 182 127 88 192 155 104 53 51 89 49 51 44
is_linear=0
shrinkage=0.1


Tree=33
num_leaves=25
num_cat=0
split_feature=48 27 49 68 70 49 1 27 3 25 1 1 3 3 3 3 1 5 3 1 1 3 1 3
split_gain=0.0783554 0.0723014 0.032995 0.00974309 0.0139462 0.00722939 0.00970609 0.00763667 0.0101158 0.00280563 0.00266155 0.0126164 0.00239177 0.00403368 0.00391775 0.00210151 0.00218321 0.00195899 0.00169591 0.00104599 0.00123373 0.000912306 0.000252435 6.93889e-18
threshold=0.34790429800275396 0.8264466354889638 45742290.000000007 1.0000000180025095e-35 65.000000000000014 1386510.5000000002 4345710.5000000009 0.13821027502478758 0.0088931871709935807 1.0000000180025095e-35 2568720.5000000005 3052001.5000000005 1.0676065176143745 0.35754236806108769 37.428571428571438 0.039341600125051841 15055.000000000002 1.0000000180025095e-35 0.13922586388981004 1954173.5000000002 185041.50000000003 2.325408064395916e-05 1140689.0000000002 0.0018962832899506266
decision_type=2 2 2 2 2 2 2 2 2 2 2 2 2 2 2 2 2 2 2 2 2 2 2 2
left_child=1 3 -2 5 -5 6 7 8 9 10 19 -12 13 15 -14 22 -17 -8 -18 20 -1 -19 -10 -21
right_child=2 -3 -4 4 -6 -7 17 -9 12 -11 11 -13 14 -15 -16 16 18 21 -20 23 -22 -23 -24 -25
leaf_value=0.17688098942063421 -0.057726348116656917 -0.031608959631755876 -0.00057866999477909078 -0.018470846688275522 0.053319253439009451 -0.0025742438873805895 -0.0029822475823984007 -0.009181292016493715 0.028531816795354104 0.040926606433520973 -0.00017212581456291787 0.066669051148544156 0.14386886876317889 -0.091218993347919775 0.067590871553500173 0.00049883888171979866 0.14521235648502681 0.037836826080688016 0.15493422712411303 0.068699335897690617 0.066688458040753323 0.045853941171074199 0.067577048631778783 0.067577048631778783
leaf_weight=23 22 39 21 32 39 34 39 25 22 23 21 37 28 27 25 21 25 20 20 41 39 29 23 21
leaf_count=23 22 39 21 32 39 34 39 25 22 23 21 37 28 27 25 21 25 20 20 41 39 29 23 21
internal_value=0 0.00091375 -0.0034933 0.00117894 7.73167e-05 0.00132299 0.00141729 0.00161694 0.00172395 0.00221181 0.00234332 0.00178417 0.00120034 0.000981035 0.00177135 0.00124768 0.00160696 0.000462162 0.00199986 0.00260486 0.00231442 0.000883091 0.000720728 0.0028953
internal_weight=0 653 43 614 71 543 509 421 396 205 182 58 191 138 53 111 66 88 45 124 62 49 45 62
internal_count=696 653 43 614 71 543 509 421 396 205 182 58 191 138 53 111 66 88 45 124 62 49 45 62
is_linear=0
shrinkage=0.1


Tree=34
num_leaves=25
num_cat=0
split_feature=68 48 70 49 1 3 26 27 3 1 3 3 1 3 1 1 5 25 1 1 1 3 49 3
split_gain=0.0672395 0.051014 0.00869247 0.00803865 0.00934082 0.00891477 0.0100073 0.00751719 0.00491494 0.0105174 0.00391775 0.00282321 0.00319126 0.00358949 0.00240366 0.0114638 0.00195899 0.00163426 0.00135014 0.00104599 0.00123373 0.000912306 0.000226383 6.93889e-18
threshold=1.0000000180025095e-35 0.492157898488434 81.000000000000014 1386510.5000000002 4345710.5000000009 0.0088931871709935807 0.055768929212438714 50.746428571428574 1.0676065176143745 9.5000000000000018 37.428571428571438 0.039341600125051841 185041.50000000003 0.21942641782333594 2568720.5000000005 3052001.5000000005 1.0000000180025095e-35 1.0000000180025095e-35 1140689.0000000002 1954173.5000000002 185041.50000000003 2.325408064395916e-05 43408594.000000007 0.0018962832899506266
decision_type=2 2 2 2 2 2 2 2 2 2 2 2 2 2 2 2 2 2 2 2 2 2 2 2
left_child=1 3 -2 4 5 6 14 8 9 -7 -10 18 -13 -14 17 -16 -6 19 -11 20 -1 -18 -3 -21
right_child=2 22 -4 -5 16 7 -8 -9 10 11 -12 12 13 -15 15 -17 21 -19 -20 23 -22 -23 -24 -25
leaf_value=0.15919289047857108 -0.0048156815274407634 -0.025590030558104007 -0.14519514031919806 -0.00052577566639797622 -0.0026840228241585607 -0.083865723232321804 0.0077820581744910914 0.047008167675447514 0.12948198188686108 -0.0059277984866383804 0.06083178439815029 0.29010072863107139 0.1366285805318114 -0.082097094013127869 -0.00015491323310676819 0.060002146033689745 0.034053143472619139 0.044179336109993278 0.060819343768601188 0.061829402307921555 0.060019612236678205 0.041268547053966743 -0.0013816186074494753 0.060819343768601188
leaf_weight=23 44 20 39 36 39 23 23 20 28 24 25 22 33 21 21 39 20 23 23 41 39 29 20 21
leaf_count=23 44 20 39 36 39 23 23 20 28 24 25 22 33 21 21 39 20 23 23 41 39 29 20 21
internal_value=0 0.00106623 -0.00196659 0.00130726 0.00140424 0.00158888 0.00202368 0.00113224 0.000946504 0.000647075 0.00177135 0.0010141 0.00139085 0.000977245 0.00224355 0.00171018 0.000462162 0.00246126 0.000404872 0.00260486 0.00231442 0.000883091 -0.00238649 0.0028953
internal_weight=0 613 83 573 537 449 230 219 199 146 53 123 76 54 207 60 88 147 47 124 62 49 40 62
internal_count=696 613 83 573 537 449 230 219 199 146 53 123 76 54 207 60 88 147 47 124 62 49 40 62
is_linear=0
shrinkage=0.1


Tree=35
num_leaves=24
num_cat=0
split_feature=26 48 1 49 68 70 1 49 3 25 1 1 1 3 3 3 1 3 3 1 1 3 3
split_gain=0.0621484 0.044429 0.0427152 0.0192646 0.00789587 0.0336681 0.00943773 0.0118613 0.00932614 0.0046588 0.00413992 0.00266155 0.0126164 0.00217259 0.0017934 0.0023447 0.00162469 0.00150932 0.00115263 0.00104599 0.00123373 0.000471934 6.93889e-18
threshold=0.15177519287480271 0.34790429800275396 5.5000000000000009 45742290.000000007 1.0000000180025095e-35 81.000000000000014 4345710.5000000009 1386510.5000000002 0.0088931871709935807 1.0000000180025095e-35 9.5000000000000018 2568720.5000000005 3052001.5000000005 0.034843285551850255 0.001109964885657279 1.2888720714562938e-05 1140689.0000000002 1.0000000019163486 0.13922586388981004 1954173.5000000002 185041.50000000003 1.0676065176143745 0.0018962832899506266
decision_type=2 2 2 2 2 2 2 2 2 2 2 2 2 2 2 2 2 2 2 2 2 2 2
left_child=1 4 -2 -3 6 -6 7 8 9 11 21 19 -13 16 15 -8 -12 18 -15 20 -1 -10 -21
right_child=2 3 -4 -5 5 -7 14 -9 10 -11 13 12 -14 17 -16 -17 -18 -19 -20 22 -22 -23 -24
leaf_value=0.14327360143071388 -0.067605044569392092 -0.04939471024918083 0.020205152363800317 0.011646109557363449 -0.013036830000304889 0.11200864266413771 0.052745431728511608 -0.0022642419320026974 0.0085086077611158835 0.039625027071747712 -0.0053350186379745425 -0.00013942190979605585 0.054001931430320838 0.13018374452884915 0.065640192667171957 -0.0030722875611129299 0.05473740939174121 0.013603479984966072 0.15340266878716804 0.055646462077129401 0.054017651013010239 0.05474860595833491 0.05473740939174121
leaf_weight=23 31 22 26 20 35 36 21 31 22 26 21 21 37 38 37 33 20 36 39 41 39 20 21
leaf_count=23 31 22 26 20 35 36 21 31 22 26 21 21 37 38 37 33 20 36 39 41 39 20 21
internal_value=0 0.00100488 -0.00244125 -0.00213885 0.00122605 0.00023618 0.00135966 0.0015534 0.00169805 0.00216444 0.00120309 0.00234332 0.00178417 0.000963081 0.000433545 6.60748e-05 0.000339525 0.00118933 0.00143922 0.00260486 0.00231442 0.00208314 0.0028953
internal_weight=0 639 57 42 597 71 526 435 404 208 196 182 58 154 91 54 41 113 77 124 62 42 62
internal_count=696 639 57 42 597 71 526 435 404 208 196 182 58 154 91 54 41 113 77 124 62 42 62
is_linear=0
shrinkage=0.1


Tree=36
num_leaves=24
num_cat=0
split_feature=68 48 49 70 1 49 1 1 1 27 27 3 1 3 3 3 3 3 1 3 3 3 3
split_gain=0.0648859 0.0557814 0.0133338 0.00869247 0.00766161 0.0103392 0.00630616 0.0140126 0.011464 0.00712159 0.0125385 0.00646094 0.00290769 0.00449223 0.0017934 0.0023447 0.00143847 0.0039367 0.00213707 0.000668027 6.99037e-05 3.45145e-05 6.93889e-18
threshold=1.0000000180025095e-35 0.34790429800275396 45742290.000000007 81.000000000000014 4345710.5000000009 1386510.5000000002 3052001.5000000005 2568720.5000000005 1954173.5000000002 50.746428571428574 0.13821027502478758 7.6858321963803462e-06 185041.50000000003 0.019307541272722661 0.001109964885657279 1.2888720714562938e-05 37.428571428571438 0.76471812023199681 65.500000000000014 4.5412177421341777e-05 0.0092519101300880761 2.325408064395916e-05 0.0037621899321882229
decision_type=2 2 2 2 2 2 2 2 2 2 2 2 2 2 2 2 2 2 2 2 2 2 2
left_child=1 4 -3 -2 5 6 7 8 9 10 11 -1 16 -14 15 -6 17 18 -13 -10 -9 -8 -21
right_child=3 2 -4 -5 14 -7 21 20 19 -11 -12 12 13 -15 -16 -17 -18 -19 -20 22 -22 -23 -24
leaf_value=0.11775690760431914 -0.00303043037466626 -0.044455239224262755 -0.0015472520902926946 -0.14187649055369214 0.047470888555660555 -0.0020378177388025165 0.048601738287288754 -0.0001254797188163792 0.048692362482745472 0.049067855364842039 -0.013507373517604115 0.0076577469850043663 0.048302354517326763 -0.0048015167741773728 0.059076173400454839 -0.0027650588050015302 0.049273745362501134 0.16636106212125767 0.096058266132479281 0.050081815869416603 -0.051534785023219599 0.092289227425951026 0.049263668452567091
leaf_weight=33 44 22 21 39 21 31 20 21 20 21 30 26 39 39 37 33 25 28 40 34 21 29 22
leaf_count=33 44 22 21 39 21 31 20 21 20 21 30 26 39 39 37 33 25 28 40 34 21 29 22
internal_value=0 0.00101268 -0.00246042 -0.00196659 0.00127469 0.00143449 0.0015567 0.00142522 0.00162849 0.00133378 0.00119071 0.00144151 0.00122459 0.000750054 0.000433545 6.60748e-05 0.00153563 0.00171493 0.00129342 0.00271812 -0.000302535 0.00262731 0.0028953
internal_weight=0 613 43 83 570 479 448 399 357 281 260 230 197 78 91 54 119 94 66 76 42 49 56
internal_count=696 613 43 83 570 479 448 399 357 281 260 230 197 78 91 54 119 94 66 76 42 49 56
is_linear=0
shrinkage=0.1


Tree=37
num_leaves=25
num_cat=0
split_feature=26 1 48 49 10 1 1 70 3 3 3 3 3 3 1 1 3 3 1 25 3 68 3 3
split_gain=0.0563252 0.0427152 0.0398764 0.0192646 0.00864695 0.00875638 0.0214785 0.0142744 0.0266132 0.00833699 0.00728272 0.00857184 0.00628013 0.00739239 0.0045402 0.0109328 0.00690823 0.00310135 0.00272482 0.00247409 0.00225711 0.00166427 0.00118374 0.00021543
threshold=0.15177519287480271 5.5000000000000009 0.34790429800275396 45742290.000000007 1.0000000180025095e-35 1140689.0000000002 2568720.5000000005 81.000000000000014 0.00026329021343219228 0.2808907826590829 0.13922586388981004 0.019307541272722661 58.131858407079655 5.2761799410029502 3052001.5000000005 4345710.5000000009 0.018927733181247301 0.51766517296966874 1954173.5000000002 1.0000000180025095e-35 0.001109964885657279 1.0000000180025095e-35 0.00011148073849118199 0.00038018127697725596
decision_type=2 2 2 2 2 2 2 2 2 2 2 2 2 2 2 2 2 2 2 2 2 2 2 2
left_child=2 -2 4 -4 5 7 18 8 21 10 11 -10 13 17 16 23 -8 -11 -7 -6 22 -1 -17 -16
right_child=1 -3 3 -5 19 6 14 -9 9 12 -12 -13 -14 -15 15 20 -18 -19 -20 -21 -22 -23 -24 -25
leaf_value=-0.0087471075721879295 -0.065751325648937001 0.019535374479180592 -0.040009715301836481 0.010636223810656365 0.04382312623447078 0.053376523639867203 -0.062724716436522596 0.11499542745309306 0.031266847251427525 -0.077095786383701542 0.0072188918421680626 -0.0043213650967594223 0.048460883423588542 -0.0043929742256565872 0.043024361616771506 0.040734237584313965 0.07292143697725316 0.14972495590913157 0.044337301607310309 0.02388683360414099 0.053168556060409246 -0.011430103962807792 -0.018573184777417141 0.090690193336503466
leaf_weight=28 31 26 22 20 29 28 29 36 29 21 21 34 21 20 21 32 22 25 67 20 37 35 20 22
leaf_count=28 31 26 22 20 29 28 29 36 29 21 21 34 21 20 21 32 22 25 67 20 37 35 20 22
internal_value=0 -0.00244125 0.000839458 -0.00213885 0.00104899 0.000935185 0.00132913 0.000529572 0.000244378 0.000891688 0.00160229 0.00106471 0.00020559 -0.000273661 0.000695818 0.00100542 -0.000105517 0.00042418 0.00254908 0.00232172 0.000372841 -0.00151261 -5.19557e-05 0.00231473
internal_weight=0 57 639 42 597 548 278 270 234 171 84 63 87 66 183 132 51 46 95 49 89 63 52 43
internal_count=696 57 639 42 597 548 278 270 234 171 84 63 87 66 183 132 51 46 95 49 89 63 52 43
is_linear=0
shrinkage=0.1


Tree=38
num_leaves=26
num_cat=0
split_feature=26 48 49 1 1 3 3 3 27 10 70 1 1 3 1 3 3 1 3 3 70 3 3 3 3
split_gain=0.0547453 0.036988 0.0192646 0.0131327 0.0173051 0.00560138 0.00866748 0.00795586 0.00633112 0.0129857 0.00841768 0.00459789 0.012713 0.00553229 0.00403973 0.00539377 0.00428108 0.00203589 0.0017934 0.0023447 0.00135274 0.000713457 0.000668027 0.000371219 6.93889e-18
threshold=0.25712083558513515 0.34790429800275396 45742290.000000007 1140689.0000000002 2568720.5000000005 0.00029965823842806593 7.6858321963803462e-06 0.019307541272722661 0.034644213365461154 1.0000000180025095e-35 81.000000000000014 3052001.5000000005 4345710.5000000009 0.018927733181247301 15.000000000000002 1.0000000091703745 0.13922586388981004 1954173.5000000002 0.001109964885657279 1.2888720714562938e-05 48.000000000000007 0.76471812023199681 4.5412177421341777e-05 0.00038018127697725596 0.0037621899321882229
decision_type=2 2 2 2 2 2 2 2 2 2 2 2 2 2 2 2 2 2 2 2 2 2 2 2 2
left_child=1 3 -3 5 17 6 8 -7 9 10 20 13 23 -6 21 16 -16 -5 19 -14 -1 -9 -19 -13 -24
right_child=-2 2 -4 4 11 7 -8 14 -10 -11 -12 12 18 -15 15 -17 -18 22 -20 -21 -22 -23 24 -25 -26
leaf_value=-0.00095932520770354308 -0.033981898708489847 -0.0360087437716528 0.0095726014295907554 0.048038871275880447 -0.056452244792870233 0.040658965734833435 -0.012185513947748562 0.0054053918463766951 -0.032550628331286371 0.11278823790376365 0.10349588470778369 0.039359251835112734 0.038650375941663033 0.065629293279527809 -0.0038892285870836931 -0.0039536768030906449 0.099705689790013 0.039440813611023633 0.04785170045436829 -0.0065619766829328801 -0.013392457432926009 0.079450321299302837 0.040639904121744057 0.081621174002852834 0.039903571446579633
leaf_weight=20 23 22 20 28 29 26 22 44 25 22 36 29 21 22 34 31 25 20 37 33 24 25 34 22 22
leaf_count=20 23 22 20 28 29 26 22 44 25 22 36 29 21 22 34 31 25 20 37 33 24 25 34 22 22
internal_value=0 0.000734659 -0.00213885 0.000925922 0.00140971 0.000495726 3.94088e-05 0.000863246 0.00035685 0.000706399 0.000114701 0.000849378 0.00114189 3.49369e-05 0.000598063 0.000156715 0.000717866 0.00244956 0.000433545 6.60748e-05 -0.000813145 0.00117373 0.00271812 0.0024058 0.0028953
internal_weight=0 673 42 631 297 334 149 185 127 102 80 193 142 51 159 90 59 104 91 54 44 69 76 51 56
internal_count=696 673 42 631 297 334 149 185 127 102 80 193 142 51 159 90 59 104 91 54 44 69 76 51 56
is_linear=0
shrinkage=0.1


Tree=39
num_leaves=26
num_cat=0
split_feature=26 48 49 1 1 26 26 3 70 3 3 3 3 3 3 68 3 3 3 3 1 1 3 3 3
split_gain=0.0547335 0.0369743 0.0192646 0.0124482 0.0177522 0.00500515 0.0133178 0.00546135 0.00885552 0.00746099 0.00628013 0.00739239 0.00454938 0.00605528 0.00404848 0.010331 0.00326535 0.00310135 0.00291013 0.00522119 0.00277983 0.00203589 0.000813903 0.000668027 6.93889e-18
threshold=0.25712083558513515 0.34790429800275396 45742290.000000007 1140689.0000000002 2568720.5000000005 0.15177519287480271 3.6383723723400647e-05 0.00029965823842806593 81.000000000000014 0.2808907826590829 58.131858407079655 5.2761799410029502 1.0929061987618111e-05 0.00078629042081069329 7.6858321963803462e-06 1.0000000180025095e-35 0.0063766011260046303 0.51766517296966874 0.0056188674499033356 0.067966594320479731 3052001.5000000005 1954173.5000000002 0.00010502435536222789 4.5412177421341777e-05 0.0037621899321882229
decision_type=2 2 2 2 2 2 2 2 2 2 2 2 2 2 2 2 2 2 2 2 2 2 2 2 2
left_child=1 3 -3 5 21 6 7 8 14 18 11 17 -6 22 15 -1 -15 -11 -9 -20 -18 -5 -14 -23 -25
right_child=-2 2 -4 4 12 -7 -8 9 -10 10 -12 -13 13 16 -16 -17 20 -19 19 -21 -22 23 -24 24 -26
leaf_value=0.10150941411338721 -0.030583708837640878 -0.032407869394487497 0.0086153412866316614 0.043234984148292459 0.035425474457967003 -0.0084096211317026721 0.010219326453350421 0.024074265952801002 0.093146296237005377 -0.069926746929969141 0.044010162761539108 -0.0035583091227813671 0.0091677794474158258 0.065829167949419801 -0.010966962552973671 -0.01019116104575666 -0.044155791968756478 0.13514782799852795 0.018020149583416512 0.0080256265015407283 0.055847623505985315 0.035496732249921337 -0.016059668631382352 0.036575913709569363 0.035913214301921674
leaf_weight=25 23 22 20 28 39 34 20 21 36 21 21 20 27 32 22 35 28 25 31 23 37 20 30 34 22
leaf_count=25 23 22 20 28 39 34 20 21 36 21 21 20 27 32 22 35 28 25 31 23 37 20 30 34 22
internal_value=0 0.000734125 -0.00213885 0.000925353 0.00139637 0.000506518 0.000636838 0.000458768 -5.87042e-05 0.000835693 0.00020559 -0.000273661 0.000828842 0.000584516 -0.000632702 -0.000207226 0.0010652 0.00042418 0.00156661 0.00117816 0.000658102 0.00244956 -0.000233488 0.00271812 0.0028953
internal_weight=0 673 42 631 297 334 300 280 118 162 87 66 193 154 82 60 97 46 75 54 65 104 57 76 56
internal_count=696 673 42 631 297 334 300 280 118 162 87 66 193 154 82 60 97 46 75 54 65 104 57 76 56
is_linear=0
shrinkage=0.1


Tree=40
num_leaves=25
num_cat=0
split_feature=70 26 48 49 26 10 1 1 3 3 1 3 5 3 1 1 1 3 25 1 1 3 3 3
split_gain=0.0727433 0.0340432 0.0374754 0.0192646 0.00917668 0.00870285 0.0078503 0.0230257 0.012065 0.00776923 0.00668747 0.00545525 0.0053853 0.00342571 0.00272482 0.00250556 0.00895804 0.00553229 0.00247409 0.00241 0.00211164 0.00237585 0.0010811 0.000341224
threshold=81.000000000000014 0.25712083558513515 0.34790429800275396 45742290.000000007 0.15177519287480271 1.0000000180025095e-35 1140689.0000000002 2568720.5000000005 0.00029000521726168295 0.019307541272722661 5.5000000000000009 5.2761799410029502 1.0000000180025095e-35 0.067966594320479731 1954173.5000000002 3052001.5000000005 4345710.5000000009 0.018927733181247301 1.0000000180025095e-35 134628.00000000003 25540032.000000004 0.001109964885657279 0.00038018127697725596 0.00041137884763863978
decision_type=2 2 2 2 2 2 2 2 2 2 2 2 2 2 2 2 2 2 2 2 2 2 2 2
left_child=1 2 4 -4 5 6 8 14 12 -10 -11 13 -1 -12 -8 17 23 -9 -7 -15 22 -22 -18 -17
right_child=-2 -3 3 -5 -6 18 7 15 9 10 11 -13 -14 19 -16 16 20 -19 -20 -21 21 -23 -24 -25
leaf_value=-0.0091720449411809568 -0.15885260233811122 0.060067661470084577 -0.029167082455038785 0.0077538071579684956 -0.0075686590185323867 0.031947059024929558 0.038911485733463286 -0.04920105345044519 0.021666839357521187 0.25548583536745006 -0.005302320686716655 -0.0032024782105033013 -0.0098702662976762681 0.068555970886163928 0.032321892871729575 0.031243452825786024 0.012702383725454781 0.063481943148450529 0.009197393808015519 0.0056786331766126357 0.0091451882985456485 0.050262861155386855 -0.0060561024933992519 0.075065023465705857
leaf_weight=43 39 20 22 20 34 29 28 29 27 24 30 33 22 33 67 22 24 22 20 22 22 21 22 21
leaf_count=43 39 20 22 20 34 29 28 29 27 24 30 33 22 33 67 22 24 22 20 22 22 21 22 21
internal_value=0 0.000875633 0.000748084 -0.00213885 0.000951868 0.00104855 0.000926703 0.00128595 0.000499904 0.000945221 0.000649568 0.000340074 -0.00065792 0.000763731 0.00254908 0.000630227 0.000860226 3.49369e-05 0.00232172 0.00123259 0.000287616 0.000791418 -0.000183329 0.0020454
internal_weight=0 657 637 42 595 561 512 278 234 169 142 118 65 85 95 183 132 51 49 55 89 43 46 43
internal_count=696 657 637 42 595 561 512 278 234 169 142 118 65 85 95 183 132 51 49 55 89 43 46 43
is_linear=0
shrinkage=0.1


Tree=41
num_leaves=24
num_cat=0
split_feature=26 27 3 48 49 1 1 70 3 3 3 3 3 3 3 3 1 3 1 3 68 3 3
split_gain=0.0603468 0.0651531 0.0383626 0.102468 0.0547421 0.0108157 0.0138835 0.00615929 0.00559789 0.00744227 0.00599776 0.0101422 0.00548017 0.00588445 0.00323594 0.00532526 0.00396551 0.00994429 0.00195932 0.0032916 0.00166191 0.000813903 0.000623293
threshold=0.087237809735689315 50.746428571428574 0.0088053097345132756 0.34790429800275396 18070405.500000004 134628.00000000003 2568720.5000000005 65.000000000000014 0.23962683332253795 58.131858407079655 1.0000000055394451 0.37446233356170505 1.0929061987618111e-05 0.00078629042081069329 0.11220817986044812 0.056677163293293815 1140689.0000000002 0.022652445645338439 1954173.5000000002 1.7386391400702291e-05 1.0000000180025095e-35 0.00010502435536222789 4.5412177421341777e-05
decision_type=2 2 2 2 2 2 2 2 2 2 2 2 2 2 2 2 2 2 2 2 2 2 2
left_child=2 -2 4 8 5 7 18 20 14 10 11 -10 -8 21 15 16 -4 -18 19 -7 -1 -14 -20
right_child=1 -3 3 -5 -6 6 12 -9 9 -11 -12 -13 13 -15 -16 -17 17 -19 22 -21 -22 -23 -24
leaf_value=0.012216212845029162 -0.044817431239237676 0.051793491223637571 0.016748366693746419 -0.040783490975047347 0.048581839729508053 0.033545694914893787 0.028690392780558228 0.050215126310006575 -0.020721602269249573 0.039929394306435745 -0.0036805634692603562 0.25183447273563714 0.0051266562200957821 0.05173974880790766 0.062850591760094152 -0.0085218068985319917 0.029089703584556759 0.057133748833605585 0.028752353122436604 0.019500155421768996 -0.010116891090939628 -0.015723940140789594 0.029089703584556759
leaf_weight=38 40 20 29 25 21 21 39 39 23 21 38 29 27 31 20 28 24 22 20 35 32 30 44
leaf_count=38 40 20 29 25 21 21 39 39 23 21 38 29 27 31 20 28 24 22 20 35 32 30 44
internal_value=0 -0.00249921 0.000818419 -0.000118595 0.00146215 0.00116948 0.00153564 0.000339751 0.000531544 1.66764e-05 -0.000378854 0.000318998 0.000806871 0.000369564 0.00099618 0.000770162 0.0012095 0.00178685 0.00230692 0.00187494 -0.000221343 -0.000233488 0.0026849
internal_weight=0 60 636 259 377 356 247 109 234 111 90 52 127 88 123 103 75 46 120 56 70 57 64
internal_count=696 60 636 259 377 356 247 109 234 111 90 52 127 88 123 103 75 46 120 56 70 57 64
is_linear=0
shrinkage=0.1


Tree=42
num_leaves=28
num_cat=0
split_feature=26 27 3 3 49 47 1 1 25 70 3 3 1 68 3 3 1 1 5 3 1 3 3 3 3 3 1
split_gain=0.0580589 0.0651531 0.0302967 0.0878023 0.0577653 0.0215786 0.0144137 0.0108951 0.0109 0.00748761 0.00547544 0.0168019 0.00531851 0.00433219 0.00343285 0.00543375 0.00382162 0.00267265 0.00369069 0.00292838 0.00192964 0.00090782 0.00245985 0.000591441 0.000436367 1.66857e-05 6.93889e-18
threshold=0.087237809735689315 50.746428571428574 0.0088053097345132756 0.018927733181247301 18070405.500000004 4.5000000000000009 134628.00000000003 4345710.5000000009 1.0000000180025095e-35 81.000000000000014 58.131858407079655 1.0000000055394451 65.500000000000014 1.0000000180025095e-35 1.7386391400702291e-05 0.00078629042081069329 2568720.5000000005 4345710.5000000009 1.0000000180025095e-35 0.13922586388981004 82083.500000000015 1.2888720714562938e-05 0.00029000521726168295 0.0020685921948375399 0.0040190174313929619 5.2761799410029502 2568720.5000000005
decision_type=2 2 2 2 2 2 2 2 2 2 2 2 2 2 2 2 2 2 2 2 2 2 2 2 2 2 2
left_child=2 -2 4 -4 6 10 9 8 14 13 11 12 -5 -1 26 16 -16 18 19 -14 -20 -9 -23 -17 -25 -13 -8
right_child=1 -3 3 5 -6 -7 7 21 -10 -11 -12 25 17 -15 15 23 -18 -19 20 -21 -22 22 -24 24 -26 -27 -28
leaf_value=0.010994591560526602 -0.04033568811531385 0.046614142101273792 -0.17670830965788778 -0.018649442042324615 0.043723655756557282 0.029306962276756467 0.027125523449393542 0.027103513251098832 -0.0022859299568537494 0.094695414216115381 0.035936454875792383 -0.0033125071223343741 0.052872255963967163 -0.0072431513379688896 0.028566434945543052 0.030068943088141255 0.0046139905980865595 -0.0025080145651926958 0.084326879328570928 0.085481932260885074 -0.0011742893170584524 -0.014151546126710457 0.042502785178578507 0.025370759536541245 0.026180733226101441 -0.0025141740425269178 0.025873917352654985
leaf_weight=38 40 20 22 27 21 22 23 21 21 36 21 20 24 35 31 21 24 21 25 23 34 22 23 20 21 20 20
leaf_count=38 40 20 22 27 21 22 23 21 21 36 21 20 24 35 31 21 24 21 25 23 34 22 23 20 21 20 20
internal_value=0 -0.00249921 0.000754923 -7.77794e-05 0.00132699 0.000483191 0.00102635 0.00144905 0.0018501 6.85006e-05 0.00017796 1.19254e-05 0.00048622 -0.000513533 0.00213124 0.00185043 0.00112688 0.000757186 0.000961372 0.00162249 0.00043472 0.000349197 9.58405e-05 0.00249229 0.00227125 -0.00181411 0.0028953
internal_weight=0 60 636 259 377 237 356 247 181 109 215 194 154 73 160 117 55 127 106 47 59 66 45 62 41 40 43
internal_count=696 60 636 259 377 237 356 247 181 109 215 194 154 73 160 117 55 127 106 47 59 66 45 62 41 40 43
is_linear=0
shrinkage=0.1


Tree=43
num_leaves=25
num_cat=0
split_feature=70 26 1 3 3 50 47 25 1 3 3 70 3 1 3 3 3 1 1 5 1 3 3 3
split_gain=0.0652086 0.0381224 0.0323024 0.0331106 0.0279243 0.0241208 0.026426 0.0121897 0.0119538 0.0118201 0.0109231 0.00974576 0.00942738 0.00400414 0.00458903 0.0038682 0.00657411 0.00325235 0.003155 0.00152545 0.00151969 0.000524582 0.0005469 0.000405749
threshold=81.000000000000014 0.25712083558513515 82083.500000000015 0.026314090162737221 0.9842112643210662 0.20956265530777421 1.0000000180025095e-35 1.0000000180025095e-35 4345710.5000000009 0.23962683332253795 58.131858407079655 48.000000000000007 0.0088931871709935807 65.500000000000014 0.40996342442687478 1.7386391400702291e-05 0.00078629042081069329 2568720.5000000005 1140689.0000000002 1.0000000180025095e-35 2568720.5000000005 0.0020685921948375399 0.0037621899321882229 2.325408064395916e-05
decision_type=2 2 2 2 2 2 2 2 2 2 2 2 2 2 2 2 2 2 2 2 2 2 2 2
left_child=1 2 3 11 5 6 7 8 12 -5 13 -1 15 14 -11 -4 17 -17 -14 -10 -20 -18 -23 -21
right_child=-2 -3 4 9 -6 -7 -8 -9 19 10 -12 -13 18 -15 -16 16 21 -19 20 23 -22 22 -24 -25
leaf_value=-0.13319701590832636 -0.15745839615691218 0.062576207258531191 0.024412971104454329 0.002238226414501554 -0.0065726171274350879 0.042519929658457745 -0.019257857017110604 -0.0025222905530782216 -0.002257213108673284 -0.015816093825162272 0.032342809388212858 -0.0083808868480487863 -0.0010568603853528204 -0.0022627566382745104 0.12805983070256133 0.025778171025349652 0.027062048779327344 0.0041525915382777615 0.091506120701571811 0.0026512788655253419 0.068568565160286712 0.022833683582886979 0.02356265990349158 0.040110631818131286
leaf_weight=27 39 20 48 31 26 21 25 41 36 31 21 24 29 21 26 36 22 24 25 20 29 20 25 29
leaf_count=27 39 20 48 31 26 21 25 41 36 31 21 24 29 21 26 36 22 24 25 20 29 20 25 29
internal_value=0 0.000639128 0.000504153 -0.000626139 0.000952799 0.00114522 0.000975513 0.00118061 0.0013754 0.000221006 -0.000312577 -0.00278553 0.00171425 -0.000857603 -0.000422713 0.00213055 0.00184151 0.00108122 0.000836512 0.000346901 0.00128833 0.00252237 0.00232672 0.000710015
internal_weight=0 657 637 181 456 430 409 384 343 130 99 51 258 78 57 175 127 60 83 85 54 67 45 49
internal_count=696 657 637 181 456 430 409 384 343 130 99 51 258 78 57 175 127 60 83 85 54 67 45 49
is_linear=0
shrinkage=0.1


Tree=44
num_leaves=26
num_cat=0
split_feature=27 45 1 48 1 3 3 1 1 25 3 3 3 70 70 3 3 3 1 5 3 3 3 26 3
split_gain=0.0556352 0.0423827 0.0222044 0.0336037 0.0302353 0.0356844 0.00976848 0.00829752 0.0101153 0.00421207 0.00587734 0.00305541 0.00488831 0.0100938 0.00949658 0.00274462 0.00256432 0.00439823 0.002338 0.00227507 0.00079206 0.000591441 0.000436367 0.000410144 0.000206677
threshold=0.8264466354889638 6.7601182623124591e-07 15055.000000000002 0.13751583811582321 65.500000000000014 0.034843285551850255 0.30127312263560818 4345710.5000000009 134628.00000000003 1.0000000180025095e-35 0.0088931871709935807 0.76471812023199681 0.23962683332253795 48.000000000000007 81.000000000000014 0.072475054278223802 3.6938204895423783e-06 0.00078629042081069329 2568720.5000000005 1.0000000180025095e-35 0.00019575000739218483 0.0020685921948375399 0.0040190174313929619 0.15177519287480271 0.028692104949705137
decision_type=2 2 2 2 2 2 2 2 2 2 2 2 2 2 2 2 2 2 2 2 2 2 2 2 2
left_child=1 2 4 6 11 -6 7 8 -4 10 16 12 13 -1 -15 24 -10 18 -18 -9 -21 -19 -23 -11 -12
right_child=-2 -3 3 -5 5 -7 -8 19 9 23 15 -13 -14 14 -16 -17 17 21 -20 20 -22 22 -24 -25 -26
leaf_value=0.0068008653866606043 -0.0281655681218453 -0.0039123797311477306 -0.00095475230735875272 0.038267936692611929 -0.11987731431749374 0.03269755534509642 -0.046140185015580218 -0.0055016588304720674 0.020790492985910448 0.0054039069867176442 0.034700952121733054 0.029108528449391713 -0.015202888455575981 -0.0075427981632438801 0.10097171241019504 0.084127380662625484 0.023131974348453356 0.024355843901394537 0.0041823969004063603 0.024128034039436488 0.036099568636318226 0.020550315224598138 0.021206393913142565 0.018000968863419332 0.040728173851541885
leaf_weight=21 39 33 32 20 23 34 21 34 31 24 21 27 25 24 36 23 39 21 29 30 21 20 21 22 25
leaf_count=21 39 33 32 20 23 34 21 34 31 24 21 27 25 24 36 23 39 21 29 30 21 20 21 22 25
internal_value=0 0.000637591 0.000822295 0.00121699 -7.92657e-05 -0.00200621 0.00102358 0.00113587 0.00137726 0.00157239 0.0017471 0.000746567 0.000504666 0.000881937 0.000221518 0.000974923 0.00207803 0.00188314 0.00132774 0.000261201 0.000683619 0.00249229 0.00227125 0.00069886 0.000528958
internal_weight=0 657 624 434 190 57 414 393 308 276 230 133 106 81 60 69 161 130 68 85 51 62 41 46 46
internal_count=696 657 624 434 190 57 414 393 308 276 230 133 106 81 60 69 161 130 68 85 51 62 41 46 46
is_linear=0
shrinkage=0.1


Tree=45
num_leaves=28
num_cat=0
split_feature=70 47 3 3 3 70 27 1 3 25 27 3 1 3 1 3 3 3 3 3 1 1 3 3 3 1 1
split_gain=0.0663922 0.0321967 0.0447255 0.111912 0.0116622 0.0136558 0.00825786 0.00755014 0.00711588 0.00636384 0.0124645 0.00609954 0.00605533 0.00543311 0.00507946 0.00395298 0.00312419 0.00437672 0.00216186 0.00657411 0.00325235 0.00149645 0.00075436 0.000524582 0.0005469 0.000497005 6.93889e-18
threshold=81.000000000000014 1.0000000180025095e-35 0.00022026033908338413 0.022652445645338439 0.056677163293293815 48.000000000000007 50.746428571428574 4345710.5000000009 58.131858407079655 1.0000000180025095e-35 0.33588092613948267 5.2761799410029502 9.5000000000000018 0.0088931871709935807 185041.50000000003 0.001109964885657279 0.30127312263560818 0.097078987127138097 1.7386391400702291e-05 0.00078629042081069329 2568720.5000000005 185041.50000000003 1.2888720714562938e-05 0.0020685921948375399 0.0037621899321882229 1140689.0000000002 2568720.5000000005
decision_type=2 2 2 2 2 2 2 2 2 2 2 2 2 2 2 2 2 2 2 2 2 2 2 2 2 2 2
left_child=1 4 -3 -4 5 7 8 9 11 13 -11 12 -6 18 -14 22 17 -16 21 20 -20 -1 -9 -21 -25 -15 -23
right_child=-2 2 3 -5 6 -7 -8 15 -10 10 -12 -13 14 25 16 -17 -18 -19 19 23 -22 26 -24 24 -26 -27 -28
leaf_value=0.017545129586519971 -0.15180972778224044 0.025597673403599776 -0.10788958288574438 0.00035705222706523544 -0.014132733887362116 -0.0010136395950069322 0.046350894085847118 0.023535206546813826 0.026197675604452544 -0.029905371156467454 0.059135143344862584 -0.0053062365089566301 0.11243327529853531 0.018404750881813925 -0.026743130873902746 0.046730797536582359 -0.041526166514022127 0.070072918180449056 0.020887156487969349 0.021920259511254869 0.0033190926944094202 0.019892624695417995 -0.01325845338433105 0.018495283702138467 0.019085754521828591 0.03123085690955989 0.018836491808441738
leaf_weight=23 39 25 20 33 25 32 20 21 21 28 24 20 26 26 20 22 21 21 36 22 24 23 32 20 25 27 20
leaf_count=23 39 25 20 33 25 32 20 21 21 28 24 20 26 26 20 22 21 21 36 22 24 23 32 20 25 27 20
internal_value=0 0.000677151 -0.00123013 -0.00287474 0.000934091 0.00122826 0.000249384 0.00139834 1.12008e-06 0.00162405 0.000618929 -0.000268988 1.59157e-05 0.00183651 0.00040609 0.00050153 -8.59023e-05 0.000422129 0.00208278 0.00184151 0.00108122 0.00254705 3.37898e-05 0.00252237 0.00232672 0.000939709 0.0028953
internal_weight=0 657 78 53 579 405 174 373 154 298 52 133 113 246 88 75 62 41 193 127 60 66 53 67 45 53 43
internal_count=696 657 78 53 579 405 174 373 154 298 52 133 113 246 88 75 62 41 193 127 60 66 53 67 45 53 43
is_linear=0
shrinkage=0.1


Tree=46
num_leaves=27
num_cat=0
split_feature=26 27 3 3 48 3 3 3 10 3 1 1 70 1 3 3 3 3 70 5 25 3 5 1 3 1
split_gain=0.0620996 0.0413134 0.0407349 0.0856281 0.0284594 0.0162311 0.0105646 0.0090262 0.0106129 0.00620851 0.00557827 0.00797746 0.0111192 0.00721873 0.00401791 0.00666865 0.00428697 0.00386754 0.00339801 0.00506726 0.00247409 0.0014816 0.00133349 0.00126947 0.00064347 0.000635054
threshold=0.087237809735689315 50.746428571428574 0.0088053097345132756 0.018927733181247301 0.098259670567190885 0.20774584356396039 58.131858407079655 0.001109964885657279 1.0000000180025095e-35 0.11005549780222613 4345710.5000000009 1140689.0000000002 81.000000000000014 2568720.5000000005 0.9842112643210662 0.37446233356170505 1.0676065176143745 0.028692104949705137 48.000000000000007 1.0000000180025095e-35 1.0000000180025095e-35 3.9062135041376959e-05 1.0000000180025095e-35 3052001.5000000005 0.00011148073849118199 1954173.5000000002
decision_type=2 2 2 2 2 2 2 2 2 2 2 2 2 2 2 2 2 2 2 2 2 2 2 2 2 2
left_child=2 -2 4 -4 7 9 14 8 10 17 11 12 18 -13 15 -7 -16 -5 19 -1 -10 -15 -19 25 -12 -9
right_child=1 -3 3 5 -6 6 -8 23 20 -11 24 13 -14 21 16 -17 -18 22 -20 -21 -22 -23 -24 -25 -26 -27
leaf_value=0.015790616627868025 -0.036711739558398904 0.041715804677262373 -0.12294108738094263 0.039896361062601929 0.031881375682990765 -0.011958784765469944 0.023577908044007501 0.014162362887211089 0.016829966177355972 0.029570109135095991 0.019361709980811527 0.018730061264811582 0.10605551394739959 0.01791949054855593 -0.0089383599640961552 0.86710186844136816 -0.004775612858060896 -0.025415252473564465 -0.006687154387418826 -0.022205036090604757 0.0078540534036925184 0.0033400642403698558 0.057172812964525123 0.037840769722500056 -0.012773013110360054 0.017177179069645377
leaf_weight=22 40 20 22 35 22 28 21 26 29 21 32 32 36 20 25 23 34 25 24 20 20 20 25 20 20 34
leaf_count=22 40 20 22 35 22 28 21 26 29 21 32 32 36 20 25 23 34 25 24 20 20 20 25 20 20 34
internal_value=0 -0.00255298 0.000812481 -0.000153071 0.00147582 0.000400911 -0.000343507 0.00125953 0.000987559 0.0013209 0.000698295 0.00096989 0.000401006 0.00177581 -0.000735884 -8.58376e-05 -0.00129779 0.000940498 -0.000370103 0.000172299 0.00232172 0.00088022 0.000376137 0.00219441 -0.000210506 0.0024244
internal_weight=0 60 636 259 377 237 131 355 275 106 226 174 102 72 110 51 59 85 66 42 49 40 50 80 52 60
internal_count=696 60 636 259 377 237 131 355 275 106 226 174 102 72 110 51 59 85 66 42 49 40 50 80 52 60
is_linear=0
shrinkage=0.1


Tree=47
num_leaves=26
num_cat=0
split_feature=48 27 49 3 25 25 10 3 3 3 1 1 70 1 3 70 5 3 1 1 3 3 1 1 3
split_gain=0.0790381 0.0609813 0.0136165 0.0105328 0.00815542 0.0105909 0.00880098 0.0119165 0.00602636 0.00734209 0.00431228 0.0110203 0.00556103 0.00526497 0.004077 0.00393965 0.00387313 0.00265778 0.00476272 0.00256496 0.00465235 0.00566254 0.00174521 0.000548527 0.000210549
threshold=0.492157898488434 0.8264466354889638 43408594.000000007 0.056677163293293815 1.0000000180025095e-35 1.5000000000000002 1.0000000180025095e-35 0.00078629042081069329 58.131858407079655 5.2761799410029502 4345710.5000000009 1140689.0000000002 81.000000000000014 2568720.5000000005 0.0088931871709935807 48.000000000000007 1.0000000180025095e-35 0.022652445645338439 298234.50000000006 65.500000000000014 0.9842112643210662 0.13922586388981004 2568720.5000000005 1954173.5000000002 3.9062135041376959e-05
decision_type=2 2 2 2 2 2 2 2 2 2 2 2 2 2 2 2 2 2 2 2 2 2 2 2 2
left_child=1 3 -2 4 6 -6 7 10 9 19 11 12 15 -13 22 16 -1 -16 -19 -5 21 -21 23 -9 -12
right_child=2 -3 -4 8 5 -7 -8 14 -10 -11 24 13 -14 -15 17 -17 -18 18 -20 20 -22 -23 -24 -25 -26
leaf_value=0.014211554965081242 -0.0026356639091509315 -0.024685318163758119 -0.0080445239676865121 -0.010746528189071115 -0.040518519582960093 0.027159831605189491 0.015146969559620516 0.012746126598489838 0.021220117239606397 -0.0042980515722547356 -0.071421484306355518 0.016857055138330423 0.095449962552659612 0.013334612557142479 0.0060264664305179853 -0.0060184389486769522 -0.0015822384557417025 0.081748834023309777 0.045406736077826797 -0.022873727226208021 -0.0026630109843297947 0.068114521123211355 0.035891057975067753 0.015241568819342889 0.0037363874531550325
leaf_weight=22 20 39 20 32 20 38 29 24 21 20 24 29 36 36 23 24 24 24 20 30 22 36 30 29 24
leaf_count=22 20 39 20 32 20 38 29 24 21 20 24 29 36 36 23 24 24 24 20 30 22 36 30 29 24
internal_value=0 0.000585066 -0.00399362 0.000827468 0.00107297 -3.48455e-05 0.00123441 0.00110258 0.000132126 -0.000104826 0.000632274 0.000867375 0.000238733 0.00189255 0.00178924 -0.000280697 0.000261187 0.00120897 0.00166434 0.000190818 0.000469612 0.000889404 0.00225764 0.00260263 -0.000205272
internal_weight=0 656 40 617 456 58 398 369 161 140 219 171 106 65 150 70 46 67 44 120 88 66 83 53 48
internal_count=696 656 40 617 456 58 398 369 161 140 219 171 106 65 150 70 46 67 44 120 88 66 83 53 48
is_linear=0
shrinkage=0.1


Tree=48
num_leaves=24
num_cat=0
split_feature=70 48 3 47 3 3 3 5 1 25 26 10 1 1 49 70 1 1 3 3 3 3 3
split_gain=0.0639851 0.0614989 0.0151487 0.0067615 0.00624143 0.00705137 0.00645515 0.00841329 0.00781718 0.00505757 0.00852412 0.00705032 0.00596617 0.0151737 0.00442493 0.00345189 0.00334543 0.00590479 0.00371419 0.00159798 0.00192 0.00109822 0.000421411
threshold=81.000000000000014 0.492157898488434 0.056677163293293815 1.0000000180025095e-35 58.131858407079655 5.2761799410029502 0.37446233356170505 1.0000000180025095e-35 5.5000000000000009 1.0000000180025095e-35 0.16794046306974134 1.0000000180025095e-35 2568720.5000000005 1954173.5000000002 43408594.000000007 48.000000000000007 3052001.5000000005 4345710.5000000009 0.001109964885657279 0.019307541272722661 0.00046946475346926246 0.13922586388981004 1.7386391400702291e-05
decision_type=2 2 2 2 2 2 2 2 2 2 2 2 2 2 2 2 2 2 2 2 2 2 2
left_child=1 2 3 9 5 6 8 -8 -4 11 -11 12 13 15 -3 19 -14 -18 22 20 -1 -10 -19
right_child=-2 14 4 -5 -6 -7 7 -9 21 10 -12 -13 16 -15 -16 -17 17 18 -20 -21 -22 -23 -24
leaf_value=0.0127903994685731 -0.15677930265402243 -0.0023720975182358831 -0.0099987949258281365 -0.0014240146101675679 0.019098105515645614 -0.0038682464150291197 -0.00080832485210642353 0.16090688694561256 -0.02202427211138698 -0.025959643245499819 0.048900404304358519 0.01363227260365818 -0.03023831702588602 0.014344650585562136 -0.0072400715709179057 -0.0054165950538092927 0.016785736962873443 0.024567687413366103 0.035304078313289723 0.073573950620978934 0.0114715139386405 0.026056492109036357 -0.0097309964159709508
leaf_weight=36 39 20 21 27 21 20 24 29 31 33 27 29 29 64 20 24 32 20 22 29 29 39 31
leaf_count=36 39 20 21 27 21 20 24 29 31 33 27 29 29 64 20 24 32 20 22 29 29 39 31
internal_value=0 0.000599459 0.000845801 0.00117006 8.86183e-05 -0.000119229 0.000125141 0.00100245 -0.000385821 0.00127221 0.000424828 0.00141958 0.00128263 0.00165547 -0.00320037 0.000983019 0.000776237 0.00103883 0.000542324 0.00125631 0.00153171 0.00012183 7.38382e-05
internal_weight=0 657 617 432 185 164 144 53 91 405 60 345 316 182 40 118 134 105 73 94 65 70 51
internal_count=696 657 617 432 185 164 144 53 91 405 60 345 316 182 40 118 134 105 73 94 65 70 51
is_linear=0
shrinkage=0.1


Tree=49
num_leaves=28
num_cat=0
split_feature=27 3 48 48 3 1 3 3 3 3 25 10 1 1 3 1 3 70 70 3 3 3 3 1 3 26 3
split_gain=0.0547746 0.0493657 0.141989 0.0284654 0.0112081 0.00546952 0.0084105 0.00542503 0.00484641 0.00517185 0.00437872 0.00815669 0.00405941 0.0139694 0.00394217 0.00285623 0.00240598 0.00223872 0.00232397 0.0019462 0.00698568 0.0023674 0.00153067 0.00106774 0.000599419 0.0002431 0.000122997
threshold=0.8264466354889638 0.0088053097345132756 0.492157898488434 0.13751583811582321 0.00078629042081069329 1140689.0000000002 58.131858407079655 7.4306416939442266e-06 5.2761799410029502 0.37446233356170505 1.0000000180025095e-35 1.0000000180025095e-35 2568720.5000000005 1140689.0000000002 0.23962683332253795 3653915.0000000005 1.1155233287074594e-06 65.000000000000014 48.000000000000007 0.056677163293293815 0.022652445645338439 0.13922586388981004 4.9467795959366559e-05 1954173.5000000002 0.034843285551850255 0.055768929212438714 0.0028857183522401487
decision_type=2 2 2 2 2 2 2 2 2 2 2 2 2 2 2 2 2 2 2 2 2 2 2 2 2 2 2
left_child=1 3 5 4 7 6 8 10 9 14 11 16 13 -9 24 23 17 18 -1 20 -7 -21 -14 -6 -3 -12 -25
right_child=-2 2 -4 -5 15 19 -8 12 -10 -11 25 -13 22 -15 -16 -17 -18 -19 -20 21 -22 -23 -24 26 -26 -27 -28
leaf_value=0.010817876361254974 -0.027106826777818151 -0.0029576387770564594 -0.084305739716337022 0.029718852056448419 0.010324362544776734 0.0018934119561372143 0.017188294964081054 -0.0012816131491508289 -0.0034814217735259947 0.085843121458359664 0.006948629227354175 0.012269045343292363 8.6206564886026635e-05 0.015250645866062486 -0.0089989154332453577 0.028510463304615999 0.013381549843163044 0.052081096025686516 -0.0048749355484283725 -0.018383927292448376 0.034233507627146054 0.010965587181882164 -0.0087578967743738197 0.011969415484469437 0.023450842898132863 0.019553808014234699 0.012500839222190053
leaf_weight=26 39 20 23 21 25 24 21 30 20 35 20 29 23 21 23 23 21 39 21 25 22 23 38 20 21 23 20
leaf_count=26 39 20 23 21 25 24 21 30 20 35 20 29 23 21 23 23 21 39 21 25 22 23 38 20 21 23 20
internal_value=0 0.000607405 -0.000474013 0.00130222 0.00110364 0.0002629 -0.000133256 0.000804595 -0.000458855 -0.000172019 0.00114613 0.00142424 0.000258746 0.000917165 -0.000706521 0.00209254 0.00102106 0.00078674 0.000321975 0.00085292 0.00131773 0.000407482 -0.000291735 0.00243143 -0.000118694 0.000266537 0.00275185
internal_weight=0 657 257 400 379 234 140 291 119 99 179 136 112 51 64 88 107 86 47 94 46 48 61 65 41 43 40
internal_count=696 657 257 400 379 234 140 291 119 99 179 136 112 51 64 88 107 86 47 94 46 48 61 65 41 43 40
is_linear=0
shrinkage=0.1


Tree=50
num_leaves=25
num_cat=0
split_feature=26 27 1 50 1 3 3 47 1 3 25 1 3 70 68 3 3 1 3 3 3 3 3 3
split_gain=0.0564867 0.0413134 0.0250977 0.0498038 0.0259743 0.0337449 0.0251011 0.0142749 0.00787851 0.00828721 0.013799 0.00569786 0.0049764 0.00627874 0.00618297 0.00427348 0.0074841 0.00438047 0.00171799 0.0014448 0.00109151 0.000549005 0.000524582 0.0005469
threshold=0.087237809735689315 50.746428571428574 15055.000000000002 1.906983789222628 65.500000000000014 0.034843285551850255 0.9842112643210662 1.0000000180025095e-35 4345710.5000000009 0.0088931871709935807 1.0000000180025095e-35 1140689.0000000002 0.76471812023199681 81.000000000000014 1.0000000180025095e-35 1.7386391400702291e-05 0.00078629042081069329 2568720.5000000005 0.00029000521726168295 1.2888720714562938e-05 0.039341600125051841 0.019184999136594893 0.0020685921948375399 0.0037621899321882229
decision_type=2 2 2 2 2 2 2 2 2 2 2 2 2 2 2 2 2 2 2 2 2 2 2 2
left_child=2 -2 4 6 12 -6 7 8 9 10 15 -11 13 14 -1 -4 17 -17 19 -10 -13 -20 -18 -24
right_child=1 -3 3 -5 5 -7 -8 -9 18 11 -12 20 -14 -15 -16 16 22 -19 21 -21 -22 -23 23 -25
leaf_value=0.0062956862052213408 -0.035115965239951488 0.043723318196276575 0.011837191822433368 0.027249812462907298 -0.075875165744703307 0.018699589673808248 -0.11004527502372136 -0.0052756023948930426 0.023428539929007286 -0.0080946233085164472 -0.0014202021798695342 0.038175427059476165 0.015469465467673161 0.096374786960227263 -0.0043081663990844456 0.012280199553696037 0.014857796963217852 -0.0018254212383780556 0.029159671122372902 -0.012393528470260052 0.065013871728955772 0.001704070760523635 0.010772473936022209 0.011250755299970905
leaf_weight=35 40 20 49 20 26 34 21 33 21 30 23 23 27 36 35 36 22 24 22 22 32 20 20 25
leaf_count=35 40 20 49 20 26 34 21 33 21 30 23 23 27 36 35 36 22 24 22 22 32 20 20 25
internal_value=0 -0.00255298 0.000656787 0.00107142 -0.000294938 -0.00202214 0.000840866 0.00101693 0.00119514 0.00144792 0.00180097 0.000621388 0.000484252 0.000175535 -0.000376397 0.002102 0.00179592 0.000984715 0.00035052 -9.37949e-05 0.00122607 0.000805415 0.00252237 0.00232672
internal_weight=0 60 636 443 193 60 423 402 369 284 199 85 133 106 70 176 127 60 85 43 55 42 67 45
internal_count=696 60 636 443 193 60 423 402 369 284 199 85 133 106 70 176 127 60 85 43 55 42 67 45
is_linear=0
shrinkage=0.1


Tree=51
num_leaves=25
num_cat=0
split_feature=70 26 49 1 49 1 5 68 1 3 26 1 1 3 1 3 3 3 5 3 3 3 3 3
split_gain=0.0624597 0.0397292 0.0318591 0.0317679 0.0169031 0.0152909 0.0103778 0.0139346 0.0135709 0.0133048 0.00513215 0.00454279 0.00810647 0.00546912 0.00403983 0.00365942 0.00589831 0.00221701 0.001851 0.0023127 0.000635836 0.000466737 0.000371783 0.000125655
threshold=81.000000000000014 0.25712083558513515 43408594.000000007 1140689.0000000002 1386510.5000000002 2568720.5000000005 1.0000000180025095e-35 1.0000000180025095e-35 185041.50000000003 0.024358926698213167 0.033904386879576441 4345710.5000000009 3052001.5000000005 0.018927733181247301 5.5000000000000009 5.2761799410029502 0.28825031808916718 0.005910943845482703 1.0000000180025095e-35 0.00019575000739218483 0.057566796857932249 2.325408064395916e-05 3.9062135041376959e-05 0.0022862650450823103
decision_type=2 2 2 2 2 2 2 2 2 2 2 2 2 2 2 2 2 2 2 2 2 2 2 2
left_child=1 2 3 4 6 17 7 8 -1 -8 -10 12 13 -7 -11 16 20 22 -13 -20 -16 -14 -5 -24
right_child=-2 -3 -4 5 -6 11 9 -9 10 14 -12 18 21 -15 15 -17 -18 -19 19 -21 -22 -23 23 -25
leaf_value=0.20393037644517592 -0.15594696068721153 0.050232643075699593 -0.0042747503110933671 0.0096834120360398401 0.026828964780593979 -0.030262675643428952 -0.31566843779451964 -0.0038773497591759742 0.013372017266895853 -0.0087285925104430007 -0.0081364972592874452 -0.016715941639256115 0.0098584216267198609 0.034684794506642191 0.0049256416751198634 -0.0050032385635539363 0.093819775038233647 0.034357884353528337 0.018686277043003231 0.025387113739139624 -0.0072851609776648733 0.027940657236504053 0.010983800023965529 0.010008757936802937
leaf_weight=27 39 20 27 21 28 28 38 35 31 31 24 39 20 23 25 31 22 36 30 22 22 29 28 20
leaf_count=27 39 20 27 21 28 28 38 35 31 31 24 39 20 23 25 31 22 36 30 22 22 29 28 20
internal_value=0 0.000549465 0.000411675 0.000560462 -0.000140203 0.00130373 -0.000369772 0.000354196 0.00106718 -0.000870982 0.000165823 0.000770832 0.00123606 0.000353531 -0.000393103 -8.39121e-05 0.000321561 0.00227311 0.000259593 0.000650176 -0.000310998 0.00215461 0.00260502 0.00275855
internal_weight=0 657 637 610 314 296 286 117 82 169 55 191 100 51 131 100 69 105 91 52 47 49 69 48
internal_count=696 657 637 610 314 296 286 117 82 169 55 191 100 51 131 100 69 105 91 52 47 49 69 48
is_linear=0
shrinkage=0.1


Tree=52
num_leaves=26
num_cat=0
split_feature=26 27 3 3 47 68 1 70 3 3 3 3 1 3 3 3 25 1 1 1 1 1 3 1 3
split_gain=0.0537705 0.0413134 0.0286621 0.0833989 0.0295647 0.0115839 0.018626 0.0116755 0.00912027 0.0126145 0.00659402 0.0123365 0.00569475 0.00543518 0.00743461 0.0053661 0.00728371 0.00467968 0.0045043 0.00407702 0.00290961 0.00200502 0.00132456 0.000628025 0.000128507
threshold=0.087237809735689315 50.746428571428574 0.0088053097345132756 0.018927733181247301 4.5000000000000009 1.0000000180025095e-35 2568720.5000000005 81.000000000000014 2.084410105357757e-05 0.00016312860121693844 1.0929061987618111e-05 0.00078629042081069329 2568720.5000000005 58.131858407079655 0.9842112643210662 3.6938204895423783e-06 1.0000000180025095e-35 65.500000000000014 4345710.5000000009 1954173.5000000002 82083.500000000015 298234.50000000006 0.0013527290792343185 9679825.0000000019 5.2761799410029502
decision_type=2 2 2 2 2 2 2 2 2 2 2 2 2 2 2 2 2 2 2 2 2 2 2 2 2
left_child=2 -2 5 -4 12 6 8 -7 15 -10 -8 23 13 14 17 16 -1 -5 -14 22 -19 -22 -11 -12 -16
right_child=1 -3 3 4 -6 7 10 -9 9 19 11 -13 18 -15 24 -17 -18 20 -20 -21 21 -23 -24 -25 -26
leaf_value=0.10633765074945459 -0.0307907189900277 0.038593340007934351 -0.09267295351177457 -0.0078557332593987891 0.020802977665482204 -0.0034896147832583326 0.0088975096396993088 0.10233200433292566 0.027702002121402104 0.010423635203948223 -0.004971160085985105 0.022848402365225697 0.038229520840579317 0.0019679303696840122 -0.00038299665737380196 0.0077794622002514309 0.0050585847959158771 0.073686426811807246 -0.015044347475330611 0.0090078821431227151 -0.020628950761443578 0.05914401664880984 0.030143813264407272 -0.013022803327534405 -0.0045029147071986133
leaf_weight=28 40 20 22 27 22 35 39 36 20 20 30 34 31 21 21 26 20 26 23 38 24 22 24 27 20
leaf_count=28 40 20 22 27 22 35 39 36 20 20 30 34 31 21 21 26 20 26 23 38 24 22 24 27 20
internal_value=0 -0.00255298 0.000578662 -0.000231265 0.000315458 0.00113508 0.00140209 -1.56829e-05 0.00207262 0.00268576 0.000494307 2.80611e-05 -4.18183e-05 -0.000339877 -0.000564907 0.00122747 0.0018542 -9.59429e-05 0.000846839 0.00213655 0.00032508 -0.000152844 0.00148126 -0.000871182 -0.00169728
internal_weight=0 60 636 259 237 377 306 71 176 102 130 91 215 161 140 74 48 99 54 82 72 46 44 57 41
internal_count=696 60 636 259 237 377 306 71 176 102 130 91 215 161 140 74 48 99 54 82 72 46 44 57 41
is_linear=0
shrinkage=0.1


Tree=53
num_leaves=26
num_cat=0
split_feature=70 49 47 3 3 3 1 70 1 1 3 1 1 3 1 3 1 1 1 1 27 3 1 3 3
split_gain=0.0589521 0.0432789 0.0186816 0.0184122 0.0192412 0.0172572 0.00581355 0.0053315 0.00747309 0.00352633 0.00559881 0.00998181 0.00505872 0.004874 0.00225905 0.00190495 0.00631324 0.00366559 0.00539641 0.00490176 0.00239805 0.00175315 0.00122139 0.00069676 0.000287344
threshold=81.000000000000014 43408594.000000007 3.5000000000000004 0.0088053097345132756 0.019184999136594893 0.00026329021343219228 2568720.5000000005 48.000000000000007 82083.500000000015 1140689.0000000002 0.37446233356170505 15.000000000000002 5.5000000000000009 0.056677163293293815 82083.500000000015 1.7386391400702291e-05 2568720.5000000005 2568720.5000000005 9679825.0000000019 1140689.0000000002 0.034644213365461154 0.001109964885657279 1954173.5000000002 0.14428571428571432 4.7484591556262012
decision_type=2 2 2 2 2 2 2 2 2 2 2 2 2 2 2 2 2 2 2 2 2 2 2 2 2
left_child=1 2 3 5 -5 7 22 8 -1 10 12 24 -6 -11 -14 17 -17 19 -19 20 -10 -8 -7 -15 -12
right_child=-2 -3 -4 4 9 6 21 -9 15 13 11 -13 14 23 -16 16 -18 18 -20 -21 -22 -23 -24 -25 -26
leaf_value=0.058749381145366014 -0.14065610685398303 -0.0046252215000092359 0.021375868090394337 -0.2748342986638902 -0.0089662989199752029 0.027129431937966332 0.0051667771690084409 -0.0031406533049325169 0.086647109556070495 0.034589951121753518 0.11236753050812497 -0.004052623236479036 0.019808157733830357 -0.013539912727797443 -0.018566055685299433 0.0093812716835534726 -0.0044740440773864522 0.0080056108693632669 0.015927898374733119 -0.001918694242509389 0.025002745361737945 0.020563562128702986 0.0077935625344274229 0.0057829876476725777 0.0017711373327159664
leaf_weight=20 39 28 32 20 21 35 21 32 20 23 20 38 38 25 26 24 36 21 22 21 30 25 37 22 20
leaf_count=20 39 28 32 20 21 35 21 32 20 23 20 38 38 25 26 24 36 21 22 21 30 25 37 22 20
internal_value=0 0.000432135 0.000603377 0.000477203 -0.000170364 0.000953466 0.00193367 0.000441675 0.000638938 8.51378e-05 -0.000169803 0.000442007 -0.000731228 0.000678785 -0.000289322 0.000428516 -2.75665e-05 0.00066856 0.0013972 0.00022727 0.000765752 0.00105553 0.00249471 9.50595e-05 0.00154461
internal_weight=0 657 629 597 253 344 118 226 194 233 163 78 85 70 64 174 60 114 43 71 50 46 72 47 40
internal_count=696 657 629 597 253 344 118 226 194 233 163 78 85 70 64 174 60 114 43 71 50 46 72 47 40
is_linear=0
shrinkage=0.1


Tree=54
num_leaves=25
num_cat=0
split_feature=1 26 48 49 70 3 70 25 3 3 1 1 1 3 3 1 1 3 26 3 3 1 3 3
split_gain=0.0498834 0.0353274 0.0350049 0.0297112 0.0229702 0.0269215 0.0115195 0.00888344 0.00976728 0.0114103 0.00562531 0.00412966 0.00406111 0.0040375 0.00581811 0.00707668 0.00401055 0.00299051 0.00281819 0.00219028 0.00333073 0.00171601 0.000478426 9.71413e-05
threshold=15055.000000000002 0.010690706220630253 1.5807420630985789 5112040.5000000009 81.000000000000014 0.026314090162737221 48.000000000000007 1.0000000180025095e-35 0.028692104949705137 0.00026329021343219228 2568720.5000000005 1954173.5000000002 1140689.0000000002 58.131858407079655 5.2761799410029502 65.500000000000014 3653915.0000000005 0.0040190174313929619 0.15177519287480271 1.7386391400702291e-05 1.6037688408817296e-06 1954173.5000000002 6.4025473619477063e-05 0.0088931871709935807
decision_type=2 2 2 2 2 2 2 2 2 2 2 2 2 2 2 2 2 2 2 2 2 2 2 2
left_child=1 4 3 7 5 6 -1 8 9 11 21 -2 -10 14 15 -7 -14 -12 -9 20 -13 -11 -21 -5
right_child=2 -3 -4 23 -6 13 -8 18 12 10 17 19 16 -15 -16 -17 -18 -19 -20 22 -22 -23 -24 -25
leaf_value=-0.063840837106154333 0.087039174718902504 -0.027624315871151241 0.019238281281354921 -0.02662510201324704 0.10616441458503144 -0.0012346634689478721 -0.0029058635689404259 -0.0041119846392827951 -0.016709450116769633 0.024785821207861859 0.017355324515247617 0.0071368849887043957 0.054583606256709064 0.0015940235994442277 -0.0036473609128307772 0.065029145176091069 -0.015171696101357669 0.017399079271114459 0.022502470825564204 -0.0016172856500070055 0.011079157518308591 0.0074446595085390756 0.0038789933766210541 -0.0059383427408418402
leaf_weight=26 26 38 21 20 36 36 24 24 34 39 37 32 32 21 20 28 22 23 22 21 27 44 23 20
leaf_count=26 26 38 21 20 36 36 24 24 34 39 37 32 32 21 20 28 22 23 22 21 27 44 23 20
internal_value=0 -0.00101482 0.000786984 0.000599118 -0.000460812 -0.00098932 -0.00289914 0.000855306 0.00102251 0.00131879 0.00193395 0.00063686 0.00010676 -7.98796e-05 -0.00038993 7.53097e-05 0.000645804 0.00119627 -0.000453273 0.000352591 0.000750818 0.00246721 -0.000181396 -0.0020012
internal_weight=0 229 467 446 191 155 50 406 360 272 143 129 88 105 84 64 54 60 46 103 59 83 44 40
internal_count=696 229 467 446 191 155 50 406 360 272 143 129 88 105 84 64 54 60 46 103 59 83 44 40
is_linear=0
shrinkage=0.1


Tree=55
num_leaves=26
num_cat=0
split_feature=48 27 49 25 25 3 3 1 1 1 3 3 1 70 70 1 3 3 3 3 3 3 3 3 3
split_gain=0.0734442 0.0526 0.00938279 0.0077227 0.00951735 0.00903528 0.0127104 0.00348655 0.00385637 0.00334791 0.00285777 0.00621683 0.00976482 0.0030021 0.00747159 0.00644562 0.00285171 0.00741124 0.00554943 0.00677762 0.00187217 0.00170311 0.00158705 0.00138589 0.00134387
threshold=0.34790429800275396 0.8264466354889638 43408594.000000007 1.0000000180025095e-35 1.5000000000000002 0.028692104949705137 0.00078629042081069329 1954173.5000000002 2568720.5000000005 4345710.5000000009 0.00022573608937005398 1.7386391400702291e-05 2568720.5000000005 81.000000000000014 48.000000000000007 185041.50000000003 58.131858407079655 5.2761799410029502 0.37446233356170505 0.23962683332253795 1.2888720714562938e-05 0.9842112643210662 0.067966594320479731 0.0088931871709935807 0.0040190174313929619
decision_type=2 2 2 2 2 2 2 2 2 2 2 2 2 2 2 2 2 2 2 2 2 2 2 2 2
left_child=1 3 -2 5 -5 6 9 23 -9 10 11 12 13 14 15 -1 17 18 19 22 -11 -20 -7 -8 -10
right_child=2 -3 -4 4 -6 16 7 8 24 20 -12 -13 -14 -15 -16 -17 -18 -19 21 -21 -22 -23 -24 -25 -26
leaf_value=0.036220448918037107 -0.018174192687605385 -0.019752243067000033 -0.0060865274781438218 -0.056342246260144439 0.023440979941367956 -0.010668751844881898 0.022307239087075461 0.0067001935576854526 0.015989924907823649 0.015626601678532026 0.0084165240266976579 -0.0011850899793692804 0.0064935090899226116 0.095547973126528352 -0.0026152772120464187 -0.0018646799659386205 0.0014346212394997339 -0.0032826248215478415 0.84200249057381138 -0.0065001979719102824 -0.011661017924704354 0.0057985231569896104 0.021356703581481541 0.057754898871372619 0.017426167092515855
leaf_weight=28 21 39 22 21 38 35 24 36 22 21 29 37 20 36 24 24 21 20 22 23 29 24 33 20 27
leaf_count=28 21 39 22 21 38 35 24 36 22 21 29 37 20 36 24 24 21 20 22 23 29 24 33 20 27
internal_value=0 0.000311275 -0.00395543 0.00053747 -0.000550259 0.000653103 0.000930348 0.00173543 0.00210947 0.000511576 0.000696211 0.000538835 0.000859946 0.000496491 0.000140164 0.000813767 6.59042e-05 -8.04827e-05 0.00018203 -0.000270474 -0.000219578 0.0010772 0.000231438 0.00101285 0.00153213
internal_weight=0 653 43 614 59 555 377 129 85 248 198 169 132 112 76 52 178 157 137 91 50 46 68 44 49
internal_count=696 653 43 614 59 555 377 129 85 248 198 169 132 112 76 52 178 157 137 91 50 46 68 44 49
is_linear=0
shrinkage=0.1


Tree=56
num_leaves=27
num_cat=0
split_feature=70 26 1 3 48 3 26 3 70 3 3 3 1 1 25 3 1 1 3 5 3 1 1 1 3 3
split_gain=0.0578039 0.0532084 0.0295862 0.0266505 0.0235037 0.024518 0.0163665 0.0111066 0.00974576 0.00831021 0.00752425 0.00823843 0.0073376 0.00564028 0.00364878 0.00494501 0.00699796 0.00263302 0.00539668 0.00247315 0.00253619 0.00203972 0.00663793 0.00168444 0.00111693 9.13281e-05
threshold=81.000000000000014 0.25712083558513515 82083.500000000015 0.026314090162737221 1.4385257509130212 0.62814794182717437 0.055768929212438714 0.23962683332253795 48.000000000000007 58.131858407079655 0.00073178285835878481 0.028692104949705137 298234.50000000006 2568720.5000000005 1.0000000180025095e-35 1.7386391400702291e-05 2568720.5000000005 65.500000000000014 0.40996342442687478 1.0000000180025095e-35 0.0056188674499033356 9679825.0000000019 2568720.5000000005 2568720.5000000005 0.00019575000739218483 0.0020685921948375399
decision_type=2 2 2 2 2 2 2 2 2 2 2 2 2 2 2 2 2 2 2 2 2 2 2 2 2 2
left_child=1 2 3 8 5 6 10 -5 -1 17 14 19 -13 -14 15 21 -17 18 -9 23 25 22 -4 -12 -18 -21
right_child=-2 -3 4 7 -6 -7 -8 9 -10 -11 11 12 13 -15 -16 16 24 -19 -20 20 -22 -23 -24 -25 -26 -27
leaf_value=-0.05563933412677833 -0.12185284027476961 0.05334017189144076 0.010157709763071666 0.022564997854262359 0.019131872421979959 -0.10201617143323674 -0.033735150465728662 -0.0054000438973755395 -0.0023537494908417501 0.0012911591155500446 0.0034873706848522093 -0.019446084169561575 0.03536965131469625 0.01500874873888023 -0.0059085087422452894 0.0064435106171117701 -0.010494916132233812 -0.002954362339393413 0.060371178888703275 0.015172680973525489 0.015683550383264234 0.012058759870536307 0.0058441581809304923 0.0052291284484951468 -2.6868502478905043e-05 0.020076515178367772
leaf_weight=27 39 20 35 31 22 22 20 31 24 21 28 22 20 34 23 39 29 21 26 20 27 22 20 29 22 22
leaf_count=27 39 20 35 31 22 22 20 31 24 21 28 22 20 34 23 39 29 21 26 20 27 22 20 29 22 22
internal_value=0 0.000392975 0.000233514 -0.000848213 0.000662884 0.000501243 0.000674927 -8.81901e-05 -0.00278553 -0.000605417 0.000817291 0.00124219 0.000419904 0.00104707 0.000365552 0.000528183 2.48568e-05 -0.00108081 -0.000728151 0.00173818 0.00214085 0.00111649 0.001442 0.00125073 -0.000746245 0.00262695
internal_weight=0 657 637 181 456 434 412 130 51 99 392 202 76 54 190 167 90 78 57 126 69 77 55 57 51 42
internal_count=696 657 637 181 456 434 412 130 51 99 392 202 76 54 190 167 90 78 57 126 69 77 55 57 51 42
is_linear=0
shrinkage=0.1


Tree=57
num_leaves=25
num_cat=0
split_feature=48 27 49 25 3 3 25 1 1 3 3 1 5 3 3 1 3 70 70 1 3 1 3 3
split_gain=0.0703158 0.052992 0.0136165 0.00591609 0.00842771 0.0104145 0.00640867 0.00527805 0.0050811 0.00464232 0.00621683 0.00976482 0.00421258 0.00478449 0.0080302 0.00395301 0.00338333 0.0030021 0.00747159 0.00644562 0.00244674 0.00262679 0.00218011 0.00146767
threshold=0.492157898488434 0.8264466354889638 43408594.000000007 1.0000000180025095e-35 0.056677163293293815 0.001109964885657279 1.5000000000000002 4345710.5000000009 1954173.5000000002 0.00022573608937005398 1.7386391400702291e-05 2568720.5000000005 1.0000000180025095e-35 0.37446233356170505 5.2761799410029502 2568720.5000000005 0.00011148073849118199 81.000000000000014 48.000000000000007 185041.50000000003 0.14428571428571432 1140689.0000000002 0.019307541272722661 0.018927733181247301
decision_type=2 2 2 2 2 2 2 2 2 2 2 2 2 2 2 2 2 2 2 2 2 2 2 2
left_child=1 3 -2 4 5 7 -5 9 22 10 11 17 20 -14 -15 -10 -9 18 19 -1 -6 -22 -7 -17
right_child=2 -3 -4 6 12 8 -8 16 15 -11 -12 -13 13 14 -16 23 -18 -19 -20 -21 21 -23 -24 -25
leaf_value=0.031582633049926305 -0.0015502776387188002 -0.02311103594944415 -0.0073910619725274353 -0.033263128580045632 -0.011102751534281552 0.018189914617322955 0.022858429878665733 0.012858065523625228 0.0044618191635905193 0.0069305205623166445 -0.00028755647384599571 0.0052597423628377273 -0.0053101737849816644 0.30375477233204723 -0.0026589261054539293 0.012348199596424792 -0.022793803169204097 0.098178459841352428 -0.0021183745417575396 -0.0026939829456516409 0.061237609108270169 0.015420287984614235 0.049722909198808909 0.026351346106449826
leaf_weight=28 20 39 20 22 20 28 38 34 35 34 37 20 37 25 32 29 20 36 24 24 25 20 29 20
leaf_count=28 20 39 20 22 20 28 38 34 35 34 37 20 37 25 32 29 20 36 24 24 25 20 29 20
internal_value=0 0.00032504 -0.00399362 0.000551006 0.000652637 0.000898495 -0.000392461 0.000519597 0.00158911 0.00075333 0.000538835 0.000859946 3.72186e-05 -0.000390806 0.000183995 0.00208361 -0.000359064 0.000496491 0.000140164 0.000813767 0.000656207 0.00106523 0.000860371 0.00150383
internal_weight=0 656 40 617 557 398 60 257 141 203 169 132 159 94 57 84 54 112 76 52 65 45 57 49
internal_count=696 656 40 617 557 398 60 257 141 203 169 132 159 94 57 84 54 112 76 52 65 45 57 49
is_linear=0
shrinkage=0.1


Tree=58
num_leaves=26
num_cat=0
split_feature=48 70 49 49 1 27 27 1 3 1 68 3 1 3 3 1 1 5 3 3 3 3 27 3 3
split_gain=0.0691064 0.0616936 0.0136165 0.0126088 0.00946188 0.0121336 0.00986044 0.00909466 0.0096 0.0150953 0.00811931 0.0123131 0.00722407 0.0029379 0.00721979 0.00327761 0.00493167 0.0022524 0.00219796 0.00218248 0.00173838 0.00142904 0.000493937 0.000462959 9.91897e-05
threshold=0.492157898488434 81.000000000000014 43408594.000000007 18070405.500000004 1954173.5000000002 0.51645406055080134 1.0000000180025095e-35 4345710.5000000009 1.6037688408817296e-06 2568720.5000000005 1.0000000180025095e-35 0.00016312860121693844 3052001.5000000005 58.131858407079655 5.2761799410029502 65.500000000000014 82083.500000000015 1.0000000180025095e-35 0.019307541272722661 0.0018169069085899926 0.018927733181247301 0.00019575000739218483 50.746428571428574 0.19043675933517182 0.00078629042081069329
decision_type=2 2 2 2 2 2 2 2 2 2 2 2 2 2 2 2 2 2 2 2 2 2 2 2 2
left_child=1 3 -2 4 5 6 10 8 -6 24 11 -1 20 14 15 -13 -17 -9 19 -18 -11 -19 -7 -20 -10
right_child=2 -3 -4 -5 7 22 -8 17 9 12 -12 13 -14 -15 -16 16 18 21 23 -21 -22 -23 -24 -25 -26
leaf_value=0.15876556778177503 -0.0013952498748468934 -0.10735645265234824 -0.006651955775274665 0.022602499716528082 -0.0030004180022764615 0.050317258297241096 -0.023921689127607417 -0.0055747904620584883 0.0068058681871434601 -0.024933402839203114 -0.0018272614930805453 -0.0040021025734755964 0.011148460939562455 0.0014279358145401488 -0.0023930334949085366 0.04552195006603732 -0.00056954353974276734 0.0095670773311198332 -0.016970458374107267 0.016370923155590588 0.011965845066530889 0.011480060734292863 0.025211995255943975 -0.00062624378624107644 0.0047516596157464626
leaf_weight=27 20 39 20 20 25 20 39 39 22 27 35 32 37 21 20 30 23 30 22 23 20 21 21 22 41
leaf_count=27 20 39 20 20 25 20 39 39 22 27 35 32 37 21 20 30 23 30 22 23 20 21 21 22 41
internal_value=0 0.00028774 -0.00399362 0.000531554 0.000448813 9.6742e-05 -0.000128003 0.000898979 0.00132517 0.00163326 9.84802e-05 0.000323547 0.000755667 4.37292e-05 -9.25988e-05 0.000142414 0.00038221 8.44897e-05 1.20869e-05 0.000495408 -6.715e-05 0.00052196 0.00170833 -0.000493204 0.00280338
internal_weight=0 656 40 617 597 335 294 262 172 147 255 220 84 193 172 152 120 90 90 46 47 51 41 44 63
internal_count=696 656 40 617 597 335 294 262 172 147 255 220 84 193 172 152 120 90 90 46 47 51 41 44 63
is_linear=0
shrinkage=0.1


Tree=59
num_leaves=28
num_cat=0
split_feature=1 26 50 48 1 3 1 25 3 1 70 3 3 3 1 1 26 1 5 3 1 1 1 3 70 3 3
split_gain=0.0479057 0.0331059 0.0215864 0.022089 0.0186901 0.0262251 0.0181289 0.0074471 0.00800282 0.00870099 0.00616208 0.010854 0.00604218 0.00467927 0.00317696 0.00318521 0.00281819 0.00277509 0.0051023 0.00253386 0.00583376 0.00155375 0.00127642 0.000409126 6.57431e-05 4.73415e-05 2.39992e-05
threshold=15055.000000000002 0.010690706220630253 1.906983789222628 0.00038160843039217667 15.000000000000002 0.034843285551850255 1140689.0000000002 1.0000000180025095e-35 0.028692104949705137 298234.50000000006 81.000000000000014 0.40996342442687478 0.00026329021343219228 6.7245575221238942 1140689.0000000002 3653915.0000000005 0.15177519287480271 2568720.5000000005 1.0000000180025095e-35 1.7386391400702291e-05 2786396.5000000005 3052001.5000000005 3052001.5000000005 0.0015025728807441169 48.000000000000007 1.6037688408817296e-06 0.00029000521726168295
decision_type=2 2 2 2 2 2 2 2 2 2 2 2 2 2 2 2 2 2 2 2 2 2 2 2 2 2 2
left_child=1 4 3 7 10 -6 -5 8 9 26 11 24 19 -7 -10 -16 -9 18 -14 20 -11 -19 -21 -23 -1 -22 -2
right_child=2 -3 -4 6 5 13 -8 16 14 12 -12 -13 17 -15 15 -17 -18 21 -20 22 25 23 -24 -25 -26 -27 -28
leaf_value=-0.0021236612805065392 0.054662621295730678 -0.025831658184223817 0.013969351710211787 -0.076158953869551391 -0.068982164364708304 0.027993037243375075 0.010332054660863578 -0.0053477073703728454 -0.015273412536696186 -0.0027003762020484604 0.099096259122452152 0.019380732252631108 0.0022172857384333612 -0.0021537301454173986 0.029781890361005384 -0.0094349973346474769 0.021387966720338093 0.0013481562091659073 0.003540471285656821 0.0046798996426687728 0.0050067080802492121 0.011272586843101352 -0.0011031798147811856 0.02427369054201094 -0.0017238109382736511 0.0072561664051193023 0.018559086343573485
leaf_weight=30 20 38 21 21 24 21 22 24 32 20 36 36 27 20 31 22 22 21 34 20 21 20 29 20 24 20 20
leaf_count=30 20 38 21 21 24 21 22 24 32 20 36 36 27 20 31 22 22 21 34 20 21 20 29 20 24 20 20
internal_value=0 -0.00110379 0.000661932 0.000514404 -0.000567487 -0.00194475 -0.00164006 0.000744284 0.000898591 0.00116327 0.000143007 -0.000299284 0.000928419 -0.000407961 5.16325e-05 0.000526676 -0.000453273 0.001413 0.00188994 0.00039097 0.000821129 0.000936068 -0.000144533 0.00130175 -0.00119595 0.00150415 0.00252538
internal_weight=0 229 467 446 191 65 43 403 357 272 126 90 232 41 85 53 46 122 61 110 61 61 49 40 54 41 40
internal_count=696 229 467 446 191 65 43 403 357 272 126 90 232 41 85 53 46 122 61 110 61 61 49 40 54 41 40
is_linear=0
shrinkage=0.1


Tree=60
num_leaves=26
num_cat=0
split_feature=48 70 48 49 3 3 3 27 25 68 1 1 1 3 1 1 1 1 3 3 1 26 5 3 3
split_gain=0.0656522 0.0582757 0.018531 0.0136165 0.0104284 0.00791052 0.01148 0.0117032 0.0177431 0.0143237 0.0108548 0.0038159 0.00476985 0.00529845 0.0170409 0.00303944 0.00234579 0.00186072 0.00622502 0.00134879 0.00159379 0.00125915 0.00122691 0.000178137 0.000102839
threshold=0.492157898488434 81.000000000000014 0.020433060437035664 43408594.000000007 0.9842112643210662 0.37446233356170505 0.23962683332253795 0.41426007541473925 1.0000000180025095e-35 1.0000000180025095e-35 4345710.5000000009 3653915.0000000005 2568720.5000000005 8.7676513929248945e-06 1954173.5000000002 5.5000000000000009 15.000000000000002 298234.50000000006 0.0056188674499033356 1.2888720714562938e-05 25540032.000000004 0.033904386879576441 1.0000000180025095e-35 0.034843285551850255 0.00091966533819456844
decision_type=2 2 2 2 2 2 2 2 2 2 2 2 2 2 2 2 2 2 2 2 2 2 2 2 2
left_child=1 2 4 -2 5 6 7 8 9 10 11 12 13 -1 17 -8 -6 18 -15 -12 -21 -10 -14 -20 -16
right_child=3 -3 -4 -5 16 -7 15 -9 21 -11 19 -13 22 14 24 -17 -18 -19 23 20 -22 -23 -24 -25 -26
leaf_value=0.0072268880417368569 -0.0040550286116997295 -0.094037641568691044 0.019309044278788792 -0.0073836953687683509 -0.00065293099217669239 0.28574881739378705 -0.0037164457437414812 0.047868698285939364 -0.0099821807505161789 -0.0014721542499450458 0.009889934597638473 0.0046554109927619434 0.0044231191705691236 0.028692724673324933 0.0051150157689889399 -0.0019112951524558497 -0.0049530338697550752 0.0056322232836478747 -0.022077554627142251 -0.021009668900387982 0.010145328158791145 -0.0099973509477894861 -0.026421734279227851 0.0023877717312785762 0.0044214388484839166
leaf_weight=34 20 39 22 20 24 26 21 21 23 35 21 31 35 25 21 20 38 33 21 37 26 24 21 20 38
leaf_count=34 20 39 22 20 24 26 21 21 23 35 21 31 35 25 21 20 38 33 21 37 26 24 21 20 38
internal_value=0 0.000179369 0.000416333 -0.00399362 0.000310952 0.000453737 0.000366496 0.000507641 0.000398776 0.000615767 0.000802048 0.0011021 0.000971346 0.00120819 0.00145188 -0.00123774 -0.000916539 0.000650157 0.000956712 -0.000194551 -0.000425902 -0.00143873 0.000159296 0.00019835 0.00279715
internal_weight=0 656 617 40 595 533 507 466 445 398 363 279 248 192 158 41 62 99 66 84 63 47 56 41 59
internal_count=696 656 617 40 595 533 507 466 445 398 363 279 248 192 158 41 62 99 66 84 63 47 56 41 59
is_linear=0
shrinkage=0.1


Tree=61
num_leaves=25
num_cat=0
split_feature=48 27 48 49 3 25 26 1 70 1 1 1 3 1 1 1 70 5 3 3 3 3 3 3
split_gain=0.0675071 0.0677791 0.0175416 0.0136165 0.0118317 0.00930153 0.00922021 0.00590705 0.00856263 0.00560495 0.00399139 0.00344814 0.00733628 0.0157589 0.00344965 0.00234579 0.00159728 0.00111635 0.00102968 0.00109597 0.000970831 0.00199986 0.00148694 0.000273215
threshold=0.492157898488434 0.8264466354889638 0.020433060437035664 43408594.000000007 0.9842112643210662 1.0000000180025095e-35 0.033904386879576441 65.500000000000014 81.000000000000014 4345710.5000000009 3653915.0000000005 2568720.5000000005 8.7676513929248945e-06 1954173.5000000002 185041.50000000003 15.000000000000002 48.000000000000007 1.0000000180025095e-35 0.002708721888128241 0.097078987127138097 0.019184999136594893 0.00023610658882430269 1.2888720714562938e-05 0.0018962832899506266
decision_type=2 2 2 2 2 2 2 2 2 2 2 2 2 2 2 2 2 2 2 2 2 2 2 2
left_child=1 2 4 -2 5 7 -7 8 16 10 11 12 -9 14 -14 -6 -1 -13 -16 -20 21 22 -11 -15
right_child=3 -3 -4 -5 15 6 -8 9 -10 20 -12 17 13 23 18 -17 -18 -19 19 -21 -22 -23 -24 -25
leaf_value=-0.0030178816137032883 -0.0036495257505297475 -0.02755695970358385 0.017378139850909947 -0.0066453258318914799 -0.0005876378929592363 -0.01102373345086214 0.023437661341443497 -0.0031530273860170157 0.098590397367076046 0.0089009411378746968 0.0041898698934858206 0.0053876083899503163 0.049304395171509446 0.0037004081015034277 0.012949748869546342 -0.0044577304827797095 -0.0014042144194517548 -0.020265879091626717 -0.0078604273310943999 0.042139261992864621 -0.0063905307111440379 0.0091307953429119234 -0.030867148810091651 0.0099008800014111394
leaf_weight=42 20 39 22 20 24 24 30 30 36 21 31 36 38 27 24 38 24 22 30 20 20 25 20 33
leaf_count=42 20 39 22 20 24 24 30 30 36 21 31 36 38 27 24 38 24 22 30 20 20 25 20 33
internal_value=0 0.00023791 0.000493465 -0.00399362 0.000390937 0.000543026 -0.000701158 0.000683289 8.15737e-06 0.00086595 0.00107556 0.000947681 0.00114282 0.00139451 0.000693914 -0.000916539 -0.000668522 0.000268059 0.000296216 3.77775e-05 0.000156679 0.000341634 -8.82056e-05 0.00270228
internal_weight=0 656 617 40 595 533 54 479 102 377 291 260 202 172 112 62 66 58 74 50 86 66 41 60
internal_count=696 656 617 40 595 533 54 479 102 377 291 260 202 172 112 62 66 58 74 50 86 66 41 60
is_linear=0
shrinkage=0.1


Tree=62
num_leaves=26
num_cat=0
split_feature=26 48 48 25 3 27 70 70 25 1 5 3 3 1 1 3 1 1 3 1 3 1 5 3 5
split_gain=0.0640125 0.0371686 0.0189748 0.0132903 0.0126474 0.00568634 0.0053198 0.00581265 0.00520643 0.005061 0.00467961 0.00687536 0.0117232 0.00252329 0.00327615 0.00496411 0.0124112 0.00245161 0.00630766 0.00142649 0.00116955 0.0012312 0.000774884 0.000548345 0.000409661
threshold=0.25712083558513515 0.492157898488434 0.020433060437035664 1.0000000180025095e-35 0.056677163293293815 20.083082595870209 48.000000000000007 81.000000000000014 1.5000000000000002 9679825.0000000019 1.0000000180025095e-35 5.2761799410029502 0.37446233356170505 3653915.0000000005 2568720.5000000005 8.7676513929248945e-06 1954173.5000000002 298234.50000000006 0.0056188674499033356 2568720.5000000005 0.00038018127697725596 25540032.000000004 1.0000000180025095e-35 0.0020685921948375399 1.0000000180025095e-35
decision_type=2 2 2 2 2 2 2 2 2 2 2 2 2 2 2 2 2 2 2 2 2 2 2 2 2
left_child=1 2 3 4 6 8 9 -8 -5 13 19 12 -12 14 15 22 17 18 -17 -6 21 -11 -1 -18 -16
right_child=-2 -3 -4 5 10 -7 7 -9 -10 20 11 -13 -14 -15 24 16 23 -19 -20 -21 -22 -23 -24 -25 -26
leaf_value=0.0003096009169007985 -0.025279666224037014 -0.021953264485884996 0.015640325865818917 -0.046384105557756072 0.035860209423347555 0.0027084016880799312 -0.0012637929775065615 0.088731357630368463 -0.0055156482851373319 0.067944154248183966 -0.0034931472853408255 -0.00099728069562274877 0.27591033716638941 0.0036738798024138933 0.0027022494289731473 0.020893012688841139 0.0033303672913532981 -0.0025925149749312483 -0.0001648580588742732 -0.0031327352471343774 -0.0076352443608627141 -0.0095054387578770161 -0.0021328253230080917 0.003106128796665786 -0.018239291182463903
leaf_weight=21 23 39 22 20 28 20 24 36 32 22 37 32 25 38 22 25 28 27 27 31 23 21 24 29 20
leaf_count=21 23 39 22 20 28 20 24 36 32 22 37 32 25 38 22 25 28 27 27 31 23 21 24 29 20
internal_value=0 0.000196661 0.000380979 0.000277255 0.000447417 -0.000998956 0.000751711 -0.000113835 -0.0015501 0.000910527 -0.00032227 -0.000760418 -0.000146001 0.00110836 0.000980007 0.00116464 0.00146589 0.000654436 0.00105585 0.000375797 0.000128193 0.000436063 0.000254217 0.00259053 0.000184316
internal_weight=0 673 634 612 540 72 387 60 52 327 153 94 62 261 223 181 136 79 52 59 66 43 45 57 42
internal_count=696 673 634 612 540 72 387 60 52 327 153 94 62 261 223 181 136 79 52 59 66 43 45 57 42
is_linear=0
shrinkage=0.1


Tree=63
num_leaves=25
num_cat=0
split_feature=1 48 27 25 1 3 3 47 25 1 1 1 3 1 1 3 1 1 26 70 70 3 3 3
split_gain=0.0523773 0.0385285 0.0296351 0.0891035 0.0304669 0.029944 0.0217969 0.00778176 0.00664207 0.00655445 0.00615588 0.00405181 0.00485614 0.00456181 0.00450395 0.00775508 0.00622369 0.00878085 0.00281819 0.00218956 0.00581265 0.000862231 0.00160684 0.000665688
threshold=15055.000000000002 1.5807420630985789 50.746428571428574 1.0000000180025095e-35 5.5000000000000009 0.034843285551850255 0.9842112643210662 1.0000000180025095e-35 1.0000000180025095e-35 4345710.5000000009 65.500000000000014 3653915.0000000005 0.019307541272722661 298234.50000000006 298234.50000000006 4.5412177421341777e-05 1954173.5000000002 2568720.5000000005 0.15177519287480271 48.000000000000007 81.000000000000014 3.9062135041376959e-05 0.019184999136594893 0.0020685921948375399
decision_type=2 2 2 2 2 2 2 2 2 2 2 2 2 2 2 2 2 2 2 2 2 2 2 2
left_child=2 6 3 4 19 -6 7 8 9 11 -7 12 14 -14 -2 -16 -17 23 -10 -1 -21 -11 -23 -18
right_child=1 -3 -4 -5 5 10 -8 -9 18 21 -12 -13 13 -15 15 16 17 -19 -20 20 -22 22 -24 -25
leaf_value=0.011702991563736021 0.022946880139484451 0.0190820846449288 0.015672844417221121 -0.07935021481905985 -0.058485719359583001 -0.0010892467268883265 -0.090601254348736768 -0.018828784028696789 -0.0049640834566236696 -0.015436268401882815 -0.00089755262606061592 0.003403494923895778 -0.012009290041515897 0.027439362952310378 -0.0025146266378882846 -0.0023332634774384077 0.00285689443570476 0.003171821471620007 0.018456703837452616 -0.0011374136797559053 0.079858221867331561 0.0098378305157030624 -0.0054382041153161259 0.0026785940838280455
leaf_weight=39 37 21 21 20 22 33 21 34 24 26 34 31 25 37 33 20 24 26 22 24 36 39 20 27
leaf_count=39 37 21 21 20 22 33 21 34 24 26 34 31 25 37 33 20 24 26 22 24 36 39 20 27
internal_value=0 0.000590983 -0.00125531 -0.00161677 -0.000941696 -0.00228433 0.000393888 0.000549286 0.000675467 0.000825966 -0.00123326 0.00107518 0.00092994 0.000174169 0.00121053 0.00093347 0.00138397 0.0017922 -0.000453273 0.00026532 -0.000113835 6.36489e-05 0.000275077 0.00255467
internal_weight=0 467 229 208 188 89 446 425 391 345 67 260 229 62 167 130 97 77 46 99 60 85 59 51
internal_count=696 467 229 208 188 89 446 425 391 345 67 260 229 62 167 130 97 77 46 99 60 85 59 51
is_linear=0
shrinkage=0.1


Tree=64
num_leaves=28
num_cat=0
split_feature=70 26 1 50 3 70 1 48 25 3 3 5 1 3 3 1 3 3 3 1 1 3 3 1 3 3 3
split_gain=0.0540065 0.0560181 0.0447133 0.0363298 0.0187888 0.0115195 0.0105253 0.00923203 0.00746225 0.0102201 0.00628405 0.00613582 0.00437556 0.00429178 0.00243531 0.00412769 0.00535244 0.00240086 0.00196678 0.00174912 0.00447975 0.0072026 0.00187217 0.00168029 0.000546211 0.000450604 0.000237744
threshold=81.000000000000014 0.25712083558513515 15055.000000000002 1.906983789222628 0.026314090162737221 48.000000000000007 1140689.0000000002 0.0008241797418892927 1.0000000180025095e-35 0.0056188674499033356 0.00078629042081069329 1.0000000180025095e-35 4345710.5000000009 0.019184999136594893 0.11090058665983916 5.5000000000000009 1.0676065176143745 0.0047233726146460485 0.078896434485292585 4345710.5000000009 3653915.0000000005 4.3149167934763444e-06 1.2888720714562938e-05 2568720.5000000005 0.00011148073849118199 0.00022573608937005398 37.428571428571438
decision_type=2 2 2 2 2 2 2 2 2 2 2 2 2 2 2 2 2 2 2 2 2 2 2 2 2 2 2
left_child=1 2 4 6 5 -1 7 8 9 25 19 12 18 17 -6 -16 -17 -13 23 20 21 -8 -21 -12 -23 -4 -18
right_child=-2 -3 3 -5 14 -7 10 -9 -10 -11 11 13 -14 -15 15 16 26 -19 -20 22 -22 24 -24 -25 -26 -27 -28
leaf_value=-0.04606406357408286 -0.071415193337153848 0.056300512532013472 0.11918771434656179 0.017173876180435955 0.050239013396204159 -0.0010236723117802882 -0.0026333413119068896 -0.065034658458804809 -0.0088733869315998255 -0.011890589991662637 0.00056464629688619545 0.00088302874235353108 -0.0026307962484846572 0.02851567100680992 0.00087027707754980818 -0.00096013807461687868 -0.004624073751590174 0.0011757199840531031 0.024695426657079623 0.010505017740063139 0.0029137717109684047 0.0031928894469494653 -0.0095386779336596571 0.0028546393244578642 0.0025712049921345682 0.0047070749161335357 -0.015281231144513897
leaf_weight=26 39 20 20 20 22 24 21 21 36 37 20 30 31 22 39 23 21 20 22 21 21 22 29 22 20 26 21
leaf_count=26 39 20 20 20 22 24 21 21 36 37 20 30 31 22 39 23 21 20 22 21 21 22 29 22 20 26 21
internal_value=0 0.000260607 9.69909e-05 0.000614663 -0.00125896 -0.00289914 0.000425613 -0.000290725 5.04054e-05 0.000571929 0.000758793 0.00116808 0.000640389 0.00186435 -0.000608089 -0.000810291 -0.00129828 0.00135222 0.00111272 0.000248709 0.000527451 0.000105826 -0.000219578 0.000711506 0.000861891 0.00156713 -0.0019698
internal_weight=0 657 637 461 176 50 441 140 119 83 301 167 95 72 126 104 65 50 64 134 84 63 50 42 42 46 42
internal_count=696 657 637 461 176 50 441 140 119 83 301 167 95 72 126 104 65 50 64 134 84 63 50 42 42 46 42
is_linear=0
shrinkage=0.1


Tree=65
num_leaves=26
num_cat=0
split_feature=48 70 48 49 26 25 3 70 3 1 3 3 3 3 5 3 5 1 1 1 3 27 5 3 3
split_gain=0.0675341 0.0601366 0.0286736 0.0136165 0.00782709 0.0107724 0.00794374 0.0108553 0.00650282 0.00451776 0.00367104 0.00785465 0.00677621 0.00666439 0.00240527 0.00220288 0.0021105 0.00206662 0.00283404 0.00171555 0.00120289 0.00119528 0.000827789 0.000575641 0.000350205
threshold=0.492157898488434 81.000000000000014 0.020433060437035664 43408594.000000007 0.21402241305208156 1.0000000180025095e-35 0.019307541272722661 48.000000000000007 0.001109964885657279 4345710.5000000009 58.131858407079655 1.0000000091703745 0.37446233356170505 0.23962683332253795 1.0411054272875526 7.4306416939442266e-06 1.0000000180025095e-35 1954173.5000000002 2568720.5000000005 82083.500000000015 0.03778523035077342 0.33588092613948267 1.0000000180025095e-35 0.00011148073849118199 0.076894640315072912
decision_type=2 2 2 2 2 2 2 2 2 2 2 2 2 2 2 2 2 2 2 2 2 2 2 2 2
left_child=1 2 4 -2 5 6 7 8 9 14 11 12 13 19 15 16 -1 -10 -19 -8 -21 -7 -17 -11 -22
right_child=3 -3 -4 -5 -6 21 10 -9 17 23 -12 -13 -14 -15 -16 22 -18 18 -20 20 24 -23 -24 -25 -26
leaf_value=0.0037147480262452962 -0.00088430824673784163 -0.064273674003438461 0.013107604581425748 -0.010515370143458292 0.047799297801191368 -0.0079860482384397358 0.04529426702484543 -0.00092130508060224165 0.0058189447402135393 0.0094545159660569325 0.0012079017530389536 -0.0041616663764308731 0.25893316228661617 -0.0044011594209353083 -0.0023218302512624692 0.0028736005022544477 0.0026747651586859437 0.0010581479856476507 0.0079091543189012022 -0.0030673573383765531 -0.0046313040789360826 -0.011748148849226503 0.0023140844929208982 -0.017907476403729739 0.0061220778159533753
leaf_weight=22 20 39 22 20 36 35 23 24 28 34 21 36 26 23 20 30 29 33 31 22 23 20 34 20 25
leaf_count=22 20 39 22 20 36 35 23 24 28 34 21 36 26 23 20 30 29 33 31 22 23 20 34 20 25
internal_value=0 0.000238755 0.000479473 -0.00399362 0.000348388 0.000256346 0.000401362 0.000722043 0.000896394 0.000560764 -9.01348e-05 -0.00023766 9.68121e-05 -0.000230232 0.000869979 0.00104601 0.00153629 0.00158589 0.00189939 0.000146709 -9.94839e-05 -0.00107253 0.000655308 -0.000212274 0.000181159
internal_weight=0 656 617 40 595 559 504 305 281 189 199 178 142 116 135 115 51 92 64 93 70 55 64 54 48
internal_count=696 656 617 40 595 559 504 305 281 189 199 178 142 116 135 115 51 92 64 93 70 55 64 54 48
is_linear=0
shrinkage=0.1


Tree=66
num_leaves=27
num_cat=0
split_feature=26 48 48 26 3 3 3 3 3 3 3 10 3 5 3 3 3 1 70 70 3 1 3 3 1 1
split_gain=0.064577 0.0377564 0.0298443 0.00897592 0.00760917 0.00815109 0.00459664 0.00525498 0.00860178 0.00592443 0.00493476 0.00402542 0.00267469 0.00252739 0.00183712 0.00167367 0.00236617 0.00387738 0.00234035 0.00359641 0.00295053 0.0014429 0.000960953 0.000568946 0.000322575 2.9916e-05
threshold=0.25712083558513515 0.492157898488434 0.020433060437035664 0.010690706220630253 0.056677163293293815 0.001109964885657279 58.131858407079655 0.9842112643210662 0.37446233356170505 5.2761799410029502 0.23962683332253795 1.0000000180025095e-35 0.0088931871709935807 1.0000000180025095e-35 0.027600279111672409 0.00038018127697725596 3.9062135041376959e-05 2568720.5000000005 81.000000000000014 48.000000000000007 4.3976765741445264e-07 2786396.5000000005 0.0031557636082888509 0.054761930855351797 2568720.5000000005 1954173.5000000002
decision_type=2 2 2 2 2 2 2 2 2 2 2 2 2 2 2 2 2 2 2 2 2 2 2 2 2 2
left_child=1 2 3 4 5 11 7 8 10 -9 24 15 13 -7 25 16 18 -18 19 20 -1 -22 -15 -5 -6 -14
right_child=-2 -3 -4 23 6 12 -8 9 -10 -11 -12 -13 14 22 -16 -17 17 -19 -20 -21 21 -23 -24 -25 -26 -27
leaf_value=0.003343273223620713 -0.02522665915304776 -0.022331997105487212 0.011796844123283102 -0.014687674058484746 0.026448501738478569 0.0018817814790367039 0.001087111577734845 -0.010984983437900732 0.63356679965446083 -0.0029439000895315815 -0.0039610434788418308 0.0023549180240024729 0.040685685354099027 0.0034668744762647919 0.021220669779093274 -0.00040386666139298201 0.004168550019419826 0.0015703617894750723 0.085441286414657647 -0.00082917457254199083 -0.0032600727171889334 0.0010582394636713844 0.0052370502661922558 -0.003996680410324238 -0.0041681736710422971 0.0081700402849676831
leaf_weight=20 23 39 22 26 22 35 21 21 22 20 23 42 20 23 25 28 25 31 36 24 26 34 23 20 25 20
leaf_count=20 23 39 22 26 22 35 21 21 22 20 23 42 20 23 25 28 25 31 36 24 26 34 23 20 25 20
internal_value=0 0.000220261 0.000406031 0.000275948 0.000385126 0.000609293 -0.000214595 -0.000431687 -1.20651e-05 -0.00137328 -0.000554144 0.000279763 0.00120967 0.00159309 0.000731869 0.000111315 0.00021463 0.000764 -5.11851e-06 -0.000245672 7.64192e-05 -0.000274207 0.00208034 -0.00106741 3.32085e-05 0.000311576
internal_weight=0 673 634 612 566 412 154 133 92 41 70 266 146 81 65 224 196 56 140 104 80 60 46 46 47 40
internal_count=696 673 634 612 566 412 154 133 92 41 70 266 146 81 65 224 196 56 140 104 80 60 46 46 47 40
is_linear=0
shrinkage=0.1


Tree=67
num_leaves=25
num_cat=0
split_feature=26 46 47 3 25 5 10 3 3 3 3 1 1 70 70 3 3 27 3 3 1 1 1 5
split_gain=0.0648021 0.0172959 0.0158671 0.0738733 0.0131888 0.00603147 0.00410056 0.00267664 0.0070023 0.00554887 0.00828876 0.00264074 0.00440964 0.00242089 0.00581265 0.00195496 0.00125223 0.0011558 0.00114077 0.00324998 0.00193282 0.00184068 0.0015144 0.00142099
threshold=0.25712083558513515 0.0054942506812492445 1.0000000180025095e-35 0.0004878164613535642 1.0000000180025095e-35 1.3304729663362136 1.0000000180025095e-35 0.18519354918056552 0.37446233356170505 0.9842112643210662 6.7245575221238942 4345710.5000000009 3653915.0000000005 48.000000000000007 81.000000000000014 3.9062135041376959e-05 0.0018169069085899926 0.33588092613948267 0.00054673754504555594 0.0022862650450823103 1954173.5000000002 2568720.5000000005 185041.50000000003 1.0000000180025095e-35
decision_type=2 2 2 2 2 2 2 2 2 2 2 2 2 2 2 2 2 2 2 2 2 2 2 2
left_child=1 2 4 -4 5 6 7 11 -9 -10 -11 12 13 18 -15 -13 -17 -6 23 -20 22 -22 -21 -1
right_child=-2 -3 3 -5 17 -7 -8 8 9 10 -12 15 -14 14 -16 16 -18 -19 19 20 21 -23 -24 -25
leaf_value=0.0030089459012586418 -0.022703993237742994 0.0023628218267543136 0.015829785750203131 -0.027140240812872519 -0.02315174255862509 0.011512387416141934 0.034285827866013106 -0.003564939130957612 0.5702101196890148 -0.0029602590001310603 0.00036516665830177431 -0.071940845071129897 0.0042537230356614946 -0.00074625711528781842 0.076897157773191796 0.0067715514393846378 -0.0019725742448688521 -0.0091045665584553962 -0.00036347999525361275 0.036617116818689156 0.0020602770992887544 0.0029968829486563212 -0.0074083440043615674 0.0032516388939598075
leaf_weight=38 23 28 27 22 28 26 26 32 22 20 39 23 23 24 36 31 25 37 24 28 25 25 34 30
leaf_count=38 23 28 27 22 28 26 26 32 22 20 39 23 23 24 36 31 25 37 24 28 25 25 34 30
internal_value=0 0.000229646 0.000124022 -0.00160577 0.000266236 0.000430821 0.000354349 0.00028796 -0.000137471 0.000357311 -0.0001481 0.000419309 0.000560236 0.000444539 -0.000113835 -9.26674e-05 0.000226138 -0.00107829 0.000608766 0.000441554 0.000667845 0.00113044 0.000294787 0.000943192
internal_weight=0 673 645 49 596 531 505 479 113 81 59 366 287 264 60 79 56 65 204 136 112 50 62 68
internal_count=696 673 645 49 596 531 505 479 113 81 59 366 287 264 60 79 56 65 204 136 112 50 62 68
is_linear=0
shrinkage=0.1


Tree=68
num_leaves=27
num_cat=0
split_feature=26 46 48 26 26 5 3 3 3 3 3 3 1 70 70 3 3 3 1 1 1 3 3 5 1 5
split_gain=0.0650005 0.0171787 0.0145213 0.00803642 0.00824578 0.00254378 0.00203321 0.00418485 0.00296911 0.00525573 0.00187382 0.0017664 0.00664049 0.00436299 0.00581265 0.00401699 0.00531955 0.0017957 0.00125271 0.00358518 0.00277761 0.00305924 0.00276712 0.00189082 0.00187161 0.000856719
threshold=0.25712083558513515 0.0054942506812492445 1.4385257509130212 0.055768929212438714 3.6383723723400647e-05 1.4753363299694462 58.131858407079655 0.9842112643210662 0.37446233356170505 0.19043675933517182 5.2761799410029502 1.6037688408817296e-06 1954173.5000000002 48.000000000000007 81.000000000000014 1.0929061987618111e-05 3.9062135041376959e-05 0.00011148073849118199 4345710.5000000009 25540032.000000004 2786396.5000000005 0.00073178285835878481 0.0045212136014953193 1.0000000180025095e-35 82083.500000000015 1.0000000180025095e-35
decision_type=2 2 2 2 2 2 2 2 2 2 2 2 2 2 2 2 2 2 2 2 2 2 2 2 2 2
left_child=1 2 3 4 5 6 7 8 9 11 -9 12 13 -1 -15 -13 -17 -18 20 -20 21 -19 25 -24 -25 -23
right_child=-2 -3 -4 -5 -6 -7 -8 10 -10 -11 -12 15 -14 14 -16 16 17 18 19 -21 -22 22 23 24 -26 -27
leaf_value=0.014132402049658134 -0.02043359391396873 0.0021265396440789176 -0.021681775969958753 -0.015124566882879798 0.030413717105377103 0.0071253340409612072 0.00094188375413182266 -0.0071724610128233836 0.51318910772011328 -0.003208445217861922 -0.002353484180564891 0.006698325094014735 -0.0016713791292730209 -0.0006716314037590543 0.069207441995872546 -0.064746760564016986 0.031411858402999829 0.0032312577822267486 -0.013362318015930087 0.015660757328701893 0.012712446921730703 -0.0001739597688036554 0.0071470085465421109 0.033034560105081927 -0.016544962440319468 -0.00018742690480451075
leaf_weight=30 23 28 23 38 24 21 21 20 22 30 20 29 30 24 36 21 22 27 28 21 22 24 33 22 34 23
leaf_count=30 23 28 23 38 24 21 21 20 22 30 20 29 30 24 36 21 22 27 28 21 22 24 33 22 34 23
internal_value=0 0.000237904 0.000132638 0.000223879 0.000315569 0.00023778 0.000195711 0.000156605 0.000238828 0.000184085 -0.000825955 0.000274177 -5.09919e-05 0.000378494 -0.000113835 0.000401695 0.000284462 0.000409975 0.000328766 -0.000120813 0.000447844 0.000305491 0.00011246 0.000440252 8.64238e-05 -0.000508252
internal_weight=0 673 645 622 584 560 539 518 478 456 40 426 120 90 60 306 277 256 234 49 185 163 136 89 56 47
internal_count=696 673 645 622 584 560 539 518 478 456 40 426 120 90 60 306 277 256 234 49 185 163 136 89 56 47
is_linear=0
shrinkage=0.1


Tree=69
num_leaves=26
num_cat=0
split_feature=70 26 46 48 25 70 5 3 1 3 3 3 1 1 3 1 5 1 3 3 3 3 1 27 3
split_gain=0.0539582 0.0351874 0.0187992 0.0131731 0.00911294 0.00622938 0.00362466 0.00340101 0.0110803 0.0070352 0.00243414 0.00197808 0.00382819 0.00248249 0.00237447 0.00252208 0.0020116 0.00270891 0.00256621 0.00224701 0.00800438 0.00178771 0.00134567 0.00130424 0.00129907
threshold=81.000000000000014 0.25712083558513515 0.0054942506812492445 1.4385257509130212 1.0000000180025095e-35 48.000000000000007 1.3593918304378623 1.7386391400702291e-05 1954173.5000000002 1.6037688408817296e-06 0.0001448077233852178 58.131858407079655 65.500000000000014 5.5000000000000009 0.9842112643210662 82083.500000000015 1.0000000180025095e-35 2786396.5000000005 0.0018169069085899926 0.019307541272722661 0.076894640315072912 0.0028857183522401487 1140689.0000000002 0.081513065791505149 0.026314090162737221
decision_type=2 2 2 2 2 2 2 2 2 2 2 2 2 2 2 2 2 2 2 2 2 2 2 2 2
left_child=1 2 3 4 5 6 7 8 -1 -10 -9 12 13 -12 15 -14 19 18 -18 21 -21 -17 -20 -6 -25
right_child=-2 -3 -4 -5 23 -7 -8 10 9 -11 11 -13 14 -15 -16 16 17 -19 22 20 -22 -23 -24 24 -26
leaf_value=0.032190352454541764 -0.051009881972618666 0.052726956129168959 0.0019138856796709902 -0.019513598372962893 -0.0081491326716715672 -0.00060446826338313999 0.0096486152704315497 -0.0064410612034642156 -0.0011441664584381783 0.0049545323628080954 0.26005799076879832 0.00084769537871878244 0.03042328091342128 -0.037696511072841332 -0.0021181357625081887 0.00026793269713465406 0.0031034053498594006 0.0031719588018233936 -0.014890466196287378 -0.0079439064914389231 0.018048097471345417 0.020838700868657158 -2.207897651373969e-05 -0.0020391616427836825 -0.013612110194591765
leaf_weight=35 39 20 28 23 24 24 25 36 28 24 20 21 24 21 26 38 21 33 25 28 26 24 34 27 22
leaf_count=35 39 20 28 23 24 24 25 36 28 24 20 21 24 21 26 38 21 33 25 28 26 24 34 27 22
internal_value=0 0.000258895 0.00012922 1.27347e-05 0.000104875 0.000253634 0.000330834 0.000267638 0.000831218 -9.46494e-05 0.000137581 0.000220142 0.000158442 -0.000743818 0.000291033 0.000384553 0.00028234 -1.79509e-05 -0.000332414 0.000574865 0.000103266 0.000985613 -0.000670312 -0.000940513 -0.000644695
internal_weight=0 657 637 609 586 513 489 464 87 52 377 341 320 41 279 253 229 113 80 116 54 62 59 73 49
internal_count=696 657 637 609 586 513 489 464 87 52 377 341 320 41 279 253 229 113 80 116 54 62 59 73 49
is_linear=0
shrinkage=0.1


Tree=70
num_leaves=27
num_cat=0
split_feature=26 47 48 48 25 5 27 3 3 3 3 68 70 1 3 3 3 3 1 3 3 1 26 1 3 3
split_gain=0.0626513 0.0180201 0.0359165 0.0087849 0.00621681 0.00657508 0.00437568 0.00227512 0.00261388 0.00337626 0.00463334 0.00209266 0.00714153 0.00440364 0.00296865 0.0040542 0.00294267 0.00233532 0.00202484 0.00433495 0.00459664 0.00447767 0.00181808 0.00168132 0.00158666 0.000432489
threshold=0.25712083558513515 6.5000000000000009 0.492157898488434 0.0008241797418892927 1.0000000180025095e-35 1.3593918304378623 20.083082595870209 58.131858407079655 0.9842112643210662 0.37446233356170505 0.19043675933517182 1.0000000180025095e-35 81.000000000000014 185041.50000000003 1.6037688408817296e-06 3.3549682405304946e-05 0.0022862650450823103 0.0001448077233852178 3052001.5000000005 0.00073178285835878481 0.0047233726146460485 2568720.5000000005 0.033904386879576441 9679825.0000000019 0.028692104949705137 0.0024682039304717135
decision_type=2 2 2 2 2 2 2 2 2 2 2 2 2 2 2 2 2 2 2 2 2 2 2 2 2 2
left_child=1 2 3 4 5 7 22 8 9 10 11 13 -13 16 -15 -16 -1 -17 19 -19 25 24 -6 -20 -22 -21
right_child=-2 -3 -4 -5 6 -7 -8 -9 -10 -11 -12 12 -14 14 15 17 -18 18 23 20 21 -23 -24 -25 -26 -27
leaf_value=0.030228090485249482 -0.023662930135488747 0.013378140653571437 -0.032395879587912728 0.0029956982548071664 -0.013988610687869319 0.0086837537433886777 0.00018711199430097026 0.00076292584084711743 -0.0031553976628956094 0.45882786885675986 -0.028116345939947787 -0.00054402143704486157 0.067387685993547039 -0.0010297498125943604 0.0055330393483323803 -0.0057969550831174395 0.026609621034969777 0.0027930648148732475 0.018902214763223669 -0.00048864291702699347 0.058771936027621055 -0.020614701583032514 -0.0064777370500433314 0.0042111246823935749 0.016243287724211086 -0.00041991196523483154
leaf_weight=21 23 28 22 20 22 24 20 21 39 22 30 35 36 31 34 26 29 20 29 21 20 21 25 35 22 20
leaf_count=21 23 28 22 20 22 24 20 21 39 22 30 35 36 31 34 26 29 20 29 21 20 21 25 35 22 20
internal_value=0 0.00013931 3.14971e-05 0.000171725 0.000103337 0.000216859 -0.000804839 0.000141029 9.74344e-05 0.000165209 0.000103389 0.000193286 -0.00029908 0.000299541 0.000144663 0.00025999 0.00116376 9.88295e-05 0.000221679 -1.40947e-05 -0.000273381 0.00026294 -0.00133201 0.000678491 0.00085907 -0.00109748
internal_weight=0 673 645 623 603 536 67 512 491 452 430 400 71 329 279 248 50 214 188 124 104 63 47 64 42 41
internal_count=696 673 645 623 603 536 67 512 491 452 430 400 71 329 279 248 50 214 188 124 104 63 47 64 42 41
is_linear=0
shrinkage=0.1


Tree=71
num_leaves=25
num_cat=0
split_feature=26 47 50 5 3 1 3 3 3 27 68 70 1 3 1 3 3 3 3 1 3 3 3 3
split_gain=0.0633769 0.0131163 0.0306918 0.00354338 0.00307327 0.00342243 0.00497518 0.00880656 0.0157084 0.00438648 0.00565876 0.00714153 0.00532143 0.00461625 0.00271743 0.00377731 0.00489204 0.00204917 0.00189555 0.00177377 0.00142991 0.00128578 0.00113314 0.00307046
threshold=0.25712083558513515 3.5000000000000004 4.1228090255017644 1.3593918304378623 2.2203528624825863 3052001.5000000005 0.0004878164613535642 0.010474295515460566 0.0056188674499033356 0.034644213365461154 1.0000000180025095e-35 81.000000000000014 1954173.5000000002 7.6858321963803462e-06 9.5000000000000018 0.30127312263560818 0.13922586388981004 0.00054673754504555594 0.021610775325385946 1140689.0000000002 0.0022862650450823103 20.050126422250319 3.3549682405304946e-05 1.6037688408817296e-06
decision_type=2 2 2 2 2 2 2 2 2 2 2 2 2 2 2 2 2 2 2 2 2 2 2 2
left_child=1 3 -3 4 5 6 9 8 20 10 12 -12 13 -1 -9 16 19 22 -19 -16 -8 -6 23 -7
right_child=-2 2 -4 -5 21 17 7 14 -10 -11 11 -13 -14 -15 15 -17 -18 18 -20 -21 -22 -23 -24 -25
leaf_value=0.083368039796606661 -0.021296637121939899 -0.0003329299135881314 0.0069330697387068874 0.0078153783690495977 0.0010913517530681816 -0.00092462702496902698 -0.00043977862532429413 -0.021203478446176052 -0.20057712302984865 -0.01847242174519188 -0.00048961929334039316 0.060648917394192384 -4.8893351679879521e-05 0.0026961284293264502 -0.012589749619082369 -0.0059278615690006482 0.014618958951790263 0.009233784873052998 0.0095590336625701166 0.025827921298814973 -0.0001244851201491315 0.00068663325676254772 -0.0055433056550491244 0.0021097610515795396
leaf_weight=26 23 37 22 26 20 20 24 38 20 25 35 36 29 29 34 26 23 26 29 33 27 31 33 24
leaf_count=26 23 37 22 26 20 20 24 38 20 25 35 36 29 29 34 26 23 26 29 33 27 31 33 24
internal_value=0 0.000169957 0.00159411 3.31091e-05 -1.74062e-05 -8.78608e-05 -0.000231986 -0.000545475 -0.00146686 0.000159875 0.000358131 -0.00029908 0.000913631 0.00149158 -0.000120678 0.000119748 0.000426457 0.000354341 0.000820534 -5.50965e-06 -0.000535399 0.00072444 2.13463e-05 0.000353568
internal_weight=0 673 59 614 588 537 405 225 71 180 155 71 84 55 154 116 90 132 55 67 51 51 77 44
internal_count=696 673 59 614 588 537 405 225 71 180 155 71 84 55 154 116 90 132 55 67 51 51 77 44
is_linear=0
shrinkage=0.1


Tree=72
num_leaves=25
num_cat=0
split_feature=70 26 47 50 68 25 26 5 5 1 1 3 3 3 3 3 3 3 1 3 3 3 3 1
split_gain=0.0533405 0.0355628 0.0143883 0.0306918 0.0060179 0.00538705 0.00618296 0.00362258 0.00427291 0.0146157 0.00579518 0.0050297 0.0047001 0.00804315 0.00444877 0.0183897 0.00461831 0.00715705 0.00447255 0.00466019 0.00076737 0.000726059 0.000243894 4.7063e-05
threshold=81.000000000000014 0.25712083558513515 3.5000000000000004 4.1228090255017644 1.0000000180025095e-35 1.0000000180025095e-35 0.033904386879576441 1.3593918304378623 1.0000000180025095e-35 298234.50000000006 1954173.5000000002 0.076894640315072912 0.019980800106089044 0.001109964885657279 0.0018169069085899926 0.010474295515460566 0.081761719037339628 0.37446233356170505 298234.50000000006 3.0167898363362526e-06 4.9467795959366559e-05 0.054761930855351797 20.050126422250319 82083.500000000015
decision_type=2 2 2 2 2 2 2 2 2 2 2 2 2 2 2 2 2 2 2 2 2 2 2 2
left_child=1 2 4 -4 5 7 -7 8 9 -1 -11 12 13 -12 18 -16 23 -18 -10 -20 -21 -8 -19 -17
right_child=-2 -3 3 -5 -6 6 21 -9 14 10 11 -13 -14 -15 15 16 17 22 19 20 -22 -23 -24 -25
leaf_value=0.14470430296185413 -0.041412937049613956 0.051950217241994959 -0.00029963692222931829 0.0062397627648362432 -0.00044065736400638049 -0.035483099781525952 -0.0039827211705198099 0.0070338405321443533 0.014865356600805769 -0.0086795440053727187 -0.00039580076279150945 0.010912856014200757 -0.0085265316767912935 0.010918206339562177 -0.1800110792700032 0.025286788861642862 -0.023961417334343163 0.00098221657776136344 -0.00083431212883766648 0.004984624748667699 0.0015102719660966104 0.0022887486394886024 0.00061796993108629303 0.039755031665331592
leaf_weight=33 39 20 37 22 35 23 24 24 26 27 35 23 24 30 35 20 29 34 29 25 37 20 24 21
leaf_count=33 39 20 37 22 35 23 24 24 26 27 35 23 24 30 35 20 29 34 29 25 37 20 24 21
internal_value=0 0.000236919 0.000106554 0.00159411 -4.52898e-05 3.66307e-05 -0.00080291 0.000154801 9.12328e-05 0.000483523 3.43691e-05 0.000351398 1.07302e-05 0.000452308 -0.000149746 -0.000487453 6.79679e-05 -0.000344385 0.000320735 -9.74897e-06 0.000479674 -0.000108368 0.000296961 0.00094296
internal_weight=0 657 637 59 578 543 67 476 452 172 139 112 89 65 280 163 128 87 117 91 62 44 58 41
internal_count=696 657 637 59 578 543 67 476 452 172 139 112 89 65 280 163 128 87 117 91 62 44 58 41
is_linear=0
shrinkage=0.1


Tree=73
num_leaves=27
num_cat=0
split_feature=26 47 50 25 26 1 3 70 3 5 3 3 3 1 1 70 3 3 3 1 3 1 1 3 3 1
split_gain=0.0622965 0.0139715 0.0306918 0.0046454 0.00618296 0.00282544 0.00598604 0.0163376 0.00475279 0.00426716 0.00670731 0.00477296 0.00469992 0.0102295 0.00560027 0.00393594 0.00303805 0.00221241 0.00211141 0.00340455 0.00185126 0.00168093 0.00159432 0.00157287 0.000726059 0.000351548
threshold=0.25712083558513515 3.5000000000000004 4.1228090255017644 1.0000000180025095e-35 0.033904386879576441 15055.000000000002 0.026314090162737221 81.000000000000014 0.30127312263560818 1.0000000180025095e-35 0.076894640315072912 0.0004878164613535642 0.00078629042081069329 1140689.0000000002 298234.50000000006 48.000000000000007 1.6037688408817296e-06 0.0045212136014953193 58.131858407079655 65.500000000000014 0.025682638682336095 5.5000000000000009 2568720.5000000005 2.9822477388956332e-05 0.054761930855351797 9679825.0000000019
decision_type=2 2 2 2 2 2 2 2 2 2 2 2 2 2 2 2 2 2 2 2 2 2 2 2 2 2
left_child=1 3 -3 5 -5 6 7 15 9 10 11 -7 14 -14 -11 -1 -16 -13 19 21 -19 -8 -15 -18 -6 -25
right_child=-2 2 -4 4 24 8 18 -9 -10 12 -12 17 13 22 16 -17 23 20 -20 -21 -22 -23 -24 25 -26 -27
leaf_value=-0.10509252919312928 -0.024361995133945415 -0.00026967323000643973 0.0056157864883526372 -0.031934789803373324 -0.0035844490534678642 0.0019383650227005945 0.21978816598671572 0.05872531935973449 -0.011577540689853906 0.013378820940724978 0.012065777455190841 -0.0016162794141990845 -0.0016004296624160476 0.03970361520392629 -0.00075088091595389985 -0.00039659162760576907 0.0030946418453630998 0.016318519192290638 0.00055617293797780574 0.00088399491998529815 -0.0034662929373112661 -0.033818677032350308 0.0035693095083807694 -0.00067691488260948065 0.0020598737755397781 0.027526671591042984
leaf_weight=20 23 37 22 23 24 38 20 36 27 24 21 34 24 35 28 24 27 21 21 39 23 21 23 21 20 20
leaf_count=20 23 37 22 23 24 38 20 36 27 24 21 34 24 35 28 24 27 21 21 39 23 21 23 21 20 20
internal_value=0 0.000124259 0.00159411 -1.69801e-05 -0.00080291 7.92855e-05 -0.000243899 -0.000890069 0.000239112 0.000340811 -8.99984e-05 -0.000387709 0.000632993 0.00121651 0.000234257 -0.0021827 -0.000107316 -0.000835432 0.000267918 3.36624e-05 -0.000367268 -0.000602584 0.00193499 0.000253666 -0.000108368 -0.000136619
internal_weight=0 673 59 614 67 547 181 80 366 339 137 116 202 82 120 44 96 78 101 80 44 41 58 68 44 41
internal_count=696 673 59 614 67 547 181 80 366 339 137 116 202 82 120 44 96 78 101 80 44 41 58 68 44 41
is_linear=0
shrinkage=0.1


Tree=74
num_leaves=26
num_cat=0
split_feature=26 48 49 25 27 3 3 3 3 3 5 1 3 1 70 70 3 3 3 3 1 3 3 3 1
split_gain=0.0613726 0.0114993 0.0163529 0.00378328 0.00585294 0.00240603 0.00387522 0.00211165 0.00186042 0.00159327 0.0036455 0.00723459 0.00250024 0.00184676 0.00351276 0.00581265 0.00548219 0.00310948 0.0018285 0.00148177 0.00289338 0.0012008 0.00150817 0.0010202 0.000651647
threshold=0.25712083558513515 0.492157898488434 18070405.500000004 1.0000000180025095e-35 0.081513065791505149 2.2203528624825863 0.20774584356396039 20.050126422250319 0.37446233356170505 0.0018169069085899926 1.0000000180025095e-35 1140689.0000000002 0.0088931871709935807 298234.50000000006 48.000000000000007 81.000000000000014 7.4306416939442266e-06 1.6037688408817296e-06 0.005910943845482703 0.0004878164613535642 2568720.5000000005 1.2888720714562938e-05 0.00011148073849118199 0.0079156247436141334 3653915.0000000005
decision_type=2 2 2 2 2 2 2 2 2 2 2 2 2 2 2 2 2 2 2 2 2 2 2 2 2
left_child=1 2 3 5 -5 6 9 -7 -8 13 18 -12 -13 14 16 -16 -1 -15 -11 20 -19 -22 -23 -6 -20
right_child=-2 -3 -4 4 23 7 8 -9 -10 10 11 12 -14 17 15 -17 -18 19 24 -21 21 22 -24 -25 -26
leaf_value=0.020156809327990289 -0.021925795620550838 -0.016201512476064918 0.0097674891770058291 -0.028741310823036062 -0.0032260041481210425 0.0007955954279864841 -0.042371457729498734 0.00050055564418016729 -0.00070021104403679153 -0.0021579313070343889 -0.00030854273139766523 0.014065315036283721 0.026038287023616394 -0.00067579282435872303 -0.0003569324648451833 0.052852787423761073 -0.00039790216775923429 0.0027851776608265768 0.008194533786377179 -0.00059621111088006276 0.003540542660545043 -0.0052635831705224239 0.0012678586098726187 0.0018538863979857823 -0.0027247352771944122
leaf_weight=26 23 39 20 20 24 20 28 31 34 21 41 26 23 32 24 36 21 28 34 32 20 26 22 25 20
leaf_count=26 23 39 20 20 24 20 28 31 34 21 41 26 23 32 24 36 21 28 34 32 20 26 22 25 20
internal_value=0 8.48677e-05 0.000187389 9.57286e-05 -0.000601899 0.000184052 0.000116541 0.000837981 -0.000622776 0.000222647 0.000466943 0.000896031 0.00171615 7.16773e-05 0.000393279 -0.000113835 0.00104066 -0.000143394 -4.7962e-05 7.70276e-05 0.000273465 -7.88173e-05 -0.00035007 -1.34894e-05 0.000259952
internal_weight=0 673 634 614 69 545 494 51 62 432 165 90 49 267 107 60 47 160 75 128 96 68 48 49 54
internal_count=696 673 634 614 69 545 494 51 62 432 165 90 49 267 107 60 47 160 75 128 96 68 48 49 54
is_linear=0
shrinkage=0.1


Tree=75
num_leaves=26
num_cat=0
split_feature=70 47 50 27 27 70 3 1 1 3 1 3 1 1 3 3 3 3 3 3 3 1 3 3 27
split_gain=0.0675198 0.00963224 0.0356965 0.0108818 0.0061095 0.00467896 0.00555192 0.0127354 0.00576222 0.0103803 0.0248272 0.00594318 0.00485255 0.00442211 0.00282574 0.00323107 0.00237079 0.00184742 0.00151933 0.00392119 0.00148874 0.00388663 0.00104542 0.000835983 0.00060782
threshold=81.000000000000014 3.5000000000000004 1.906983789222628 0.51645406055080134 0.13821027502478758 48.000000000000007 4.3976765741445264e-07 1954173.5000000002 1954173.5000000002 0.010474295515460566 134628.00000000003 0.0001448077233852178 2568720.5000000005 82083.500000000015 0.076894640315072912 0.0063766011260046303 0.0020685921948375399 0.21942641782333594 3.3549682405304946e-05 4.3149167934763444e-06 58.131858407079655 9.5000000000000018 1.3841592920353987 0.00078629042081069329 50.746428571428574
decision_type=2 2 2 2 2 2 2 2 2 2 2 2 2 2 2 2 2 2 2 2 2 2 2 2 2
left_child=1 3 -3 4 5 6 7 -1 9 10 -8 18 16 20 15 23 -13 -15 19 -10 21 -11 -23 -14 -5
right_child=-2 2 -4 24 -6 -7 8 -9 11 13 -12 12 14 17 -16 -17 -18 -19 -20 -21 -22 22 -24 -25 -26
leaf_value=0.01814112839519133 -0.032642864269202952 -0.0028465346093675238 0.0066743590871238823 0.051383974593245091 -0.023789348099763963 -0.00032123921836069158 -0.15038889863294405 -0.00060821354192270867 -0.0025645034973933892 -0.038134311956548927 -0.00027768845825804078 0.00039230059081134532 0.0011410727488854633 -0.012906805230714725 0.0087396198682821342 -0.0039391170222177864 0.01265878353265535 -0.010349765516464694 -0.0046168731984835175 0.003450072522304737 0.00045050007976215061 0.022726886167752626 0.00025509343074716642 0.0078620693493881792 0.014903780656136335
leaf_weight=43 39 32 28 20 20 24 20 25 20 30 39 20 23 28 23 36 33 20 26 24 21 32 20 29 21
leaf_count=43 39 32 28 20 20 24 20 25 20 30 39 20 23 28 23 36 33 20 26 24 21 32 20 29 21
internal_value=0 0.000218634 0.00142643 9.72473e-05 -1.86888e-05 4.53434e-05 0.000109311 0.000950752 -1.95579e-05 -0.000399836 -0.00152459 0.000321718 0.00065097 3.96381e-05 0.000275098 1.71532e-05 0.00143817 -0.00075309 -0.000449673 -9.1546e-05 0.000409065 0.00021667 0.000739594 0.000521328 0.00166945
internal_weight=0 657 60 597 556 536 512 68 444 210 59 234 164 151 111 88 53 48 70 44 103 82 52 52 41
internal_count=696 657 60 597 556 536 512 68 444 210 59 234 164 151 111 88 53 48 70 44 103 82 52 52 41
is_linear=0
shrinkage=0.1


Tree=76
num_leaves=27
num_cat=0
split_feature=26 47 48 26 3 49 1 70 70 3 3 1 5 3 5 3 3 5 3 3 3 1 3 1 3 3
split_gain=0.0635337 0.0174836 0.0249204 0.00337203 0.00331512 0.00302093 0.00189433 0.00210721 0.00581265 0.00256219 0.00618179 0.00680346 0.00914896 0.00908814 0.00337358 0.00237647 0.00181651 0.00336282 0.00275589 0.00176777 0.00266587 0.00172636 0.00133748 0.00112087 0.0010821 0.00081065
threshold=0.25712083558513515 6.5000000000000009 0.34790429800275396 0.010690706220630253 0.054761930855351797 5112040.5000000009 2568720.5000000005 48.000000000000007 81.000000000000014 0.018927733181247301 0.0050669330162809783 298234.50000000006 1.0000000180025095e-35 0.0001448077233852178 1.0000000180025095e-35 3.0840707964601775 0.00019575000739218483 1.0000000180025095e-35 3.3549682405304946e-05 0.23962683332253795 0.37446233356170505 3052001.5000000005 26.500000000000004 82083.500000000015 0.028990083005030132 3.0167898363362526e-06
decision_type=2 2 2 2 2 2 2 2 2 2 2 2 2 2 2 2 2 2 2 2 2 2 2 2 2 2
left_child=1 2 3 5 -5 6 7 9 -9 10 11 14 -13 -14 -1 19 18 21 25 23 -21 -18 -17 -11 -23 -8
right_child=-2 -3 -4 4 -6 -7 16 8 -10 15 -12 12 13 -15 -16 22 17 -19 -20 20 -22 24 -24 -25 -26 -27
leaf_value=0.0163270155556722 -0.02487161351782019 0.011438455138032745 -0.030082438189416916 -0.0099127717978072741 0.00017811969257355289 -0.00220436928652763 -0.0003771102807576199 -0.000289115296524578 0.050831795108305225 0.020427876139844516 0.057733129219229795 -0.00057582005887297789 -0.0023872615230125407 0.01114458578427744 0.0082111450743340697 0.00069052654211319018 -0.0027283451112698033 0.0070758624144495741 -0.013643155424736264 -0.034716461397967892 0.19270076161864813 0.021140159169055296 0.00040545007178565133 -0.0089205524127095263 -0.00030861453573614032 0.0031050652700741923
leaf_weight=32 23 28 24 26 20 20 27 24 36 23 21 32 20 24 35 20 30 36 22 23 27 20 27 32 21 23
leaf_count=32 23 28 24 26 20 20 27 24 36 23 21 32 20 24 35 20 30 36 22 23 27 20 27 32 21 23
internal_value=0 0.000176557 7.03615e-05 0.000192558 -0.000631305 0.000258467 0.000301978 0.00042945 -0.000113835 0.000532605 0.000806739 0.000571463 -7.61677e-05 0.000859513 0.00130609 0.00023683 3.42167e-05 0.000295533 -0.000354129 -2.77142e-05 -0.000458057 -0.000103659 0.000827833 0.000363507 0.00031814 5.62554e-05
internal_weight=0 673 645 621 46 575 555 376 60 316 164 143 76 44 67 152 179 107 72 105 50 71 47 55 41 50
internal_count=696 673 645 621 46 575 555 376 60 316 164 143 76 44 67 152 179 107 72 105 50 71 47 55 41 50
is_linear=0
shrinkage=0.1


Tree=77
num_leaves=27
num_cat=0
split_feature=70 27 26 47 48 70 1 25 3 3 1 1 3 3 3 3 3 3 3 3 3 3 5 1 3 27
split_gain=0.0663758 0.00967252 0.00667825 0.0141764 0.0202684 0.00547292 0.00296656 0.00300339 0.00262083 0.00292774 0.00721508 0.00472351 0.00264146 0.00242346 0.00241706 0.00210886 0.00215809 0.00134034 0.00247559 0.00328121 0.00234666 0.00133748 0.00133722 0.00112087 0.00081065 0.00060782
threshold=81.000000000000014 0.51645406055080134 0.055768929212438714 6.5000000000000009 0.492157898488434 48.000000000000007 2568720.5000000005 1.0000000180025095e-35 0.018927733181247301 0.0018169069085899926 298234.50000000006 1954173.5000000002 3.0840707964601775 7.4306416939442266e-06 3.9062135041376959e-05 0.23962683332253795 0.37446233356170505 0.076894640315072912 0.0088931871709935807 0.0003056025173114538 3.3549682405304946e-05 26.500000000000004 1.0000000180025095e-35 82083.500000000015 3.0167898363362526e-06 50.746428571428574
decision_type=2 2 2 2 2 2 2 2 2 2 2 2 2 2 2 2 2 2 2 2 2 2 2 2 2 2
left_child=1 2 3 4 5 6 7 8 9 10 13 -11 15 -1 -12 23 -17 18 19 20 24 -14 -21 -10 -8 -3
right_child=-2 25 -4 -5 -6 -7 17 -9 12 11 14 -13 21 -15 -16 16 -18 -19 -20 22 -22 -23 -24 -25 -26 -27
leaf_value=0.014694314000104925 -0.026891416490500641 0.048732738485702587 -0.012175650143704432 0.020640822964315755 -0.027074194370475271 -0.00026020376687210247 -0.00033939925268171582 -0.00075766634984653081 0.018385088525860026 0.0036791463006153437 -0.0048868337759849119 0.010278446600961645 0.000621473887901658 0.012817178876463232 0.00018866616819153138 -0.031244815258171067 0.0029989742440637459 0.0028368467438847134 -0.0032723708088692408 0.04919403334345418 -0.0073998728171975614 0.00036490506460680195 0.0063682761730049723 -0.0080284971714384319 0.0027945587430664889 0.013395590621265364
leaf_weight=26 39 20 22 27 21 24 27 27 23 22 20 28 20 24 33 23 30 23 37 23 31 27 23 32 23 21
leaf_count=26 39 20 22 27 21 24 27 27 23 22 20 28 20 24 33 23 30 23 37 23 31 27 23 32 23 21
internal_value=0 0.000182199 8.32092e-05 0.000146576 3.99698e-05 0.000157225 0.000225111 0.000403222 0.000491874 0.00078548 0.0004807 0.00141333 0.000202057 0.0013424 -0.000332222 -7.02716e-05 -0.000520419 -9.39638e-05 -0.000194224 1.54844e-05 -0.000367562 0.000827833 0.000689979 0.000363507 5.62554e-05 0.00166945
internal_weight=0 657 616 594 567 546 522 335 308 153 103 50 155 50 53 108 53 187 164 127 81 47 46 55 50 41
internal_count=696 657 616 594 567 546 522 335 308 153 103 50 155 50 53 108 53 187 164 127 81 47 46 55 50 41
is_linear=0
shrinkage=0.1


Tree=78
num_leaves=25
num_cat=0
split_feature=70 26 47 50 25 26 70 3 3 1 3 3 5 1 3 3 3 5 3 3 5 3 3 3
split_gain=0.0648786 0.00931172 0.0103093 0.0364967 0.00520632 0.00539856 0.00470436 0.00456278 0.0162429 0.011105 0.0033393 0.00275682 0.0036792 0.00650046 0.00516886 0.00271499 0.00209679 0.0014975 0.00133748 0.00132618 0.000998679 0.00294234 0.000663451 0.000441435
threshold=81.000000000000014 0.25712083558513515 3.5000000000000004 4.1228090255017644 1.0000000180025095e-35 0.033904386879576441 48.000000000000007 0.0088053097345132756 0.024358926698213167 185041.50000000003 3.0840707964601775 1.6037688408817296e-06 1.0000000180025095e-35 2568720.5000000005 0.00054673754504555594 0.11090058665983916 0.0003056025173114538 1.0000000180025095e-35 26.500000000000004 0.0020685921948375399 1.0000000180025095e-35 0.37446233356170505 0.054761930855351797 2.9822477388956332e-05
decision_type=2 2 2 2 2 2 2 2 2 2 2 2 2 2 2 2 2 2 2 2 2 2 2 2
left_child=1 2 4 -4 6 -6 7 9 -9 -1 15 -11 14 19 -13 17 23 -10 -12 -14 -17 -22 -7 -15
right_child=-2 -3 3 -5 5 22 -8 8 10 11 18 12 13 16 -16 20 -18 -19 -20 -21 21 -23 -24 -25
leaf_value=0.011535460988817192 -0.024202274841450589 0.043859464637132334 -0.0020142071388910667 0.0064393373560009516 -0.025543207331269004 0.00099201881347568146 -0.00023418339018492775 -0.12963434551366043 -0.0020458350454816811 -0.00047574123438636211 0.00055932649911127896 0.0004555046008306363 0.0042805826008510909 -0.00030545932741361527 -0.0020652366943672007 -0.00029506610773495369 0.0011442661678007227 0.016572901084406767 0.00032841455814605072 0.0092506019408652666 -0.028447253288018004 0.3001255365756077 -0.0011792513388103388 -0.011538852600543237
leaf_weight=39 39 20 37 22 23 24 24 26 30 35 20 33 31 20 38 35 21 38 27 23 27 21 20 23
leaf_count=39 39 20 37 22 23 24 24 26 30 35 20 33 31 20 38 35 21 38 27 23 27 21 20 23
internal_value=0 0.000134037 6.7329e-05 0.0013265 -6.12018e-05 -0.000890049 4.74728e-05 0.00011483 -0.000216839 0.000397315 9.17366e-05 0.000126178 0.000277145 0.000619388 -0.000291652 -0.00013738 -6.23825e-05 0.000331088 0.000827833 0.00142741 -0.000521185 -0.000817386 -0.000241057 -0.000462385
internal_weight=0 657 637 59 578 67 511 487 224 263 198 224 189 118 71 151 64 68 47 54 83 48 44 43
internal_count=696 657 637 59 578 67 511 487 224 263 198 224 189 118 71 151 64 68 47 54 83 48 44 43
is_linear=0
shrinkage=0.1


Tree=79
num_leaves=23
num_cat=0
split_feature=26 47 50 3 3 1 3 3 1 3 70 70 5 3 3 1 1 27 3 3 3 3
split_gain=0.0635883 0.0129529 0.0306918 0.00313612 0.00639461 0.00990923 0.0136357 0.00498907 0.00413626 0.00625682 0.00515206 0.00581265 0.00496656 0.00947567 0.00521644 0.00401915 0.0102986 0.00378599 0.0026475 0.00133748 0.00059843 0.000590592
threshold=0.25712083558513515 3.5000000000000004 4.1228090255017644 3.0840707964601775 0.0088053097345132756 1140689.0000000002 0.034843285551850255 0.056677163293293815 298234.50000000006 1.6037688408817296e-06 48.000000000000007 81.000000000000014 1.0000000180025095e-35 0.00078629042081069329 0.00084597978175703005 9.5000000000000018 82083.500000000015 1.0000000180025095e-35 0.00022026033908338413 26.500000000000004 0.11220817986044812 4.9467795959366559e-05
decision_type=2 2 2 2 2 2 2 2 2 2 2 2 2 2 2 2 2 2 2 2 2 2
left_child=1 3 -3 4 8 6 -6 -7 10 -10 17 -12 14 21 -11 -8 -17 18 -1 -5 -9 -14
right_child=-2 2 -4 19 5 7 15 20 9 12 11 -13 13 -15 -16 16 -18 -19 -20 -21 -22 -23
leaf_value=0.012071336501212749 -0.021782047357305535 -0.001812786425001889 0.0057954036204008299 0.00050339384920050634 -0.11667091096229439 0.021245290382123729 -0.022433205445976157 0.0079652644918859049 -0.0016122778696740171 0.0003462354607151497 -0.0002107650511664616 0.050857984730669693 0.0038525243407661947 0.0083255417467789535 -0.0018587130249301254 0.17416576005149054 -0.010715235830328851 0.00089281693212797111 0.010381914889935473 0.00029557310233130352 -0.0022543231715076218 -0.0021502157976733827
leaf_weight=32 23 37 22 20 25 39 39 22 35 37 24 36 36 37 32 24 27 37 28 27 25 32
leaf_count=32 23 37 22 20 25 39 39 22 35 37 24 36 36 37 32 24 27 37 28 27 25 32
internal_value=0 0.000178853 0.00159411 4.28598e-05 -2.22085e-05 -0.000475375 -0.00108256 0.000336561 0.000226662 -6.47053e-05 0.000614532 -0.000113835 0.000180688 0.000613783 -0.000478369 -0.000508659 7.57176e-05 0.00106507 0.00155567 0.000827833 -0.000357254 -8.69568e-05
internal_weight=0 673 59 614 567 201 115 86 366 209 157 60 174 105 69 90 51 97 60 47 47 68
internal_count=696 673 59 614 567 201 115 86 366 209 157 60 174 105 69 90 51 97 60 47 47 68
is_linear=0
shrinkage=0.1


Tree=80
num_leaves=26
num_cat=0
split_feature=70 27 1 50 3 70 3 49 3 3 5 1 26 3 3 27 3 3 1 3 3 1 1 1 3
split_gain=0.0674893 0.013883 0.0104276 0.0543307 0.0484354 0.0178738 0.0115768 0.0069116 0.00660652 0.00339584 0.00358302 0.00682744 0.00343729 0.00310567 0.00264075 0.0021443 0.00151725 0.00132132 0.00115317 0.00111054 0.00284966 0.00227343 0.00153537 0.00228267 0.000258611
threshold=81.000000000000014 0.51645406055080134 15055.000000000002 1.906983789222628 0.026314090162737221 48.000000000000007 0.35754236806108769 17364147.000000004 0.23962683332253795 0.0018169069085899926 1.0000000180025095e-35 1140689.0000000002 3.6383723723400647e-05 58.131858407079655 0.076894640315072912 50.746428571428574 0.019307541272722661 0.005910943845482703 9.5000000000000018 3.9062135041376959e-05 0.0004878164613535642 3052001.5000000005 2786396.5000000005 1954173.5000000002 3.0167898363362526e-06
decision_type=2 2 2 2 2 2 2 2 2 2 2 2 2 2 2 2 2 2 2 2 2 2 2 2 2
left_child=1 2 4 6 5 -1 7 9 -6 12 14 -12 19 18 16 -3 -11 -13 -10 22 21 -21 23 -4 -24
right_child=-2 15 3 -5 8 -7 -8 -9 13 10 11 17 -14 -15 -16 -17 -18 -19 -20 20 -22 -23 24 -25 -26
leaf_value=-0.031106812268897555 -0.019603842621574975 0.041651722909149674 -0.042340023932134055 0.021367844552188233 0.026477225692801198 -0.00018968854604981545 -0.11417911647741992 0.0097542966402688336 -0.023032287858954528 0.00111949408267904 -0.0034022004330061862 0.0074929875721011291 0.00164676389780567 0.00026601579209852846 0.0071687380426972425 0.014417277237617477 -0.00576507441693579 0.026455649104982371 0.0004530544642804557 0.0027143297707944215 -0.00065930489465344528 -0.0018050109803525061 -0.0002647915176140714 -0.0046938074481381875 0.00037533059467591561
leaf_weight=24 39 20 24 21 27 24 33 21 30 33 23 21 31 21 22 21 29 30 28 37 34 30 27 23 23
leaf_count=24 39 20 24 21 27 24 33 21 30 33 23 21 31 21 22 21 29 30 28 37 34 30 27 23 23
internal_value=0 0.000217665 9.90717e-05 0.000336615 -0.000613557 -0.003249 9.99725e-05 0.000245687 0.000579851 0.00014981 0.000506431 0.0010138 -9.62434e-05 0.000118319 5.94675e-05 0.00199946 -0.000274527 0.00165884 -0.000258957 -0.000249542 -1.74501e-05 0.000360938 -0.000491205 -0.000901557 -0.000105473
internal_weight=0 657 616 462 154 48 441 408 106 387 158 74 229 79 84 41 62 51 58 198 101 67 97 47 50
internal_count=696 657 616 462 154 48 441 408 106 387 158 74 229 79 84 41 62 51 58 198 101 67 97 47 50
is_linear=0
shrinkage=0.1


Tree=81
num_leaves=27
num_cat=0
split_feature=70 48 48 25 70 25 26 1 1 3 3 3 1 3 1 5 3 3 3 3 3 3 3 3 3 49
split_gain=0.0642047 0.0255203 0.0107123 0.00648746 0.00251039 0.00432326 0.00669544 0.00342458 0.00384302 0.00622216 0.00203458 0.00193093 0.00437495 0.00444977 0.00659798 0.00825509 0.00406789 0.00189616 0.00113561 0.00112362 0.00105414 0.000898464 0.000681713 0.000455484 0.000353009 0.000139897
threshold=81.000000000000014 0.492157898488434 0.020433060437035664 1.5000000000000002 48.000000000000007 1.0000000180025095e-35 0.055768929212438714 2568720.5000000005 3052001.5000000005 0.0011904582913864466 3.3549682405304946e-05 0.11090058665983916 185041.50000000003 1.2888720714562938e-05 1140689.0000000002 1.0000000180025095e-35 0.37446233356170505 0.0024682039304717135 58.131858407079655 0.028990083005030132 7.4306416939442266e-06 0.0050669330162809783 1.0676065176143745 3.0167898363362526e-06 0.00022573608937005398 43408594.000000007
decision_type=2 2 2 2 2 2 2 2 2 2 2 2 2 2 2 2 2 2 2 2 2 2 2 2 2 2
left_child=1 2 3 4 5 7 -7 11 21 10 23 12 20 -14 -15 -16 -13 -17 22 -11 -1 -9 -18 -10 -12 -3
right_child=-2 25 -4 -5 -6 6 -8 8 9 19 24 16 13 14 15 17 18 -19 -20 -21 -22 -23 -24 -25 -26 -27
leaf_value=0.0077939218111005466 -0.017643458359417476 -0.0010722012987437247 0.010452329701415231 0.029794550681957688 -9.1444096943593683e-05 -0.029497554274509244 0.012975549513855711 -0.0051815695039845629 -0.00023831236585252215 0.018009942241066314 -0.0019505559625606851 -0.020333478435985344 -0.0037199677431658529 -0.0018610199321884126 -7.8779208409685003e-05 0.0066764640128511134 0.25265110146646991 0.023810084194484205 0.00023941421288853348 0.011111412819115075 0.023829503123521081 -0.019865383230024847 0.00040774901785241014 0.0023973958031369594 -0.0051104775976206444 -0.0052776257603218473
leaf_weight=23 39 20 22 37 32 20 26 20 26 23 20 35 20 37 28 20 21 28 21 25 35 25 32 20 21 20
leaf_count=23 39 20 22 37 32 20 26 20 26 23 20 35 20 37 28 20 21 28 21 25 35 25 32 20 21 20
internal_value=0 0.000112177 0.000270866 0.000190744 0.000105716 0.000158032 -0.00076806 0.000246783 -9.8049e-05 0.000168723 -0.000335549 0.000453682 0.000645336 0.000329285 0.000572628 0.00110579 0.000117846 0.00190179 0.000537982 0.00108272 0.00137008 -0.000898364 0.000291395 0.000121003 -0.000847779 -0.0023356
internal_weight=0 657 617 595 558 526 46 480 180 135 87 300 191 133 113 76 109 48 74 48 58 45 53 46 41 40
internal_count=696 657 617 595 558 526 46 480 180 135 87 300 191 133 113 76 109 48 74 48 58 45 53 46 41 40
is_linear=0
shrinkage=0.1


Tree=82
num_leaves=25
num_cat=0
split_feature=70 48 48 27 27 70 27 1 3 3 1 5 1 3 3 1 3 3 3 5 3 3 1 49
split_gain=0.061288 0.0235586 0.0117464 0.00528342 0.00646952 0.00498466 0.00305025 0.00240514 0.0025646 0.00504094 0.00438375 0.00365076 0.0118308 0.00747894 0.00363073 0.00324132 0.00254234 0.00250736 0.00274594 0.00162226 0.00161833 0.000939352 0.000422661 0.000139897
threshold=81.000000000000014 0.492157898488434 0.020433060437035664 0.51645406055080134 0.010692796641211803 48.000000000000007 50.746428571428574 5.5000000000000009 0.9842112643210662 0.0018962832899506266 298234.50000000006 1.0000000180025095e-35 1140689.0000000002 0.076894640315072912 6.7245575221238942 185041.50000000003 0.019307541272722661 2.5647115595376813e-07 0.00084597978175703005 1.0000000180025095e-35 0.005910943845482703 6.1881470178578088e-06 9679825.0000000019 43408594.000000007
decision_type=2 2 2 2 2 2 2 2 2 2 2 2 2 2 2 2 2 2 2 2 2 2 2 2
left_child=1 2 3 4 5 7 -5 -1 9 10 -9 13 15 16 -10 -13 -11 -12 19 -19 -14 -21 -23 -3
right_child=-2 23 -4 6 -6 -7 -8 8 14 11 17 12 20 -15 -16 -17 -18 18 -20 21 -22 22 -24 -25
leaf_value=0.013195491896871126 -0.015879112523475736 -0.00096498116886936105 0.0094070967312736911 0.037495695027929044 -0.0023405962190615527 -0.00016157528175044791 0.01167799456247014 0.0070145296299905626 -0.067740882879902389 0.0035091865714313997 -0.00021662893563316745 0.021446552811168831 0.0060088176115662868 0.012040185903435941 0.00021547279159932488 -0.0090789082881713064 -0.0088811028123842572 0.00017022465834344304 -8.2326645425823136e-05 0.00097817764201693093 0.0214290757750355 -0.001278730142620077 -0.0045994298378584375 -0.004749863184289627
leaf_weight=40 39 20 22 20 32 24 21 38 22 31 22 39 20 27 31 24 28 39 24 23 30 31 29 20
leaf_count=40 39 20 22 20 32 24 21 38 22 31 22 39 20 27 31 24 28 39 24 23 30 31 29 20
internal_value=0 1.62196e-05 0.000168688 8.47878e-05 3.72236e-06 8.83322e-05 0.00118016 0.00015617 9.12242e-05 0.000176827 -0.000169927 0.000535778 0.000909437 4.4808e-05 -0.000562909 -2.11938e-06 -0.000586043 -0.000389322 -0.000239357 -4.7006e-05 0.002058 -0.000296968 -0.000505256 -0.0023356
internal_weight=0 657 617 595 554 522 41 498 458 405 206 199 113 86 53 63 59 168 146 122 50 83 60 40
internal_count=696 657 617 595 554 522 41 498 458 405 206 199 113 86 53 63 59 168 146 122 50 83 60 40
is_linear=0
shrinkage=0.1


Tree=83
num_leaves=25
num_cat=0
split_feature=26 48 48 25 3 3 3 3 3 5 1 3 1 70 70 3 3 3 3 5 3 3 3 3
split_gain=0.0597726 0.0165934 0.0120429 0.0074435 0.00437383 0.00437485 0.00260557 0.00388948 0.00405449 0.00382561 0.00931498 0.00552835 0.00356907 0.00442465 0.00581265 0.00449736 0.0020151 0.00189664 0.00168832 0.0015401 0.0014689 0.00141177 0.00123077 6.73277e-05
threshold=0.25712083558513515 0.492157898488434 0.020433060437035664 1.0000000180025095e-35 2.2203528624825863 20.050126422250319 0.23962683332253795 0.0018962832899506266 0.00084597978175703005 1.0000000180025095e-35 1140689.0000000002 0.076894640315072912 1954173.5000000002 48.000000000000007 81.000000000000014 3.6938204895423783e-06 0.0088931871709935807 0.37446233356170505 2.5647115595376813e-07 1.0000000180025095e-35 0.019307541272722661 4.9467795959366559e-05 0.0004878164613535642 6.1881470178578088e-06
decision_type=2 2 2 2 2 2 2 2 2 2 2 2 2 2 2 2 2 2 2 2 2 2 2 2
left_child=1 2 3 4 6 -6 7 8 12 11 -11 20 13 15 -15 -1 -12 -8 -14 -20 -9 23 -5 -21
right_child=-2 -3 -4 22 5 -7 17 9 -10 10 16 -13 18 14 -16 -17 -18 -19 19 21 -22 -23 -24 -25
leaf_value=0.011875942707183996 -0.014291201271128174 -0.011890643539579493 0.0084663870581463737 -0.0084723228308430272 0.0066801199496161704 0.00019392551243910817 -0.020342179974811716 0.0031582679142886151 -0.0014125765752105225 -0.0019679875676693825 0.0062898708061894133 0.004136704366172239 -0.00019496604206992174 -0.00014541775357539423 0.051084827608049471 0.0026119763210992633 0.024478901059720216 -0.0091020010652714586 9.3199763819029618e-05 0.00088035987781509562 -0.0079929925311461158 -0.0024090371154628087 -0.0027250877917261111 -0.00079806920749163628
leaf_weight=27 23 39 22 40 20 31 23 31 25 41 24 20 20 24 36 26 22 32 30 22 28 35 32 23
leaf_count=27 23 39 22 40 20 31 23 31 25 41 24 20 20 24 36 26 22 32 30 22 28 35 32 23
internal_value=0 1.59387e-05 0.000139092 5.64588e-05 0.000183804 0.00106506 9.18935e-05 0.000174067 -6.15394e-05 0.000554444 0.0010119 5.06625e-05 6.32184e-05 0.00047428 -0.000113835 0.00114007 0.00198879 -0.000556532 -0.000294089 -0.000140424 -0.000436387 -0.00036956 -0.000898629 9.19166e-07
internal_weight=0 673 634 612 540 51 489 434 268 166 87 79 243 113 60 53 46 55 130 110 59 80 72 45
internal_count=696 673 634 612 540 51 489 434 268 166 87 79 243 113 60 53 46 55 130 110 59 80 72 45
is_linear=0
shrinkage=0.1


Tree=84
num_leaves=28
num_cat=0
split_feature=70 26 1 48 3 43 70 3 25 3 25 3 5 3 1 1 1 1 3 3 1 3 3 3 3 3 3
split_gain=0.0636637 0.00966108 0.0119753 0.073808 0.0345452 0.0117673 0.0115195 0.00786499 0.00689746 0.0102415 0.00442628 0.004041 0.00374817 0.00464498 0.0169577 0.00182679 0.00215756 0.00179608 0.00354928 0.00250059 0.00156522 0.000928376 0.000680606 0.00027855 0.000215174 0.000205463 0.000106868
threshold=81.000000000000014 0.25712083558513515 15055.000000000002 1.5807420630985789 0.026314090162737221 1.0000000180025095e-35 48.000000000000007 3.6837325755427929e-05 1.0000000180025095e-35 0.23962683332253795 1.0000000180025095e-35 58.131858407079655 1.0000000180025095e-35 0.0020685921948375399 1140689.0000000002 1954173.5000000002 2786396.5000000005 3052001.5000000005 0.0013527290792343185 0.0079156247436141334 3653915.0000000005 5.2761799410029502 0.061911910113399492 0.0088931871709935807 0.00029000521726168295 0.028990083005030132 3.0167898363362526e-06
decision_type=2 2 2 2 2 2 2 2 2 2 2 2 2 2 2 2 2 2 2 2 2 2 2 2 2 2 2
left_child=1 2 4 5 6 7 -1 10 9 -6 15 21 17 20 -15 -4 -17 18 -9 -20 24 -11 -21 -16 -14 -19 -18
right_child=-2 -3 3 -5 8 -7 -8 12 -10 11 -12 -13 13 14 23 16 26 25 19 22 -22 -23 -24 -25 -26 -27 -28
leaf_value=-0.025804317793588716 -0.012862081144015347 0.035175245652248992 0.0051254823962729292 0.025227003959520024 0.019577851255080603 -0.014794001090555221 -0.00013087597821783702 0.00014388221612762208 -0.0042658342243244718 -0.017981042421666517 -0.0076250905477586173 0.0001745329611949842 0.0076197483523317905 -0.0035845964868748584 0.014499211872936969 -0.0037139430663458485 -0.0001733216314974584 0.0041733066253755169 -0.0020421510865133996 0.028277453900349771 -0.0013882880362348971 -0.0003225851580545225 -0.0047194227474765434 0.071730916611853962 0.0047789487697905038 0.0037230339295550863 7.1715512678593996e-05
leaf_weight=26 39 20 25 20 26 26 24 20 21 38 39 21 21 28 24 20 26 26 24 22 30 20 22 22 21 22 23
leaf_count=26 39 20 25 20 26 26 24 20 21 38 39 21 21 28 24 20 26 26 24 22 30 20 22 22 21 22 23
internal_value=0 9.45466e-05 2.65987e-05 0.000294503 -0.000675128 2.50412e-05 -0.00289914 0.000154336 0.000207419 0.000538302 -0.000479568 -2.8278e-05 0.000453305 0.000805172 0.00136154 -0.00010798 -0.000373333 7.55664e-05 -0.000192828 -0.000537249 0.000233344 -0.000458633 -8.9385e-05 0.00254259 0.000627399 0.000567622 -1.60819e-05
internal_weight=0 657 637 461 176 441 50 415 126 105 133 79 282 146 74 94 69 136 88 68 72 58 44 46 42 48 49
internal_count=696 657 637 461 176 441 50 415 126 105 133 79 282 146 74 94 69 136 88 68 72 58 44 46 42 48 49
is_linear=0
shrinkage=0.1


Tree=85
num_leaves=27
num_cat=0
split_feature=70 48 48 27 70 27 27 3 1 3 1 1 3 3 3 1 1 1 1 1 1 5 3 3 3 49
split_gain=0.0629248 0.0246554 0.0111573 0.00472263 0.00482762 0.00305025 0.00276951 0.00296698 0.0105683 0.00384689 0.00506143 0.00967822 0.00380603 0.00394814 0.00315137 0.0040626 0.00265281 0.00332677 0.00369789 0.00181236 0.00366505 0.00146034 0.00144976 0.00311542 0.00116629 0.000139897
threshold=81.000000000000014 0.492157898488434 0.020433060437035664 0.51645406055080134 48.000000000000007 50.746428571428574 0.13821027502478758 4.3976765741445264e-07 1954173.5000000002 0.0003056025173114538 1954173.5000000002 2568720.5000000005 58.131858407079655 1.0000000055394451 0.0063766011260046303 65.500000000000014 3052001.5000000005 4345710.5000000009 25540032.000000004 82083.500000000015 298234.50000000006 1.0000000180025095e-35 1.4088470799983562e-05 0.00010502435536222789 0.0031557636082888509 43408594.000000007
decision_type=2 2 2 2 2 2 2 2 2 2 2 2 2 2 2 2 2 2 2 2 2 2 2 2 2 2
left_child=1 2 3 4 6 -5 7 8 -1 21 12 24 13 14 -11 -16 -13 -18 -19 -17 -21 -9 -23 -24 -12 -3
right_child=-2 25 -4 5 -6 -7 -8 9 -10 10 11 16 -14 -15 15 19 17 18 -20 20 -22 22 23 -25 -26 -27
leaf_value=0.013268780215824449 -0.011575873029613805 -0.0016372038235325627 0.0074256857362140494 0.031657721087024096 -0.00011778838039608886 0.01120928730782822 -0.02069038516840678 7.3261945757963081e-06 -0.00015813727471325478 -0.0014127291622152427 0.00028280414314636461 -0.0034423693526321134 0.00015707966507534367 -0.0067124008496888266 -0.016509857735163891 0.017646387540705178 0.014857919292562373 -0.013314600981499681 0.0033507305365994 -0.008517515003845233 0.017198677638559447 -0.0037230199933361522 0.02311654937595975 -0.0037597543389029653 0.039925968093082534 -0.0063632813039728123
leaf_weight=43 39 20 22 20 24 21 20 30 25 26 23 38 21 36 27 24 22 23 22 26 21 35 24 21 23 20
leaf_count=43 39 20 22 20 24 21 20 30 25 26 23 38 21 36 27 24 22 23 22 26 21 35 24 21 23 20
internal_value=0 7.03424e-05 0.00022632 0.00014455 6.79077e-05 0.00118016 0.000130725 0.000175993 0.000790928 8.1388e-05 0.000251201 0.000678684 -0.000105428 -0.000271558 -3.90166e-06 0.000255763 0.000148784 0.000527325 3.46291e-05 0.00065281 0.000291774 -0.000431139 -0.000654263 -0.000278831 0.00188824 -0.0023356
internal_weight=0 657 617 595 554 41 530 510 68 442 332 151 181 160 124 98 105 67 45 71 47 110 80 45 46 40
internal_count=696 657 617 595 554 41 530 510 68 442 332 151 181 160 124 98 105 67 45 71 47 110 80 45 46 40
is_linear=0
shrinkage=0.1


Tree=86
num_leaves=27
num_cat=0
split_feature=70 48 48 3 27 3 70 25 27 3 1 1 1 3 3 3 1 3 3 3 26 1 3 3 3 49
split_gain=0.0624583 0.0243418 0.0113229 0.00490229 0.00576724 0.00437485 0.00403972 0.0032645 0.00305025 0.00271361 0.00476629 0.00199164 0.00311719 0.00394723 0.00189664 0.00188385 0.00481792 0.00365635 0.00260156 0.00434354 0.00165223 0.00163494 0.00102061 0.000529041 0.000337334 0.000139897
threshold=81.000000000000014 0.492157898488434 0.020433060437035664 2.2203528624825863 0.51645406055080134 20.050126422250319 48.000000000000007 1.0000000180025095e-35 50.746428571428574 0.23962683332253795 82083.500000000015 2568720.5000000005 3052001.5000000005 0.0045212136014953193 0.37446233356170505 8.7676513929248945e-06 1140689.0000000002 0.0045212136014953193 0.0050669330162809783 0.0018962832899506266 0.033904386879576441 25540032.000000004 0.0050669330162809783 0.00011148073849118199 3.0167898363362526e-06 43408594.000000007
decision_type=2 2 2 2 2 2 2 2 2 2 2 2 2 2 2 2 2 2 2 2 2 2 2 2 2 2
left_child=1 2 3 4 6 -5 7 9 -6 10 -1 15 22 21 -11 -12 17 -17 19 -18 -9 23 -13 24 -14 -3
right_child=-2 25 -4 5 8 -7 -8 20 -10 14 11 12 13 -15 -16 16 18 -19 -20 -21 -22 -23 -24 -25 -26 -27
leaf_value=0.011941902194242005 -0.010418285726652422 -0.0014734834411792798 0.0066831171625926448 0.0084814522817900691 0.028491948978321704 0.00014137169856809351 -0.00010600954235648886 -0.023766976028921152 0.010088358577045398 -0.014858871961647502 -0.0029196034369732616 -0.005861627617719023 -0.00014017574087574758 0.013372127363306419 -0.0060411607647200332 0.0033792946924990023 0.00010121358020001026 -0.0067640075535152283 0.041367279415572257 -0.0023097064429350666 -0.0018236732808777135 -0.011266368505070547 -0.029298497316420227 -0.0033837789050124912 0.0021234096098822876 -0.005726953173575567
leaf_weight=41 39 20 22 20 20 31 24 25 21 23 27 20 20 31 32 32 29 23 31 20 25 26 22 30 22 20
leaf_count=41 39 20 22 20 20 31 24 25 21 23 27 20 20 31 32 32 29 23 31 20 25 26 22 30 22 20
internal_value=0 5.49891e-05 0.000209971 0.000127597 3.97098e-05 0.00106506 -5.32494e-05 1.01857e-05 0.00118016 9.93102e-05 0.000195758 7.04942e-05 -0.000167542 7.60785e-05 -0.000556532 0.000321754 0.000474258 -0.000246229 0.000969593 0.000516012 -0.000754502 -0.000235035 -0.000915804 1.04122e-05 0.000239506 -0.0023356
internal_weight=0 657 617 595 544 51 503 479 41 429 374 333 171 129 55 162 135 55 80 49 50 98 42 72 42 40
internal_count=696 657 617 595 544 51 503 479 41 429 374 333 171 129 55 162 135 55 80 49 50 98 42 72 42 40
is_linear=0
shrinkage=0.1


Tree=87
num_leaves=27
num_cat=0
split_feature=70 48 48 27 68 27 27 3 1 3 1 3 3 3 1 1 1 1 3 3 1 3 3 3 1 49
split_gain=0.0617409 0.023861 0.0115811 0.00512436 0.00668634 0.00305025 0.0026816 0.00256029 0.0118621 0.00259575 0.00457624 0.00398088 0.0036575 0.0037065 0.0040626 0.00342237 0.00181236 0.00366505 0.00143068 0.00248967 0.00113543 0.00133048 0.00107299 0.000772754 0.00272564 0.000139897
threshold=81.000000000000014 0.492157898488434 0.020433060437035664 0.51645406055080134 1.0000000180025095e-35 50.746428571428574 0.13821027502478758 4.3976765741445264e-07 1954173.5000000002 0.00016312860121693844 1954173.5000000002 58.131858407079655 1.0000000055394451 0.0063766011260046303 65.500000000000014 2568720.5000000005 82083.500000000015 298234.50000000006 0.076894640315072912 0.021610775325385946 2568720.5000000005 3.3549682405304946e-05 0.0028857183522401487 0.0031557636082888509 9679825.0000000019 43408594.000000007
decision_type=2 2 2 2 2 2 2 2 2 2 2 2 2 2 2 2 2 2 2 2 2 2 2 2 2 2
left_child=1 2 3 4 6 -5 7 8 -1 20 11 12 13 -11 -15 22 -16 -18 19 23 -9 -22 -12 24 -17 -3
right_child=-2 25 -4 5 -6 -7 -8 9 -10 10 15 -13 -14 14 16 18 17 -19 -20 -21 21 -23 -24 -25 -26 -27
leaf_value=0.030967298478362437 -0.0093764571539871836 -0.0013261350970613429 0.0060148054463333269 0.025642754080489549 -9.5408588120804449e-05 0.0090795227193408937 -0.018438979323478221 1.5312661205513222e-05 -0.00012830597315414139 -0.0012637603620667905 0.00024440237081151394 0.00012723452871128417 -0.0054370446882479944 -0.013372984765482699 0.014687558567210601 0.0089410617613403087 -0.0069893627481093295 0.01134208193314592 0.0038740057936536235 -0.0018630583271232128 -0.00039205745581440967 -0.010139731654563633 0.0049199659347777926 0.0023121886447473373 -0.0030454010145113844 -0.0051542578562179921
leaf_weight=32 39 20 22 20 35 21 20 33 25 34 25 21 36 27 24 25 26 21 22 25 34 22 25 22 20 20
leaf_count=32 39 20 22 20 35 21 20 33 25 34 25 21 36 27 24 25 26 21 22 25 34 22 25 22 20 20
internal_value=0 3.12657e-05 0.00018471 0.000101402 2.15658e-05 0.00118016 0.000111783 0.00015729 0.000788056 7.5947e-05 0.00019763 -0.000137766 -0.000300027 -5.63574e-05 0.000255763 0.000584153 0.00065281 0.000291774 0.000281619 0.000108383 -0.000406681 -0.000680869 0.00127393 0.000426151 0.000188692 -0.0023356
internal_weight=0 657 617 595 554 41 519 499 57 442 353 189 168 132 98 164 71 47 114 92 89 56 50 67 45 40
internal_count=696 657 617 595 554 41 519 499 57 442 353 189 168 132 98 164 71 47 114 92 89 56 50 67 45 40
is_linear=0
shrinkage=0.1


Tree=88
num_leaves=24
num_cat=0
split_feature=26 48 48 3 3 3 3 70 68 1 25 1 5 1 1 3 3 3 3 1 3 3 3
split_gain=0.0596829 0.0165289 0.0120862 0.0057079 0.00451287 0.00437485 0.00415651 0.0034095 0.00380778 0.00340471 0.00277384 0.00596507 0.0019061 0.00176755 0.00282875 0.00331089 0.00167331 0.00287248 0.00214133 0.00122631 0.000929094 0.000293489 0.000235134
threshold=0.25712083558513515 0.492157898488434 0.020433060437035664 2.2203528624825863 0.23962683332253795 20.050126422250319 0.00029965823842806593 81.000000000000014 1.0000000180025095e-35 9.5000000000000018 1.0000000180025095e-35 1954173.5000000002 1.0202733109647493 4345710.5000000009 1954173.5000000002 0.0063766011260046303 0.024358926698213167 0.0033147786100265644 0.0016755108030744148 9679825.0000000019 4.3149167934763444e-06 0.03778523035077342 0.005910943845482703
decision_type=2 2 2 2 2 2 2 2 2 2 2 2 2 2 2 2 2 2 2 2 2 2 2
left_child=1 2 3 4 6 -5 7 8 10 -6 11 -1 19 14 15 -8 17 18 -16 20 -13 -17 -15
right_child=-2 -3 -4 5 9 -7 13 -9 -10 -11 -12 12 -14 22 16 21 -18 -19 -20 -21 -22 -23 -24
leaf_value=0.078439726566080031 -0.0084388114385884668 -0.011499830348196927 0.0054133249016999237 0.0081770115224358616 -0.012138292187626477 0.00011451107584008469 -0.0011373843258603246 0.050399614552671501 -8.5867729308741758e-05 -0.0048933402194231597 -0.0083515954248278845 -0.00011547537583851409 0.00013325250168989556 0.00082400880961088776 6.4418568731383635e-05 0.010216456030890698 0.012221220459688454 -0.0025275925853140537 0.001461099472897587 -0.0027408609130603169 -0.00037322046948986556 0.001475545221273933 -0.0016767524944107494
leaf_weight=36 23 39 22 20 36 31 27 36 35 37 40 20 25 20 26 35 27 31 20 38 23 29 20
leaf_count=36 23 39 22 20 36 31 27 36 35 37 40 20 25 20 26 35 27 31 20 38 23 29 20
internal_value=0 1.20481e-05 0.000134962 5.21805e-05 -3.98997e-05 0.00106506 6.97977e-05 -0.000211475 -0.000360998 -0.000773219 -0.0001773 2.9901e-05 -0.000347812 0.000372615 0.000496827 8.96572e-05 0.000853101 0.000615576 0.00111698 -0.000583397 -0.000949172 0.000481438 -0.000232919
internal_weight=0 673 634 612 561 51 488 253 217 73 182 142 106 235 195 91 104 77 46 81 43 64 40
internal_count=696 673 634 612 561 51 488 253 217 73 182 142 106 235 195 91 104 77 46 81 43 64 40
is_linear=0
shrinkage=0.1


Tree=89
num_leaves=28
num_cat=0
split_feature=70 48 48 27 3 3 3 3 3 27 25 3 5 3 1 1 3 1 1 3 68 5 1 3 3 49 3
split_gain=0.0604583 0.0230067 0.0120539 0.00558273 0.00308819 0.00354107 0.0043547 0.00338576 0.00378848 0.00305025 0.00181317 0.0016528 0.00224299 0.00674149 0.00393761 0.0024343 0.00215609 0.00139059 0.00367989 0.00133068 0.00129019 0.00180106 0.00297513 0.000560194 0.000373812 0.000139897 6.63368e-06
threshold=81.000000000000014 0.492157898488434 0.020433060437035664 0.51645406055080134 58.131858407079655 0.9842112643210662 0.37446233356170505 0.23962683332253795 0.00029965823842806593 50.746428571428574 1.0000000180025095e-35 0.00054673754504555594 1.0000000180025095e-35 0.076894640315072912 1140689.0000000002 82083.500000000015 0.0092519101300880761 3653915.0000000005 9679825.0000000019 0.019307541272722661 1.0000000180025095e-35 1.0000000180025095e-35 1140689.0000000002 0.0028857183522401487 0.0031557636082888509 43408594.000000007 5.2761799410029502
decision_type=2 2 2 2 2 2 2 2 2 2 2 2 2 2 2 2 2 2 2 2 2 2 2 2 2 2 2
left_child=1 2 3 4 5 6 7 8 10 -5 17 -10 13 19 15 -14 23 20 -19 24 21 -1 -23 -16 -13 -3 -7
right_child=-2 25 -4 9 -6 26 -8 -9 11 -11 -12 12 14 -15 16 -17 -18 18 -20 -21 -22 22 -24 -25 -26 -27 -28
leaf_value=0.010556244029054796 -0.0075949302947296189 -4.3538552535515865e-05 0.0048719924115300023 0.023922359816299421 0.00010305996825579201 -0.055950095591010301 0.31726276517898139 -0.010821857070171782 0.0080405137283332106 0.0093853996661694694 -0.007516435882345008 -0.0010236458932745053 0.012170835696267802 0.0043558249129596049 0.0013149895256077571 -0.0026695502056632847 0.010999098413719821 -0.0001039278382549469 0.0070865282830190786 -0.0070377870353702581 -7.7280956377911997e-05 -0.00736268602568444 0.00010174061568051229 0.00079429079543871242 0.019672330031630027 -0.0037949509267373397 -0.0007412284688783189
leaf_weight=27 39 20 22 20 21 21 22 23 21 21 40 26 23 20 25 21 20 21 40 29 35 22 32 21 24 20 20
leaf_count=27 39 20 22 20 21 21 22 23 21 21 40 26 23 20 25 21 20 21 40 29 35 22 32 21 24 20 20
internal_value=0 -1.14927e-05 0.000139179 5.41878e-05 -2.91423e-05 -7.60067e-05 -1.59982e-06 -6.59662e-05 -5.08413e-06 0.00118016 -0.000304802 0.000277693 0.00019272 -0.000152598 0.000503506 -0.000229261 0.000992017 -0.000167387 -0.000553912 -0.000567802 3.58715e-05 0.000255096 -7.83348e-05 0.000615141 -0.00025524 -0.0023356 -0.000968889
internal_weight=0 657 617 595 554 533 492 470 447 41 217 230 209 99 110 44 66 177 61 79 116 81 54 46 50 40 41
internal_count=696 657 617 595 554 533 492 470 447 41 217 230 209 99 110 44 66 177 61 79 116 81 54 46 50 40 41
is_linear=0
shrinkage=0.1


Tree=90
num_leaves=27
num_cat=0
split_feature=70 48 48 27 3 27 3 1 1 3 3 3 5 3 1 1 1 26 3 3 1 1 1 3 49 1
split_gain=0.0599408 0.0226638 0.0122488 0.00577469 0.00319616 0.00305025 0.00229858 0.00369063 0.00226049 0.00331594 0.00163279 0.0031108 0.00189357 0.00257993 0.00141652 0.00272095 0.00133633 0.00164125 0.00517773 0.00115411 0.000868842 0.000422739 0.000214839 0.000211183 0.000139897 6.13695e-05
threshold=81.000000000000014 0.492157898488434 0.020433060437035664 0.51645406055080134 58.131858407079655 50.746428571428574 0.0003056025173114538 1954173.5000000002 4345710.5000000009 0.021610775325385946 0.0063766011260046303 0.081761719037339628 1.0000000180025095e-35 0.37446233356170505 3052001.5000000005 2568720.5000000005 82083.500000000015 3.6383723723400647e-05 1.0000000180025095e-35 6.1881470178578088e-06 2568720.5000000005 9679825.0000000019 65.500000000000014 0.0028857183522401487 43408594.000000007 82083.500000000015
decision_type=2 2 2 2 2 2 2 2 2 2 2 2 2 2 2 2 2 2 2 2 2 2 2 2 2 2
left_child=1 2 3 4 6 -5 16 10 14 -10 -8 25 -13 -14 15 23 -1 18 -18 -20 -21 -22 -15 -9 -3 -12
right_child=-2 24 -4 5 -6 -7 7 8 9 -11 11 12 13 22 -16 -17 17 -19 19 20 21 -23 -24 -25 -26 -27
leaf_value=9.72273376111943e-06 -0.006835437265256661 -3.9184697281946514e-05 0.0043847931703769666 0.021530123834669457 9.2753971430425966e-05 0.0084468596995524343 -0.00092128130394684158 0.00017621677576826756 0.0010881965450373343 -0.0063340083318333745 0.010953752126641092 0.0011910033616201689 -0.0097396713631546575 -0.023316757568662895 0.018563964446369142 -0.00050032019544623554 -0.0047403478293269082 2.2701691031912219e-05 0.0018278227495933663 -9.7179166523631014e-06 -0.0022525892432824434 -0.0095603252261028619 0.0017281724173869861 0.0046012995202879383 -0.0034154558340635968 0.00022808085777459297
leaf_weight=43 39 20 22 20 21 21 26 21 24 21 21 22 28 20 23 38 30 31 31 36 24 25 20 25 20 24
leaf_count=43 39 20 22 20 21 21 26 21 24 21 21 22 28 20 23 38 30 31 31 36 24 25 20 25 20 24
internal_value=0 -2.88754e-05 0.000120669 3.49939e-05 -4.97567e-05 0.00118016 -9.74333e-05 7.66692e-05 0.000430071 -0.000164584 -0.000256977 -0.000117221 -0.000456654 -0.000717556 0.00068016 0.00048977 -0.000345134 -0.000466611 -0.000606926 -0.000304078 -0.000494565 -0.000768605 -0.00020221 0.00100706 -0.0023356 0.000561646
internal_weight=0 657 617 595 554 41 533 313 152 45 161 135 90 68 107 84 220 177 146 116 85 49 40 46 40 45
internal_count=696 657 617 595 554 41 533 313 152 45 161 135 90 68 107 84 220 177 146 116 85 49 40 46 40 45
is_linear=0
shrinkage=0.1


Tree=91
num_leaves=28
num_cat=0
split_feature=70 48 48 27 27 3 27 3 68 3 3 5 1 5 1 3 1 3 3 1 5 3 1 1 3 3 49
split_gain=0.0624609 0.0243435 0.011322 0.00487765 0.00305025 0.00269188 0.00220307 0.00232205 0.00118366 0.00214424 0.00278703 0.00250619 0.00200781 0.00217547 0.00367296 0.00255869 0.00408181 0.00204839 0.00251144 0.00198398 0.00113243 0.0009442 0.000542533 0.00181541 0.00141053 0.000241001 0.000139897
threshold=81.000000000000014 0.492157898488434 0.020433060437035664 0.51645406055080134 50.746428571428574 58.131858407079655 0.13821027502478758 5.2761799410029502 1.0000000180025095e-35 4.3976765741445264e-07 0.0003056025173114538 1.0018305533243181 9.5000000000000018 1.0000000180025095e-35 1954173.5000000002 0.0063766011260046303 1140689.0000000002 0.076894640315072912 0.025682638682336095 82083.500000000015 1.0000000180025095e-35 0.0013527290792343185 2568720.5000000005 1140689.0000000002 3.3549682405304946e-05 0.0026284349997594118 43408594.000000007
decision_type=2 2 2 2 2 2 2 2 2 2 2 2 2 2 2 2 2 2 2 2 2 2 2 2 2 2 2
left_child=1 2 3 5 -5 6 7 8 9 20 22 12 -12 14 -14 21 19 18 25 -17 -1 -15 23 -11 -24 -16 -3
right_child=-2 26 -4 4 -6 -7 -8 -9 -10 10 11 -13 13 15 17 16 -18 -19 -20 -21 -22 -23 24 -25 -26 -27 -28
leaf_value=0.029455101592139956 -0.0061518935387310019 -3.5266227553787388e-05 0.0039463138533392342 0.019377111451202512 0.0076021737295972613 8.3478574287454427e-05 -0.015010548429516213 -0.00083992286372946978 -7.052513411620609e-05 -0.026573223040485417 -0.008765704226839156 0.0072864943750445832 -0.0041632498409374108 0.00097937689053360097 0.00015859509819122765 0.0098846983251096535 0.015517977400070038 0.001878932696567759 -0.0057006074986500014 -0.0061938340606367609 0.00038049972850302539 -0.00052632725743393392 -0.00051369366378395398 0.00011072498161794897 -0.0040597320778992694 0.0004772483970210573 -0.0030739102506572636
leaf_weight=24 39 20 22 20 21 21 20 20 35 21 22 21 35 21 20 36 21 22 20 22 33 25 34 24 31 26 20
leaf_count=24 39 20 22 20 21 21 20 20 35 21 22 21 35 21 20 36 21 22 20 22 33 25 34 24 31 26 20
internal_value=0 5.50735e-05 0.000210061 0.00012769 0.00118016 4.98e-05 6.0459e-06 4.61887e-05 8.90404e-05 0.000131875 5.02974e-05 0.000212385 0.00013054 0.000211761 -8.68139e-05 0.000505558 0.000850797 0.000257812 -2.07387e-05 0.000418275 0.000705778 -8.73515e-05 -0.000378497 -0.000111586 -0.000563282 0.000386009 -0.0023356
internal_weight=0 657 617 595 41 554 533 513 493 458 401 291 270 248 123 125 79 88 66 58 57 46 110 45 65 46 40
internal_count=696 657 617 595 41 554 533 513 493 458 401 291 270 248 123 125 79 88 66 58 57 46 110 45 65 46 40
is_linear=0
shrinkage=0.1


Tree=92
num_leaves=27
num_cat=0
split_feature=70 48 48 27 25 26 27 3 3 1 1 1 3 3 3 3 1 1 1 1 3 3 3 3 3 49
split_gain=0.0608451 0.0232636 0.0119098 0.00544192 0.00613452 0.00396608 0.00305025 0.00250556 0.00232058 0.00144728 0.00298195 0.00279196 0.00341084 0.00396998 0.00343753 0.00490262 0.00279734 0.00266902 0.00328044 0.00231694 0.00156962 0.000834901 0.00101959 0.000610593 0.0003218 0.000139897
threshold=81.000000000000014 0.492157898488434 0.020433060437035664 0.51645406055080134 1.0000000180025095e-35 0.033904386879576441 50.746428571428574 58.131858407079655 5.2761799410029502 9.5000000000000018 82083.500000000015 1140689.0000000002 0.0045212136014953193 0.0026284349997594118 0.00078629042081069329 3.3549682405304946e-05 2786396.5000000005 2568720.5000000005 3052001.5000000005 4345710.5000000009 0.00016312860121693844 0.0045212136014953193 0.00026329021343219228 0.23962683332253795 0.078896434485292585 43408594.000000007
decision_type=2 2 2 2 2 2 2 2 2 2 2 2 2 2 2 2 2 2 2 2 2 2 2 2 2 2
left_child=1 2 3 4 7 -6 -5 8 9 23 24 21 13 14 15 16 -13 -14 -19 -18 -17 22 -12 -1 -11 -3
right_child=-2 25 -4 6 5 -7 -8 -9 -10 10 11 12 17 -15 -16 20 19 18 -20 -21 -22 -23 -24 -25 -26 -27
leaf_value=-6.3472620704629898e-05 -0.0055367041848578998 -3.1739604798453061e-05 0.0035516824680053463 0.017439400306082264 -0.021084832180642367 -0.0052660076202620592 0.0068419563566376245 7.5130716858495816e-05 -0.00075593057735687816 0.008896228492598723 -0.0061904326130331816 -0.00020197384108868734 0.01396617966006275 -0.0038339694843756433 0.00040335163253182318 -0.0019512514346054389 0.00034459756201883353 -0.0042397591501032398 0.01651967473207492 0.0061570432069075311 -0.00075617536747145668 -0.0055467857855894922 0.0038922973958570141 -0.0078891338041552576 0.015242465680609741 -0.0027665192255915019
leaf_weight=39 39 20 22 20 25 25 21 21 20 22 23 21 34 20 30 29 23 26 37 24 33 39 21 22 20 20
leaf_count=39 39 20 22 20 25 25 21 21 20 22 23 21 34 20 30 29 23 26 37 24 33 39 21 22 20 20
internal_value=0 1.44903e-06 0.00015296 6.84781e-05 -1.37944e-05 -0.00107028 0.00118016 9.10162e-05 4.45247e-05 9.00811e-05 0.000158952 6.59249e-05 0.000218366 -3.92305e-05 0.00012681 -9.58555e-05 0.000490531 0.00069638 0.000311027 0.000919256 -0.000738989 -0.000442825 -0.000144228 -0.000363791 0.00095633 -0.0023356
internal_weight=0 657 617 595 554 50 41 504 483 463 402 360 277 180 160 130 68 97 63 47 62 83 44 61 42 40
internal_count=696 657 617 595 554 50 41 504 483 463 402 360 277 180 160 130 68 97 63 47 62 83 44 61 42 40
is_linear=0
shrinkage=0.1


Tree=93
num_leaves=26
num_cat=0
split_feature=27 48 48 27 25 3 3 3 3 5 1 3 3 3 3 3 1 5 1 1 3 70 68 3 49
split_gain=0.0658452 0.0230831 0.0120109 0.00537276 0.00450042 0.00258023 0.00224889 0.00142106 0.00390239 0.00102531 0.000904556 0.00248063 0.00519848 0.0018772 0.00181112 0.00214876 0.00432452 0.00225049 0.00141113 0.00159748 0.00105858 0.000930724 0.00136954 0.000764431 0.000139897
threshold=0.8264466354889638 0.492157898488434 0.020433060437035664 0.33588092613948267 1.0000000180025095e-35 58.131858407079655 5.2761799410029502 0.37446233356170505 0.23962683332253795 1.2395730541707721 4345710.5000000009 0.015508617519528737 0.0037621899321882229 0.00038018127697725596 0.00078629042081069329 3.3549682405304946e-05 2786396.5000000005 1.0000000180025095e-35 1954173.5000000002 82083.500000000015 3.9062135041376959e-05 65.000000000000014 1.0000000180025095e-35 0.9842112643210662 43408594.000000007
decision_type=2 2 2 2 2 2 2 2 2 2 2 2 2 2 2 2 2 2 2 2 2 2 2 2 2
left_child=1 2 3 4 5 6 7 8 9 10 11 12 14 20 15 16 21 -17 19 -13 -12 22 -1 -9 -3
right_child=-2 24 -4 -5 -6 -7 -8 23 -10 -11 13 18 -14 -15 -16 17 -18 -19 -20 -21 -22 -23 -24 -25 -26
leaf_value=4.1442367236044221e-05 -0.0049830337663721025 -2.856564431858999e-05 0.0031965142212047938 0.045217180417649244 -0.0055724122362004642 6.7617645172646237e-05 -0.00068033751962133244 0.2828509550187725 -0.0071002204237396787 0.0073438877611884841 -0.011430976097360457 0.0079802842322060034 -0.002568107728789926 -0.0012538044315917318 0.00033404179360303489 0.00014470863821358648 0.00031013780581687914 -0.0034586337266489411 0.0048850934891099488 -0.0049921072070304717 0.024899028594750662 2.2150235867002267e-05 -5.7125358634202433e-05 9.1610043545564682e-05 -0.0024898673030323338
leaf_weight=36 39 20 22 20 35 21 20 22 23 32 25 23 27 37 36 24 21 23 30 28 21 39 32 20 20
leaf_count=36 39 20 22 20 35 21 20 22 23 32 25 23 27 37 36 24 21 23 30 28 21 39 32 20 20
internal_value=0 -7.63489e-06 0.000143287 5.84477e-05 2.40469e-06 7.36293e-05 2.96591e-05 7.13331e-05 2.01739e-05 8.74447e-05 4.40791e-05 0.000120594 -4.20877e-05 -0.000249998 0.000125095 -7.78698e-06 0.000204547 -0.000586058 0.000598599 0.000278476 0.00017652 -5.29557e-05 -0.000276311 0.000627993 -0.0023356
internal_weight=0 657 617 595 575 540 519 499 457 434 402 319 238 83 211 175 128 47 81 51 46 107 68 42 40
internal_count=696 657 617 595 575 540 519 499 457 434 402 319 238 83 211 175 128 47 81 51 46 107 68 42 40
is_linear=0
shrinkage=0.1


Tree=94
num_leaves=29
num_cat=0
split_feature=70 48 48 27 3 27 25 3 3 3 26 1 1 3 3 3 1 1 5 68 3 3 1 1 3 3 3 49
split_gain=0.0598925 0.0226319 0.0122671 0.0057928 0.00320635 0.00305025 0.00236766 0.00199757 0.0017604 0.00349318 0.00165223 0.00111123 0.00388835 0.00231742 0.00353783 0.00266459 0.00232465 0.00197066 0.00195645 0.00162858 0.00162354 0.00121836 0.00114479 0.00109651 0.000764431 0.000497153 0.000344275 0.000139897
threshold=81.000000000000014 0.492157898488434 0.020433060437035664 0.51645406055080134 58.131858407079655 50.746428571428574 1.0000000180025095e-35 5.2761799410029502 0.37446233356170505 0.23962683332253795 0.033904386879576441 4345710.5000000009 3052001.5000000005 0.0063766011260046303 0.0033147786100265644 0.0016755108030744148 2568720.5000000005 1954173.5000000002 1.0000000180025095e-35 1.0000000180025095e-35 3.9062135041376959e-05 0.0001448077233852178 1140689.0000000002 15055.000000000002 0.9842112643210662 0.00011148073849118199 1.2888720714562938e-05 43408594.000000007
decision_type=2 2 2 2 2 2 2 2 2 2 2 2 2 2 2 2 2 2 2 2 2 2 2 2 2 2 2 2
left_child=1 2 3 4 6 -5 7 8 9 11 -8 12 13 14 15 17 22 19 -13 26 -14 -19 23 -15 -10 -20 -1 -3
right_child=-2 27 -4 5 -6 -7 10 -9 24 -11 -12 18 20 16 -16 -17 -18 21 25 -21 -22 -23 -24 -25 -26 -27 -28 -29
leaf_value=0.072382906346702927 -0.0044847303897348921 -2.5709079886748754e-05 0.0028768627990842788 0.016193763652111226 6.0855880655452668e-05 0.006656064097611037 -0.018419107738958117 -0.00061230376765948342 0.2545658595168952 -0.0063901983813657642 -0.0041821656346158424 -0.0024711606792255482 0.00027912402523497807 0.007182255808985261 -0.0021646917181001868 0.00065735725868663062 -0.028436047311161873 -0.0026658600226355136 0.014442413746969153 -5.1412822770746663e-05 0.0043505175655852218 -9.938994089253584e-06 0.033213354419366681 -0.0044928964863274251 8.2449039190990456e-05 -0.00033839681668972337 0.0058705828543232034 -0.0022408805727290649
leaf_weight=20 39 20 22 20 21 21 25 20 22 23 25 34 22 22 21 26 21 30 28 35 23 21 28 20 20 22 25 20
leaf_count=20 39 20 22 20 21 21 25 20 22 23 25 34 22 22 21 26 21 30 28 35 23 21 28 20 20 22 25 20
internal_value=0 -3.05008e-05 0.000118939 3.31991e-05 -5.16843e-05 0.00118016 -9.94368e-05 -3.16247e-05 1.06423e-05 -5.09461e-05 -0.000754502 1.82994e-05 0.000104723 -3.92055e-05 -0.000249069 -8.602e-05 0.000371297 -0.000269554 -0.000304762 4.01238e-05 0.000965099 -0.000755323 0.000648131 0.000317937 0.000627993 9.32074e-05 0.000438036 -0.0023356
internal_weight=0 657 617 595 554 41 533 483 463 421 50 398 314 269 178 157 91 131 84 80 45 51 70 42 42 50 45 40
internal_count=696 657 617 595 554 41 533 483 463 421 50 398 314 269 178 157 91 131 84 80 45 51 70 42 42 50 45 40
is_linear=0
shrinkage=0.1


Tree=95
num_leaves=26
num_cat=0
split_feature=27 48 49 49 25 3 3 3 3 3 1 3 3 3 1 1 3 3 1 1 3 3 3 3 70
split_gain=0.0658722 0.0266424 0.0140776 0.0118854 0.00627224 0.00298096 0.00189815 0.00148563 0.00336755 0.00119705 0.00381291 0.00371812 0.00154258 0.00130272 0.00432854 0.0033835 0.00108361 0.00101971 0.000910705 0.000778293 0.000574243 0.00056542 0.00100608 0.00133005 0.000254891
threshold=0.8264466354889638 0.34790429800275396 45742290.000000007 17364147.000000004 1.5000000000000002 58.131858407079655 5.2761799410029502 0.37446233356170505 0.23962683332253795 0.0063766011260046303 4345710.5000000009 0.0037621899321882229 0.0018962832899506266 6.1881470178578088e-06 2786396.5000000005 82083.500000000015 0.9842112643210662 3.9062135041376959e-05 1140689.0000000002 2568720.5000000005 0.034843285551850255 0.00011148073849118199 0.00026329021343219228 0.0004878164613535642 65.000000000000014
decision_type=2 2 2 2 2 2 2 2 2 2 2 2 2 2 2 2 2 2 2 2 2 2 2 2 2
left_child=1 3 -3 4 5 6 7 8 9 11 18 12 13 14 15 24 -9 -15 20 -20 -11 -19 -23 -24 -1
right_child=-2 2 -4 -5 -6 -7 -8 16 -10 10 -12 -13 -14 17 -16 -17 -18 21 19 -21 -22 22 23 -25 -26
leaf_value=-4.6271540493680877e-05 -0.0040362573507614075 -0.018304080572218284 -0.00016137059390679555 0.0031611102475702425 0.028345054523049387 5.4770292589978456e-05 -0.00055107339089346399 0.22910927356520575 -0.0057511785432291518 -0.004043606837694824 -0.0064100177109107648 -0.0019482225462901682 0.0029756625173298803 -0.0033827020268233812 0.0022593307877009751 -0.0048281292960403732 7.420413527192693e-05 0.029660718563694389 0.029892018977430015 0.0028988438711785138 0.002344481726947123 -0.0022240446113030998 0.0031013266815030252 -0.00071518185966894525 2.5076494557385589e-05
leaf_weight=40 39 22 21 22 38 21 20 22 23 22 20 23 26 33 32 27 22 23 28 31 21 20 24 37 39
leaf_count=40 39 22 21 22 38 21 20 22 23 22 20 23 26 33 32 27 22 23 28 31 21 20 24 37 39
internal_value=0 -6.76696e-06 -0.00241309 0.000161754 7.69389e-05 -8.30975e-06 -5.43533e-05 -1.7092e-05 -6.9216e-05 -8.36502e-06 0.000258616 -0.000108895 -1.52532e-05 -8.48615e-05 0.000131998 -0.00017572 0.000538502 -0.000303304 0.000506167 0.000761259 0.000156156 -0.000149624 -0.000273872 -7.20708e-05 0.000154572
internal_weight=0 657 43 614 592 554 533 513 469 446 122 324 301 275 138 106 44 137 102 59 43 104 81 61 79
internal_count=696 657 43 614 592 554 533 513 469 446 122 324 301 275 138 106 44 137 102 59 43 104 81 61 79
is_linear=0
shrinkage=0.1


Tree=96
num_leaves=25
num_cat=0
split_feature=27 49 48 43 27 25 1 1 3 3 70 5 1 3 3 1 3 3 1 3 3 1 68 3
split_gain=0.0684958 0.00815293 0.0682594 0.0307412 0.00612375 0.00621303 0.00433944 0.0135361 0.0172839 0.00515585 0.00161804 0.00103226 0.00239017 0.00590654 0.00401421 0.00329659 0.00214316 0.00215714 0.00153474 0.00161758 0.00116179 0.000839118 0.000471335 1.86301e-05
threshold=0.8264466354889638 1386510.5000000002 5.9087389133189241 1.0000000180025095e-35 0.33588092613948267 1.0000000180025095e-35 15055.000000000002 15.000000000000002 0.067966594320479731 2.2203528624825863 65.000000000000014 1.0000000180025095e-35 1140689.0000000002 0.0047233726146460485 4.3976765741445264e-07 2568720.5000000005 0.076894640315072912 0.019307541272722661 3052001.5000000005 0.0020685921948375399 0.0047233726146460485 9679825.0000000019 1.0000000180025095e-35 0.00010502435536222789
decision_type=2 2 2 2 2 2 2 2 2 2 2 2 2 2 2 2 2 2 2 2 2 2 2 2
left_child=1 4 3 -3 5 6 7 9 -9 10 22 16 20 14 -14 -16 17 18 19 -8 -13 -17 -1 -23
right_child=-2 2 -4 -5 -6 -7 11 8 -10 -11 -12 12 13 -15 15 21 -18 -19 -20 -21 -22 23 -24 -25
leaf_value=-0.0048491411332420853 -0.0036326316156852557 0.014733223745170677 0.027298079972136159 -0.0098257613789748191 0.038279173487040907 -0.0074314599014236654 6.2573091286566304e-05 -0.094475450550240703 -0.00049596605180397553 4.9293263330696391e-05 2.256884510165591e-05 0.0053550427548579201 2.5278543941453793e-05 0.021847653456389796 0.00078669706238088111 -0.0018391662721484181 0.0015532168714212703 -0.0057690159398198666 0.0046885311597101523 -0.0045034219266845811 -0.0043057198793732708 -0.011393849659638989 -4.1644386444339436e-05 -0.00023303894905382096
leaf_weight=31 39 24 21 30 20 28 35 20 34 23 39 26 20 30 37 24 36 28 29 24 25 21 32 20
leaf_count=31 39 24 21 30 20 28 35 20 34 23 39 26 20 30 37 24 36 28 29 24 25 21 32 20
internal_value=0 7.66473e-05 0.00105795 -0.000823368 -4.98099e-05 -0.000111002 -3.48655e-05 -0.000436318 -0.00175937 0.000135243 -0.000169729 0.000167557 0.000315112 0.000513872 0.000204754 -4.92474e-05 -2.95071e-05 -0.000238691 4.55649e-06 -0.000288229 -0.000277271 -0.000478168 -0.000483098 -0.000203272
internal_weight=0 657 75 54 582 562 534 179 54 125 102 355 203 152 122 102 152 116 88 59 51 65 63 41
internal_count=696 657 75 54 582 562 534 179 54 125 102 355 203 152 122 102 152 116 88 59 51 65 63 41
is_linear=0
shrinkage=0.1


Tree=97
num_leaves=25
num_cat=0
split_feature=27 48 48 3 3 27 25 3 3 3 3 3 3 3 1 1 5 1 3 3 49 3 3 70
split_gain=0.0662794 0.0131888 0.012252 0.00275818 0.00208717 0.00179003 0.00446172 0.00142023 0.00390348 0.00169715 0.00200613 0.00152416 0.00151477 0.0020649 0.00497682 0.00226576 0.00183661 0.00180157 0.000913242 0.000764431 0.000624748 0.000542437 0.000689925 0.000367462
threshold=0.8264466354889638 0.492157898488434 0.020433060437035664 58.131858407079655 5.2761799410029502 0.33588092613948267 1.0000000180025095e-35 0.37446233356170505 0.23962683332253795 0.015508617519528737 0.0037621899321882229 0.028692104949705137 0.00078629042081069329 6.1881470178578088e-06 2786396.5000000005 1954173.5000000002 1.0000000180025095e-35 82083.500000000015 0.067966594320479731 0.9842112643210662 43408594.000000007 3.9062135041376959e-05 0.00029965823842806593 65.000000000000014
decision_type=2 2 2 2 2 2 2 2 2 2 2 2 2 2 2 2 2 2 2 2 2 2 2 2
left_child=1 2 3 4 5 6 7 8 9 10 12 -11 13 14 17 -15 -14 23 -13 -9 -3 -17 -23 -1
right_child=-2 20 -4 -5 -6 -7 -8 19 -10 11 -12 18 16 15 -16 21 -18 -19 -20 -21 -22 22 -24 -25
leaf_value=-3.7479947799923254e-05 -0.0032693684541167389 -0.0009225381118899812 0.0027987872410738749 4.4363936997626754e-05 -0.00044636944662386214 0.034451256138336821 -0.0066883139112814405 0.20624794281386516 -0.00469114657558194 0.016315935966880347 -0.0018320699978993105 -0.0038751478914356599 -0.00083593695743502396 0.0077995011992939567 0.0022725376535092322 -0.0023239975218235288 0.0011265227064505723 -0.0035315891699099211 0.0024130054963144689 0.0010493598596422516 -0.0010180793181679526 -0.0024704932661439474 -0.0025470471778263008 2.0311960591534731e-05
leaf_weight=39 39 20 22 21 20 20 35 22 23 33 39 35 25 25 31 25 29 24 33 20 20 36 21 39
leaf_count=39 39 20 22 21 20 20 35 22 23 33 39 35 25 25 31 25 29 24 33 20 20 36 21 39
internal_value=0 6.28869e-06 0.000120368 3.46813e-05 -6.50061e-06 2.97306e-05 -5.05655e-06 7.14968e-05 2.03527e-05 8.76329e-05 -2.12737e-05 0.000446701 6.81219e-05 -3.95473e-05 0.000223546 -0.00036657 0.000546652 -0.000113688 0.000176083 0.000627993 -0.00175339 -0.000620654 -0.000450321 0.000119435
internal_weight=0 657 617 595 574 554 534 499 457 434 333 101 294 240 133 107 54 102 68 42 40 82 57 78
internal_count=696 657 617 595 574 554 534 499 457 434 333 101 294 240 133 107 54 102 68 42 40 82 57 78
is_linear=0
shrinkage=0.1


Tree=98
num_leaves=25
num_cat=0
split_feature=27 48 49 25 10 5 3 3 3 3 3 3 68 70 3 3 3 3 5 3 1 5 49 3
split_gain=0.0657625 0.0129415 0.00675069 0.00331153 0.00332814 0.00440039 0.00308509 0.00181313 0.00280252 0.00311014 0.0029848 0.00190079 0.00271598 0.00208378 0.00175942 0.00142388 0.002257 0.00292339 0.0018358 0.00180633 0.00151782 0.00117884 0.000624748 0.000617675
threshold=0.8264466354889638 0.492157898488434 18070405.500000004 1.5000000000000002 1.0000000180025095e-35 1.2395730541707721 58.131858407079655 5.2761799410029502 0.37446233356170505 0.23962683332253795 0.03778523035077342 6.1881470178578088e-06 1.0000000180025095e-35 65.000000000000014 1.0000000019163486 0.0003056025173114538 0.0028857183522401487 0.0092519101300880761 1.0000000180025095e-35 0.026314090162737221 3653915.0000000005 1.0000000180025095e-35 43408594.000000007 0.081761719037339628
decision_type=2 2 2 2 2 2 2 2 2 2 2 2 2 2 2 2 2 2 2 2 2 2 2 2
left_child=1 2 3 4 5 6 7 8 9 10 11 12 -1 -14 -10 18 21 -18 -13 -19 -20 -17 -3 -12
right_child=-2 22 -4 -5 -6 -7 -8 -9 14 -11 23 15 13 -15 -16 16 17 19 20 -21 -22 -23 -24 -25
leaf_value=0.0028556904385752093 -0.0029424316087050652 -0.00083028430070095647 0.0044964067518389328 0.02658912191099887 -0.0002066508821698676 0.0091070852835251521 3.9927543297579863e-05 -0.00040173250196176016 0.16052931900390066 -0.0042220319180238169 0.022246066749804075 0.00022345014761384621 -3.3731953019966457e-05 1.8280764532363492e-05 0.00094442387367799085 -2.8488612514365744e-06 -0.0025141318433163917 0.014809636630567625 -0.0074185588931968034 -0.0068237079425259141 -0.004233647007344743 0.0010138704358055861 -0.00091627138635113074 0.0017134113174790855
leaf_weight=32 39 20 20 38 34 28 21 20 25 23 32 26 32 39 20 31 37 21 25 29 26 34 20 24
leaf_count=32 39 20 20 38 34 28 21 20 25 23 32 26 32 39 20 31 37 21 25 29 26 34 20 24
internal_value=0 -1.02894e-05 0.000102715 4.21729e-05 -1.92334e-05 4.28613e-05 -2.58561e-05 -7.81874e-05 -3.73138e-05 -0.000119345 -5.2369e-05 -0.00016628 0.000190497 -0.000154242 0.000711902 -0.000326752 -0.000149275 -0.000482349 -0.000677097 1.63048e-05 -0.00102573 0.000296533 -0.00175339 0.000622962
internal_weight=0 657 617 597 559 525 497 476 456 411 388 332 103 71 45 229 152 87 77 50 51 65 40 56
internal_count=696 657 617 597 559 525 497 476 456 411 388 332 103 71 45 229 152 87 77 50 51 65 40 56
is_linear=0
shrinkage=0.1


Tree=99
num_leaves=28
num_cat=0
split_feature=27 48 49 49 3 27 25 3 3 3 1 3 3 3 3 1 5 1 1 3 1 1 70 68 3 3 3
split_gain=0.0623415 0.0140878 0.0240249 0.0136203 0.00340336 0.0024827 0.00737126 0.00177493 0.00301904 0.00306207 0.00229715 0.00197019 0.00153498 0.0042999 0.00223007 0.00151739 0.00103635 0.00466911 0.00343778 0.00195293 0.00076045 0.00243856 0.00132276 0.000843354 0.000390773 0.000360992 0.000198684
threshold=0.8264466354889638 0.34790429800275396 45742290.000000007 17364147.000000004 58.131858407079655 0.33588092613948267 1.0000000180025095e-35 5.2761799410029502 0.37446233356170505 0.23962683332253795 2568720.5000000005 1.2888720714562938e-05 0.0092519101300880761 0.0037621899321882229 0.00091966533819456844 1140689.0000000002 1.0000000180025095e-35 4345710.5000000009 9679825.0000000019 0.018927733181247301 1954173.5000000002 185041.50000000003 65.000000000000014 1.0000000180025095e-35 1.6037688408817296e-06 0.9842112643210662 0.035748941212241432
decision_type=2 2 2 2 2 2 2 2 2 2 2 2 2 2 2 2 2 2 2 2 2 2 2 2 2 2 2
left_child=1 3 -3 4 5 6 7 8 9 10 12 24 13 14 20 26 17 19 -18 -13 21 22 23 -1 -12 -10 -14
right_child=-2 2 -4 -5 -6 -7 -8 -9 25 -11 11 16 15 -15 -16 -17 18 -19 -20 -21 -22 -23 -24 -25 -26 -27 -28
leaf_value=0.0032607644062860432 -0.0026481884478345655 -0.019028198270950994 0.0010307776738333275 0.0040467660766550393 3.5934788967750823e-05 0.028347218333403392 -0.0098442740036642114 -0.00036155925176544206 0.16957021663208849 -0.0037998287262213993 -0.00018383798758705441 -0.0022627186589847526 -0.0021387885825916442 -0.0013974498137784509 0.00035414648853304698 0.024240602012611134 -0.0087470518260566628 -0.0061413371482732515 -0.00042377436837384155 0.0063823411156754169 -0.00076666118601593787 0.0075072942568596094 1.6452688079127144e-05 -3.0358757717952045e-05 0.0010517217837517025 0.00084998148631019186 0.0020003638149347579
leaf_weight=20 39 22 21 22 21 20 31 20 22 23 21 20 20 23 30 22 27 32 32 20 35 21 39 32 20 21 20
leaf_count=20 39 22 21 22 21 20 31 20 22 23 21 20 20 23 30 22 27 32 32 20 35 21 39 32 20 21 20
internal_value=0 -0.000121691 -0.00187149 8.52362e-07 -8.99422e-05 -0.000135924 -0.000175651 -8.63459e-05 -4.93955e-05 -0.00012477 -6.51809e-05 -0.000349127 0.000121227 -1.35398e-05 0.000153605 0.000555958 -0.000538469 -0.000283858 -0.000849181 0.000436414 -6.74755e-06 0.000120398 -0.000103756 -0.000433936 0.000255842 0.00075168 0.000189069
internal_weight=0 657 43 614 592 571 551 520 500 457 434 172 262 200 177 62 131 72 59 40 147 112 91 52 41 43 40
internal_count=696 657 43 614 592 571 551 520 500 457 434 172 262 200 177 62 131 72 59 40 147 112 91 52 41 43 40
is_linear=0
shrinkage=0.1


Tree=100
num_leaves=27
num_cat=0
split_feature=70 49 48 43 27 3 1 3 3 27 3 1 27 68 3 3 1 3 1 1 1 3 3 3 3 3
split_gain=0.0597786 0.016661 0.0621189 0.0272112 0.00858674 0.0047932 0.00563309 0.00535342 0.0252338 0.00441522 0.0043194 0.00514605 0.00305025 0.00237069 0.00453601 0.00181491 0.00166903 0.00262075 0.00525444 0.00119593 0.00123093 0.0041067 0.00244829 0.00233839 0.000402923 0.000298603
threshold=81.000000000000014 1386510.5000000002 3.7979028174644305 1.0000000180025095e-35 0.51645406055080134 58.131858407079655 1954173.5000000002 0.0040190174313929619 0.034843285551850255 1.0000000180025095e-35 2.5647115595376813e-07 2568720.5000000005 50.746428571428574 1.0000000180025095e-35 0.00016312860121693844 0.00091966533819456844 82083.500000000015 5.2761799410029502 9.5000000000000018 3052001.5000000005 4345710.5000000009 0.021610775325385946 0.0003056025173114538 0.00038018127697725596 3.3549682405304946e-05 0.0050669330162809783
decision_type=2 2 2 2 2 2 2 2 2 2 2 2 2 2 2 2 2 2 2 2 2 2 2 2 2 2
left_child=1 4 3 -3 5 6 7 9 -9 13 -8 15 -6 14 -1 -12 17 18 -10 25 23 22 24 -21 -22 -13
right_child=-2 2 -4 -5 12 -7 10 8 16 -11 11 19 -14 -15 -16 -17 -18 -19 -20 20 21 -23 -24 -25 -26 -27
leaf_value=0.11485915866277736 -0.0023833696030511001 0.012125705363696683 0.0080897331105202145 -0.010561650191404226 0.016227275034610501 3.2341310070904683e-05 -0.00016760199519438856 -0.082949803426862423 -0.0034198458535993127 -0.0076939673108867629 0.00052743709096034761 -0.0039761952352911582 0.0076433454355603562 -2.7322881946112434e-05 -0.00078747302441968265 0.00185488634717359 -0.0070361049559430457 -0.00032540332658896891 0.026703319391700831 -0.0012157216758517109 -0.0097038724191335756 -0.0055272034334457494 0.013942806682338472 0.013229930502853905 -0.0037679048697729202 -0.0020364467930860997
leaf_weight=26 39 24 24 27 20 21 22 36 22 36 28 20 21 35 26 39 38 20 26 20 20 21 23 20 20 22
leaf_count=26 39 24 24 27 20 21 22 36 22 36 28 20 21 35 26 39 38 20 26 20 20 21 23 20 20 22
internal_value=0 -3.43384e-05 0.00136847 -0.000605776 -0.000215113 -0.000320854 -0.000380671 -0.000703535 -0.00112185 -0.000220605 -4.51464e-05 8.132e-05 0.00118016 0.000164799 0.000593061 0.000821054 -0.000344983 -4.83521e-05 0.000352379 -0.000217247 -6.10359e-05 -0.000278454 0.000125234 0.000395542 -0.000347476 -0.000678443
internal_weight=0 657 75 51 582 541 520 265 142 123 255 233 41 87 52 67 106 68 48 166 124 84 63 40 40 42
internal_count=696 657 75 51 582 541 520 265 142 123 255 233 41 87 52 67 106 68 48 166 124 84 63 40 40 42
is_linear=0
shrinkage=0.1


Tree=101
num_leaves=23
num_cat=0
split_feature=27 47 48 3 3 1 1 5 3 3 1 3 26 10 3 3 68 3 70 3 3 3
split_gain=0.0658864 0.0289548 0.0216056 0.00390775 0.00412193 0.00288225 0.00392449 0.00373575 0.00244309 0.00291297 0.00435179 0.00234006 0.0020956 0.0028645 0.00174073 0.00173846 0.00222119 0.0022033 0.00208378 0.00169001 0.000655387 0.00154545
threshold=0.8264466354889638 6.5000000000000009 0.34790429800275396 0.0018962832899506266 0.00084597978175703005 2568720.5000000005 1140689.0000000002 1.0000000180025095e-35 58.131858407079655 1.0000000091703745 65.500000000000014 0.078896434485292585 3.6383723723400647e-05 1.0000000180025095e-35 0.067966594320479731 6.1881470178578088e-06 1.0000000180025095e-35 3.9062135041376959e-05 65.000000000000014 0.021610775325385946 0.00029965823842806593 0.00011148073849118199
decision_type=2 2 2 2 2 2 2 2 2 2 2 2 2 2 2 2 2 2 2 2 2 2
left_child=1 2 3 4 12 6 8 -8 9 10 -5 19 13 15 -12 16 -1 -17 -18 -7 21 -19
right_child=-2 -3 -4 5 -6 11 7 -9 -10 -11 14 -13 -14 -15 -16 17 18 20 -20 -21 -22 -23
leaf_value=0.0024122626321265274 -0.0021450326427459921 0.00034659064541227026 -0.018183413688249186 -0.003077861268239346 -0.00070872572197799855 -0.00031340971674822529 0.00042560371516913169 0.0046982544881299052 2.9107179064169489e-05 -0.00029286299392978777 0.0076448697039253949 0.0031776735362278432 0.018214285351513128 -0.00097215244942745478 0.14172105701570956 -0.0087334851772201457 -2.4590593751483425e-05 0.029139793256608829 1.7539707465807907e-05 -0.0015777472413070371 0.00047469338186445498 -0.00092343907803673633
leaf_weight=33 39 29 24 27 25 29 22 36 21 34 41 21 37 35 26 36 32 23 39 29 29 29
leaf_count=33 39 29 24 27 25 29 22 36 21 34 41 21 37 35 26 36 32 23 39 29 29 29
internal_value=0 -6.31231e-06 -0.00014897 -3.20501e-05 -0.000273271 0.00023616 0.000432275 0.00113016 0.000160614 -3.39984e-06 0.000283506 -0.000277711 -0.000168105 -0.000269777 0.000715437 -0.000136657 0.000160826 -0.000401087 -0.000154242 -0.000605199 -0.000111784 -0.000324208
internal_weight=0 657 628 604 318 286 207 58 149 128 94 79 293 256 67 221 104 117 71 58 81 52
internal_count=696 657 628 604 318 286 207 58 149 128 94 79 293 256 67 221 104 117 71 58 81 52
is_linear=0
shrinkage=0.1


Tree=102
num_leaves=27
num_cat=0
split_feature=27 47 48 5 3 27 10 1 3 1 3 3 3 5 3 1 3 1 3 1 3 5 3 70 70 3
split_gain=0.066428 0.0286304 0.021873 0.00325844 0.00335622 0.00245415 0.00228882 0.00269796 0.00362673 0.00300559 0.00404131 0.00221211 0.00219277 0.00143157 0.00648202 0.00537437 0.00183812 0.00142541 0.00234738 0.00114552 0.00104067 0.001027 0.000962179 0.000469277 0.00086692 0.000319913
threshold=0.8264466354889638 6.5000000000000009 0.34790429800275396 1.0202733109647493 58.131858407079655 0.33588092613948267 1.0000000180025095e-35 4345710.5000000009 0.021610775325385946 1140689.0000000002 0.03778523035077342 0.00016312860121693844 4.5412177421341777e-05 1.0000000180025095e-35 0.00031998073208521285 9.5000000000000018 0.035748941212241432 2568720.5000000005 0.0040190174313929619 134628.00000000003 0.37446233356170505 1.0000000180025095e-35 3.9062135041376959e-05 48.000000000000007 65.000000000000014 0.00038018127697725596
decision_type=2 2 2 2 2 2 2 2 2 2 2 2 2 2 2 2 2 2 2 2 2 2 2 2 2 2
left_child=1 2 3 4 5 6 7 9 22 13 12 -5 -11 19 -15 -16 -17 18 -14 23 -18 -8 -9 -1 -25 -24
right_child=-2 -3 -4 11 -6 -7 21 8 -10 10 -12 -13 17 14 15 16 20 -19 -20 -21 -22 -23 25 24 -26 -27
leaf_value=0.0098944844906718298 -0.0019305293784714018 0.00031193158087106099 -0.01636507231942428 1.1138634606311371e-05 2.6196461157468323e-05 0.024460464696000453 -0.0027028635147821945 -0.052923908360351393 -0.0093477104481332063 0.0021710363689138035 0.0028599061826049877 0.018419817480035051 -0.0003365822438510691 -0.076344049275061998 -0.0028726810401078495 0.0067878427954283895 -0.01727595846375465 -0.0022467042546409745 0.001591265451246926 -0.00072201543655694425 0.003849924699577656 -5.3626550732133188e-05 0.020910081748319698 -2.2131534376335085e-05 1.5785736719209355e-05 -0.00039992372949626542
leaf_weight=27 39 29 24 25 21 20 26 22 22 20 39 21 32 20 25 28 25 37 23 24 25 21 21 21 39 20
leaf_count=27 39 29 24 25 21 20 26 22 22 20 39 21 32 20 25 28 25 37 23 24 25 21 21 21 39 20
internal_value=0 1.10412e-05 -0.000130816 -1.31739e-05 -7.9862e-05 -0.000128361 -0.000170408 -0.000103871 -0.000613776 8.70556e-06 0.000356525 0.000795782 5.12467e-05 -0.000215742 -0.000450709 -0.000130821 0.000278127 -0.000155058 0.000167788 4.46271e-05 -8.51463e-05 -0.000835774 -0.000227774 0.000213355 5.7557e-05 5.84965e-05
internal_weight=0 657 628 604 558 537 517 470 85 385 151 46 112 234 123 103 78 92 55 111 50 47 63 87 60 41
internal_count=696 657 628 604 558 537 517 470 85 385 151 46 112 234 123 103 78 92 55 111 50 47 63 87 60 41
is_linear=0
shrinkage=0.1


Tree=103
num_leaves=26
num_cat=0
split_feature=27 47 48 50 5 3 3 3 3 27 10 1 68 70 1 3 5 3 3 1 1 5 3 3 3
split_gain=0.0686679 0.0273218 0.0229847 0.00285861 0.00335297 0.00309194 0.0023469 0.00254748 0.00338413 0.00194558 0.00370656 0.00184013 0.00125341 0.00208378 0.00148269 0.00186732 0.00121612 0.00120462 0.00111377 0.00117044 0.000673155 0.000855032 0.00231109 0.000802844 0.000154681
threshold=0.8264466354889638 6.5000000000000009 0.34790429800275396 0.00034620560351077535 1.3304729663362136 58.131858407079655 0.9842112643210662 0.37446233356170505 0.23962683332253795 0.33588092613948267 1.0000000180025095e-35 2786396.5000000005 1.0000000180025095e-35 65.000000000000014 15055.000000000002 0.035748941212241432 1.0000000180025095e-35 1.2888720714562938e-05 0.0045212136014953193 9679825.0000000019 298234.50000000006 1.0000000180025095e-35 0.0028857183522401487 0.0031557636082888509 5.2761799410029502
decision_type=2 2 2 2 2 2 2 2 2 2 2 2 2 2 2 2 2 2 2 2 2 2 2 2 2
left_child=1 2 3 4 5 6 7 8 9 10 11 12 14 -14 -1 20 -12 -13 19 -19 -16 23 -23 -22 -8
right_child=-2 -3 -4 -5 -6 -7 24 -9 -10 -11 16 17 13 -15 15 -17 -18 18 -20 -21 21 22 -24 -25 -26
leaf_value=0.022458622526588104 -0.0017374764406242527 0.00028073842278395492 -0.014728565087481861 0.0039424384210564158 0.0062777823520079323 2.3576815041792543e-05 -0.079256476102402482 0.13538576485818085 -0.0025854129360972423 0.022014418226400424 -0.0024325771633041172 0.00087375000289213745 -1.991838093866605e-05 1.4207163047252892e-05 0.0055199282948102286 -0.0070247798870852309 -4.8263895659061974e-05 -0.0020220338291771613 0.0004683462132419436 -0.017679431026148152 -0.00038482008321878426 0.00079481748007488313 -0.00030292401946567797 0.0014321389061223045 -0.00064856916449471677
leaf_weight=25 39 29 24 20 28 21 20 22 23 20 26 31 32 39 31 36 22 27 33 31 30 27 20 20 20
leaf_count=25 39 29 24 20 28 21 20 22 23 20 26 31 32 39 31 36 22 27 33 31 30 27 20 20 20
internal_value=0 8.20642e-05 -5.65129e-05 6.40812e-05 2.38218e-05 -2.99494e-05 -7.66703e-05 -1.71319e-05 -6.60572e-05 -5.5857e-06 -5.04292e-05 5.36443e-05 0.000203988 -0.000154242 0.000338561 0.000229206 -0.000878681 -0.000266761 -0.000450163 -0.000714051 0.000408156 0.000278514 0.000584739 -9.3383e-06 -0.000813458
internal_weight=0 657 628 604 584 556 535 495 473 450 430 382 260 71 189 164 48 122 91 58 128 97 47 50 40
internal_count=696 657 628 604 584 556 535 495 473 450 430 382 260 71 189 164 48 122 91 58 128 97 47 50 40
is_linear=0
shrinkage=0.1


Tree=104
num_leaves=25
num_cat=0
split_feature=27 47 48 50 3 3 3 3 3 1 3 3 3 3 26 10 3 68 70 1 3 3 3 3
split_gain=0.0691486 0.0270477 0.0232244 0.00277933 0.00273016 0.00284258 0.00217686 0.00387365 0.00216954 0.00138421 0.00215978 0.00310448 0.00214372 0.00385987 0.00111814 0.00337988 0.000962888 0.00222119 0.00208378 0.000789698 0.000573623 0.0007393 0.000201137 0.000154681
threshold=0.8264466354889638 6.5000000000000009 0.34790429800275396 0.00034620560351077535 58.131858407079655 0.9842112643210662 0.37446233356170505 0.23962683332253795 0.00026329021343219228 2568720.5000000005 0.018927733181247301 0.0047233726146460485 0.0017393027442815605 0.035748941212241432 3.6383723723400647e-05 1.0000000180025095e-35 6.1881470178578088e-06 1.0000000180025095e-35 65.000000000000014 15055.000000000002 2.084410105357757e-05 5.1438777304697819e-05 0.0022862650450823103 5.2761799410029502
decision_type=2 2 2 2 2 2 2 2 2 2 2 2 2 2 2 2 2 2 2 2 2 2 2 2
left_child=1 2 3 4 5 6 7 8 14 10 11 22 -11 -14 15 16 17 -1 -19 -12 -18 -22 -10 -7
right_child=-2 -3 -4 -5 -6 23 -8 -9 9 12 19 -13 13 -15 -16 -17 20 18 -20 -21 21 -23 -24 -25
leaf_value=0.0018744509840146863 -0.0015637287965618364 0.00025266458050552391 -0.013255708578733661 0.003548194578950792 2.1219133537897507e-05 -0.071330828492162365 0.12184718837236304 -0.0023268716424876602 7.4509499930996992e-05 0.0014080117460682829 0.020186438862796408 0.015950057496830539 -0.0017200046072506582 0.0027602650130141627 0.019812976403760452 -0.0008712246783794342 -0.00061775346405497096 -1.7926542844826088e-05 1.278644674256313e-05 -0.0063223018983769924 0.00071533573206750134 -0.0064435581993450347 0.00017593113621856561 -0.0005837122480450319
leaf_weight=33 39 29 24 20 21 20 22 23 36 28 23 21 38 28 36 35 22 32 39 33 20 32 22 20
leaf_count=33 39 29 24 20 21 20 22 23 36 28 23 21 38 28 36 35 22 32 39 33 20 32 22 20
internal_value=0 9.71556e-05 -4.07247e-05 8.04969e-05 4.07996e-05 -9.58709e-07 6.11828e-05 1.84307e-05 7.94253e-05 0.000301578 0.000506732 0.00084349 6.94238e-06 -0.000304105 -0.000124884 -0.000212002 -3.53641e-05 0.000160826 -0.000154242 3.16619e-05 -0.000311091 -0.000129995 0.000466286 -0.000813458
internal_weight=0 657 628 604 584 563 523 501 478 229 135 79 94 66 249 213 178 104 71 56 74 52 58 40
internal_count=696 657 628 604 584 563 523 501 478 229 135 79 94 66 249 213 178 104 71 56 74 52 58 40
is_linear=0
shrinkage=0.1


Tree=105
num_leaves=26
num_cat=0
split_feature=27 49 50 1 1 1 3 3 3 3 3 70 5 3 1 5 3 3 3 3 1 1 68 3 26
split_gain=0.0705353 0.022616 0.0566827 0.0108986 0.00596197 0.013777 0.026057 0.00498127 0.00331874 0.00277756 0.00215796 0.00142484 0.00091497 0.00243545 0.0035119 0.00170942 0.00233613 0.00114106 0.00175537 0.00121466 0.000875791 0.00076504 0.000663591 0.000303551 0.00027313
threshold=0.8264466354889638 1386510.5000000002 1.906983789222628 1140689.0000000002 185041.50000000003 15.000000000000002 0.026314090162737221 2.2203528624825863 0.30127312263560818 0.11090058665983916 0.076894640315072912 65.000000000000014 1.0000000180025095e-35 4.3976765741445264e-07 2568720.5000000005 1.0411054272875526 0.0063766011260046303 0.019307541272722661 0.0031557636082888509 1.7386391400702291e-05 2786396.5000000005 9679825.0000000019 1.0000000180025095e-35 0.0001448077233852178 0.055768929212438714
decision_type=2 2 2 2 2 2 2 2 2 2 2 2 2 2 2 2 2 2 2 2 2 2 2 2 2
left_child=1 4 3 -3 5 7 -7 11 10 -8 12 22 17 -14 15 16 -15 18 19 24 -21 -16 -1 -23 -6
right_child=-2 2 -4 -5 8 6 9 -9 -10 -11 -12 -13 13 14 21 -17 -18 -19 -20 20 -22 23 -24 -25 -26
leaf_value=-0.0016646590238819316 -0.0014073559169056615 -0.069458707647556392 0.013534035766857145 0.0019173481654611636 0.01578454646173242 -0.068401547116787281 0.01816779497651666 1.9097220184249865e-05 -0.084039779971793044 -0.0060752091501401042 0.005770445198940522 1.1507802068333462e-05 4.5832768110187777e-05 -0.00014893593194713618 -0.0012956406940020317 0.014355051747147485 0.026931854417532011 -0.0037567714817566158 0.012745025198130124 -0.00035378902489000555 -0.0067448679111542734 -0.0025933454773465316 -1.6133888560343481e-05 0.00078912300251303695 0.0097640708837456458
leaf_weight=32 39 21 30 24 26 24 22 23 21 36 26 39 25 36 32 20 20 29 23 29 21 23 32 20 23
leaf_count=32 39 21 30 24 26 24 22 23 21 36 26 39 25 36 32 20 20 29 23 29 21 23 32 20 23
internal_value=0 0.000140394 0.00177478 -0.000469868 -7.02232e-05 -0.000499401 -0.00150825 0.000157148 0.000168464 -0.000361552 0.00024112 -0.000139971 0.000171402 0.000326341 0.00017498 0.000654059 0.000370634 -9.18949e-06 0.000124835 -5.79963e-05 -0.000404752 -0.000310486 -0.000430311 -3.49668e-05 0.000295836
internal_weight=0 657 75 45 582 208 82 126 374 58 353 103 327 176 151 76 56 151 122 99 50 75 64 43 49
internal_count=696 657 75 45 582 208 82 126 374 58 353 103 327 176 151 76 56 151 122 99 50 75 64 43 49
is_linear=0
shrinkage=0.1


Tree=106
num_leaves=26
num_cat=0
split_feature=27 48 49 49 3 3 3 3 3 3 1 3 5 5 3 3 25 26 68 3 1 3 70 1 3
split_gain=0.0656686 0.0264977 0.0140776 0.0119584 0.00552939 0.00437485 0.00254611 0.00248714 0.00248877 0.00279487 0.00213665 0.00162532 0.00213204 0.00150565 0.00110003 0.000943593 0.000914826 0.00251342 0.000655858 0.00270159 0.00227596 0.00236153 0.00208378 0.00049528 6.91091e-05
threshold=0.8264466354889638 0.34790429800275396 45742290.000000007 17364147.000000004 2.2203528624825863 20.050126422250319 0.057566796857932249 0.010474295515460566 0.0028857183522401487 0.00078629042081069329 1140689.0000000002 0.37446233356170505 1.0000000180025095e-35 1.0000000180025095e-35 0.00031998073208521285 0.027600279111672409 1.0000000180025095e-35 0.15177519287480271 1.0000000180025095e-35 4.3976765741445264e-07 2568720.5000000005 7.2349947797740243e-05 65.000000000000014 9679825.0000000019 0.0056188674499033356
decision_type=2 2 2 2 2 2 2 2 2 2 2 2 2 2 2 2 2 2 2 2 2 2 2 2 2
left_child=1 3 -3 4 6 -6 7 8 9 14 -9 12 -8 -11 16 -12 18 -18 19 -1 21 -21 -20 -22 -10
right_child=-2 2 -4 -5 5 -7 11 10 24 13 15 -13 -14 -15 -16 -17 17 -19 22 20 23 -23 -24 -25 -26
leaf_value=0.0012731153404040186 -0.0012666203252150955 -0.01328354129754601 -0.00072871874981057523 0.0041508159350431839 0.024489929743194239 1.718749816603804e-05 -0.00043155942927768369 -0.005314394560363667 -3.1706179250079459e-06 9.0231837857146507e-05 0.011470522678317253 0.011622575399006864 -0.0019277185758507899 0.002777846080540769 -0.0024556573127263448 0.019817414882727747 -0.011792207333689931 0.0087876637953710809 -1.4520499704318014e-05 -0.0001340423387524936 -0.0015066184519810122 0.0017245533299814044 1.035702186147347e-05 -0.0023340109296118073 -0.00051419159418237832
leaf_weight=38 39 22 21 22 20 31 27 27 25 21 20 34 37 25 21 21 23 22 32 22 31 20 39 36 20
leaf_count=38 39 22 21 22 20 31 27 27 25 21 20 34 37 25 21 21 23 22 32 22 31 20 39 36 20
internal_value=0 -1.33103e-05 -0.00241309 0.000154752 6.9677e-05 0.00106506 -2.41579e-05 7.78777e-05 -2.30213e-05 7.21105e-05 0.000634306 -0.0004854 -0.000782229 0.00079522 -4.50129e-05 0.00108919 1.06e-05 -0.0003999 9.53363e-05 0.000215881 -3.72412e-05 0.000539899 -0.000154242 -0.000399031 -0.000720655
internal_weight=0 657 43 614 592 51 541 443 375 330 68 98 64 46 284 41 263 45 218 147 109 42 71 67 45
internal_count=696 657 43 614 592 51 541 443 375 330 68 98 64 46 284 41 263 45 218 147 109 42 71 67 45
is_linear=0
shrinkage=0.1


Tree=107
num_leaves=26
num_cat=0
split_feature=27 49 48 43 3 3 3 3 3 3 3 3 1 3 1 26 3 70 3 1 3 3 68 5 3
split_gain=0.0635305 0.0110144 0.0682594 0.0307412 0.0045118 0.0294779 0.00782799 0.0035262 0.00303058 0.00196159 0.00297478 0.00294166 0.00183887 0.00393049 0.00154068 0.00232783 0.00153744 0.00137348 0.00108724 0.000950172 0.00170801 0.000957679 0.000754833 0.0007186 0.000132791
threshold=0.8264466354889638 1386510.5000000002 5.9087389133189241 1.0000000180025095e-35 0.002708721888128241 0.0088931871709935807 0.0047233726146460485 58.131858407079655 0.00078629042081069329 0.9842112643210662 0.37446233356170505 0.23962683332253795 1954173.5000000002 3.0167898363362526e-06 185041.50000000003 0.0088053097345132756 3.3549682405304946e-05 65.000000000000014 0.0001448077233852178 2568720.5000000005 0.057566796857932249 0.039341600125051841 1.0000000180025095e-35 1.0000000180025095e-35 5.2761799410029502
decision_type=2 2 2 2 2 2 2 2 2 2 2 2 2 2 2 2 2 2 2 2 2 2 2 2 2
left_child=1 4 3 -3 8 6 -6 9 12 10 11 19 14 -14 17 -16 -15 22 -18 20 -7 -21 -1 -10 -11
right_child=-2 2 -4 -5 5 7 -8 -9 23 24 -12 -13 13 16 15 -17 18 -19 -20 21 -22 -23 -24 -25 -26
leaf_value=0.0069109722924530111 -0.001139958292693577 0.017324731475620858 0.02889735156292348 -0.009285449561087766 -0.0018514507482343845 0.016882454934901505 -0.060233038275353951 1.5468748349434238e-05 9.3414268641112133e-05 -0.0041393341053714396 0.10910773291023973 -0.0017349467182658175 -0.001092821026808366 0.0031545935743899634 0.02280709958887428 -0.0044334755729074976 -0.0063764137334970886 9.3213196753261233e-06 3.9674531964095651e-05 -0.00094972067863956515 -0.0054112621928105401 0.00085487535431951758 -1.3068449733921739e-05 0.0029649564767531447 -0.0023668130825463154
leaf_weight=22 39 24 21 30 22 43 20 21 20 20 22 23 40 29 25 33 26 39 34 20 22 26 32 23 20
leaf_count=22 39 24 21 30 22 43 20 21 20 20 22 23 40 29 25 33 26 39 34 20 22 26 32 23 20
internal_value=0 -8.26333e-05 0.00105795 -0.000823368 -0.000229616 -0.000540548 -0.0029655 -7.12019e-05 1.97066e-05 -0.000203151 -4.29576e-05 -0.000219897 -0.000100331 -0.000377593 0.000136535 0.000541013 -7.54005e-06 -0.00011572 -0.000296494 -6.61867e-06 0.00023951 -0.000354409 -0.000442312 0.000801347 -0.000827904
internal_weight=0 657 75 54 582 259 42 217 323 196 156 134 280 129 151 58 89 93 60 111 65 46 54 43 40
internal_count=696 657 75 54 582 259 42 217 323 196 156 134 280 129 151 58 89 93 60 111 65 46 54 43 40
is_linear=0
shrinkage=0.1


Tree=108
num_leaves=26
num_cat=0
split_feature=27 48 49 3 3 3 1 3 3 3 1 3 1 5 70 3 3 3 1 1 5 1 49 1 70
split_gain=0.0653281 0.0227544 0.0216012 0.0028982 0.0033157 0.00256058 0.00204981 0.00151989 0.00151988 0.00146858 0.00135603 0.00133886 0.00133667 0.00239002 0.00153523 0.00131197 0.0012148 0.00280167 0.000883401 0.00229036 0.000734129 0.000638361 0.000139897 2.69135e-05 1.01729e-05
threshold=0.8264466354889638 0.492157898488434 17364147.000000004 58.131858407079655 0.057566796857932249 0.00078629042081069329 9679825.0000000019 0.002708721888128241 4.3976765741445264e-07 0.1406638946985794 2786396.5000000005 7.2349947797740243e-05 185041.50000000003 1.0000000180025095e-35 65.000000000000014 0.0047233726146460485 0.94337793098773282 0.37446233356170505 1140689.0000000002 2568720.5000000005 1.0000000180025095e-35 9679825.0000000019 43408594.000000007 25540032.000000004 48.000000000000007
decision_type=2 2 2 2 2 2 2 2 2 2 2 2 2 2 2 2 2 2 2 2 2 2 2 2 2
left_child=1 2 3 4 5 8 7 -7 12 -6 11 -10 14 -14 24 -9 17 -11 -17 -20 -18 -12 -3 -23 -1
right_child=-2 22 -4 -5 9 6 -8 15 10 16 21 -13 13 -15 -16 18 20 -19 19 -21 -22 23 -24 -25 -26
leaf_value=-0.0015846533828520748 -0.0010259624634242127 -0.002687386480768517 0.0035151036671139837 1.3921873514277651e-05 -0.012430389944640297 0.002203565824811449 -0.0010364386847541596 -0.0016663056734110171 -0.0021740673093233911 -0.0014588461477460513 -0.0012466745041017193 0.00076960168914581579 -0.0039901280156168896 2.3220059939887961e-05 8.3891877078023931e-06 0.0011570452495689666 -0.00045045543191761799 0.14657922002588394 0.015581346338560564 0.002277950529747841 -0.0021301317742917548 -0.0083569046049790426 -0.00035245267315531237 -0.0024160691940895876 -1.1761604760529566e-05
leaf_weight=26 39 20 24 21 26 36 21 20 30 38 28 35 40 25 39 32 20 21 24 26 24 20 20 20 21
leaf_count=26 39 20 24 21 26 36 21 20 30 38 28 35 40 25 39 32 20 21 24 26 24 20 20 20 21
internal_value=0 -2.42728e-05 0.00012557 6.53539e-06 -3.58239e-05 9.40982e-05 0.000415411 0.000555476 -8.57917e-05 -0.00048199 -0.000332286 -5.69392e-06 0.000131319 0.000473547 -0.000127341 0.000358316 -0.00031247 -1.58953e-05 0.000535437 0.000798017 -0.00071015 -0.00064447 -0.0023356 -0.000388124 -0.000512218
internal_weight=0 657 617 593 572 443 159 138 284 129 133 65 151 65 86 102 103 59 82 50 44 68 40 40 47
internal_count=696 657 617 593 572 443 159 138 284 129 133 65 151 65 86 102 103 59 82 50 44 68 40 40 47
is_linear=0
shrinkage=0.1


Tree=109
num_leaves=27
num_cat=0
split_feature=27 48 49 49 3 25 26 3 5 3 3 3 1 3 1 3 1 3 68 3 70 1 1 1 3 3
split_gain=0.0647028 0.0258138 0.0140776 0.0123094 0.00275672 0.00225902 0.00896069 0.00236405 0.00149791 0.00129282 0.00403376 0.00186478 0.00358089 0.00292777 0.00278663 0.00111087 0.00144435 0.000635664 0.000585161 0.00260317 0.00208378 0.00202343 0.00106828 0.000605869 0.000442484 0.000243948
threshold=0.8264466354889638 0.34790429800275396 45742290.000000007 17364147.000000004 58.131858407079655 1.0000000180025095e-35 0.033904386879576441 5.2761799410029502 1.3593918304378623 0.37446233356170505 0.097078987127138097 0.0018169069085899926 2568720.5000000005 0.0004878164613535642 3052001.5000000005 0.018927733181247301 82083.500000000015 0.23962683332253795 1.0000000180025095e-35 8.4285383418580678e-07 65.000000000000014 3052001.5000000005 9679825.0000000019 1140689.0000000002 0.94337793098773282 0.0040190174313929619
decision_type=2 2 2 2 2 2 2 2 2 2 2 2 2 2 2 2 2 2 2 2 2 2 2 2 2 2
left_child=1 3 -3 4 5 7 -7 8 9 10 11 13 15 18 -14 25 -17 -12 19 -1 -20 23 -23 -21 -11 -13
right_child=-2 2 -4 -5 -6 6 -8 -9 -10 24 17 12 14 -15 -16 16 -18 -19 20 21 -22 22 -24 -25 -26 -27
leaf_value=2.0898053946183382e-05 -0.00092336621708180024 -0.014809677056768234 -7.881228543222819e-05 0.0031635933004025675 1.2529686162565668e-05 -0.024179207058700317 0.016818865654325246 -0.0019171185968623662 0.0072880281903017876 0.13192129802329547 -0.011187350950176268 0.0008616407941175908 -0.0042161875603657249 -0.00058721941411974407 0.0007691479726819495 0.015078504916454349 -0.0036270969790656695 -0.0014155674316647549 -1.0585444284494373e-05 0.0028632737120020124 7.550268936995508e-06 -0.0011220070536914761 -0.0021744622746805221 0.0017790761777412456 0.016170925969352191 0.0064047487218843457
leaf_weight=38 39 22 21 22 21 21 30 20 24 21 23 21 23 32 32 20 21 23 32 23 39 23 36 25 22 22
leaf_count=38 39 22 21 22 21 21 30 20 24 21 23 21 23 32 32 20 21 23 32 23 39 23 36 25 22 22
internal_value=0 -4.44816e-05 -0.00241309 0.000121398 3.50832e-05 -6.3003e-06 -0.000641424 5.59907e-05 9.86346e-05 5.97695e-05 7.83494e-06 0.000113064 0.000406272 -5.12749e-05 -0.000220987 0.000816977 0.000444556 -0.000877459 8.09736e-05 0.000196148 -0.000154242 -5.63555e-05 -0.000448591 0.000425768 0.000582739 0.00117208
internal_weight=0 657 43 614 592 571 51 520 500 476 433 387 139 248 55 84 41 46 216 145 71 107 59 48 43 43
internal_count=696 657 43 614 592 571 51 520 500 476 433 387 139 248 55 84 41 46 216 145 71 107 59 48 43 43
is_linear=0
shrinkage=0.1


Tree=110
num_leaves=27
num_cat=0
split_feature=27 48 49 49 3 27 25 3 5 1 1 3 3 3 3 1 70 5 1 3 3 3 3 68 3 3
split_gain=0.0636192 0.0250511 0.0140776 0.0127125 0.00295176 0.0020951 0.00830752 0.00217063 0.00168336 0.00173091 0.00308583 0.00261782 0.00287323 0.00384606 0.00297395 0.00242374 0.00168345 0.00147481 0.00160297 0.00151342 0.00135045 0.00189922 0.000749199 0.000408263 0.000348388 0.000283521
threshold=0.8264466354889638 0.34790429800275396 45742290.000000007 17364147.000000004 58.131858407079655 0.33588092613948267 1.0000000180025095e-35 5.2761799410029502 1.3593918304378623 298234.50000000006 9.5000000000000018 8.4285383418580678e-07 0.0045212136014953193 0.019307541272722661 0.0026284349997594118 4345710.5000000009 65.000000000000014 1.0000000180025095e-35 3052001.5000000005 0.0004878164613535642 0.0056188674499033356 0.28825031808916718 0.035748941212241432 1.0000000180025095e-35 0.00011148073849118199 0.081761719037339628
decision_type=2 2 2 2 2 2 2 2 2 2 2 2 2 2 2 2 2 2 2 2 2 2 2 2 2 2
left_child=1 3 -3 4 5 6 7 8 9 10 16 -11 14 -14 17 25 23 19 -19 -13 -12 22 -22 -1 -20 -15
right_child=-2 2 -4 -5 -6 -7 -8 -9 -10 11 20 12 13 15 -16 -17 -18 18 24 -21 21 -23 -24 -25 -26 -27
leaf_value=-0.00084448523414089045 -0.00083102959537362242 -0.013328709351091428 -7.0931056889023131e-05 0.0028472339703622396 1.1276717546593318e-05 0.015136979088892666 -0.012075446984043659 -0.0017254067371759163 0.0065592253712715379 1.6660442185667534e-05 0.0095857161467961319 -0.00074667076834771255 0.0057642738496959112 0.00061246623811754834 -0.0015858391854820298 -0.0052411346827824449 6.7952420432781935e-06 0.0012932627570990008 -3.9342169060319065e-06 -9.5050071826818805e-05 0.013491499456547019 0.035904393673148148 -0.0059998250459415208 -9.5268998560271725e-06 -0.0025589786943363891 -0.0041491027431984412
leaf_weight=26 39 22 21 22 21 20 31 20 24 23 35 32 30 23 20 23 39 26 27 20 22 24 23 32 26 25
leaf_count=26 39 22 21 22 21 20 31 20 24 23 35 32 30 23 20 23 39 26 27 20 22 24 23 32 26 25
internal_value=0 -7.97364e-05 -0.00241309 8.36743e-05 -4.04243e-06 -4.68649e-05 -8.3359e-05 1.14477e-05 5.23098e-05 1.11091e-05 0.000234159 -0.00015192 -0.000245131 0.000167738 -0.000521289 -0.000233386 -0.000171554 -0.000347885 -7.56652e-05 -0.00076145 0.000612564 0.000355919 -2.72252e-05 -0.000513166 -0.000391164 0.000171057
internal_weight=0 657 43 614 592 571 551 520 500 476 201 275 252 101 151 71 97 131 79 52 104 69 45 58 53 48
internal_count=696 657 43 614 592 571 551 520 500 476 201 275 252 101 151 71 97 131 79 52 104 69 45 58 53 48
is_linear=0
shrinkage=0.1


Tree=111
num_leaves=25
num_cat=0
split_feature=27 49 48 43 3 3 3 3 3 1 5 3 1 1 70 3 3 3 3 1 5 1 3 70
split_gain=0.0663489 0.00932442 0.0682594 0.0307412 0.00478199 0.0389958 0.00733882 0.00337829 0.00356341 0.00248341 0.00638693 0.00431131 0.00237887 0.00228452 0.00217678 0.00195402 0.00161984 0.00132198 0.00146009 0.00177686 0.00132087 0.000775388 0.000239918 0.000153325
threshold=0.8264466354889638 1386510.5000000002 5.9087389133189241 1.0000000180025095e-35 0.0088053097345132756 0.024358926698213167 0.0045212136014953193 58.131858407079655 0.081761719037339628 298234.50000000006 1.0000000180025095e-35 1.4088470799983562e-05 2568720.5000000005 185041.50000000003 65.000000000000014 8.4285383418580678e-07 0.03778523035077342 2.2203528624825863 0.51766517296966874 185041.50000000003 1.000364323403246 3052001.5000000005 0.00019575000739218483 48.000000000000007
decision_type=2 2 2 2 2 2 2 2 2 2 2 2 2 2 2 2 2 2 2 2 2 2 2 2
left_child=1 4 3 -3 6 -6 9 8 16 11 12 13 -11 14 23 -12 -7 18 19 -10 21 -17 -23 -1
right_child=-2 2 -4 -5 5 7 -8 -9 17 10 15 -13 -14 -15 -16 20 -18 -19 -20 -21 -22 22 -24 -25
leaf_value=-0.0014241768101529218 -0.0007479266358362491 0.014639665234270894 0.026057836008178816 -0.0072065943336355083 -0.05112715715895573 -0.00049387986679505502 0.0059033028341445972 1.0149045792218203e-05 -0.001189562165084368 -0.00066973588984282635 1.7142204332998292e-05 0.0086271445321166595 -0.001274253400931258 0.013623281180003489 6.1157178389947837e-06 0.00014918140514623703 0.020666310125116286 0.0025606353306557141 -0.046402855564252832 0.003544392383426498 0.0066991434693136403 -0.013677308520985322 -0.0002725996032744149 -8.5742098704599808e-06
leaf_weight=28 39 24 21 30 23 33 22 21 27 31 25 22 36 40 39 28 32 30 21 31 26 22 24 21
leaf_count=28 39 24 21 30 23 33 22 21 27 31 25 22 36 40 39 28 32 30 21 31 26 22 24 21
internal_value=0 8.51126e-06 0.00105795 -0.000823368 -0.000126726 -0.000497121 9.51037e-05 -3.77889e-05 -0.000182388 -1.87797e-05 -0.00025696 0.000286091 -0.00104475 6.38291e-05 -0.000220998 0.000165298 0.000403635 -0.000531852 -0.00074646 -0.000487775 -3.23898e-05 -0.000247817 -0.000500365 -0.000664709
internal_weight=0 657 75 54 582 218 364 195 174 342 192 150 67 128 88 125 65 109 79 58 100 74 46 49
internal_count=696 657 75 54 582 218 364 195 174 342 192 150 67 128 88 125 65 109 79 58 100 74 46 49
is_linear=0
shrinkage=0.1


Tree=112
num_leaves=25
num_cat=0
split_feature=27 49 48 48 25 26 3 3 3 3 3 3 3 5 5 1 3 3 1 1 70 70 3 1
split_gain=0.0680122 0.02794 0.0332839 0.00625553 0.00318697 0.0103938 0.00256587 0.0032654 0.00638244 0.00389717 0.00210989 0.0016467 0.00381935 0.00233744 0.00151954 0.00422351 0.00182597 0.00268525 0.00147495 0.00125049 0.00087043 0.00086692 0.000845501 0.000603233
threshold=0.8264466354889638 45742290.000000007 0.492157898488434 0.0021193795019593328 1.0000000180025095e-35 0.033904386879576441 58.131858407079655 0.056677163293293815 0.0045212136014953193 0.0088931871709935807 0.0026284349997594118 0.37446233356170505 0.9842112643210662 1.0000000180025095e-35 1.0000000180025095e-35 298234.50000000006 0.00078629042081069329 8.4285383418580678e-07 2568720.5000000005 2568720.5000000005 48.000000000000007 65.000000000000014 5.6348115081062948e-05 2568720.5000000005
decision_type=2 2 2 2 2 2 2 2 2 2 2 2 2 2 2 2 2 2 2 2 2 2 2 2
left_child=1 2 3 4 6 -6 7 8 10 -10 14 13 -13 -9 15 20 17 -16 -17 -19 -1 -22 -21 -11
right_child=-2 -3 -4 -5 5 -7 -8 11 9 23 -12 12 -14 -15 16 18 -18 19 -20 22 21 -23 -24 -25
leaf_value=0.010142591609387708 -0.00067313397225261535 0.0032831700066894955 -0.014601622016800153 0.0037737690455685426 -0.010240757368744725 0.012260953062003211 9.1341412129963838e-06 -0.0008502843688194873 0.0053129725507304222 0.012297213876966495 -0.0014421734074488769 0.07139675400340835 -0.0018089295965239673 -0.0014181343272261062 1.5427983899485299e-05 -0.00060276230085847264 0.0017528007466928843 0.00075566027291102962 -0.00054457835141974442 -0.00049624683178208786 -7.7167888834495102e-06 5.504146055113069e-06 -0.01499103046979542 0.0038753634232122636
leaf_weight=22 39 25 21 22 22 30 21 33 21 42 22 22 39 37 32 26 22 35 29 31 21 39 21 22
leaf_count=22 39 25 21 22 22 30 21 33 21 42 22 22 39 37 32 26 22 35 29 31 21 39 21 22
internal_value=0 6.13956e-05 -6.8305e-05 6.62338e-05 4.39438e-06 -0.000743115 7.67789e-05 3.26813e-05 0.000179421 0.000944338 -3.73051e-05 -0.000398578 -1.87769e-05 -0.000729547 3.72982e-05 -0.000199885 0.000267752 0.000113022 -0.000877842 -0.000175071 0.000254843 5.7557e-05 -0.000486109 0.000556469
internal_weight=0 657 632 611 589 52 537 516 385 85 300 131 61 70 278 137 141 119 55 87 82 60 52 64
internal_count=696 657 632 611 589 52 537 516 385 85 300 131 61 70 278 137 141 119 55 87 82 60 52 64
is_linear=0
shrinkage=0.1


Tree=113
num_leaves=26
num_cat=0
split_feature=70 26 49 48 26 48 3 3 3 1 1 3 5 3 3 3 1 3 1 1 3 1 27 3 70
split_gain=0.0649418 0.0285342 0.0194805 0.0329491 0.00688851 0.00564646 0.00364557 0.00536083 0.00494908 0.00168112 0.00440258 0.00136573 0.00129973 0.0012926 0.00114696 0.000914002 0.00138257 0.000817509 0.00329057 0.00155697 0.00174716 0.00166803 0.000802944 0.000519901 0.000271765
threshold=81.000000000000014 0.25712083558513515 45742290.000000007 0.492157898488434 0.0088053097345132756 0.0021193795019593328 0.056677163293293815 58.131858407079655 0.00078629042081069329 185041.50000000003 1140689.0000000002 2.2203528624825863 1.0000000180025095e-35 0.51766517296966874 0.0028857183522401487 0.1406638946985794 185041.50000000003 8.4285383418580678e-07 185041.50000000003 2786396.5000000005 7.2349947797740243e-05 9679825.0000000019 20.083082595870209 0.0063766011260046303 48.000000000000007
decision_type=2 2 2 2 2 2 2 2 2 2 2 2 2 2 2 2 2 2 2 2 2 2 2 2 2
left_child=1 2 3 4 5 6 8 11 17 -10 -11 13 23 15 -14 -8 -17 18 24 20 -19 -21 -6 -12 -1
right_child=-2 -3 -4 -5 22 -7 7 -9 9 10 12 -13 14 -15 -16 16 -18 19 -20 21 -22 -23 -24 -25 -26
leaf_value=-0.0022960182900764181 -0.00060582057502736044 0.016143759598868001 0.0031676234987330076 -0.013141459815120139 -0.013456325709839945 0.0033963921410116171 -0.009866331386459138 8.2207270914125271e-06 0.011041171078137069 -0.0010638086303359274 5.9193026960713271e-05 0.0024854647572425392 0.0015775206720235247 -0.061278056249935986 0.0034878270808910376 -0.0008261866171597632 0.0032749815819659747 -0.0042063374153748613 1.3885185509820985e-05 -0.0016297025903853068 0.00061077731363603507 -0.00053926709024487707 -0.0048170599382263649 0.0042395832283055766 -6.9451099951045592e-06
leaf_weight=26 39 20 24 21 31 22 32 21 24 21 28 30 21 21 33 25 24 31 35 27 34 38 20 24 24
leaf_count=26 39 20 24 21 31 22 32 21 24 21 28 30 21 21 33 25 24 31 35 27 34 38 20 24 24
internal_value=0 0.000136082 1.93081e-05 -9.01142e-05 4.79689e-05 0.000152703 8.61885e-05 -0.000323727 0.000257546 0.000696332 0.000551283 -0.000559825 0.000813348 -0.000734269 0.00115697 -0.00055301 -0.000281549 -5.0624e-05 0.000190527 -0.0002083 0.000137774 -0.000554373 -0.00106303 0.000456512 -0.000330038
internal_weight=0 657 637 613 592 541 519 153 366 151 127 132 106 102 54 81 49 215 85 130 65 65 51 52 50
internal_count=696 657 637 613 592 541 519 153 366 151 127 132 106 102 54 81 49 215 85 130 65 65 51 52 50
is_linear=0
shrinkage=0.1


Tree=114
num_leaves=27
num_cat=0
split_feature=70 49 50 43 27 1 3 1 3 27 27 1 3 3 3 3 3 3 3 3 3 3 3 1 1 3
split_gain=0.0657669 0.0119157 0.0617952 0.0275299 0.00604157 0.00616491 0.0108024 0.0268629 0.0033141 0.00305025 0.00284309 0.00352293 0.00386477 0.0023209 0.00401158 0.00308822 0.0026227 0.00256593 0.00197085 0.00172831 0.00303489 0.00345432 0.000967367 0.00257849 0.000868339 0.000603541
threshold=81.000000000000014 1386510.5000000002 4.1228090255017644 1.0000000180025095e-35 0.51645406055080134 134628.00000000003 0.026314090162737221 65.500000000000014 58.131858407079655 50.746428571428574 0.034644213365461154 298234.50000000006 0.0056188674499033356 0.00078629042081069329 0.056677163293293815 0.0047233726146460485 0.019307541272722661 0.0026284349997594118 8.4285383418580678e-07 0.11090058665983916 0.46428571428571436 5.2761799410029502 0.00029965823842806593 2568720.5000000005 9679825.0000000019 0.1652603098568429
decision_type=2 2 2 2 2 2 2 2 2 2 2 2 2 2 2 2 2 2 2 2 2 2 2 2 2 2
left_child=1 4 3 -3 5 6 7 -1 19 -6 11 12 -7 18 15 17 -17 -15 -13 -8 -21 -22 23 -20 -25 -16
right_child=-2 2 -4 -5 9 10 8 -9 -10 -11 -12 13 -14 14 25 16 -18 -19 22 20 21 -23 -24 24 -26 -27
leaf_value=-6.2505989955496945e-06 -0.00054523851752461547 0.012530619360301642 0.0061631255590476998 -0.0090177589773988483 0.01452938363898122 0.0048880561586905459 0.0099370539703233628 -0.04324013325986812 7.3986543824844375e-06 0.0088999289535454558 -0.012110693138856023 1.0348860593012433e-05 0.0030567529269104558 0.00024842194430902965 -0.00038696482683704404 0.014580999322797085 0.013087026187977814 -0.0016467387747930219 0.0010123745822191667 -0.00084617385413707788 0.031990237256695767 -0.0018765831125961087 -0.0025131854370314954 -0.00092939996665748488 -0.00048534038122056701 -0.018755717959632535
leaf_weight=40 39 24 24 27 20 26 22 23 21 21 26 28 27 33 26 30 22 22 26 20 24 20 23 29 33 20
leaf_count=40 39 24 24 27 20 26 22 23 21 21 26 28 27 33 26 30 22 22 26 20 24 20 23 29 33 20
internal_value=0 0.000162677 0.00134901 -0.000620083 9.79875e-06 -7.88978e-05 -0.000577584 -0.00161644 3.40822e-05 0.00118016 0.000149611 0.000225606 0.000975665 8.94647e-05 0.000358184 0.000693921 0.00124643 0.000171545 -0.000206319 -0.000240929 -0.000503764 -3.94946e-05 -0.000395439 -0.000244516 -0.000595051 -0.00042277
internal_weight=0 657 75 51 582 541 170 63 107 41 371 345 53 292 153 107 52 55 139 86 64 44 111 88 62 46
internal_count=696 657 75 51 582 541 170 63 107 41 371 345 53 292 153 107 52 55 139 86 64 44 111 88 62 46
is_linear=0
shrinkage=0.1


Tree=115
num_leaves=27
num_cat=0
split_feature=27 48 48 3 3 5 3 3 3 3 1 26 70 3 1 1 1 1 3 3 3 49 3 3 3 70
split_gain=0.0674034 0.0137313 0.011852 0.00256773 0.00315159 0.00283723 0.00329016 0.00324528 0.00263379 0.00327886 0.00315408 0.00189915 0.00153523 0.00134621 0.0019862 0.000965952 0.00457405 0.00152654 0.00267921 0.000810899 0.000750151 0.000624748 0.00060367 0.000274204 3.60825e-05 1.01729e-05
threshold=0.8264466354889638 0.492157898488434 0.020433060437035664 58.131858407079655 0.081761719037339628 1.0000000180025095e-35 0.28825031808916718 0.76471812023199681 0.00078629042081069329 8.4285383418580678e-07 185041.50000000003 0.055768929212438714 65.000000000000014 8.7676513929248945e-06 2568720.5000000005 1140689.0000000002 134628.00000000003 2568720.5000000005 0.0079156247436141334 5.6348115081062948e-05 0.00016312860121693844 43408594.000000007 0.0063766011260046303 0.034843285551850255 0.51766517296966874 48.000000000000007
decision_type=2 2 2 2 2 2 2 2 2 2 2 2 2 2 2 2 2 2 2 2 2 2 2 2 2 2
left_child=1 2 3 4 8 24 -7 -8 9 10 12 -12 25 -11 20 16 -10 18 -17 -16 -15 -3 -19 -24 -6 -1
right_child=-2 21 -4 -5 5 6 7 -9 15 13 11 -13 -14 14 19 17 -18 22 -20 -21 -22 -23 23 -25 -26 -27
leaf_value=-0.0020657914011692926 -0.00049071466577215177 -5.2597165436285566e-05 0.0064659248090583434 6.6587889442359938e-06 0.0029861799064530461 -0.0011090848473738646 0.067185860502391392 -0.0016889248013363556 0.0089433485732911319 -0.0015384574259165618 0.00055292476420802932 0.0055239517610337074 6.2733023486138966e-06 0.006273059378407453 -0.000190711892899742 2.8431529833738978e-05 -0.00098226996173309553 0.0007016673188264378 0.014807245520635349 -0.003587083706193539 -0.00024873033909713629 -0.00061277429241668457 -0.002564689164065115 0.00026007368939211516 0.0040055985596584524 -5.6255390959769617e-06
leaf_weight=26 39 20 22 21 20 22 23 25 27 31 45 23 39 20 23 35 23 32 20 36 22 20 20 20 21 21
leaf_count=26 39 20 22 21 20 22 23 25 27 31 45 23 39 20 23 35 23 32 20 36 22 20 20 20 21 21
internal_value=0 4.2113e-05 0.000158515 7.42386e-05 3.45039e-05 -0.000444058 -0.000830985 -0.000366844 0.000149235 -3.83961e-05 0.00027508 0.000784025 -0.000127341 -0.000404119 -0.000227193 0.000452412 8.00992e-05 0.000598992 0.000995669 -0.000601346 0.000298403 -0.00175339 0.000295975 3.69874e-05 0.000216549 -0.000512218
internal_weight=0 657 617 595 574 111 70 48 463 286 154 68 86 132 101 177 50 127 55 59 42 40 72 40 41 47
internal_count=696 657 617 595 574 111 70 48 463 286 154 68 86 132 101 177 50 127 55 59 42 40 72 40 41 47
is_linear=0
shrinkage=0.1


Tree=116
num_leaves=27
num_cat=0
split_feature=27 48 48 3 25 10 3 3 5 3 3 3 3 1 1 1 3 3 1 49 3 3 70 70 3 3
split_gain=0.0657476 0.0129343 0.0124448 0.00285126 0.00266551 0.00291056 0.00253642 0.00406658 0.00283723 0.00329016 0.00324528 0.00149802 0.00104567 0.000965952 0.00457405 0.00152654 0.00267921 0.000811876 0.000900757 0.000624748 0.00060367 0.000500099 0.000289618 0.000717666 0.000274204 3.60825e-05
threshold=0.8264466354889638 0.492157898488434 0.020433060437035664 58.131858407079655 1.5000000000000002 1.0000000180025095e-35 0.081761719037339628 0.00078629042081069329 1.0000000180025095e-35 0.28825031808916718 0.76471812023199681 8.4285383418580678e-07 7.6858321963803462e-06 1140689.0000000002 134628.00000000003 2568720.5000000005 0.0079156247436141334 0.00029965823842806593 4345710.5000000009 43408594.000000007 0.0063766011260046303 7.2349947797740243e-05 65.000000000000014 48.000000000000007 0.034843285551850255 0.51766517296966874
decision_type=2 2 2 2 2 2 2 2 2 2 2 2 2 2 2 2 2 2 2 2 2 2 2 2 2 2
left_child=1 2 3 4 5 6 7 11 25 -10 -11 22 -13 14 -9 16 -15 18 21 -3 -17 -14 23 -1 -22 -8
right_child=-2 19 -4 -5 -6 -7 8 13 9 10 -12 12 17 15 -16 20 -18 -19 -20 -21 24 -23 -24 -25 -26 -27
leaf_value=0.0011880351535836554 -0.00044164319919492989 -4.7337448892648128e-05 0.0058193323281525268 5.9929100501676664e-06 0.0049715565849304255 -4.597850188687858e-05 0.0026875619158076348 0.0080490137159621618 -0.00099817636263654919 0.060467274452152255 -0.0015200323212027911 -0.0014110635777690563 -0.00017164070360990992 2.5588376850294026e-05 -0.00088404296555992805 0.00063150058694390061 0.013326520968571743 -0.00099762047726983396 -0.00047775159937231139 -0.00055149686317506057 -0.0023082202476587101 0.00039338576279703832 5.6459721137436252e-06 -5.0629851863881477e-06 0.00023406632045279709 0.0036050387036926424
leaf_weight=23 39 20 22 21 37 34 20 27 22 23 25 28 29 35 23 32 20 28 26 20 20 21 39 21 20 21
leaf_count=23 39 20 22 21 37 34 20 27 22 23 25 28 29 35 23 32 20 28 26 20 20 21 39 21 20 21
internal_value=0 -1.07691e-05 0.000102204 1.5846e-05 -2.6025e-05 -8.259e-05 -2.20619e-05 9.74318e-05 -0.000444058 -0.000830985 -0.000366844 -0.000194808 -0.000404119 0.000452412 8.00992e-05 0.000598992 0.000995669 -0.000258078 -8.84882e-05 -0.00175339 0.000295975 0.000159767 0.000138072 -3.7793e-05 3.69874e-05 0.000216549
internal_weight=0 657 617 595 574 537 503 392 111 70 48 215 132 177 50 127 55 104 76 40 72 50 83 44 40 41
internal_count=696 657 617 595 574 537 503 392 111 70 48 215 132 177 50 127 55 104 76 40 72 50 83 44 40 41
is_linear=0
shrinkage=0.1


Tree=117
num_leaves=26
num_cat=0
split_feature=27 48 48 3 5 3 1 3 3 3 3 1 68 26 70 1 3 3 3 3 1 3 3 49 3
split_gain=0.0655257 0.0128286 0.0125259 0.00289067 0.00273337 0.00355403 0.00457537 0.00187656 0.00353393 0.00183885 0.00299277 0.00168719 0.00537579 0.00438604 0.00208378 0.00206467 0.00438964 0.00149568 0.00206513 0.00194156 0.00119787 0.000640648 0.00156382 0.000624748 0.00012887
threshold=0.8264466354889638 0.492157898488434 0.020433060437035664 58.131858407079655 1.0000000180025095e-35 1.0000000180025095e-35 65.500000000000014 0.00078629042081069329 0.0037621899321882229 0.0092519101300880761 0.057566796857932249 298234.50000000006 1.0000000180025095e-35 0.0088053097345132756 65.000000000000014 1954173.5000000002 0.00041137884763863978 0.00022573608937005398 2.084410105357757e-05 3.6938204895423783e-06 82083.500000000015 0.019980800106089044 0.076894640315072912 43408594.000000007 0.0026284349997594118
decision_type=2 2 2 2 2 2 2 2 2 2 2 2 2 2 2 2 2 2 2 2 2 2 2 2 2
left_child=1 2 3 4 11 -6 -7 17 -9 -10 -11 12 13 -1 -14 -13 -17 18 19 -8 -12 24 -23 -3 -18
right_child=-2 23 -4 -5 5 6 7 8 9 10 20 15 14 -15 -16 16 21 -19 -20 -21 -22 22 -24 -25 -26
leaf_value=0.094225682057238913 -0.0003974788792754369 -4.2603704003418846e-05 0.0052373990953372036 5.3936190454351164e-06 -0.00086916782398418493 -0.00074598690593887797 2.2518463910614628e-05 0.00056835052824943944 -0.0014874668879819809 0.0071649573761042975 0.0027454723050318822 -0.00089785842954270834 -4.5566866677226868e-06 4.766292942548489e-07 5.0813749023603812e-06 -0.005072115254443333 2.3029539165264626e-05 -0.0021372318116917202 0.010200076662125213 -0.0044970829995385486 -0.0047611107239859509 -0.0063005395706017715 0.0029349342642660762 -0.00049634717685753671 0.011993868871714853
leaf_weight=31 39 20 22 21 27 35 21 32 21 38 21 28 32 33 39 25 20 26 30 24 22 25 22 20 22
leaf_count=31 39 20 22 21 27 35 21 32 21 38 21 28 32 33 39 25 20 26 30 24 22 25 22 20 22
internal_value=0 -1.79074e-05 9.46034e-05 7.96396e-06 -3.41954e-05 -0.000244939 -0.000135548 2.33181e-05 0.000268651 -1.89907e-05 0.000197201 0.000191765 0.00044488 0.00110953 -0.000154242 -4.88736e-05 0.000140103 -0.000302173 -7.55966e-05 -0.000504044 -0.000374214 0.000468983 0.000215359 -0.00175339 0.0007528
internal_weight=0 657 617 595 574 297 270 235 134 102 81 277 135 64 71 142 114 101 75 45 43 89 47 40 42
internal_count=696 657 617 595 574 297 270 235 134 102 81 277 135 64 71 142 114 101 75 45 43 89 47 40 42
is_linear=0
shrinkage=0.1


Tree=118
num_leaves=27
num_cat=0
split_feature=27 48 48 3 3 3 1 1 5 3 3 5 3 3 1 70 26 3 1 3 3 3 3 49 70 3
split_gain=0.0674493 0.0137536 0.0118358 0.00256012 0.00402411 0.0020888 0.00214213 0.00251265 0.00213602 0.00199303 0.00207608 0.00169519 0.00197369 0.00164716 0.00487154 0.00249661 0.00143324 0.00133198 0.00118825 0.00101958 0.000826863 0.000633081 0.000730123 0.000624748 0.000230095 4.32032e-05
threshold=0.8264466354889638 0.492157898488434 0.020433060437035664 58.131858407079655 0.056677163293293815 0.00078629042081069329 1140689.0000000002 134628.00000000003 1.0411054272875526 0.0092519101300880761 0.0026284349997594118 1.0000000180025095e-35 0.37446233356170505 3.3549682405304946e-05 185041.50000000003 65.000000000000014 0.055768929212438714 3.0840707964601775 1954173.5000000002 0.14428571428571432 3.0167898363362526e-06 0.00019575000739218483 0.00031998073208521285 43408594.000000007 48.000000000000007 0.0045212136014953193
decision_type=2 2 2 2 2 2 2 2 2 2 2 2 2 2 2 2 2 2 2 2 2 2 2 2 2 2
left_child=1 2 3 4 5 8 7 -7 13 10 -8 19 -13 14 15 24 18 -14 -16 -6 -20 -15 -23 -3 -1 -12
right_child=-2 23 -4 -5 11 6 9 -9 -10 -11 25 12 17 21 16 -17 -18 -19 20 -21 -22 22 -24 -25 -26 -27
leaf_value=-0.013898023436355801 -0.00035773099134788215 -3.8343333603041434e-05 0.0047136591858034649 4.8542571406073881e-06 -0.019716291646226125 0.0064484616384937968 0.00021112091868502603 -0.0018545917986926954 -0.0012457571719387773 0.01079448198454358 -0.001338720199183996 -0.00082376003577895325 0.054145999776434195 -0.0037061679181533691 0.022112823526496329 4.5732374121421062e-06 0.004474353263507958 -0.0016425763195854872 4.5536130700440941e-05 0.0026414408378393262 0.0056398360016942208 7.7235086009252998e-05 -0.0019235086305222637 -0.00044671245917182745 -4.1010180009237727e-06 5.1465791898408502e-06
leaf_weight=32 39 20 22 21 20 23 32 22 23 37 21 37 20 30 22 39 23 21 32 35 23 20 21 20 21 20
leaf_count=32 39 20 22 21 20 23 32 22 23 37 21 37 20 30 22 39 23 21 32 35 23 20 21 20 21 20
internal_value=0 4.35715e-05 0.000160068 7.5849e-05 3.61732e-05 0.00018158 0.000477209 -0.000104021 2.13622e-05 0.000714984 0.000411944 -0.000445966 -0.000745756 0.00010218 0.000254364 -0.000270793 0.000737507 -0.000267895 0.000944415 -2.08094e-05 0.000695965 -0.00030936 -5.39316e-05 -0.00175339 -0.000717657 -5.91896e-05
internal_weight=0 657 617 595 574 441 155 45 286 110 73 133 78 263 192 92 100 41 77 55 55 71 41 40 53 41
internal_count=696 657 617 595 574 441 155 45 286 110 73 133 78 263 192 92 100 41 77 55 55 71 41 40 53 41
is_linear=0
shrinkage=0.1


Tree=119
num_leaves=27
num_cat=0
split_feature=27 48 43 3 3 27 27 1 1 3 3 1 1 5 70 3 1 1 3 3 68 1 3 49 3 3
split_gain=0.0650821 0.012618 0.00624756 0.00227652 0.0034465 0.00130695 0.0035673 0.00107919 0.00358375 0.00143581 0.00410701 0.00237556 0.0015215 0.00121369 0.00120115 0.00119257 0.00482897 0.00250815 0.000969895 0.000957202 0.000947465 0.000688093 0.00104688 0.000624748 0.000364055 0.00104509
threshold=0.8264466354889638 0.492157898488434 1.0000000180025095e-35 58.131858407079655 0.9842112643210662 0.33588092613948267 0.0031322206558422861 65.500000000000014 15055.000000000002 0.028692104949705137 0.0045212136014953193 298234.50000000006 25540032.000000004 1.0000000180025095e-35 65.000000000000014 2.325408064395916e-05 2568720.5000000005 298234.50000000006 0.076894640315072912 4.3976765741445264e-07 1.0000000180025095e-35 4345710.5000000009 0.0018169069085899926 43408594.000000007 0.0001448077233852178 0.00054673754504555594
decision_type=2 2 2 2 2 2 2 2 2 2 2 2 2 2 2 2 2 2 2 2 2 2 2 2 2 2
left_child=1 2 3 4 5 6 7 14 -9 10 12 -11 15 -12 20 16 19 -17 -13 -10 -1 22 24 -3 -19 -26
right_child=-2 23 -4 -5 -6 -7 -8 8 9 11 13 18 -14 -15 -16 17 -18 21 -20 -21 -22 -23 -24 -25 25 -27
leaf_value=3.5669800806736875e-05 -0.00032195789221309837 -3.4509000242710641e-05 -0.0010694540310986157 4.3688314264045403e-06 -0.01881875348466977 0.012094525816795888 -0.0095562437061087035 0.0065749472617536503 -0.0059119337565476833 -0.016163443653778132 0.0097150337860895785 -0.0026031579170975763 -0.00081447791451978453 0.0049200877042174795 4.1159136709545406e-06 0.0042422932672231189 4.313032399636541e-05 -0.0023898855945944323 0.002377296754055536 -0.0038033278757858115 -3.6909162008491594e-06 0.066482530231095543 0.00045523250910832762 -0.00040204121325464475 9.3406962951902983e-05 -3.8550661969338766e-07
leaf_weight=32 39 20 20 21 38 20 20 25 21 24 25 26 26 24 39 26 33 20 26 24 32 24 27 20 21 23
leaf_count=32 39 20 20 21 38 20 20 25 21 24 25 26 26 24 39 26 33 20 26 24 32 24 27 20 21 23
internal_value=0 -3.22104e-05 7.93731e-05 0.000137616 0.00010033 0.000165339 0.000134713 0.000187304 0.000262475 0.000184179 0.000284336 -0.00020327 0.000117187 0.00112008 -0.000100976 0.000203052 -0.000110696 0.000376615 0.000176552 -0.000784495 -0.000367553 0.000176074 5.04533e-05 -0.00175339 -0.00016985 -9.05117e-06
internal_weight=0 657 617 597 576 538 518 498 395 370 294 76 245 49 103 219 78 141 52 45 64 115 91 40 64 44
internal_count=696 657 617 597 576 538 518 498 395 370 294 76 245 49 103 219 78 141 52 45 64 115 91 40 64 44
is_linear=0
shrinkage=0.1


Tree=120
num_leaves=26
num_cat=0
split_feature=27 48 48 3 3 27 25 5 3 1 1 1 3 3 1 1 3 1 3 1 3 1 49 3 70
split_gain=0.0655362 0.0128336 0.00571488 0.00590198 0.00437485 0.00215403 0.00787177 0.00134781 0.00135854 0.0036608 0.00108231 0.000807022 0.00276387 0.00252125 0.00222566 0.00320909 0.00197372 0.000711107 0.00137791 0.00142723 0.00166518 0.00116646 0.000624748 0.000555779 0.000367462
threshold=0.8264466354889638 0.492157898488434 0.020433060437035664 2.2203528624825863 20.050126422250319 0.33588092613948267 1.0000000180025095e-35 1.2395730541707721 6.1881470178578088e-06 2786396.5000000005 82083.500000000015 298234.50000000006 0.026314090162737221 0.015508617519528737 15055.000000000002 65.500000000000014 0.056677163293293815 1954173.5000000002 0.0037621899321882229 9679825.0000000019 0.00041137884763863978 2568720.5000000005 43408594.000000007 0.11005549780222613 65.000000000000014
decision_type=2 2 2 2 2 2 2 2 2 2 2 2 2 2 2 2 2 2 2 2 2 2 2 2 2
left_child=1 2 3 5 -5 6 7 8 9 10 24 12 -10 17 15 -14 -15 -13 19 20 -19 -22 -3 -18 -1
right_child=-2 22 -4 4 -6 -7 -8 -9 11 -11 -12 13 14 16 -16 -17 23 18 -20 -21 21 -23 -24 -25 -26
leaf_value=-3.3218245807375979e-06 -0.00028976210299178632 -3.1058100218395167e-05 0.003818063940500771 0.016379238001057672 3.9319482837640867e-06 0.010885073235116317 -0.0086006193354979388 0.004478270931851114 0.005517310653826258 0.0005590867197696525 -0.00066872093287315701 9.6746404452119363e-07 -0.00039742263363109489 0.0087435304074809043 -0.014547099288400034 0.0052515971278634058 -0.0083095182435577904 -0.0016766876505350582 -0.0012503714301765002 -0.0066359372085020851 -3.4695595800826596e-07 0.040425013115271469 -0.00036183709192920692 0.0016234385386109551 3.7043223038324415e-06
leaf_weight=39 39 20 22 20 31 20 35 32 28 29 21 20 28 29 24 25 21 30 20 38 20 20 20 26 39
leaf_count=39 39 20 22 20 31 20 35 32 28 29 21 20 28 29 24 25 21 30 20 38 20 20 20 26 39
internal_value=0 -1.75684e-05 9.49643e-05 3.6443e-05 0.00106506 -5.99901e-05 -9.88656e-05 4.82756e-06 -3.9104e-05 0.000237317 -5.2127e-05 -0.000146648 8.21092e-05 -0.000253878 -0.000227275 0.000134511 0.000214297 -0.000494291 -0.000580937 -0.000439746 -0.000171904 0.000250485 -0.00175339 -0.000186003 0.000119435
internal_weight=0 657 617 595 51 544 524 489 457 128 99 329 105 224 77 53 76 148 128 108 70 40 40 47 78
internal_count=696 657 617 595 51 544 524 489 457 128 99 329 105 224 77 53 76 148 128 108 70 40 40 47 78
is_linear=0
shrinkage=0.1


Tree=121
num_leaves=27
num_cat=0
split_feature=27 48 43 3 3 27 10 5 3 3 3 3 1 5 1 68 3 70 3 1 1 5 49 3 5 3
split_gain=0.0627929 0.0115478 0.00568962 0.00265674 0.00283862 0.00162444 0.00393894 0.00113628 0.00109064 0.00135212 0.00253055 0.00177169 0.00357757 0.00161754 0.000988757 0.00189368 0.00209232 0.00208378 0.00117024 0.00100884 0.00186994 0.000665282 0.000624748 0.00050288 0.000233967 0.000221624
threshold=0.8264466354889638 0.492157898488434 1.0000000180025095e-35 58.131858407079655 0.9842112643210662 0.33588092613948267 1.0000000180025095e-35 1.0202733109647493 0.37446233356170505 0.081761719037339628 0.010474295515460566 0.0013527290792343185 1954173.5000000002 1.0000000180025095e-35 4345710.5000000009 1.0000000180025095e-35 7.6858321963803462e-06 65.000000000000014 0.00011148073849118199 2568720.5000000005 298234.50000000006 1.0000000180025095e-35 43408594.000000007 0.028692104949705137 1.0000000180025095e-35 0.23962683332253795
decision_type=2 2 2 2 2 2 2 2 2 2 2 2 2 2 2 2 2 2 2 2 2 2 2 2 2 2
left_child=1 2 3 4 5 6 7 8 9 10 11 14 -13 -12 15 16 -1 -17 -16 20 -18 -8 -3 -15 -14 -11
right_child=-2 22 -4 -5 -6 -7 21 -9 -10 25 13 12 24 23 18 17 19 -19 -20 -21 -22 -23 -24 -25 -26 -27
leaf_value=0.0055230572823909089 -0.00026078589269260547 -2.7952290196520127e-05 -0.00055120659063412347 3.5387534552455694e-06 -0.016937271331030956 0.009796565911604738 -0.00053154250936984229 0.00398025184061126 0.047548745359829073 -0.0074785664192020818 0.00069896256709824913 0.00038160395596094078 -3.1226036227849364e-07 0.0047264374150771012 0.00048891196935656471 -2.9896421226638382e-06 0.0034362575464506051 3.333890073431434e-06 -0.0064110726806479341 0.0097717740345238738 -0.00082523353788914737 -1.9239186745778627e-05 -0.00032565338273631288 0.011250833872327349 -0.0011253342871590632 -0.00035768037026784327
leaf_weight=21 39 20 20 21 38 20 26 39 22 24 37 20 23 21 30 32 23 39 20 24 24 27 20 20 23 23
leaf_count=21 39 20 20 21 38 20 26 39 22 24 37 20 23 21 30 32 23 39 20 24 24 27 20 20 23 23
internal_value=0 -0.00010682 -7.34546e-08 5.55076e-05 1.5228e-05 7.42268e-05 4.00831e-05 0.00013318 8.58821e-05 4.85435e-05 0.000114923 -2.58499e-05 -0.000478548 0.000618456 0.000114423 0.000233752 0.000533182 -0.000154242 -0.00027459 0.000273823 4.46026e-06 -0.000776712 -0.00175339 0.00105106 -0.000964013 -0.000455657
internal_weight=0 657 617 597 576 538 518 465 426 404 357 279 66 78 213 163 92 71 50 71 47 53 40 41 46 47
internal_count=696 657 617 597 576 538 518 465 426 404 357 279 66 78 213 163 92 71 50 71 47 53 40 41 46 47
is_linear=0
shrinkage=0.1


Tree=122
num_leaves=26
num_cat=0
split_feature=27 48 3 43 3 3 26 10 1 5 1 26 3 5 49 1 1 70 3 3 1 1 3 5 70
split_gain=0.0619676 0.011169 0.00665547 0.00486288 0.0047301 0.00437485 0.00198469 0.0029807 0.00171961 0.0015115 0.00140584 0.00106939 0.00105333 0.00420993 0.000624748 0.000490222 0.00256853 0.00190894 0.00113887 0.00127045 0.00106273 0.00208271 0.000718857 0.000700128 6.74406e-05
threshold=0.8264466354889638 0.492157898488434 2.2203528624825863 1.0000000180025095e-35 0.35754236806108769 20.050126422250319 3.6383723723400647e-05 1.0000000180025095e-35 25540032.000000004 1.3304729663362136 2786396.5000000005 0.055768929212438714 0.00011148073849118199 1.0000000180025095e-35 43408594.000000007 65.500000000000014 15055.000000000002 65.000000000000014 0.11005549780222613 0.035748941212241432 134628.00000000003 1140689.0000000002 0.0033147786100265644 1.0000000180025095e-35 48.000000000000007
decision_type=2 2 2 2 2 2 2 2 2 2 2 2 2 2 2 2 2 2 2 2 2 2 2 2 2
left_child=1 2 3 4 6 -4 7 8 9 10 15 -8 -12 -14 -3 17 -17 24 19 20 -18 -22 23 -23 -1
right_child=-2 14 5 -5 -6 -7 11 -9 -10 -11 12 -13 13 -15 -16 16 18 -19 -20 -21 21 22 -24 -25 -26
leaf_value=-0.00032191233324105898 -0.00023470730342334267 -2.5157061176894757e-05 0.016435041334055 -0.00049608593157071115 -0.059753035180474257 3.184878109863121e-06 0.015213385572819149 -1.7315268070916545e-05 0.00062906631038828209 0.0057716820384079888 -4.9127680446048322e-05 0.00074930144080553873 0.0050769930101154164 -0.0064700905868939175 -0.0002930880444626638 0.004253793673569462 0.0030926317918055449 3.0005010660971722e-06 0.002725079866709024 -0.014217472746792482 -0.00055861223751989546 -2.8103432612169856e-07 -0.00024980627741726379 0.00051456180979165829 -2.6906779104329817e-06
leaf_weight=29 39 20 20 20 33 31 20 35 38 24 33 24 26 24 20 21 23 39 21 21 29 22 35 28 21
leaf_count=29 39 20 20 20 33 31 20 35 38 24 33 24 26 24 20 21 23 39 21 21 29 22 35 28 21
internal_value=0 -0.000134051 -2.90694e-05 -0.000127657 -7.1558e-05 0.00106506 3.09318e-06 -5.71528e-05 1.44388e-05 -4.72227e-05 -9.68466e-05 0.00064526 -0.000459595 -0.000749006 -0.00175339 7.33385e-06 9.42154e-05 -0.000187906 -2.85314e-05 -0.00012049 -9.47044e-06 -0.000134572 0.000115089 0.0003584 -0.00059693
internal_weight=0 657 617 566 546 51 513 469 434 396 372 44 83 50 40 289 200 89 179 158 137 114 85 50 50
internal_count=696 657 617 566 546 51 513 469 434 396 372 44 83 50 40 289 200 89 179 158 137 114 85 50 50
is_linear=0
shrinkage=0.1


Tree=123
num_leaves=26
num_cat=0
split_feature=27 48 3 48 27 25 3 3 1 1 3 3 70 68 1 5 3 3 1 3 49 1 3 1 1
split_gain=0.062189 0.0112703 0.00303523 0.00269929 0.00234203 0.0061401 0.00189165 0.002121 0.00212052 0.00354908 0.00286584 0.00295393 0.0012364 0.000858194 0.00129741 0.000754591 0.00115858 0.00259059 0.000746875 0.000759923 0.000624748 0.000532153 0.000554038 0.000424781 8.2161e-05
threshold=0.8264466354889638 0.492157898488434 58.131858407079655 0.020433060437035664 0.33588092613948267 1.0000000180025095e-35 5.2761799410029502 0.0040190174313929619 3052001.5000000005 2568720.5000000005 0.072475054278223802 0.37446233356170505 65.000000000000014 1.0000000180025095e-35 134628.00000000003 1.0202733109647493 3.3549682405304946e-05 3.0167898363362526e-06 2786396.5000000005 0.00038018127697725596 43408594.000000007 1954173.5000000002 0.00084597978175703005 1140689.0000000002 185041.50000000003
decision_type=2 2 2 2 2 2 2 2 2 2 2 2 2 2 2 2 2 2 2 2 2 2 2 2 2
left_child=1 2 3 4 5 6 7 12 9 10 23 24 13 14 -1 16 17 -16 21 -20 -3 -18 -23 -9 -12
right_child=-2 20 -4 -5 -6 -7 -8 8 -10 -11 11 -13 -14 -15 15 -17 18 -19 19 -21 -22 22 -24 -25 -26
leaf_value=0.0067853558268019757 -0.00021123657308099732 -2.264135505924969e-05 2.8663902988057544e-06 0.0027833686126250258 0.0087419791763636567 -0.0092087417082929342 -0.0011841441395688435 0.0030050584527096195 0.0045692937091040163 -0.0044175645126124157 -0.00028972109991691751 0.022013786396790816 2.7004509594696915e-06 -2.4216101193630381e-06 -1.5583741263469619e-05 4.0455900318647764e-06 -0.00050275101376797695 0.0049192953731726167 -0.0047583168428296579 -0.0046842271608973363 -0.00026377924001641517 0.00027129965667569426 -2.5293089365163726e-07 0.0078242617377647147 -0.0038340755345391388
leaf_weight=24 39 20 21 22 20 35 20 36 37 27 20 33 39 32 33 32 20 23 29 24 20 20 21 29 20
leaf_count=24 39 20 21 22 20 35 20 36 37 27 20 33 39 32 33 32 20 23 29 24 20 20 21 29 20
internal_value=0 -0.000126726 -2.12697e-05 -6.29029e-05 -0.000104566 -0.000142946 -5.64925e-05 -1.82715e-05 0.000231719 7.82909e-05 0.000283435 -0.000146578 -0.000188299 -0.000267626 -0.000198998 -0.000281585 -0.00036544 7.0337e-06 -0.00054841 -0.000823009 -0.00175339 -0.000309825 -0.000103535 0.000766372 -0.000724362
internal_weight=0 657 617 596 574 554 519 499 202 165 138 73 297 258 226 202 170 56 114 53 40 61 41 65 40
internal_count=696 657 617 596 574 554 519 499 202 165 138 73 297 258 226 202 170 56 114 53 40 61 41 65 40
is_linear=0
shrinkage=0.1


Tree=124
num_leaves=26
num_cat=0
split_feature=27 48 3 48 25 26 3 3 3 3 5 3 5 1 1 3 1 3 3 1 70 5 49 3 70
split_gain=0.0602193 0.0103794 0.00340479 0.00307044 0.00242863 0.00438054 0.00167521 0.00170785 0.00220263 0.00217206 0.00207263 0.00353839 0.00196497 0.00168006 0.00147191 0.00195557 0.00110443 0.000671054 0.000987361 0.00122782 0.00148677 0.000997426 0.000624748 0.000365922 4.39484e-06
threshold=0.8264466354889638 0.492157898488434 58.131858407079655 0.020433060437035664 1.0000000180025095e-35 0.033904386879576441 5.2761799410029502 0.010474295515460566 0.056677163293293815 0.37446233356170505 1.2395730541707721 0.0037621899321882229 1.0000000180025095e-35 3653915.0000000005 4345710.5000000009 1.2888720714562938e-05 1140689.0000000002 0.00078629042081069329 3.6837325755427929e-05 185041.50000000003 65.000000000000014 1.0000000180025095e-35 43408594.000000007 0.9842112643210662 48.000000000000007
decision_type=2 2 2 2 2 2 2 2 2 2 2 2 2 2 2 2 2 2 2 2 2 2 2 2 2
left_child=1 2 3 4 6 -6 7 10 16 12 11 13 -10 17 -15 -16 -9 18 19 20 24 -20 -3 -11 -1
right_child=-2 22 -4 -5 5 -7 -8 8 9 23 -12 -13 -14 14 15 -17 -18 -19 21 -21 -22 -23 -24 -25 -26
leaf_value=-0.00055432413148199806 -0.00019011291577288871 -2.0377219553324724e-05 2.5797512691383421e-06 0.0025050317513624523 -0.0082878675374637115 0.0078677812587272921 -0.001065729725611675 3.2193666643109965e-05 0.0018922853168945155 0.046567795702214455 0.0040336947251446986 -0.00098779493761185226 -0.00026074898992511919 -1.4025367136838441e-05 0.021825087888829843 -0.0058018330293116097 0.0083133315718448841 7.0058875378720139e-05 -0.00063657385897144538 0.0020968187550046481 2.430405863496077e-06 -0.0017271473140709759 -0.00023740131601481809 0.012590158560970366 -2.1794491074089706e-06
leaf_weight=27 39 20 21 22 25 30 20 26 33 22 28 29 37 24 21 40 32 33 21 26 39 20 20 20 21
leaf_count=27 39 20 21 22 25 30 20 26 33 22 28 29 37 24 21 40 32 33 21 26 39 20 20 20 21
internal_value=0 -0.000192339 -9.11364e-05 -0.000135231 -0.000179667 -0.000811536 -0.000112706 -7.67382e-05 0.000180626 -7.84052e-05 -0.000209722 -0.000286275 -0.000419521 -0.000174322 -0.000542951 -0.000281932 0.000680823 -6.76379e-06 -9.44547e-05 5.80665e-05 -0.000122134 -0.000514818 -0.00175339 0.000490122 -0.000494761
internal_weight=0 657 617 596 574 55 519 499 170 112 329 301 70 272 85 61 58 187 154 113 87 41 40 42 48
internal_count=696 657 617 596 574 55 519 499 170 112 329 301 70 272 85 61 58 187 154 113 87 41 40 42 48
is_linear=0
shrinkage=0.1


Tree=125
num_leaves=26
num_cat=0
split_feature=27 48 49 3 49 25 26 5 1 3 3 3 68 1 70 1 3 3 3 3 1 3 3 1 5
split_gain=0.0589412 0.012315 0.0240249 0.00356936 0.00327184 0.00276156 0.0061368 0.00258188 0.00234567 0.00247152 0.00206544 0.00191887 0.00156211 0.00454473 0.00208378 0.00167308 0.00131679 0.00153797 0.000845612 0.00249183 0.00186508 0.00120823 0.000952724 0.000837982 0.00118162
threshold=0.8264466354889638 0.34790429800275396 45742290.000000007 58.131858407079655 17364147.000000004 1.0000000180025095e-35 0.033904386879576441 1.3593918304378623 298234.50000000006 5.2761799410029502 0.37446233356170505 0.11090058665983916 1.0000000180025095e-35 82083.500000000015 65.000000000000014 185041.50000000003 3.0167898363362526e-06 1.7386391400702291e-05 0.015508617519528737 0.0037621899321882229 4345710.5000000009 0.001109964885657279 0.057566796857932249 4345710.5000000009 1.0000000180025095e-35
decision_type=2 2 2 2 2 2 2 2 2 2 2 2 2 2 2 2 2 2 2 2 2 2 2 2 2
left_child=1 3 -3 4 5 7 -7 8 9 10 11 12 13 -1 -14 -15 -10 -18 19 21 22 23 -20 24 -19
right_child=-2 2 -4 -5 -6 6 -8 -9 16 -11 -12 -13 14 15 -16 -17 17 18 20 -21 -22 -23 -24 -25 -26
leaf_value=0.0041905445019917668 -0.00017110162419560205 -0.012044513281509284 0.0010742360169571086 2.3217761423666162e-06 0.0017519434823570991 -0.018001455916339282 0.0070810031328544911 0.003630325252630229 -1.2622830423225651e-05 -0.00095915675305064958 0.040951433691062536 -0.00023467409093242965 -1.9615041966680737e-06 -0.010142049504612061 2.1873652771731146e-06 7.7426602111785317e-05 0.0042176839603548901 0.00047295812010759167 0.0062105024068031872 -0.00088901544385038282 -0.010016855647196721 6.1840759634890219e-05 -0.00016199079692711394 -0.0052216497263803067 -0.0015544325826638784
leaf_weight=27 39 22 21 21 22 21 30 24 34 20 29 30 32 20 39 24 20 25 25 30 24 35 30 31 21
leaf_count=27 39 22 21 21 22 21 30 24 34 20 29 30 32 20 39 24 20 25 25 30 24 35 30 31 21
internal_value=0 -0.000235489 -0.00187149 -0.000120915 -0.000166288 -0.000212394 -0.000914619 -0.000143522 -0.000192537 5.00469e-05 0.000155535 2.39084e-05 0.000177432 0.000509106 -0.000154242 -0.000117624 -0.000387487 -0.000305296 -0.000381291 -0.000527192 -0.000119038 -0.000310389 0.000201928 -0.000531827 -0.000261012
internal_weight=0 657 43 614 593 571 51 520 496 221 201 172 142 71 71 44 275 241 221 142 79 112 55 77 46
internal_count=696 657 43 614 593 571 51 520 496 221 201 172 142 71 71 44 275 241 221 142 79 112 55 77 46
is_linear=0
shrinkage=0.1


Tree=126
num_leaves=26
num_cat=0
split_feature=26 27 47 48 26 3 10 5 3 1 3 1 3 3 1 70 3 1 3 3 5 3 70 3 3
split_gain=0.063861 0.0367901 0.0210018 0.0127782 0.00316177 0.00341132 0.00168672 0.00196378 0.00160865 0.00122736 0.00240652 0.00165096 0.00155512 0.00275551 0.0029067 0.00280502 0.00137192 0.00103566 0.00234735 0.00125362 0.000899526 0.000660363 0.000574752 0.000505857 0.000254507
threshold=0.087237809735689315 50.746428571428574 6.5000000000000009 0.34790429800275396 0.00018114757959037276 58.131858407079655 1.0000000180025095e-35 1.3593918304378623 5.2761799410029502 298234.50000000006 0.37446233356170505 1954173.5000000002 0.11090058665983916 2.325408064395916e-05 134628.00000000003 65.000000000000014 0.076894640315072912 2568720.5000000005 0.0088931871709935807 0.001109964885657279 1.0000000180025095e-35 0.0028857183522401487 48.000000000000007 4.9467795959366559e-05 0.010474295515460566
decision_type=2 2 2 2 2 2 2 2 2 2 2 2 2 2 2 2 2 2 2 2 2 2 2 2 2
left_child=2 -2 3 4 5 6 7 8 9 10 12 24 13 15 -15 22 17 21 19 20 -19 -13 -1 -22 -11
right_child=1 -3 -4 -5 -6 -7 -8 -9 -10 11 -12 16 -14 14 -16 -17 -18 18 -20 -21 23 -23 -24 -25 -26
leaf_value=-0.0456711008108341 -0.00058129249414662354 0.0083466592621871168 0.0074868489839106551 -0.010840061953358361 0.0015767491341213359 2.089598527987846e-06 -1.1360547380689923e-05 0.0073538062346990788 -0.00086324107774586882 -0.00046566587589254028 0.036856290321956212 0.00019243284882577429 -0.00021120668183911563 0.0030793132329449691 -0.00038755772618088714 1.9686287494380394e-06 0.0027047423499247714 -0.0034089651790630174 -0.0090151700824769431 0.0028560674759418704 0.00040846245257561978 -0.00080011389946506035 -1.7653537770279116e-06 -0.0031801368829775358 -0.0036236974330822848
leaf_weight=22 40 20 27 24 24 21 37 21 20 21 29 33 30 36 20 39 25 26 34 25 34 20 21 26 21
leaf_count=22 40 20 27 24 24 21 37 21 20 21 29 33 30 36 20 39 25 26 34 25 34 20 21 26 21
internal_value=0 -0.00342669 -1.38296e-05 -0.000134826 -4.2046e-05 -9.01312e-05 -0.00013876 -9.08261e-05 -0.000132069 -9.40587e-05 9.49815e-05 -0.00023459 -5.02316e-05 9.16247e-05 0.000632347 -0.000277649 -0.000126268 -0.000214403 -0.000352674 -0.000129993 -0.000311187 0.000163885 -0.000834654 -9.829e-05 -0.000809729
internal_weight=0 60 636 609 585 561 540 503 482 462 197 265 168 138 56 82 223 198 145 111 86 53 43 60 42
internal_count=696 60 636 609 585 561 540 503 482 462 197 265 168 138 56 82 223 198 145 111 86 53 43 60 42
is_linear=0
shrinkage=0.1


Tree=127
num_leaves=25
num_cat=0
split_feature=26 27 47 48 1 70 26 3 5 3 1 3 1 1 3 3 3 3 3 70 1 5 3 1
split_gain=0.0667994 0.0367901 0.0198239 0.0137108 0.00282085 0.00329089 0.0032774 0.00348411 0.00374733 0.00191041 0.00254344 0.00221496 0.00187627 0.00178511 0.00141288 0.00579735 0.00221395 0.00118108 0.00252133 0.00086692 0.000784738 0.00139881 0.000750234 0.000515844
threshold=0.087237809735689315 50.746428571428574 6.5000000000000009 0.34790429800275396 5.5000000000000009 48.000000000000007 0.00018114757959037276 3.9062135041376959e-05 1.2395730541707721 6.7245575221238942 134628.00000000003 0.11090058665983916 25540032.000000004 2568720.5000000005 0.0063766011260046303 0.0031557636082888509 0.30127312263560818 0.019307541272722661 0.078896434485292585 65.000000000000014 2786396.5000000005 1.0000000180025095e-35 6.1881470178578088e-06 298234.50000000006
decision_type=2 2 2 2 2 2 2 2 2 2 2 2 2 2 2 2 2 2 2 2 2 2 2 2
left_child=2 -2 3 4 5 -1 7 13 9 10 11 -9 14 23 15 20 17 -16 -19 -7 21 -12 -15 -6
right_child=1 -3 -4 -5 6 19 -8 8 -10 -11 12 -13 -14 22 16 -17 -18 18 -20 -21 -22 -23 -24 -25
leaf_value=0.015492765251694608 -0.00052316324473196125 0.0075119933359683701 0.0067381640855195719 -0.0097560557580225193 -0.011454262342628141 -1.5888183993340023e-06 0.0014190742207091491 0.0027713819096504724 0.0066184256112293838 -0.00077691696997135302 -3.2660886188295993e-05 -0.00019008601365513302 0.0024342681149324367 8.9820387173489291e-05 0.0056694635560695875 -0.00073955939535892419 -0.054766149936501668 -0.0045266744509682155 0.0070577781047777679 1.7717658744587084e-06 -0.0027954424809404801 0.00017318956394305474 -0.0017865363107780752 -0.0054047076734548231
leaf_weight=40 40 20 27 24 25 21 24 35 21 31 30 30 28 32 20 21 22 36 24 39 38 24 22 22
leaf_count=40 40 20 27 24 25 21 24 35 21 31 30 30 28 32 20 21 22 36 24 39 38 24 22 22
internal_value=0 -0.00342669 6.38026e-05 -5.3752e-05 4.23541e-05 0.000525951 -5.73565e-05 -0.000116669 2.89453e-05 -5.13555e-05 2.39573e-05 0.000579583 -0.000124667 -0.000635692 -0.000224944 -0.000468498 4.48746e-05 0.000289189 6.7352e-05 5.7557e-05 -0.000126289 0.000118709 -0.000243477 -0.00108632
internal_weight=0 60 636 609 585 100 485 461 360 339 308 65 243 101 215 113 102 80 60 60 92 54 54 47
internal_count=696 60 636 609 585 100 485 461 360 339 308 65 243 101 215 113 102 80 60 60 92 54 54 47
is_linear=0
shrinkage=0.1


Tree=128
num_leaves=26
num_cat=0
split_feature=26 27 48 26 10 49 3 3 3 5 3 70 1 3 3 1 1 3 1 70 1 3 3 3 1
split_gain=0.0636065 0.0367901 0.0109054 0.0038469 0.0035119 0.00325836 0.00228307 0.0025489 0.00216009 0.00217853 0.00153589 0.00281952 0.00225194 0.00352155 0.00248438 0.00157112 0.00133785 0.00146069 0.00126659 0.00086692 0.000617777 0.00121075 0.000559371 0.000418195 0.000507445
threshold=0.087237809735689315 50.746428571428574 0.492157898488434 3.6383723723400647e-05 1.0000000180025095e-35 6300345.0000000009 58.131858407079655 5.2761799410029502 0.62814794182717437 1.3304729663362136 8.4285383418580678e-07 48.000000000000007 65.500000000000014 0.005910943845482703 0.0028857183522401487 2786396.5000000005 15055.000000000002 0.019307541272722661 298234.50000000006 65.000000000000014 1140689.0000000002 0.00073178285835878481 0.076894640315072912 0.0003056025173114538 9679825.0000000019
decision_type=2 2 2 2 2 2 2 2 2 2 2 2 2 2 2 2 2 2 2 2 2 2 2 2 2
left_child=2 -2 3 4 5 6 7 8 9 10 11 -1 -12 14 15 20 -15 -18 -19 -13 -14 -22 -20 24 -17
right_child=1 -3 -4 -5 -6 -7 -8 -9 -10 -11 12 19 13 16 -16 23 17 18 22 -21 21 -23 -24 -25 -26
leaf_value=0.0025191379879997201 -0.00047084692025869403 0.0067607940023714621 -0.00045568889168148277 0.0012771667986381631 -1.9206531359827753e-05 -0.0023283961419556577 7.9572335671684868e-05 -0.00069922527297450188 0.0046013701581564702 0.0059565830501064456 -0.0013098370844680574 -1.4299365593828384e-06 -0.00036612090995760129 0.0025205651298183087 -0.00064614656998287503 -0.0016078826796999124 0.0051025172004628416 -0.012641020982189844 2.5492306959051804e-05 1.5945892870128376e-06 0.00054626983839582981 -2.9394797569182177e-05 0.0021908413034392284 -0.00078569439017641687 -0.0025825789465855568
leaf_weight=23 40 20 38 30 35 21 21 20 31 23 23 21 34 21 25 22 24 24 35 39 24 20 24 26 32
leaf_count=23 40 20 38 30 35 21 21 20 31 23 23 21 34 21 25 22 24 24 35 39 24 20 24 26 32
internal_value=0 -0.00342669 -2.0637e-05 8.37471e-05 2.54575e-05 8.91762e-05 0.00013925 9.5579e-05 0.00014253 8.56861e-05 3.34283e-05 0.000418416 -6.22422e-05 8.37151e-06 -0.000273056 -0.000126493 0.000410724 0.0002675 6.88206e-05 5.7557e-05 0.000192863 0.000440252 0.000317969 -0.000437864 -0.000596512
internal_weight=0 60 636 598 568 533 512 491 471 440 417 83 334 311 183 158 128 107 83 60 78 44 59 80 54
internal_count=696 60 636 598 568 533 512 491 471 440 417 83 334 311 183 158 128 107 83 60 78 44 59 80 54
is_linear=0
shrinkage=0.1


Tree=129
num_leaves=26
num_cat=0
split_feature=48 26 26 26 10 49 3 3 3 3 70 3 1 3 1 3 5 1 1 3 1 70 3 3 49
split_gain=0.021237 0.0235706 0.0149177 0.00529471 0.00320736 0.00301821 0.00250152 0.00232458 0.00244687 0.00144405 0.00305683 0.00230806 0.00425623 0.00377941 0.00153043 0.00164682 0.00152994 0.00137178 0.0030181 0.00107257 0.00112602 0.00086692 0.000166245 0.000490396 0.000139897
threshold=0.492157898488434 0.25712083558513515 0.055768929212438714 3.6383723723400647e-05 1.0000000180025095e-35 6300345.0000000009 58.131858407079655 5.2761799410029502 0.62814794182717437 4.3976765741445264e-07 48.000000000000007 0.005910943845482703 65.500000000000014 0.0037621899321882229 2786396.5000000005 7.2349947797740243e-05 1.0000000180025095e-35 2568720.5000000005 3052001.5000000005 0.081761719037339628 1140689.0000000002 65.000000000000014 3.3549682405304946e-05 0.0003056025173114538 43408594.000000007
decision_type=2 2 2 2 2 2 2 2 2 2 2 2 2 2 2 2 2 2 2 2 2 2 2 2 2
left_child=1 2 3 4 5 6 7 8 9 10 -1 13 -13 14 15 -11 -17 19 -19 20 -14 -12 -16 -24 -2
right_child=24 -3 -4 -5 -6 -7 -8 -9 -10 11 21 12 17 -15 22 16 -18 18 -20 -21 -22 -23 23 -25 -26
leaf_value=0.0074631241074794019 -0.00019082058722199593 3.5388041377037997e-06 -0.01958857946524848 0.0012591561123940665 -1.728587822356076e-05 -0.0020955565277601452 7.1615102104516382e-05 -0.00062930274567705178 0.0041412331423408945 -0.0039528095054741641 -1.2869429034445547e-06 -0.0011788533760212162 0.0021630322374420531 -0.00058153191298444546 -0.0010724012900617198 -2.6455317811979739e-05 0.00049629973645934908 -0.0040765562365674413 0.0019717571730954119 0.000726525087303287 0.0078089905180618764 1.4351303582849085e-06 -0.0037424880550346986 -0.0024373287938285419 -0.00041012000251328118
leaf_weight=20 20 22 38 28 35 21 21 20 31 30 21 23 33 20 32 32 40 20 31 25 22 39 25 27 20
leaf_count=20 20 22 38 28 35 21 21 20 31 30 21 23 33 20 32 32 40 20 31 25 22 39 25 27 20
internal_value=0 3.77846e-05 -7.3876e-05 4.86068e-05 -1.75695e-05 4.33238e-05 9.1517e-05 4.58044e-05 9.06414e-05 3.01422e-05 0.000414443 -5.52581e-05 0.000237592 -0.000274185 -0.00013373 0.000126579 0.000385948 0.000457875 5.25853e-05 0.000716247 0.000963111 5.7557e-05 -0.00044982 -0.000560179 -0.0023356
internal_weight=0 656 634 596 568 533 512 491 471 440 80 360 154 206 186 102 72 131 51 80 55 60 84 52 40
internal_count=696 656 634 596 568 533 512 491 471 440 80 360 154 206 186 102 72 131 51 80 55 60 84 52 40
is_linear=0
shrinkage=0.1


Tree=130
num_leaves=28
num_cat=0
split_feature=48 26 26 26 10 49 3 3 3 5 3 3 1 1 1 3 3 70 1 70 3 3 1 3 3 49 3
split_gain=0.0231218 0.0220846 0.00600361 0.00854614 0.00367191 0.0033839 0.00217591 0.00266683 0.00202124 0.0020507 0.00107019 0.00203956 0.00162882 0.00127245 0.00124402 0.0019573 0.0011409 0.000872636 0.00206066 0.00086692 0.000568946 0.000546644 0.0017686 0.00259804 0.000939882 0.000139897 8.18005e-05
threshold=0.492157898488434 0.25712083558513515 0.010690706220630253 3.6383723723400647e-05 1.0000000180025095e-35 6300345.0000000009 58.131858407079655 5.2761799410029502 0.62814794182717437 1.3304729663362136 0.010474295515460566 6.1881470178578088e-06 65.500000000000014 298234.50000000006 15055.000000000002 0.028692104949705137 0.076894640315072912 48.000000000000007 3052001.5000000005 65.000000000000014 0.054761930855351797 3.9062135041376959e-05 4345710.5000000009 0.0037621899321882229 0.00041137884763863978 43408594.000000007 0.0016755108030744148
decision_type=2 2 2 2 2 2 2 2 2 2 2 2 2 2 2 2 2 2 2 2 2 2 2 2 2 2 2
left_child=1 2 3 4 5 6 7 8 9 10 11 17 -12 -13 -14 -16 -17 18 -1 -19 -4 -15 23 24 -23 -2 -26
right_child=25 -3 20 -5 -6 -7 -8 -9 -10 -11 12 13 14 21 15 16 -18 19 -20 -21 -22 22 -24 -25 26 -27 -28
leaf_value=0.00275028061171696 -0.00017173852849978745 3.1849237239311992e-06 -0.018857268811298414 0.001133240501154731 -1.5557290401346793e-05 -0.0018860008749841839 6.4453591893709475e-05 -0.00056637247110913336 0.0037271098281067339 0.0057562056956427911 -0.0010609680384190412 0.00020999142846775954 0.0020522053930925213 -0.0022157871713684332 0.0038113664286100859 -0.01251967795103397 0.0017745814557859063 -1.158248613108981e-06 -0.00043670217439810703 1.2916173224297722e-06 -0.0051917103492900912 -0.0013700766570295287 0.0026493362352550068 -0.00054283560752637077 4.6476727152366952e-05 -0.00036910800226195309 -2.3809786030426496e-05
leaf_weight=22 20 22 26 20 35 21 21 20 31 23 23 29 21 21 22 33 39 21 21 39 20 23 39 22 20 20 22
leaf_count=22 20 22 26 20 35 21 21 20 31 23 23 29 21 21 22 33 39 21 21 39 20 23 39 22 20 20 22
internal_value=0 0.000140869 3.27851e-05 0.000118855 4.7317e-05 0.000112471 0.000163501 0.000120867 0.000168891 0.000113905 6.32034e-05 -4.94642e-05 0.000290988 -0.000256301 0.000444631 0.000289174 3.69363e-05 0.000303966 0.000647793 5.7557e-05 -0.00106741 -0.000375729 -0.000297003 -0.000547845 -0.000229926 -0.0023356 5.14712e-05
internal_weight=0 656 634 588 568 533 512 491 471 440 417 279 138 176 115 94 72 103 43 60 46 147 126 87 65 40 42
internal_count=696 656 634 588 568 533 512 491 471 440 417 279 138 176 115 94 72 103 43 60 46 147 126 87 65 40 42
is_linear=0
shrinkage=0.1


Tree=131
num_leaves=27
num_cat=0
split_feature=48 26 26 1 5 68 49 3 3 3 5 3 3 3 3 3 3 3 3 3 3 1 5 3 70 49
split_gain=0.0225964 0.0224877 0.00571231 0.00379585 0.00451613 0.00690053 0.00404059 0.00413228 0.00341897 0.00313986 0.00227104 0.00230848 0.00185433 0.00177173 0.000973721 0.000915246 0.00245984 0.000854295 0.00107768 0.000759344 0.000549021 0.000525176 0.000467274 0.000447602 0.000229907 0.000139897
threshold=0.492157898488434 0.25712083558513515 0.055768929212438714 298234.50000000006 1.0000000180025095e-35 1.0000000180025095e-35 5112040.5000000009 2.5647115595376813e-07 2.325408064395916e-05 0.026314090162737221 1.2395730541707721 0.015508617519528737 0.0018169069085899926 6.1881470178578088e-06 0.081761719037339628 6.7245575221238942 0.37446233356170505 0.0020685921948375399 0.00078629042081069329 0.23962683332253795 3.9062135041376959e-05 9679825.0000000019 1.0000000180025095e-35 0.03778523035077342 65.000000000000014 43408594.000000007
decision_type=2 2 2 2 2 2 2 2 2 2 2 2 2 2 2 2 2 2 2 2 2 2 2 2 2 2
left_child=1 2 3 4 5 12 7 -5 -6 -10 11 13 -1 -9 23 16 19 18 20 -11 -15 -22 -19 -13 -7 -2
right_child=25 -3 -4 6 8 24 -8 10 9 15 -12 14 -14 17 -16 -17 -18 22 -20 -21 21 -23 -24 -25 -26 -27
leaf_value=0.021007551157877558 -0.00015456467564982647 2.8664313515447405e-06 -0.016971541930168501 -1.4001561360998949e-05 -0.010303631138366144 -1.0424237517625556e-06 -0.00094399021732503039 0.0015465418986529756 0.0051685636937550683 0.00047641443299468734 0.0064524708966914096 0.0034302297857493613 0.02780172101698284 -0.0019942084542314831 -0.0056958838222854529 -0.00050973522399857531 0.016826864584221824 -0.0015151044335652841 0.00014712796126019613 -0.0012817907902412885 -0.0014868897322784847 0.026841143889129171 -0.0004690951609333638 0.0073312486716663018 1.162455590186795e-06 -0.00033219720203572225
leaf_weight=23 20 22 38 22 21 32 20 26 29 34 23 24 27 21 30 30 26 22 25 21 38 20 21 22 39 20
leaf_count=23 20 22 38 22 21 32 20 26 29 34 23 24 27 21 30 30 26 22 25 21 38 20 21 22 39 20
internal_value=0 0.000112571 3.50591e-06 7.92991e-05 0.000345599 0.000807213 -0.000159862 -6.63005e-05 -1.32792e-06 0.000177148 4.03218e-05 -4.74979e-05 0.00170711 -0.00024931 0.00041189 -6.49149e-05 0.000109839 -0.000383897 -0.000228886 -0.000269054 -0.000409972 -0.000251345 -0.000758808 0.000700953 0.000173483 -0.0023356
internal_weight=0 656 634 596 282 121 314 294 161 140 272 249 50 173 76 111 81 147 104 55 79 58 43 46 71 40
internal_count=696 656 634 596 282 121 314 294 161 140 272 249 50 173 76 111 81 147 104 55 79 58 43 46 71 40
is_linear=0
shrinkage=0.1


Tree=132
num_leaves=26
num_cat=0
split_feature=48 26 49 25 3 5 3 3 1 3 3 70 3 3 1 3 3 3 3 3 1 1 70 1 3
split_gain=0.0243672 0.0234755 0.0140776 0.00580156 0.00271602 0.00237958 0.00364805 0.0025512 0.00275857 0.00307838 0.00197965 0.00209944 0.00183844 0.00254134 0.00159885 0.00155772 0.00305781 0.00129042 0.00122974 0.00096362 0.0018449 0.000875841 0.00086692 0.000418145 0.000272157
threshold=0.34790429800275396 0.25712083558513515 45742290.000000007 1.0000000180025095e-35 58.131858407079655 1.0000000180025095e-35 0.076894640315072912 0.76471812023199681 2568720.5000000005 0.0015025728807441169 1.7386391400702291e-05 48.000000000000007 2.325408064395916e-05 0.00031998073208521285 9679825.0000000019 0.010474295515460566 0.072475054278223802 0.28825031808916718 0.0004878164613535642 0.00041137884763863978 3653915.0000000005 2568720.5000000005 65.000000000000014 1140689.0000000002 4.9467795959366559e-05
decision_type=2 2 2 2 2 2 2 2 2 2 2 2 2 2 2 2 2 2 2 2 2 2 2 2 2
left_child=1 3 -2 4 5 6 10 8 12 14 11 -1 -7 -14 -10 -15 -17 -18 -5 -12 21 -21 -13 -8 -16
right_child=2 -3 -4 18 -6 7 23 -9 9 -11 19 22 13 15 24 16 17 -19 -20 20 -22 -23 -24 -25 -26
leaf_value=0.012670338698180572 -0.008623738772371015 2.579788216383605e-06 -5.2411999514312418e-05 -0.01403521293007799 0.00010898175510405396 -0.00025684266421706071 0.029162526476567054 -0.0004587617015985757 -1.2601405224899055e-05 -0.0016030017657532982 -0.0019677907006588669 -9.3818137658630008e-07 0.0016084036988253559 -0.00042218564484031162 0.019848527150253759 0.0024651988181986443 -0.00082669215555313262 0.031219594560773348 -0.0017226513780174814 -3.6141603553829783e-05 0.0065981238044997784 -0.0043930602343468907 1.0462100311414703e-06 0.0065082813131205342 -0.0024732423340971367
leaf_weight=28 22 22 21 40 21 32 20 25 31 21 22 21 20 40 23 35 23 22 36 34 26 22 39 27 23
leaf_count=28 22 22 21 40 21 32 20 25 31 21 22 21 20 40 23 35 23 22 36 34 26 22 39 27 23
internal_value=0 4.45402e-05 -0.00241309 -6.74157e-05 4.47908e-05 9.21659e-07 0.000235448 -0.000189084 -9.95996e-05 -0.000523059 4.21488e-05 0.000391224 0.000141674 0.000297978 -0.000230366 0.000124041 0.000378806 -0.000166434 -0.000886819 -0.000253223 -9.55558e-05 -0.000418757 5.7557e-05 0.0010251 0.000143711
internal_weight=0 653 43 631 555 534 239 295 270 98 192 88 172 140 77 120 80 45 76 104 82 56 60 47 46
internal_count=696 653 43 631 555 534 239 295 270 98 192 88 172 140 77 120 80 45 76 104 82 56 60 47 46
is_linear=0
shrinkage=0.1


Tree=133
num_leaves=24
num_cat=0
split_feature=44 49 48 26 3 5 1 3 1 3 3 3 27 1 68 70 3 3 3 3 1 3 3
split_gain=0.0154837 0.0239381 0.0429428 0.026412 0.00446758 0.00376752 0.00932604 0.0366294 0.00542125 0.00204058 0.0028518 0.00309115 0.00187233 0.00345458 0.00795286 0.00208378 0.00179587 0.00170416 0.0017887 0.00167546 0.00254968 0.000646216 0.000155899
threshold=89500.005000000019 1386510.5000000002 1.5807420630985789 0.25712083558513515 58.131858407079655 1.0000000180025095e-35 185041.50000000003 0.026314090162737221 9.5000000000000018 0.017533263330678322 0.0028857183522401487 0.00078629042081069329 0.034644213365461154 298234.50000000006 1.0000000180025095e-35 65.000000000000014 0.7396460176991152 0.00022573608937005398 3.0167898363362526e-06 0.00041137884763863978 3052001.5000000005 0.019307541272722661 3.9062135041376959e-05
decision_type=2 2 2 2 2 2 2 2 2 2 2 2 2 2 2 2 2 2 2 2 2 2 2
left_child=1 3 -3 4 5 12 7 -7 -9 10 11 17 13 14 -1 -16 -10 18 -8 -15 21 -21 -20
right_child=-2 2 -4 -5 -6 6 9 8 16 -11 -12 -13 -14 19 15 -17 -18 -19 22 20 -22 -23 -24
leaf_value=0.078183433326994137 -0.00029373628188071881 -0.0028811332557889813 0.02056842536988146 2.3218093947452445e-06 9.8083579593577508e-05 -0.034658144021211645 -1.1341264702480203e-05 -0.0028031199835425015 0.0015265021175309814 0.003868341199826375 -0.00039942396619636612 0.00078355891158885535 -0.012631691637070119 -0.0018111954683142529 -8.4436323888326115e-07 9.4158902799179609e-07 -0.00041288553143843388 -0.0012959821945671024 0.0013091835081862513 -3.2527443198659971e-05 0.0059383114240496582 -0.050617746004795454 0.0043744976665273331
leaf_weight=36 27 28 21 22 21 20 38 42 34 33 27 23 26 32 32 39 20 22 27 36 39 30 21
leaf_count=36 27 28 21 22 21 20 38 42 34 33 27 23 26 32 32 39 20 22 27 36 39 30 21
internal_value=0 2.09455e-05 0.00214874 -0.000147219 -0.000272408 -0.000324552 -0.000564188 -0.00127143 -0.000460346 -0.00013466 -0.000284039 -9.11632e-05 -5.20769e-05 3.38839e-05 0.00045965 -0.000154242 0.000202392 -0.000315333 -0.000114421 -0.000298649 -0.000105591 -0.00048439 0.000291359
internal_weight=0 669 49 620 598 577 307 116 96 191 158 131 270 244 107 71 54 108 86 137 105 66 48
internal_count=696 669 49 620 598 577 307 116 96 191 158 131 270 244 107 71 54 108 86 137 105 66 48
is_linear=0
shrinkage=0.1


Tree=134
num_leaves=27
num_cat=0
split_feature=48 26 49 25 3 1 48 3 3 3 1 3 1 1 3 1 3 3 5 3 3 3 3 70 3 70
split_gain=0.0228618 0.0246167 0.0140776 0.00472641 0.00317586 0.00201601 0.00346092 0.00307505 0.0024075 0.00425332 0.00311717 0.00122974 0.00115608 0.00165085 0.00105434 0.00397349 0.001836 0.00156449 0.000768364 0.00466802 0.00274427 0.00139453 0.00122866 0.00140554 0.000202456 4.22362e-06
threshold=0.34790429800275396 0.25712083558513515 45742290.000000007 1.0000000180025095e-35 58.131858407079655 3653915.0000000005 1.0000000180025095e-35 1.0000000019163486 0.015508617519528737 0.0037621899321882229 65.500000000000014 0.0004878164613535642 15055.000000000002 298234.50000000006 0.001109964885657279 9679825.0000000019 0.022652445645338439 1.2888720714562938e-05 1.0000000180025095e-35 0.00078629042081069329 0.00054673754504555594 5.6348115081062948e-05 1.0929061987618111e-05 65.000000000000014 0.061911910113399492 48.000000000000007
decision_type=2 2 2 2 2 2 2 2 2 2 2 2 2 2 2 2 2 2 2 2 2 2 2 2 2 2
left_child=1 3 -2 4 5 6 7 8 9 18 -10 -5 -12 -14 15 -7 -16 -17 20 21 22 -20 23 25 -15 -1
right_child=2 -3 -4 11 -6 14 -8 -9 10 -11 12 -13 13 24 16 17 -18 -19 19 -21 -22 -23 -24 -25 -26 -27
leaf_value=-2.096147383898739e-05 -0.0098182074321220732 2.0896284552707201e-06 -1.7797171374756006e-05 -0.012607697280436803 8.8275221634148701e-05 -0.0003892375338296006 0.0047789802800759064 -0.014192292079254543 -0.00079063049730763177 -0.00035948156957701374 0.0014001733169106247 -0.0015210126120276614 -0.010722326089220503 0.003094073711849177 0.0025386581578544566 0.017864808561698454 -0.0014133279609898964 -0.0031522606625351557 0.0011782651573675196 0.003546236378840462 -0.0013567270855340042 -0.00074517752088993923 0.0011024214821489409 8.4743012518373462e-07 0.0062205664929233968 -7.599269149949351e-07
leaf_weight=22 22 22 21 40 21 26 20 35 27 34 23 36 25 23 20 21 27 28 37 21 21 21 22 39 21 21
leaf_count=22 22 22 21 40 21 26 20 35 27 34 23 36 25 23 20 21 27 28 37 21 21 21 22 39 21 21
internal_value=0 -3.25844e-05 -0.00241309 -0.000147229 -4.59522e-05 -9.33899e-05 1.23423e-05 -5.31243e-05 3.45724e-05 -0.000149053 0.000401824 -0.000886819 0.000679089 0.000474426 -0.000450452 -0.00068317 -7.90952e-05 -0.000152965 2.35303e-05 0.000267654 -0.000130756 -0.000194885 7.97922e-05 -9.82423e-05 0.000843126 -0.000492529
internal_weight=0 653 43 631 555 534 412 392 357 238 119 76 92 69 122 75 47 49 204 79 125 58 104 82 44 43
internal_count=696 653 43 631 555 534 412 392 357 238 119 76 92 69 122 75 47 49 204 79 125 58 104 82 44 43
is_linear=0
shrinkage=0.1


Tree=135
num_leaves=26
num_cat=0
split_feature=48 26 3 26 3 48 3 3 3 3 3 1 3 1 5 1 70 1 3 3 3 27 3 49 70
split_gain=0.0224157 0.0226283 0.00637004 0.0051791 0.00437485 0.00244531 0.00195177 0.00272869 0.00210234 0.0016297 0.0027441 0.00159926 0.00117023 0.00360644 0.00356942 0.00282174 0.00153523 0.00150953 0.00371805 0.000931272 0.000847445 0.000802944 0.000331811 0.000139897 1.01729e-05
threshold=0.492157898488434 0.25712083558513515 2.2203528624825863 0.0088053097345132756 20.050126422250319 0.020433060437035664 0.35754236806108769 0.010474295515460566 0.0056188674499033356 0.056677163293293815 0.1406638946985794 1140689.0000000002 4.3976765741445264e-07 298234.50000000006 1.0202733109647493 185041.50000000003 65.000000000000014 2786396.5000000005 0.0020685921948375399 0.00078629042081069329 0.00029000521726168295 20.083082595870209 0.00011148073849118199 43408594.000000007 48.000000000000007
decision_type=2 2 2 2 2 2 2 2 2 2 2 2 2 2 2 2 2 2 2 2 2 2 2 2 2
left_child=1 2 3 5 -4 6 7 8 12 11 -11 -9 15 -14 17 16 24 18 20 22 -15 -5 -19 -2 -1
right_child=23 -3 4 21 -6 -7 -8 9 -10 10 -12 -13 13 14 -16 -17 -18 19 -20 -21 -22 -23 -24 -25 -26
leaf_value=-1.8865326455141941e-05 -0.00035175612462365894 1.880665609732546e-06 0.0033687905472916668 -0.010107752745319233 7.9447699470591718e-05 0.0012577786265142166 -0.047640822493679028 0.0011546796058251375 -0.00054404665531784249 -0.0060525169937761802 0.0038391462049819584 0.0027846663406641881 -0.0056873551526713589 0.00099217933393376252 0.0038192213841384162 3.086442151669644e-05 7.6268711266536118e-07 -0.0017001342319765912 -0.00030407652677908462 0.00045133720464463067 0.00016965587153947582 -0.0023707067239854499 -0.0042069717397417604 -0.00026258293655523346 -6.8393422347767796e-07
leaf_weight=26 20 22 20 31 31 22 36 26 21 32 35 33 31 20 28 32 39 39 22 21 25 20 23 20 21
leaf_count=26 20 22 20 31 31 22 36 26 21 32 35 33 31 20 28 32 39 39 22 21 25 20 23 20 21
internal_value=0 0.000102762 -6.64352e-06 -0.000100395 0.00106506 -8.11173e-06 -5.26401e-05 1.27251e-06 -0.0001431 0.000400015 6.25281e-05 0.000783262 -8.08127e-05 -0.000222957 -4.9602e-05 0.000170952 -0.000127341 -0.000243076 0.000110007 -0.000528095 0.000630872 -0.00106303 -0.00072304 -0.0023356 -0.000512218
internal_weight=0 656 634 583 51 532 510 474 348 126 67 59 327 209 178 118 86 150 67 83 45 51 62 40 47
internal_count=696 656 634 583 51 532 510 474 348 126 67 59 327 209 178 118 86 150 67 83 45 51 62 40 47
is_linear=0
shrinkage=0.1


Tree=136
num_leaves=27
num_cat=0
split_feature=26 48 26 3 3 48 3 3 3 3 3 1 3 1 70 3 3 3 5 3 3 27 3 3 3 70
split_gain=0.0340044 0.0146969 0.00643312 0.00511735 0.00437485 0.00233033 0.00209519 0.00273935 0.00216124 0.00156291 0.00178749 0.00282174 0.00196264 0.00191602 0.00153523 0.00133177 0.001094 0.00102257 0.00216268 0.00112105 0.0009567 0.000802944 0.000721183 0.000177282 9.93402e-05 1.01729e-05
threshold=0.25712083558513515 0.492157898488434 0.0088053097345132756 2.2203528624825863 20.050126422250319 0.020433060437035664 0.35754236806108769 0.015508617519528737 0.0037621899321882229 0.001109964885657279 4.3976765741445264e-07 185041.50000000003 8.7676513929248945e-06 3653915.0000000005 65.000000000000014 0.00011148073849118199 0.0018962832899506266 0.081761719037339628 1.0000000180025095e-35 0.028990083005030132 0.21942641782333594 20.083082595870209 0.00029000521726168295 0.005910943845482703 5.6348115081062948e-05 48.000000000000007
decision_type=2 2 2 2 2 2 2 2 2 2 2 2 2 2 2 2 2 2 2 2 2 2 2 2 2 2
left_child=1 2 3 5 -5 6 7 8 9 10 11 14 -12 22 25 -15 -11 18 -9 -20 -19 -4 24 -10 -14 -1
right_child=-2 -3 21 4 -6 -7 -8 17 23 16 12 -13 13 15 -16 -17 -18 20 19 -21 -22 -23 -24 -25 -26 -27
leaf_value=-1.6978793809663275e-05 1.6925990487637322e-06 -0.0088101283952543245 -0.0090969774707872382 0.0030319114925625003 7.1502929523603603e-05 0.0011320007638627061 -0.042876740244311408 0.0003659236648001496 -0.00027366887410096297 0.00015269028438567034 -0.0017701075308757198 2.7777979364884687e-05 0.00067851650321699715 -0.00049754422462058303 6.8641840140770687e-07 -0.0028227320203118469 5.334336069893198e-05 -0.0057444408731797125 0.001118366613504307 0.0037100771839718052 0.00037019715976747139 -0.0021336360515869404 0.00025764896640438905 -0.00048964198978609377 -0.00039258787661751172 -6.1554080108550126e-07
leaf_weight=26 23 39 31 20 31 22 36 37 20 21 34 32 20 21 39 24 27 22 20 20 23 20 25 22 20 21
leaf_count=26 23 39 31 20 31 22 36 37 20 21 34 32 20 21 39 24 27 22 20 20 23 20 25 22 20 21
internal_value=0 -0.000101937 1.39651e-05 0.000108179 0.00106506 1.64482e-05 -2.70208e-05 2.88376e-05 -0.000112691 -2.14845e-05 -0.000117592 0.000170952 -0.000354037 -0.000148788 -0.000127341 -0.000650383 0.0005031 0.000437181 0.000658505 0.00116821 5.84718e-05 -0.00106303 0.000198471 -0.000785878 -6.48625e-05 -0.000512218
internal_weight=0 673 634 583 51 532 510 474 352 310 262 118 144 110 86 45 48 122 77 40 45 51 65 42 40 47
internal_count=696 673 634 583 51 532 510 474 352 310 262 118 144 110 86 45 48 122 77 40 45 51 65 42 40 47
is_linear=0
shrinkage=0.1


Tree=137
num_leaves=26
num_cat=0
split_feature=26 47 48 3 3 25 25 27 10 3 1 1 3 1 3 3 1 3 70 68 1 3 3 1 1
split_gain=0.0320078 0.0128196 0.013417 0.00614615 0.00437485 0.00353914 0.00210355 0.0015754 0.00150889 0.00144545 0.00257316 0.00166241 0.00273286 0.00242546 0.0019643 0.00185096 0.00116514 0.00113966 0.000817624 0.00190399 0.000806765 0.000783486 0.00175736 0.00065906 0.000173114
threshold=0.25712083558513515 6.5000000000000009 0.34790429800275396 2.2203528624825863 20.050126422250319 1.0000000180025095e-35 1.5000000000000002 20.083082595870209 1.0000000180025095e-35 0.024358926698213167 65.500000000000014 2568720.5000000005 0.0017393027442815605 1140689.0000000002 0.00022573608937005398 0.0003056025173114538 82083.500000000015 5.6348115081062948e-05 65.000000000000014 1.0000000180025095e-35 1140689.0000000002 0.0024682039304717135 0.00026329021343219228 3653915.0000000005 9679825.0000000019
decision_type=2 2 2 2 2 2 2 2 2 2 2 2 2 2 2 2 2 2 2 2 2 2 2 2 2
left_child=1 2 3 5 -5 8 7 -7 9 11 -11 13 15 14 18 17 -12 24 19 -1 -18 22 -15 -22 -13
right_child=-2 -3 -4 4 -6 6 -8 -9 -10 10 16 12 -14 21 -16 -17 20 -19 -20 -21 23 -23 -24 -25 -26
leaf_value=0.0010188006874765065 1.5233391438940203e-06 0.00064468819662568679 -0.0079291155557288835 0.0027287203433061791 6.4352636571385349e-05 -0.017612261605808401 -0.0043144179547855545 -0.0019202724464282284 2.2852375062853981e-05 -0.0011325017840517759 0.0010328513632867243 -0.00049891122631180458 -0.0021615986634294869 0.00093222018820213757 -0.00037484310684519076 0.002224389593166265 -0.0094595640134784286 -0.0035040013637363645 6.1777656128469977e-07 -5.5398672094142398e-07 0.0069818611848120327 4.8009024629180891e-05 0.00053908254713519455 0.00032933129832031228 0.0028297640394928437
leaf_weight=21 23 28 24 20 31 21 33 20 29 28 27 22 30 21 30 25 30 21 39 32 36 34 20 24 27
leaf_count=21 23 28 24 20 31 21 33 20 29 28 27 22 30 21 30 25 30 21 39 32 36 34 20 24 27
internal_value=0 1.45963e-05 -7.63383e-05 1.33236e-05 0.00106506 -8.07794e-05 -0.000725893 -0.00120422 1.54674e-05 -2.79966e-05 0.000234176 -0.000146056 -0.000431301 3.49377e-05 -0.000240177 -0.000168545 0.000440255 -0.000432335 -1.10426e-05 -0.00026677 0.00026741 0.000482458 0.000776787 0.000479118 -0.000168185
internal_weight=0 673 645 621 51 570 74 41 496 467 145 322 125 197 122 95 117 70 92 53 90 75 41 60 49
internal_count=696 673 645 621 51 570 74 41 496 467 145 322 125 197 122 95 117 70 92 53 90 75 41 60 49
is_linear=0
shrinkage=0.1


Tree=138
num_leaves=26
num_cat=0
split_feature=26 49 48 43 3 1 1 3 3 70 25 3 1 3 1 3 1 3 3 3 3 3 68 25 3
split_gain=0.0316365 0.015645 0.0790352 0.0131977 0.0079989 0.00557437 0.00936138 0.0274902 0.00437485 0.00166885 0.00148016 0.00346487 0.00187534 0.00141152 0.0012967 0.00136863 0.00115339 0.00318706 0.00219952 0.00109925 0.00375439 0.00139391 0.000455424 0.000617884 0.000429681
threshold=0.25712083558513515 1386510.5000000002 1.5807420630985789 1.0000000180025095e-35 2.2203528624825863 134628.00000000003 15.000000000000002 0.026314090162737221 20.050126422250319 65.000000000000014 1.0000000180025095e-35 4.3976765741445264e-07 2568720.5000000005 0.035748941212241432 1140689.0000000002 0.064091250911766665 4345710.5000000009 0.0015025728807441169 0.001109964885657279 0.0092519101300880761 0.0028857183522401487 0.00026329021343219228 1.0000000180025095e-35 1.0000000180025095e-35 0.00010502435536222789
decision_type=2 2 2 2 2 2 2 2 2 2 2 2 2 2 2 2 2 2 2 2 2 2 2 2 2
left_child=1 4 3 -3 5 6 9 -8 -6 22 11 -7 14 16 15 -13 17 -14 24 20 21 -16 23 -1 -18
right_child=-2 2 -4 -5 8 10 7 -9 -10 -11 -12 12 13 -15 19 -17 18 -19 -20 -21 -22 -23 -24 -25 -26
leaf_value=0.00044642762219595513 1.3710052295001775e-06 0.00091692061872876711 0.020345123208430672 -0.008345227730768557 0.0024558483089755613 2.2714943922608201e-05 -0.028501408868317587 0.00082408984756341406 5.7917372914317869e-05 5.5599890513846617e-07 -0.0077558379282301367 -0.00033735879616045853 -0.00044902010368090832 0.0016436204198811311 0.00083899816938171057 0.0014928958671687198 -0.0056329917584861285 -0.0019454387970867515 0.0020019506338496032 0.010778680801210073 -0.00025110288915399794 0.00012547170709638068 -4.9858804889169057e-07 -0.0017282452017854057 -0.0031536012273626571
leaf_weight=31 23 21 29 24 20 26 25 33 31 39 37 37 37 34 21 20 27 20 21 23 20 25 32 20 20
leaf_count=31 23 21 29 24 20 26 25 33 31 39 37 37 37 34 21 20 27 20 21 23 20 25 32 20 20
internal_value=0 3.66662e-05 0.00140842 -0.00121511 -0.0001328 -0.00024428 -0.000700312 -0.00174623 0.00106506 -0.00020307 -2.12205e-05 4.58323e-05 -4.86317e-05 -0.000286243 0.000210137 -0.000162256 -0.000441636 -0.000773415 -0.000163526 0.000448636 0.000241171 0.000738489 -0.000456595 -0.000271046 -0.000543689
internal_weight=0 673 74 45 599 548 180 58 51 122 368 331 305 159 146 57 125 57 68 89 66 46 83 51 47
internal_count=696 673 74 45 599 548 180 58 51 122 368 331 305 159 146 57 125 57 68 89 66 46 83 51 47
is_linear=0
shrinkage=0.1


Tree=139
num_leaves=26
num_cat=0
split_feature=26 48 48 27 3 3 3 3 5 3 10 70 3 5 1 3 1 1 3 3 70 3 3 3 5
split_gain=0.0333249 0.0153159 0.016872 0.00342991 0.00278061 0.00206678 0.00143512 0.00175826 0.00334074 0.0018095 0.00171964 0.0011414 0.00137718 0.00161188 0.00116502 0.00126387 0.00333799 0.00106849 0.00148279 0.00102266 0.00100422 0.000945929 0.00063001 0.000475024 0.000231388
threshold=0.25712083558513515 0.492157898488434 0.020433060437035664 0.010692796641211803 58.131858407079655 5.2761799410029502 0.010474295515460566 0.081761719037339628 1.0000000180025095e-35 0.26303363980194006 1.0000000180025095e-35 65.000000000000014 1.4088470799983562e-05 1.0202733109647493 1954173.5000000002 0.0020685921948375399 2786396.5000000005 1140689.0000000002 3.0167898363362526e-06 0.9842112643210662 48.000000000000007 0.028990083005030132 0.026314090162737221 0.00038018127697725596 1.0000000180025095e-35
decision_type=2 2 2 2 2 2 2 2 2 2 2 2 2 2 2 2 2 2 2 2 2 2 2 2 2
left_child=1 2 3 4 5 6 10 8 -8 -9 11 12 17 14 24 16 -16 20 -19 -11 -1 -10 -5 -18 -14
right_child=-2 -3 -4 22 -6 -7 7 9 21 19 -12 -13 13 -15 15 -17 23 18 -20 -21 -22 -23 -24 -25 -26
leaf_value=-0.033506207369261354 1.2339047065434983e-06 -0.0091707163209990838 0.0013436062804519366 -0.0032437677937302567 5.2125635622957134e-05 -0.00011089483958244274 -2.0088220936287374e-05 -0.0010638943678662471 0.00082083583106893352 0.011675121851885351 1.8295643164378818e-05 5.0039901466902847e-07 -0.00021441085781148672 0.0019014181684720911 7.0965830524016837e-05 -0.00022599260023881129 -0.0018746985591704401 -0.0012898026799057051 0.0039057251462551791 -0.035947534083060617 -4.4872924398475789e-07 0.0041357362802052931 -0.013993431851040405 -0.0016589872806061835 0.00025819912916063003
leaf_weight=20 23 39 22 32 21 20 37 35 24 35 37 39 21 28 27 33 32 22 21 21 21 20 22 22 22
leaf_count=20 23 39 22 32 21 20 37 35 24 35 37 39 21 28 27 33 32 22 21 21 21 20 22 22 22
internal_value=0 -6.26694e-05 5.56487e-05 -4.21593e-05 3.14861e-05 -1.26583e-05 2.59277e-05 0.000261891 0.000600778 -3.97559e-05 -9.1712e-05 -0.000169093 -0.000242392 -8.99265e-05 -0.000214582 -0.000381883 -0.000169357 -0.00057818 -0.00022992 0.000312776 -0.000943429 0.00118969 -0.000803161 -0.000623283 0.000228961
internal_weight=0 673 634 612 558 537 517 172 81 91 345 308 269 185 157 114 81 84 43 56 41 44 54 54 43
internal_count=696 673 634 612 558 537 517 172 81 91 345 308 269 185 157 114 81 84 43 56 41 44 54 54 43
is_linear=0
shrinkage=0.1


Tree=140
num_leaves=26
num_cat=0
split_feature=26 48 48 27 3 3 3 3 1 1 3 70 3 3 3 1 1 3 3 1 70 5 3 3 5
split_gain=0.0326969 0.0159051 0.016393 0.00380283 0.0025671 0.00226151 0.00169661 0.00386112 0.00176852 0.0016131 0.00159452 0.00151759 0.00137708 0.00171409 0.00350041 0.00151239 0.00109184 0.000947304 0.00239431 0.00109802 0.00086692 0.000682633 0.00063001 0.000315653 0.000187863
threshold=0.25712083558513515 0.492157898488434 0.020433060437035664 0.010692796641211803 58.131858407079655 5.2761799410029502 4.3976765741445264e-07 1.4088470799983562e-05 9.5000000000000018 2568720.5000000005 0.076894640315072912 48.000000000000007 0.35754236806108769 0.005910943845482703 0.002708721888128241 1140689.0000000002 185041.50000000003 0.0015025728807441169 0.0003056025173114538 4345710.5000000009 65.000000000000014 1.0000000180025095e-35 0.026314090162737221 4.3149167934763444e-06 1.0000000180025095e-35
decision_type=2 2 2 2 2 2 2 2 2 2 2 2 2 2 2 2 2 2 2 2 2 2 2 2 2
left_child=1 2 3 4 5 6 11 23 -9 12 17 21 13 14 15 -10 -15 18 -11 -19 -13 -1 -5 -8 -18
right_child=-2 -3 -4 22 -6 -7 7 8 9 10 -12 20 -14 16 -16 -17 24 19 -20 -21 -22 -23 -24 -25 -26
leaf_value=0.0097931304503021017 1.1105142358802668e-06 -0.0082536446888991765 0.0012092456524067431 -0.002919391014357231 4.691307206030615e-05 -9.9805355624482672e-05 -0.0013693233767988035 -0.00076572732521214 -8.2288872789604284e-05 -0.0016872287032533963 0.0050328805867682295 -4.0385631958628212e-07 -0.035180006932658617 0.00065959727970046347 -0.00020339334021457489 0.00046553053865991959 0.0013889471796268539 -0.0017282956573538401 0.0017112763516248465 -0.0017908063708475198 4.5035911320212565e-07 1.6466078847798826e-05 -0.012594088665936455 -0.0054602650972629622 0.003722162652184835
leaf_weight=25 23 39 22 32 21 20 22 22 31 38 22 21 25 30 22 33 20 33 26 23 39 32 22 21 32
leaf_count=25 23 39 22 32 21 20 22 22 31 38 22 21 25 30 22 33 20 33 26 23 39 32 22 21 32
internal_value=0 -2.60192e-05 9.45534e-05 -1.85606e-06 7.56896e-05 3.32739e-05 7.36367e-05 -2.43368e-05 8.349e-05 0.000140527 -0.000115297 0.000408589 0.000328751 0.000431793 0.00011989 0.000493942 0.000758912 -0.000258778 4.04223e-06 -0.000559143 5.7557e-05 0.000778096 -0.000803161 -0.00091955 0.00103607
internal_weight=0 673 634 612 558 537 517 400 357 335 142 117 193 168 86 64 82 120 64 56 60 57 54 43 52
internal_count=696 673 634 612 558 537 517 400 357 335 142 117 193 168 86 64 82 120 64 56 60 57 54 43 52
is_linear=0
shrinkage=0.1


Tree=141
num_leaves=27
num_cat=0
split_feature=26 49 50 43 3 5 1 3 1 3 3 1 70 3 1 3 3 3 3 26 3 1 3 3 70 1
split_gain=0.0313787 0.0226726 0.0713547 0.00777341 0.00374768 0.00345187 0.0112362 0.03788 0.00419671 0.00413058 0.00310729 0.00303756 0.00463834 0.00282444 0.00270755 0.00181557 0.00179587 0.0014697 0.00216947 0.00159745 0.0011585 0.0034994 0.000998208 0.000910848 0.00086692 0.000113377
threshold=0.25712083558513515 1386510.5000000002 1.906983789222628 1.0000000180025095e-35 58.131858407079655 1.0000000180025095e-35 185041.50000000003 0.026314090162737221 9.5000000000000018 4.3976765741445264e-07 0.010474295515460566 82083.500000000015 48.000000000000007 0.0031557636082888509 2568720.5000000005 0.0031557636082888509 0.7396460176991152 0.00084597978175703005 7.2349947797740243e-05 3.6383723723400647e-05 0.019307541272722661 4345710.5000000009 5.6348115081062948e-05 0.00026329021343219228 65.000000000000014 2568720.5000000005
decision_type=2 2 2 2 2 2 2 2 2 2 2 2 2 2 2 2 2 2 2 2 2 2 2 2 2 2
left_child=1 4 3 -3 5 11 7 -7 -9 -8 13 12 -1 14 23 17 -10 18 19 -13 -17 25 -16 -11 -14 -22
right_child=-2 2 -4 -5 -6 6 9 8 16 10 -12 15 24 -15 22 20 -18 -19 -20 -21 21 -23 -24 -25 -26 -27
leaf_value=0.013780482773469771 9.9946281229001954e-07 0.00056994336357014681 0.02005304698857735 -0.0077659901509775867 4.2221764854133426e-05 -0.023908831880496001 1.6967277328916452e-05 -0.0013310664759021763 0.00069911393112498388 -3.7217392300448182e-05 0.0033499463869659965 -0.0038445339683853778 -3.6347068759212676e-07 -0.0001830540061931174 -0.0010238900742351122 0.0012500524616640973 -8.9824820062034405e-05 -0.0012372829273871845 0.00037561372162358002 -0.0024910764856755918 0.0010883210871661219 -0.010760372916504935 -0.0046475908357628271 0.00038318168257092113 4.0532320184638597e-07 0.0045295925280914419
leaf_weight=27 23 21 29 24 21 20 25 42 34 20 37 21 21 21 33 24 20 21 24 31 20 21 32 23 39 22
leaf_count=27 23 21 29 24 21 20 25 42 34 20 37 21 21 21 33 24 20 21 24 31 20 21 32 23 39 22
internal_value=0 5.20615e-05 0.00170342 -0.000789387 -0.000151946 -0.000199623 -0.000429227 -0.00120553 -0.000380713 4.22425e-05 -0.000138228 6.04813e-05 0.000547367 -0.000369936 -0.000163603 -0.000169731 0.000202392 -0.00046722 -0.000262608 -0.000625581 0.000161952 -6.32761e-05 -0.000570846 0.000451997 5.7557e-05 0.000463725
internal_weight=0 673 74 45 599 578 307 116 96 191 166 271 87 129 108 184 54 97 76 52 87 63 65 43 60 42
internal_count=696 673 74 45 599 578 307 116 96 191 166 271 87 129 108 184 54 97 76 52 87 63 65 43 60 42
is_linear=0
shrinkage=0.1


Tree=142
num_leaves=26
num_cat=0
split_feature=26 48 48 3 3 27 27 3 3 1 1 3 3 3 1 70 3 3 3 1 1 70 5 5 3
split_gain=0.0326273 0.0159714 0.0064736 0.0027377 0.00210554 0.00129188 0.00238042 0.00160932 0.00287016 0.00175398 0.0016791 0.00163138 0.00183592 0.00184872 0.00159034 0.00151759 0.00137708 0.00171409 0.00350041 0.00151239 0.00109184 0.00086692 0.000682633 0.000187863 8.35228e-05
threshold=0.25712083558513515 0.492157898488434 0.020433060437035664 58.131858407079655 5.2761799410029502 0.010692796641211803 20.083082595870209 4.3976765741445264e-07 1.4088470799983562e-05 9.5000000000000018 2568720.5000000005 0.076894640315072912 0.0088931871709935807 0.001109964885657279 4345710.5000000009 48.000000000000007 0.35754236806108769 0.005910943845482703 0.002708721888128241 1140689.0000000002 185041.50000000003 65.000000000000014 1.0000000180025095e-35 1.0000000180025095e-35 4.3149167934763444e-06
decision_type=2 2 2 2 2 2 2 2 2 2 2 2 2 2 2 2 2 2 2 2 2 2 2 2 2
left_child=1 2 3 4 5 7 -7 15 24 -10 16 12 13 14 -12 22 17 18 19 -11 -19 -17 -1 -22 -9
right_child=-2 -3 -4 -5 -6 6 -8 8 9 10 11 -13 -14 -15 -16 21 -18 20 -20 -21 23 -23 -24 -25 -26
leaf_value=0.0090629250538395208 8.9951653106101767e-07 -0.0094335849188670121 0.0015091734656071055 3.7999588369075357e-05 -8.0842338056186244e-05 -0.0073540054131045812 0.0012364380176810741 -0.0011300020316951987 -0.00055604794510060178 -6.1012592012588133e-05 0.00078642804679631697 0.0040766332752824042 -0.00053568844211220328 0.0022612857469390237 -0.0015560672050902724 -3.2712361885955943e-07 -0.03165302375738719 0.00052372615861813194 -0.00016474860557380566 0.0003814161126314275 0.0011250472154976877 3.6479088167951095e-07 1.3122743230553625e-05 0.0035541729067881892 -0.0048118495801130479
leaf_weight=25 23 39 22 21 20 34 20 22 22 31 27 22 34 27 32 21 25 30 22 33 20 39 32 32 21
leaf_count=25 23 39 22 21 20 34 20 22 22 31 27 22 34 27 32 21 25 30 22 33 20 39 32 32 21
internal_value=0 -2.19401e-05 9.88834e-05 3.82986e-05 -1.5702e-06 3.3755e-05 -0.000431661 8.23672e-05 -1.30527e-05 7.99131e-05 0.000136716 -0.00012429 -0.000269419 -2.34804e-05 -0.000337129 0.000408589 0.000328751 0.000431793 0.00011989 0.000493942 0.000758912 5.7557e-05 0.000778096 0.00103607 -0.000784885
internal_weight=0 673 634 612 591 571 54 517 400 357 335 142 120 86 59 117 193 168 86 64 82 60 57 52 43
internal_count=696 673 634 612 591 571 54 517 400 357 335 142 120 86 59 117 193 168 86 64 82 60 57 52 43
is_linear=0
shrinkage=0.1


Tree=143
num_leaves=26
num_cat=0
split_feature=26 48 48 3 3 27 27 3 3 1 70 1 1 1 1 1 5 1 3 3 3 70 5 3 3
split_gain=0.0319698 0.0166085 0.00616114 0.0025335 0.00229402 0.00155815 0.00238042 0.00121314 0.00238622 0.00191721 0.00150316 0.00122071 0.00233657 0.00140675 0.00124737 0.00150705 0.00174553 0.00238569 0.00116331 0.00116266 0.00291316 0.00086692 0.000700239 0.000104874 1.70934e-06
threshold=0.25712083558513515 0.492157898488434 0.020433060437035664 58.131858407079655 5.2761799410029502 0.010692796641211803 20.083082595870209 8.4285383418580678e-07 8.7676513929248945e-06 9.5000000000000018 48.000000000000007 4345710.5000000009 25540032.000000004 3052001.5000000005 2568720.5000000005 1140689.0000000002 1.0000000180025095e-35 185041.50000000003 0.0050669330162809783 0.0092519101300880761 0.0028857183522401487 65.000000000000014 1.0000000180025095e-35 0.034843285551850255 0.00054673754504555594
decision_type=2 2 2 2 2 2 2 2 2 2 2 2 2 2 2 2 2 2 2 2 2 2 2 2 2
left_child=1 2 3 4 5 7 -7 10 -9 -10 22 13 24 14 15 16 -11 23 -16 20 -17 -12 -1 -18 -13
right_child=-2 -3 -4 -5 -6 6 -8 8 9 11 21 12 -14 -15 18 19 17 -19 -20 -21 -22 -23 -24 -25 -26
leaf_value=0.0081566325484555332 8.0956487795713634e-07 -0.0084902264269802966 0.0013582561190464304 3.4199629531883602e-05 -7.2758104250425509e-05 -0.0066186048717941761 0.001112794215912949 -0.0040421923150887554 -0.00050044315059061262 -0.0029870236796675446 -2.944112569736035e-07 -0.0018616825742984846 0.00029913085403912023 0.0022539004948875173 0.00070778524211654323 0.00013401982273251179 0.00055050851101796645 -0.00043864513819329436 -0.031296216701268878 0.003198755616109317 -0.00014827374501606984 3.283117934849145e-07 1.1810468907214046e-05 0.01975155898370673 -0.0010438503836226688
leaf_weight=25 23 39 22 21 20 34 20 31 22 31 21 20 31 32 20 38 22 34 25 26 21 39 35 24 20
leaf_count=25 23 39 22 21 20 34 20 31 22 31 21 20 31 32 20 38 22 34 25 26 21 39 35 24 20
internal_value=0 1.68497e-05 0.000140059 8.09547e-05 4.26017e-05 7.94741e-05 -0.000431661 0.000132861 4.86435e-05 0.000119995 0.000411483 0.000177874 -0.000191511 0.000273942 0.000191225 0.000300235 5.75829e-05 0.000304436 -0.000283575 0.00061711 0.000371595 5.7557e-05 0.000765409 0.000773922 -0.000696535
internal_weight=0 673 634 612 591 571 54 517 397 366 120 344 71 273 241 196 111 80 45 85 59 60 60 46 40
internal_count=696 673 634 612 591 571 54 517 397 366 120 344 71 273 241 196 111 80 45 85 59 60 60 46 40
is_linear=0
shrinkage=0.1


Tree=144
num_leaves=28
num_cat=0
split_feature=26 1 48 1 3 49 50 1 3 3 3 3 26 3 70 25 5 5 3 3 1 3 3 3 3 3 1
split_gain=0.0315886 0.0108137 0.105072 0.0205604 0.031753 0.0170423 0.00707775 0.00613689 0.00512978 0.00349736 0.0033508 0.0037798 0.00205008 0.00206578 0.00130373 0.00115875 0.000970952 0.00122637 0.00250085 0.00386167 0.00169322 0.00185604 0.00137874 0.00047844 0.00106489 0.000436622 0.000134038
threshold=0.25712083558513515 15055.000000000002 1.5807420630985789 15.000000000000002 0.034843285551850255 20208272.500000004 0.00034620560351077535 185041.50000000003 2.2203528624825863 6.7245575221238942 0.35754236806108769 0.11005549780222613 0.0059732869360022553 4.3976765741445264e-07 65.000000000000014 1.0000000180025095e-35 1.2395730541707721 1.0000000180025095e-35 0.010474295515460566 0.0015025728807441169 4345710.5000000009 0.0018962832899506266 0.00029965823842806593 0.0003056025173114538 4.9467795959366559e-05 0.23962683332253795 2568720.5000000005
decision_type=2 2 2 2 2 2 2 2 2 2 2 2 2 2 2 2 2 2 2 2 2 2 2 2 2 2 2
left_child=1 3 5 8 -5 6 7 -3 14 -6 11 12 13 -9 15 25 17 20 19 23 21 22 -15 24 -19 -1 -23
right_child=-2 2 -4 4 9 -7 -8 10 -10 -11 -12 -13 -14 16 -16 -17 -18 18 -20 -21 -22 26 -24 -25 -26 -27 -28
leaf_value=-2.6497013125847959e-07 7.2860839015476133e-07 -0.0031310538246600572 0.023844034472937193 -0.018285978676744863 0.023803928048760525 -0.034961882592248021 0.00069274601998419176 1.2777228382532258e-05 3.077966657869524e-05 -6.5482293825169796e-05 -0.04696212562989395 0.0078108632715704123 -0.00098108323586423309 0.0006123437498267493 2.9548061410977769e-07 0.0010015147943216007 0.0031542096190900538 9.3085181385532686e-05 0.003133091302739999 -0.00038748802065242672 -0.0012142922271515034 -0.001165098228185002 0.00028650875592504125 0.00039482928733463045 -0.0087490660853454475 -0.000450398835531729 0.0027454414697700713
leaf_weight=36 23 26 20 26 21 22 20 32 23 20 21 21 30 20 39 20 27 37 21 28 33 20 20 21 21 27 21
leaf_count=36 23 26 20 26 21 22 20 32 23 20 21 21 30 20 39 20 27 37 21 28 33 20 20 21 21 27 21
internal_value=0 3.95251e-05 0.000311355 -0.000551577 -0.00200033 -1.01515e-05 0.000132294 4.0277e-05 0.000117848 -0.000266727 0.00014382 0.000217028 0.000134489 0.000213058 -0.000140407 -0.000364489 0.000122701 5.92417e-05 -0.000153205 -0.000349025 0.000297779 0.00054377 0.0010284 8.62712e-06 -0.000139453 -0.000575013 7.09574e-05
internal_weight=0 673 461 212 67 441 419 399 145 41 373 352 331 301 122 83 269 242 128 107 114 81 40 79 58 63 41
internal_count=696 673 461 212 67 441 419 399 145 41 373 352 331 301 122 83 269 242 128 107 114 81 40 79 58 63 41
is_linear=0
shrinkage=0.1


Tree=145
num_leaves=26
num_cat=0
split_feature=26 48 48 3 3 1 1 1 1 70 26 3 3 5 3 3 3 3 3 1 5 3 3 3 3
split_gain=0.0316996 0.0168759 0.024414 0.00273208 0.00522533 0.00188147 0.00193176 0.00405781 0.00404162 0.00187084 0.00132871 0.00127355 0.0034289 0.00201497 0.00274293 0.00208136 0.00124613 0.00178257 0.00158476 0.00151209 0.00117738 0.00089304 0.000606507 0.000572521 0.000448157
threshold=0.25712083558513515 0.492157898488434 0.020433060437035664 58.131858407079655 5.2761799410029502 1140689.0000000002 82083.500000000015 185041.50000000003 9.5000000000000018 65.000000000000014 0.0088053097345132756 0.0092519101300880761 0.056677163293293815 1.000364323403246 2.9822477388956332e-05 3.3549682405304946e-05 0.0001448077233852178 0.0016755108030744148 0.0040190174313929619 3653915.0000000005 1.0000000180025095e-35 0.14428571428571432 0.23962683332253795 0.034843285551850255 1.1155233287074594e-06
decision_type=2 2 2 2 2 2 2 2 2 2 2 2 2 2 2 2 2 2 2 2 2 2 2 2 2
left_child=1 2 3 4 5 6 8 -8 9 22 20 13 -13 15 -15 24 -17 19 -19 -18 -9 -14 -1 -10 -7
right_child=-2 -3 -4 -5 -6 11 7 10 23 -11 -12 12 21 14 -16 16 17 18 -20 -21 -22 -23 -24 -25 -26
leaf_value=-2.384731181415134e-07 6.5574755114816696e-07 -0.0058126059166077942 0.0029898399720568848 2.7701699920612555e-05 -0.00012471678104049034 9.3516991782394147e-06 -0.0028179484421940516 0.00074349137044436029 0.0022449005593287554 2.6593255268991812e-07 -0.00088297491227784519 0.003096420471710104 -0.0082382988553753485 -0.00018669250397493898 0.018099158294870677 -0.0031303410753864115 0.00030122164350245841 -9.4697568449220182e-05 0.00022689744794845979 -0.00040192300199350941 -0.00071020158628272163 0.0062479107277503944 -0.00059713655784587871 0.021423535243884829 0.0043019799067153036
leaf_weight=39 23 39 22 21 20 21 26 27 21 39 28 37 25 24 21 21 21 26 21 28 38 20 37 27 24
leaf_count=39 23 39 22 21 20 21 26 27 21 39 28 37 25 24 21 21 21 26 21 28 38 20 37 27 24
internal_value=0 3.29088e-05 0.000157106 3.94514e-05 -3.7642e-07 5.52729e-05 -0.000128489 -0.000434806 9.5142e-05 -0.000226562 -0.000126049 0.000234584 0.000568116 0.00010246 0.000694431 -6.19766e-05 -0.000284271 -0.000131633 -0.000571617 0.000290392 0.000122034 -1.82451e-05 -0.000515493 0.00086589 0.000515989
internal_weight=0 673 634 612 591 571 282 119 163 115 93 289 82 207 45 162 117 96 47 49 65 45 76 48 45
internal_count=696 673 634 612 591 571 282 119 163 115 93 289 82 207 45 162 117 96 47 49 65 45 76 48 45
is_linear=0
shrinkage=0.1


Tree=146
num_leaves=26
num_cat=0
split_feature=26 48 49 3 3 25 27 3 3 5 3 5 10 5 3 3 3 1 70 1 3 1 3 3 3
split_gain=0.0321934 0.0163897 0.0170741 0.00276649 0.00517733 0.00287006 0.00600602 0.00221523 0.00139536 0.00204817 0.00158366 0.00151271 0.00143563 0.000905562 0.00371194 0.00311431 0.0025452 0.0017635 0.00206075 0.0015365 0.00151936 0.00160892 0.000795533 0.000289005 8.56995e-05
threshold=0.25712083558513515 0.492157898488434 18070405.500000004 58.131858407079655 5.2761799410029502 1.0000000180025095e-35 0.081513065791505149 0.62814794182717437 0.081761719037339628 1.0000000180025095e-35 0.0092519101300880761 1.0000000180025095e-35 1.0000000180025095e-35 1.0000000180025095e-35 0.0037621899321882229 0.00078629042081069329 0.00022026033908338413 185041.50000000003 65.000000000000014 2568720.5000000005 0.001109964885657279 2786396.5000000005 0.0079156247436141334 1.0929061987618111e-05 0.028692104949705137
decision_type=2 2 2 2 2 2 2 2 2 2 2 2 2 2 2 2 2 2 2 2 2 2 2 2 2
left_child=1 2 3 4 5 7 -7 8 10 -10 12 -12 13 17 15 16 19 18 -1 -15 21 -19 -8 -21 -13
right_child=-2 -3 -4 -5 -6 6 22 -9 9 -11 11 24 -14 14 -16 -17 -18 20 -20 23 -22 -23 -24 -25 -26
leaf_value=-0.0007438216583071978 5.9017279603335031e-07 -0.0052313453249470234 0.0060654262665520882 2.4931529928551299e-05 -0.00011224510293672552 -0.0080036923136283643 -0.0045311637627271752 0.014848502100718974 0.0053927142179489356 -0.00053742290206137966 0.00049953470798413946 0.0020995654716575276 8.4165292605575811e-06 0.00078247224322893774 -0.00063918142765473362 0.00017249832088275243 -0.00036173070179419399 0.00027109947915207047 2.3933929744757164e-07 0.00010244591364454436 0.00041356846273146177 -0.00082916164190791628 0.0009610769706739575 -0.0014606658210375657 0.0024611099997635224
leaf_weight=39 23 39 20 21 20 20 24 31 22 39 39 24 29 21 20 29 30 20 39 24 31 21 25 25 21
leaf_count=39 23 39 20 21 20 20 24 31 22 39 39 24 29 21 20 29 30 20 39 24 31 21 25 25 21
internal_value=0 3.6131e-06 0.000126009 3.23483e-05 -7.5967e-06 4.76064e-05 -0.000557259 0.000130415 7.67438e-05 -0.000369628 0.000142833 0.000530251 4.36159e-05 -2.15391e-05 -0.000196152 3.77492e-07 -0.000264219 0.00015191 -0.000177519 6.60529e-05 0.00050879 0.000109348 3.87953e-05 -0.000240658 0.000925313
internal_weight=0 673 634 614 593 573 69 504 473 61 412 84 328 299 149 129 100 150 78 70 72 41 49 49 45
internal_count=696 673 634 614 593 573 69 504 473 61 412 84 328 299 149 129 100 150 78 70 72 41 49 49 45
is_linear=0
shrinkage=0.1


Tree=147
num_leaves=26
num_cat=0
split_feature=26 48 49 3 3 3 1 1 1 27 1 1 3 3 3 1 3 3 70 3 70 3 3 5 1
split_gain=0.0317142 0.0168613 0.0167177 0.00261578 0.00539068 0.00120258 0.00244485 0.00318683 0.00536905 0.00223545 0.00211551 0.00165017 0.00198289 0.00264912 0.00238551 0.00159161 0.00145238 0.00179723 0.0014331 0.00142238 0.0010734 0.0010683 0.00193943 0.00148504 0.000396584
threshold=0.25712083558513515 0.492157898488434 18070405.500000004 58.131858407079655 5.2761799410029502 4.3976765741445264e-07 9.5000000000000018 82083.500000000015 185041.50000000003 0.034644213365461154 185041.50000000003 4345710.5000000009 0.0092519101300880761 0.028692104949705137 0.0037621899321882229 1954173.5000000002 0.001109964885657279 0.00011148073849118199 48.000000000000007 0.1406638946985794 81.000000000000014 7.720621071714567e-05 0.00054673754504555594 1.0000000180025095e-35 2568720.5000000005
decision_type=2 2 2 2 2 2 2 2 2 2 2 2 2 2 2 2 2 2 2 2 2 2 2 2 2
left_child=1 2 3 4 5 9 -7 19 -9 10 18 12 14 -14 21 -15 17 -13 -1 -8 -20 24 -23 -24 -10
right_child=-2 -3 -4 -5 -6 6 7 8 11 -11 -12 16 13 15 -16 -17 -18 -19 20 -21 -22 22 23 -25 -26
leaf_value=-6.9183541977935192e-05 5.311555164366766e-07 -0.0047082107924523164 0.0054588836398968615 2.2438376935696171e-05 -0.00010102059264340824 -0.00048368061185524172 0.0018104539562301626 -0.0011603627892919023 0.00070422501890590186 -0.0053172221935277268 2.9327103015219794e-05 -0.0043761964907673701 0.0023001835781293781 -0.0042388124478875966 -4.8929043465761879e-05 0.0050838482331805324 0.00015524848879451271 -0.00096975454004635255 2.1540536767616914e-07 0.017796331509424591 0.048742337562425499 0.00028470352435654432 -3.4294934078360484e-05 0.00015158656728075925 -0.00040516549123879034
leaf_weight=25 23 39 20 21 20 39 26 23 21 25 36 28 20 39 29 30 36 20 24 20 36 31 21 22 22
leaf_count=25 23 39 20 21 20 39 26 23 21 25 36 28 20 39 29 30 36 20 24 20 36 31 21 22 22
internal_value=0 3.20361e-05 0.00015618 6.35025e-05 2.46607e-05 8.09897e-05 -3.7216e-06 7.21412e-05 -3.29653e-05 0.000328741 0.000506603 7.34256e-05 0.000209405 0.000581451 -1.73897e-05 0.000287723 -0.000306994 -0.000667101 0.000234486 0.000853585 0.000499533 0.000183853 0.000414195 -2.04829e-05 -0.000212549
internal_weight=0 673 634 614 593 573 427 388 342 146 121 319 235 89 146 69 84 48 85 46 60 117 74 43 43
internal_count=696 673 634 614 593 573 427 388 342 146 121 319 235 89 146 69 84 48 85 46 60 117 74 43 43
is_linear=0
shrinkage=0.1


Tree=148
num_leaves=26
num_cat=0
split_feature=26 48 49 3 3 3 1 3 3 1 27 3 3 1 70 1 1 5 1 70 3 1 3 1 1
split_gain=0.0319592 0.0166189 0.012396 0.00266663 0.00531793 0.00131603 0.00234612 0.003356 0.00298596 0.0024199 0.00223545 0.00213088 0.00570483 0.00211551 0.0014331 0.00140691 0.00121145 0.00133627 0.00127641 0.0010734 0.00101714 0.000559099 0.000688618 0.000424186 0.000261011
threshold=0.25712083558513515 0.492157898488434 17364147.000000004 58.131858407079655 5.2761799410029502 4.3976765741445264e-07 9.5000000000000018 0.005910943845482703 0.019980800106089044 4345710.5000000009 0.034644213365461154 0.35754236806108769 0.1406638946985794 185041.50000000003 48.000000000000007 1954173.5000000002 298234.50000000006 1.000364323403246 9679825.0000000019 81.000000000000014 0.0020685921948375399 2786396.5000000005 0.00031998073208521285 15055.000000000002 25540032.000000004
decision_type=2 2 2 2 2 2 2 2 2 2 2 2 2 2 2 2 2 2 2 2 2 2 2 2 2
left_child=1 2 3 4 5 10 -7 16 -9 11 13 12 15 14 -1 23 -8 18 20 -16 21 22 -18 -10 -20
right_child=-2 -3 -4 -5 -6 6 7 8 9 -11 -12 -13 -14 -15 19 -17 17 -19 24 -21 -22 -23 -24 -25 -26
leaf_value=-6.226518778049695e-05 4.7803996479078852e-07 -0.0042373897132070848 0.001538424984206266 2.019453924191339e-05 -9.0918533378925309e-05 -0.00043531255066966425 -0.002383944248865788 0.0020891717050314897 0.0016294085606070041 -0.0078698740895946535 -0.0047854999741749893 -0.0010443265103626588 0.01395319858376496 2.6394392713768868e-05 1.9386483094407938e-07 0.0020208234056624977 0.0013602705765123346 0.0018890594884084068 -0.00062726688395038372 0.043868103806183001 -1.6416764491822278e-05 -9.2022929695900757e-05 -7.1995000013203027e-06 -0.006936845434842809 -0.0070046119268226906
leaf_weight=25 23 39 24 21 20 39 31 33 23 23 25 31 26 36 24 21 23 28 21 36 27 30 22 20 25
leaf_count=25 23 39 24 21 20 39 31 33 23 23 25 31 26 36 24 21 23 28 21 36 27 30 22 20 25
internal_value=0 1.7482e-05 0.000140731 5.3023e-05 1.35438e-05 6.9878e-05 -1.94696e-05 5.5584e-05 0.000375285 0.000178663 0.000328741 0.00035739 0.000603679 0.000506603 0.000234486 9.62251e-05 -0.000217783 -0.000116254 -0.000236104 0.000499533 -3.88875e-05 0.000150583 0.000373513 -0.000231431 -0.00067341
internal_weight=0 673 634 610 589 569 423 384 177 144 146 121 90 121 85 64 207 176 148 60 102 75 45 43 46
internal_count=696 673 634 610 589 569 423 384 177 144 146 121 90 121 85 64 207 176 148 60 102 75 45 43 46
is_linear=0
shrinkage=0.1


Tree=149
num_leaves=26
num_cat=0
split_feature=26 48 49 3 3 49 70 1 1 1 3 3 3 26 3 3 5 1 70 3 3 3 3 3 3
split_gain=0.0329005 0.0188704 0.0201899 0.00244838 0.00563838 0.00119966 0.00112495 0.00206184 0.00412732 0.00825094 0.00167467 0.00326711 0.00226512 0.00333376 0.00171996 0.00192942 0.00133227 0.00388602 0.0010734 0.000934627 0.000829627 0.00125962 0.000820682 0.000601837 2.39495e-05
threshold=0.25712083558513515 0.34790429800275396 45742290.000000007 58.131858407079655 5.2761799410029502 17364147.000000004 48.000000000000007 9.5000000000000018 82083.500000000015 185041.50000000003 0.35754236806108769 0.0092519101300880761 4.3976765741445264e-07 0.033904386879576441 0.028692104949705137 0.076894640315072912 1.2395730541707721 1954173.5000000002 81.000000000000014 0.034843285551850255 0.0016755108030744148 0.00019575000739218483 3.3549682405304946e-05 0.0004878164613535642 0.0033147786100265644
decision_type=2 2 2 2 2 2 2 2 2 2 2 2 2 2 2 2 2 2 2 2 2 2 2 2 2
left_child=1 3 -3 4 5 6 7 -1 19 -10 11 12 13 -11 -13 -16 17 -14 -8 -9 21 22 -19 -23 -22
right_child=-2 2 -4 -5 -6 -7 18 8 9 10 -12 14 16 -15 15 -17 -18 20 -20 -21 24 23 -24 -25 -26
leaf_value=-0.00039178129560273338 4.30235968318371e-07 -0.0038136507418863987 0.0035024742924059994 1.8175085318006269e-05 -8.1826680040819621e-05 0.001384582485785657 1.7447834785855323e-07 0.0014664677045463038 -0.002145549823978854 2.3754953442534088e-05 -0.043156655558110303 0.0018612480498134687 0.00037874619725357665 -0.0030677751696838841 -0.0031212466596144853 0.0034658666544988394 0.002898925663635055 -8.2820636725955418e-05 0.039481293425564702 0.022581861001827977 -3.0145490670463462e-05 0.001702385962838804 -0.0030508664753050143 -0.0001658554892150832 -4.2394462670358739e-05
leaf_weight=55 23 22 20 21 20 22 24 21 26 36 22 28 34 24 34 29 23 37 36 28 20 21 26 24 20
leaf_count=55 23 22 20 21 20 22 24 21 26 36 22 28 34 24 34 29 23 37 36 28 20 21 26 24 20
internal_value=0 -3.79399e-05 -0.00209039 9.86733e-05 6.21248e-05 0.000118101 9.00373e-05 4.16717e-05 0.00011187 6.74864e-06 0.000125271 0.000177596 7.29848e-08 0.000540484 0.000694558 0.000404726 -0.000158096 -0.000248721 0.000499533 0.000978588 -0.000470196 -0.000326108 -0.00061474 7.79768e-05 -0.000859235
internal_weight=0 673 42 631 610 590 568 508 453 404 378 356 265 60 91 63 205 182 60 49 148 108 63 45 40
internal_count=696 673 42 631 610 590 568 508 453 404 378 356 265 60 91 63 205 182 60 49 148 108 63 45 40
is_linear=0
shrinkage=0.1


Tree=150
num_leaves=26
num_cat=0
split_feature=26 48 49 3 3 49 25 3 68 1 3 25 5 1 3 1 3 3 3 1 3 3 1 3 70
split_gain=0.0335394 0.0181931 0.0201899 0.00263465 0.00536181 0.00165157 0.00148638 0.00173679 0.00189538 0.00171501 0.00219277 0.00168581 0.00129743 0.0017917 0.00117971 0.00211378 0.00209774 0.000948408 0.000870195 0.000720479 0.000608183 0.00109572 0.000639996 0.000463318 0.00011891
threshold=0.25712083558513515 0.34790429800275396 45742290.000000007 58.131858407079655 5.2761799410029502 10212435.000000002 1.0000000180025095e-35 4.3976765741445264e-07 1.0000000180025095e-35 9.5000000000000018 0.024358926698213167 1.5000000000000002 1.2395730541707721 1954173.5000000002 0.0016755108030744148 2568720.5000000005 0.0001448077233852178 3.3549682405304946e-05 0.0018169069085899926 3653915.0000000005 0.37446233356170505 0.081761719037339628 82083.500000000015 0.041415671143085135 65.000000000000014
decision_type=2 2 2 2 2 2 2 2 2 2 2 2 2 2 2 2 2 2 2 2 2 2 2 2 2
left_child=1 3 -3 4 5 6 7 8 -1 -9 12 -8 13 18 16 -16 17 -15 -11 -18 21 22 -12 -24 -10
right_child=-2 2 -4 -5 -6 -7 11 9 24 10 20 -13 -14 14 15 -17 19 -19 -20 -21 -22 -23 23 -25 -26
leaf_value=0.00024294030052658401 3.8721237147765211e-07 -0.0034322856676977766 0.003152226863165364 1.6357576786418804e-05 -7.3644012037021866e-05 -0.00014926994029362817 -0.011441964450014198 -0.00016082556017522621 7.4109165169744531e-05 0.00059406021080974378 0.0013989759023534277 0.00013411959264182373 0.0016941297295471004 -7.4538573053217763e-05 -2.7130941603559222e-05 -0.00016486122346073275 0.00023282467772318683 -0.0027457798277744417 -0.0010486565677680915 0.00085677038151885663 0.018450780006537926 -0.0065897475568085897 0.0021423249266398158 0.00059776572899679088 1.5703051303717075e-07
leaf_weight=38 23 22 20 21 20 26 35 22 32 30 20 33 26 36 26 25 20 23 21 27 31 37 20 23 39
leaf_count=38 23 22 20 21 20 26 35 22 32 30 20 33 26 36 26 25 20 23 21 27 31 37 20 23 39
internal_value=0 -7.51092e-05 -0.00209039 5.903e-05 2.11167e-05 7.57025e-05 0.000111625 0.000171734 0.000524328 7.24248e-05 0.000124107 -0.000326816 -5.92837e-05 -0.000142535 -0.000309812 -0.000705002 -0.000119673 -0.000516724 0.000372416 0.000378752 0.000451691 0.000331724 0.0005854 0.000368031 0.000219259
internal_weight=0 673 42 631 610 590 564 496 109 387 365 68 234 208 157 51 106 59 51 47 131 100 63 43 71
internal_count=696 673 42 631 610 590 564 496 109 387 365 68 234 208 157 51 106 59 51 47 131 100 63 43 71
is_linear=0
shrinkage=0.1


Tree=151
num_leaves=25
num_cat=0
split_feature=26 47 50 3 3 1 3 1 3 26 10 1 1 3 3 1 1 70 1 1 70 3 3 27
split_gain=0.0332129 0.00996949 0.0250607 0.00283047 0.00509035 0.00169588 0.00445083 0.0040605 0.00249722 0.00259686 0.00385622 0.001383 0.00201394 0.00293184 0.00411711 0.00118722 0.00417422 0.00378686 0.00180974 0.00116793 0.0010734 0.000488074 0.000421135 0.000213871
threshold=0.25712083558513515 6.5000000000000009 0.0062032682852138773 58.131858407079655 5.2761799410029502 1954173.5000000002 7.2349947797740243e-05 9679825.0000000019 0.74697070600901305 0.010690706220630253 1.0000000180025095e-35 25540032.000000004 4345710.5000000009 0.024358926698213167 0.0037621899321882229 65.500000000000014 15055.000000000002 48.000000000000007 298234.50000000006 2786396.5000000005 81.000000000000014 0.00054673754504555594 0.0045212136014953193 3.3750000000000004
decision_type=2 2 2 2 2 2 2 2 2 2 2 2 2 2 2 2 2 2 2 2 2 2 2 2
left_child=1 2 3 4 5 8 7 19 9 10 15 12 13 14 21 17 -17 -1 22 -7 -19 -8 -18 -11
right_child=-2 -3 -4 -5 -6 6 11 -9 -10 23 -12 -13 -14 -15 -16 16 18 20 -20 -21 -22 -23 -24 -25
leaf_value=-0.0003365206100248486 3.4849113432766644e-07 0.0012610512312363654 -0.0030890571009280169 1.4721819107421652e-05 -6.6279610832964417e-05 -0.0057758753012635113 0.00061118403224966764 0.0026229605932204694 -0.037696793557297784 -0.0040135844190533733 0.00013422228334292186 0.0026045484807916356 -0.0011194924275077511 0.0034925316417172784 -0.00017276600195117455 0.0019512551309656347 0.00011794135097105142 1.4132746173345367e-07 0.00053465418972891148 -2.4666798634598311e-05 0.035533148379956893 0.00012742046169904599 -0.0051367812078986219 -0.0097857792053714487
leaf_weight=37 23 28 38 21 20 29 21 31 20 25 23 24 32 32 29 25 26 24 39 26 36 36 31 20
leaf_count=37 23 28 38 21 20 29 21 31 20 25 23 24 32 32 29 25 26 24 39 26 36 36 31 20
internal_value=0 -5.61561e-05 -0.000136348 1.96127e-05 -2.12659e-05 3.41369e-05 -0.000153649 -0.000742166 0.000193694 0.000269238 0.000399446 0.000137227 2.44565e-05 0.000215271 -8.87856e-05 0.000269517 0.000478461 8.87456e-06 0.000178731 -0.00125804 0.000499533 0.000404739 -0.000180412 -0.000428101
internal_weight=0 673 645 607 586 566 260 86 306 286 241 174 150 118 86 218 121 97 96 55 60 57 57 45
internal_count=696 673 645 607 586 566 260 86 306 286 241 174 150 118 86 218 121 97 96 55 60 57 57 45
is_linear=0
shrinkage=0.1


Tree=152
num_leaves=28
num_cat=0
split_feature=26 47 48 5 5 3 3 47 3 25 1 1 3 70 3 3 5 1 1 3 27 70 27 3 3 3 3
split_gain=0.0302716 0.00816928 0.0148734 0.00275086 0.00250474 0.00225789 0.00211165 0.00182612 0.00439389 0.00164182 0.00237996 0.00323594 0.00330313 0.00231379 0.00186124 0.00160634 0.00163569 0.00294616 0.00168913 0.00176826 0.00154771 0.0010734 0.000714311 0.000477055 0.000275736 4.16903e-05 1.2011e-05
threshold=0.25712083558513515 6.5000000000000009 0.34790429800275396 1.0018305533243181 1.3304729663362136 2.2203528624825863 20.050126422250319 1.0000000180025095e-35 0.35754236806108769 1.0000000180025095e-35 298234.50000000006 65.500000000000014 0.0018169069085899926 48.000000000000007 0.030939708342648631 0.076894640315072912 1.0000000180025095e-35 3052001.5000000005 2568720.5000000005 0.019980800106089044 20.083082595870209 81.000000000000014 0.13821027502478758 1.7386391400702291e-05 0.0031557636082888509 0.0016755108030744148 0.00073178285835878481
decision_type=2 2 2 2 2 2 2 2 2 2 2 2 2 2 2 2 2 2 2 2 2 2 2 2 2 2 2
left_child=1 2 3 5 -5 7 -7 8 9 10 11 13 -13 -1 -14 16 18 24 25 26 22 -15 -11 -19 -18 -12 -20
right_child=-2 -3 -4 4 -6 6 -8 -9 -10 20 15 12 14 21 -16 -17 17 23 19 -21 -22 -23 -24 -25 -26 -27 -28
leaf_value=-0.00030286854902232823 3.1364202088823847e-07 0.0011349461081127999 -0.002780151390835206 -8.2258984273764216e-05 0.00019550828158401148 0.0036604041104837393 1.3249637196821596e-05 0.0018534090746634036 -0.041393959082594023 -2.9090022202638011e-05 -9.7720374333221124e-05 0.015966279530198337 -0.0023904966519523898 1.2719471556010831e-07 0.13922594505269076 0.0029128730405190597 0.00017635332927810055 -2.220011877085426e-05 0.00079610490885926319 -0.0097881957469464712 0.0031188210849579789 0.03197983354196126 -0.0088072012848343217 7.0922390079886105e-06 9.4540525793718202e-06 -0.00015548940175591497 0.005262022596318517
leaf_weight=30 23 28 24 21 29 20 31 20 33 21 20 25 27 24 24 20 26 26 22 23 20 36 22 39 20 22 20
leaf_count=30 23 28 24 21 29 20 31 20 33 21 20 25 27 24 24 20 26 26 22 23 20 36 22 39 20 22 20
internal_value=0 0.000118923 4.63319e-05 0.000140735 -0.000570514 0.000203016 0.000837981 0.00014074 0.000103261 0.000182063 0.000256106 0.000546728 0.00102719 0.000141003 0.000565618 5.34032e-05 -2.52865e-05 0.000243652 -0.000304278 1.51021e-05 -0.000292752 0.000499533 -0.000630782 -0.000189748 0.000856064 -0.000798557 0.000401074
internal_weight=0 673 645 621 50 571 51 520 500 467 404 166 76 90 51 238 218 111 107 65 63 60 43 65 46 42 42
internal_count=696 673 645 621 50 571 51 520 500 467 404 166 76 90 51 238 218 111 107 65 63 60 43 65 46 42 42
is_linear=0
shrinkage=0.1


Tree=153
num_leaves=25
num_cat=0
split_feature=26 47 50 3 3 1 1 1 1 3 3 3 5 1 70 70 3 3 3 3 3 3 5 3
split_gain=0.0326713 0.00963095 0.0175577 0.00279293 0.00514153 0.00203086 0.00497989 0.00202556 0.00195242 0.00533027 0.0033499 0.00256156 0.00223897 0.0021646 0.00182259 0.0010734 0.00107156 0.000726603 0.000657515 0.000533828 0.00213469 0.00123422 0.00118908 0.000535187
threshold=0.25712083558513515 6.5000000000000009 0.0062032682852138773 58.131858407079655 5.2761799410029502 15055.000000000002 185041.50000000003 9.5000000000000018 1140689.0000000002 0.00016312860121693844 0.14757312786601431 0.0022862650450823103 1.0000000180025095e-35 2568720.5000000005 48.000000000000007 81.000000000000014 0.034843285551850255 0.028990083005030132 0.0070451839402471796 0.0004878164613535642 0.0001448077233852178 3.3549682405304946e-05 1.0202733109647493 1.1155233287074594e-06
decision_type=2 2 2 2 2 2 2 2 2 2 2 2 2 2 2 2 2 2 2 2 2 2 2 2
left_child=1 2 3 4 5 7 -7 14 9 -8 -11 19 13 -13 -1 -16 -9 -15 -14 20 21 22 23 -10
right_child=-2 -3 -4 -5 -6 6 8 16 11 10 -12 12 18 17 15 -17 -18 -19 -20 -21 -22 -23 -24 -25
leaf_value=-0.00027258169412007759 2.8227781880829642e-07 0.0010214514973014843 -0.0025021362517517079 1.1924673476926274e-05 -0.00042569206079789979 -0.0035988229507786687 0.007065399668913664 0.0012238474959548997 -1.9980106893768836e-05 -0.0098240035033576589 -0.00022023508179458418 -0.00013994046158032349 0.00011341985113162424 0.0020479501779735901 1.1447524403962462e-07 0.028781850187765204 0.015421505853363016 0.00097788057568841684 0.0015778938645460983 -2.1610953437800619e-05 0.0014301111626295439 -0.0018838422774372532 -0.00031293604986259993 0.0039430090322838396
leaf_weight=55 23 28 38 21 20 27 41 20 25 31 20 22 20 22 24 36 26 36 27 35 27 26 20 26
leaf_count=55 23 28 38 21 20 27 41 20 25 31 20 22 20 22 24 36 26 36 27 35 27 26 20 26
internal_value=0 -2.45209e-05 -0.000103339 2.72032e-05 -1.34034e-05 4.22772e-05 -7.71538e-05 0.000342709 1.65632e-05 -0.000384146 -0.00106662 0.000145463 0.000480324 0.000158495 0.000118378 0.000499533 0.000903537 0.000478856 0.00102812 -0.000122006 -2.46579e-05 -0.000243561 -2.77029e-05 0.000228572
internal_weight=0 673 645 607 586 566 405 161 378 92 51 286 127 80 115 60 46 58 47 159 124 97 71 51
internal_count=696 673 645 607 586 566 405 161 378 92 51 286 127 80 115 60 46 58 47 159 124 97 71 51
is_linear=0
shrinkage=0.1


Tree=154
num_leaves=25
num_cat=0
split_feature=26 48 48 1 3 3 1 1 3 26 1 70 3 5 3 1 3 70 1 1 3 3 25 3
split_gain=0.0327922 0.0158146 0.015186 0.00297363 0.00434164 0.00328547 0.00280422 0.00704662 0.00172586 0.00188277 0.00170338 0.00116995 0.00110916 0.00161581 0.0016646 0.00174168 0.00119462 0.0010734 0.000823414 0.00227903 0.00118043 0.000813716 0.000517226 0.000151736
threshold=0.25712083558513515 0.492157898488434 0.020433060437035664 15.000000000000002 0.9842112643210662 2.2203528624825863 15055.000000000002 185041.50000000003 0.0040190174313929619 6.5332049560113734e-05 3052001.5000000005 48.000000000000007 8.4285383418580678e-07 1.000364323403246 0.0016755108030744148 2786396.5000000005 3.9062135041376959e-05 81.000000000000014 298234.50000000006 1954173.5000000002 0.024358926698213167 0.00022573608937005398 1.0000000180025095e-35 0.0003056025173114538
decision_type=2 2 2 2 2 2 2 2 2 2 2 2 2 2 2 2 2 2 2 2 2 2 2 2
left_child=1 2 3 5 6 11 -5 -8 9 12 18 22 -9 14 15 21 -17 -13 -10 -20 -21 -14 -1 -18
right_child=-2 -3 -4 4 -6 -7 7 8 10 -11 -12 17 13 -15 -16 16 23 -19 19 20 -22 -23 -24 -25
leaf_value=-0.00024532352470814091 2.54050036918585e-07 -0.0022519226265765194 0.00091930634757133591 0.0012069391257540476 -0.022241508294105473 1.073220612894943e-05 -0.0040241711268350858 0.00016071600703924105 -0.0088416031530215381 -0.00073272098687375835 0.00275420311592427 1.0302771960013502e-07 0.0044074889923791721 0.00073201195856711367 -1.9449858093878447e-05 -0.0044118836321707993 -0.00085222692740423163 0.025903665168988611 0.0016567261820839008 -0.00012594641542236219 0.0018431551601761243 -1.3985382244641188e-05 0.0028341971458740291 0.00051209036673078862
leaf_weight=42 23 39 22 30 38 23 28 34 26 31 36 24 21 31 30 24 23 36 25 24 20 24 20 22
leaf_count=42 23 39 22 30 38 23 28 34 26 31 36 24 21 31 30 24 23 36 25 24 20 24 20 22
internal_value=0 -3.16031e-05 8.8626e-05 -4.16656e-06 -0.000126993 0.000391421 -3.62466e-05 -0.000106352 9.09856e-06 -0.000150249 0.000301033 0.000184741 -4.23792e-05 -0.000143921 -0.000284907 -0.000110493 -0.000426149 0.000499533 7.90553e-05 0.000259777 -0.000173429 0.000373513 -0.000119897 -0.000122277
internal_weight=0 673 634 612 467 145 429 399 371 240 131 122 209 175 144 114 69 60 95 69 44 45 62 45
internal_count=696 673 634 612 467 145 429 399 371 240 131 122 209 175 144 114 69 60 95 69 44 45 62 45
is_linear=0
shrinkage=0.1


Tree=155
num_leaves=27
num_cat=0
split_feature=26 49 48 46 3 3 5 1 3 1 1 3 5 1 1 1 1 26 3 3 1 70 70 3 3 3
split_gain=0.0314227 0.0114778 0.0639798 0.0277939 0.00751136 0.00437485 0.00339148 0.00765278 0.0403209 0.00229676 0.00887751 0.00386133 0.00386505 0.00218343 0.00245299 0.00194978 0.00262999 0.00208801 0.00160243 0.00140835 0.00115783 0.000745163 0.000329754 0.000284631 0.000156744 0.0001549
threshold=0.25712083558513515 1386510.5000000002 5.9087389133189241 0.00026343266350014108 2.2203528624825863 20.050126422250319 1.0000000180025095e-35 185041.50000000003 0.026314090162737221 3653915.0000000005 9679825.0000000019 8.7676513929248945e-06 1.2395730541707721 82083.500000000015 3052001.5000000005 1954173.5000000002 2568720.5000000005 0.0088053097345132756 0.0088931871709935807 0.0011904582913864466 9.5000000000000018 81.000000000000014 48.000000000000007 2.325408064395916e-05 0.00078629042081069329 0.002708721888128241
decision_type=2 2 2 2 2 2 2 2 2 2 2 2 2 2 2 2 2 2 2 2 2 2 2 2 2 2
left_child=1 4 3 -3 6 -6 13 8 -8 11 -11 -9 18 21 15 17 -17 25 24 -16 -10 22 -1 -12 -13 -15
right_child=-2 2 -4 -5 5 -7 7 9 20 10 23 12 -14 14 19 16 -18 -19 -20 -21 -22 -23 -24 -25 -26 -27
leaf_value=0.010915552769855808 2.2864503321784471e-07 0.0037288516234543325 0.023855442821816911 -0.0069722366985425673 0.0019068106912904172 9.658985516125541e-06 -0.014111094137498198 0.0031149784832955165 -0.00022079117223725576 -0.00018459493733828937 -0.0034355683154867478 -0.0014259489249624836 0.0015694064632945982 0.001481083047077192 -9.7341066781098109e-05 -0.00011335177388005491 -0.0038454999411392521 -0.00065944888818627592 0.00068594874168681486 0.0032606490209943217 0.00098076883378404043 0.023313298652089823 9.2724947631239734e-08 0.0022943364674823385 -8.8835198255310397e-07 0.00025614218345708649
leaf_weight=20 23 28 21 25 20 31 20 21 38 23 20 20 23 20 21 26 29 28 32 36 38 36 24 29 22 22
leaf_count=20 23 28 21 25 20 31 20 21 38 23 20 20 23 20 21 26 29 28 32 36 38 36 24 29 22 22
internal_value=0 4.94322e-05 0.00122438 -0.000626494 -9.57202e-05 0.00106506 -0.000203749 -0.000441856 -0.00116958 -7.41632e-05 -0.000519261 0.000197422 -6.87432e-05 5.6169e-05 -0.000135225 -0.000383135 -0.000828695 -3.30529e-05 -0.00042066 0.000408438 -0.000118255 0.00049159 0.000767652 0.000241495 -0.000826845 0.000412882
internal_weight=0 673 74 53 599 51 548 286 96 190 72 118 97 262 182 125 55 70 74 57 76 80 44 49 42 42
internal_count=696 673 74 53 599 51 548 286 96 190 72 118 97 262 182 125 55 70 74 57 76 80 44 49 42 42
is_linear=0
shrinkage=0.1


Tree=156
num_leaves=24
num_cat=0
split_feature=26 48 48 3 3 25 26 3 3 68 5 3 1 3 1 1 3 3 1 1 3 1 70
split_gain=0.0312815 0.0172959 0.016901 0.00555462 0.00437485 0.00412066 0.00647331 0.00292913 0.00188595 0.00180505 0.00121053 0.00130064 0.00153845 0.00141002 0.00333947 0.00227316 0.00106401 0.00149746 0.00140991 0.00179715 0.000548483 0.000191284 0.00011891
threshold=0.25712083558513515 0.492157898488434 0.0008241797418892927 2.2203528624825863 20.050126422250319 1.0000000180025095e-35 0.033904386879576441 8.4285383418580678e-07 0.35754236806108769 1.0000000180025095e-35 1.2395730541707721 0.1406638946985794 15055.000000000002 0.00011148073849118199 25540032.000000004 3653915.0000000005 0.056677163293293815 0.00041137884763863978 2568720.5000000005 1954173.5000000002 0.054761930855351797 3653915.0000000005 65.000000000000014
decision_type=2 2 2 2 2 2 2 2 2 2 2 2 2 2 2 2 2 2 2 2 2 2 2
left_child=1 2 3 5 -5 7 -7 9 10 -1 11 12 -9 15 16 -14 17 -15 19 -19 -8 -20 -11
right_child=-2 -3 -4 4 -6 6 20 8 -10 22 -12 -13 13 14 -16 -17 -18 18 21 -21 -22 -23 -24
leaf_value=0.00069758092350014067 2.0578052990494202e-07 -0.0044122746461005228 0.001118168401530184 0.0017161296221615886 8.6930869642287696e-06 -0.0082676367019002949 -0.0029374651472394934 0.00096184691866731955 -0.03375593979541236 6.6640373643878098e-05 0.0014124658169649253 0.0004180638569355466 0.0036552422448117741 -0.00099643788141214897 0.0020649028207341048 -8.7606960102704087e-05 -0.018153082174694645 0.00022504326498662408 0.001494150943034356 -6.1696948961298405e-06 0.0025728565485103163 0.016988865968004776 8.3452452859233977e-08
leaf_weight=41 23 39 31 20 31 23 24 21 34 32 28 35 30 30 21 35 25 38 20 36 20 20 39
leaf_count=41 23 39 31 20 31 23 24 21 34 32 28 35 30 30 21 35 25 38 20 36 20 20 39
internal_value=0 5.78841e-05 0.000183618 6.65512e-05 0.00106506 -2.57026e-05 -0.000760804 7.58475e-05 -5.88169e-05 0.000524328 1.23946e-05 -4.43058e-05 -0.00011713 -0.000184883 -0.000322421 0.000217151 -0.000470205 -0.000365656 -0.00020023 -0.000458788 -5.01417e-05 0.000278102 0.000219259
internal_weight=0 673 634 603 51 552 67 485 373 112 339 311 276 255 190 65 169 144 114 74 44 40 71
internal_count=696 673 634 603 51 552 67 485 373 112 339 311 276 255 190 65 169 144 114 74 44 40 71
is_linear=0
shrinkage=0.1


Tree=157
num_leaves=27
num_cat=0
split_feature=26 49 48 48 3 3 3 1 3 26 10 5 3 3 3 3 3 3 3 1 3 3 70 70 3 27
split_gain=0.0305108 0.0182744 0.0344967 0.00503788 0.005408 0.00437485 0.00360494 0.0033379 0.00342587 0.00286858 0.00689289 0.0023507 0.00329189 0.00284112 0.00138116 0.00218032 0.000949439 0.000633292 0.00157901 0.00517855 0.00151057 0.00150932 0.000470737 0.00068828 0.000351486 0.000213871
threshold=0.25712083558513515 45742290.000000007 0.492157898488434 0.0008241797418892927 2.2203528624825863 20.050126422250319 0.35754236806108769 1954173.5000000002 3.0167898363362526e-06 0.010690706220630253 1.0000000180025095e-35 1.2395730541707721 0.024358926698213167 0.0016755108030744148 0.00019575000739218483 3.3549682405304946e-05 0.0045212136014953193 0.019307541272722661 0.20774584356396039 15055.000000000002 0.0026284349997594118 0.00016312860121693844 81.000000000000014 48.000000000000007 0.00054673754504555594 3.3750000000000004
decision_type=2 2 2 2 2 2 2 2 2 2 2 2 2 2 2 2 2 2 2 2 2 2 2 2 2 2
left_child=1 2 3 4 6 -6 7 9 -9 10 17 12 13 14 15 -10 -15 20 19 -19 21 22 23 -1 -16 -11
right_child=-2 -3 -4 -5 5 -7 -8 8 11 25 -12 -13 -14 16 24 -17 -18 18 -20 -21 -22 -23 -24 -25 -26 -27
leaf_value=0.0098173334555058389 1.8520247691000691e-07 0.0019550140962863341 -0.0039710471814904834 0.00039247256272751941 0.0015445166599455718 7.8237782680901098e-06 -0.031420431725621256 -0.00023589353595454554 0.0032897180203306678 -0.0030050823133260353 0.00062782283115012669 0.0021404113247562861 0.0018939745439688239 -0.00038987412413931115 0.00045527861602998602 -0.0024903959960248302 -0.00010139962700179695 0.0008656622268006231 0.0003762574712418143 -0.020811112290333257 0.0012712192352687169 -0.00038297706598910963 0.020981960441635653 7.5107207564428791e-08 2.4957401236136437e-05 -0.0074408730317102826
leaf_weight=28 23 24 21 25 20 31 35 40 23 25 23 23 39 27 24 26 26 22 22 25 20 23 36 24 21 20
leaf_count=28 23 24 21 25 20 31 35 40 23 25 23 23 39 27 24 26 26 22 22 25 20 23 36 24 21 20
internal_value=0 0.000104375 4.1686e-06 0.000137489 7.98181e-05 0.00106506 -1.12099e-05 5.52819e-05 -0.000208326 0.000300201 0.000447168 -4.60546e-05 -0.000163987 -0.000380677 -5.05663e-05 -0.000417905 -0.000966157 0.000258631 1.34439e-05 -0.000313844 0.000387776 0.000243634 0.000432152 0.000624593 0.000349425 -0.000428101
internal_weight=0 673 649 628 603 51 552 517 249 268 223 209 186 147 94 49 53 200 69 47 131 111 88 52 45 45
internal_count=696 673 649 628 603 51 552 517 249 268 223 209 186 147 94 49 53 200 69 47 131 111 88 52 45 45
is_linear=0
shrinkage=0.1


Tree=158
num_leaves=28
num_cat=0
split_feature=26 48 43 3 3 3 1 26 25 10 3 3 3 1 70 3 5 3 3 3 70 3 3 3 3 27 3
split_gain=0.0299851 0.0186506 0.0156999 0.00438476 0.00437485 0.00430862 0.00347285 0.0026985 0.00250655 0.00186989 0.00140708 0.001337 0.00141584 0.00129396 0.00165618 0.00132964 0.00115001 0.00165465 0.00357633 0.00109189 0.0010734 0.000888392 0.00147103 0.000588538 0.00121442 0.000213871 0.000176998
threshold=0.25712083558513515 0.492157898488434 1.0000000180025095e-35 2.2203528624825863 20.050126422250319 0.35754236806108769 3653915.0000000005 0.010690706220630253 1.0000000180025095e-35 1.0000000180025095e-35 3.9062135041376959e-05 0.021610775325385946 0.001109964885657279 298234.50000000006 48.000000000000007 0.0022862650450823103 1.2395730541707721 0.024358926698213167 0.0056188674499033356 2.084410105357757e-05 81.000000000000014 0.028692104949705137 0.20774584356396039 0.00078629042081069329 5.1438777304697819e-05 3.3750000000000004 3.0167898363362526e-06
decision_type=2 2 2 2 2 2 2 2 2 2 2 2 2 2 2 2 2 2 2 2 2 2 2 2 2 2 2
left_child=1 2 3 5 -5 6 7 8 9 13 26 12 -12 14 15 19 17 18 23 -1 -16 -17 -23 24 -15 -9 -8
right_child=-2 -3 -4 4 -6 -7 10 25 -10 -11 11 -13 -14 16 20 21 -18 -19 -20 -21 -22 22 -24 -25 -26 -27 -28
leaf_value=-0.0025887506285702244 1.6668222921900624e-07 -0.0035739424633414174 0.00038849680575108185 0.0013900649939508015 7.0414004412100441e-06 -0.028936628152489166 -6.1762941929544016e-05 -0.0027045740819934497 0.00040975075442695186 0.00056504054803525612 -0.00094232195487400363 -0.00043264092536183797 0.0037331897858241094 0.0012801173051684601 6.7596486807985914e-08 0.00077909600412056084 0.0019263701922810129 0.0024928283169039392 -9.1259664301901466e-05 -0.00050931840004437851 0.018883764397472014 -0.010034409053930205 4.8775367832831766e-05 3.8804865119601577e-05 -9.0734497141653503e-05 -0.0066967857285392899 -0.0004078180661259978
leaf_weight=21 23 39 20 20 31 33 22 25 22 21 32 23 21 20 24 25 21 31 20 23 36 21 20 36 26 20 20
leaf_count=21 23 39 20 20 31 33 22 25 22 21 32 23 21 20 24 25 21 31 20 23 36 21 20 36 26 20 20
internal_value=0 0.000136422 0.000266987 0.000177175 0.00106506 9.6745e-05 0.000165774 0.000302767 0.000392383 0.000326389 -0.000312539 -5.58334e-05 0.000220469 0.000267119 7.6913e-05 -0.000153607 0.000477086 0.0003685 0.00017405 -0.000579417 0.000499533 0.000130267 -0.000156222 0.000466483 0.000229481 -0.000428101 -0.000777054
internal_weight=0 673 634 614 51 563 530 412 367 345 118 76 53 324 170 110 154 133 102 44 60 66 41 82 46 45 42
internal_count=696 673 634 614 51 563 530 412 367 345 118 76 53 324 170 110 154 133 102 44 60 66 41 82 46 45 42
is_linear=0
shrinkage=0.1


Tree=159
num_leaves=27
num_cat=0
split_feature=26 49 48 3 3 1 48 3 26 10 3 1 3 5 3 3 3 3 3 3 1 1 70 70 27 3
split_gain=0.0301006 0.017939 0.0349465 0.00450411 0.00437485 0.00328918 0.00207031 0.00497811 0.0023778 0.00129502 0.00109662 0.00411304 0.00158861 0.0022277 0.00288461 0.00176306 0.00104357 0.000830637 0.00184686 0.000742433 0.00190255 0.0011898 0.000308425 0.0010734 0.000213871 0.000176998
threshold=0.25712083558513515 45742290.000000007 0.492157898488434 2.2203528624825863 20.050126422250319 3653915.0000000005 0.0008241797418892927 0.35754236806108769 0.010690706220630253 1.0000000180025095e-35 7.720621071714567e-05 1954173.5000000002 0.0088931871709935807 1.0000000180025095e-35 0.0022862650450823103 0.0017393027442815605 3.9062135041376959e-05 0.021610775325385946 0.001109964885657279 0.20774584356396039 15055.000000000002 1954173.5000000002 48.000000000000007 81.000000000000014 3.3750000000000004 3.0167898363362526e-06
decision_type=2 2 2 2 2 2 2 2 2 2 2 2 2 2 2 2 2 2 2 2 2 2 2 2 2 2
left_child=1 2 3 5 -5 6 7 8 9 10 11 22 13 15 -15 -12 25 18 -18 20 -14 -22 -1 -24 -10 -7
right_child=-2 -3 -4 4 -6 16 -8 -9 24 -11 12 -13 19 14 -16 -17 17 -19 -20 -21 21 -23 23 -25 -26 -27
leaf_value=0.0090944751728121893 1.500140063059874e-07 0.0021169069329918244 -0.0032165482170072759 0.0012510584945559346 6.337260396804823e-06 -5.5586647736305395e-05 0.00031437562587957049 -0.028317238233634259 -0.0024341166737940514 0.00050853649323201466 0.00013725321271707003 -0.00014068075815316662 0.00070118640370857581 0.00029176848509138154 0.0010661877113292918 -0.0012484847352155271 -1.9986973749297478e-05 -0.00038937683282576075 0.028362520251925538 8.9348892427310042e-05 -0.0090309681485372557 0.00070015913057339682 6.0836838144950894e-08 0.016995387957724796 -0.0060271071556853078 -0.00036703625951304278
leaf_weight=26 23 24 21 20 31 22 21 31 25 34 21 28 22 33 26 21 33 29 20 24 29 32 24 36 20 20
leaf_count=26 23 24 21 20 31 22 21 31 25 34 21 28 22 33 26 21 33 29 20 24 29 32 24 36 20 20
internal_value=0 0.00012936 3.00775e-05 0.000164264 0.00106506 8.46442e-05 0.00020956 0.000162426 0.00025681 0.000343386 0.00028141 3.21345e-05 0.000418031 0.000702483 0.00109873 0.00014585 -0.000371701 -0.000164082 7.13471e-05 0.00014953 7.88464e-06 -0.000279641 0.00037487 0.000499533 -0.000428101 -0.000777054
internal_weight=0 673 649 628 51 577 453 432 401 356 322 114 208 101 59 42 124 82 53 107 83 61 86 60 45 42
internal_count=696 673 649 628 51 577 453 432 401 356 322 114 208 101 59 42 124 82 53 107 83 61 86 60 45 42
is_linear=0
shrinkage=0.1


Tree=160
num_leaves=27
num_cat=0
split_feature=26 48 49 1 3 3 5 1 3 26 10 1 70 3 1 3 5 5 3 1 3 3 70 3 3 27
split_gain=0.0314076 0.0171684 0.0164902 0.00557513 0.00366617 0.00315837 0.00168463 0.00381083 0.00313363 0.00164742 0.00192767 0.00126151 0.000912322 0.00208201 0.00286177 0.00161608 0.00343319 0.00228024 0.00262717 0.00198422 0.0014069 0.00296936 0.0010734 0.00104026 0.000406763 0.000213871
threshold=0.25712083558513515 0.492157898488434 18070405.500000004 3653915.0000000005 3.0840707964601775 26.500000000000004 1.0000000180025095e-35 9679825.0000000019 0.00011148073849118199 0.010690706220630253 1.0000000180025095e-35 9679825.0000000019 48.000000000000007 0.00029000521726168295 185041.50000000003 0.081761719037339628 1.0000000180025095e-35 1.0000000180025095e-35 0.37446233356170505 185041.50000000003 0.0092519101300880761 0.0031557636082888509 81.000000000000014 0.0022862650450823103 3.6837325755427929e-05 3.3750000000000004
decision_type=2 2 2 2 2 2 2 2 2 2 2 2 2 2 2 2 2 2 2 2 2 2 2 2 2 2
left_child=1 2 3 4 9 -6 11 -8 -9 10 12 -5 13 14 -1 16 23 -17 -19 -18 21 -21 -14 -15 -16 -11
right_child=-2 -3 -4 6 5 -7 7 8 -10 25 -12 -13 22 15 24 17 19 18 -20 20 -22 -23 -24 -25 -26 -27
leaf_value=-0.0032393230829944387 1.350126056731682e-07 -0.0028948933953065305 0.0042127182380335528 0.0020037158379608401 0.0011259526451006252 5.7035343573375034e-06 -0.00029593334876452108 0.018469714616713161 -0.001353654205237831 -0.0021907050064147171 0.00045768284390845793 -0.00035043914954329129 5.4753154365982942e-08 1.5828879223533932e-05 0.001066179807432377 0.00028293806329156014 0.001323244582185268 -0.00074209089120103044 0.043054897610823421 0.00026259163658224341 0.001293985864803915 -7.1694392525500922e-05 0.015295849161952368 -0.00087902320943626937 -3.198654120382116e-05 -0.0054243964401168299
leaf_weight=26 23 39 20 27 20 27 23 28 23 25 34 22 24 20 24 29 27 29 20 27 20 20 36 39 24 20
leaf_count=26 23 39 20 27 20 27 23 28 23 25 34 22 24 20 24 29 27 29 20 27 20 20 36 39 24 20
internal_value=0 5.03361e-05 0.000175606 8.3561e-05 0.00023438 0.00107424 -0.000518488 -0.000819637 -0.000337719 0.000145475 0.000210164 -6.36905e-05 0.00014308 7.2958e-05 -0.000388659 0.000220835 0.00040969 -0.00014961 -0.000565563 0.000784978 0.000493319 0.000194395 0.000499533 -0.000188228 6.90274e-05 -0.000428101
internal_weight=0 673 634 614 491 47 123 74 51 444 399 49 365 305 74 231 153 78 49 94 67 47 60 59 48 45
internal_count=696 673 634 614 491 47 123 74 51 444 399 49 365 305 74 231 153 78 49 94 67 47 60 59 48 45
is_linear=0
shrinkage=0.1


Tree=161
num_leaves=26
num_cat=0
split_feature=26 49 48 3 3 3 3 48 3 27 1 68 1 1 3 3 1 1 3 3 3 1 3 3 70
split_gain=0.0314976 0.00860659 0.0340142 0.00507828 0.00437485 0.002318 0.00445288 0.00682552 0.00345119 0.00244618 0.00275627 0.00913239 0.00232054 0.00187426 0.00423146 0.00201744 0.00112924 0.00130811 0.00127196 0.00203611 0.00108116 0.000919065 0.000672768 0.000306236 0.00011891
threshold=0.25712083558513515 45742290.000000007 0.492157898488434 2.2203528624825863 20.050126422250319 4.3976765741445264e-07 7.2349947797740243e-05 0.0008241797418892927 0.35754236806108769 0.034644213365461154 1954173.5000000002 1.0000000180025095e-35 9679825.0000000019 9.5000000000000018 0.1406638946985794 0.0018169069085899926 15055.000000000002 298234.50000000006 0.024358926698213167 0.0056188674499033356 0.00078629042081069329 9679825.0000000019 1.7386391400702291e-05 0.00029965823842806593 65.000000000000014
decision_type=2 2 2 2 2 2 2 2 2 2 2 2 2 2 2 2 2 2 2 2 2 2 2 2 2
left_child=1 2 3 5 -5 9 21 8 12 10 11 -1 13 -8 15 20 -17 -18 19 -19 23 22 -7 -15 -13
right_child=-2 -3 -4 4 -6 6 7 -9 -10 -11 -12 24 -14 14 -16 16 17 18 -20 -21 -22 -23 -24 -25 -26
leaf_value=0.04564463935004355 1.2151134509696959e-07 0.0021947055792232995 -0.002605404055775873 0.0010133573805902075 5.1331809217458616e-06 -0.00053070421735768036 -0.00021774752473717742 0.00090398650119389863 -0.0255138082165999 -0.0019716345057732457 -2.0434648085654317e-05 5.9950506910855245e-05 -0.0012182887847139057 0.0011534950498152342 0.0026613643058659877 0.00049874330511912035 -0.004783608582692978 6.9576476263932823e-06 0.0014731806657678705 -9.7335668939280151e-05 0.0007949048655554237 -0.0051817086190684598 -0.0022150162167726252 0.00012194500352293859 4.9277838964911784e-08
leaf_weight=25 23 24 21 20 31 31 27 21 35 25 25 32 37 24 27 25 23 32 35 27 20 25 20 22 39
leaf_count=25 23 24 21 20 31 31 27 21 35 25 25 32 37 24 27 25 23 32 35 27 20 25 20 22 39
internal_value=0 4.49552e-05 -2.38135e-05 0.000108571 0.00106506 2.40285e-05 -9.26274e-05 5.60943e-05 -5.38544e-05 0.000368403 0.00055446 0.000798017 5.61246e-05 0.000160816 0.000251475 9.8591e-05 -0.000113732 -0.000244086 -7.8689e-05 -0.000362011 0.000555407 -0.000787314 -0.00103079 0.000288531 0.000219259
internal_weight=0 673 649 628 51 577 431 355 334 146 121 96 299 262 235 208 142 117 94 59 66 76 51 46 71
internal_count=696 673 649 628 51 577 431 355 334 146 121 96 299 262 235 208 142 117 94 59 66 76 51 46 71
is_linear=0
shrinkage=0.1


Tree=162
num_leaves=25
num_cat=0
split_feature=26 49 48 3 3 1 1 1 3 3 5 3 3 3 26 3 3 1 3 3 3 1 70 3
split_gain=0.0328327 0.00935272 0.0326222 0.00601621 0.00437485 0.00322432 0.00878402 0.00209937 0.00213549 0.00154961 0.00263431 0.00157571 0.00149616 0.0054086 0.00134985 0.000990367 0.00152822 0.00175765 0.00117866 0.000916796 0.000793635 0.000752204 0.000365686 0.000207661
threshold=0.25712083558513515 45742290.000000007 0.492157898488434 2.2203528624825863 20.050126422250319 82083.500000000015 185041.50000000003 9.5000000000000018 0.23962683332253795 4.3149167934763444e-06 1.0202733109647493 4.3976765741445264e-07 0.35754236806108769 0.11005549780222613 0.0088053097345132756 0.00084597978175703005 0.0040190174313929619 3052001.5000000005 0.0020685921948375399 0.030939708342648631 0.034843285551850255 2786396.5000000005 81.000000000000014 0.00019575000739218483
decision_type=2 2 2 2 2 2 2 2 2 2 2 2 2 2 2 2 2 2 2 2 2 2 2 2
left_child=1 2 3 5 -5 7 -7 8 22 11 12 14 13 15 -8 21 18 19 -17 -18 -9 -11 -1 -23
right_child=-2 -3 -4 4 -6 6 9 20 -10 10 -12 -13 -14 -15 -16 16 17 -19 -20 -21 -22 23 -24 -25
leaf_value=4.435005509506596e-08 1.0936021057617041e-07 0.0019752350213009251 -0.0023448636501982815 0.00091202164253090245 4.619862829713384e-06 -0.0041525493754868137 9.3669299538134978e-06 0.00036971400634548961 -0.00019597277226353073 0.00021439753421717003 0.00051047819792948701 -0.001175767573657538 -0.022962427394939946 0.0043712690896384743 -0.0017744710551959031 -6.5244495254290771e-05 -5.4513723091531575e-05 0.00068049157547491748 -0.00041089897516783936 -0.0018741182733499784 0.084181317922729454 -0.00047763379562155707 0.013766259317973173 2.6978494029883393e-05
leaf_weight=42 23 24 21 20 31 35 32 21 36 39 36 22 20 22 28 24 39 31 20 22 22 30 36 20
leaf_count=42 23 24 21 20 31 35 32 21 36 39 36 22 20 22 28 24 39 31 20 22 22 30 36 20
internal_value=0 -3.39778e-05 -0.000105665 2.3982e-05 0.00106506 -6.80373e-05 -0.000212567 0.000318602 9.40192e-05 -7.4679e-05 2.96889e-05 -0.000460331 -7.8581e-05 -1.12214e-05 -0.000194891 -0.000157545 -0.000327265 -9.54421e-05 -0.000811985 -0.000407036 0.000914007 0.000101802 0.000388055 -0.000154954
internal_weight=0 673 649 628 51 577 420 157 114 385 303 82 267 247 60 225 136 92 44 61 43 89 78 50
internal_count=696 673 649 628 51 577 420 157 114 385 303 82 267 247 60 225 136 92 44 61 43 89 78 50
is_linear=0
shrinkage=0.1


Tree=163
num_leaves=26
num_cat=0
split_feature=26 49 48 46 3 3 1 1 3 5 3 3 1 26 3 1 1 1 3 3 5 70 70 3 25
split_gain=0.0311604 0.0147961 0.0592812 0.0300737 0.0075623 0.00437485 0.00383852 0.0150343 0.0253395 0.00186189 0.00109486 0.0023226 0.00132259 0.00254295 0.00346952 0.00145858 0.00157354 0.00111738 0.00160693 0.00140226 0.00111204 0.000535746 0.0010734 0.00043313 0.000140689
threshold=0.25712083558513515 1386510.5000000002 5.9087389133189241 0.0054942506812492445 2.2203528624825863 20.050126422250319 15.000000000000002 134628.00000000003 0.026314090162737221 1.2395730541707721 0.03778523035077342 0.28825031808916718 1954173.5000000002 0.0088053097345132756 0.0018169069085899926 2568720.5000000005 3653915.0000000005 4345710.5000000009 1.2888720714562938e-05 0.0013527290792343185 1.0000000180025095e-35 48.000000000000007 81.000000000000014 0.076894640315072912 1.0000000180025095e-35
decision_type=2 2 2 2 2 2 2 2 2 2 2 2 2 2 2 2 2 2 2 2 2 2 2 2 2
left_child=1 4 3 -3 6 -6 21 8 -8 10 12 23 13 14 -9 20 -17 -18 -19 -20 -14 24 -23 -12 -1
right_child=-2 2 -4 -5 5 -7 7 9 -10 -11 11 -13 15 -15 -16 16 17 18 19 -21 -22 22 -24 -25 -26
leaf_value=-0.00017637549503710659 9.8424189509671589e-08 0.00081903922338391057 0.021733823427129817 -0.0064490715095498535 0.00082081947827816748 4.157876546884154e-06 -0.010398087362826347 0.0013951871845264919 -0.0049688025272514487 0.0013940514179246579 0.0012956152133547505 -0.0025704539250405393 -9.5285170002057387e-05 -0.0015970239496763128 -0.0015463395809597103 7.2123077471530913e-05 -0.00016986911670215934 0.01725849077431434 -0.0023740694174819057 0.00061244241792728364 -2.4130820519019382e-05 3.9915049576677576e-08 0.012389633386175804 0.00144197242627655 0.0049158591589645089
leaf_weight=42 23 31 21 22 20 31 25 28 33 32 23 22 23 28 24 34 27 21 32 20 31 24 36 23 20
leaf_count=42 23 31 21 22 20 31 25 28 33 32 23 22 23 28 24 34 27 21 32 20 31 24 36 23 20
internal_value=0 6.51548e-05 0.00139918 -0.000382439 -9.96494e-05 0.00106506 -0.000208044 -0.000349678 -0.00184607 -0.000113833 -0.000183249 0.000175113 -0.000274177 6.63724e-05 0.000480087 -0.000419091 -0.000242271 -0.000442086 -0.000238793 -0.00053695 -0.000857866 0.000286513 0.000499533 0.000579284 8.0365e-05
internal_weight=0 673 74 53 599 51 548 426 58 368 336 68 268 80 52 188 134 100 73 52 54 122 60 46 62
internal_count=696 673 74 53 599 51 548 426 58 368 336 68 268 80 52 188 134 100 73 52 54 122 60 46 62
is_linear=0
shrinkage=0.1


Tree=164
num_leaves=25
num_cat=0
split_feature=26 48 48 1 3 5 26 1 3 3 1 1 1 26 68 3 3 3 3 3 3 1 3 70
split_gain=0.0325677 0.0197486 0.012287 0.00655107 0.00320776 0.0025063 0.00229828 0.00211117 0.00234625 0.00286708 0.0063111 0.00419664 0.00205341 0.00391453 0.00181541 0.00345126 0.00214774 0.00199204 0.00156749 0.0011203 0.000799163 0.000718559 0.000167842 0.00011891
threshold=0.25712083558513515 0.492157898488434 0.020433060437035664 15055.000000000002 1.4088470799983562e-05 1.0202733109647493 0.010690706220630253 4345710.5000000009 0.0015025728807441169 0.024358926698213167 1140689.0000000002 1954173.5000000002 2568720.5000000005 3.6383723723400647e-05 1.0000000180025095e-35 0.11090058665983916 3.0840707964601775 37.428571428571438 0.0045212136014953193 0.081761719037339628 0.0037621899321882229 1954173.5000000002 1.6037688408817296e-06 65.000000000000014
decision_type=2 2 2 2 2 2 2 2 2 2 2 2 2 2 2 2 2 2 2 2 2 2 2 2
left_child=1 2 3 6 12 7 14 8 21 11 -11 -10 13 -5 15 -1 -17 -18 -9 -12 -13 -6 -14 -16
right_child=-2 -3 -4 4 5 -7 -8 18 9 10 19 20 22 -15 23 16 17 -19 -20 -21 -22 -23 -24 -25
leaf_value=0.0016946054634164654 8.858177056314532e-08 -0.002267369531275776 0.0014388108084348872 -0.0079098504044786463 0.00039792883411635674 0.00032002523634417913 -0.004471922274526286 -0.0021366624757337862 0.00044916158868062443 -0.01556529175072896 0.0040193595051327691 -0.00036739599559894033 -2.3409646018990318e-06 -0.0010759578738984033 5.3947029709267019e-05 -0.00015873794553336042 0.0007387375304503508 3.742088892266793e-06 -9.0452262973883535e-05 0.0012977751836487528 -7.973764768394177e-05 9.7839266749844011e-05 8.2202615203641471e-07 3.5923544583482681e-08
leaf_weight=29 23 39 22 37 23 32 21 39 24 33 22 20 22 31 32 36 20 25 27 20 22 37 21 39
leaf_count=29 23 39 22 37 23 32 21 39 24 33 22 20 22 31 32 36 20 25 27 20 22 37 21 39
internal_value=0 -1.84412e-05 0.000115912 3.24453e-05 -0.000197204 -2.6778e-05 0.000498564 -0.000127009 3.41228e-05 -0.000188749 0.000234262 -0.000669443 -0.000656278 -0.000998302 0.000613458 0.000867895 0.000532738 0.000993306 -0.000617727 0.00104738 -0.00127222 0.000557872 -0.000115403 0.000219259
internal_weight=0 673 634 612 410 299 202 267 201 141 75 66 111 68 181 110 81 45 66 42 42 60 43 71
internal_count=696 673 634 612 410 299 202 267 201 141 75 66 111 68 181 110 81 45 66 42 42 60 43 71
is_linear=0
shrinkage=0.1


Tree=165
num_leaves=24
num_cat=0
split_feature=26 48 47 1 1 26 1 3 3 1 26 3 5 3 3 3 1 3 3 3 70 70 3
split_gain=0.0323788 0.0199501 0.00919944 0.00661055 0.00388054 0.0024063 0.0020709 0.00247074 0.00159847 0.0015404 0.00177215 0.00220607 0.00119677 0.00157262 0.00448326 0.00105595 0.00127474 0.000993676 0.00123224 0.00101545 0.000907792 0.0010734 0.000765438
threshold=0.25712083558513515 0.492157898488434 4.5000000000000009 82083.500000000015 134628.00000000003 0.010690706220630253 65.500000000000014 1.3841592920353987 2.2203528624825863 3653915.0000000005 0.0088053097345132756 1.7386391400702291e-05 1.2395730541707721 0.072475054278223802 0.35754236806108769 0.00054673754504555594 1954173.5000000002 0.0045212136014953193 0.00011148073849118199 3.0167898363362526e-06 48.000000000000007 81.000000000000014 0.0092519101300880761
decision_type=2 2 2 2 2 2 2 2 2 2 2 2 2 2 2 2 2 2 2 2 2 2 2
left_child=1 2 3 5 -5 6 8 -8 20 10 11 -6 13 15 -15 -13 -17 18 19 -11 -1 -22 -18
right_child=-2 -3 -4 4 9 -7 7 -9 -10 17 -12 12 -14 14 -16 16 22 -19 -20 -21 21 -23 -24
leaf_value=-0.0001428641509800599 7.9723593504610335e-08 -0.0020406325781481272 0.0036174235546194925 -0.0019065006612080993 0.0011033940220215755 -0.0040247300470737102 0.0015251449170747833 0.00059908106080754921 3.3678800029690595e-06 -2.1068681419933457e-06 -0.0013297257673189123 2.3386617285581224e-05 0.0012226437524979874 0.0023966681208491994 -0.00019928338186723238 0.00040424542981227775 -7.1763882915831806e-05 0.00056024340243183708 -0.0027709685883611002 0.0010931119093910979 3.2331190169543333e-08 0.011150666455203684 -1.1673290958924554e-05
leaf_weight=44 23 39 20 29 37 21 30 25 25 22 28 37 21 23 20 33 39 36 34 29 24 36 21
leaf_count=44 23 39 20 29 37 21 30 25 25 22 28 37 21 23 20 33 39 36 34 29 24 36 21
internal_value=0 -7.32588e-06 0.000127711 5.89621e-05 -0.000173338 0.00052243 0.000638174 0.00115196 0.000419116 -8.82458e-05 4.93696e-05 0.000140439 5.47968e-06 -8.1055e-05 0.000443181 -0.000254456 -0.000434223 -0.000382811 -0.000569308 -0.000258427 0.000246529 0.000499533 -0.000708791
internal_weight=0 673 634 614 409 205 184 55 129 380 259 231 194 173 43 130 93 121 85 51 104 60 60
internal_count=696 673 634 614 409 205 184 55 129 380 259 231 194 173 43 130 93 121 85 51 104 60 60
is_linear=0
shrinkage=0.1


Tree=166
num_leaves=25
num_cat=0
split_feature=26 49 48 1 3 48 3 26 1 3 1 3 3 3 1 3 25 3 3 70 70 3 1 3
split_gain=0.0318217 0.0087863 0.0336709 0.00574734 0.00378069 0.00669757 0.00293782 0.0024063 0.0020709 0.00247074 0.0019373 0.00175554 0.00386105 0.00159847 0.00149071 0.00184238 0.00128631 0.00119223 0.000920323 0.000907792 0.0010734 0.000872051 0.00113206 0.000270794
threshold=0.25712083558513515 45742290.000000007 0.492157898488434 82083.500000000015 7.2349947797740243e-05 0.0008241797418892927 0.00054673754504555594 0.010690706220630253 65.500000000000014 1.3841592920353987 3052001.5000000005 0.35754236806108769 0.14428571428571432 2.2203528624825863 9679825.0000000019 0.0056188674499033356 1.0000000180025095e-35 0.037020562441863435 0.0026284349997594118 48.000000000000007 81.000000000000014 1.7386391400702291e-05 3653915.0000000005 0.0016755108030744148
decision_type=2 2 2 2 2 2 2 2 2 2 2 2 2 2 2 2 2 2 2 2 2 2 2 2
left_child=1 2 3 7 16 6 10 8 13 -10 -6 12 14 19 15 18 21 -17 23 -1 -21 22 -5 -8
right_child=-2 -3 -4 4 5 -7 11 -9 9 -11 -12 -13 -14 -15 -16 17 -18 -19 -20 20 -22 -23 -24 -25
leaf_value=-0.00012857773588201838 7.1751234154149309e-08 0.00094460450294668878 -0.0038529594169490534 0.00031801732284435506 0.00019525966884614832 0.00071259319423901959 9.4926367143699508e-05 -0.0036222570423664283 0.0013726304253673051 0.0005391729547270075 -0.00015131533906256325 -0.020857937757962297 0.0014444593932381622 3.0310920024589907e-06 -0.00036983886940404891 -0.00090808324640363487 -0.0039538656918441722 -0.0003001633352589295 0.00036382088683097893 2.9098071152589001e-08 0.010035599809683405 -0.0024600658845997715 -1.8961813275097938e-06 -5.2755408773919049e-06
leaf_weight=44 23 24 21 40 30 20 20 21 30 25 24 21 20 25 23 40 39 34 28 24 36 29 35 20
leaf_count=44 23 24 21 40 30 20 20 21 30 25 24 21 20 25 23 40 39 34 28 24 36 29 35 20
internal_value=0 2.56407e-05 -4.38423e-05 8.78725e-05 -0.000122728 9.09224e-05 -4.47239e-05 0.00052243 0.000638174 0.00115196 0.000611819 -0.000216827 -0.000118473 0.000419116 -0.000277525 -0.000156556 -0.000541066 -0.000501846 0.000219201 0.000246529 0.000499533 -0.000357403 -0.000177341 -8.8596e-05
internal_weight=0 673 649 628 423 280 260 205 184 55 54 206 185 129 165 142 143 74 68 104 60 104 75 40
internal_count=696 673 649 628 423 280 260 205 184 55 54 206 185 129 165 142 143 74 68 104 60 104 75 40
is_linear=0
shrinkage=0.1


Tree=167
num_leaves=26
num_cat=0
split_feature=26 48 48 3 3 1 3 26 27 3 3 3 5 1 1 1 3 3 3 70 5 3 3 1 1
split_gain=0.0317464 0.0206365 0.0051982 0.00504122 0.00437485 0.00290152 0.0030753 0.00286726 0.00283102 0.002085 0.00197768 0.00180953 0.00147072 0.00142829 0.00090924 0.00382303 0.00449514 0.00099556 0.000820064 0.000746991 0.00065197 0.000603497 0.0023549 0.00236814 0.000328138
threshold=0.25712083558513515 0.492157898488434 0.020433060437035664 2.2203528624825863 20.050126422250319 3653915.0000000005 0.35754236806108769 0.0088053097345132756 20.083082595870209 0.0047233726146460485 0.019307541272722661 0.20774584356396039 1.3593918304378623 15055.000000000002 82083.500000000015 185041.50000000003 3.6837325755427929e-05 0.00046946475346926246 0.057566796857932249 81.000000000000014 1.0000000180025095e-35 0.0045212136014953193 0.0004878164613535642 9679825.0000000019 25540032.000000004
decision_type=2 2 2 2 2 2 2 2 2 2 2 2 2 2 2 2 2 2 2 2 2 2 2 2 2
left_child=1 2 3 5 -5 6 7 9 -9 12 -11 13 14 -12 19 -16 -17 -18 -15 -1 -19 22 23 -7 -25
right_child=-2 -3 -4 4 -6 21 -8 8 -10 10 11 -13 -14 18 15 16 17 20 -20 -21 -22 -23 -24 24 -26
leaf_value=4.8546183812181458e-05 6.4576110747616158e-08 -0.0014512733786382626 0.00086192805270552959 0.00055103837585264166 2.7279828024973088e-06 -0.00015224780362501635 -0.018772143982166159 -0.0032600313381298211 0.0056361641794644875 0.00058053527977222077 0.00044953974611168236 0.00076426302070693459 -0.010049895242957518 8.0302362776762953e-05 -0.0017476523273721512 0.001881459836837962 -0.00013618380515652008 -4.7479867895106054e-06 -0.0058049301830067181 0.0090320398287151004 5.7298761600321768e-05 -0.00010044748997941611 -0.002456887842584621 0.066238856593879805 -0.0062825555582044501
leaf_weight=43 23 39 22 20 31 24 32 30 20 33 22 24 20 24 23 32 28 26 21 36 24 35 20 23 21
leaf_count=43 23 39 22 20 31 24 32 30 20 33 22 24 20 24 23 32 28 26 21 36 24 35 20 23 21
internal_value=0 3.01183e-05 0.000167459 0.000113169 0.00106506 2.66331e-05 0.00014715 0.00022154 -0.000487565 0.000321134 0.000652159 0.000411665 0.000144207 0.000144776 0.00022154 6.19306e-05 0.000307088 -0.000102364 -0.000178055 0.00049025 0.000164987 -0.000402523 -0.000542217 -0.00026167 0.000174172
internal_weight=0 673 634 612 51 561 438 406 50 356 124 91 232 67 212 133 110 78 45 79 50 123 88 68 44
internal_count=696 673 634 612 51 561 438 406 50 356 124 91 232 67 212 133 110 78 45 79 50 123 88 68 44
is_linear=0
shrinkage=0.1


Tree=168
num_leaves=27
num_cat=0
split_feature=26 49 48 3 3 49 3 3 1 1 25 10 1 25 1 1 3 70 3 3 70 5 3 3 5 5
split_gain=0.031912 0.00883649 0.0335759 0.00536293 0.00437485 0.00293716 0.00235078 0.00528377 0.0032855 0.00467034 0.00297855 0.00408986 0.00211796 0.00169826 0.00201119 0.00166717 0.00201111 0.00104339 0.00180654 0.00129457 0.000976769 0.000870734 0.00169313 0.000672532 0.000471244 0.000237934
threshold=0.25712083558513515 45742290.000000007 0.492157898488434 2.2203528624825863 20.050126422250319 10212435.000000002 0.0047233726146460485 0.019980800106089044 4345710.5000000009 1954173.5000000002 1.0000000180025095e-35 1.0000000180025095e-35 3653915.0000000005 1.0000000180025095e-35 65.500000000000014 82083.500000000015 0.19043675933517182 65.000000000000014 0.00031998073208521285 7.720621071714567e-05 48.000000000000007 1.0000000180025095e-35 0.00011148073849118199 0.0088053097345132756 1.0000000180025095e-35 1.0000000180025095e-35
decision_type=2 2 2 2 2 2 2 2 2 2 2 2 2 2 2 2 2 2 2 2 2 2 2 2 2 2
left_child=1 2 3 5 -5 6 10 23 9 13 11 12 17 14 -9 -16 -17 18 19 20 25 -14 -23 -8 -20 -1
right_child=-2 -3 -4 4 -6 -7 7 8 -10 -11 -12 -13 21 -15 15 16 -18 -19 24 -21 -22 22 -24 -25 -26 -27
leaf_value=-0.00012256542464115228 5.8118499679515878e-08 0.00099527139051591718 -0.0033225361373903084 0.00049593453826730644 2.4551845221765236e-06 -3.3622588654758094e-05 0.0010059437605875134 -0.00019214626436454553 -0.009901713448315164 0.0015397504612984392 -0.0032324759888467725 4.1276330398432039e-05 -0.00050686249944789099 -0.0073654634079154853 0.00043090718263343324 -0.0052244371647063303 0.00055514106954461799 -4.8284301172429884e-06 -9.7382029420600705e-05 0.00091145305070057254 4.3691565430936663e-05 -0.00048222013679151133 -0.0064721786897433027 0.0012144558003068795 5.399930833505096e-06 8.8430189137156395e-05
leaf_weight=26 23 24 21 20 31 22 21 28 21 32 40 29 20 22 27 21 20 39 32 22 21 35 23 20 32 24
leaf_count=26 23 24 21 20 31 22 21 28 21 32 40 29 20 22 27 21 20 39 32 22 21 35 23 20 32 24
internal_value=0 2.02817e-05 -4.93995e-05 8.21295e-05 0.00106506 -4.75023e-06 4.01698e-05 0.000301951 5.74968e-05 0.000221505 -0.000121631 -1.4562e-05 -0.000134086 -6.90724e-05 0.000112537 0.000406244 4.42997e-06 4.13029e-05 0.000156298 0.000437697 0.000230012 -0.000574808 -0.000771007 0.00132151 -0.00025261 -1.03638e-05
internal_weight=0 673 649 628 51 577 555 212 171 150 343 303 274 118 96 68 41 196 157 93 71 78 58 41 64 50
internal_count=696 673 649 628 51 577 555 212 171 150 343 303 274 118 96 68 41 196 157 93 71 78 58 41 64 50
is_linear=0
shrinkage=0.1


Tree=169
num_leaves=26
num_cat=0
split_feature=26 48 3 3 49 3 3 3 1 3 3 1 5 10 25 1 1 3 3 3 70 70 3 1 3
split_gain=0.0317774 0.0206025 0.00448798 0.00437485 0.00201746 0.00157215 0.00282821 0.00250482 0.00233414 0.0012337 0.00328865 0.00212415 0.00121516 0.00100339 0.00355355 0.00202964 0.0015664 0.00170741 0.00299837 0.000897956 0.00095117 0.0012057 0.000842837 0.000937349 0.00032231
threshold=0.25712083558513515 0.492157898488434 2.2203528624825863 20.050126422250319 18070405.500000004 0.03778523035077342 0.026314090162737221 0.0047233726146460485 5.5000000000000009 0.081761719037339628 0.21942641782333594 185041.50000000003 1.0000000180025095e-35 1.0000000180025095e-35 1.0000000180025095e-35 2786396.5000000005 298234.50000000006 0.0020685921948375399 0.00022573608937005398 0.00022026033908338413 65.000000000000014 48.000000000000007 0.00038018127697725596 9679825.0000000019 2.325408064395916e-05
decision_type=2 2 2 2 2 2 2 2 2 2 2 2 2 2 2 2 2 2 2 2 2 2 2 2 2
left_child=1 2 4 -4 5 6 7 13 -7 -10 -11 -12 -9 15 -15 16 19 18 -18 20 21 -1 23 -17 -25
right_child=-2 -3 3 -5 -6 8 -8 12 9 10 11 -13 -14 14 -16 22 17 -19 -20 -21 -22 -23 -24 24 -26
leaf_value=-0.0028746013010895414 5.2306649722666525e-08 -0.00097389242703549428 0.00044634108444085996 2.2096660700299254e-06 0.0030536633735337663 -0.00017293163792810875 -0.0021974818635253968 0.00042980211809648953 0.015620736676779146 -0.013369390102352698 0.00070705134507278446 0.0013857754151686665 0.0010930102202763691 3.7148697358446729e-05 -0.0001521158887049623 -0.00031729075217015181 -0.00017977029868845309 -4.9219543334544373e-05 0.0001440388096256129 -3.0260329789300047e-05 -4.3455871055364527e-06 3.9322408887798593e-05 -0.001563981189351793 -0.0057743496609525382 0.028262934286066965
leaf_weight=22 23 39 20 31 20 30 31 20 32 24 20 28 30 29 37 26 32 24 29 23 39 21 25 20 21
leaf_count=22 23 39 20 31 20 30 31 20 32 24 20 28 30 29 37 26 32 24 29 23 39 21 25 20 21
internal_value=0 2.82763e-05 0.000165503 0.00106506 8.68112e-05 5.17498e-05 -4.16438e-05 3.00145e-05 0.000350749 0.000574907 0.000345294 0.000823184 0.000691852 -6.5077e-05 0.000285916 -0.000147224 3.94577e-05 0.000358582 0.000639707 -0.000218881 -6.40027e-05 0.000260352 -0.000532763 -0.000347875 -5.00174e-05
internal_weight=0 673 634 51 583 563 429 398 134 104 72 48 50 348 66 282 190 85 61 105 82 43 92 67 41
internal_count=696 673 634 51 583 563 429 398 134 104 72 48 50 348 66 282 190 85 61 105 82 43 92 67 41
is_linear=0
shrinkage=0.1


Tree=170
num_leaves=26
num_cat=0
split_feature=26 49 48 3 3 48 3 3 3 1 27 10 5 3 3 1 70 3 70 3 3 5 3 3 5
split_gain=0.0319506 0.00885799 0.0335354 0.00538976 0.00437485 0.0019645 0.00134143 0.00158689 0.00425919 0.00380208 0.00137496 0.00281691 0.00165886 0.00173617 0.00329763 0.00189222 0.00138406 0.00104323 0.000744791 0.000393224 0.000592007 0.000378905 0.00122065 0.000942549 0.000205863
threshold=0.25712083558513515 45742290.000000007 0.492157898488434 2.2203528624825863 20.050126422250319 0.0008241797418892927 0.35754236806108769 0.14428571428571432 0.057566796857932249 9.5000000000000018 0.13821027502478758 1.0000000180025095e-35 1.3304729663362136 0.017533263330678322 0.0056188674499033356 2786396.5000000005 65.000000000000014 0.028692104949705137 48.000000000000007 3.9062135041376959e-05 0.00038018127697725596 1.0000000180025095e-35 0.0016755108030744148 0.00026329021343219228 1.0000000180025095e-35
decision_type=2 2 2 2 2 2 2 2 2 2 2 2 2 2 2 2 2 2 2 2 2 2 2 2 2
left_child=1 2 3 5 -5 6 7 8 10 -9 11 12 13 14 15 16 18 -15 21 -17 -21 22 -1 -23 -13
right_child=-2 -3 -4 4 -6 -7 -8 9 -10 -11 -12 24 -14 17 -16 19 -18 -19 -20 20 -22 23 -24 -25 -26
leaf_value=0.00011618380727540512 4.7075984754840762e-08 0.00099313349416778611 -0.0028928932809477283 0.00040170697599677401 1.9886994628848242e-06 0.00031258635370825518 -0.016296960784674932 -5.1859166568846152e-05 -0.014247233108916646 0.0026005108038205551 -0.0019777336771728215 0.0036275401524015652 0.0011081239978345536 0.0005812432395899237 -0.00024172809604792179 -0.00042444717428580248 -3.911028395009453e-06 -0.0016221273157150053 3.5390167998983206e-05 0.0010965723578827637 -0.0034033815146727875 -0.00016179326881982092 -0.00055727399688763055 5.5950846690677738e-05 5.675714391628617e-06
leaf_weight=37 23 24 21 20 31 25 35 26 28 26 23 21 23 30 24 39 39 26 21 27 25 23 22 30 27
leaf_count=37 23 24 21 20 31 25 35 26 28 26 23 21 23 30 24 39 39 26 21 27 25 23 22 30 27
internal_value=0 1.799e-05 -5.17759e-05 7.96736e-05 0.00106506 -7.42314e-06 -4.66912e-05 -6.13072e-06 -6.47181e-05 0.000517775 1.18901e-05 5.36989e-05 -4.0765e-05 -9.58942e-05 -0.000195275 -9.28779e-05 0.000102225 0.000413432 0.000255836 -0.000461645 -0.000281621 0.000153367 -2.09617e-05 0.00034743 0.000773987
internal_weight=0 673 649 628 51 577 552 517 465 52 437 414 366 343 287 263 172 56 133 91 52 112 59 53 48
internal_count=696 673 649 628 51 577 552 517 465 52 437 414 366 343 287 263 172 56 133 91 52 112 59 53 48
is_linear=0
shrinkage=0.1


Tree=171
num_leaves=26
num_cat=0
split_feature=26 48 3 3 48 3 3 1 3 3 26 5 10 1 70 3 3 5 3 3 3 70 3 3 3
split_gain=0.0315954 0.0208031 0.00437392 0.00437485 0.00409111 0.00174004 0.00142945 0.00421454 0.00202651 0.00151189 0.00114677 0.000998275 0.00134352 0.00107741 0.00164907 0.00106724 0.000587289 0.000936307 0.0017547 0.00103526 0.000569874 0.000540775 0.0013591 0.00116327 0.000101967
threshold=0.25712083558513515 0.492157898488434 2.2203528624825863 20.050126422250319 0.0008241797418892927 0.35754236806108769 0.03778523035077342 9.5000000000000018 0.026314090162737221 0.1406638946985794 3.6383723723400647e-05 1.3304729663362136 1.0000000180025095e-35 1954173.5000000002 65.000000000000014 3.0167898363362526e-06 3.3549682405304946e-05 1.0000000180025095e-35 0.00038018127697725596 0.0011904582913864466 0.064091250911766665 48.000000000000007 2.084410105357757e-05 0.0018169069085899926 0.002708721888128241
decision_type=2 2 2 2 2 2 2 2 2 2 2 2 2 2 2 2 2 2 2 2 2 2 2 2 2
left_child=1 2 4 -4 5 6 8 -8 10 20 11 12 13 14 21 -15 -17 19 -19 -18 -9 22 -1 -24 -20
right_child=-2 -3 3 -5 -6 -7 7 9 -10 -11 -12 -13 -14 15 -16 16 17 18 24 -21 -22 -23 23 -25 -26
leaf_value=-0.0025987595517081631 4.2368386288238473e-08 -0.00058721385623723428 0.00036153627839681236 1.7898295169516133e-06 0.00039766319271219432 -0.014667264706207384 -0.00015045255747843101 0.019274617672581231 -0.001779960309455575 0.0028034193559385301 9.1959689159537561e-05 0.0006852359627174565 5.1081429525368099e-06 -0.0005697664741262543 -3.5199255554729802e-06 0.0032602395933324147 -0.00018823704274808508 0.00011374352697437474 -0.0014011855472489288 0.00018536232835231203 0.00069543937625198286 3.1851151199102647e-05 0.00061031092591719023 0.00039830115379189127 -4.9892673670370874e-05
leaf_weight=22 23 39 20 31 31 35 27 20 31 27 35 27 30 20 39 23 25 28 21 34 22 21 23 22 20
leaf_count=22 23 39 20 31 31 35 27 20 31 27 35 27 30 20 39 23 25 28 21 34 22 21 23 22 20
internal_value=0 3.91142e-05 0.000177008 0.00106506 9.93222e-05 3.65456e-05 8.2741e-05 0.000430954 3.33853e-06 0.000845427 6.51946e-05 1.13521e-05 -3.67601e-05 -0.000100975 0.000119662 -0.00026484 -0.00017392 -0.000257518 -0.000507614 3.49659e-05 0.000470116 0.00035955 0.000220766 0.000535681 -0.000924352
internal_weight=0 673 634 51 583 552 517 96 421 69 390 355 328 298 127 171 151 128 69 59 42 88 67 45 41
internal_count=696 673 634 51 583 552 517 96 421 69 390 355 328 298 127 171 151 128 69 59 42 88 67 45 41
is_linear=0
shrinkage=0.1


Tree=172
num_leaves=25
num_cat=0
split_feature=26 48 3 3 48 3 70 70 1 3 25 26 3 1 5 1 3 1 1 3 1 1 3 3
split_gain=0.0311319 0.00877409 0.00457909 0.00437485 0.00425665 0.00164334 0.000975299 0.00108822 0.000999894 0.00363434 0.00155106 0.00382741 0.00308076 0.00219796 0.0011979 0.00279091 0.00381069 0.00317901 0.00079771 0.000751867 0.00283247 0.0024511 0.000589002 0.000583826
threshold=0.25712083558513515 0.492157898488434 2.2203528624825863 20.050126422250319 0.0008241797418892927 0.30127312263560818 65.000000000000014 48.000000000000007 9.5000000000000018 0.1406638946985794 1.0000000180025095e-35 0.033904386879576441 8.4285383418580678e-07 134628.00000000003 1.0000000180025095e-35 2568720.5000000005 0.00091966533819456844 1140689.0000000002 9679825.0000000019 0.0018169069085899926 3052001.5000000005 2786396.5000000005 0.00091966533819456844 0.018927733181247301
decision_type=2 2 2 2 2 2 2 2 2 2 2 2 2 2 2 2 2 2 2 2 2 2 2 2
left_child=1 2 4 -4 5 6 7 8 -1 10 12 -12 -10 -14 19 17 18 -16 -17 21 23 -15 -19 -21
right_child=-2 -3 3 -5 -6 -7 -8 -9 9 -11 11 -13 13 14 15 16 -18 22 -20 20 -22 -23 -24 -25
leaf_value=-0.00013540730173051686 3.8131547652753286e-08 -0.0005284924706135286 0.00032538265055706008 1.6108465651143434e-06 0.0003578968734409216 -0.013200538235586735 -3.1679329999256822e-06 2.8666036079183501e-05 4.2349430475496778e-05 0.0025230774203446773 -0.0032659667852477981 5.167309896680905e-05 0.00070111494657645326 0.00016682609551708084 -0.0012819185531981248 -0.00054493764834120386 -0.0029229248084803316 0.0002896876599336906 0.016886293699650778 -0.00054137671257805666 0.00069287430943880683 -0.00018614031211114935 0.00073828714483425983 -0.026905646215755752
leaf_weight=43 23 39 20 31 31 37 39 21 37 25 21 25 35 27 22 20 20 21 35 22 24 24 34 20
leaf_count=43 23 39 20 31 31 37 39 21 37 25 21 25 35 27 22 20 20 21 35 22 24 24 34 20
internal_value=0 6.68643e-05 0.000156418 0.00106506 7.69306e-05 1.28965e-05 5.91444e-05 9.85352e-05 6.6052e-05 0.000113943 3.84552e-05 -0.000506621 0.000111985 7.12314e-06 -8.98677e-05 -0.000275009 -0.000709185 0.000147889 -0.000279347 0.000150658 -7.21804e-05 0.000439038 0.000554267 -0.000567393
internal_weight=0 673 634 51 583 552 515 476 455 412 387 46 341 304 269 152 75 77 55 117 66 51 55 42
internal_count=696 673 634 51 583 552 515 476 455 412 387 46 341 304 269 152 75 77 55 117 66 51 55 42
is_linear=0
shrinkage=0.1


Tree=173
num_leaves=24
num_cat=0
split_feature=26 48 3 3 48 3 1 3 25 26 3 1 5 5 3 3 3 1 1 3 70 3 3
split_gain=0.0310176 0.00885717 0.00450582 0.00437485 0.00419759 0.00166306 0.00102763 0.00288206 0.00165367 0.00382741 0.00294368 0.00252079 0.00291028 0.00155716 0.00200606 0.00881916 0.00121631 0.0024511 0.00235055 0.00109502 0.00146683 0.000528684 0.000184834
threshold=0.25712083558513515 0.492157898488434 2.2203528624825863 20.050126422250319 0.0008241797418892927 0.35754236806108769 65.500000000000014 0.067966594320479731 1.0000000180025095e-35 0.033904386879576441 8.4285383418580678e-07 134628.00000000003 1.2395730541707721 1.0000000180025095e-35 0.0063766011260046303 0.0013527290792343185 0.0018169069085899926 2786396.5000000005 2568720.5000000005 0.11090058665983916 65.000000000000014 0.00029965823842806593 4.5412177421341777e-05
decision_type=2 2 2 2 2 2 2 2 2 2 2 2 2 2 2 2 2 2 2 2 2 2 2
left_child=1 2 4 -4 5 6 19 8 10 -10 -8 -12 13 16 15 21 17 -13 -18 20 -1 22 -15
right_child=-2 -3 3 -5 -6 -7 7 -9 9 -11 11 12 -14 14 -16 -17 18 -19 -20 -21 -22 -23 -24
leaf_value=2.5799432471274031e-05 3.4318392883037065e-08 -0.0004756432235522468 0.00029284438550121196 1.4497619083897463e-06 0.00032210718609686499 -0.011880484412028026 3.8114487428231317e-05 0.0017546411382710404 -0.0029393701067231604 4.6505789070039333e-05 0.00063100345191884348 0.00015014348596551486 0.00074490422176509696 -0.00024835391821937948 0.00075408729394652605 -0.00063483388337637336 -0.00048723904132046418 -0.00016752628090017653 0.00047843291181806082 -0.00012186657155748293 -2.8511396999775233e-06 6.9451648787577369e-05 -0.0074994870235755686
leaf_weight=37 23 39 20 31 31 35 37 38 21 25 30 27 27 31 25 22 21 24 36 34 39 21 22
leaf_count=37 23 39 20 31 31 35 37 38 21 25 30 27 27 31 25 22 21 24 36 34 39 21 22
internal_value=0 7.37407e-05 0.000163717 0.00106506 8.48685e-05 2.12802e-05 6.64422e-05 0.000139737 5.43417e-05 -0.000506621 0.000134231 2.56481e-05 -7.59828e-05 -0.000191757 -0.000438115 -0.0006459 8.42557e-05 0.000439038 -0.000233181 -0.000204747 6.28431e-06 -0.000123295 -0.000291545
internal_weight=0 673 634 51 583 552 517 407 369 46 323 286 256 229 121 96 108 51 57 110 76 74 53
internal_count=696 673 634 51 583 552 517 407 369 46 323 286 256 229 121 96 108 51 57 110 76 74 53
is_linear=0
shrinkage=0.1


Tree=174
num_leaves=23
num_cat=0
split_feature=26 49 48 3 3 49 3 1 3 3 3 3 5 3 3 1 3 3 70 1 26 3
split_gain=0.0316257 0.00867747 0.0338781 0.00516562 0.00437485 0.00304103 0.00158402 0.0029557 0.00129483 0.00185698 0.00151592 0.00262112 0.00271993 0.00193943 0.0016278 0.00158068 0.00163361 0.00103552 0.000928221 0.00153396 0.000902847 0.000472466
threshold=0.25712083558513515 45742290.000000007 0.492157898488434 2.2203528624825863 20.050126422250319 10212435.000000002 7.2349947797740243e-05 65.500000000000014 0.067966594320479731 0.35754236806108769 0.026314090162737221 0.0047233726146460485 1.0000000180025095e-35 0.03778523035077342 0.0018169069085899926 2786396.5000000005 0.00031998073208521285 8.4285383418580678e-07 65.000000000000014 82083.500000000015 3.6383723723400647e-05 1.4088470799983562e-05
decision_type=2 2 2 2 2 2 2 2 2 2 2 2 2 2 2 2 2 2 2 2 2 2
left_child=1 2 3 5 -5 6 17 -8 10 -10 11 14 -13 -12 15 16 -9 18 19 -1 -21 -19
right_child=-2 -3 -4 4 -6 -7 7 8 9 -11 13 12 -14 -15 -16 -17 -18 21 -20 20 -22 -23
leaf_value=2.3219489224146629e-05 3.0886553603615144e-08 0.0010529550997912197 -0.0024444689978126545 0.00026355994695137497 1.3047857173376089e-06 -0.00016625965740626472 -0.00010967991440171688 0.00075302049642971274 0.0016323459319835367 0.00028989646748716068 -0.0012291354272733201 0.00019303062736675258 0.013927103968497079 0.011404910215511422 -5.5248732449086907e-05 -0.0001340466791724282 3.7508197519997571e-05 -0.00051692320088534414 -2.5660257299442437e-06 -3.4490631328765176e-06 4.1855210162999869e-05 -0.00074017718776957513
leaf_weight=40 23 24 21 20 31 22 47 22 37 25 31 20 28 24 40 38 26 37 39 39 31 31
leaf_count=40 23 24 21 20 31 22 47 22 37 25 31 20 28 24 40 38 26 37 39 39 31 31
internal_value=0 3.73127e-05 -3.17387e-05 0.000100381 0.00106506 1.51144e-05 6.08219e-05 0.000196187 0.00031503 0.000720427 0.000205272 0.000349925 0.000978755 -0.000252358 0.00011037 0.0003555 0.000736956 -0.000150023 -2.44846e-06 0.000146169 -0.000136119 -0.000473384
internal_weight=0 673 649 628 51 577 555 338 291 62 229 174 48 55 126 86 48 217 149 110 70 68
internal_count=696 673 649 628 51 577 555 338 291 62 229 174 48 55 126 86 48 217 149 110 70 68
is_linear=0
shrinkage=0.1


Tree=175
num_leaves=24
num_cat=0
split_feature=47 26 50 3 3 5 70 70 3 3 1 3 5 3 1 3 1 1 1 3 3 5 1
split_gain=0.0336329 0.0233751 0.0183107 0.00546628 0.00437485 0.000775193 0.000771864 0.00127302 0.00072461 0.00156585 0.00262409 0.00210365 0.00395758 0.00215772 0.0016226 0.00240667 0.00237466 0.00139897 0.00110279 0.000869363 0.00160564 0.000792415 0.000589362
threshold=6.5000000000000009 0.25712083558513515 0.0062032682852138773 2.2203528624825863 20.050126422250319 1.4753363299694462 65.000000000000014 48.000000000000007 0.35754236806108769 0.03778523035077342 65.500000000000014 0.0056188674499033356 1.000364323403246 0.017533263330678322 1954173.5000000002 2.084410105357757e-05 185041.50000000003 2568720.5000000005 298234.50000000006 0.0016755108030744148 7.2349947797740243e-05 1.0000000180025095e-35 3653915.0000000005
decision_type=2 2 2 2 2 2 2 2 2 2 2 2 2 2 2 2 2 2 2 2 2 2 2
left_child=1 2 3 5 -5 6 7 8 9 11 -11 12 14 -13 15 16 -1 -12 -15 20 22 -22 -16
right_child=-2 -3 -4 4 -6 -7 -8 -9 -10 10 17 13 -14 18 19 -17 -18 -19 -20 -21 21 -23 -24
leaf_value=-0.0015895094686214863 0.00035133177409196747 2.7797898249914966e-08 -0.0022000220980313845 0.00023720395225623747 1.1743071453906852e-06 -0.00072229659726161808 -2.3094231569764647e-06 2.0897540301767492e-05 -0.010721425617573922 -9.8711922961491899e-05 0.0056928798182553919 -0.0012191494037374186 0.00071992337518089755 -0.00085851704658548302 -9.908133272205078e-05 0.00038042191640386136 0.0038719383364263396 0.0002848881714694329 0.00041128655789961503 -4.9723859203965054e-05 5.3000396734859125e-05 -0.00055794582712138669 -0.00062096743680086777
leaf_weight=30 29 22 38 20 31 21 39 21 36 34 35 27 27 22 22 34 39 28 21 31 23 31 35
leaf_count=30 29 22 38 20 31 21 39 21 36 34 35 27 27 22 22 34 39 28 21 31 23 31 35
internal_value=0 5.02406e-05 -5.90908e-05 7.42215e-05 0.00106506 -1.6665e-05 6.72876e-06 4.04098e-05 6.72459e-06 4.20937e-05 0.00039672 -5.84873e-05 6.73293e-05 -0.000547375 -5.92985e-05 0.00024287 -9.64467e-05 0.000778816 -0.000107432 -0.000278477 -0.000147717 0.000243037 -0.000517904
internal_weight=0 667 645 607 51 556 535 496 475 439 97 342 272 70 245 103 69 63 43 142 111 54 57
internal_count=696 667 645 607 51 556 535 496 475 439 97 342 272 70 245 103 69 63 43 142 111 54 57
is_linear=0
shrinkage=0.1


Tree=176
num_leaves=28
num_cat=0
split_feature=49 48 43 26 3 1 3 3 3 1 70 25 3 3 3 3 3 5 3 1 1 3 1 1 3 3 70
split_gain=0.0122491 0.0609994 0.0466998 0.0233867 0.0074965 0.00581699 0.0129271 0.0276616 0.00256896 0.00173415 0.00277224 0.00132119 0.00293427 0.00170575 0.00365334 0.00110991 0.00437485 0.000882374 0.00519033 0.00355272 0.000752439 0.000695396 0.00192879 0.000639028 0.000126355 0.000101186 9.21137e-06
threshold=1386510.5000000002 3.7979028174644305 1.0000000180025095e-35 0.25712083558513515 0.26303363980194006 185041.50000000003 0.0088053097345132756 0.049732288400859616 0.076894640315072912 82083.500000000015 65.000000000000014 1.0000000180025095e-35 1.0000000180025095e-35 0.028692104949705137 0.010474295515460566 2.2203528624825863 20.050126422250319 1.0000000180025095e-35 0.0031557636082888509 2568720.5000000005 185041.50000000003 0.0011904582913864466 2786396.5000000005 9679825.0000000019 0.00026329021343219228 4.5412177421341777e-05 48.000000000000007
decision_type=2 2 2 2 2 2 2 2 2 2 2 2 2 2 2 2 2 2 2 2 2 2 2 2 2 2 2
left_child=3 2 -2 4 5 6 9 -8 11 10 26 12 -7 14 17 20 -17 21 19 24 -6 22 -14 -21 -19 -25 -1
right_child=1 -3 -4 -5 15 8 7 -9 -10 -11 -12 -13 13 -15 -16 16 -18 18 -20 23 -22 -23 -24 25 -26 -27 -28
leaf_value=0.0092530569268536311 0.0049093006214995689 0.0035704510942569101 -0.0010972344633636056 2.5018108429364363e-08 0.00048090903054163195 9.1355366160428281e-05 -0.0070545388868805351 -0.00012332870655278329 0.0013874536140988881 -0.0014305585217591955 -2.0784808413054633e-06 -0.00054868784664279251 4.7700357061586374e-05 -0.016650385901177601 0.00037015790210972457 0.00021348355703025847 1.0568764309937251e-06 0.00048502415339441997 -0.0010560647887686515 -0.00048590850911480745 -0.011316183842323115 0.00042881529540679254 -0.00050970066764755018 -0.0070304988511363581 5.5496962408341238e-05 -0.00050215124440917698 1.8807786271590745e-05
leaf_weight=20 24 24 27 22 23 20 20 39 22 20 39 37 21 33 23 20 31 20 21 26 22 32 21 20 23 25 21
leaf_count=20 24 24 27 22 23 20 20 39 22 20 39 37 21 33 23 20 31 20 21 26 22 32 21 20 23 25 21
internal_value=0 0.00140645 -0.000549932 5.34991e-05 -6.41087e-05 -0.000218658 -0.00071886 -0.00189275 1.254e-05 -2.62666e-05 0.000181949 -5.88904e-05 1.40945e-05 -7.4055e-05 2.16308e-05 0.000745666 0.00106506 -0.00011001 -0.000262136 3.9904e-06 0.000383683 0.000167516 -0.000100062 -0.000430453 0.000721327 -0.000202413 0.00075608
internal_weight=0 75 51 621 599 503 159 59 344 100 80 322 285 265 232 96 51 209 135 114 45 74 42 71 43 45 41
internal_count=696 75 51 621 599 503 159 59 344 100 80 322 285 265 232 96 51 209 135 114 45 74 42 71 43 45 41
is_linear=0
shrinkage=0.1


Tree=177
num_leaves=26
num_cat=0
split_feature=26 48 3 3 47 25 27 1 1 1 3 3 3 1 3 1 3 5 70 3 1 1 27 3 3
split_gain=0.0320838 0.020268 0.00468263 0.00437485 0.00369865 0.00365294 0.00535366 0.00221154 0.00314031 0.00240735 0.00224345 0.00273612 0.00312493 0.0021667 0.00197209 0.00124231 0.00204234 0.00151388 0.00123194 0.00120494 0.00172565 0.00126899 0.000963682 0.000393412 0.000147431
threshold=0.25712083558513515 0.492157898488434 2.2203528624825863 20.050126422250319 4.5000000000000009 1.0000000180025095e-35 0.081513065791505149 65.500000000000014 82083.500000000015 134628.00000000003 4.3976765741445264e-07 0.015508617519528737 0.0056188674499033356 2786396.5000000005 0.11090058665983916 1140689.0000000002 0.0001448077233852178 1.0000000180025095e-35 65.000000000000014 0.028990083005030132 3653915.0000000005 1954173.5000000002 20.083082595870209 0.0003056025173114538 3.3549682405304946e-05
decision_type=2 2 2 2 2 2 2 2 2 2 2 2 2 2 2 2 2 2 2 2 2 2 2 2 2
left_child=1 2 4 -4 5 7 -7 14 -9 -10 -11 12 13 15 18 -12 -17 -18 -1 -13 21 -21 -8 24 -15
right_child=-2 -3 3 -5 -6 6 22 8 9 10 11 19 -14 23 -16 16 17 -19 -20 20 -22 -23 -24 -25 -26
leaf_value=1.692700764444055e-05 2.2516297581987034e-08 -0.000454559853762504 0.0001921352013269484 9.5118878817856967e-07 0.0019763569160703653 -0.0095395596094801863 -6.721145323886902e-05 0.0021742990616484548 -0.0012875026695830629 4.9857050245094571e-05 -0.00051391398512450341 0.00033314211189860998 -0.0013881003228206623 -0.00019522769291597798 -0.00011099583589739837 -0.00058572563365402177 2.3687302387997988e-05 0.000495981759458175 -1.8706327571393899e-06 0.00043281812748752202 -0.010184565458090945 0.0090264939867427795 0.0059055178802275071 -0.00045193611996836581 -0.00060528126895533776
leaf_weight=36 23 39 20 31 20 20 28 30 25 26 25 21 22 31 28 24 26 27 39 36 21 24 20 29 25
leaf_count=36 23 39 20 31 20 20 28 30 25 26 25 21 22 31 28 24 26 27 39 36 21 24 20 29 25
internal_value=0 1.00942e-05 0.000146203 0.00106506 6.58222e-05 1.83491e-05 -0.000668901 0.000112759 0.000221107 0.000139627 0.000209865 0.000135263 -7.19483e-05 6.06803e-05 -0.000299594 0.000371414 0.00057027 0.000916836 -3.22359e-05 0.000559844 0.000384839 0.000657906 -9.6151e-05 -0.0003122 -0.000467017
internal_weight=0 673 634 51 583 563 68 495 392 362 337 311 209 187 103 102 77 53 75 102 81 60 48 85 56
internal_count=696 673 634 51 583 563 68 495 392 362 337 311 209 187 103 102 77 53 75 102 81 60 48 85 56
is_linear=0
shrinkage=0.1


Tree=178
num_leaves=26
num_cat=0
split_feature=26 48 3 3 49 25 27 3 10 3 3 1 3 3 1 70 70 3 1 3 3 3 5 5 3
split_gain=0.0326699 0.0196403 0.00506367 0.00437485 0.00227389 0.00240922 0.00615832 0.0017966 0.00146882 0.000905831 0.00305541 0.00206306 0.00196819 0.00201256 0.00142906 0.00119963 0.00088229 0.000795533 0.000652067 0.00115608 0.000625733 0.000624037 0.000567091 0.00038725 0.00029073
threshold=0.25712083558513515 0.492157898488434 2.2203528624825863 20.050126422250319 18070405.500000004 1.0000000180025095e-35 0.081513065791505149 0.62814794182717437 1.0000000180025095e-35 0.11090058665983916 0.024358926698213167 185041.50000000003 0.0056188674499033356 0.0033147786100265644 3653915.0000000005 65.000000000000014 48.000000000000007 0.0079156247436141334 185041.50000000003 0.00031998073208521285 0.00011148073849118199 8.7676513929248945e-06 1.0000000180025095e-35 1.0000000180025095e-35 3.6837325755427929e-05
decision_type=2 2 2 2 2 2 2 2 2 2 2 2 2 2 2 2 2 2 2 2 2 2 2 2 2
left_child=1 2 4 -4 5 7 -7 8 9 10 12 -11 13 14 15 16 18 -8 -1 24 21 -16 -12 -21 -20
right_child=-2 -3 3 -5 -6 6 17 -9 -10 11 22 -13 -14 -15 20 -17 -18 -19 19 23 -22 -23 -24 -25 -26
leaf_value=-0.00029181127705388835 2.0264667832670114e-08 -0.00040910386838621804 0.00017292168119453777 8.5606990936071274e-07 0.0017787212244632757 -0.0085856036485321141 -0.00028793421450785673 0.0081238445880686076 4.4871345220798275e-05 -9.9896252307729594e-05 0.0032444549264312172 0.00034605885401468585 -0.000811648277609578 0.00038356503562724247 -0.00048837785706439267 -1.6835694814254511e-06 1.5234306879996495e-05 0.0053149660922047204 0.0018431410656184256 -4.7473351036586569e-05 -0.00040674250797145817 0.0011607083075745096 0.0011855373683744121 3.4909022161855319e-07 0.00038163838250184769
leaf_weight=29 23 39 20 31 20 20 24 21 29 27 30 29 36 20 22 39 21 25 23 22 35 21 38 25 27
leaf_count=29 23 39 20 31 20 20 24 21 29 27 30 29 36 20 22 39 21 25 23 22 35 21 38 25 27
internal_value=0 -2.44364e-05 0.000109548 0.00106506 2.5961e-05 -1.1262e-05 -0.000564769 6.60497e-05 2.58667e-05 -1.91695e-05 3.50943e-05 -0.00039514 -9.42652e-05 -5.9674e-06 -7.92378e-05 7.1428e-05 0.000202238 3.87953e-05 0.000102222 0.000226608 -0.000438518 -0.000182985 0.000643845 -0.000129469 0.000561321
internal_weight=0 673 634 51 583 563 69 494 473 444 388 56 320 284 264 186 147 49 126 97 78 43 68 47 50
internal_count=696 673 634 51 583 563 69 494 473 444 388 56 320 284 264 186 147 49 126 97 78 43 68 47 50
is_linear=0
shrinkage=0.1


Tree=179
num_leaves=25
num_cat=0
split_feature=26 48 49 3 3 1 3 1 1 1 1 3 5 3 5 3 3 26 3 1 3 70 3 3
split_gain=0.0329354 0.0227059 0.0164942 0.0050623 0.00437485 0.00219364 0.00710222 0.0035137 0.00184001 0.00379795 0.00222413 0.00147056 0.00196363 0.00266461 0.00144643 0.00118503 0.00133039 0.00104991 0.00159408 0.000866313 0.000865476 0.00146683 0.000489055 0.000542158
threshold=0.25712083558513515 0.34790429800275396 45742290.000000007 2.2203528624825863 20.050126422250319 1140689.0000000002 0.010474295515460566 4345710.5000000009 82083.500000000015 65.500000000000014 185041.50000000003 0.0013527290792343185 1.0000000180025095e-35 7.720621071714567e-05 1.0000000180025095e-35 4.3976765741445264e-07 0.00016312860121693844 0.0088053097345132756 0.0018962832899506266 3653915.0000000005 0.11090058665983916 65.000000000000014 0.097078987127138097 0.037020562441863435
decision_type=2 2 2 2 2 2 2 2 2 2 2 2 2 2 2 2 2 2 2 2 2 2 2 2
left_child=1 3 -3 5 -5 8 11 22 9 20 -10 12 13 -7 -13 -14 19 18 -12 -17 21 -1 23 -8
right_child=-2 2 -4 4 -6 6 7 -9 10 -11 17 14 15 -15 -16 16 -18 -19 -20 -21 -22 -23 -24 -25
leaf_value=1.3710876191996847e-05 1.8238201038300873e-08 -0.0022506986254390514 -1.2492053141865967e-05 0.00015562951307543927 7.7046291835358716e-07 -0.0016526169717543838 0.0023036132588345028 -0.0064823232853184372 -0.00116323953714641 0.0018383154186462749 0.00034347454425187607 9.584777886146868e-05 4.0384210699073719e-05 4.5308926220144487e-05 -0.00024480774670294637 0.00010657301990733004 0.0016956095105747694 -0.0004583044952038762 -0.00053142556370886493 -0.00053386571966953513 -5.541865118967593e-05 -1.5152125333095513e-06 0.0027517163175172499 0.0016008491020169657
leaf_weight=37 23 22 20 20 31 20 20 24 36 34 27 27 22 20 36 22 31 28 36 32 47 39 21 21
leaf_count=37 23 22 20 20 31 20 20 24 36 34 27 27 22 20 36 22 31 28 36 32 47 39 21 21
internal_value=0 -3.99788e-05 -0.00229138 0.000109877 0.00106506 2.5886e-05 0.00021638 0.000981821 -0.000172657 5.6273e-05 -0.000455666 -9.70859e-05 7.61525e-05 -0.000521616 -0.000501309 0.000299617 0.00013031 -0.000192452 3.39936e-05 -0.000169443 -0.000202317 6.28431e-06 0.00137951 0.00117851
internal_weight=0 673 42 631 51 580 296 86 284 157 127 210 147 40 63 107 85 91 63 54 123 76 62 41
internal_count=696 673 42 631 51 580 296 86 284 157 127 210 147 40 63 107 85 91 63 54 123 76 62 41
is_linear=0
shrinkage=0.1


Tree=180
num_leaves=25
num_cat=0
split_feature=26 48 49 3 3 49 25 27 26 10 1 1 0 3 3 1 3 3 70 3 1 3 3 3
split_gain=0.0335599 0.0219794 0.0164942 0.00548116 0.00437485 0.00168694 0.00143724 0.00237184 0.0022097 0.00153515 0.00114911 0.00272991 0.00180998 0.0012184 0.00102158 0.00197318 0.00150418 0.00238013 0.0010091 0.000956389 0.000681943 0.000875681 0.000721883 0.000384989
threshold=0.25712083558513515 0.34790429800275396 45742290.000000007 2.2203528624825863 20.050126422250319 17364147.000000004 1.0000000180025095e-35 20.083082595870209 0.033904386879576441 1.0000000180025095e-35 65.500000000000014 82083.500000000015 1.0000000180025095e-35 0.14428571428571432 0.0018169069085899926 1954173.5000000002 0.017533263330678322 0.0056188674499033356 65.000000000000014 0.041415671143085135 3653915.0000000005 3.9062135041376959e-05 0.00038018127697725596 0.0031557636082888509
decision_type=2 2 2 2 2 2 2 2 2 2 2 2 2 2 2 2 2 2 2 2 2 2 2 2
left_child=1 3 -3 5 -5 6 9 8 -8 10 12 -12 18 14 15 -13 17 23 -1 -18 22 -22 -17 -16
right_child=-2 2 -4 4 -6 -7 7 -9 -10 -11 11 13 -14 -15 16 20 19 -19 -20 -21 21 -23 -24 -25
leaf_value=1.2339788572823807e-05 1.641438094335257e-08 -0.0020256287628951596 -1.1242847827652725e-05 0.00014006656176803744 6.9341662651822848e-07 0.0014407641918152692 -0.0080022149154306277 0.0047890113481031454 -0.00021331034353657687 3.6345789629166346e-05 0.00098862846906691017 0.00044468496161869102 -8.4364761957900225e-05 0.0012286899722212753 -0.00040463269513750792 0.00011265400165711982 0.00079166606373171078 -0.00070600267517839654 -1.363691279987478e-06 -0.00024918419080108837 -0.00048047914770279478 0.00024191459875275712 -5.2310793818577399e-05 0.00033562375417872659
leaf_weight=35 23 22 20 20 31 22 23 20 25 29 27 31 28 38 24 37 31 25 39 31 34 39 20 22
leaf_count=35 23 22 20 20 31 22 23 20 25 29 27 31 28 38 24 37 31 25 39 31 34 39 20 22
internal_value=0 -7.62928e-05 -0.00229138 7.11454e-05 0.00106506 -1.62508e-05 -5.01141e-05 -0.000480929 -0.000862155 9.67237e-06 -3.47218e-05 4.94338e-05 -0.000330917 -2.92055e-05 -9.80777e-05 7.13465e-05 -0.00030317 -0.000617432 -7.17971e-05 5.671e-05 -9.96075e-05 -0.000301992 0.000159587 -0.000190595
internal_weight=0 673 42 631 51 580 558 68 48 490 461 359 102 332 294 161 133 71 74 62 130 73 57 46
internal_count=696 673 42 631 51 580 558 68 48 490 461 359 102 332 294 161 133 71 74 62 130 73 57 46
is_linear=0
shrinkage=0.1


Tree=181
num_leaves=26
num_cat=0
split_feature=26 47 50 3 3 27 27 10 3 3 3 5 3 3 3 3 1 3 70 70 1 5 3 1 3
split_gain=0.0312612 0.0192028 0.0243639 0.00516854 0.00437485 0.0019981 0.00295372 0.00107314 0.00110782 0.00434992 0.00284684 0.00261043 0.002448 0.00181798 0.00104039 0.00136503 0.00205427 0.000871503 0.00140493 0.000641559 0.000617385 0.000691259 0.000478219 0.000421811 0.000453227
threshold=0.25712083558513515 6.5000000000000009 0.0062032682852138773 2.2203528624825863 20.050126422250319 3.3750000000000004 0.010692796641211803 1.0000000180025095e-35 0.017533263330678322 0.081761719037339628 0.0056188674499033356 1.0000000180025095e-35 0.26303363980194006 0.028990083005030132 7.2349947797740243e-05 0.00031998073208521285 1140689.0000000002 8.4285383418580678e-07 65.000000000000014 48.000000000000007 2786396.5000000005 1.0000000180025095e-35 0.51766517296966874 9679825.0000000019 1.0929061987618111e-05
decision_type=2 2 2 2 2 2 2 2 2 2 2 2 2 2 2 2 2 2 2 2 2 2 2 2 2
left_child=1 2 3 5 -5 6 7 8 10 11 14 -10 -11 -13 17 -16 -17 18 19 -1 21 -18 -14 24 -19
right_child=-2 -3 -4 4 -6 -7 -8 -9 9 12 -12 13 22 -15 15 16 20 23 -20 -21 -22 -23 -24 -25 -26
leaf_value=9.9108032775063751e-05 1.4772942846796867e-08 0.00064422116528906059 -0.0018230658866056348 0.0001260599055910916 6.2407496415062269e-07 0.0043101102132927947 -0.00032337539918145811 3.2711210666036548e-05 0.00071249945735871742 -0.00022426577172112163 -0.00010531654255743207 0.00086344421102744215 1.9152239818964746e-06 0.001686677970356243 0.00045937496783849953 -0.00046953735290387047 2.6766094013197517e-05 -0.00024252619451203827 -1.227322151997612e-06 1.1105809715505899e-05 -0.0003657789423790803 0.00074820034082918603 -0.0028006026701959288 -0.006157653924287132 -0.0004289206833000492
leaf_weight=23 23 28 38 20 31 22 32 37 34 35 26 20 24 20 39 20 23 20 39 21 26 24 22 24 25
leaf_count=23 23 28 38 20 31 22 32 37 34 35 26 20 24 20 39 20 23 20 39 21 26 24 22 24 25
internal_value=0 5.91026e-05 -5.2192e-05 0.000101585 0.00106506 1.32082e-05 -2.52698e-05 3.41098e-05 -7.13312e-06 0.000211151 -0.000116275 0.000765396 -0.000295196 0.00131298 -2.45839e-05 0.000180803 -2.74421e-05 -0.000202946 1.53759e-05 0.000402717 0.000218561 0.00043486 0.000184337 -0.000465566 -0.000646131
internal_weight=0 673 645 607 51 556 534 502 465 155 310 74 81 40 284 132 93 152 83 44 73 47 46 69 45
internal_count=696 673 645 607 51 556 534 502 465 155 310 74 81 40 284 132 93 152 83 44 73 47 46 69 45
is_linear=0
shrinkage=0.1


Tree=182
num_leaves=25
num_cat=0
split_feature=26 47 50 3 3 27 27 10 3 3 3 3 5 3 1 3 3 3 3 3 70 70 3 1
split_gain=0.0309545 0.0189276 0.0108685 0.00551568 0.00437485 0.00100597 0.00238042 0.00112143 0.000869439 0.00373172 0.00287865 0.002448 0.00201478 0.00200854 0.00118985 0.00112105 0.000989471 0.00279341 0.000881726 0.000593894 0.00140493 0.000641559 0.000478219 0.000433319
threshold=0.25712083558513515 6.5000000000000009 0.0062032682852138773 2.2203528624825863 20.050126422250319 0.010692796641211803 20.083082595870209 1.0000000180025095e-35 0.017533263330678322 0.081761719037339628 0.0018169069085899926 0.26303363980194006 1.0000000180025095e-35 7.2349947797740243e-05 2786396.5000000005 0.028990083005030132 0.0031557636082888509 0.0056188674499033356 0.00031998073208521285 8.4285383418580678e-07 65.000000000000014 48.000000000000007 0.51766517296966874 3052001.5000000005
decision_type=2 2 2 2 2 2 2 2 2 2 2 2 2 2 2 2 2 2 2 2 2 2 2 2
left_child=1 2 3 5 -5 7 -7 8 10 12 13 -11 -10 19 18 -14 -12 -18 -15 20 21 -1 -13 -21
right_child=-2 -3 -4 4 -6 6 -8 -9 9 11 16 22 15 14 -16 -17 17 -19 -20 23 -22 -23 -24 -25
leaf_value=8.9197229497273162e-05 1.3295648559896735e-08 0.00057979904876006574 -0.0016407592979450492 0.00011345391503212455 5.6166746773556044e-07 -0.0002910378592634544 0.0038790991919634976 2.9440089599575005e-05 0.00064124951162298778 -0.0002018391945490805 -0.00031721569033322795 1.7237015836002457e-06 0.00077709978992466242 0.00062962895980049898 5.545110470777104e-05 0.0015180101733207607 0.00029938476936024476 -9.4784888301546746e-05 2.5050232146384133e-05 -0.00070913725955534801 -1.1045899367623236e-06 9.9952287439641914e-06 -0.0025205424031760518 -0.00021827357506083446
leaf_weight=23 23 28 38 20 31 34 20 37 34 35 24 24 20 20 38 20 23 26 27 31 39 21 22 38
leaf_count=23 23 28 38 20 31 34 20 37 34 35 24 24 20 20 38 20 23 26 27 31 39 21 22 38
internal_value=0 7.75413e-05 -3.29528e-05 6.97546e-05 0.00106506 -2.15416e-05 -0.000431661 2.25748e-05 -1.9586e-05 0.000173792 -0.000116275 -0.000295196 0.000687144 5.28471e-05 0.000442141 0.00116821 -0.000665344 -0.000407683 0.000778559 -0.00016485 1.53759e-05 0.000402717 0.000184337 -0.000381644
internal_weight=0 673 645 607 51 556 54 502 465 155 310 81 74 237 85 40 73 49 47 152 83 44 46 69
internal_count=696 673 645 607 51 556 54 502 465 155 310 81 74 237 85 40 73 49 47 152 83 44 46 69
is_linear=0
shrinkage=0.1


Tree=183
num_leaves=25
num_cat=0
split_feature=26 49 48 46 3 3 25 3 3 3 70 1 68 3 3 3 25 3 3 5 3 3 3 3
split_gain=0.0294472 0.0222 0.0644373 0.0185649 0.0074627 0.0470042 0.0042594 0.00272118 0.00437485 0.00131134 0.00165128 0.00149558 0.00181798 0.0016901 0.00104566 0.000773248 0.00108214 0.00134953 0.00284765 0.00138932 0.000735511 0.000386949 0.000378703 0.00020433
threshold=0.25712083558513515 1386510.5000000002 1.5807420630985789 0.00026343266350014108 0.017533263330678322 0.0070451839402471796 1.0000000180025095e-35 2.2203528624825863 20.050126422250319 0.0018169069085899926 65.000000000000014 1954173.5000000002 1.0000000180025095e-35 8.4285383418580678e-07 7.2349947797740243e-05 0.35754236806108769 1.0000000180025095e-35 0.21942641782333594 0.081761719037339628 1.0000000180025095e-35 0.00038018127697725596 1.2888720714562938e-05 7.720621071714567e-05 0.0040190174313929619
decision_type=2 2 2 2 2 2 2 2 2 2 2 2 2 2 2 2 2 2 2 2 2 2 2 2
left_child=1 4 3 -3 5 6 9 15 -9 10 11 12 22 -13 21 16 17 18 19 -6 -16 -15 -1 -11
right_child=-2 2 -4 -5 7 -7 -8 8 -10 23 -12 13 -14 14 20 -17 -18 -19 -20 -21 -22 -23 -24 -25
leaf_value=0.086774943959497364 1.1966083701686614e-08 0.00040582177574108872 0.020292375863369117 -0.0055668750447045671 0.00057712456046061795 -0.0054887033686891185 -0.00032970168548551726 0.00010210852352869893 5.0550072074884154e-07 -0.00014093978568112677 -9.9413094307720944e-07 2.6496080639759612e-05 8.9957058695411263e-06 -2.9181959888546771e-06 0.00035047457507459968 -0.0089210155324423116 -0.000377504202860024 0.00032808974241618218 -0.004878603668898052 0.00069938981093216064 -5.2261347052962039e-05 -0.0018273323451388991 0.0001557582009006353 -8.5306399471107858e-05
leaf_weight=23 23 25 29 20 34 20 41 20 31 32 39 26 32 30 29 35 22 23 21 39 34 27 20 21
leaf_count=23 23 25 29 20 34 20 41 20 31 32 39 26 32 30 29 35 22 23 21 39 34 27 20 21
internal_value=0 0.000169504 0.00180356 -0.000565334 -3.2366e-05 -0.000306139 -3.96702e-05 0.000422705 0.00106506 8.58728e-05 0.000178287 0.000284153 0.00064711 9.77033e-05 -6.06677e-05 0.000234427 0.000340209 0.0004612 0.000293205 0.000588413 0.000220116 -0.000371008 0.00107183 -0.000367479
internal_weight=0 673 74 45 599 374 354 225 51 313 260 221 75 146 120 174 139 117 94 73 63 57 43 53
internal_count=696 673 74 45 599 374 354 225 51 313 260 221 75 146 120 174 139 117 94 73 63 57 43 53
is_linear=0
shrinkage=0.1


Tree=184
num_leaves=24
num_cat=0
split_feature=26 48 48 3 3 25 26 1 1 3 70 3 3 3 1 1 1 3 3 3 3 3 3
split_gain=0.0315267 0.0226898 0.00862771 0.00515025 0.00437485 0.00278177 0.00372495 0.00206922 0.00233281 0.00197209 0.00123194 0.000838257 0.00390037 0.00273649 0.00166624 0.00214841 0.00124939 0.0016901 0.00104566 0.000735511 0.000548483 0.000386949 0.000318567
threshold=0.25712083558513515 0.492157898488434 0.0008241797418892927 2.2203528624825863 20.050126422250319 1.0000000180025095e-35 0.033904386879576441 65.500000000000014 15055.000000000002 0.11090058665983916 65.000000000000014 0.010474295515460566 0.028692104949705137 0.0018169069085899926 1140689.0000000002 3653915.0000000005 1954173.5000000002 8.4285383418580678e-07 7.2349947797740243e-05 0.00038018127697725596 0.054761930855351797 1.2888720714562938e-05 0.0037621899321882229
decision_type=2 2 2 2 2 2 2 2 2 2 2 2 2 2 2 2 2 2 2 2 2 2 2
left_child=1 2 3 5 -5 7 -7 9 -9 10 -1 13 -13 16 -14 -16 -10 -18 21 -20 -8 -19 -15
right_child=-2 -3 -4 4 -6 6 20 8 11 -11 -12 12 14 22 15 -17 17 18 19 -21 -22 -23 -24
leaf_value=8.0961352825426044e-06 1.0769475333738399e-08 -0.0019815434042693703 0.0012432686664647363 9.1897671175900086e-05 4.5495064853184887e-07 -0.0067104610941246534 -9.7567814789911725e-05 0.00065577224097168596 0.00030569387023717811 -6.6126763377027942e-05 -8.9471784878725204e-07 0.00075697109768420041 -0.018133666124239767 -0.00027140014273214775 0.0012962701748953976 -0.0080289139791979384 2.384647257542838e-05 -2.6263763899692096e-06 0.00031542711756742396 -4.7035212347878999e-05 0.0035289396930529905 -0.0016445991106252224 -0.00012684580711308513
leaf_weight=36 23 39 31 20 31 23 24 27 39 28 39 23 30 29 32 21 26 30 29 34 20 27 35
leaf_count=36 23 39 31 20 31 23 24 27 39 28 39 23 30 29 32 21 26 30 29 34 20 27 35
internal_value=0 4.32149e-05 0.000187226 0.000103584 0.00106506 1.47513e-05 -0.000589231 9.8188e-05 0.000205443 -0.000299594 -3.22359e-05 0.000137292 0.000372808 3.70318e-05 5.3489e-05 0.000390584 0.000232017 9.77033e-05 -6.06677e-05 0.000220116 -5.01417e-05 -0.000371008 -0.000526597
internal_weight=0 673 634 603 51 552 67 485 382 103 75 355 106 249 83 53 185 146 120 63 44 57 64
internal_count=696 673 634 603 51 552 67 485 382 103 75 355 106 249 83 53 185 146 120 63 44 57 64
is_linear=0
shrinkage=0.1


Tree=185
num_leaves=23
num_cat=0
split_feature=26 48 3 3 48 3 3 1 26 3 3 3 1 3 3 5 3 1 1 1 70 1
split_gain=0.0314173 0.0228167 0.00420652 0.00437485 0.00395566 0.001842 0.00204618 0.00531174 0.00276364 0.00152175 0.00150105 0.00137489 0.000919757 0.000894565 0.00284214 0.0015631 0.00145502 0.00252327 0.000884721 0.00230447 0.00222628 0.000784867
threshold=0.25712083558513515 0.492157898488434 2.2203528624825863 20.050126422250319 0.0008241797418892927 0.35754236806108769 0.010474295515460566 65.500000000000014 3.6383723723400647e-05 0.026314090162737221 0.0037621899321882229 0.03778523035077342 25540032.000000004 0.00078629042081069329 0.0003056025173114538 1.0000000180025095e-35 2.084410105357757e-05 2568720.5000000005 82083.500000000015 2568720.5000000005 65.000000000000014 2568720.5000000005
decision_type=2 2 2 2 2 2 2 2 2 2 2 2 2 2 2 2 2 2 2 2 2 2
left_child=1 2 4 -4 5 6 8 -8 10 -9 12 -11 13 14 16 -15 18 -18 20 -20 -1 -13
right_child=-2 -3 3 -5 -6 -7 7 9 -10 11 -12 21 -14 15 -16 -17 17 -19 19 -21 -22 -23
leaf_value=7.2865217543238719e-06 9.6925278025850051e-09 -0.0017833890638424778 8.2707904058310086e-05 4.0945558339444692e-07 0.001118941799818174 -0.0060394149847121884 -2.5026111151760234e-05 0.00047534095185035601 0.0022090188056161256 0.00022507418169723792 -0.0001141612264021319 0.016336141194528152 -0.0055195067171144533 -4.2331691113162154e-05 -0.0015318452146793505 0.0002586855785846609 0.0012383367423502989 -1.6684175027137371e-05 -0.0078243208748446594 2.146182531816976e-05 -8.0524606387299975e-07 0.00083038472570606814
leaf_weight=40 23 39 20 31 31 35 34 20 35 31 35 34 26 23 21 26 25 29 38 33 39 28
leaf_count=40 23 39 20 31 31 35 34 20 35 31 35 34 26 23 21 26 25 29 38 33 39 28
internal_value=0 4.97537e-05 0.000194167 0.00106506 0.000117982 5.62535e-05 0.000103783 0.000419406 -2.1613e-05 0.000749137 -0.000109952 0.000578959 -3.76501e-05 1.6287e-05 -6.80343e-05 0.000403477 4.59975e-05 0.000491108 -0.000114242 -0.00037042 0.000115994 0.000850839
internal_weight=0 673 634 51 583 552 517 147 370 113 335 93 300 274 225 49 204 54 150 71 79 62
internal_count=696 673 634 51 583 552 517 147 370 113 335 93 300 274 225 49 204 54 150 71 79 62
is_linear=0
shrinkage=0.1


Tree=186
num_leaves=26
num_cat=0
split_feature=26 48 3 3 26 26 49 1 3 1 5 3 3 5 3 1 1 1 1 3 70 3 3 3 3
split_gain=0.0315395 0.0226751 0.0042817 0.00437485 0.00194044 0.00764861 0.0026981 0.0018789 0.00368103 0.00280406 0.00134011 0.00125934 0.00195256 0.00128193 0.00375469 0.00150559 0.00122338 0.00505307 0.00216451 0.00213724 0.00146683 0.00109055 0.000848577 0.000521011 0.000282257
threshold=0.25712083558513515 0.492157898488434 2.2203528624825863 20.050126422250319 3.6383723723400647e-05 0.055768929212438714 10212435.000000002 1140689.0000000002 0.010474295515460566 4345710.5000000009 1.0202733109647493 0.0016755108030744148 0.0040190174313929619 1.0000000180025095e-35 7.720621071714567e-05 3653915.0000000005 82083.500000000015 65.500000000000014 134628.00000000003 0.11090058665983916 65.000000000000014 0.064091250911766665 1.7386391400702291e-05 0.078896434485292585 0.0016755108030744148
decision_type=2 2 2 2 2 2 2 2 2 2 2 2 2 2 2 2 2 2 2 2 2 2 2 2 2
left_child=1 2 4 -4 6 -6 7 16 10 23 11 13 -13 14 -9 -15 17 19 -18 20 -1 24 -17 -10 -20
right_child=-2 -3 3 -5 5 -7 -8 8 9 -11 -12 12 -14 15 -16 22 18 -19 21 -21 -22 -23 -24 -25 -26
leaf_value=6.5578695789270114e-06 8.7232750134447204e-09 -0.0016050501574582654 7.4437113652692244e-05 3.6851002533921932e-07 0.001988116925054584 -0.00030871291387253309 -0.00022080332056280129 -0.0011614554091181617 0.00042780685666521379 -0.0066220810828067304 0.00054731767511597698 -0.00010274510376220292 0.00030207763572249747 0.00083625669210221079 0.00089951076530425667 -8.701532518173849e-05 -0.0089823969879098808 0.0012335430064197796 -1.4220680448318035e-05 -5.7011475924184651e-05 -7.2472145751234507e-07 0.001007047619836321 0.00023281702072637246 0.0088119500418507354 -0.00046219878110420609
leaf_weight=37 23 39 20 31 28 38 20 20 32 22 35 26 22 22 22 28 25 30 21 28 39 20 28 20 20
leaf_count=37 23 39 20 31 28 38 20 20 32 22 35 26 22 22 22 28 25 30 21 28 39 20 28 20 20
internal_value=0 4.24548e-05 0.000186419 0.00106506 0.000109556 0.000620167 4.43721e-05 9.01991e-05 0.000263478 0.000867255 4.33814e-05 -7.38924e-05 -0.000506792 9.92675e-05 -0.000346147 0.000339106 -0.000127974 6.09401e-05 -0.00042233 -0.000268874 6.28431e-06 -0.000101159 6.37317e-05 0.00126765 -0.000396471
internal_weight=0 673 634 51 583 66 517 497 277 74 203 168 48 120 42 78 220 134 86 104 76 61 56 52 41
internal_count=696 673 634 51 583 66 517 497 277 74 203 168 48 120 42 78 220 134 86 104 76 61 56 52 41
is_linear=0
shrinkage=0.1


Tree=187
num_leaves=26
num_cat=0
split_feature=26 48 3 3 26 26 49 3 3 3 3 3 1 1 3 5 3 1 1 70 5 3 70 3 3
split_gain=0.0317439 0.0224395 0.00440871 0.00437485 0.00204884 0.00764861 0.00262345 0.0017659 0.00252208 0.00349712 0.00181387 0.00153238 0.00112339 0.000845516 0.00175535 0.00132899 0.00372374 0.00315238 0.00257834 0.00119564 0.00092607 0.00104066 0.000849283 0.000283643 2.63397e-05
threshold=0.25712083558513515 0.492157898488434 2.2203528624825863 20.050126422250319 3.6383723723400647e-05 0.055768929212438714 10212435.000000002 0.62814794182717437 0.081761719037339628 0.010474295515460566 0.026314090162737221 0.28825031808916718 82083.500000000015 3052001.5000000005 0.0037621899321882229 1.0000000180025095e-35 0.00026329021343219228 1140689.0000000002 1954173.5000000002 65.000000000000014 1.0000000180025095e-35 0.00011148073849118199 48.000000000000007 2.2172005949954394e-06 0.049732288400859616
decision_type=2 2 2 2 2 2 2 2 2 2 2 2 2 2 2 2 2 2 2 2 2 2 2 2 2
left_child=1 2 4 -4 6 -6 7 8 9 13 -11 -10 -12 14 15 18 17 -17 19 22 -15 23 -1 -22 -14
right_child=-2 -3 3 -5 5 -7 -8 -9 11 10 12 -13 24 20 -16 16 -18 -19 -20 -21 21 -23 -24 -25 -26
leaf_value=0.00028077972036939515 7.8509475143206951e-09 -0.0014445451417124389 6.6993402287351963e-05 3.3165902308951449e-07 0.0017893052325490544 -0.00027784162248529755 -0.00019872298850653891 0.0079307550376658039 -5.1310328331766189e-05 0.001058389007741667 0.00041801188693000316 0.0014093539510831477 0.00015978607786095724 0.00080955968877418629 -0.00010740682368393095 -0.0080841572891188207 0.00073074182113757051 0.00049258590760423713 -0.0004392841264177605 -6.5224931180551957e-07 2.8017175304739796e-05 -0.0072034124317539756 5.9020826210343109e-06 0.02776500074421975 0.00023880351268488199
leaf_weight=36 23 39 20 31 28 38 20 21 39 20 20 21 20 29 30 23 30 29 25 39 22 28 21 24 20
leaf_count=36 23 39 20 31 28 38 20 21 39 20 20 21 20 29 30 23 30 29 25 39 22 28 21 24 20
internal_value=0 3.02684e-05 0.000173483 0.00106506 9.54888e-05 0.000620167 2.85086e-05 7.36971e-05 3.41048e-05 0.000121524 0.000715725 -0.000571999 0.00044081 -1.99528e-05 -0.000125424 -1.99079e-05 0.000290905 -0.000220944 -0.000230541 5.02431e-06 0.000218636 3.09268e-05 0.000296942 0.000323502 0.000134843
internal_weight=0 673 634 51 583 66 517 497 476 416 80 60 60 336 233 203 82 52 121 96 103 74 57 46 40
internal_count=696 673 634 51 583 66 517 497 476 416 80 60 60 336 233 203 82 52 121 96 103 74 57 46 40
is_linear=0
shrinkage=0.1


Tree=188
num_leaves=24
num_cat=0
split_feature=26 48 3 49 3 1 1 1 1 3 3 3 3 3 1 26 5 3 3 3 3 70 3
split_gain=0.0330521 0.0209786 0.00308899 0.002272 0.00211165 0.00116131 0.00164453 0.00382089 0.00379795 0.00141003 0.00417087 0.00391892 0.00246268 0.00214635 0.00152407 0.00134377 0.00125606 0.0021435 0.00125171 0.000986532 0.000865476 0.00146683 7.29953e-05
threshold=0.25712083558513515 0.492157898488434 2.2203528624825863 18070405.500000004 20.050126422250319 1140689.0000000002 82083.500000000015 134628.00000000003 65.500000000000014 0.010474295515460566 0.056677163293293815 0.0020685921948375399 0.00078629042081069329 0.0040190174313929619 4345710.5000000009 0.0088053097345132756 1.0018305533243181 3.6837325755427929e-05 0.0018169069085899926 1.2888720714562938e-05 0.11090058665983916 65.000000000000014 0.11005549780222613
decision_type=2 2 2 2 2 2 2 2 2 2 2 2 2 2 2 2 2 2 2 2 2 2 2
left_child=1 2 3 5 -4 6 8 -8 20 11 -11 12 14 -13 16 18 17 -7 -9 -16 21 -1 -12
right_child=-2 -3 4 -5 -6 9 7 15 -10 10 22 13 -14 -15 19 -17 -18 -19 -20 -21 -22 -23 -24
leaf_value=5.3118743589486433e-06 7.0658527695499634e-09 -0.0013000906275411951 6.0294062058829927e-05 0.00091894320034793255 2.9849312070950874e-07 0.00070337243213174365 -0.0072757415602069386 0.00025270174833238459 0.0010683875170848013 0.0011901091002371801 -0.0023331000164986903 -8.1729911018157969e-05 0.0006576676390238845 -8.6412309497774237e-05 0.017405131405997309 -0.00015656189169845904 -8.1115510193541249e-05 3.3508802516735161e-06 -0.0004052382206253924 -0.0091034469815525661 -1.1691319611095707e-05 -5.8702438066049467e-07 -0.00012871771821636459
leaf_weight=37 23 39 20 20 31 26 28 26 34 35 21 22 23 28 21 28 29 29 38 29 47 39 23
leaf_count=37 23 39 20 20 31 26 28 26 34 35 21 22 23 28 21 28 29 29 38 29 47 39 23
internal_value=0 -4.67929e-05 9.16813e-05 2.63961e-05 0.000837981 -1.08114e-05 -0.000156748 -0.00043545 5.6273e-05 0.000130532 0.000489953 -6.6376e-06 0.000238908 -0.000777652 7.48248e-05 -0.000124152 0.000335018 0.000615809 0.000128637 -0.0003623 -0.000202317 6.28431e-06 -0.000158096
internal_weight=0 673 634 583 51 563 277 120 157 286 79 207 157 50 134 92 84 55 64 50 123 76 44
internal_count=696 673 634 583 51 563 277 120 157 286 79 207 157 50 134 92 84 55 64 50 123 76 44
is_linear=0
shrinkage=0.1


Tree=189
num_leaves=27
num_cat=0
split_feature=26 48 48 3 3 25 26 3 3 3 3 5 3 70 1 3 1 3 3 1 68 1 3 3 3 3
split_gain=0.0330864 0.0209414 0.00969463 0.00390379 0.00211165 0.00200515 0.00372495 0.00261313 0.00381675 0.00338996 0.00244613 0.00189139 0.00181387 0.00126727 0.00150807 0.00142772 0.00153043 0.00154826 0.00151129 0.0013525 0.00125081 0.00112339 0.000666132 0.000548483 0.000402673 2.63397e-05
threshold=0.25712083558513515 0.492157898488434 0.0008241797418892927 2.2203528624825863 20.050126422250319 1.0000000180025095e-35 0.033904386879576441 0.081761719037339628 0.010474295515460566 0.0018169069085899926 0.28825031808916718 1.0000000180025095e-35 0.026314090162737221 65.000000000000014 1954173.5000000002 0.00016312860121693844 3653915.0000000005 8.7676513929248945e-06 0.00046946475346926246 9679825.0000000019 1.0000000180025095e-35 82083.500000000015 7.720621071714567e-05 0.054761930855351797 0.20774584356396039 0.049732288400859616
decision_type=2 2 2 2 2 2 2 2 2 2 2 2 2 2 2 2 2 2 2 2 2 2 2 2 2 2
left_child=1 2 3 5 -5 7 -7 8 9 13 24 -11 -10 14 20 16 17 -16 -17 -18 22 -14 -1 -8 -9 -23
right_child=-2 -3 -4 4 -6 6 23 10 12 11 -12 -13 21 -15 15 18 19 -19 -20 -21 -22 25 -24 -25 -26 -27
leaf_value=0.078867042589669728 6.3592674903745212e-09 -0.00117008156478704 0.00082704888031308603 5.4264655852875881e-05 2.6864380870961212e-07 -0.005800343930179786 -0.00023440127106688635 -0.017303142286395002 0.00083353919694388883 -0.00018136123121195171 0.0013089423780375143 -8.8024910365902545e-05 0.00026937194652880691 -5.2832194263885413e-07 0.00084420329545409345 0.025672846695512421 -7.3003959174400285e-05 -0.00039569080180115181 -4.9662362886948586e-05 -0.0077272702451264058 4.7806869230448969e-06 2.4796560051498773e-05 4.2270052706072647e-05 0.0032383729204596536 -1.052218764989732e-05 0.00025544698347843567
leaf_weight=25 23 39 31 20 31 23 24 20 20 26 39 38 20 39 20 21 20 21 30 34 32 20 20 20 20 20
leaf_count=25 23 39 31 20 31 23 24 20 20 26 39 38 20 39 20 21 20 21 30 34 32 20 20 20 20 20
internal_value=0 -4.87917e-05 8.95596e-05 8.96388e-07 0.000837981 -7.64429e-05 -0.000589231 -5.60416e-06 9.67864e-05 -5.51004e-05 -0.000531814 -0.000707553 0.000715725 0.000104277 0.000196251 7.39664e-06 -0.000221726 0.000238901 0.000434193 -0.000571461 0.000554339 0.00044081 0.000894214 -5.01417e-05 -0.00108126 0.000134843
internal_weight=0 673 634 603 51 552 67 485 406 326 79 64 80 262 223 146 95 41 51 54 77 60 45 44 40 40
internal_count=696 673 634 603 51 552 67 485 406 326 79 64 80 262 223 146 95 41 51 54 77 60 45 44 40 40
is_linear=0
shrinkage=0.1


Tree=190
num_leaves=26
num_cat=0
split_feature=26 48 48 3 27 3 27 3 3 3 1 5 1 3 68 5 3 3 1 3 5 70 3 1 3
split_gain=0.0329338 0.0211076 0.00958864 0.00381164 0.00235016 0.00211165 0.00189806 0.00142819 0.00302331 0.00338182 0.00239241 0.00355609 0.00466569 0.00417678 0.00290349 0.00502545 0.00385195 0.00160324 0.00158923 0.00145872 0.00138932 0.000901511 0.000743985 0.000531053 9.60181e-06
threshold=0.25712083558513515 0.492157898488434 0.0008241797418892927 2.2203528624825863 3.3750000000000004 20.050126422250319 0.13821027502478758 0.081761719037339628 0.017533263330678322 0.0056188674499033356 1954173.5000000002 1.0202733109647493 2568720.5000000005 3.9062135041376959e-05 1.0000000180025095e-35 1.0000000180025095e-35 1.4088470799983562e-05 0.00078629042081069329 185041.50000000003 0.30127312263560818 1.0000000180025095e-35 81.000000000000014 0.00023610658882430269 4345710.5000000009 2.2172005949954394e-06
decision_type=2 2 2 2 2 2 2 2 2 2 2 2 2 2 2 2 2 2 2 2 2 2 2 2 2
left_child=1 2 3 4 6 -5 7 8 9 10 14 12 17 24 15 16 -1 -12 -9 -20 -10 -16 -15 -24 -14
right_child=-2 -3 -4 5 -6 -7 -8 18 20 -11 11 -13 13 22 21 -17 -18 -19 19 -21 -22 -23 23 -25 -26
leaf_value=0.032095486456664449 5.723340734675731e-09 -0.001053073408308336 0.00074434399228184844 4.88381902677304e-05 0.0029145356284136174 2.4177942776759663e-07 -0.010178530176386681 -4.3957944772543557e-05 0.00075018527724957096 -0.0010224262934215745 -0.00096214746340947963 0.0011792084926049995 -3.7821389521752739e-05 0.012387243983936714 -4.7548974837496874e-07 -0.00035591190752626289 0.00030938790858954236 -6.4754428879609802e-05 0.0012886717401034533 -0.0052203095371618604 0.00026875616300863213 0.0081331887862125651 -0.0015259927882965486 0.00086907603421515489 -0.0087031407033940408
leaf_weight=22 23 39 31 20 22 31 20 36 34 26 22 34 21 21 35 36 20 20 24 20 39 36 21 22 21
leaf_count=22 23 39 31 20 22 31 20 36 34 26 22 34 21 21 35 36 20 20 24 20 39 36 21 22 21
internal_value=0 -3.98861e-05 9.90129e-05 1.08357e-05 -6.55853e-05 0.000837981 -0.000107624 -7.01488e-05 2.03141e-06 -0.000117873 -3.1612e-05 -0.000274867 -0.000486732 -0.000133305 0.000265518 0.00068668 0.00142981 -0.00137871 -0.000458117 -5.49615e-05 0.000588413 -0.000197167 0.000375208 0.000136939 -0.000908183
internal_weight=0 673 634 603 552 51 530 510 430 357 331 182 148 106 149 78 42 42 80 44 73 71 64 43 42
internal_count=696 673 634 603 552 51 530 510 430 357 331 182 148 106 149 78 42 42 80 44 73 71 64 43 42
is_linear=0
shrinkage=0.1


Tree=191
num_leaves=28
num_cat=0
split_feature=26 48 48 49 3 27 3 25 26 3 3 5 3 3 3 3 1 3 1 1 70 3 68 10 3 3 3
split_gain=0.0330633 0.0243706 0.00821254 0.00383758 0.00363645 0.00225367 0.00211165 0.00210024 0.00642394 0.00102517 0.00392085 0.00258969 0.0042303 0.00205089 0.00152409 0.0016876 0.00150568 0.0012922 0.002037 0.0026602 0.00140572 0.00224204 0.00131835 0.000850825 0.000224627 0.000204146 0.00016397
threshold=0.25712083558513515 0.34790429800275396 0.0008241797418892927 45742290.000000007 2.2203528624825863 3.3750000000000004 20.050126422250319 1.0000000180025095e-35 0.033904386879576441 0.081761719037339628 0.0092519101300880761 1.0000000180025095e-35 0.37446233356170505 0.026314090162737221 0.0018169069085899926 0.0040190174313929619 82083.500000000015 0.00078629042081069329 3653915.0000000005 9679825.0000000019 65.000000000000014 3.6837325755427929e-05 1.0000000180025095e-35 1.0000000180025095e-35 1.2888720714562938e-05 0.049732288400859616 0.00023610658882430269
decision_type=2 2 2 2 2 2 2 2 2 2 2 2 2 2 2 2 2 2 2 2 2 2 2 2 2 2 2
left_child=1 2 4 -3 5 7 -6 9 -9 10 14 -11 -13 -12 17 -16 -15 18 20 -20 21 22 23 -1 -21 -18 -23
right_child=-2 3 -4 -5 6 -7 -8 8 -10 11 13 12 -14 16 15 -17 25 -19 19 24 -22 26 -24 -25 -26 -27 -28
leaf_value=0.0034822418562370674 5.1510066656490501e-09 -0.0024721436176955436 0.00072318995760412008 -0.00050656414931999911 4.3954371241028417e-05 0.0026230820655722912 2.1760148527505407e-07 -0.0080172114390304472 0.00080689187367841706 0.0011598045660932144 0.00067516674952443627 -0.00045520845175150981 0.040968943345182397 0.00021555913557484986 -5.8278985991933045e-05 -0.00032032071677363662 -4.5587122542656294e-06 0.00077648557910663389 -6.1921424305211306e-05 0.016441127428862501 -4.27940773572999e-07 -0.0002599069752797334 4.3501672055690221e-06 0.00064482960571439214 -0.01015079956327476 0.00020302666882940912 -0.0003836074298938286
leaf_weight=29 23 22 28 20 20 22 31 20 25 30 23 29 20 20 32 29 20 25 25 21 39 23 32 21 24 20 23
leaf_count=29 23 22 28 20 20 22 31 20 25 30 23 29 20 20 32 29 20 25 25 21 39 23 32 21 24 20 23
internal_value=0 -4.74436e-05 0.000107808 -0.00237991 3.00677e-05 -4.45765e-05 0.000837981 -8.57435e-05 -0.000739268 -2.51072e-05 3.90252e-05 -0.000354699 -0.000802694 0.000652066 -0.000118505 -0.000568689 0.000344301 -1.36916e-05 -8.58207e-05 -0.000538646 0.000103986 0.000264133 0.000577598 0.000898371 -7.91599e-05 -9.92178e-06 -0.000294652
internal_weight=0 673 631 42 603 552 51 530 45 485 406 79 49 83 323 61 60 262 237 70 167 128 82 50 45 40 46
internal_count=696 673 631 42 603 552 51 530 45 485 406 79 49 83 323 61 60 262 237 70 167 128 82 50 45 40 46
is_linear=0
shrinkage=0.1


Tree=192
num_leaves=26
num_cat=0
split_feature=26 48 48 3 3 3 1 25 26 3 3 1 3 1 5 1 3 3 70 3 5 3 68 3 3
split_gain=0.0320851 0.022051 0.00900545 0.00312343 0.00230131 0.00389717 0.0027261 0.00155173 0.00202514 0.00152849 0.00353046 0.00188412 0.00128578 0.00105951 0.00425706 0.00243939 0.00293343 0.00281767 0.0015832 0.00183278 0.00154836 0.00134654 0.00125081 0.000666132 0.000317449
threshold=0.25712083558513515 0.492157898488434 0.0008241797418892927 0.14428571428571432 0.35754236806108769 2.2203528624825863 5.5000000000000009 1.0000000180025095e-35 0.033904386879576441 0.010474295515460566 0.026314090162737221 15055.000000000002 20.050126422250319 1954173.5000000002 1.2395730541707721 4345710.5000000009 0.0003056025173114538 3.6837325755427929e-05 65.000000000000014 0.0018169069085899926 1.0000000180025095e-35 1.2888720714562938e-05 1.0000000180025095e-35 7.720621071714567e-05 0.061911910113399492
decision_type=2 2 2 2 2 2 2 2 2 2 2 2 2 2 2 2 2 2 2 2 2 2 2 2 2
left_child=1 2 3 7 6 -6 -5 9 -9 13 -11 -12 -7 18 15 17 21 -15 19 22 -19 -17 23 -1 -13
right_child=-2 -3 -4 4 5 12 -8 8 -10 10 11 24 -14 14 -16 16 -18 20 -20 -21 -22 -23 -24 -25 -26
leaf_value=0.06742256549941246 4.6359059924228063e-09 -0.00070055170570793024 0.00059759059729316279 4.044667076747999e-05 -0.0057754304368621947 3.955893411671241e-05 0.0015840986373405032 -0.001968698811273839 0.00072620268631062856 0.00060765007457206375 0.0001940032220172583 -4.1028410286969574e-06 1.958413363922773e-07 2.4862913159395816e-05 0.0029606415102712449 0.014797014685976252 0.0025664730632176005 -0.000233916277751689 -3.851466962245809e-07 -0.00028828864509620192 -0.0013961539069413222 -0.0098322146000430887 3.9151504850565294e-06 0.00011199498117733243 -0.012340648072170524
leaf_weight=25 23 39 31 21 35 20 31 22 26 20 22 29 31 34 23 21 21 34 39 20 35 22 32 20 20
leaf_count=25 23 39 31 21 35 20 31 22 26 20 22 29 31 34 23 21 21 34 39 20 35 22 32 20 20
internal_value=0 1.00222e-05 0.000151991 6.65377e-05 0.000484314 0.000166773 0.00100948 -5.74476e-05 -0.000595878 4.52998e-06 0.000366899 3.63159e-05 0.00072444 -9.66221e-05 -0.000249145 -0.00042481 6.0044e-05 -0.000726078 0.000116462 0.000332806 -0.00109323 -0.000413078 0.000554339 0.000894214 -0.000308859
internal_weight=0 673 634 603 138 86 52 465 48 417 91 71 51 326 190 167 64 103 136 97 69 43 77 45 49
internal_count=696 673 634 603 138 86 52 465 48 417 91 71 51 326 190 167 64 103 136 97 69 43 77 45 49
is_linear=0
shrinkage=0.1


Tree=193
num_leaves=28
num_cat=0
split_feature=26 48 48 3 27 25 26 5 1 3 1 1 3 3 3 70 1 68 1 3 1 1 3 3 1 3 3
split_gain=0.0320581 0.0220815 0.00898707 0.00259452 0.00192789 0.00262271 0.00642394 0.00113001 0.00202036 0.00122767 0.00262681 0.0116046 0.00140062 0.00127549 0.00137269 0.00131423 0.00215836 0.00115907 0.00156965 0.000991135 0.00161853 0.00112447 0.0020776 0.000631705 0.00402311 0.000418923 0.000107802
threshold=0.25712083558513515 0.492157898488434 0.0008241797418892927 58.131858407079655 3.3750000000000004 1.0000000180025095e-35 0.033904386879576441 1.0018305533243181 2568720.5000000005 0.0031557636082888509 5.5000000000000009 65.500000000000014 0.0018169069085899926 0.00078629042081069329 0.00011148073849118199 65.000000000000014 3653915.0000000005 1.0000000180025095e-35 1954173.5000000002 1.0000000091703745 15055.000000000002 298234.50000000006 0.076894640315072912 0.028990083005030132 2568720.5000000005 0.0003056025173114538 6.1881470178578088e-06
decision_type=2 2 2 2 2 2 2 2 2 2 2 2 2 2 2 2 2 2 2 2 2 2 2 2 2 2 2
left_child=1 2 3 4 5 7 -7 9 -9 12 -11 -12 13 14 15 16 17 18 -1 20 -13 -22 23 24 -23 -16 -18
right_child=-2 -3 -4 -5 -6 6 -8 8 -10 10 11 19 -14 -15 25 -17 26 -19 -20 -21 21 22 -24 -25 -26 -27 -28
leaf_value=0.071263011443875257 4.1723153820782954e-09 -0.00063049653513713722 0.00053783153756388209 1.7625720261094102e-07 0.0023567291919382783 -0.0070186204140000544 0.00065358241767956573 0.00067019903828295928 -0.00033030678414895935 0.1711092144044315 -0.012723697220999954 0.00020092431094838049 -0.00034997504439786557 0.00044218971487417494 -0.0014279959524944987 -3.4663202663764991e-07 -3.0333399455173551e-05 3.5236354365864033e-06 0.00039552567139296003 -3.0179675893293736e-05 -0.00095822491683321691 -3.1254131528157814e-05 0.0028200092986196525 -3.6925569261825333e-06 0.0020795637258128608 -0.00035644618502175265 -0.00047357160039922523
leaf_weight=27 23 39 31 21 22 20 25 22 23 20 21 23 20 23 25 39 20 32 22 22 30 25 29 25 23 23 21
leaf_count=27 23 39 31 21 22 20 25 22 23 20 21 23 20 23 25 39 20 32 22 22 30 25 29 25 23 23 21
internal_value=0 1.16208e-05 0.000153688 6.83219e-05 2.89199e-05 -7.15434e-06 -0.000739268 5.68167e-05 -0.000421902 0.000102651 0.000276417 0.000166094 -4.76698e-05 2.15501e-05 -5.62329e-05 8.37002e-05 0.000245238 0.000544486 0.000850182 0.000429791 0.000518942 0.000384055 0.000542343 0.000257885 0.000470182 -0.000525592 -0.000345959
internal_weight=0 673 634 603 582 560 45 515 45 470 218 198 252 232 209 161 122 81 49 177 155 132 102 73 48 48 41
internal_count=696 673 634 603 582 560 45 515 45 470 218 198 252 232 209 161 122 81 49 177 155 132 102 73 48 48 41
is_linear=0
shrinkage=0.1


Tree=194
num_leaves=25
num_cat=0
split_feature=26 48 48 3 3 3 3 1 3 25 26 1 5 1 3 3 1 5 70 3 68 3 3 3
split_gain=0.0323418 0.0217621 0.00918074 0.00346265 0.00211165 0.00144855 0.00192793 0.00642479 0.00296606 0.00104499 0.00255804 0.00131512 0.00313237 0.00204546 0.00380841 0.00296753 0.00259309 0.00351458 0.00196334 0.00139817 0.0013753 0.00111164 0.0010226 0.000746617
threshold=0.25712083558513515 0.492157898488434 0.0008241797418892927 2.2203528624825863 20.050126422250319 0.35754236806108769 0.03778523035077342 5.5000000000000009 0.14428571428571432 1.0000000180025095e-35 0.033904386879576441 1954173.5000000002 1.3304729663362136 4345710.5000000009 0.0056188674499033356 0.001109964885657279 3653915.0000000005 1.0000000180025095e-35 65.000000000000014 0.0047233726146460485 1.0000000180025095e-35 0.00016312860121693844 0.064091250911766665 1.2888720714562938e-05
decision_type=2 2 2 2 2 2 2 2 2 2 2 2 2 2 2 2 2 2 2 2 2 2 2 2
left_child=1 2 3 5 -5 6 9 -8 22 11 -11 18 13 14 16 23 17 -13 19 20 21 -1 -9 -15
right_child=-2 -3 -4 4 -6 -7 7 8 -10 10 -12 12 -14 15 -16 -17 -18 -19 -20 -21 -22 -23 -24 -25
leaf_value=0.06413671029948774 3.7550838438704657e-09 -0.0005674468816234679 0.00048404838380751159 0.0012654874693531328 1.5863148234984694e-07 -0.0039255176710760514 -0.016747599881088426 0.014496637010314117 0.0011547876738063679 -0.0010699668887461655 0.00058822417591155587 -0.00031497753995779476 0.0026976080376591941 0.013320346557324215 -0.00029727610573395682 0.00057648768780325097 -2.7300059509371978e-05 0.00016224047380646313 -3.1196882392947601e-07 -0.00032647968441494872 3.1712718929099994e-06 0.00012683228324021913 -0.011106214009260641 -0.0087061935447895426
leaf_weight=27 23 39 31 20 31 35 21 20 31 22 24 34 22 21 21 21 24 39 39 34 32 30 24 31
leaf_count=27 23 39 31 20 31 35 21 20 31 22 24 34 22 21 21 21 24 39 39 34 32 30 24 31
internal_value=0 -5.14433e-06 0.000135892 4.96106e-05 0.000837981 -2.3228e-05 1.89209e-05 0.000423316 0.000856201 -7.32926e-05 -0.000523126 -1.81131e-05 -0.000181431 -0.00031158 -0.000568975 0.000104482 -0.00030464 -8.17913e-06 0.00019662 0.000392649 0.000601036 0.000895574 0.000328347 -0.000300695
internal_weight=0 673 634 603 51 552 517 96 75 421 46 375 213 191 118 73 97 73 162 123 89 57 44 52
internal_count=696 673 634 603 51 552 517 96 75 421 46 375 213 191 118 73 97 73 162 123 89 57 44 52
is_linear=0
shrinkage=0.1


Tree=195
num_leaves=25
num_cat=0
split_feature=26 48 48 3 3 3 1 1 1 25 70 1 1 3 3 3 3 3 3 3 3 68 10 3
split_gain=0.0326343 0.0214366 0.00938168 0.00277783 0.00516263 0.00158001 0.003098 0.00189461 0.00458531 0.00192357 0.00189843 0.00153939 0.0016247 0.00162345 0.00146026 0.00553144 0.00174517 0.00165327 0.00128462 0.00127621 0.00102734 0.00131835 0.000850825 9.4779e-05
threshold=0.25712083558513515 0.492157898488434 0.0008241797418892927 58.131858407079655 5.2761799410029502 0.00041137884763863978 5.5000000000000009 3653915.0000000005 9679825.0000000019 1.0000000180025095e-35 65.000000000000014 15055.000000000002 25540032.000000004 0.14428571428571432 0.0056188674499033356 0.015508617519528737 0.0026284349997594118 0.056677163293293815 0.0016755108030744148 0.14428571428571432 3.6837325755427929e-05 1.0000000180025095e-35 1.0000000180025095e-35 1.2888720714562938e-05
decision_type=2 2 2 2 2 2 2 2 2 2 2 2 2 2 2 2 2 2 2 2 2 2 2 2
left_child=1 2 3 4 5 7 -7 9 -9 10 20 13 14 -8 16 -16 18 -17 -13 -19 21 22 -1 -10
right_child=-2 -3 -4 -5 -6 6 11 8 23 -11 -12 12 -14 -15 15 17 -18 19 -20 -21 -22 -23 -24 -25
leaf_value=0.0030757547647773721 3.3795754639243116e-09 -0.00051070219346112118 0.00043564354542677822 1.4276833439907933e-07 -0.00015371045523906448 -0.015072839892979674 0.00010800346890036395 -4.7478783191934329e-05 0.011988311901591686 -0.004333561276528286 -2.8077194151876484e-07 0.00036841661278259609 0.00051883891902306802 0.0061170004937615378 -0.0018793799799439626 0.0015616495553331335 0.00016239319495667815 -0.016464066340661533 -0.00010519883133781606 0.00048793454850724064 -3.6227300731184188e-05 2.8541447036012358e-06 0.00052208373930753285 -0.0072345216324244182
leaf_weight=29 23 39 31 21 20 31 27 23 21 40 39 31 20 25 22 30 28 26 21 38 35 32 21 23
leaf_count=29 23 39 31 21 20 31 27 23 21 40 39 31 20 25 22 30 28 26 21 38 35 32 21 23
internal_value=0 -2.23526e-05 0.000117625 3.04046e-05 -1.03655e-05 4.58195e-05 0.000203075 -0.000132961 -0.000592024 2.39638e-05 0.000182597 0.000312551 0.000194958 0.000801013 0.000107349 -0.000119326 0.000436028 0.000214744 9.32981e-05 -7.23862e-05 0.000384004 0.000577598 0.000898371 6.09011e-06
internal_weight=0 673 634 603 582 562 299 263 67 196 156 268 216 52 196 116 80 94 52 64 117 82 50 44
internal_count=696 673 634 603 582 562 299 263 67 196 156 268 216 52 196 116 80 94 52 64 117 82 50 44
is_linear=0
shrinkage=0.1


Tree=196
num_leaves=27
num_cat=0
split_feature=26 48 48 3 3 5 3 25 26 3 1 68 3 1 3 1 3 3 3 3 3 70 3 3 1 3
split_gain=0.0332238 0.0207927 0.00979036 0.00297004 0.00490546 0.0026343 0.00198492 0.0014557 0.00563477 0.00144599 0.00156256 0.00320022 0.00154976 0.00137116 0.00177127 0.00128766 0.00132686 0.00318095 0.00127673 0.0014594 0.00144455 0.000901511 0.000582763 0.000474912 0.000199163 2.3183e-05
threshold=0.25712083558513515 0.492157898488434 0.0008241797418892927 58.131858407079655 5.2761799410029502 1.0018305533243181 0.00016312860121693844 1.0000000180025095e-35 0.033904386879576441 0.0031557636082888509 1954173.5000000002 1.0000000180025095e-35 0.00016312860121693844 2568720.5000000005 0.028990083005030132 1954173.5000000002 0.11090058665983916 0.26303363980194006 1.2888720714562938e-05 0.0003056025173114538 0.0015025728807441169 81.000000000000014 0.030939708342648631 0.7396460176991152 9679825.0000000019 0.054761930855351797
decision_type=2 2 2 2 2 2 2 2 2 2 2 2 2 2 2 2 2 2 2 2 2 2 2 2 2 2
left_child=1 2 3 4 5 7 -7 9 -9 10 11 12 -1 15 -15 16 22 -18 24 -20 -21 -13 -11 -19 -12 -10
right_child=-2 -3 -4 -5 -6 6 -8 8 25 13 18 21 -14 14 -16 -17 17 23 19 20 -22 -23 -24 -25 -26 -27
leaf_value=0.057726661999612364 3.0416179130909883e-09 -0.00045963197411502676 0.00039207919088415368 1.2849150081706285e-07 -0.00013833940971537119 -0.00026839222359988926 0.0017849071095284331 -0.0022733940421995058 0.00096275788597317564 0.00017635809027218843 0.00014193514431255495 -2.5269474734912478e-07 9.6738602522350458e-06 0.0018868657877320061 0.0004391410936566587 -0.00015456606333543734 -0.013892475459345733 0.00097941562151326877 -0.0011343663494955082 0.00033157495150462071 -9.4678948204318669e-05 0.00732004515361755 0.0042696393358390592 0.00052723867304180769 -0.012602407799091608 0.0053031002501512606
leaf_weight=27 23 39 31 21 20 28 20 20 24 32 21 35 23 23 37 20 21 24 39 31 20 36 20 21 20 20
leaf_count=27 23 39 31 21 20 28 20 20 24 32 21 35 23 23 37 20 21 24 39 31 20 36 20 21 20 20
internal_value=0 -5.67933e-05 8.10657e-05 -8.03415e-06 -5.01913e-05 4.57649e-06 -0.0007039 7.07377e-05 -0.000375504 0.000134203 -2.46912e-05 0.000234405 0.000847237 0.000336433 0.000735527 0.000162913 0.000288671 -8.9757e-06 -0.000264009 -0.000474719 -0.000122581 -0.000197167 0.000666454 0.000465277 0.000198525 0.000257107
internal_weight=0 673 634 603 582 562 48 514 64 450 252 121 50 198 60 138 118 66 131 90 51 71 52 45 41 44
internal_count=696 673 634 603 582 562 48 514 64 450 252 121 50 198 60 138 118 66 131 90 51 71 52 45 41 44
is_linear=0
shrinkage=0.1


Tree=197
num_leaves=27
num_cat=0
split_feature=26 48 48 49 3 3 3 1 1 1 3 3 3 5 3 1 3 1 3 3 1 70 26 1 3 3
split_gain=0.0333371 0.0240388 0.00838009 0.00383758 0.00286763 0.00504059 0.0024267 0.00297955 0.00508449 0.00340413 0.00176531 0.00400146 0.0024086 0.00169825 0.0013298 0.00139744 0.0011451 0.00114447 0.00145629 0.00106005 0.000862109 0.00222628 0.00141833 0.00501223 0.000898409 4.74786e-05
threshold=0.25712083558513515 0.34790429800275396 0.0008241797418892927 45742290.000000007 58.131858407079655 5.2761799410029502 7.2349947797740243e-05 5.5000000000000009 134628.00000000003 25540032.000000004 0.03778523035077342 0.0056188674499033356 0.0026284349997594118 1.0202733109647493 0.30127312263560818 2568720.5000000005 0.015508617519528737 2786396.5000000005 0.00073178285835878481 0.11090058665983916 82083.500000000015 65.000000000000014 3.6383723723400647e-05 1140689.0000000002 1.0929061987618111e-05 8.4285383418580678e-07
decision_type=2 2 2 2 2 2 2 2 2 2 2 2 2 2 2 2 2 2 2 2 2 2 2 2 2 2
left_child=1 2 4 -3 5 6 13 -8 19 10 11 12 17 20 15 -12 -13 18 -10 -9 21 -1 23 -22 25 -25
right_child=-2 3 -4 -5 -6 -7 7 8 9 -11 14 16 -14 -15 -16 -17 -18 -19 -20 -21 22 -23 -24 24 -26 -27
leaf_value=2.5939997080115521e-06 2.7374561284432276e-09 -0.0019380463269215388 0.00040615163634623032 -0.0003216569501985234 1.1564235080641083e-07 -0.000124505468743763 -0.012176308357747169 0.00051805539290938896 8.0832064291769257e-05 0.0021229166295750447 0.0083017616368749724 -0.0017090777909764656 0.00015562177028130011 -0.00086814765720149016 -0.0020460546379794664 0.00020489498639300054 -0.00013910945700175149 -0.0011702349318298388 -8.521105338417102e-05 0.00047451480573741379 -0.040570866731140853 -2.274252725698034e-07 0.00086648209737578703 9.1322118549896924e-06 -0.0011500633045656628 0.00070507196832281238
leaf_weight=40 23 22 28 20 21 20 31 34 26 24 22 22 26 23 20 26 22 33 27 31 20 39 31 21 22 22
leaf_count=40 23 22 28 20 21 20 31 34 26 24 22 22 26 23 20 26 22 33 27 31 20 39 31 21 22 22
internal_value=0 -6.33753e-05 9.08155e-05 -0.00237991 1.22865e-05 -2.91374e-05 2.63796e-05 0.0001918 0.00028442 7.80803e-05 -4.31911e-05 -0.000228535 8.89071e-05 -0.000234651 0.000382009 0.000667461 -0.00103657 -0.000166076 0.000121778 0.00107168 -0.000138794 0.000115994 -0.000312314 -0.000523484 -9.75281e-05 0.000168396
internal_weight=0 673 631 42 603 582 562 344 313 248 224 156 112 218 68 48 44 86 53 65 195 79 116 85 65 43
internal_count=696 673 631 42 603 582 562 344 313 248 224 156 112 218 68 48 44 86 53 65 195 79 116 85 65 43
is_linear=0
shrinkage=0.1


Tree=198
num_leaves=26
num_cat=0
split_feature=26 48 48 3 3 27 25 26 3 3 3 1 3 3 1 1 68 3 5 3 3 1 3 70 3
split_gain=0.0325086 0.0215761 0.00929514 0.00273744 0.00521865 0.00182385 0.00281741 0.00642394 0.00146463 0.00277167 0.0029895 0.0011482 0.00109776 0.00219717 0.00122381 0.000834228 0.00243381 0.00242994 0.00101574 0.00267774 0.00335159 0.00152393 0.0011576 0.000901511 0.000289054
threshold=0.25712083558513515 0.492157898488434 0.0008241797418892927 58.131858407079655 5.2761799410029502 3.3750000000000004 1.0000000180025095e-35 0.033904386879576441 0.024358926698213167 0.0056188674499033356 0.0033147786100265644 65.500000000000014 0.35754236806108769 0.1406638946985794 15055.000000000002 1954173.5000000002 1.0000000180025095e-35 0.00016312860121693844 1.0000000180025095e-35 0.00078629042081069329 8.4285383418580678e-07 9679825.0000000019 0.0001448077233852178 81.000000000000014 0.041415671143085135
decision_type=2 2 2 2 2 2 2 2 2 2 2 2 2 2 2 2 2 2 2 2 2 2 2 2 2
left_child=1 2 3 4 5 6 8 -8 9 10 15 -10 13 14 -13 16 17 -1 22 20 -20 -22 -17 -18 -16
right_child=-2 -3 -4 -5 -6 -7 7 -9 11 -11 -12 12 -14 -15 24 18 23 -19 19 -21 21 -23 -24 -25 -26
leaf_value=0.051945912593222232 2.4637105244806891e-09 -0.00028949125517865328 0.00031225610816107977 1.0407811572576976e-07 -0.00011205492186974198 0.0059904210609108338 -0.005623576502413386 0.00077983388763822612 -0.010958677521972505 -0.0001715822078796947 0.00028031493319531365 0.0001069167419540662 -0.0060849162304620567 0.0010860795231600663 0.0014587887015522938 -0.00090624732095037077 -2.0468274533058662e-07 -0.00011911925727901008 0.00012682840869544522 0.00014005959325302797 -0.0012985959962158234 -0.0062826265037760013 -7.6689948046038128e-05 0.0065880633807831046 -0.0084135895822736728
leaf_weight=27 23 39 31 21 20 22 20 25 32 35 20 20 27 21 20 21 35 25 23 23 37 34 27 36 32
leaf_count=27 23 39 31 21 20 22 20 25 32 35 20 20 27 21 20 21 35 25 23 23 37 34 27 36 32
internal_value=0 -1.49648e-05 0.000125467 3.865e-05 -1.82261e-06 5.46665e-05 1.83051e-05 -0.000739268 8.71753e-05 -2.73327e-05 6.84929e-05 0.000345572 0.000487501 0.00065047 0.000387967 -1.3607e-05 0.000183515 0.000703293 -0.000160553 -1.63336e-06 -0.000238275 -0.000578132 -0.000547918 -0.000197167 0.000132283
internal_weight=0 673 634 603 582 562 540 45 495 343 308 152 120 93 72 288 123 52 165 117 94 71 48 71 52
internal_count=696 673 634 603 582 562 540 45 495 343 308 152 120 93 72 288 123 52 165 117 94 71 48 71 52
is_linear=0
shrinkage=0.1


Tree=199
num_leaves=25
num_cat=0
split_feature=26 48 48 3 3 25 10 3 1 3 3 3 3 1 3 3 70 70 3 5 1 3 3 3
split_gain=0.0329073 0.0211365 0.00957032 0.00286627 0.00504242 0.00171749 0.00336057 0.00143281 0.0044875 0.00233282 0.00389719 0.00124677 0.00317005 0.00130828 0.00171678 0.0010226 0.000614682 0.00146008 0.000897731 0.000814895 0.0013382 0.000703844 0.000971331 0.000642469
threshold=0.25712083558513515 0.492157898488434 0.0008241797418892927 58.131858407079655 5.2761799410029502 1.5000000000000002 1.0000000180025095e-35 0.03778523035077342 5.5000000000000009 0.35754236806108769 0.14428571428571432 0.0056188674499033356 0.0033147786100265644 298234.50000000006 0.017533263330678322 0.064091250911766665 65.000000000000014 48.000000000000007 3.0167898363362526e-06 1.000364323403246 1954173.5000000002 0.0016755108030744148 0.0003056025173114538 4.9467795959366559e-05
decision_type=2 2 2 2 2 2 2 2 2 2 2 2 2 2 2 2 2 2 2 2 2 2 2 2
left_child=1 2 3 4 5 6 7 11 -9 10 15 12 16 -13 -15 -10 17 18 -1 20 -20 22 23 -22
right_child=-2 -3 -4 -5 -6 -7 -8 8 9 -11 -12 13 -14 14 -16 -17 -18 -19 19 -21 21 -23 -24 -25
leaf_value=-0.0026269571422723459 2.2173394675917282e-09 -0.00026054212966082347 0.00028103049734493627 9.3670303868975685e-08 -0.00010084942968262567 0.00070185049887445678 -4.7611751725895604e-05 -0.009862809769775183 0.012475027214705392 -0.0012790915239401458 0.0022007245862049273 1.7070099497118465e-05 0.00025228343987606652 -0.00032422257376794054 -0.00015442398709168971 -0.0075722306240464839 -1.8421447078864617e-07 2.3550680117168099e-06 8.0168726911011848e-05 0.0042269916309571444 -0.0008156225888555469 -6.902095324150537e-05 0.00029800324472972761 -0.00079278538463256609
leaf_weight=36 23 39 31 21 20 32 34 31 20 35 31 27 20 23 22 24 39 21 36 25 26 20 33 27
leaf_count=36 23 39 31 21 20 32 34 31 20 35 31 27 20 23 22 24 39 21 36 25 26 20 33 27
internal_value=0 -3.83416e-05 0.000100652 1.25595e-05 -2.88545e-05 2.66726e-05 -1.62827e-05 4.96449e-05 0.00031933 0.000618817 0.000933409 -5.74696e-05 3.70564e-05 -0.000429009 -0.000759196 0.000328347 -5.52383e-05 8.55214e-06 -7.35635e-05 2.40743e-05 -6.86126e-05 -0.000247515 -0.000123249 -0.000388437
internal_weight=0 673 634 603 582 562 530 496 141 110 75 355 283 72 45 44 263 224 203 167 142 106 86 53
internal_count=696 673 634 603 582 562 530 496 141 110 75 355 283 72 45 44 263 224 203 167 142 106 86 53
is_linear=0
shrinkage=0.1


end of trees

feature_importances:
TableScan_Scan_out_percentage=2180
TableScan_Scan_in_card=1101
GroupBy_Scan_out_size=297
TableScan_Scan_compare_percentage=247
IndexNLJoin_Probe_in_percentage=232
Select_PassThrough_in_percentage=228
Select_PassThrough_out_percentage=177
IndexNLJoin_Probe_right_card=143
Select_PassThrough_const=125
GroupBy_Scan_const=80
IndexNLJoin_Probe_const=47
TableScan_Scan_empty_output=40
IndexNLJoin_Probe_out_percentage=40
HashJoin_Probe_const=14
HashJoin_Probe_out_percentage=6
HashJoin_Probe_right_percentage=4
TableScan_Scan_const=1
HashJoin_Probe_in_card=1

parameters:
[boosting: gbdt]
[objective: mape]
[metric: mape]
[tree_learner: serial]
[device_type: cpu]
[data_sample_strategy: bagging]
[data: ]
[valid: ]
[num_iterations: 100]
[learning_rate: 0.1]
[num_leaves: 31]
[num_threads: 0]
[seed: 0]
[deterministic: 0]
[force_col_wise: 0]
[force_row_wise: 0]
[histogram_pool_size: -1]
[max_depth: -1]
[min_data_in_leaf: 20]
[min_sum_hessian_in_leaf: 0.001]
[bagging_fraction: 1]
[pos_bagging_fraction: 1]
[neg_bagging_fraction: 1]
[bagging_freq: 0]
[bagging_seed: 3]
[feature_fraction: 1]
[feature_fraction_bynode: 1]
[feature_fraction_seed: 2]
[extra_trees: 0]
[extra_seed: 6]
[early_stopping_round: 0]
[early_stopping_min_delta: 0]
[first_metric_only: 0]
[max_delta_step: 0]
[lambda_l1: 0]
[lambda_l2: 0]
[linear_lambda: 0]
[min_gain_to_split: 0]
[drop_rate: 0.1]
[max_drop: 50]
[skip_drop: 0.5]
[xgboost_dart_mode: 0]
[uniform_drop: 0]
[drop_seed: 4]
[top_rate: 0.2]
[other_rate: 0.1]
[min_data_per_group: 100]
[max_cat_threshold: 32]
[cat_l2: 10]
[cat_smooth: 10]
[max_cat_to_onehot: 4]
[top_k: 20]
[monotone_constraints: ]
[monotone_constraints_method: basic]
[monotone_penalty: 0]
[feature_contri: ]
[forcedsplits_filename: ]
[refit_decay_rate: 0.9]
[cegb_tradeoff: 1]
[cegb_penalty_split: 0]
[cegb_penalty_feature_lazy: ]
[cegb_penalty_feature_coupled: ]
[path_smooth: 0]
[interaction_constraints: ]
[verbosity: 2]
[saved_feature_importance_type: 0]
[use_quantized_grad: 0]
[num_grad_quant_bins: 4]
[quant_train_renew_leaf: 0]
[stochastic_rounding: 1]
[linear_tree: 0]
[max_bin: 255]
[max_bin_by_feature: ]
[min_data_in_bin: 3]
[bin_construct_sample_cnt: 200000]
[data_random_seed: 1]
[is_enable_sparse: 1]
[enable_bundle: 1]
[use_missing: 1]
[zero_as_missing: 0]
[feature_pre_filter: 1]
[pre_partition: 0]
[two_round: 0]
[header: 0]
[label_column: ]
[weight_column: ]
[group_column: ]
[ignore_column: ]
[categorical_feature: ]
[forcedbins_filename: ]
[precise_float_parser: 0]
[parser_config_file: ]
[objective_seed: 5]
[num_class: 1]
[is_unbalance: 0]
[scale_pos_weight: 1]
[sigmoid: 1]
[boost_from_average: 1]
[reg_sqrt: 0]
[alpha: 0.9]
[fair_c: 1]
[poisson_max_delta_step: 0.7]
[tweedie_variance_power: 1.5]
[lambdarank_truncation_level: 30]
[lambdarank_norm: 1]
[label_gain: ]
[lambdarank_position_bias_regularization: 0]
[eval_at: ]
[multi_error_top_k: 1]
[auc_mu_weights: ]
[num_machines: 1]
[local_listen_port: 12400]
[time_out: 120]
[machine_list_filename: ]
[machines: ]
[gpu_platform_id: -1]
[gpu_device_id: -1]
[gpu_use_dp: 0]
[num_gpu: 1]

end of parameters

pandas_categorical:null
