tree
version=v4
num_class=1
num_tree_per_iteration=1
label_index=0
max_feature_idx=152
objective=mape
feature_names=pg_card_sum pg_card_max pg_est_cost_sum pg_est_cost_max pg_est_startup_sum pg_workers_planned_sum pg_est_width_avg pg_num_scan pg_num_join pg_num_sort pg_num_agg pg_num_temp pg_num_select pg_scan_act_card_sum pg_scan_has_filter pg_filter_and_count pg_filter_or_count pg_filter_compare_count pg_filter_like_count pg_filter_in_count pg_table_id_sum pg_pipeline_num_ops pg_pipeline_root_act_card Aggregate_const Aggregate_out_card Aggregate_out_size Aggregate_in_percentage Aggregate_out_percentage Bitmap_Heap_Scan_const Bitmap_Heap_Scan_in_card Bitmap_Heap_Scan_in_size Bitmap_Heap_Scan_out_percentage Bitmap_Heap_Scan_like_percentage Bitmap_Heap_Scan_compare_percentage Bitmap_Heap_Scan_in_expression_percentage Bitmap_Heap_Scan_or_exp_percentage Bitmap_Heap_Scan_empty_output Bitmap_Index_Scan_const Bitmap_Index_Scan_in_card Bitmap_Index_Scan_in_size Bitmap_Index_Scan_out_percentage Bitmap_Index_Scan_like_percentage Bitmap_Index_Scan_compare_percentage Bitmap_Index_Scan_in_expression_percentage Bitmap_Index_Scan_or_exp_percentage Bitmap_Index_Scan_empty_output Finalize_Aggregate_const Finalize_Aggregate_out_card Finalize_Aggregate_out_size Finalize_Aggregate_in_percentage Finalize_Aggregate_out_percentage Gather_const Gather_in_percentage Gather_out_percentage Gather_Merge_const Gather_Merge_in_percentage Gather_Merge_out_percentage Hash_const Hash_out_card Hash_out_size Hash_in_percentage Hash_Join_const Hash_Join_in_card Hash_Join_right_percentage Hash_Join_out_percentage Index_Only_Scan_const Index_Only_Scan_in_card Index_Only_Scan_in_size Index_Only_Scan_out_percentage Index_Only_Scan_like_percentage Index_Only_Scan_compare_percentage Index_Only_Scan_in_expression_percentage Index_Only_Scan_or_exp_percentage Index_Only_Scan_empty_output Index_Scan_const Index_Scan_in_card Index_Scan_in_size Index_Scan_out_percentage Index_Scan_like_percentage Index_Scan_compare_percentage Index_Scan_in_expression_percentage Index_Scan_or_exp_percentage Index_Scan_empty_output Materialize_const Materialize_out_card Materialize_out_size Materialize_in_percentage Merge_Join_const Merge_Join_in_card Merge_Join_right_percentage Merge_Join_out_percentage Nested_Loop_const Nested_Loop_in_percentage Nested_Loop_right_card Nested_Loop_out_percentage Parallel_Bitmap_Heap_Scan_const Parallel_Bitmap_Heap_Scan_in_card Parallel_Bitmap_Heap_Scan_in_size Parallel_Bitmap_Heap_Scan_out_percentage Parallel_Bitmap_Heap_Scan_like_percentage Parallel_Bitmap_Heap_Scan_compare_percentage Parallel_Bitmap_Heap_Scan_in_expression_percentage Parallel_Bitmap_Heap_Scan_or_exp_percentage Parallel_Bitmap_Heap_Scan_empty_output Parallel_Index_Only_Scan_const Parallel_Index_Only_Scan_in_card Parallel_Index_Only_Scan_in_size Parallel_Index_Only_Scan_out_percentage Parallel_Index_Only_Scan_like_percentage Parallel_Index_Only_Scan_compare_percentage Parallel_Index_Only_Scan_in_expression_percentage Parallel_Index_Only_Scan_or_exp_percentage Parallel_Index_Only_Scan_empty_output Parallel_Index_Scan_const Parallel_Index_Scan_in_card Parallel_Index_Scan_in_size Parallel_Index_Scan_out_percentage Parallel_Index_Scan_like_percentage Parallel_Index_Scan_compare_percentage Parallel_Index_Scan_in_expression_percentage Parallel_Index_Scan_or_exp_percentage Parallel_Index_Scan_empty_output Parallel_Seq_Scan_const Parallel_Seq_Scan_in_card Parallel_Seq_Scan_in_size Parallel_Seq_Scan_out_percentage Parallel_Seq_Scan_like_percentage Parallel_Seq_Scan_compare_percentage Parallel_Seq_Scan_in_expression_percentage Parallel_Seq_Scan_or_exp_percentage Parallel_Seq_Scan_empty_output Partial_Aggregate_const Partial_Aggregate_out_card Partial_Aggregate_out_size Partial_Aggregate_in_percentage Partial_Aggregate_out_percentage Seq_Scan_const Seq_Scan_in_card Seq_Scan_in_size Seq_Scan_out_percentage Seq_Scan_like_percentage Seq_Scan_compare_percentage Seq_Scan_in_expression_percentage Seq_Scan_or_exp_percentage Seq_Scan_empty_output Sort_const Sort_out_card Sort_out_size Sort_in_percentage Sort_out_percentage Other_const Other_in_percentage Other_out_percentage
feature_infos=[2:170724121] [2:169418866] [30.489999999999995:4451458371.6000004] [28.82:3125490110.6299996] [11.039999999999999:3977977787.6400003] [0:34] [8:740] [1:17] [0:16] [0:5] [1:2] [0:4] [0:3] [1:52586890] [0:12] [0:10] [0:5] [0:20] [0:8] [0:6] [0:190] [2:36] [2:18] [0:1] [0:1] [0:192] [0:129109114] [0:1] [0:3] [0:7105069] [0:230] [0:3] [0:1] [0:2.6666666666666665] [0:1] [0:0.33333333333333331] none none none none none none none none none none [0:1] [0:1] [0:96] [0:3] [0:1] [0:3] [0:2000405] [0:6001215] [0:1] [0:776992] [0:2330975] none none none none [0:7] [0:55080734] [0:31427301] [0:125588822.26266] [0:5] [0:39962636] [0:50] [0:5] [0:1] [0:5] [0:1] [0:0.33333333333333331] none [0:8] [0:47349084] [0:108] [0:5] [0:1] [0:5.0666666666666664] [0:1] [0:0.53333333333333333] [0:4] [0:4] [0:84368118] [0:227] [0:12688461] [0:4] [0:14783620] [0:14779901] [0:79798534.999656171] [0:10] [0:6944713] [0:11349146] [0:58327291] [0:1] [0:1325794] [0:44] [0:1] [0:1] [0:1] [0:1] [0:0.33333333333333331] none [0:1] [0:5401933] [0:21] [0:1] [0:1] [0:1] [0:1] [0:0.33333333333333331] none [0:1] [0:4933713] [0:36] [0:1] [0:1] [0:1] [0:1] [0:0.33333333333333331] none [0:3] [0:17026688] [0:127] [0:3] [0:2.25] [0:3] [0:2] [0:0.45833333333333331] none [0:1] [0:1] [0:96] [0:133562483] [0:1] [0:7] [0:51225193] [0:270] [0:7] [0:4] [0:5] [0:3] [0:0.91666666666666652] none [0:5] [0:75805814] [0:161] [0:10570873] [0:75805814] none none none
tree_sizes=2947 2987 2983 2982 2992 2994 3004 2993 3003 3010 3010 3026 3017 3022 3013 3026 3027 3017 3038 3023 3020 3035 3026 3042 3046 3016 3030 3043 3035 3053 3046 3041 3022 3045 3058 3049 3059 3056 3039 3057 3069 3036 3050 3056 3071 3045 3056 3054 3051 3053 3044 3068 3044 3040 3044 3061 3041 3057 3049 3055 3034 3067 3051 3057 3060 3033 3052 3077 3065 3046 3051 3046 3046 3054 3046 3030 3038 3058 3039 3079 3031 3053 3052 3033 3000 3026 3063 3032 3068 3032 2997 3051 3018 3025 3018 2961 3045 3016 3057 3064 3015 3049 3018 2998 2993 2996 3053 3038 3043 3061 3019 2993 3037 3034 3025 2989 3004 3021 3017 3015 3004 2977 3059 3030 2979 2994 3020 3030 3002 3009 3053 2994 3014 3021 2975 3046 3016 3027 3002 2932 3004 3019 2964 3008 2989 3040 3003 3026 3018 2960 2988 3023 2985 2990 3025 2990 2974 2983 2975 3021 3035 2990 3000 3056 2972 2989 2956 2977 3003 3027 3022 2971 3015 2997 2944 3053 3020 2944 3049 3064 3026 3013 3009 2957 2960 3023 2994 2930 3005 3017 3005 2951 2972 2993 2921 3046 2923 2940 3003 2982

Tree=0
num_leaves=31
num_cat=0
split_feature=4 0 0 2 137 0 94 123 4 0 137 0 4 4 76 0 0 1 2 123 20 123 137 134 0 0 1 4 0 124
split_gain=75676.9 22393.6 3120.66 6126.99 2046.38 1905.42 1464.86 1088.86 844.765 986.487 1402.36 697.239 1387.15 686.194 637.075 592.103 500.962 449.104 433.492 400.666 391.956 381.735 351.365 348.526 347.4 334.268 320.381 279.026 255.217 253.794
threshold=402040.90000000008 3079883.5000000005 785264.50000000012 1079872.6400000004 1387322.0000000002 11006397.000000002 66619.500000000015 3793769.5000000005 107145.25000000001 2022352.0000000002 82233.000000000015 1827675.5000000002 590421.90000000014 633407.55500000005 10.500000000000002 3590681.0000000005 631655.00000000012 343896.00000000006 878229.92500000016 574758.00000000012 19.500000000000004 1537919.0000000002 2963820.0000000005 1369314.5000000002 4962793.5000000009 480874.50000000006 933546.50000000012 242110.36000000002 12551014.000000002 8.5000000000000018
decision_type=2 2 2 2 2 2 2 2 2 2 2 2 2 2 2 2 2 2 2 2 2 2 2 2 2 2 2 2 2 2
left_child=1 4 3 13 6 11 8 15 25 18 23 12 20 -2 -5 21 -8 -16 19 26 -4 -3 -13 -11 -9 -1 -10 -6 -17 -12
right_child=2 7 5 14 27 -7 16 24 9 10 29 22 -14 -15 17 28 -18 -19 -20 -21 -22 -23 -24 -25 -26 -27 -28 -29 -30 -31
leaf_value=0.2379224792122841 0.091070947742222866 0.039222964892479915 0.063293631872431338 -0.0068575804010103034 0.058507300314845689 -0.17227475494146349 0.096834839897343275 0.063788717240095133 0.14932077080011369 0.079158683039258632 0.055819157368701092 -0.028146236128594015 0.0045643517975313824 0.047760006193674445 0.078471380507050048 0.013103379623471766 0.0079884721813861803 0.025000988156161849 0.063312316215411807 0.12225010678935631 0.036347053835732356 0.058545259136982254 -0.10510297864675522 0.059553006768963357 0.033750755578765945 0.15685552507638933 0.076536120404892924 0.026358790895771155 -0.13106348365545273 0.032921426102344074
leaf_weight=34521 5393 1756 2345 9289 332 31468 847 619 39495 4759 1744 52729 6245 1341 767 9108 1315 546 1107 15252 1296 771 7362 1820 128 12813 6631 976 2165 977
leaf_count=34521 5393 1756 2345 9289 332 31468 847 619 39495 4759 1744 52729 6245 1341 767 9108 1315 546 1107 15252 1296 771 7362 1820 128 12813 6631 976 2165 977
internal_value=0.0539643 0.104575 -0.00446412 0.0347453 0.118495 -0.0111646 0.119837 -0.0127324 0.121318 0.128156 0.0977697 -0.0203551 0.00425467 0.10934 -0.0126344 -0.0190977 0.0382606 0.0525665 0.132678 0.133797 0.0533125 0.0246521 -0.0244038 0.122743 0.10486 0.110947 0.129151 -0.00591624 -0.0289049 0.0373882
internal_weight=0 137136 118781 17336 122589 101445 121281 14547 119119 71785 9300 69977 9886 6734 10602 13800 2162 1313 62485 61378 3641 2527 60091 6579 747 47334 46126 1308 11273 2721
internal_count=255917 137136 118781 17336 122589 101445 121281 14547 119119 71785 9300 69977 9886 6734 10602 13800 2162 1313 62485 61378 3641 2527 60091 6579 747 47334 46126 1308 11273 2721
is_linear=0
shrinkage=1


Tree=1
num_leaves=31
num_cat=0
split_feature=4 0 0 2 0 1 137 0 4 2 123 4 0 123 137 49 94 0 4 91 13 137 134 137 4 20 94 0 94 0
split_gain=71741.2 19920.7 3697.27 6033.77 1506.11 1497.86 1456.42 1223.19 1048.24 1014.97 931.983 916.43 874.758 734.328 709.264 627.93 509.064 506.083 788.295 482.349 378.731 375.673 514.228 372.866 340.702 302.781 285.399 359.741 279.358 273.167
threshold=384193.1750000001 3046715.0000000005 909247.50000000012 957854.74500000011 11006397.000000002 1602601.0000000002 135114.50000000003 3805184.0000000005 107145.25000000001 1373121.2150000001 2656382.0000000005 432900.95500000013 3590681.0000000005 1124145.5000000002 181707.00000000003 2.5000000000000004 1665.0277777777781 2305995.0000000005 590421.90000000014 1.0000000180025095e-35 397052.50000000006 75585.000000000015 492958.50000000006 1634048.0000000002 208252.43500000003 35.500000000000007 66619.500000000015 493138.00000000006 161363.25630252104 1636819.5000000002
decision_type=2 2 2 2 2 2 2 2 2 2 2 2 2 2 2 2 2 2 2 2 2 2 2 2 2 2 2 2 2 2
left_child=1 5 3 20 11 8 13 10 26 19 24 12 14 16 -4 29 -7 18 25 -5 -2 28 -23 -19 -3 -13 27 -1 -17 -10
right_child=2 7 4 9 -6 6 -8 -9 15 -11 -12 17 -14 -15 -16 21 -18 23 -20 -21 -22 22 -24 -25 -26 -27 -28 -29 -30 -31
leaf_value=0.16522814735770228 0.039578625724308689 -0.00094710651951373484 0.0084296430759505016 -0.015720273088286579 -0.20315309301018716 0.014650431556073719 -0.012971538351366102 -0.050246315028062177 0.034875037973541523 -0.065417756890596965 0.0086295107713841197 0.00095706109429693131 -0.036940420368232599 0.026552729478586223 -0.027703306420668317 0.07917589517796074 -0.033886654400005718 -0.075486857655151382 -0.047630636720899809 0.01983652525801885 0.0064524725190736642 0.04149925627453916 0.0055779031640376146 -0.12238604138424143 -0.013934073112969939 -0.024754987127295618 -0.027680509872275851 0.09985811099410058 -0.02620553799836832 -0.028711751648370365
leaf_weight=34959 5065 1334 2158 2824 31621 2353 2888 9807 4623 8439 935 2571 2222 3373 1094 45376 712 37289 8297 1449 1526 12206 1997 16191 1816 1056 587 10729 145 275
leaf_count=34959 5065 1334 2158 2824 31621 2353 2888 9807 4623 8439 935 2571 2222 3373 1094 45376 712 37289 8297 1449 1526 12206 1997 16191 1816 1056 587 10729 145 275
internal_value=0 0.0506642 -0.055351 -0.0152033 -0.0629118 0.0637651 0.0252746 -0.0627128 0.067002 -0.0554612 -0.0167363 -0.0710083 -0.0317037 0.0517424 0.00133996 0.0752292 0.0163131 -0.0742979 -0.0556688 -0.0157513 0.0624417 0.0780521 0.0638535 -0.0784515 -0.0427594 -0.0167804 0.0555129 0.056403 0.0824822 0.0408076
internal_weight=0 134115 121802 19303 102499 120223 9326 13892 110897 12712 4085 70878 5474 6438 3252 64622 3065 65404 11924 4273 6591 59724 14203 53480 3150 3627 46275 45688 45521 4898
internal_count=255917 134115 121802 19303 102499 120223 9326 13892 110897 12712 4085 70878 5474 6438 3252 64622 3065 65404 11924 4273 6591 59724 14203 53480 3150 3627 46275 45688 45521 4898
is_linear=0
shrinkage=0.1


Tree=2
num_leaves=31
num_cat=0
split_feature=4 0 0 2 0 137 0 0 4 0 4 49 4 62 4 123 18 3 94 137 123 1 94 90 4 4 94 4 6 94
split_gain=67917 20742.4 2732.35 3905.35 2077.61 1637.72 1372.19 1326.89 994.661 974.376 1461.45 806.176 751.64 747.963 658.561 578.043 433.778 409.321 392.562 374.246 369.012 493.752 405.69 348.832 318.624 313.996 305.456 351.679 300.939 295.332
threshold=411601.66000000009 2990627.0000000005 553272.50000000012 1202994.5950000002 1986274.0000000002 117071.50000000001 3827750.0000000005 12203388.500000002 107145.25000000001 2363856.0000000005 553960.16000000015 2.5000000000000004 1029824.7200000001 3500413.0000000005 633407.55500000005 1408426.0000000002 1.0000000180025095e-35 270070.27500000008 149713.00000000003 2963820.0000000005 574758.00000000012 794768.50000000012 3881.6250000000005 1.1039169040453178 198032.48500000002 729236.43500000017 1289.2936507936508 222846.84500000003 50.083333333333343 66619.500000000015
decision_type=2 2 2 2 2 2 2 2 2 2 2 2 2 2 2 2 2 2 2 2 2 2 2 2 2 2 2 2 2 2
left_child=1 4 3 14 8 15 13 9 29 10 16 24 -5 28 -2 26 -4 -7 20 -11 21 -13 -23 25 -10 -12 27 -6 -3 -1
right_child=2 6 7 12 5 17 -8 -9 11 19 23 18 -14 -15 -16 -17 -18 -19 -20 -21 -22 22 -24 -25 -26 -27 -28 -29 -30 -31
leaf_value=0.13136190102994441 0.031288448505491742 -0.0004413538466623887 0.0075602727304629434 -0.012965164435382018 0.015446673400622469 0.00098798755801952909 -0.047159424925191658 -0.19483691395819189 0.042139973516716264 -0.073064833681145927 -0.021510748070656949 0.081166089055573903 -0.073646229977530994 0.0094892062515134698 -0.0028930405622036742 0.021094266483054423 -0.016691861101373506 -0.021868245215220981 -0.02445297090976134 -0.13946096642799163 0.054842485238152744 0.021441801937526737 -0.0068021879675851538 0.012376701090533961 0.0040083322668709809 -0.049899033023838968 -0.038907129666570985 -0.0015099724349295796 -0.0094705831876266619 -0.025065442212160366
leaf_weight=46072 4214 2296 3225 3573 1781 1727 10712 27643 2963 49609 4265 36538 4561 617 1812 4265 1298 2224 243 8603 14796 6337 860 388 2259 7603 450 1265 3084 634
leaf_count=46072 4214 2296 3225 3573 1781 1727 10712 27643 2963 49609 4265 36538 4561 617 1812 4265 1298 2224 243 8603 14796 6337 860 388 2259 7603 450 1265 3084 634
internal_value=0 0.0473805 -0.0560453 -0.0148667 0.0616461 0.0215937 -0.0571325 -0.0617266 0.0658835 -0.0686299 -0.0473984 0.0739814 -0.060069 -0.0188324 0.0461482 0.0482745 0.00118305 -0.0308158 0.0773269 -0.0747497 0.0778535 0.0732352 0.0492945 -0.065327 0.0363273 -0.0683775 0.0181309 0.0294922 -0.0307923 0.054788
internal_weight=0 139123 116794 14160 122414 11712 16709 102634 110702 74991 16779 63996 8134 5997 6026 7761 4523 3951 58774 58212 58531 43735 7197 12256 5222 11868 3496 3046 5380 46706
internal_count=255917 139123 116794 14160 122414 11712 16709 102634 110702 74991 16779 63996 8134 5997 6026 7761 4523 3951 58774 58212 58531 43735 7197 12256 5222 11868 3496 3046 5380 46706
is_linear=0
shrinkage=0.1


Tree=3
num_leaves=31
num_cat=0
split_feature=4 0 0 0 2 123 0 0 4 137 4 49 4 134 3 0 4 76 62 18 94 137 2 94 137 138 94 94 4 0
split_gain=63944.6 20650.7 2507.96 1841.63 3007.46 1802.09 1384.48 1205.28 1108.39 1046.63 970.457 746.336 709.284 706.029 649.162 590.476 870.686 509.248 466.363 401.483 398.764 380.795 496.345 320.039 318.973 308.903 296.934 284.89 332.682 284.216
threshold=443610.72500000003 2759147.5000000005 4208112.5000000009 568853.50000000012 1354748.0100000005 2419541.5000000005 1786674.0000000002 12203388.500000002 214492.32500000004 63748.000000000007 107145.25000000001 2.5000000000000004 641749.28500000015 460013.00000000006 231247.72500000003 2425434.5000000005 661403.40000000002 8.5000000000000018 1412037.0000000002 1.0000000180025095e-35 132583.75000000003 235000.50000000003 293223.52000000008 39093.500000000007 2963820.0000000005 20.500000000000004 418.98074534161498 57603.000000000007 193129.39500000005 480874.50000000006
decision_type=2 2 2 2 2 2 2 2 2 2 2 2 2 2 2 2 2 2 2 2 2 2 2 2 2 2 2 2 2 2
left_child=1 6 5 4 12 8 10 15 25 18 23 27 -2 -7 -11 16 19 -6 26 -5 21 -13 -23 29 -17 -3 -8 28 -12 -1
right_child=3 2 -4 7 17 13 9 -9 -10 14 11 20 -14 -15 -16 24 -18 -19 -20 -21 -22 22 -24 -25 -26 -27 -28 -29 -30 -31
leaf_value=0.13638548773378134 0.024770785403069536 0.0028549587702008622 -0.057604468048785155 -0.0015956482917203825 -0.059549912237412843 0.010826158841180461 0.010767070456454383 -0.1760964686408639 -0.016026936440898972 0.0060635255927263109 0.043199865316835361 0.064359850582221323 -0.0044057335111586547 -0.00042732010136277009 -0.010678414565327681 -0.068901924515778937 -0.039734795835067144 0.012582627331208044 0.02549354864161359 -0.022590262570145778 -0.014917424430170753 0.031256391215718618 0.0030238478972412636 0.000581045341062587 -0.1267615505765011 -0.020356918442143129 -0.021276564206904214 -0.027048367588952349 0.0070206767320250656 0.078424029885232449
leaf_weight=34264 3620 2699 10520 4247 6384 2285 2906 27402 4667 2865 2598 50897 2846 1529 2910 46575 9677 546 3635 1908 326 4402 1904 1102 8526 508 527 294 2311 11037
leaf_count=34264 3620 2699 10520 4247 6384 2285 2906 27402 4667 2865 2598 50897 2846 1529 2910 46575 9677 546 3635 1908 326 4402 1904 1102 8526 508 527 294 2311 11037
internal_value=0 0.0448144 -0.0438792 -0.0559723 -0.0211882 -0.0119974 0.0609624 -0.0607109 -0.0393256 0.029906 0.0646171 0.0727274 0.0278643 0.0444217 -0.00167571 -0.067592 -0.0505708 -0.0669564 0.0557102 -0.021166 0.0760076 0.0766361 0.0534566 0.0536529 -0.0724826 0.00593482 0.0292783 0.0364581 0.0421846 0.0549482
internal_weight=0 144186 22208 111731 13396 11688 121978 98335 7874 12843 109135 62732 6466 3814 5775 70933 15832 6930 7068 6155 57529 57203 6306 46403 55101 3207 3433 5203 4909 45301
internal_count=255917 144186 22208 111731 13396 11688 121978 98335 7874 12843 109135 62732 6466 3814 5775 70933 15832 6930 7068 6155 57529 57203 6306 46403 55101 3207 3433 5203 4909 45301
is_linear=0
shrinkage=0.1


Tree=4
num_leaves=31
num_cat=0
split_feature=4 0 4 0 0 123 64 4 94 0 123 4 137 4 0 13 2 134 20 93 20 92 2 134 137 138 18 94 137 134
split_gain=59239.6 15135.2 3808.29 3126.23 2324 1602.73 1312.54 1142.67 1137.06 783.661 962.15 775.53 843.042 896.829 764.306 901.827 1798.87 457.805 432.378 401.89 373.051 368.248 480.564 548.393 427.769 363.737 343.315 328.015 321.049 318.83
threshold=384193.1750000001 2363856.0000000005 533972.52500000014 926658.50000000012 3953693.5000000005 2230859.0000000005 0.14736854960201071 214492.32500000004 57603.000000000007 3885450.5000000005 2036382.5000000002 107145.25000000001 117071.50000000001 209650.23500000004 13512798.500000002 397052.50000000006 1829128.6800000004 901121.50000000012 15.500000000000002 13.500000000000002 23.500000000000004 1.0000000180025095e-35 1719919.1150000005 69335.000000000015 724152.50000000012 20.500000000000004 1.0000000180025095e-35 3232.2586206896553 2810894.0000000005 926282.50000000012
decision_type=2 2 2 2 2 2 2 2 2 2 2 2 2 2 2 2 2 2 2 2 2 2 2 2 2 2 2 2 2 2
left_child=1 8 3 26 5 7 17 25 11 10 -8 -1 19 -14 15 16 -4 20 -10 -13 -5 28 23 24 -23 27 -2 -3 -17 -21
right_child=2 4 14 6 -6 -7 9 -9 18 -11 -12 12 13 -15 -16 21 -18 -19 -20 29 -22 22 -24 -25 -26 -27 -28 -29 -30 -31
leaf_value=0.10548771073088051 0.027923996101202355 0.0063172445453095367 -0.0028735888528684051 0.012594049010333501 -0.039360108003466274 0.010385254669405422 -0.018199842086652013 -0.010409434910219395 0.031352727182545108 -0.057813952372763038 0.013443937813177809 0.057028462015017573 0.030463331331435053 0.00332678662594184 -0.1691386009515822 -0.061087757739734731 -0.065945825233246311 -0.0016812491304537868 -0.036637419684570113 0.050986174651774289 -0.014576467187491358 0.0042266497069671453 -0.069586498629578372 -0.052841209372149339 -0.035015900495768283 -0.015965628943824979 0.00045213033902170022 -0.038841220731797993 -0.13350242913641691 -0.018139885179174173
leaf_weight=46425 4395 3282 7326 1762 9282 2374 4293 4718 944 5594 1143 46167 9652 5146 23780 42551 5401 2526 1272 3309 485 2271 7128 3333 1389 749 978 370 7447 425
leaf_count=46425 4395 3282 7326 1762 9282 2374 4293 4718 944 5594 1143 46167 9652 5146 23780 42551 5401 2526 1272 3309 485 2271 7128 3333 1389 749 978 370 7447 425
internal_value=0 0.0473431 -0.0489931 -0.0104479 -0.0311219 -0.00106445 -0.032852 -0.0201182 0.0617256 -0.0518101 -0.0247706 0.06314 0.0702166 0.0492548 -0.0571047 -0.0619528 -0.0376374 0.0109586 -0.00920255 0.0764328 0.0437954 -0.0667792 -0.0525192 -0.0338942 -0.00717087 0.0165331 0.0554467 0.0295526 -0.0708067 0.0448771
internal_weight=0 134115 121802 21176 20775 11493 15803 9119 113340 11030 5436 111124 64699 14798 100626 76846 12727 4773 2216 49901 2247 64119 14121 6993 3660 4401 5373 3652 49998 3734
internal_count=255917 134115 121802 21176 20775 11493 15803 9119 113340 11030 5436 111124 64699 14798 100626 76846 12727 4773 2216 49901 2247 64119 14121 6993 3660 4401 5373 3652 49998 3734
is_linear=0
shrinkage=0.1


Tree=5
num_leaves=31
num_cat=0
split_feature=4 0 4 0 0 123 134 123 4 10 0 1 0 4 137 4 137 137 4 0 2 134 138 4 93 94 76 1 137 18
split_gain=54597.2 12696.8 4001.02 3578.31 2083.05 1409.75 1343.41 1453.25 1198.65 1070.41 773.757 692.63 642.507 692.218 1279.45 613.995 594.453 499.33 509.256 486.195 527.996 465.815 436.133 431.92 414.482 392.669 392.231 441.701 359.087 350.006
threshold=372167.06500000006 2203646.5000000005 580736.21000000008 1669367.5000000002 4365962.5000000009 2230859.0000000005 182094.00000000003 2036382.5000000002 214492.32500000004 1.5000000000000002 4156569.5000000005 245303.50000000003 13512798.500000002 776294.44000000006 5995.0000000000009 107145.25000000001 453394.50000000006 61766.000000000007 202059.93000000002 4283873.0000000009 1770303.4400000002 83654.500000000015 20.500000000000004 193129.39500000005 7.5000000000000009 11.677078484096119 8.5000000000000018 437878.50000000006 1878905.0000000002 1.0000000180025095e-35
decision_type=2 2 2 2 2 2 2 2 2 2 2 2 2 2 2 2 2 2 2 2 2 2 2 2 2 2 2 2 2 2
left_child=1 9 3 11 5 8 7 -5 22 23 16 -2 13 14 19 -11 -8 -17 -19 20 21 -4 24 25 -3 -1 28 -28 -15 -13
right_child=2 4 12 6 -6 -7 10 -9 -10 15 -12 29 -14 26 -16 17 -18 18 -20 -21 -22 -23 -24 -25 -26 -27 27 -29 -30 -31
leaf_value=0.066189138724757221 0.029304716204986647 0.0061462198866685707 0.007930252629750837 -0.025719815584425754 -0.051406909301835016 0.0096253407083623753 -0.0018100022720655741 0.0098060875824137646 -0.008153641583960999 0.1040648518472761 -0.053074492140917966 0.010261907000942726 -0.15343936430765689 -0.058338169720014446 -0.041684636566401284 0.052915819325447824 -0.027920397656457558 0.033592348192831266 0.007066026392833484 -0.035210837665570337 -0.061691288031208991 -0.0083921201714565376 -0.013861394709544048 -0.002578291694869032 -0.029000308682515352 0.03473493556128953 0.020337715304316842 -0.045014442748658713 -0.11644973642419121 -0.0077021808695964091
leaf_weight=9671 4016 4070 3450 2709 7416 2332 4861 2187 5925 32094 6727 4412 23389 35346 13805 44471 1776 9052 5751 817 982 2119 968 2040 612 7697 561 2359 12717 1585
leaf_count=9671 4016 4070 3450 2709 7416 2332 4861 2187 5925 32094 6727 4412 23389 35346 13805 44471 1776 9052 5751 817 982 2119 968 2040 612 7697 561 2359 12717 1585
internal_value=0 0.0464734 -0.0459524 -0.0129069 -0.0241902 -0.00136611 -0.0392511 0.0055617 -0.015657 0.0600753 -0.0556686 0.0351351 -0.0557309 -0.0603997 -0.045201 0.0646058 -0.0314439 0.0706378 0.0547295 -0.0115527 -0.00248101 0.00944043 0.0172968 0.0387469 0.0299298 0.0438596 -0.0667117 -0.0311263 -0.0688736 0.0136123
internal_weight=0 132099 123818 28273 21323 13907 18260 4896 11575 110776 13364 10013 95545 72156 21173 91368 6637 59274 14803 7368 6551 5569 5650 19408 4682 17368 50983 2920 48063 5997
internal_count=255917 132099 123818 28273 21323 13907 18260 4896 11575 110776 13364 10013 95545 72156 21173 91368 6637 59274 14803 7368 6551 5569 5650 19408 4682 17368 50983 2920 48063 5997
is_linear=0
shrinkage=0.1


Tree=6
num_leaves=31
num_cat=0
split_feature=4 0 4 134 137 0 123 94 4 0 10 65 20 0 4 62 64 3 0 134 6 92 1 2 126 92 0 124 22 5
split_gain=49630.4 10853 3443.97 3225.96 1917.09 1884.87 1228.81 1156.51 1136.77 1038.33 840.148 684.454 587.038 524.49 726.996 648.115 499.58 1411.91 709.468 613.041 497.446 445.397 461.265 534.146 436.877 357.418 356.917 293.617 287.668 278.692
threshold=372167.06500000006 2203646.5000000005 580736.21000000008 424032.50000000006 131833.00000000003 4579999.5000000009 2263176.5000000005 33462.000000000007 218656.60500000001 3805184.0000000005 1.5000000000000002 1.5000000000000002 15.500000000000002 1708217.5000000002 107145.25000000001 1231061.5000000002 0.050705049473271986 1052508.0350000004 11353086.500000002 1537701.5000000002 50.083333333333343 0.14286693525823962 437878.50000000006 2065641.8950000003 1.0000000180025095e-35 179838.50000000003 1489883.0000000002 8.5000000000000018 5.5000000000000009 15.500000000000002
decision_type=2 2 2 2 2 2 2 2 2 2 2 2 2 2 2 2 2 2 2 2 2 2 2 2 2 2 2 2 2 2
left_child=1 7 3 4 25 6 8 10 20 -5 26 29 -9 14 -12 27 17 19 21 24 -3 -18 23 -23 -4 -2 -1 -15 -19 -6
right_child=2 5 16 9 11 -7 -8 12 -10 -11 13 -13 -14 15 -16 -17 18 28 -20 -21 -22 22 -24 -25 -26 -27 -28 -29 -30 -31
leaf_value=0.051292836142713849 0.016570537299934889 0.0073723387332377995 0.0054307233472264708 -0.0025805266391545896 -0.023544475330395664 -0.063762494990027327 0.0085848855287625481 0.032800332449922143 -0.0069664986046413377 -0.046326904371201405 0.095274987680004544 0.010730677698732986 -0.026832346237736806 0.0038154929026391416 0.047737911191687542 0.020147024681565703 -0.059147211973410045 -0.049010006104781061 -0.13383770120757968 -0.022371737450672835 -0.0014623598858340566 0.023784371672701705 -0.047459250308484552 -0.065220972652854356 -0.018423484267173572 -0.024011784066773748 -0.0027415245115633823 -0.0050949943315251531 -0.041079164349997643 -0.0025118098973983746
leaf_weight=16673 9083 2902 5265 5913 3276 6178 2201 1769 6545 7241 31402 676 1898 2682 51215 2443 40280 5826 25396 2019 3497 968 8727 420 1241 203 1466 1228 5403 1881
leaf_count=16673 9083 2902 5265 5913 3276 6178 2201 1769 6545 7241 31402 676 1898 2682 51215 2443 40280 5826 25396 2019 3497 968 8727 420 1241 203 1466 1228 5403 1881
internal_value=0 0.0449306 -0.0431908 -0.012532 0.0189753 -0.0204009 -0.00141172 0.0575061 -0.0131576 -0.048746 0.0593967 -0.0259539 0.00228448 0.0633957 0.0655248 0.0357077 -0.0522632 -0.0380994 -0.0559548 -0.00741628 0.0168134 -0.0628231 -0.0440627 0.00948368 0.00752228 0.0471975 0.0397821 0.0104606 -0.0613939 -0.0383561
internal_weight=0 132099 123818 28273 15119 21323 15145 110776 12944 13154 107109 5833 3667 88970 82617 6353 95545 19754 75791 8525 6399 50395 10115 1388 6506 9286 18139 3910 11229 5157
internal_count=255917 132099 123818 28273 15119 21323 15145 110776 12944 13154 107109 5833 3667 88970 82617 6353 95545 19754 75791 8525 6399 50395 10115 1388 6506 9286 18139 3910 11229 5157
is_linear=0
shrinkage=0.1


Tree=7
num_leaves=31
num_cat=0
split_feature=4 0 0 4 137 0 134 10 13 123 93 123 0 92 18 2 94 4 10 6 134 134 1 62 124 20 2 124 75 94
split_gain=43762.5 8425.06 5015.25 4077.18 2825.19 1383.76 1279.76 1417.4 1247.37 1158.11 1072.71 1043.02 875.407 821.9 891.888 698.343 588.787 548.502 613.917 545.818 545.512 521.594 511.037 459.835 451.557 425.814 393.504 373.807 361.941 344.168
threshold=333369.84000000003 2887884.0000000005 4208112.5000000009 791920.12500000012 405159.00000000006 1669367.5000000002 283198.50000000006 1.5000000000000002 3793580.5000000005 1537919.0000000002 2.5000000000000004 1398678.5000000002 12551014.000000002 179838.50000000003 1.0000000180025095e-35 1899028.5000000005 0.67450123732775158 107145.25000000001 1.5000000000000002 58.08333333333335 452476.50000000006 53300.500000000007 3829091.0000000005 3791541.0000000005 8.5000000000000018 13.500000000000002 741467.005 5.5000000000000009 99288.000000000015 25148.500000000004
decision_type=2 2 2 2 2 2 2 2 2 2 2 2 2 2 2 2 2 2 2 2 2 2 2 2 2 2 2 2 2 2
left_child=1 5 3 4 6 10 7 23 15 -3 17 19 -4 14 28 16 -5 -1 -19 -7 25 -6 -10 -2 -8 -12 -13 -11 -9 -27
right_child=2 9 12 8 21 11 24 13 22 27 20 26 -14 -15 -16 -17 -18 18 -20 -21 -22 -23 -24 -25 -26 29 -28 -29 -30 -31
leaf_value=0.086885871573346707 -0.032442035192952412 -0.021784295480416705 -0.063324642787480581 -0.020988155606978767 -0.0076094801965992873 0.0048925102323705127 -0.0001233584087619874 0.016482384015113424 0.0033692829825555898 0.0063856041639625055 0.050237895752385776 0.018109960907035705 -0.11907733802575374 -0.024621090967506427 0.00026446462905148214 -0.055758423327968425 0.0012560007973593376 0.011740157814765069 0.045123723431358842 -0.0035078789803920495 -0.014191516318782092 -0.02407396112447123 -0.031003428801311652 0.002789886003079417 -0.014565356827575496 0.036595493064817353 -0.0099573738081493602 -0.0011623101557542766 -0.039936565304576316 -0.029350049655222095
leaf_weight=35271 2689 9340 40044 8366 3238 4285 7777 13767 1371 1417 9706 4036 27202 531 3780 9896 2318 2339 44568 4969 1452 5067 562 363 2702 5391 379 1964 224 903
leaf_count=35271 2689 9340 40044 8366 3238 4285 7777 13767 1371 1417 9706 4036 27202 531 3780 9896 2318 2339 44568 4969 1452 5067 562 363 2702 5391 379 1964 224 903
internal_value=0 0.0452767 -0.0374378 -0.0170807 0.00202468 0.0539406 0.0155759 0.0296216 -0.0511432 -0.0318881 0.0580341 0.0241044 -0.0564038 0.0401424 0.0438056 -0.0583572 -0.0406286 0.0628159 0.0699003 0.00502435 0.0355176 -0.0499169 0.0256615 -0.0334688 -0.0130464 0.0408437 0.0640968 0.0182612 0.0554501 0.0205852
internal_weight=0 126020 129897 62651 40138 113299 31833 21354 22513 12721 99630 13669 67246 18302 17771 20580 10684 82178 46907 9254 17452 8305 1933 3052 10479 16000 4415 3381 13991 6294
internal_count=255917 126020 129897 62651 40138 113299 31833 21354 22513 12721 99630 13669 67246 18302 17771 20580 10684 82178 46907 9254 17452 8305 1933 3052 10479 16000 4415 3381 13991 6294
is_linear=0
shrinkage=0.1


Tree=8
num_leaves=31
num_cat=0
split_feature=4 0 0 134 2 123 49 137 4 134 124 127 127 0 13 6 126 137 4 0 0 0 92 26 105 2 94 2 2 134
split_gain=39840.6 11786.8 3386.35 1851.39 2920.4 1685.85 1154.58 1075.81 1004.7 983.476 985.985 775.989 646.575 687.358 1285.28 573.404 544.528 519.194 520.147 493.04 452.323 580.821 434.418 412.188 398.072 369.184 364.164 430.265 345.725 326.975
threshold=473598.90000000008 1901628.5000000002 5177035.5000000009 120296.50000000001 1770303.4400000002 1537919.0000000002 2.5000000000000004 235000.50000000003 238880.50000000003 460013.00000000006 8.5000000000000018 0.18465909090909094 1.0000000180025095e-35 3885450.5000000005 3792728.0000000005 60.083333333333343 0.087121212121212141 892594.00000000012 107145.25000000001 1286186.0000000002 13512798.500000002 1412680.0000000002 179838.50000000003 85824.000000000015 146945.50000000003 717010.19500000018 3048.0221238938057 335317.33000000002 1459168.0750000002 195217.50000000003
decision_type=2 2 2 2 2 2 2 2 2 2 2 2 2 2 2 2 2 2 2 2 2 2 2 2 2 2 2 2 2 2
left_child=1 6 5 4 7 8 19 16 15 17 26 23 13 14 -6 -3 -2 18 -8 25 21 28 -20 29 -10 -1 27 -11 -5 -7
right_child=3 2 -4 20 12 11 9 -9 24 10 -12 -13 -14 -15 -16 -17 -18 -19 22 -21 -22 -23 -24 -25 -26 -27 -28 -29 -30 -31
leaf_value=0.045131637519162993 0.0072607914315227663 0.0050400485004354536 -0.058039588685612035 -0.0019500784729984757 -0.034512080686713041 0.014293152083565679 0.08045730181103157 -0.01523514368468949 -0.012235973516823307 0.025489334854280479 -0.0091047158678725596 0.00012177248038756162 -0.053368450704293115 -0.057989245488871743 0.0030676593176957923 -0.0035925294472762791 -0.011823575922774172 0.00077848777150095472 0.040192202261666046 -0.0039507532003322634 -0.11323381649353588 -0.050214668727339429 -0.033605227161445865 -0.02202151795091753 0.011530975076719451 -0.0016503407283371685 -0.012077879344181926 0.0034607995692088295 -0.031540834225546786 0.0051516979548340445
leaf_weight=19121 11036 4362 7878 3148 2290 2883 28072 6680 7553 4381 2314 4473 9861 5676 1646 4294 1707 1690 49527 2414 20976 43201 192 247 331 1707 727 2573 1470 3487
leaf_count=19121 11036 4362 7878 3148 2290 2883 28072 6680 7553 4381 2314 4473 9861 5676 1646 4294 1707 1690 49527 2414 20976 43201 192 247 331 1707 727 2573 1470 3487
internal_value=0 0.0370773 -0.0131649 -0.0428437 -0.0254061 0.00332507 0.0529044 0.00203029 -0.0169013 0.0580626 0.0284982 0.0334913 -0.0527721 -0.0343157 -0.00220288 0.00662031 0.01907 0.0617804 0.0629717 0.0330465 -0.0527027 -0.0580731 0.069116 0.0552399 -0.042726 0.038005 0.0457374 0.0527777 -0.0243645 0.0601546
internal_weight=0 148226 35508 107691 38896 27630 112718 19423 16540 89476 9995 11090 19473 9612 3936 8656 12743 79481 77791 23242 68795 47819 49719 6617 7884 20828 7681 6954 4618 6370
internal_count=255917 148226 35508 107691 38896 27630 112718 19423 16540 89476 9995 11090 19473 9612 3936 8656 12743 79481 77791 23242 68795 47819 49719 6617 7884 20828 7681 6954 4618 6370
is_linear=0
shrinkage=0.1


Tree=9
num_leaves=31
num_cat=0
split_feature=4 0 0 4 137 94 13 0 0 123 0 126 134 10 2 6 134 4 134 124 93 13 0 0 62 127 94 20 127 127
split_gain=35611 6523.23 4181.12 3218.15 2265.75 1414.42 1084.12 1063.68 1041.11 1922.95 859.315 801.155 759.282 1004.18 723.063 679.125 632.521 610.895 572.095 564.678 582.871 561.355 469.662 468.662 798.315 425.395 422.973 404.102 376.156 374.423
threshold=333369.84000000003 2841866.0000000005 4208112.5000000009 799954.81000000017 229849.50000000003 12113.431372549021 3795239.0000000005 5514252.5000000009 1185121.5000000002 1252865.5000000002 523208.00000000006 1.0000000180025095e-35 83654.500000000015 1.5000000000000002 2065641.8950000003 53.916666666666679 86715.000000000015 107145.25000000001 989256.50000000012 8.5000000000000018 121.50000000000001 553658.00000000012 13512798.500000002 5649471.0000000009 5002993.5000000009 0.23303167420814483 173651.00000000003 19.500000000000004 1.6333333333333335 0.13392857142857145
decision_type=2 2 2 2 2 2 2 2 2 2 2 2 2 2 2 2 2 2 2 2 2 2 2 2 2 2 2 2 2 2
left_child=1 5 3 4 11 8 14 15 17 19 -7 12 13 25 21 -3 27 -1 -11 20 -10 -5 23 24 -4 -2 -14 -6 -27 -8
right_child=2 7 22 6 16 10 29 -9 9 18 -12 -13 26 -15 -16 -17 -18 -19 -20 -21 -22 -23 -24 -25 -26 28 -28 -29 -30 -31
leaf_value=0.06926594894921094 0.002482176428194106 0.003176701842988303 -0.026798167195009312 -0.0014511182894437207 0.0071408271160770982 0.037353544285063905 0.002722006499137192 -0.068603759620499735 0.0047307437259708138 0.023938183352815216 -0.014436594548260007 -0.016724209479933805 0.0012127453758700602 0.012862421259259986 -0.046779575387475535 -0.0044216019086451485 -0.019427327160621906 0.043248999355092022 0.0039209989712178615 -0.0054688619816498831 -0.01985732794431961 -0.021724435881032941 -0.10133982765881853 -0.064837941862144421 0.0077406940778330284 -0.040436488141843918 -0.029912252376509949 -0.012627541713762062 0.020107596861243037 -0.028754698068611247
leaf_weight=42046 837 3952 11073 3680 2126 4257 1546 3994 10297 6763 3279 2366 12544 12442 8980 5187 5603 39847 2135 3397 866 7456 25271 29991 911 1239 668 2597 264 303
leaf_count=42046 837 3952 11073 3680 2126 4257 1546 3994 10297 6763 3279 2366 12544 12442 8980 5187 5603 39847 2135 3397 866 7456 25271 29991 911 1239 668 2597 264 303
internal_value=0 0.0412609 -0.0333535 -0.0147663 0.00188634 0.049021 -0.045612 -0.0254431 0.0520148 0.0334408 0.00716906 0.0156489 0.0203715 0.0359414 -0.0523476 -0.0066292 -0.0385777 0.0573353 0.0700654 0.0110585 0.0219222 -0.0353224 -0.0506707 -0.0571552 -0.0404393 -0.024159 0.00295139 -0.0116206 -0.0559769 0.0276664
internal_weight=0 126020 129897 62651 40686 112887 21965 13133 105351 23458 7536 30360 27994 14782 20116 9139 10326 81893 8898 14560 11163 11136 67246 41975 11984 2340 13212 4723 1503 1849
internal_count=255917 126020 129897 62651 40686 112887 21965 13133 105351 23458 7536 30360 27994 14782 20116 9139 10326 81893 8898 14560 11163 11136 67246 41975 11984 2340 13212 4723 1503 1849
is_linear=0
shrinkage=0.1


Tree=10
num_leaves=31
num_cat=0
split_feature=4 0 0 4 137 137 93 0 123 1 26 4 123 127 94 134 0 134 26 0 127 4 13 124 0 13 4 134 4 4
split_gain=32203 5156.21 4232.77 3269.5 2480.39 1293.99 1227.99 1078.16 922.166 861.49 952.336 809.092 1031.81 652.194 647.429 617.978 558.017 543.641 527.842 498.783 477.233 458.989 455.492 453.044 433.567 811.392 443.304 426.146 782.974 562.255
threshold=309038.65500000009 2841866.0000000005 4516722.0000000009 809294.05500000017 235000.50000000003 82233.000000000015 2.5000000000000004 934215.50000000012 1367537.5000000002 213202.00000000003 1.0000000180025095e-35 1810477.7600000002 3046713.0000000005 0.11805555555555557 15452.083333333336 86715.000000000015 13512798.500000002 667745.50000000012 851536.00000000012 3885450.5000000005 0.56696428571428581 198032.48500000002 573427.00000000012 8.5000000000000018 5807356.5000000009 5023595.5000000009 661403.40000000002 645042.50000000012 206778.91500000001 109735.58500000001
decision_type=2 2 2 2 2 2 2 2 2 2 2 2 2 2 2 2 2 2 2 2 2 2 2 2 2 2 2 2 2 2
left_child=1 5 3 4 9 6 27 14 -3 10 20 12 22 -11 -7 -6 24 18 -8 -14 -2 -10 -5 -9 25 -4 -27 29 -29 -1
right_child=2 8 16 11 15 7 17 23 21 13 -12 -13 19 -15 -16 -17 -18 -19 -20 -21 -22 -23 -24 -25 -26 26 -28 28 -30 -31
leaf_value=0.068936914660822898 0.0077892162091758241 -0.027932599174262041 -0.026626080019593601 -0.0085622660402843564 -0.0044014777446547051 0.038305712863091701 0.03420071374977398 0.0029754695967326847 0.0078797728784532929 0.0050441114107947832 -0.023738127566113515 -0.046275000095919581 0.003071962401867251 -0.0013129852633863102 -0.015062800396521626 -0.01819307067014151 -0.091377474560277214 -0.023685863752546898 -0.013214895693348758 -0.023907277636461496 0.022809223401942882 -0.00033222039010928281 -0.027333678613543771 -0.0053055870451027345 -0.058956999170438576 0.0088307638351956871 -0.05031939390225737 0.017040244996603265 -0.00023751044648381237 0.036779546207318124
leaf_weight=28666 2120 7156 9074 5318 5145 13878 13342 7608 876 10162 1322 5994 2036 15226 875 6472 25396 1105 772 595 5773 3927 8607 4136 29297 882 478 3446 3166 33067
leaf_count=28666 2120 7156 9074 5318 5145 13878 13342 7608 876 10162 1322 5994 2036 15226 875 6472 25396 1105 772 595 5773 3927 8607 4136 29297 882 478 3446 3166 33067
internal_value=0 0.0403284 -0.0306942 -0.0133917 0.00183824 0.0471045 0.0532102 0.0278488 -0.0220335 0.0152608 0.0414507 -0.0446081 -0.0332107 0.0057547 0.0458462 -0.0381429 -0.0489645 0.0275212 0.0328095 0.024222 0.0546073 0.0118615 -0.0440621 0.00524007 -0.056365 -0.0388605 0.0331705 0.0589306 0.0348028 0.0615149
internal_weight=0 122020 133897 68770 46220 110061 83564 26497 11959 34603 9215 22550 16556 25388 14753 11617 65127 15219 14114 2631 7893 4803 13925 11744 39731 10434 1360 68345 6612 61733
internal_count=255917 122020 133897 68770 46220 110061 83564 26497 11959 34603 9215 22550 16556 25388 14753 11617 65127 15219 14114 2631 7893 4803 13925 11744 39731 10434 1360 68345 6612 61733
is_linear=0
shrinkage=0.1


Tree=11
num_leaves=31
num_cat=0
split_feature=4 0 4 0 137 0 93 134 123 65 134 2 127 137 6 137 2 0 62 127 18 0 126 1 13 92 4 75 49 6
split_gain=28989 4804.27 3938.78 2883.82 1773.42 1685.84 1075.15 975.132 968.571 851.899 792.851 1836.09 684.926 677.785 636.458 628.294 637.958 603.404 538.78 439.581 490.516 536.342 429.558 428.242 456.905 403.361 374.982 353.957 333.822 316.585
threshold=309038.65500000009 1549608.5000000002 604534.17500000016 6436423.0000000009 229849.50000000003 5514252.5000000009 2.5000000000000004 645042.50000000012 1408426.0000000002 1.5000000000000002 171944.00000000003 1800321.5850000004 0.18465909090909094 900098.50000000012 58.08333333333335 100065.00000000001 253559.90500000006 12203388.500000002 509207.00000000006 1.0000000180025095e-35 1.0000000180025095e-35 3885450.5000000005 0.087121212121212141 632356.50000000012 662783.50000000012 128764.50000000001 107145.25000000001 22349.500000000004 2.5000000000000004 56.083333333333343
decision_type=2 2 2 2 2 2 2 2 2 2 2 2 2 2 2 2 2 2 2 2 2 2 2 2 2 2 2 2 2 2
left_child=1 6 3 4 7 8 15 25 14 -6 11 13 -10 22 -3 26 -17 18 -12 20 21 -13 -4 -8 -25 27 -1 28 -2 -9
right_child=2 5 10 -5 9 -7 23 29 12 -11 17 19 -14 -15 -16 16 -18 -19 -20 -21 -22 -23 -24 24 -26 -27 -28 -29 -30 -31
leaf_value=0.063235041908882447 -0.00084156122881873111 0.0027418256670183831 0.0040731032897492287 -0.037489527758759612 -0.012971419460401555 -0.060673898381148686 0.036349428873827798 0.0021826109224400854 0.0097411885094732757 0.011644150909266581 -0.01274214784342834 0.0022623953897541182 -1.6840319915281516e-05 -0.023907933124700676 -0.0056188941092639444 0.023413463631890064 0.0010242374736718297 -0.08104542478371074 -0.049480875341967177 -0.04031957575493203 -0.036363387552817275 -0.034179910451990758 -0.012135881027743042 -0.011802983860871693 0.021998979338596503 -0.015097052934267677 0.036030684975242602 -0.024995428285932507 0.011764815279513587 -0.0035260752656883151
leaf_weight=28398 1598 6390 10551 6216 7869 3571 13277 3961 6133 870 6641 2041 3439 3265 7403 12024 4268 21846 28938 9815 5540 2094 1785 2675 859 555 33583 472 14805 5035
leaf_count=28398 1598 6390 10551 6216 7869 3571 13277 3961 6133 870 6641 2041 3439 3265 7403 12024 4268 21846 28938 9815 5540 2094 1785 2675 859 555 33583 472 14805 5035
internal_value=0 0.0384857 -0.0288996 -0.00325461 0.0078444 0.00120487 0.0490468 0.0207585 0.0109852 -0.0312069 -0.0403703 -0.0285279 0.0354257 -0.00296094 -0.00597594 0.0539748 0.0364998 -0.0476069 -0.0556392 -0.0489932 -0.0338669 -0.00780426 0.00776226 0.0261018 -0.00483428 0.034559 0.0585682 0.0373178 0.0397745 -0.00598014
internal_weight=0 122020 133897 41381 35165 26936 95084 26426 23365 8739 92516 35091 9572 15601 13793 78273 16292 57425 35579 19490 9675 4135 12336 16811 3534 17430 61981 16875 16403 8996
internal_count=255917 122020 133897 41381 35165 26936 95084 26426 23365 8739 92516 35091 9572 15601 13793 78273 16292 57425 35579 19490 9675 4135 12336 16811 3534 17430 61981 16875 16403 8996
is_linear=0
shrinkage=0.1


Tree=12
num_leaves=31
num_cat=0
split_feature=0 2 0 0 137 123 4 127 64 0 134 76 4 2 126 123 124 2 126 6 124 92 124 94 1 93 4 105 20 123
split_gain=25825.1 8076.23 2508.96 2169.68 2123.65 1700.68 1446.71 1361.7 999.723 966.636 914.382 765.262 720.209 702.119 609.629 662.025 593.752 565.386 534.569 525.08 453.86 409.265 406.607 384.584 532.958 362.409 445.629 362.03 323.067 320.254
threshold=2203646.5000000005 944314.82000000018 5649471.0000000009 926658.50000000012 235000.50000000003 928313.00000000012 1324198.5950000004 0.11805555555555557 0.050705049473271986 12203388.500000002 326736.50000000006 8.5000000000000018 1797686.0000000002 1423200.7800000003 0.13809523809523813 2656382.0000000005 4.5000000000000009 593980.18000000017 1.0000000180025095e-35 60.083333333333343 10.500000000000002 260397.50000000003 8.5000000000000018 13709.781734256514 182084.50000000003 64.500000000000014 191124.70000000004 59379.000000000007 21.500000000000004 3792437.5000000005
decision_type=2 2 2 2 2 2 2 2 2 2 2 2 2 2 2 2 2 2 2 2 2 2 2 2 2 2 2 2 2 2
left_child=1 3 4 11 7 20 18 12 28 -4 17 -1 14 22 15 19 -12 -7 21 -2 25 -3 -9 -13 -25 26 -5 -28 -6 -10
right_child=2 6 9 5 8 10 -8 13 29 -11 16 23 -14 -15 -16 -17 -18 -19 -20 -21 -22 -23 -24 24 -26 -27 27 -29 -30 -31
leaf_value=0.03808724439214705 0.0075948760668118776 0.00082996475471496271 -0.046985045037247056 0.007434009214468764 0.011512616732203407 0.022147152785401653 -0.03418766543532744 -0.00035718268553884856 -0.024361445554066798 -0.074628194431499331 0.0091313611191481039 0.036862277836562686 -0.02526474205330383 -0.028670335861690727 -0.030361687676106364 0.0050827594002442016 -0.0027854544447952849 0.0052157441981852326 -0.016903854337555684 -0.0027107631898260483 -0.0070813128118720897 -0.026324898619724726 -0.0099906767866421997 0.032282300793632125 -0.023686150665692983 -0.013704804738908253 -0.0015873450910496058 0.051772810076505527 -0.013969521251466874 0.0055345961774717085
leaf_weight=80011 3542 12316 29215 5884 1317 6345 5615 9505 17138 29964 2584 6603 1341 3421 647 7831 3046 1754 2965 4833 4860 612 2262 941 1720 1430 6316 481 853 565
leaf_count=80011 3542 12316 29215 5884 1317 6345 5615 9505 17138 29964 2584 6603 1341 3421 647 7831 3046 1754 2965 4833 4860 612 2262 941 1720 1430 6316 481 853 565
internal_value=0 0.0311738 -0.0328323 0.0411363 -0.0170852 0.0190992 -0.025325 -0.00167757 -0.0429665 -0.0470031 0.0459071 0.0492081 0.0167756 -0.0237829 0.0223879 0.0261881 0.0149539 0.0674242 -0.00990934 0.006644 -0.000301195 -0.00112629 -0.0121898 0.0219989 -0.0100966 0.00877607 0.0141577 -0.00328397 0.0210957 -0.0508191
internal_weight=0 143483 112434 121975 53255 32700 21508 33382 19873 59179 13729 89275 18194 15188 16853 16206 5630 8099 15893 8375 18971 12928 11767 9264 2661 14111 12681 6797 2170 17703
internal_count=255917 143483 112434 121975 53255 32700 21508 33382 19873 59179 13729 89275 18194 15188 16853 16206 5630 8099 15893 8375 18971 12928 11767 9264 2661 14111 12681 6797 2170 17703
is_linear=0
shrinkage=0.1


Tree=13
num_leaves=31
num_cat=0
split_feature=4 0 0 4 1 49 134 123 94 4 4 123 0 0 49 137 0 0 4 123 6 63 0 105 127 4 137 124 0 13
split_gain=23464.3 3582.83 3383.08 2447.09 1734.6 1205.57 1267.14 1091.09 935.751 763.507 758.74 879.998 751.502 726.27 681.688 644.345 593.948 731.116 815.436 923.646 589.592 473.133 465.624 455.649 442.835 439.653 402.045 408.765 373.875 373.542
threshold=266140.08500000002 4516722.0000000009 2485441.0000000005 827704.13000000012 263537.50000000006 2.5000000000000004 233426.00000000003 1999575.5000000002 2759.8181818181824 196036.23500000002 1810477.7600000002 3046713.0000000005 1863637.5000000002 6274162.5000000009 2.5000000000000004 87613.000000000015 12203388.500000002 6586271.5000000009 612194.56000000017 2230859.0000000005 98.083333333333357 1.999998863414213 1008718.0000000001 33337.000000000007 0.6132478632478634 107145.25000000001 358190.50000000006 12.500000000000002 3885450.5000000005 619859.50000000012
decision_type=2 2 2 2 2 2 2 2 2 2 2 2 2 2 2 2 2 2 2 2 2 2 2 2 2 2 2 2 2 2
left_child=2 3 5 4 14 22 25 12 9 15 11 29 -6 20 -2 -8 17 18 19 -3 -4 -9 -1 -14 -16 -7 -27 -28 -13 -5
right_child=1 16 13 10 7 6 8 21 -10 -11 -12 28 23 -15 24 -17 -18 -19 -20 -21 -22 -23 -24 -25 -26 26 27 -29 -30 -31
leaf_value=0.029101130305744474 -0.018559631924178779 -0.015317024595844792 0.0019057125864266611 -0.0058589668907683794 -0.0010544752692084496 0.055905122726986736 0.027958570038423058 -1.2059048901150711e-05 -0.017348754704838678 0.0016671324726967654 -0.034528384792800064 0.0033327488592758679 -0.01085057224060074 -0.059683385793304289 0.0088131058104519988 0.00095518998682467575 -0.063694954150947058 -0.047496856637223396 -0.029674153857431662 0.0057610029235803462 -0.0054437911927412213 0.0070890921398899208 -0.0019518855876009559 0.010056968668566335 0.016227614194859626 0.034332217760337791 0.0075743548645903942 -0.020589590719406619 -0.01931917913815278 -0.021517532863671574
leaf_weight=18332 1569 2150 6785 5065 17382 20736 12316 6390 1915 8413 5994 1957 12981 2661 3221 2846 28499 22057 10821 2559 2398 5417 4603 478 7182 30361 2209 383 511 7726
leaf_count=18332 1569 2150 6785 5065 17382 20736 12316 6390 1915 8413 5994 1957 12981 2661 3221 2846 28499 22057 10821 2559 2398 5417 4603 478 7182 30361 2209 383 511 7726
internal_value=0 -0.0240371 0.0368884 -0.00921049 0.00199202 0.0427564 0.0486043 -0.00744984 0.0302446 0.0357054 -0.0380008 -0.0261587 -0.0173465 -0.0137031 0.0356269 0.0491107 -0.0410595 -0.0493145 -0.0326933 0.00204257 -0.000373062 0.0184011 0.0225677 -0.0350861 0.0448939 0.0573209 0.0644993 0.026696 0.0285124 -0.0367073
internal_weight=0 141959 113958 75873 54620 102114 79179 42648 25490 23575 21253 15259 30841 11844 11972 15162 66086 37587 15530 4709 9183 11807 22935 13459 10403 53689 32953 2592 2468 12791
internal_count=255917 141959 113958 75873 54620 102114 79179 42648 25490 23575 21253 15259 30841 11844 11972 15162 66086 37587 15530 4709 9183 11807 22935 13459 10403 53689 32953 2592 2468 12791
is_linear=0
shrinkage=0.1


Tree=14
num_leaves=31
num_cat=0
split_feature=4 4 134 0 10 49 64 134 94 137 20 94 0 92 3 0 4 0 137 128 26 0 13 4 0 6 6 4 124 2
split_gain=20533.6 3653.3 3171.73 2636 1984.5 1231.05 1167.27 1030.19 913.627 769.947 733.179 810.731 635.218 579.001 485.51 485.121 471.482 468.925 704.616 461.433 458.356 442.495 904.24 656.306 438.099 421.384 420.123 412.98 399.041 393.332
threshold=248451.66000000003 827704.13000000012 182094.00000000003 2552820.5000000005 1.5000000000000002 2.5000000000000004 0.51162385359515239 171944.00000000003 2759.8181818181824 82233.000000000015 35.500000000000007 0.67450123732775158 6436423.0000000009 151583.50000000003 72033.415000000023 12203388.500000002 107145.25000000001 6927339.5000000009 453394.50000000006 0.095454545454545472 104238.00000000001 3885450.5000000005 3792728.0000000005 1324198.5950000004 12203388.500000002 74.083333333333357 37.916666666666679 729236.43500000017 8.5000000000000018 371613.61500000005
decision_type=2 2 2 2 2 2 2 2 2 2 2 2 2 2 2 2 2 2 2 2 2 2 2 2 2 2 2 2 2 2
left_child=3 2 4 5 -2 14 28 16 9 29 13 -12 26 19 -1 21 -7 18 25 27 -16 22 23 -3 -19 -8 -5 -6 -4 -9
right_child=1 15 6 12 10 7 17 8 -10 -11 11 -13 -14 -15 20 -17 -18 24 -20 -21 -22 -23 -24 -25 -26 -27 -28 -29 -30 -31
leaf_value=0.036866817121819183 -0.017269125459760414 -0.0076197298685195571 0.0016228453073836994 0.005091730962941729 0.011198272729483713 0.052259787120582796 0.00090289207312888519 0.020187658853118642 -0.01393851106162889 0.001232811997432819 -0.013289439117876346 0.0087046324942237265 -0.057950885231322039 -0.014181486072900276 0.0095996020981499591 -0.063013148517041317 0.03143454936300618 -0.026845130630630532 -0.016777837918863822 -0.00815926168853685 -0.0095423124670787011 -0.048393953777875802 0.0023409234638315057 -0.029229115817929859 -0.044264650254508098 -0.0067919461300298386 -0.0014645352921785087 0.0021375052217638109 -0.010944845048232911 -0.0013646553137837561
leaf_weight=11959 8601 9127 9143 2340 18935 18305 6362 19344 2168 6964 2516 1914 2427 640 7829 23446 27936 5834 7299 1279 2899 24066 1442 8347 4052 7407 5609 4312 2274 1141
leaf_count=11959 8601 9127 9143 2340 18935 18305 6362 19344 2168 6964 2516 1914 2427 640 7829 23446 27936 5834 7299 1279 2899 24066 1442 8347 4052 7407 5609 4312 2274 1141
internal_value=0 -0.0211784 -0.00686366 0.0361109 0.0140335 0.0411589 -0.0257022 0.0472712 0.0327099 0.037646 0.0263211 -0.0111929 -0.0118314 0.0329247 0.0207211 -0.0385403 0.0565977 -0.0357824 -0.0273511 0.035375 0.00527573 -0.0448519 -0.0334074 -0.0396881 -0.0537502 -0.014036 0.00184034 0.0385923 0.00162739 0.0474111
internal_weight=0 146996 80568 108921 38197 98545 42371 75858 29617 27449 29596 4430 10376 25166 22687 66428 46241 30954 21068 24526 10728 42982 18916 17474 9886 13769 7949 23247 11417 20485
internal_count=255917 146996 80568 108921 38197 98545 42371 75858 29617 27449 29596 4430 10376 25166 22687 66428 46241 30954 21068 24526 10728 42982 18916 17474 9886 13769 7949 23247 11417 20485
is_linear=0
shrinkage=0.1


Tree=15
num_leaves=31
num_cat=0
split_feature=4 0 4 0 123 127 137 49 6 134 126 21 1 4 127 90 64 2 4 0 94 92 124 4 0 134 4 18 123 4
split_gain=17736 3865.49 2438.2 2080.29 1859.49 1445.54 1311.74 894.766 770.453 754.477 708.685 648.32 584.683 579.677 564.62 557.457 488.298 464.29 454.461 445.969 444.534 429.816 399.446 387.377 371.608 451.98 644.25 436.418 372.59 352.946
threshold=309038.65500000009 934215.50000000012 827704.13000000012 6119829.0000000009 827033.50000000012 0.13392857142857145 229849.50000000003 2.5000000000000004 64.083333333333357 738671.00000000012 1.0000000180025095e-35 8.5000000000000018 245303.50000000003 198032.48500000002 0.18465909090909094 1.4771826834549733 0.066786608439206627 2115107.1800000002 75140.285000000018 7846206.5000000009 8616.2847222222244 13039.605783195022 5.5000000000000009 198032.48500000002 12203388.500000002 388235.00000000006 1810477.7600000002 1.0000000180025095e-35 3046713.0000000005 107145.25000000001
decision_type=2 2 2 2 2 2 2 2 2 2 2 2 2 2 2 2 2 2 2 2 2 2 2 2 2 2 2 2 2 2
left_child=1 7 3 6 8 9 10 18 19 21 12 -8 17 -7 -14 24 -13 -2 -1 -3 29 -6 -15 -11 25 26 27 28 -4 -9
right_child=2 4 15 -5 5 13 11 20 -10 23 -12 16 14 22 -16 -17 -18 -19 -20 -21 -22 -23 -24 -25 -26 -27 -28 -29 -30 -31
leaf_value=0.045233717655084993 0.012763057072045642 0.0024823235276356802 -0.0096821211048590816 -0.023359474433415819 0.014550222802488447 0.0057614364254192467 -0.014743069701962722 0.042512995713478066 -0.0094924728894167261 0.0066664726366072128 -0.013327980769589904 0.011915222789910709 0.004193043769306919 0.0013682289521321515 -0.00086169952951703054 -0.0072856035352118088 -0.0043268847336765557 -0.029523947778664662 -0.00082895835494110068 -0.042178873242461071 0.012427210532748379 -0.004963904290035074 -0.0039869159307402971 -0.00094698629348983999 -0.063520925233330347 -0.042804275050377663 -0.03037558995862526 -0.015971867352942905 0.0019489623642962219 0.031475949743130907
leaf_weight=13378 8005 9773 6481 13225 7063 2289 7342 26668 11690 1177 2940 1244 11502 2677 15694 6071 6771 746 4667 899 4394 417 4089 2354 19327 17770 7960 6703 2116 30485
leaf_count=13378 8005 9773 6481 13225 7063 2289 7342 26668 11690 1177 2940 1244 11502 2677 15694 6071 6771 746 4667 899 4394 417 4089 2354 19327 17770 7960 6703 2116 30485
internal_value=0 0.0307921 -0.021916 -0.00852621 0.0064142 0.0285144 0.000144051 0.0437871 -0.0134169 0.0528541 0.00991641 -0.0246015 0.0137771 -0.00108305 0.00654268 -0.0355155 -0.00493639 0.03626 0.0242057 0.00600996 0.0495282 0.070839 -0.0157996 0.0147553 -0.0384209 -0.0438062 -0.0346324 -0.0226282 -0.00771514 0.0518847
internal_weight=0 122020 133897 67469 42428 20066 54244 79592 22362 11011 38887 15357 35947 9055 27196 66428 8015 8751 18045 10672 61547 7480 6766 3531 60357 41030 23260 15300 8597 57153
internal_count=255917 122020 133897 67469 42428 20066 54244 79592 22362 11011 38887 15357 35947 9055 27196 66428 8015 8751 18045 10672 61547 7480 6766 3531 60357 41030 23260 15300 8597 57153
is_linear=0
shrinkage=0.1


Tree=16
num_leaves=31
num_cat=0
split_feature=4 0 0 2 123 1 123 76 64 134 6 4 22 94 137 4 4 85 127 126 0 134 13 94 128 0 124 0 92 124
split_gain=15577 2991.67 2601.39 2350.2 1548.81 1261.9 1045.03 785.799 780.992 773.015 730.378 649.8 590.229 577.185 515.913 498.023 443.879 432.485 421.644 392.052 385.107 380.339 397.596 369.688 368.375 356.537 351.497 347.676 347.316 329.913
threshold=248451.66000000003 3148079.0000000005 771908.00000000012 2115107.1800000002 778588.00000000012 312135.00000000006 1999575.5000000002 8.5000000000000018 0.25199166754057917 156135.50000000003 52.083333333333336 198032.48500000002 5.5000000000000009 42642.294729296686 114341.50000000001 107145.25000000001 1810477.7600000002 8.5000000000000018 0.13392857142857145 0.06458333333333334 12203388.500000002 163826.50000000003 3793580.5000000005 8862.1458333333339 0.07417582417582419 3296860.0000000005 4.5000000000000009 12203388.500000002 11537.500000000002 7.5000000000000009
decision_type=2 2 2 2 2 2 2 2 2 2 2 2 2 2 2 2 2 2 2 2 2 2 2 2 2 2 2 2 2 2
left_child=2 3 7 5 10 24 12 15 19 28 -4 -11 -7 -14 16 -1 21 -5 -8 -3 -16 22 -10 -9 -2 -12 -23 -18 -6 -13
right_child=1 8 4 17 9 6 18 23 14 11 25 29 13 -15 20 -17 27 -19 -20 -21 -22 26 -24 -25 -26 -27 -28 -29 -30 -31
leaf_value=0.041544248415628607 0.01146583417593694 -0.00060635060370947246 0.0031613324357998326 -0.024586335255933053 0.015565033979995826 -0.0055311007544785106 0.010259621695620801 0.03101067627600276 -0.011297585391746537 0.0070652949650385904 -0.0022002726027855412 0.0026692718090189668 0.005098980244734771 -0.018287943490911857 -0.033882570139063921 0.034238608293598087 -0.038562675257294669 0.034494899406539874 0.001882278444659333 -0.031889865307530421 -0.062872108852278299 -9.3467581600107313e-05 0.0028245316869034828 -0.012833815925087921 -0.0080829567665135892 -0.035461507904127706 -0.0073289877689805593 -0.018608870345934149 -0.0056830534671858824 -0.0017890105148146065
leaf_weight=35436 14042 13702 9591 7870 5206 19258 2993 5598 1119 4246 11320 3031 9712 2043 30009 25083 3329 286 3109 1946 19195 4926 2256 2479 1423 2942 7258 2520 378 3611
leaf_count=35436 14042 13702 9591 7870 5206 19258 2993 5598 1119 4246 11320 3031 9712 2043 30009 25083 3329 286 3109 1946 19195 4926 2256 2479 1423 2942 7258 2520 378 3611
internal_value=0 -0.0179361 0.0319618 -0.000934695 0.0118056 0.00681274 -0.00318733 0.0438108 -0.0299069 0.0353891 -0.00448038 0.0198753 -0.0106304 0.00702721 -0.0343862 0.0477209 -0.0214275 -0.0508808 0.0346417 -0.00969403 -0.0400244 -0.0125989 0.0171077 0.0145136 0.0308123 -0.0188301 -0.0208277 -0.0449127 0.0656389 0.000342862
internal_weight=0 146996 108921 60736 40325 52580 37115 68596 86260 16472 23853 10888 31013 11755 70612 60519 21408 8156 6102 15648 49204 15559 3375 8077 15465 14262 12184 5849 5584 6642
internal_count=255917 146996 108921 60736 40325 52580 37115 68596 86260 16472 23853 10888 31013 11755 70612 60519 21408 8156 6102 15648 49204 15559 3375 8077 15465 14262 12184 5849 5584 6642
is_linear=0
shrinkage=0.1


Tree=17
num_leaves=31
num_cat=0
split_feature=4 4 0 0 123 123 0 4 6 20 134 127 22 0 90 0 76 21 137 0 0 4 63 4 4 128 0 94 2 0
split_gain=13489.3 2853.22 1908.35 1869.65 1507.15 1133.92 798.632 712.79 604.631 593.908 967.895 554.139 529.979 528.387 521.737 516.781 490.806 486.319 442.269 408.649 390.019 597.822 377.897 359.361 347.385 346.491 332.406 320.233 313.177 310.949
threshold=230077.53500000003 612194.56000000017 771908.00000000012 402285.50000000006 778588.00000000012 1999575.5000000002 2660256.0000000005 107145.25000000001 46.083333333333336 15.500000000000002 171944.00000000003 0.14835164835164838 5.5000000000000009 7846206.5000000009 1.4771826834549733 1357984.5000000002 8.5000000000000018 7.5000000000000009 68685.500000000015 25580772.500000004 12203388.500000002 1836323.2750000001 1.0027341024260628 79286.285000000018 1355864.4000000001 0.095454545454545472 3296860.0000000005 23477.000000000004 620386.94000000006 2660256.0000000005
decision_type=2 2 2 2 2 2 2 2 2 2 2 2 2 2 2 2 2 2 2 2 2 2 2 2 2 2 2 2 2 2
left_child=2 3 7 25 8 6 12 16 -4 10 17 18 -5 22 -12 -13 23 -3 29 -16 21 -11 -7 -1 -19 -2 -10 -14 -9 -6
right_child=1 9 4 5 11 13 -8 28 26 20 14 15 27 -15 19 -17 -18 24 -20 -21 -22 -23 -24 -25 -26 -27 -28 -29 -30 -31
leaf_value=0.042774020642129852 0.011670509416486478 -0.0049656061737157987 0.0033346143446830994 -0.0038863202457477056 0.014623510340831248 0.00065978289553903652 -0.010533773721001685 0.033439799590261034 -0.001497823230596086 -0.015624851943540401 -0.020440536001497835 0.0098593528607623937 0.0069167138525172414 -0.0087302054426681014 0.014971849556232332 -0.00019293824500878835 0.0063005144658064395 0.0061108149458649116 -0.0014278604371391395 -0.067687258348596083 -0.054031465040711879 -0.038909885623695885 0.0060358098572940678 0.010098305927036422 -0.021687913759513074 -0.0081452939740801165 -0.030793016975862605 -0.01274925516554345 -0.0089685768903210311 0.0020909329721703644
leaf_weight=29467 12377 5489 7777 13070 5192 6048 14613 24857 11677 24344 26623 2000 6075 961 2978 4367 5568 6911 843 2113 12975 8642 5850 5969 1454 1160 2991 1357 460 1709
leaf_count=29467 12377 5489 7777 13070 5192 6048 14613 24857 11677 24344 26623 2000 6075 961 2978 4367 5568 6911 843 2113 12975 8642 5850 5969 1454 1160 2991 1357 460 1709
internal_value=0 -0.0153692 0.0314564 0.0012867 0.0131115 -0.00797438 -0.0172779 0.0415681 -0.00298822 -0.0265626 -0.0184727 0.0387197 -0.00454582 0.0174313 -0.0281053 0.016865 0.033422 0.00357803 0.0566884 0.00122571 -0.0345833 -0.0403608 0.0231923 0.0377588 0.0187551 0.0341072 -0.0149393 0.0167756 0.0547616 0.0650409
internal_weight=0 153040 102877 61511 36556 47974 35115 66321 22445 91529 45568 14111 20502 12859 31714 6367 41004 13854 7744 5091 45961 32986 11898 35436 8365 13537 14668 7432 25317 6901
internal_count=255917 153040 102877 61511 36556 47974 35115 66321 22445 91529 45568 14111 20502 12859 31714 6367 41004 13854 7744 5091 45961 32986 11898 35436 8365 13537 14668 7432 25317 6901
is_linear=0
shrinkage=0.1


Tree=18
num_leaves=31
num_cat=0
split_feature=0 2 0 127 1 62 126 2 123 124 137 0 0 4 63 2 127 124 93 0 123 4 137 94 126 128 126 92 22 63
split_gain=11677.1 3140.45 2137.38 1338.32 1242.98 1239.64 914.306 782.654 735.305 703.184 698.406 637.549 621.122 613.293 575.94 550.877 538.117 478.536 453.492 422.205 403.82 383.881 675.138 378.751 376.283 372.843 342.927 334.446 311.664 289.429
threshold=1549608.5000000002 878229.92500000016 5044930.5000000009 1.0000000180025095e-35 479407.50000000006 827758.00000000012 0.13809523809523813 2975681.5700000008 2000508.5000000002 8.5000000000000018 57408.500000000007 12203388.500000002 7473546.0000000009 633407.55500000005 2150.9487967720443 1423200.7800000003 0.11805555555555557 8.5000000000000018 2.5000000000000004 22584818.500000004 2230859.0000000005 411601.66000000009 227830.00000000003 5433.5833333333339 0.10263157894736843 0.080128205128205135 0.24038461538461542 297160.00000000006 4.5000000000000009 1.3251445106170916
decision_type=2 2 2 2 2 2 2 2 2 2 2 2 2 2 2 2 2 2 2 2 2 2 2 2 2 2 2 2 2 2
left_child=1 4 3 6 18 9 8 24 10 -6 23 12 13 20 29 17 26 -5 25 21 -4 -13 -23 -2 27 -1 -7 28 -3 -10
right_child=2 7 11 15 5 16 -8 -9 14 -11 -12 19 -14 -15 -16 -17 -18 -19 -20 -21 -22 22 -24 -25 -26 -27 -28 -29 -30 -31
leaf_value=0.026944151422534181 0.0050968074151513396 -0.0026894299614775171 -0.0087364353378002434 -0.00044751894764266534 0.0031593796032137675 0.018589756734608876 -0.016256551661612568 -0.018494212521896963 0.002667176103913687 -0.007352456446643469 -0.0031320809658942498 -0.055712592782194786 -0.03427096253960784 -0.022912755177967117 -0.0062927208094013601 -0.01765757741610895 0.0039614314268374149 -0.0084508514683312493 0.019480318913913719 -0.076161934794138783 0.004298789908793994 0.020246875576134339 -0.031162174480058782 -0.0097522081968740605 -0.008899790861836893 0.0083041071963742882 -0.0066652668737425466 -0.019412576668585618 0.0096181557587605975 0.0067101719697703751
leaf_weight=57500 7813 4861 3035 17350 19289 4361 3092 4501 3430 6337 11889 1265 18160 10572 888 7433 3122 6382 12168 13921 2524 3693 11085 1466 3120 4615 322 434 5653 5636
leaf_count=57500 7813 4861 3035 17350 19289 4361 3092 4501 3430 6337 11889 1265 18160 10572 888 7433 3122 6382 12168 13921 2524 3693 11085 1466 3120 4615 322 434 5653 5636
internal_value=0 0.0252858 -0.0174394 -0.00470979 0.0318334 0.0158207 0.00894522 -0.0126951 0.0140979 0.00519343 0.00355741 -0.0303917 -0.0397031 -0.0254231 0.036513 -0.0197007 0.0507128 -0.0122601 0.03904 -0.0197357 0.0014664 -0.00867828 -0.00415251 0.024118 -0.00108248 0.0424982 0.0721519 0.00764826 0.0111993 0.0440411
internal_weight=0 126283 129634 65379 107714 33431 34214 18569 31122 25626 21168 64255 34291 16131 9954 31165 7805 23732 74283 29964 5559 16043 14778 9279 14068 62115 4683 10948 10514 9066
internal_count=255917 126283 129634 65379 107714 33431 34214 18569 31122 25626 21168 64255 34291 16131 9954 31165 7805 23732 74283 29964 5559 16043 14778 9279 14068 62115 4683 10948 10514 9066
is_linear=0
shrinkage=0.1


Tree=19
num_leaves=31
num_cat=0
split_feature=4 137 4 0 123 64 134 93 124 10 93 0 134 4 7 0 94 4 2 126 2 6 133 137 22 4 123 128 13 5
split_gain=10443.1 2260.82 1832.99 1628.15 1256.21 1077.08 698.894 645.684 587.559 576.151 549.838 560.447 496.678 498.212 425.851 402.299 400.413 398.603 436.213 364.805 341.087 327.984 325.823 313.954 310.013 486.521 317.218 309.599 309.597 307.667
threshold=230077.53500000003 117071.50000000001 1810477.7600000002 703368.50000000012 778588.00000000012 0.061878428368616456 202577.50000000003 2.5000000000000004 8.5000000000000018 1.5000000000000002 2.5000000000000004 7846206.5000000009 156135.50000000003 186075.84000000003 2.5000000000000004 12203388.500000002 214297.66666666672 107145.25000000001 104990.86000000003 0.087121212121212141 491118.61500000005 72.083333333333357 18.000000000000004 87613.000000000015 5.5000000000000009 661403.40000000002 2000508.5000000002 0.069047619047619066 110197.00000000001 8.5000000000000018
decision_type=2 2 2 2 2 2 2 2 2 2 2 2 2 2 2 2 2 2 2 2 2 2 2 2 2 2 2 2 2 2
left_child=3 2 6 7 10 14 9 17 22 -2 11 21 20 -14 -3 -4 19 18 -1 27 -6 -5 -8 -20 -7 26 -26 -11 -21 -23
right_child=1 5 15 4 12 24 8 -9 -10 16 -12 -13 13 -15 -16 -17 -18 -19 23 28 -22 29 -24 -25 25 -27 -28 -29 -30 -31
leaf_value=0.038668121437737547 -0.012732613575772099 -0.03705212615819397 -0.019354426434132113 0.0038705199251034225 0.012164431103114329 -0.02308764931109002 0.002313453054879816 0.015501020306721403 -0.006918045196807829 0.0048325881677517227 -0.015902465147335353 -0.049807284092846384 0.00992551477993797 0.00062275276305544811 0.0078324621489014833 -0.010928863109793442 -0.016954649680191267 0.030504117779766915 0.020309650085161304 0.0045087989615072805 -0.0018132593242739606 -0.0048671604741403638 -0.0019240623046162333 -0.012321932847397868 -0.0029403031567048609 -0.031695904347088293 0.0083515386863443879 -0.010381973815707572 -0.012771382060490345 0.0022293764714966255
leaf_weight=23171 4097 608 7536 10195 4434 29753 12925 12479 7666 27586 5044 1478 2620 6500 6218 3002 453 20616 6453 2244 557 3565 11636 1570 7498 27755 1324 1134 1605 4195
leaf_count=23171 4097 608 7536 10195 4434 29753 12925 12479 7666 27586 5044 1478 2620 6500 6218 3002 453 20616 6453 2244 557 3565 11636 1570 7498 27755 1324 1134 1605 4195
internal_value=0 -0.0129647 -0.00133348 0.0282359 0.0119979 -0.0256656 0.00457151 0.0379823 -0.00620265 0.0139257 -0.00170157 0.00593426 0.0357612 0.0218823 0.0121587 -0.0401917 0.0183141 0.0429007 0.03577 0.0196127 0.0611219 0.0108066 0.00134093 0.0156737 -0.0295581 -0.0233922 -0.0029356 0.0234872 -0.00929714 -0.00468496
internal_weight=0 153040 79884 102877 38588 73156 69346 64289 32227 37119 24477 19433 14111 9120 6826 10538 33022 51810 31194 32569 4991 17955 24561 8023 66330 36577 8822 28720 3849 7760
internal_count=255917 153040 79884 102877 38588 73156 69346 64289 32227 37119 24477 19433 14111 9120 6826 10538 33022 51810 31194 32569 4991 17955 24561 8023 66330 36577 8822 28720 3849 7760
is_linear=0
shrinkage=0.1


Tree=20
num_leaves=31
num_cat=0
split_feature=0 4 2 94 49 134 126 134 0 13 0 137 124 4 0 1 124 4 26 4 0 137 2 14 21 85 90 4 20 128
split_gain=8967.85 3117.82 1555.26 958.916 780.262 868.949 742.546 725.963 669.568 774.44 762.788 576.572 531.073 530.518 581.198 491.512 479.341 443.165 433.81 430.601 407.764 449.553 725.881 366.599 348.054 347.74 328.93 334.533 323.307 318.204
threshold=3079883.5000000005 218656.60500000001 2115107.1800000002 6047.2377245508987 2.5000000000000004 93878.000000000015 0.080128205128205135 58442.500000000007 6274162.5000000009 3795239.0000000005 12065554.500000002 78030.000000000015 9.5000000000000018 860663.3550000001 3885450.5000000005 155727.00000000003 7.5000000000000009 43229.155000000006 77785.000000000015 107145.25000000001 27406440.000000004 1435922.0000000002 717010.19500000018 1.5000000000000002 7.5000000000000009 8.5000000000000018 4.0804574687482846 705773.57000000018 2.5000000000000004 0.07417582417582419
decision_type=2 2 2 2 2 2 2 2 2 2 2 2 2 2 2 2 2 2 2 2 2 2 2 2 2 2 2 2 2 2
left_child=1 3 6 4 17 19 7 18 9 12 -10 23 26 -11 -15 -5 -9 -1 29 -6 21 22 -12 -7 -19 -4 27 -2 -13 -3
right_child=8 2 25 15 5 11 -8 16 10 13 20 28 -14 14 -16 -17 -18 24 -20 -21 -22 -23 -24 -25 -26 -27 -28 -29 -30 -31
leaf_value=0.024482044748306245 -0.00077617082478267409 0.0078311820971924788 -0.016111830064644211 0.035224760266319044 0.035209219640948655 0.015473154625324174 -0.0069018179931001891 0.003198368442544227 -0.025429053447756644 0.0042883575163702682 -0.043240412873735729 -0.012997676500320044 -0.012878285708518612 0.0022668300537335819 -0.018769984979936594 -0.0093653159844029298 -0.001959842207453539 -0.0049621466060450741 -0.024402953213382775 0.025291931509817279 -0.07101113126574253 -0.056349404040049136 0.011301890125803293 0.002815956765734276 0.010337922261430418 0.031511584141798915 0.018526929390703009 -0.014809107316430549 0.0017025434682401354 -0.0089263215336466833
leaf_weight=11000 14339 22121 7754 2422 13040 18028 7656 12870 24124 5354 2102 1034 9638 1348 4139 5817 16493 4554 785 18073 10974 9539 8372 6422 4238 285 836 3541 7688 1331
leaf_count=11000 14339 22121 7754 2422 13040 18028 7656 12870 24124 5354 2102 1034 9638 1348 4139 5817 16493 4554 785 18073 10974 9539 8372 6422 4238 285 836 3541 7688 1331
internal_value=0 0.0180094 0.00197778 0.0300432 0.0332336 0.0385789 0.007405 0.0115661 -0.0207957 -0.0108042 -0.0279017 0.0273192 -0.0194959 0.0119285 -0.00992326 -0.00251448 0.000992693 0.015872 0.0243757 0.0505838 -0.0175212 -0.00902662 0.00527646 0.0351935 -0.000865544 -0.0393768 -0.00967487 -0.0125415 0.00524564 0.0268234
internal_weight=0 161611 69295 92316 84077 64285 61256 53600 94306 39195 55111 33172 28354 10841 5487 8239 29363 19792 24237 31113 30987 20013 10474 24450 8792 8039 18716 17880 8722 23452
internal_count=255917 161611 69295 92316 84077 64285 61256 53600 94306 39195 55111 33172 28354 10841 5487 8239 29363 19792 24237 31113 30987 20013 10474 24450 8792 8039 18716 17880 8722 23452
is_linear=0
shrinkage=0.1


Tree=21
num_leaves=31
num_cat=0
split_feature=0 0 2 127 126 123 0 0 2 20 2 13 105 76 3 124 93 64 22 92 13 128 76 0 0 4 6 123 4 15
split_gain=7648.71 1871.8 1863.11 1340.61 910.147 691.247 783.356 648.642 632.475 625.886 534.774 510.319 452.86 419.867 492.155 406.229 382.541 358.966 337.695 337.241 312.077 305.548 303.197 302.225 536.451 587.165 436.392 332.061 317.501 302.012
threshold=1060586.5000000002 5044930.5000000009 593980.18000000017 1.0000000180025095e-35 0.13809523809523813 928768.50000000012 2943390.5000000005 414386.00000000006 2975681.5700000008 22.500000000000004 1936896.7750000001 3795239.0000000005 57567.500000000007 8.5000000000000018 212376.14500000005 5.5000000000000009 2.5000000000000004 0.25199166754057917 4.5000000000000009 260397.50000000003 407187.50000000006 0.080128205128205135 7.5000000000000009 12203388.500000002 8202313.0000000009 599637.11500000011 62.166666666666679 3999331.0000000005 873532.04000000015 1.0000000180025095e-35
decision_type=2 2 2 2 2 2 2 2 2 2 2 2 2 2 2 2 2 2 2 2 2 2 2 2 2 2 2 2 2 2
left_child=2 3 7 4 5 12 9 16 18 -7 15 -8 22 14 -9 29 21 -3 -4 -20 -15 -1 -2 24 25 26 -19 -27 -29 -5
right_child=1 17 8 10 -6 6 11 13 -10 -11 -12 -13 -14 20 -16 -17 -18 23 19 -21 -22 -23 -24 -25 -26 27 -28 28 -30 -31
leaf_value=0.027999345517244756 4.2350905160413005e-05 -0.0024264735362888425 -0.0020885612273268401 0.0028803248445978284 -0.011646269001600712 0.0083432568956981357 -0.00095943693678108601 0.010240522172951039 -0.012677549123983139 -0.0023531495376218126 -0.021955743792681372 0.0029570596203435245 0.021220113522272755 -0.023540913203139471 -0.00073107386532828434 -0.0032017124315872011 0.019144760031189059 0.0059467226867243525 0.008390846180511306 -0.013764121718777202 0.014276805737542654 0.007908738316643937 -0.023983037517232492 -0.035883131593947452 -0.036141203534152823 -0.02343887099452089 -0.0051588611085557111 0.0076024800218968715 -0.029197006158594087 -0.0013109507433680108
leaf_weight=42966 11571 8369 9822 5642 3968 9348 8024 21270 4013 1325 4579 4593 1173 1683 5983 22423 10036 2494 8042 452 695 4163 2147 25703 12547 10648 2917 926 651 7744
leaf_count=42966 11571 8369 9822 5642 3968 9348 8024 21270 4013 1325 4579 4593 1173 1683 5983 22423 10036 2494 8042 452 695 4163 2147 25703 12547 10648 2917 926 651 7744
internal_value=0 -0.0114152 0.0235415 -0.0014518 0.0110237 0.015761 0.0265199 0.0301689 -0.00222004 0.0464601 -0.0144713 0.00965205 -0.0010664 0.0181616 0.0216779 -0.0103565 0.0363927 -0.0242134 0.00565778 0.0202591 -0.0221364 0.0401677 -0.00616586 -0.0271058 -0.033892 -0.0226471 0.00477907 -0.0347864 0.00803909 0.00342865
internal_weight=0 146792 109125 82537 42149 38181 23290 86796 22329 10673 40388 12617 14891 29631 27253 35809 57165 64255 18316 8494 2378 47129 13718 55886 30183 17636 5411 12225 1577 13386
internal_count=255917 146792 109125 82537 42149 38181 23290 86796 22329 10673 40388 12617 14891 29631 27253 35809 57165 64255 18316 8494 2378 47129 13718 55886 30183 17636 5411 12225 1577 13386
is_linear=0
shrinkage=0.1


Tree=22
num_leaves=31
num_cat=0
split_feature=4 4 0 13 0 94 22 1 6 93 18 6 21 137 0 10 4 2 127 0 137 26 1 0 0 13 0 124 134 62
split_gain=6779.91 1989.63 1304.9 1023.77 884.729 713.842 743.461 676.76 575.118 539.882 483.809 427.574 427.089 421.717 383.738 377.902 371.992 524.508 325.184 349.763 341.43 313.678 276.005 421.98 330.978 271.886 261.766 260.91 270.057 257.69
threshold=216424.09500000003 873532.04000000015 663165.50000000012 706539.00000000012 8202313.0000000009 115073.50000000001 5.5000000000000009 166845.50000000003 72.083333333333357 2.5000000000000004 1.0000000180025095e-35 104.08333333333336 8.5000000000000018 954144.50000000012 11709895.000000002 1.5000000000000002 107145.25000000001 86474.260000000024 0.13392857142857145 1321586.0000000002 48843.500000000007 104238.00000000001 37748957.000000007 12203388.500000002 4009021.5000000005 4306372.0000000009 3221604.0000000005 10.500000000000002 24189.000000000004 3791541.0000000005
decision_type=2 2 2 2 2 2 2 2 2 2 2 2 2 2 2 2 2 2 2 2 2 2 2 2 2 2 2 2 2 2
left_child=2 4 9 8 5 6 7 15 -4 16 11 -9 -3 22 -6 -2 17 -1 20 -20 -5 25 23 24 -14 26 -8 -19 -29 -12
right_child=1 12 3 18 14 -7 21 10 -10 -11 29 -13 13 -15 -16 -17 -18 27 19 -21 -22 -23 -24 -25 -26 -27 -28 28 -30 -31
leaf_value=0.034516416076176372 -0.018832600969342719 -0.017314881039817709 0.0024418248252770173 0.0070719893125776234 -0.017448571288945149 -0.025712453745868682 0.0054974832020313631 0.00055878706550054383 -0.0079588658951256549 0.01246538993242019 -0.0084782297140073917 -0.0039021419426401114 0.00059689131126770703 -0.038080507170371619 -0.015811807051929951 0.006865948520611044 0.026727365423331539 0.017691583893300989 0.0070668643440309556 -0.0005421538311628178 0.0016674926425542759 -0.020701531526192325 -0.065185685081859956 0.014468086593332031 -0.017426990776375485 0.0090576105788913019 0.00037021034780804489 0.010205965536579065 -0.017750290787378376 0.0037777218177984136
leaf_weight=17416 1031 24627 9155 6162 3952 2689 17173 26655 8335 12011 9211 8001 5993 19390 6043 10475 18422 9223 2876 5311 3711 758 2874 5043 4521 1566 8235 2605 1594 859
leaf_count=17416 1031 24627 9155 6162 3952 2689 17173 26655 8335 12011 9211 8001 5993 19390 6043 10475 18422 9223 2876 5311 3711 758 2874 5043 4521 1566 8235 2605 1594 859
internal_value=0 -0.00943321 0.0241287 0.00888782 -0.000444032 0.00280541 0.00442968 -0.0021785 -0.00835643 0.0329716 -0.00774276 -0.00213638 -0.0233454 -0.0166721 -0.0286155 0.0194509 0.0376068 0.0308903 0.0255878 0.0108522 0.0378071 0.017829 -0.00584133 -0.000581586 -0.0119879 0.0196119 0.0171194 0.0160344 -0.00462894 -0.0270372
internal_weight=0 159096 96821 35550 96648 86653 83964 56232 17490 61271 44726 34656 62448 37821 9995 11506 49260 30838 18060 8187 9873 27732 18431 15557 10514 26974 25408 13422 4199 10070
internal_count=255917 159096 96821 35550 96648 86653 83964 56232 17490 61271 44726 34656 62448 37821 9995 11506 49260 30838 18060 8187 9873 27732 18431 15557 10514 26974 25408 13422 4199 10070
is_linear=0
shrinkage=0.1


Tree=23
num_leaves=31
num_cat=0
split_feature=4 4 0 123 0 26 134 123 124 4 3 0 64 94 0 0 25 126 134 4 0 2 123 63 3 105 137 63 123 105
split_gain=5868.21 1686.22 1204.03 753.777 739.578 625.425 665.571 785.507 533.054 453.808 496.456 451.351 450.931 450.554 446.718 348.883 340.547 339.532 337.713 351.446 333.628 323.815 305.078 287.247 305.788 281.694 269.143 267.207 298.288 264.51
threshold=216424.09500000003 873532.04000000015 583273.50000000012 574758.00000000012 8202313.0000000009 78960.000000000015 80750.000000000015 2149476.0000000005 7.5000000000000009 107145.25000000001 77093.040000000023 1532090.5000000002 0.066786608439206627 6047.2377245508987 9443789.0000000019 12203388.500000002 34.000000000000007 0.069047619047619066 397996.50000000006 1836323.2750000001 11709895.000000002 501740.19500000007 3999331.0000000005 1.6638626459727099 52723.475000000006 33337.000000000007 509104.00000000006 1.9589311224489798 3791812.5000000005 1116.5000000000002
decision_type=2 2 2 2 2 2 2 2 2 2 2 2 2 2 2 2 2 2 2 2 2 2 2 2 2 2 2 2 2 2
left_child=2 4 9 13 5 6 17 8 25 10 -1 -5 -3 14 16 18 23 27 19 -14 -6 -11 26 24 -4 -8 -9 28 -2 -26
right_child=1 12 3 11 20 -7 7 22 -10 21 -12 -13 15 -15 -16 -17 -18 -19 -20 -21 -22 -23 -24 -25 29 -27 -28 -29 -30 -31
leaf_value=0.028075112206452403 0.0032892661385681941 -0.0017129380108920689 0.01174915340933802 0.0082035402490507475 -0.01570371416005063 -0.025455848374478965 -8.0163255794297322e-05 0.0018458663058471408 -0.0040531591649834962 0.026618384906989846 0.0059633183794462145 0.00097375183198188976 -0.0039471489838607743 -0.023148122100292406 -0.051480884978714551 -0.031051709684646368 -0.008626736765950575 -0.0035510246598021329 -0.030909601705203672 -0.019473587868054844 -0.014230626346736953 -0.0080658016052102977 0.0091860676869628139 0.0053159856570963535 -0.0017305813145047227 0.01361423108385223 -0.010474418097015449 0.005796351770150701 -0.0026190927495536309 0.028322450841817462
leaf_weight=26879 16674 11777 1364 6114 3952 2697 15467 8969 21702 19555 10747 6591 10093 3009 1354 20257 2242 4778 14856 5465 6043 690 2280 9801 7976 1229 569 11163 1125 499
leaf_count=26879 16674 11777 1364 6114 3952 2697 15467 8969 21702 19555 10747 6591 10093 3009 1354 20257 2242 4778 14856 5465 6043 690 2280 9801 7976 1229 569 11163 1125 499
internal_value=0 -0.00864614 0.0225778 0.00898499 -0.000370723 0.00260023 0.00412291 -0.00317541 -0.010114 0.0317265 0.0252308 0.0289792 -0.0214536 -0.000694031 0.00402096 -0.0255503 0.00747003 0.0149852 -0.0323222 -0.0220252 -0.0261278 0.0437988 0.0193689 0.011685 -0.00038528 0.00331906 0.0115134 0.0190597 0.0114529 -0.00745777
internal_weight=0 159096 96821 38950 96648 86653 83956 50216 38398 57871 37626 12705 62448 26245 23236 50671 21882 33740 30414 15558 9995 20245 11818 19640 9839 16696 9538 28962 17799 8475
internal_count=255917 159096 96821 38950 96648 86653 83956 50216 38398 57871 37626 12705 62448 26245 23236 50671 21882 33740 30414 15558 9995 20245 11818 19640 9839 16696 9538 28962 17799 8475
is_linear=0
shrinkage=0.1


Tree=24
num_leaves=31
num_cat=0
split_feature=4 137 0 4 64 123 126 128 127 0 0 6 4 93 123 0 124 134 94 26 4 62 26 2 62 13 127 20 134 1
split_gain=5000.42 1442.15 987.641 912.787 683.452 630.435 556.762 514.04 517.589 579.649 546.906 488.494 436.599 429.882 416.366 389.198 376.621 375.279 367.96 337.224 453.096 359.483 321.084 320.412 285.961 266.699 254.107 247.506 243.995 231.948
threshold=212733.03500000003 235000.50000000003 583273.50000000012 1797686.0000000002 0.061878428368616456 827033.50000000012 1.0000000180025095e-35 0.069047619047619066 0.65833333333333344 363391.00000000006 7846206.5000000009 38.083333333333343 405154.51000000007 2.5000000000000004 169480.00000000003 1532090.5000000002 9.5000000000000018 492958.50000000006 214297.66666666672 107412.50000000001 1029824.7200000001 2019044.0000000002 665198.50000000012 2115107.1800000002 10776084.000000002 939.50000000000011 1.6333333333333335 4.5000000000000009 331687.00000000006 176742.50000000003
decision_type=2 2 2 2 2 2 2 2 2 2 2 2 2 2 2 2 2 2 2 2 2 2 2 2 2 2 2 2 2 2
left_child=2 3 13 6 -3 11 7 8 10 23 18 -4 -11 16 -8 -7 -1 19 -2 20 21 -6 28 25 27 -10 -25 -5 -13 -18
right_child=1 4 5 24 17 15 14 -9 9 12 -12 22 -14 -15 -16 -17 29 -19 -20 -21 -22 -23 -24 26 -26 -27 -28 -29 -30 -31
leaf_value=0.026460986465212867 0.0042300984419365592 0.004540411737072517 0.0042956398510941157 0.0052180953226246057 -0.0011094157018610869 0.0085316735764512704 0.00077137736940796316 -0.015270179094505541 8.0891483461848621e-05 -0.0027571177128910326 -0.0027300842982212028 0.0018920331794985536 0.00065820868847037432 0.01186151523882213 -0.011328973535554288 0.0011780865289897149 0.023938249486806208 -0.025481758032566582 -0.027443666173781207 -0.033965289850751972 -0.026363821965631695 0.0098554615300538856 -0.010493159363722806 -0.021282805789020764 0.010025534422073257 0.0075462344200901074 0.028373167700995669 -0.012633459157928007 -0.0039281252378346038 0.0023658863941456096
leaf_weight=33921 24461 5867 7576 1259 10380 4425 3671 2197 3541 12355 7528 8918 16365 11420 3981 5622 6025 31614 615 5458 8742 2894 4141 1069 1038 8143 171 9720 6857 5943
leaf_count=33921 24461 5867 7576 1259 10380 4425 3671 2197 3541 12355 7528 8918 16365 11420 3981 5622 6025 31614 615 5458 8742 2894 4141 1069 1038 8143 171 9720 6857 5943
internal_value=0 -0.00771511 0.0212272 6.36891e-05 -0.0192254 0.00861891 0.00374752 0.00632181 0.00773238 0.000344685 0.0171684 0.000784724 -0.00756962 0.0294859 -0.0219702 0.0300559 0.0338065 -0.0224577 0.0242647 -0.0139089 -0.00839258 0.0032495 -0.00743667 0.017932 -0.0257164 0.0230615 -0.0304006 -0.0304596 -0.00093123 0.0185547
internal_weight=0 161069 94848 96114 64955 37539 84097 76445 74248 41644 32604 27492 28720 57309 7652 10047 45889 59088 25076 27474 22016 13274 19916 12924 12017 11684 1240 10979 15775 11968
internal_count=255917 161069 94848 96114 64955 37539 84097 76445 74248 41644 32604 27492 28720 57309 7652 10047 45889 59088 25076 27474 22016 13274 19916 12924 12017 11684 1240 10979 15775 11968
is_linear=0
shrinkage=0.1


Tree=25
num_leaves=31
num_cat=0
split_feature=0 4 2 75 126 134 4 4 26 124 2 22 94 137 64 137 126 123 21 85 13 6 64 94 3 0 1 6 1 134
split_gain=4371.12 1698 963.269 768.518 727.835 794.785 527.897 831.463 548.546 516.93 464.88 426.977 420.663 412.707 501.619 398.261 358.781 336.348 321.557 289.315 283.535 352.934 276.343 257.149 255.472 306.147 235.479 234.815 227.378 236.27
threshold=3221604.0000000005 180836.61500000002 2324326.6000000001 1.5000000000000002 0.080128205128205135 50898.500000000007 107145.25000000001 77076.395000000004 107412.50000000001 5.5000000000000009 401359.71500000003 4.5000000000000009 2547.2741312741318 131833.00000000003 0.15755304552504099 82233.000000000015 0.054093567251461992 99243.000000000015 7.5000000000000009 8.5000000000000018 3795239.0000000005 88.083333333333357 0.036716191406782658 69704.571428571435 52723.475000000006 983152.50000000012 230097.50000000003 40.166666666666671 37748957.000000007 1137094.0000000002
decision_type=2 2 2 2 2 2 2 2 2 2 2 2 2 2 2 2 2 2 2 2 2 2 2 2 2 2 2 2 2 2
left_child=1 3 4 6 5 10 7 24 -8 22 -3 -12 -5 16 -15 -9 20 -6 -17 -4 21 28 -7 -13 25 -1 -14 -27 29 -2
right_child=13 2 19 12 17 9 8 15 -10 -11 11 23 26 14 -16 18 -18 -19 -20 -21 -22 -23 -24 -25 -26 27 -28 -29 -30 -31
leaf_value=0.027007081540173949 -0.0023351442792833 0.010124005337590017 -0.010206688092215546 0.0095648882653779545 -0.00022707977590148275 0.0076899268109547961 0.013939514923441327 0.003489562178822259 -0.015151071886480256 -0.0013341137660724351 -0.00046594495090919739 0.0075259813173949169 0.0063798549329872507 0.0031042998984602056 -0.02059903213371882 -0.010974266623720719 -0.017113766727386109 -0.0090415474573100514 0.003997884944490826 0.027466232208963187 0.0012658967757011362 -0.0050118722606146589 0.00075279411873535563 -0.010587381496485805 0.010598151783746857 0.013717514088952571 -0.026732255591566629 -0.0064901037403138464 -0.062031573807437249 0.0018609462533361659
leaf_weight=15280 3725 6420 7433 7877 4884 6244 23256 5565 527 23772 8411 13601 1890 5465 49450 1615 1486 4833 849 255 9224 11369 11963 601 13814 392 2970 1209 1802 9735
leaf_count=15280 3725 6420 7433 7877 4884 6244 23256 5565 527 23772 8411 13601 1890 5465 49450 1615 1486 4833 849 255 9224 11369 11963 601 13814 392 2970 1209 1802 9735
internal_value=0 0.0126941 0.00329761 0.0237356 0.00651866 0.010031 0.0282977 0.0210956 0.0400241 0.00123295 0.0227523 0.0160099 0.00134727 -0.0145252 -0.0200405 -0.007555 -0.00641412 -0.0191499 -0.0410257 -0.0305255 -0.0044186 -0.00965213 0.0139128 0.0265847 0.0285899 0.0368427 -0.0217891 -0.00476107 0.000283794 0.00474984
internal_weight=0 163661 88417 75244 80729 71012 62507 38724 23783 41979 29033 22613 12737 92256 54915 8029 37341 9717 2464 7688 35855 26631 18207 14202 30695 16881 4860 1601 15262 13460
internal_count=255917 163661 88417 75244 80729 71012 62507 38724 23783 41979 29033 22613 12737 92256 54915 8029 37341 9717 2464 7688 35855 26631 18207 14202 30695 16881 4860 1601 15262 13460
is_linear=0
shrinkage=0.1


Tree=26
num_leaves=31
num_cat=0
split_feature=0 0 127 2 126 94 2 93 64 0 0 137 94 94 6 5 123 2 20 124 137 4 0 76 128 127 4 3 13 148
split_gain=3813.64 1260.26 1120.39 1063.15 787.009 621.539 511.635 507.106 542.299 482.512 468.031 432.062 425.633 415.56 397.364 449.687 375.952 356.921 341.938 327.552 316.163 452.036 302.065 288.422 275.64 270.658 267.474 448.95 260.483 257.352
threshold=682879.50000000012 6927339.5000000009 0.095454545454545472 401359.71500000003 0.13809523809523813 29193.61452513967 1936896.7750000001 183.50000000000003 0.15755304552504099 12065554.500000002 19218544.500000004 420930.50000000006 9695.771493212671 5225.6153846153857 78.083333333333357 8.5000000000000018 3793769.5000000005 2975681.5700000008 24.500000000000004 5.5000000000000009 1435922.0000000002 411601.66000000009 3953693.5000000005 8.5000000000000018 0.095454545454545472 0.98484848484848497 107145.25000000001 52723.475000000006 329491.50000000006 256.50000000000006
decision_type=2 2 2 2 2 2 2 2 2 2 2 2 2 2 2 2 2 2 2 2 2 2 2 2 2 2 2 2 2 2
left_child=3 2 4 13 5 7 12 8 16 -3 20 14 19 24 -10 -16 18 29 -2 25 21 -11 -18 -15 26 -4 27 -1 -28 -5
right_child=1 9 6 17 -6 -7 -8 -9 11 10 -12 -13 -14 23 15 -17 22 -19 -20 -21 -22 -23 -24 -25 -26 -27 28 -29 -30 -31
leaf_value=0.025963048724901672 0.012403116735502151 -0.017407589292809212 -0.0010094143305590564 0.0013027520635234329 -0.0081382415852947476 -0.017244341912185313 -0.016611601011564583 -0.010195970510623438 0.0049825489877598607 -0.030086969535670138 -0.044224600075797232 -0.00074846248755559353 -0.022873891254600171 0.013959039802342633 -0.0052761030290875916 0.0020897913654768152 -0.0032946356556038284 -0.0065217492526301289 0.00099526192113327523 -0.0017689536382907275 -0.024610781905804568 0.017179526296640903 0.0019761817720993103 -0.015203813189793181 0.0028568520957150457 0.0024389995557240404 0.022780964375112213 0.0088339534742285508 0.0046300833739158385 0.041093627876483241
leaf_weight=15418 5750 20109 8448 21486 5950 3719 6746 2568 13440 947 16946 10480 3274 3608 2581 9940 465 3598 1704 27464 6346 6748 1447 2730 4130 9811 16674 17649 4872 869
leaf_count=15418 5750 20109 8448 21486 5950 3719 6746 2568 13440 947 16946 10480 3274 3608 2581 9940 465 3598 1704 27464 6346 6748 1447 2730 4130 9811 16674 17649 4872 869
internal_value=0 -0.00622128 -0.000362745 0.0192781 0.00936148 0.0132968 -0.0104884 0.0163254 0.0187496 -0.0192678 -0.0114395 0.0132334 -0.00693351 0.0261025 0.0201517 0.00733391 0.0402117 0.00216503 0.0503587 -0.00443946 0.00206197 0.015689 0.000653171 0.00177529 0.0287272 0.005941 0.030611 0.0249619 0.0392807 0.00686977
internal_weight=0 164883 113787 91034 58044 52094 55743 48375 45807 51096 30987 36441 48997 65081 25961 12521 9366 25953 7454 45723 14041 7695 1912 6338 58743 18259 54613 33067 21546 22355
internal_count=255917 164883 113787 91034 58044 52094 55743 48375 45807 51096 30987 36441 48997 65081 25961 12521 9366 25953 7454 45723 14041 7695 1912 6338 58743 18259 54613 33067 21546 22355
is_linear=0
shrinkage=0.1


Tree=27
num_leaves=31
num_cat=0
split_feature=0 3 4 94 0 21 124 4 3 134 21 126 2 128 138 1 0 137 18 26 138 127 0 0 3 20 123 62 4 123
split_gain=3297.35 1044.46 851.971 637.979 640.028 734.013 609.216 478.063 508.227 477.491 473.648 443.578 447.407 365.913 364.163 354.247 330.64 307.38 299.583 293.945 281.525 278.294 271.429 360.002 268.41 266.373 258.133 252.66 252.047 294.888
threshold=1321586.0000000002 206942.42000000004 889579.90500000014 10320.562500000002 8585300.0000000019 8.5000000000000018 8.5000000000000018 107145.25000000001 53723.130000000012 66548.000000000015 8.5000000000000018 0.093073593073593086 2975681.5700000008 0.07417582417582419 12.500000000000002 90906.000000000015 616101.50000000012 954037.50000000012 1.0000000180025095e-35 104238.00000000001 24.500000000000004 0.18465909090909094 41951678.500000007 12203388.500000002 51788.06500000001 17.500000000000004 1408426.0000000002 1486483.0000000002 402040.90000000008 2656444.0000000005
decision_type=2 2 2 2 2 2 2 2 2 2 2 2 2 2 2 2 2 2 2 2 2 2 2 2 2 2 2 2 2 2
left_child=1 6 3 4 5 14 7 8 -1 19 -4 12 13 -3 18 -13 -10 22 21 -8 26 -2 23 -12 -11 -14 -7 -28 29 -29
right_child=2 11 10 -5 -6 20 9 -9 16 24 17 15 25 -15 -16 -17 -18 -19 -20 -21 -22 -23 -24 -25 -26 -27 27 28 -30 -31
leaf_value=0.021438371819455383 0.0018959133640044368 0.0035074182718602635 -0.019793841260276879 -0.018080811751883957 -0.012196089852300071 0.0026100821986050028 0.017054188833984331 0.015895624278738689 0.011229478847582852 0.0077394353551847317 -0.0017435609794479445 0.0024925199748214886 0.030572839529144309 -0.011474375100929489 -0.007092045695180212 -0.0087031447705665631 -0.0024771018139019274 -0.026362942304947758 -0.0037427655355591937 -0.032725556015542279 -0.001770926789516321 -0.00036509651851916465 -0.052483712720367406 0.016490845489757901 -0.0075337991827161312 -0.0075697956822345595 0.0056664007136122043 0.0026036177011587625 0.0055554713015213376 -0.0027778652428904036
leaf_weight=15507 12169 33922 18713 6731 10452 10308 10930 17923 13820 1748 8361 3281 259 1985 5729 4963 3398 19507 6473 595 3468 18687 2456 5098 5918 2960 1474 1806 6323 953
leaf_count=15507 12169 33922 18713 6731 10452 10308 10930 17923 13820 1748 8361 3281 259 1985 5729 4963 3398 19507 6473 595 3468 18687 2456 5098 5918 2960 1474 1806 6323 953
internal_value=0 0.0151125 -0.00767001 -0.00139976 0.00115424 0.00472527 0.0228869 0.0286361 0.0214461 0.00771399 -0.0174658 0.00365038 0.00809229 0.0112941 -0.00312015 -0.0174309 0.00961943 -0.0106671 0.000482631 0.0205786 0.0186086 0.00458579 -0.000353916 0.00522478 -0.0116266 -0.0276225 0.022994 0.0339856 0.0277529 0.00253342
internal_weight=0 117209 138708 84573 77842 67390 69839 50648 32725 19191 54135 47370 39126 35907 43058 8244 17218 35422 37329 11525 24332 30856 15915 13459 7666 3219 20864 10556 9082 2759
internal_count=255917 117209 138708 84573 77842 67390 69839 50648 32725 19191 54135 47370 39126 35907 43058 8244 17218 35422 37329 11525 24332 30856 15915 13459 7666 3219 20864 10556 9082 2759
is_linear=0
shrinkage=0.1


Tree=28
num_leaves=31
num_cat=0
split_feature=0 4 2 127 137 64 138 93 0 62 63 4 4 6 0 18 63 2 1 123 76 126 0 20 22 10 1 0 4 123
split_gain=2888.82 1118.23 793.417 738.004 625.565 516.668 448.029 447.561 526.876 422.236 373.862 359.461 472.464 355.424 340.495 329.166 285.708 265.982 248.355 248.192 244.445 239.379 263.594 236.776 234.392 253.945 220.865 219.452 216.137 342.774
threshold=523208.00000000006 1836323.2750000001 357949.50000000006 1.0000000180025095e-35 117071.50000000001 0.1017185468628994 24.500000000000004 176.50000000000003 2759147.5000000005 827758.00000000012 2.0000007736575189 107145.25000000001 55641.895000000004 88.083333333333357 7109339.0000000009 1.0000000180025095e-35 1.7053392781033676 2975681.5700000008 8878110.5000000019 2000508.5000000002 19.500000000000004 0.19375000000000003 1489883.0000000002 3.5000000000000004 3.5000000000000004 1.5000000000000002 147981.50000000003 225878.50000000003 402040.90000000008 2656444.0000000005
decision_type=2 2 2 2 2 2 2 2 2 2 2 2 2 2 2 2 2 2 2 2 2 2 2 2 2 2 2 2 2 2
left_child=2 3 11 4 6 16 7 8 9 -2 -7 12 20 15 19 -5 -6 24 23 -12 -1 22 -11 -3 25 -4 -26 -14 29 -10
right_child=1 18 17 13 5 10 -8 -9 28 21 14 -13 27 -15 -16 -17 -18 -19 -20 -21 -22 -23 -24 -25 26 -27 -28 -29 -30 -31
leaf_value=0.022866872894514702 0.0057274858740226199 0.01887332586870966 -0.023842156912047514 0.00021361258749473999 -0.0063001594821446502 -0.0060350744760043745 -0.0057035329547404871 -0.0082457747754926727 0.00034519019270419071 0.01239607486499276 0.0013758541096429316 0.018219082128902286 0.012319108788362688 -0.0040163838722764153 -0.012953054933274167 -0.0056009225091988198 0.012077444021773052 -0.0050018398663927216 -0.031643502547176142 0.011187045521652308 -0.021494222911056671 -0.0091941093719586572 0.0042543256847421013 -0.026097485896126441 0.0078770921549191544 9.6433521728785679e-05 0.00039272639065270857 -0.0039334332568298214 0.0023178035212974464 -0.0035922105432732044
leaf_weight=18829 8346 532 893 33588 1013 14726 3620 3090 5576 2689 9922 19924 8839 25521 8130 9656 2596 3308 14520 1731 1159 295 5810 9462 7682 7454 6159 6804 12961 1082
leaf_count=18829 8346 532 893 33588 1013 14726 3620 3090 5576 2689 9922 19924 8839 25521 8130 9656 2596 3308 14520 1731 1159 295 5810 9462 7682 7454 6159 6804 12961 1082
internal_value=0 -0.00462546 0.0182136 -0.00139648 0.00503555 -0.00431529 0.0132353 0.0162952 0.0193679 0.0321766 -0.00808032 0.0249162 0.0189012 -0.00902784 0.000899882 -0.00350483 0.0316856 0.00360872 -0.0244298 0.011858 0.0290881 0.047467 0.0505408 -0.0365621 0.00755251 -0.00568269 0.0155342 0.00588465 0.00817764 -0.00646683
internal_weight=0 174866 81051 150352 81587 38118 43469 39849 36759 17140 34509 55555 35631 68765 19783 43244 3609 25496 24514 11653 19988 8794 8499 9994 22188 8347 13841 15643 19619 6658
internal_count=255917 174866 81051 150352 81587 38118 43469 39849 36759 17140 34509 55555 35631 68765 19783 43244 3609 25496 24514 11653 19988 8794 8499 9994 22188 8347 13841 15643 19619 6658
is_linear=0
shrinkage=0.1


Tree=29
num_leaves=31
num_cat=0
split_feature=4 4 93 137 94 22 1 4 21 3 128 21 6 134 0 134 26 4 18 4 2 123 138 64 137 0 127 4 26 76
split_gain=2488.78 1096.3 636.015 601.617 587.718 498.869 475.562 435.549 409.372 497.929 392.01 384.191 364.847 477.547 309.183 304.42 303.203 290.541 280.558 274.114 323.867 264.988 264.754 251.927 224.408 214.418 209.038 288.235 204.765 207.345
threshold=180836.61500000002 1073963.1700000002 4.5000000000000009 55046.500000000007 198241.94444444447 6.5000000000000009 207820.50000000003 107145.25000000001 7.5000000000000009 54923.070000000014 0.080128205128205135 8.5000000000000018 100.08333333333336 854193.50000000012 7109339.0000000009 240128.50000000003 1.0000000180025095e-35 53681.095000000008 1.5000000000000002 107145.25000000001 208738.18000000002 700304.50000000012 24.500000000000004 0.15755304552504099 87613.000000000015 32642383.000000004 0.31009615384615391 405154.51000000007 564649.50000000012 19.500000000000004
decision_type=2 2 2 2 2 2 2 2 2 2 2 2 2 2 2 2 2 2 2 2 2 2 2 2 2 2 2 2 2 2
left_child=2 4 3 7 5 6 16 17 9 -5 12 -3 18 21 -10 28 -2 -1 26 -11 -21 -14 -7 25 -25 -13 -8 -28 29 -4
right_child=1 11 15 8 -6 22 10 -9 14 19 -12 23 13 -15 -16 -17 -18 -19 -20 20 -22 -23 -24 24 -26 -27 27 -29 -30 -31
leaf_value=0.015958313018557768 0.00494824079224572 -0.013221358638144677 0.011984432465077534 0.011775920011384812 -0.050024398011718575 0.0053577031570585243 0.0016967562591127033 0.015324893809518993 0.0082110713749832254 -0.010174886241926685 -0.01453869018486721 0.0089359869641779006 -0.0034051851357993859 -0.006682819897452702 -0.032720389616584612 -0.015849468880887712 -0.015612239038837232 0.0052184626049389012 -0.005273998689958437 0.0049788904005602938 -0.0053526385821476424 0.001670849391063575 -0.0021020137314483899 0.00028263905527418047 -0.026304084195520175 -0.048392118801793421 -0.0013621698519521016 0.0016214771213259557 -0.0079402364722590164 -0.024418622223637911
leaf_weight=12852 16254 18491 8961 2486 2297 15236 24208 16050 10785 2892 2642 4408 5999 9685 841 2568 1390 13820 5984 1602 2201 7149 3318 6955 19377 1150 16425 16229 2158 1504
leaf_count=12852 16254 18491 8961 2486 2297 15236 24208 16050 10785 2892 2642 4408 5999 9685 841 2568 1390 13820 5984 1602 2201 7149 3318 6955 19377 1150 16425 16229 2158 1504
internal_value=0 -0.0040076 0.0173608 0.0217562 0.000950133 0.00187475 -0.000773834 0.0285475 0.00781197 -0.0079723 -0.00376809 -0.0164869 -0.0025982 -0.0134244 0.0202767 -0.0010208 0.0142146 0.020715 0.00133514 -0.0221633 -0.00451814 -0.00101224 0.0170012 -0.00983733 -0.0139208 0.00950875 0.00350263 -0.00171787 0.00536418 0.0111478
internal_weight=0 177197 78720 63529 126816 124519 105965 42722 20807 9181 88321 50381 85679 22833 11626 15191 17644 26672 62846 6695 3803 13148 18554 31890 26332 5558 56862 32654 12623 10465
internal_count=255917 177197 78720 63529 126816 124519 105965 42722 20807 9181 88321 50381 85679 22833 11626 15191 17644 26672 62846 6695 3803 13148 18554 31890 26332 5558 56862 32654 12623 10465
is_linear=0
shrinkage=0.1


Tree=30
num_leaves=31
num_cat=0
split_feature=0 126 0 127 2 94 124 128 75 0 0 137 4 124 137 21 6 4 138 0 134 4 123 62 62 93 63 92 91 124
split_gain=2228.72 939.536 1018.8 820.687 675.119 444.413 430.726 394.345 348.468 337.167 472.829 400.742 657.893 324.478 311.145 343.584 321.781 420.157 299.391 298.513 286.371 282.438 276.638 252.086 263.023 246.501 240.773 223.479 246.705 211.928
threshold=424279.50000000006 1.0000000180025095e-35 7109339.0000000009 0.13392857142857145 335317.33000000002 108290.92857142859 7.5000000000000009 0.63333333333333341 49823.500000000007 12065554.500000002 29658602.500000004 1435922.0000000002 443610.72500000003 8.5000000000000018 229849.50000000003 8.5000000000000018 74.083333333333357 107145.25000000001 12.500000000000002 1603936.0000000002 44119.500000000007 402040.90000000008 28732.000000000004 1486483.0000000002 1507978.5000000002 60.500000000000007 2.0000007736575189 8186.7777777777783 1.5000000000000002 11.500000000000002
decision_type=2 2 2 2 2 2 2 2 2 2 2 2 2 2 2 2 2 2 2 2 2 2 2 2 2 2 2 2 2 2
left_child=4 2 3 5 13 7 -5 8 14 29 11 12 -11 -1 16 18 23 -18 -16 -19 -15 -21 -3 25 -25 -2 -8 -6 -29 -4
right_child=1 22 9 6 27 -7 26 -9 -10 10 -12 -13 -14 20 15 -17 17 19 -20 21 -22 -23 -24 24 -26 -27 -28 28 -30 -31
leaf_value=0.018615879139037571 0.011001764529046099 0.0015146934276067745 -0.0073615383173107792 0.00097481944287751215 0.00015449525890363263 -0.027071087805669837 -0.0030348582312604562 -0.016225469115159347 -0.016412689613587633 -0.032677040083772924 -0.042560718468078074 -0.026665220893200604 0.016850973701684226 0.015679208764696775 3.4688769125289794e-05 0.0039738335456007525 -0.0054556859198320318 0.0081190477807300352 -0.017201372938658675 -0.0006634546727429377 -0.0043766229863547949 0.0032546757297215569 -0.011784953884063393 -0.0061337386526463871 0.0021339226556395421 0.0016480385538158338 -6.9907968360688965e-05 0.025976206402152625 -0.0014766815973855691 -0.026371609289263454
leaf_weight=34614 10735 2762 12204 21096 22364 2268 24447 1263 1252 1703 9443 8572 8956 8765 5537 8287 4302 4855 1903 4862 4409 5811 14812 512 7115 1944 13416 1608 1215 4885
leaf_count=34614 10735 2762 12204 21096 22364 2268 24447 1263 1252 1703 9443 8572 8956 8765 5537 8287 4302 4855 1903 4862 4409 5811 14812 512 7115 1944 13416 1608 1215 4885
internal_value=0 -0.00345596 -0.00111977 0.00373538 0.0172137 0.0119029 -0.0046658 0.0135901 0.0148123 -0.0138091 -0.00718262 0.00181571 0.0147611 0.0241966 0.0159817 0.0040593 0.0206534 0.0115927 -0.01154 0.0192543 0.0108398 0.00990292 -0.0254391 0.0295017 0.015136 0.0381434 -0.0110458 0.00396498 0.0304774 -0.0249277
internal_weight=0 182942 165368 119605 72975 60646 58959 58378 57115 45763 28674 19231 10659 47788 55863 15727 40136 19830 7440 15528 13174 10673 17574 20306 7627 12679 37863 25187 2823 17089
internal_count=255917 182942 165368 119605 72975 60646 58959 58378 57115 45763 28674 19231 10659 47788 55863 15727 40136 19830 7440 15528 13174 10673 17574 20306 7627 12679 37863 25187 2823 17089
is_linear=0
shrinkage=0.1


Tree=31
num_leaves=31
num_cat=0
split_feature=0 2 4 4 3 94 21 105 4 137 0 126 138 64 63 18 0 124 128 2 93 4 22 138 1 133 138 91 63 13
split_gain=2015.15 671.344 617.876 509.041 684.064 493.184 439.173 413.18 381.496 395.421 366.401 327.159 307.828 537.171 331.248 313.263 277.266 271.354 264.036 276.039 253.327 244.426 236.13 336.036 233.262 222.411 217.134 198.227 195.05 194.244
threshold=1321586.0000000002 273903.33500000008 1853812.9000000004 107145.25000000001 50750.785000000003 88838.833333333358 10.500000000000002 11453.000000000002 131801.285 13295.500000000002 235179.00000000003 0.10263157894736843 12.500000000000002 0.15755304552504099 2.0000007736575189 1.0000000180025095e-35 81277.500000000015 8.5000000000000018 0.07417582417582419 2975681.5700000008 86.500000000000014 160259.50500000003 4.5000000000000009 9.5000000000000018 8878110.5000000019 10.000000000000002 24.500000000000004 2.5000000000000004 1.3683411956869749 1126930.0000000002
decision_type=2 2 2 2 2 2 2 2 2 2 2 2 2 2 2 2 2 2 2 2 2 2 2 2 2 2 2 2 2 2
left_child=1 3 5 4 27 6 12 11 -5 -10 -6 18 15 -14 -15 20 -13 -12 19 22 25 -11 23 -3 29 -2 -8 -1 -19 -4
right_child=2 7 24 8 10 -7 26 -9 9 21 17 16 13 14 -16 -17 -18 28 -20 -21 -22 -23 -24 -25 -26 -27 -28 -29 -30 -31
leaf_value=0.016298562178179533 0.0016689172071551806 0.00092181982915242396 0.010250603184342427 0.02496407043890855 0.011950454879461204 -0.049862710212344764 0.0037265357535968325 0.027842594888029926 0.01216695882644412 0.003264441606541445 0.00024768700648110099 0.0021677885023318601 0.0097059198130806223 -0.013611608819559882 -0.0026661140227689072 -0.0034999975642422743 -0.006861815871674436 -0.019350700871217041 -0.0099471557681665209 -0.0044488139316542835 -0.01973447844008749 -0.0048262440975262782 0.004891080056370907 -0.014613628188255026 -0.024272900454197457 -0.00026011002014157745 -0.0028757117721576572 -0.057427538777352384 0.0013724934898569963 -0.027527317909592487
leaf_weight=16172 19702 17418 628 8640 12385 3708 18666 1271 8561 2800 11002 3091 2098 7740 12575 14404 5518 3109 2281 3052 1553 2150 16889 884 14380 30520 4559 658 1328 8175
leaf_count=16172 19702 17418 628 8640 12385 3708 18666 1271 8561 2800 11002 3091 2098 7740 12575 14404 5518 3109 2281 3052 1553 2150 16889 884 14380 30520 4559 658 1328 8175
internal_value=0 0.0118844 -0.00592597 0.0184582 0.0123101 -0.00293614 -0.00174632 0.00317143 0.030852 0.0203575 0.00268404 0.00171522 -0.00495513 -0.0150841 -0.0200592 -0.00152472 -0.0159888 -0.00759392 0.00547631 0.00744765 0.00210419 -0.00214055 0.00994964 0.00208078 -0.0208248 0.00333423 0.0104937 0.0282244 -0.02847 -0.0336452
internal_weight=0 117209 138708 66805 44654 115525 111817 50404 22151 13511 27824 49133 88592 22413 20315 66179 8609 15439 40524 38243 51775 4950 35191 18302 23183 50222 23225 16830 4437 8803
internal_count=255917 117209 138708 66805 44654 115525 111817 50404 22151 13511 27824 49133 88592 22413 20315 66179 8609 15439 40524 38243 51775 4950 35191 18302 23183 50222 23225 16830 4437 8803
is_linear=0
shrinkage=0.1


Tree=32
num_leaves=31
num_cat=0
split_feature=0 4 105 62 4 4 26 20 134 4 6 0 6 0 90 63 123 4 6 124 2 64 137 63 22 134 0 13 2 4
split_gain=1721.46 732.504 567.806 534.241 465.486 611.414 377.881 349.738 412.613 327.119 315.435 356.588 287.266 259.579 394.318 341.883 343.738 424.102 337.218 271.865 232.437 215.782 209.022 300.537 198.84 197.192 293 292.679 187.894 389.243
threshold=3368593.5000000005 178652.49500000002 6926.5000000000009 2019044.0000000002 107145.25000000001 77076.395000000004 107412.50000000001 23.500000000000004 39819.000000000007 128977.94500000002 72.083333333333357 616101.50000000012 110.08333333333336 35782503.000000007 1.9370669853160294 1.999998863414213 2000508.5000000002 729236.43500000017 104.08333333333336 9.5000000000000018 957854.74500000011 0.99600693013236663 3477.5000000000005 1.8332233728634266 4.5000000000000009 827537.00000000012 11709895.000000002 4089958.5000000005 1335323.9450000001 405154.51000000007
decision_type=2 2 2 2 2 2 2 2 2 2 2 2 2 2 2 2 2 2 2 2 2 2 2 2 2 2 2 2 2 2
left_child=1 4 3 7 5 10 9 8 20 -6 -1 -12 -10 14 15 28 18 -18 -17 -16 -3 -9 -11 -24 -22 -19 -27 -28 29 -2
right_child=13 2 -4 -5 6 -7 -8 21 12 22 11 -13 -14 -15 19 16 17 25 -20 -21 24 -23 23 -25 -26 26 27 -29 -30 -31
leaf_value=0.011289400255637627 -0.003217144539793642 0.0038934457918985647 0.024705654470123392 0.0036494156313242095 0.021729565008541021 -0.0046500217684150467 -0.012795720361613687 -0.0071189908601578256 6.3537221329854416e-06 0.0086101336492592339 0.0074026727984110923 -0.0071804385842265013 -0.0035476307308115445 -0.042658030673898797 0.015264057908857653 -0.0021526914585645231 0.0038730488976928879 0.0016170600146843352 -0.016799083555588023 -0.015673962361099282 -0.0044457699908791448 -0.00054369655422749569 -0.0014558787564018022 0.0064014250197797669 0.0046058905608119 -0.01445757066425093 0.0140814687065141 -0.019598564210690308 -0.013949307075531681 0.00030250263867932531
leaf_weight=21958 3027 17192 2011 8267 8539 9608 668 8646 31018 9127 13902 2879 9447 8002 4121 22816 5621 10369 9354 1424 3781 6631 4230 3531 4207 4596 2148 3952 8375 6470
leaf_count=21958 3027 17192 2011 8267 8539 9608 668 8646 31018 9127 13902 2879 9447 8002 4121 22816 5621 10369 9354 1424 3781 6631 4230 3531 4207 4596 2148 3952 8375 6470
internal_value=0 0.00815191 0.00214389 0.000959068 0.0155124 0.00970293 0.0262758 -0.00151467 0.00165677 0.0282263 0.0153034 0.00498131 -0.00459724 -0.00901249 -0.00734016 -0.00920125 -0.0055229 0.00286788 -0.0124833 0.0184124 0.0117071 -0.0151423 0.020161 0.00809646 -0.00238798 -0.0036442 -0.0131704 0.00119596 -0.0213148 -0.0116861
internal_weight=0 165642 91200 89189 74442 48347 26095 80922 65645 25427 38739 16781 40465 90275 82273 76728 58856 26686 32170 5545 25180 15277 16888 7761 7988 21065 10696 6100 17872 9497
internal_count=255917 165642 91200 89189 74442 48347 26095 80922 65645 25427 38739 16781 40465 90275 82273 76728 58856 26686 32170 5545 25180 15277 16888 7761 7988 21065 10696 6100 17872 9497
is_linear=0
shrinkage=0.1


Tree=33
num_leaves=31
num_cat=0
split_feature=0 126 0 127 2 94 94 105 75 128 4 4 0 0 64 63 123 93 124 137 138 63 123 4 137 0 4 123 3 94
split_gain=1520.72 730.701 672.107 681.442 504.147 364.272 347.947 331.967 289.048 299.718 283.442 330.805 273.13 396.164 270.121 425.496 363.999 368.915 247.959 246.177 242.94 239.448 237.074 232.134 262.341 218.367 288.524 212.28 203.608 189.5
threshold=424279.50000000006 1.0000000180025095e-35 7109339.0000000009 0.13392857142857145 335317.33000000002 183725.3653846154 10901.728070175441 73073.500000000015 56648.000000000007 0.63333333333333341 107145.25000000001 55641.895000000004 12065554.500000002 19218544.500000004 0.0939046425715543 1.999998863414213 3793769.5000000005 12.500000000000002 5.5000000000000009 36498.000000000007 24.500000000000004 2150.9487967720443 28732.000000000004 384193.1750000001 1435922.0000000002 8585300.0000000019 671665.02500000002 2149476.0000000005 528596.25500000012 379.25000000000006
decision_type=2 2 2 2 2 2 2 2 2 2 2 2 2 2 2 2 2 2 2 2 2 2 2 2 2 2 2 2 2 2
left_child=4 2 3 5 10 7 18 8 9 14 11 -1 25 23 16 19 17 -2 -5 -16 21 -17 -3 -14 -25 26 27 -4 -18 -6
right_child=1 22 12 6 29 -7 -8 -9 -10 -11 -12 -13 13 -15 15 20 28 -19 -20 -21 -22 -23 -24 24 -26 -27 -28 -29 -30 -31
leaf_value=0.015574804146177446 0.0079502273273893403 0.0019904357239721661 -0.0030315211569357839 0.00091636922107232266 -0.00043046930327027229 -0.041972906318383754 -0.014471491587008074 0.017772462598829177 -0.018267510396677056 -0.014020717121565893 0.016146431894400595 0.0019628785285636719 -0.022723928859085099 -0.026742678644913465 0.0012500409502898008 0.003864167132656653 -0.0025723467211839868 0.00082369692042501871 -0.0012525237014953815 -0.0031931639153455534 -0.00057360780203237829 6.7478639688764693e-05 -0.0098598419790982758 0.016016798529501618 -0.0079595659937166992 -0.015723909011716632 -0.010655699827278632 0.0062428914100224366 0.00088141190874293043 0.0067367075920560689
leaf_weight=17915 6538 2762 1252 20136 19093 1514 4492 2028 1154 1267 15952 13921 860 15898 5287 20357 677 2577 34331 6350 6502 5226 14812 6637 5279 9871 4788 1178 1169 6094
leaf_count=17915 6538 2762 1252 20136 19093 1514 4492 2028 1154 1267 15952 13921 860 15898 5287 20357 677 2577 34331 6350 6502 5226 14812 6637 5279 9871 4788 1178 1169 6094
internal_value=0 -0.0027719 -0.000711633 0.00323181 0.0143019 0.0106742 -0.00442355 0.0119143 0.0105023 0.0115241 0.0203361 0.0148845 -0.0110181 -0.00505407 0.0126382 0.00911913 0.0266753 0.0348762 -0.0022174 -0.00726141 0.0150602 0.019447 -0.0221586 0.00805787 0.0116791 -0.0210253 -0.00780607 0.0202584 -0.0138184 0.00285302
internal_weight=0 182942 165368 119605 72975 60646 58959 59132 57104 55950 47788 31836 45763 28674 54683 43722 10961 9115 54467 11637 32085 25583 17574 12776 11916 17089 7218 2430 1846 25187
internal_count=255917 182942 165368 119605 72975 60646 58959 59132 57104 55950 47788 31836 45763 28674 54683 43722 10961 9115 54467 11637 32085 25583 17574 12776 11916 17089 7218 2430 1846 25187
is_linear=0
shrinkage=0.1


Tree=34
num_leaves=31
num_cat=0
split_feature=4 0 6 124 26 134 63 64 14 21 2 90 26 134 148 4 138 63 137 19 65 94 127 62 1 7 6 26 128 64
split_gain=1361.5 879.543 724.345 438.891 459.717 413.311 366.205 335.535 308.892 473.451 300.121 293.123 282.839 240.341 288.936 235.444 215.073 185.884 199.452 185.767 189.531 173.927 172.568 163.247 158.848 155.273 153.651 168.23 152.161 150.509
threshold=1073963.1700000002 309844.00000000006 120.08333333333336 5.5000000000000009 133312.00000000003 291184.00000000006 1.3683411956869749 0.20019758179790068 1.5000000000000002 8.5000000000000018 401359.71500000003 1.8336736365638273 122714.50000000001 24223996.500000004 569251.50000000012 148766.06500000003 12.500000000000002 1.999998863414213 20188.500000000004 1.0000000180025095e-35 3.5000000000000004 780.50000000000011 0.84523809523809534 276688.50000000006 77816.000000000015 2.5000000000000004 46.083333333333336 491755.00000000006 0.10555555555555557 0.25199166754057917
decision_type=2 2 2 2 2 2 2 2 2 2 2 2 2 2 2 2 2 2 2 2 2 2 2 2 2 2 2 2 2 2
left_child=1 10 3 8 6 12 7 -5 26 25 19 17 23 14 -13 -8 -9 18 -2 20 24 22 -12 -4 -1 -10 -3 -28 -23 -19
right_child=11 2 5 4 -6 -7 15 16 9 -11 21 13 -14 -15 -16 -17 -18 29 -20 -21 -22 28 -24 -25 -26 -27 27 -29 -30 -31
leaf_value=0.017681834486016634 -0.0029689406793437048 0.0040487326763489146 -0.005628559034420247 0.00043482999800275782 -0.019785187661068723 -0.0071817796836984834 0.012688801800090931 -0.0020196789833395287 -0.0033580671756957095 0.0050148808656310757 -0.0020059577614955719 0.019242671928715628 -0.028979578304699428 -0.039576772822122935 -0.027461392872021675 0.00081804582519413762 -0.01753163096679981 0.0083015054101413712 -0.035504843895972138 0.0030278887789718656 -0.25254550285771837 0.011724072988287438 0.0044965074393051741 0.0019857251008860029 0.011045171472201187 -4.0170870380569345e-05 0.0024364564727433115 -0.0068630444299976404 -0.031861986289164465 -0.00942847229022299
leaf_weight=14137 7268 17289 2599 14604 2728 13064 3475 12098 6118 12912 9443 2797 1308 1273 1049 29145 1627 2325 5363 5747 252 3289 2445 8197 18726 12400 12190 1531 212 30306
leaf_count=14137 7268 17289 2599 14604 2728 13064 3475 12098 6118 12912 9443 2797 1308 1273 1049 29145 1627 2325 5363 5747 252 3289 2445 8197 18726 12400 12190 1531 212 30306
internal_value=0 0.00556148 0.00164415 0.00473524 -0.00110635 -0.0138454 0.000691245 -0.00762649 0.0106926 0.00370621 0.0164854 -0.012782 -0.000531993 0.00989919 0.0223653 0.00791483 -0.0188527 -0.0153472 -0.0256475 0.0211658 0.0240461 0.00466583 -0.00110343 0.00478881 0.0247086 -0.00654239 0.0177735 0.00987206 0.0242559 -0.0113601
internal_weight=0 205536 151285 126117 63677 25168 60949 28329 62440 31430 54251 50381 12104 5119 3846 32620 13725 45262 12631 38862 33115 15389 11888 10796 32863 18518 31010 13721 3501 32631
internal_count=255917 205536 151285 126117 63677 25168 60949 28329 62440 31430 54251 50381 12104 5119 3846 32620 13725 45262 12631 38862 33115 15389 11888 10796 32863 18518 31010 13721 3501 32631
is_linear=0
shrinkage=0.1


Tree=35
num_leaves=31
num_cat=0
split_feature=0 4 3 124 94 134 4 3 123 88 6 90 0 4 2 0 134 93 137 126 126 62 4 22 0 1 2 1 94 4
split_gain=1117.12 490.853 456.129 448.664 421.419 372.035 339.934 329.921 328.99 315.975 303.082 296.445 289.352 422.485 454.645 323.046 288.871 270.61 264.153 254.885 253.506 253.098 237.718 212.177 258.073 212.158 207.315 205.208 202.706 200.956
threshold=1321586.0000000002 1868140.0500000003 198404.95500000005 8.5000000000000018 183725.3653846154 39819.000000000007 107145.25000000001 50750.785000000003 1999575.5000000002 182.50000000000003 126.08333333333336 1.5851136229648664 2707174.0000000005 405154.51000000007 826745.20500000007 4208112.5000000009 1292981.5000000002 168.50000000000003 60142.500000000007 0.19375000000000003 0.069047619047619066 974745.00000000012 233164.53500000003 4.5000000000000009 6761950.0000000009 8878110.5000000019 208738.18000000002 46908407.500000007 16003.500000000002 347649.74000000005
decision_type=2 2 2 2 2 2 2 2 2 2 2 2 2 2 2 2 2 2 2 2 2 2 2 2 2 2 2 2 2 2
left_child=2 4 3 6 8 28 7 -1 10 19 11 17 -10 15 -15 29 20 23 -8 21 -16 -4 -21 -2 -25 -3 -20 -13 -5 -14
right_child=1 25 9 5 -6 -7 18 -9 12 -11 -12 27 13 14 16 -17 -18 -19 26 22 -22 -23 -24 24 -26 -27 -28 -29 -30 -31
leaf_value=0.012862489958675028 -0.0019156114129495309 -0.021156753261482742 0.00025562499471446675 0.012155516531339328 -0.075343191073397181 -0.0047777025058267641 0.014364580290427155 0.0018184297272332063 0.0058046671003614356 0.020159102974685563 -0.0052438506587209948 0.015205486046079473 -0.00046136335579936659 0.0045502679386151016 0.0027795658884100238 0.0020188896249828995 -0.0020910468912861413 -0.020187187865716504 0.0072215565167034687 -0.011009488679772583 -0.010915862991818792 0.0096936351461479782 -0.0017395493208218846 0.00089756033120988443 -0.0082902363929052859 -0.01762998614441269 -0.0020086631680529782 -0.030501105613139724 -0.022540194106725309 -0.0036855809899629128
leaf_weight=13367 14358 8303 38514 8709 2396 8844 12498 19303 3222 2274 11518 3160 1205 3659 13257 1050 12623 2037 1495 1833 1261 2014 5140 30618 13098 14262 2194 569 1024 2112
leaf_count=13367 14358 8303 38514 8709 2396 8844 12498 19303 3222 2274 11518 3160 1205 3659 13257 1050 12623 2037 1495 1833 1261 2014 5140 30618 13098 14262 2194 569 1024 2112
internal_value=0 -0.00426885 0.00899188 0.0143514 -0.00164677 0.00112336 0.0193812 0.0135098 -0.000772524 0.00173087 -0.00461101 -0.00191726 0.00676247 0.00413459 0.00826178 -0.024974 0.00380081 -0.00361451 0.0312314 -1.24043e-05 0.0134206 0.00302605 -0.0176723 -0.0023579 0.00110616 -0.0177648 0.00771824 0.0254421 0.0146131 -0.0402765
internal_weight=0 138708 117209 67434 116143 18577 48857 32670 113747 49775 75358 63840 38389 35167 30800 4367 27141 60111 16187 47501 14518 40528 6973 58074 43716 22565 3689 3729 9733 3317
internal_count=255917 138708 117209 67434 116143 18577 48857 32670 113747 49775 75358 63840 38389 35167 30800 4367 27141 60111 16187 47501 14518 40528 6973 58074 43716 22565 3689 3729 9733 3317
is_linear=0
shrinkage=0.1


Tree=36
num_leaves=31
num_cat=0
split_feature=0 126 127 0 3 92 105 4 4 63 137 64 94 6 26 4 4 0 127 137 123 1 0 134 124 75 0 62 148 7
split_gain=990.727 551.015 504.377 483.006 352.269 317.738 301.109 286.666 292.483 277.959 425.725 351.722 260.33 257.141 244.793 207.592 357.3 305.689 281.314 205.59 197.079 195.655 271.068 182.455 182.542 175.942 169.287 237.58 161.561 160.525
threshold=414386.00000000006 0.060661764705882359 0.13392857142857145 8368361.0000000009 200756.00500000003 297160.00000000006 73073.500000000015 107145.25000000001 52072.665000000015 1.999998863414213 14862.000000000002 0.53061741984647826 10901.728070175441 68.083333333333357 518405.00000000006 1091088.3900000001 405154.51000000007 3795862.5000000005 0.98484848484848497 332365.00000000006 26974.000000000004 8263862.5000000009 19218544.500000004 25515.500000000004 4.5000000000000009 1598.5000000000002 2707174.0000000005 804473.50000000012 256.50000000000006 2.5000000000000004
decision_type=2 2 2 2 2 2 2 2 2 2 2 2 2 2 2 2 2 2 2 2 2 2 2 2 2 2 2 2 2 2
left_child=4 2 3 5 7 6 9 8 -1 10 25 -11 15 19 -15 16 18 -18 -4 -13 -3 -5 -23 -10 -25 26 27 -2 -6 -17
right_child=1 20 12 21 28 -7 -8 -9 23 11 -12 13 -14 14 -16 29 17 -19 -20 -21 -22 22 -24 24 -26 -27 -28 -29 -30 -31
leaf_value=0.014142080647311907 0.0027001326125956769 0.0022535795219484236 -0.0028436407134203993 -0.012471397772840655 0.00037518729965572154 -0.070991057356405193 0.015713141846713796 0.016362889983505657 0.0090381740393208794 0.0060995493031363304 -0.0030066208511059147 0.0045635652912626992 -0.014796239313738239 0.00092786830519723 -0.010099043664582046 -0.01328016946740398 0.0032825036133640583 -0.0015035442700382007 -0.00026540846355584195 0.00046087189642762062 -0.0081990209907134345 0.0049267377752897027 -0.025439986518587213 0.0045862009437365407 -0.010045971374918673 -0.0081515662170002813 -6.8942940123119915e-05 0.0059439370824886824 0.033031521527024564 -0.0084173435422521658
leaf_weight=14743 4748 2742 11963 4537 28190 1053 2209 11804 8564 4950 8778 10632 5370 17562 1623 2253 13836 10808 19201 4459 14905 11074 10488 3797 4019 1377 4488 3243 837 11664
leaf_count=14743 4748 2742 11963 4537 28190 1053 2209 11804 8564 4950 8778 10632 5370 17562 1623 2253 13836 10808 19201 4459 14905 11074 10488 3797 4019 1377 4488 3243 837 11664
internal_value=0 -0.00228631 -0.000503578 0.00449295 0.0115536 0.00909951 0.009995 0.0173073 0.0122747 0.00869952 -0.00012501 0.0137914 -0.00657307 0.0101929 0.00251102 -0.00493908 -0.00221428 0.00678358 -0.00932964 0.0199588 -0.0190878 -0.00700129 -0.00302963 0.00307766 -0.00796993 0.010791 0.0145342 0.0232628 0.00304471 -0.0158657
internal_weight=0 183963 166316 91221 71954 65122 64069 42927 31123 61860 22634 39226 75095 34276 19185 69725 55808 24644 31164 15091 17647 26099 21562 16380 7816 13856 12479 7991 29027 13917
internal_count=255917 183963 166316 91221 71954 65122 64069 42927 31123 61860 22634 39226 75095 34276 19185 69725 55808 24644 31164 15091 17647 26099 21562 16380 7816 13856 12479 7991 29027 13917
is_linear=0
shrinkage=0.1


Tree=37
num_leaves=31
num_cat=0
split_feature=0 18 134 124 25 2 22 63 137 4 0 124 92 0 0 64 138 105 5 2 1 26 52 5 4 3 20 4 0 0
split_gain=918.015 438.421 425.627 618.569 413.919 335.03 320.137 302.771 267.285 315.307 316.263 343.664 302.433 277.565 358.355 270.749 266.229 253.732 230.687 216.203 214.904 205.213 219.417 203.513 172.694 242.169 182.583 170.141 248.9 279.982
threshold=3368593.5000000005 1.5000000000000002 50898.500000000007 5.5000000000000009 10.000000000000002 397485.95500000002 4.5000000000000009 1.3683411956869749 509104.00000000006 405154.51000000007 57624336.500000007 6.5000000000000009 11.066278729322208 9773934.0000000019 3953693.5000000005 0.15755304552504099 14.500000000000002 66671.000000000015 5.5000000000000009 3580957.8800000004 77816.000000000015 518405.00000000006 0.06169734868892366 12.500000000000002 378266.18500000006 49866.405000000006 5.5000000000000009 483031.26000000007 12203388.500000002 7263892.0000000009
decision_type=2 2 2 2 2 2 2 2 2 2 2 2 2 2 2 2 2 2 2 2 2 2 2 2 2 2 2 2 2 2
left_child=1 2 4 17 5 -1 -7 16 9 12 11 23 13 14 -2 -10 24 18 -4 -8 -3 22 -6 -11 25 -5 -26 -13 29 -29
right_child=8 20 3 7 21 6 19 -9 15 10 -12 27 -14 -15 -16 -17 -18 -19 -20 -21 -22 -23 -24 -25 26 -27 -28 28 -30 -31
leaf_value=0.0092694506953794782 -0.0026847872097437559 0.0066245407728586338 0.0056420601126064285 0.0038632627071104376 0.0087995469857968158 -0.00098508477868429803 0.0052193850201341365 0.00070975250328632236 0.004534883502341258 0.0011849631851822222 -0.041333456714455791 0.0029938479477841576 -0.0082933736078313319 -0.030445605387053255 0.0015639414873035195 -0.01552096844713895 -0.017559608637878057 0.017629085907060194 0.00068528784467000974 -0.0032569446295295785 -0.0042900904007237336 -0.0064503679515539591 -0.0051419011756461217 0.011627901361357733 0.003401057541761383 -0.0031822906426905331 -0.0042730506641054508 -0.00024273186466888396 0.010613144095564665 -0.0085998153308689314
leaf_weight=31200 2542 3176 12332 2749 8205 10358 13077 15433 3845 5812 2743 2446 1995 2277 5347 35606 1986 1799 22978 1779 11727 3247 4974 6098 3500 14286 2836 11551 5003 5010
leaf_count=31200 2542 3176 12332 2749 8205 10358 13077 15433 3845 5812 2743 2446 1995 2277 5347 35606 1986 1799 22978 1779 11727 3247 4974 6098 3500 14286 2836 11551 5003 5010
internal_value=0 0.00588406 0.00750171 0.00236339 0.0129969 0.0170646 0.00849212 -0.00613606 -0.0066504 -0.00185639 0.00256103 0.00506035 -0.0159006 -0.00891459 -3.7355e-05 -0.0128264 -0.0128574 0.0117059 0.0098395 0.0179009 -0.010478 -0.000973222 0.00457478 0.0189483 -0.00987045 -0.0151129 0.00422448 -0.00182869 -0.00466381 -0.0105688
internal_weight=0 165642 150739 77899 72840 56414 25214 40790 90275 50824 38663 35920 12161 10166 7889 39451 25357 37109 35310 14856 14903 16426 13179 11910 23371 17035 6336 24010 21564 16561
internal_count=255917 165642 150739 77899 72840 56414 25214 40790 90275 50824 38663 35920 12161 10166 7889 39451 25357 37109 35310 14856 14903 16426 13179 11910 23371 17035 6336 24010 21564 16561
is_linear=0
shrinkage=0.1


Tree=38
num_leaves=31
num_cat=0
split_feature=4 4 4 4 105 94 26 4 0 13 4 22 4 0 4 20 0 1 3 94 64 123 20 4 97 2 20 123 13 22
split_gain=850.824 493.019 495.779 442.593 322.952 323.205 289.396 274.524 355.748 479.428 460.507 322.795 292.882 273.787 255.891 230.602 299.347 224.133 213.773 206.042 204.315 198.051 194.878 189.587 189.486 190.133 185.021 200.892 223.741 183.48
threshold=169659.11000000002 107145.25000000001 77076.395000000004 1868140.0500000003 40314.000000000007 310430.00000000006 55639.000000000007 405154.51000000007 185287.00000000003 928324.50000000012 347649.74000000005 6.5000000000000009 922621.29000000015 828981.50000000012 126343.58500000002 3.5000000000000004 39695160.000000007 8878110.5000000019 47654.55000000001 3.9999952396366898 0.061878428368616456 318026.50000000006 11.500000000000002 2174333.6000000006 8.5000000000000018 2065641.8950000003 5.5000000000000009 2359.0000000000005 790225.50000000012 4.5000000000000009
decision_type=2 2 2 2 2 2 2 2 2 2 2 2 2 2 2 2 2 2 2 2 2 2 2 2 2 2 2 2 2 2
left_child=1 2 13 4 5 7 14 8 -2 20 29 12 24 18 -3 16 21 -17 -1 -14 -10 -5 -22 -19 25 -9 27 -16 -29 -11
right_child=3 6 -4 15 -6 -7 -8 11 9 10 -12 -13 19 -15 26 17 -18 23 -20 -21 22 -23 -24 -25 -26 -27 -28 28 -30 -31
leaf_value=0.012353931381166562 0.0028073255994743198 0.018080369251802387 -0.0053571897658818424 0.019902737967001857 0.012466831746458929 -0.071499223767743245 -0.0073917320240309836 0.0014032687338726925 -0.0013295517705568134 -0.00071594718164555687 -0.0026500690679260048 0.0047567424122089644 -0.0047121687768236584 -0.001806259800075516 0.021440089873430646 -0.014450185567999397 -0.031370097895475138 0.010100726689466955 0.0033703216265236649 0.0050819672913712949 -0.0066413578449314239 -0.036186300134610307 -0.0032065666528645954 -0.030476891713934331 -0.020432138041445443 -0.011329333611574004 0.0070712918702616097 -0.0047862747139671806 0.0030415878377701572 0.00098054764779902256
leaf_weight=13101 12144 7784 10079 1547 3612 1842 1141 44893 5739 9227 5655 17495 21422 6449 1392 9069 1500 2578 20902 3791 7794 272 6296 9180 563 1627 9169 2612 1028 16014
leaf_count=13101 12144 7784 10079 1547 3612 1842 1141 44893 5739 9227 5655 17495 21422 6449 1392 9069 1500 2578 20902 3791 7794 272 6296 9180 563 1627 9169 2612 1028 16014
internal_value=0 0.0104755 0.00494075 -0.00226004 -0.000334317 -0.00102534 0.022569 -0.000522932 -0.0055908 -0.00927144 -0.001483 0.00302544 7.59509e-05 0.00988504 0.0251175 -0.0148702 0.00961024 -0.0187714 0.0134679 -0.00862184 -0.0214068 0.036882 -0.0278851 -0.00966066 0.00473363 0.00543153 0.0171301 0.0017222 -0.0106339 0.0042957
internal_weight=0 73657 50531 182260 158114 154502 23126 152660 62869 50725 30896 89791 72296 40452 21985 24146 3319 20827 34003 25213 19829 1819 14090 11758 47083 46520 14201 5032 3640 25241
internal_count=255917 73657 50531 182260 158114 154502 23126 152660 62869 50725 30896 89791 72296 40452 21985 24146 3319 20827 34003 25213 19829 1819 14090 11758 47083 46520 14201 5032 3640 25241
is_linear=0
shrinkage=0.1


Tree=39
num_leaves=31
num_cat=0
split_feature=0 126 6 2 26 134 3 6 123 90 4 4 0 53 76 63 105 20 76 123 127 123 124 4 4 2 15 0 93 140
split_gain=734.169 542.569 563.38 339.759 314.492 588.195 292.21 274.697 241.994 224.956 216.316 272.253 196.194 195.951 192.864 188.459 172.123 158.615 157.036 153.115 152.553 177.675 151.741 147.162 169.564 144.494 151.943 143.45 140.768 140.051
threshold=309844.00000000006 0.080128205128205135 78.083333333333357 243555.73000000004 350936.00000000006 39819.000000000007 237467.84000000003 152.08333333333337 485448.50000000006 1.5851136229648664 1223679.7650000004 405154.51000000007 57624336.500000007 6909.9375000000009 8.5000000000000018 5.8352652357934334 738170.50000000012 3.5000000000000004 4.5000000000000009 26974.000000000004 0.18465909090909094 3793769.5000000005 8.5000000000000018 107145.25000000001 77076.395000000004 620386.94000000006 1.0000000180025095e-35 11006397.000000002 1.5000000000000002 0.12916666666666668
decision_type=2 2 2 2 2 2 2 2 2 2 2 2 2 2 2 2 2 2 2 2 2 2 2 2 2 2 2 2 2 2
left_child=6 2 3 8 5 13 23 15 14 10 11 16 -11 20 17 22 25 -2 -8 -3 21 -4 -7 24 -1 26 -5 -19 -20 -13
right_child=1 19 4 9 -6 7 18 -9 -10 12 -12 29 -14 -15 -16 -17 -18 27 28 -21 -22 -23 -24 -25 -26 -27 -28 -29 -30 -31
leaf_value=0.010757756172608502 0.00035616678598746152 0.0013774996222447478 0.0048677679021371743 0.00063770215398900793 -0.018230901216248419 -0.00083880235041494666 -0.00033104505267462234 -0.0069566043168858491 0.0095262234050792483 0.018403813799765908 -0.0060094599850474056 0.0032236398138038636 -0.020002741675981241 -0.032170347093045518 -0.014613403522539127 0.00089748356971022726 0.021239486553025488 0.0066558964778466794 0.023198869960552083 -0.0072447852544944074 0.00057457714761872134 -0.0011790303371230005 -0.0058764013184011933 0.011386206680250588 -0.0034192453219139109 -0.0031446662603404627 -0.001273464825677491 -0.034023759938297739 0.0019283902087756826 -0.00069894793560405441
leaf_weight=17738 5511 2896 8137 11654 4055 22147 18263 14243 1658 2508 15697 22729 578 476 1118 15075 389 13150 1608 15815 6393 1082 12254 13428 4418 2693 11376 438 2255 6135
leaf_count=17738 5511 2896 8137 11654 4055 22147 18263 14243 1658 2508 15697 22729 578 476 1118 15075 389 13150 1608 15815 6393 1082 12254 13428 4418 2693 11376 438 2255 6135
internal_value=0 -0.0015774 0.000111834 0.0053581 -0.00587086 -0.00449049 0.0112389 -0.00880425 0.016303 0.00211211 0.000958098 0.00391434 0.0285404 0.0125948 0.013291 -0.00528139 -0.00348441 0.0156541 0.00221493 -0.0177823 0.0145219 0.0227536 -0.00936698 0.01685 0.0118435 -0.00448283 -0.00191991 0.0214578 0.0205327 0.0106077
internal_weight=0 198207 179496 95634 83862 79807 57710 63719 21875 73759 70673 54976 3086 16088 20217 49476 26112 19099 22126 18711 15612 9219 34401 35584 22156 25723 23030 13588 3863 28864
internal_count=255917 198207 179496 95634 83862 79807 57710 63719 21875 73759 70673 54976 3086 16088 20217 49476 26112 19099 22126 18711 15612 9219 34401 35584 22156 25723 23030 13588 3863 28864
is_linear=0
shrinkage=0.1


Tree=40
num_leaves=31
num_cat=0
split_feature=0 128 126 124 94 0 75 127 4 64 63 94 0 84 123 1 137 6 137 4 0 0 2 7 123 0 134 94 0 0
split_gain=669.654 396.631 364.993 334.643 376.631 269.567 309.073 316.673 391.921 238.269 223.082 216.935 228.725 269.424 215.1 206.099 205.27 231.345 194.533 243.387 235.714 328.618 235.998 289.891 250.731 228.744 226.618 205.189 196.278 334.628
threshold=3368593.5000000005 0.07417582417582419 0.19375000000000003 12.500000000000002 21887.000000000004 309844.00000000006 16712.000000000004 0.36038961038961043 411601.66000000009 0.066786608439206627 1.999998863414213 132583.75000000003 57624336.500000007 2078108.0000000002 1698.5000000000002 77816.000000000015 810025.50000000012 20.083333333333339 954144.50000000012 405154.51000000007 12203388.500000002 8585300.0000000019 1459168.0750000002 2.5000000000000004 2149476.0000000005 11006397.000000002 492958.50000000006 200.00140917243149 9773934.0000000019 4208112.5000000009
decision_type=2 2 2 2 2 2 2 2 2 2 2 2 2 2 2 2 2 2 2 2 2 2 2 2 2 2 2 2 2 2
left_child=1 2 3 5 -5 -1 7 9 16 -7 -11 12 13 18 -3 -4 17 -9 19 27 21 22 24 -24 -21 -23 -20 28 29 -2
right_child=11 14 15 4 -6 6 -8 8 -10 10 -12 -13 -14 -15 -16 -17 -18 -19 26 20 -22 25 23 -25 -26 -27 -28 -29 -30 -31
leaf_value=0.0067130075926418028 -0.0018849937320699313 0.0051432399121411178 0.0042383614071583439 -2.5468537935431132e-05 -0.027340464199573134 0.0065804258408310549 -0.01026669980371453 0.0045427575797176087 0.0038810975590151571 -0.00033900979664630131 0.0028771439128270852 -0.07039947309910792 -0.040358934428442517 0.013899083253216782 -0.0098219133565652875 -0.0037449376327269614 0.0028516867263447005 -0.0012930679269362423 -0.00086057019778037482 -0.0035594675486414124 0.012339183578408908 -0.011618261959464049 -0.011807908134648982 0.00019895565116359771 0.0028317778726958303 0.0011994855901771295 -0.021354345028031088 -0.0088805736363929758 -0.024540603381146966 0.0016130444760339441
leaf_weight=38334 3489 2284 4414 16298 1855 8371 2282 2554 11602 10385 20806 2750 3976 2508 6202 11287 2469 26499 15030 2987 10116 3241 2370 8433 8306 1614 17349 1441 1947 4718
leaf_count=38334 3489 2284 4414 16298 1855 8371 2282 2554 11602 10385 20806 2750 3976 2508 6202 11287 2469 26499 15030 2987 10116 3241 2370 8433 8306 1614 17349 1441 1947 4718
internal_value=0 0.00502271 0.0061598 0.00776537 -0.00491093 0.00963163 0.00649103 0.00749297 0.0015655 0.0139541 0.00993373 -0.00568277 -0.00481384 -0.00369867 -0.0160355 -0.00830533 -0.00421811 -0.00657056 -0.00469765 -0.000701141 0.0032543 -0.00163127 0.00354475 -0.00702171 0.0136527 -0.0251883 -0.010704 -0.0133459 -0.0083346 -0.00156274
internal_weight=0 165642 157156 141455 18153 123302 84968 82686 43124 39562 31191 90275 87525 83549 8486 15701 31522 29053 81041 48662 37067 26951 22096 10803 11293 4855 32379 11595 10154 8207
internal_count=255917 165642 157156 141455 18153 123302 84968 82686 43124 39562 31191 90275 87525 83549 8486 15701 31522 29053 81041 48662 37067 26951 22096 10803 11293 4855 32379 11595 10154 8207
is_linear=0
shrinkage=0.1


Tree=41
num_leaves=31
num_cat=0
split_feature=4 4 4 4 10 94 26 4 22 4 124 0 4 20 20 4 13 1 4 20 0 1 62 137 13 75 97 137 0 1
split_gain=651.548 417.53 413.043 318.47 267.542 304.953 265.061 282.557 289.753 251.542 239.293 226.036 224.044 218.835 216.158 213.493 202.238 395.188 340.155 201.163 231.325 194.698 191.362 208.351 182.26 180.578 176.925 176.517 189.88 206.529
threshold=169659.11000000002 107145.25000000001 84374.185000000012 1889461.425 1.5000000000000002 46640.571428571435 240068.00000000003 405154.51000000007 6.5000000000000009 126343.58500000002 1.0000000180025095e-35 828981.50000000012 922621.29000000015 18.500000000000004 6.5000000000000009 51393.485000000008 928324.50000000012 169732.50000000003 347649.74000000005 3.5000000000000004 39695160.000000007 8878110.5000000019 12081449.500000002 63748.000000000007 4510523.0000000009 2.5000000000000004 7.5000000000000009 853962.50000000012 1221145.5000000002 1640923.0000000002
decision_type=2 2 2 2 2 2 2 2 2 2 2 2 2 2 2 2 2 2 2 2 2 2 2 2 2 2 2 2 2 2
left_child=1 2 11 6 -3 9 7 10 12 -6 -2 15 26 -10 -11 25 17 -12 27 20 -5 -21 23 -14 -8 -1 -9 28 -18 -30
right_child=3 4 -4 19 5 -7 24 8 13 14 16 -13 22 -15 -16 -17 18 -19 -20 21 -22 -23 -24 -25 -26 -27 -28 -29 29 -31
leaf_value=0.010845132040481743 0.0038768725175763819 -0.0023725238829937906 -0.008194457037325532 0.013705188313958139 0.017468144261711883 -0.044984035923807224 -0.02898364858135449 0.0012601058157736961 0.0090945390240530794 0.00040713122974633256 0.00065464884615986654 -0.0016373631411328042 0.00059308113552658905 0.0012399575705019606 0.0068399006777032263 0.00090617143613274114 0.0062466092396254985 -0.0041107856728406665 -0.0023289906305286852 -0.014959549935654083 -0.024483002580214432 -0.013483319580381049 0.047071368040495991 -0.010888299372199995 0.0059105749754919078 0.00062852829932009697 -0.01577520457342527 0.0027115852036659633 -0.00095981125089034808 0.00077855471683889715
leaf_weight=14433 6735 2562 7059 1790 7263 396 3183 45961 9381 5157 10429 6937 10526 9558 7748 17655 1729 16825 5129 8216 1493 11616 536 14321 1337 4447 907 3745 10676 8167
leaf_count=14433 6735 2562 7059 1790 7263 396 3183 45961 9381 5157 10429 6937 10526 9558 7748 17655 1729 16825 5129 8216 1493 11616 536 14321 1337 4447 907 3745 10676 8167
internal_value=0 0.00905633 0.00396292 -0.00208841 0.0201856 0.0239821 -0.000495328 0.000202432 0.0037678 0.0256884 -0.00492291 0.00760614 0.000881796 0.0147777 0.0173102 0.0107482 -0.0070397 -0.0132475 -0.00129402 -0.0130567 0.00987176 -0.0168523 -0.006685 -0.00796026 -0.024365 0.0181404 0.00497986 0.00364212 6.93774e-06 -0.00290327
internal_weight=0 73657 50531 182260 23126 20564 159145 154625 91190 20168 63435 43472 72251 18939 12905 36535 56700 27254 29446 23115 3283 19832 25383 24847 4520 18880 46868 24317 20572 18843
internal_count=255917 73657 50531 182260 23126 20564 159145 154625 91190 20168 63435 43472 72251 18939 12905 36535 56700 27254 29446 23115 3283 19832 25383 24847 4520 18880 46868 24317 20572 18843
is_linear=0
shrinkage=0.1


Tree=42
num_leaves=31
num_cat=0
split_feature=4 75 105 94 4 4 124 134 0 4 2 137 22 138 22 124 5 137 97 137 94 0 128 4 138 0 134 0 6 63
split_gain=558.303 361.411 293.433 277.804 259.798 284.203 255.231 301.269 266.072 224.61 268.117 231.663 214.662 204.75 226.873 191.191 190.326 168.86 168.138 165.139 151.624 170.117 147.614 147.117 151.525 141.867 137.647 134.55 202.547 159.417
threshold=176717.04000000001 2.5000000000000004 33337.000000000007 1840.1840000000002 1391861.0850000002 405154.51000000007 8.5000000000000018 24189.000000000004 11353086.500000002 107145.25000000001 357949.50000000006 97352.500000000015 6.5000000000000009 12.500000000000002 4.5000000000000009 11.500000000000002 4.5000000000000009 999844.00000000012 8.5000000000000018 899981.00000000012 88838.833333333358 4962793.5000000009 0.18465909090909094 51393.485000000008 21.500000000000004 2759147.5000000005 31124.000000000004 4962793.5000000009 63.916666666666679 1.8332233728634266
decision_type=2 2 2 2 2 2 2 2 2 2 2 2 2 2 2 2 2 2 2 2 2 2 2 2 2 2 2 2 2 2
left_child=1 6 4 -3 5 13 8 -8 9 23 11 -11 18 19 -15 16 -9 -6 27 22 21 -14 -2 24 -1 -16 -25 29 -29 -7
right_child=2 3 -4 -5 17 12 7 15 -10 10 -12 -13 20 14 25 -17 -18 -19 -20 -21 -22 -23 -24 26 -26 -27 -28 28 -30 -31
leaf_value=0.0092730519739971928 -0.00042050893830268923 0.0028350478013502824 0.010766948033127844 -0.016429979229370152 -0.0010293251016320615 5.8242897687973586e-05 0.00577615389458972 -0.029998066593779862 -0.037625326827990024 0.010313304883274088 -0.0068220871271926263 0.0010402337147962959 0.0095114231759867024 -0.018055887251446346 -0.00074196663042727098 0.00059368786803102322 -0.0052827158745639702 -0.025344077110127341 -0.015222616172979798 0.0026058478124668591 -0.0079367428275409352 0.0031051502798125695 -0.014904475975657638 0.0081581942324093545 0.00093729979151528924 -0.0062237560006223698 -0.00057862551751581843 0.0017094479141205776 -0.0051663016459018388 0.0033527310421696101
leaf_weight=9665 42942 7341 4030 5423 21106 24631 8402 984 886 11509 634 3789 5975 1118 7964 4403 3311 17384 656 3303 1214 6464 1403 6504 4175 3339 9667 11208 12226 14261
leaf_count=9665 42942 7341 4030 5423 21106 24631 8402 984 886 11509 634 3789 5975 1118 7964 4403 3311 17384 656 3303 1214 6464 1403 6504 4175 3339 9667 11208 12226 14261
internal_value=0 0.00829304 -0.00190247 -0.00707005 -0.00251616 -0.00047281 0.0113604 0.000904139 0.0151786 0.0162254 0.0258218 0.0284627 0.00356397 -0.00562287 -0.0170577 -0.0121414 -0.0271526 -0.00977346 0.00109981 -0.002642 0.0149313 0.0182235 -0.0042487 0.0111309 0.0186991 -0.0128073 0.00465364 0.00162989 -0.00435581 0.00523651
internal_weight=0 76693 179224 12764 175194 136704 63929 17100 46829 45943 15932 15298 76635 60069 12421 8698 4295 38490 62982 47648 13653 12439 44345 30011 13840 11303 16171 62326 23434 38892
internal_count=255917 76693 179224 12764 175194 136704 63929 17100 46829 45943 15932 15298 76635 60069 12421 8698 4295 38490 62982 47648 13653 12439 44345 30011 13840 11303 16171 62326 23434 38892
is_linear=0
shrinkage=0.1


Tree=43
num_leaves=31
num_cat=0
split_feature=124 134 26 18 1 63 6 22 137 3 3 10 14 94 123 4 63 1 17 123 85 1 13 90 134 92 133 2 63 2
split_gain=507.347 579.811 490.072 323.683 281.806 252.978 245.793 206.059 298.855 262.331 222.673 208.987 182.249 179.112 169.612 160.458 231.813 179.316 153.891 147.104 134.119 156.147 153.764 132.748 128.171 127.367 124.925 123.999 123.815 211.137
threshold=5.5000000000000009 86715.000000000015 104238.00000000001 1.0000000180025095e-35 56068194.000000007 14.092591206555147 80.083333333333357 4.5000000000000009 19477.000000000004 241023.39500000005 3032622.8250000007 1.5000000000000002 2.5000000000000004 19242.866666666672 3791812.5000000005 905934.85000000021 4461.7143547274 9573991.5000000019 1.5000000000000002 61393.500000000007 4.5000000000000009 355195.50000000006 167056.00000000003 3.2361718785952109 88.500000000000014 54459.450000000004 56.000000000000007 82548.085000000006 1.999998863414213 349883.70500000002
decision_type=2 2 2 2 2 2 2 2 2 2 2 2 2 2 2 2 2 2 2 2 2 2 2 2 2 2 2 2 2 2
left_child=3 2 7 4 6 13 18 8 9 -2 12 -11 14 26 -9 16 -7 -17 -1 -5 21 -8 -23 28 -16 -14 -3 -10 29 -20
right_child=1 5 -4 19 -6 15 20 10 27 11 -12 -13 25 -15 24 17 -18 -19 23 -21 -22 22 -24 -25 -26 -27 -28 -29 -30 -31
leaf_value=0.0042404414596468425 0.0053997744142168184 -0.0017717046365855701 -0.015041788296429826 0.0021614426315847042 -0.034552168713650168 0.0033004516134343327 0.0052999788888896454 0.0064738673130355865 0.0082801060295916613 -0.019389570973599113 -0.0016919009047276072 -0.00035335392087616129 0.0024563608979800687 -0.023273993108487084 0.0045773585390907878 -0.0087821624888472678 -0.00068569969875710048 0.0064830271753184123 0.0031493798202980152 -0.0026430600478678182 0.011009413822217484 -0.0090290287884905139 -1.908222732747099e-05 0.016570059615262613 -0.0020204727539701569 -0.0092561630712308662 -0.0061206079127998914 -0.011621280322551964 0.0040040637930084649 -0.0014668973167939851
leaf_weight=19815 8553 43669 5483 10866 2374 6747 8549 14745 486 1120 3786 6513 15276 4176 268 6135 6427 3994 14398 16304 1502 3440 15746 1459 1155 968 6993 3426 13405 8139
leaf_count=19815 8553 43669 5483 10866 2374 6747 8549 14745 486 1120 3786 6513 15276 4176 268 6135 6427 3994 14398 16304 1502 3440 15746 1459 1155 968 6993 3426 13405 8139
internal_value=0 -0.00298704 0.00425269 0.00595711 0.00887863 -0.00871084 0.009812 0.00703228 -0.00108711 0.00490781 0.0115404 -0.00856837 0.0142209 -0.0124199 0.0217371 1.76008e-05 0.00729371 -0.00944587 0.0136236 -0.00359424 0.00235288 0.000776726 -0.0042319 0.00984867 -0.011233 0.00673991 -0.0107791 -0.0258913 0.00864835 0.00412177
internal_weight=0 139920 61779 115997 88827 78141 86453 56296 20098 16186 36198 7633 32412 54838 16168 23303 13174 10129 57216 27170 29237 27735 19186 37401 1423 16244 50662 3912 35942 22537
internal_count=255917 139920 61779 115997 88827 78141 86453 56296 20098 16186 36198 7633 32412 54838 16168 23303 13174 10129 57216 27170 29237 27735 19186 37401 1423 16244 50662 3912 35942 22537
is_linear=0
shrinkage=0.1


Tree=44
num_leaves=31
num_cat=0
split_feature=0 63 137 94 1 138 140 1 90 93 66 20 0 0 62 4 137 75 2 4 13 4 1 26 92 127 4 4 1 136
split_gain=500.252 344.813 598.12 336.815 230.194 214.819 208.239 201.918 259.468 246.335 198.146 192.798 189.391 262.057 225.356 211.271 306.976 203.505 181.974 293.94 181.874 234.265 176.571 170.596 195.72 180.047 158.568 156.856 156.221 140.826
threshold=1221145.5000000002 1.6638626459727099 9812.5000000000018 80653.333333333358 197330.00000000003 14.500000000000002 0.080128205128205135 56068194.000000007 2.0510530617173739 121.50000000000001 145336.00000000003 2.5000000000000004 8202313.0000000009 11006397.000000002 5404455.0000000009 384193.1750000001 361639.00000000006 188320.00000000003 263991.29500000004 107145.25000000001 790225.50000000012 145289.26500000004 1117272.5000000002 1.0000000180025095e-35 2.0254459550204954e-05 1.7583333333333335 107145.25000000001 50070.455000000009 71658.500000000015 1.5000000000000002
decision_type=2 2 2 2 2 2 2 2 2 2 2 2 2 2 2 2 2 2 2 2 2 2 2 2 2 2 2 2 2 2
left_child=1 2 18 6 -4 11 7 8 9 10 12 -6 14 -14 17 -15 -17 22 19 27 21 26 -2 24 -20 -25 -3 -1 -29 -7
right_child=3 20 4 -5 5 29 -8 -9 -10 -11 -12 -13 13 15 -16 16 -18 -19 23 -21 -22 -23 -24 25 -26 -27 -28 28 -30 -31
leaf_value=0.0071046993956899842 -0.0020685503086440237 0.0071212476705079467 0.0020985553448503234 -0.031065334165985416 -0.012149524332994209 -0.022665247060315009 -0.0029786156639702911 -0.032228836696623776 0.0090987768432226456 -0.015404469048163281 -0.0092528290044447317 -0.0015205671983506766 -0.0098767125431775682 -0.02403116459423249 0.0099236634068194506 0.011793008372689463 -0.0070737625075862455 -0.031830863953482287 -0.00028831050671908115 0.0090732198869478923 0.0089997181396616367 0.00045434306017952885 0.00058350221921153267 -0.014682436243872724 0.0054673992436090162 0.020058252044255123 0.017142923306472182 0.0077983685698468364 -0.0022117936997647415 -0.0052950113420269888
leaf_weight=9431 4301 10804 5465 5184 1071 1775 26135 3412 6368 2738 2206 9645 6727 1323 1848 4858 11442 598 20278 10892 2542 11181 64580 2379 8015 262 3579 5183 10536 1159
leaf_count=9431 4301 10804 5465 5184 1071 1775 26135 3412 6368 2738 2206 9645 6727 1323 1848 4858 11442 598 20278 10892 2542 11181 64580 2379 8015 262 3579 5183 10536 1159
internal_value=0 0.00589721 0.00275753 -0.00299687 -0.0128447 -0.0197884 -0.00204695 -0.000146821 0.000616901 -0.000621979 0.000205548 -0.0132242 0.000888733 -0.00672599 0.00348829 -0.000316559 0.0028028 0.00257158 0.00721043 0.0120394 0.0155143 0.0129777 0.00307585 0.00158401 0.00385289 -0.0227225 0.0214179 0.00609639 -2.07337e-05 -0.0437633
internal_weight=0 114197 86091 141720 19115 13650 136536 110401 106989 100621 97883 10716 95677 24350 71327 17623 16300 69479 66976 36042 28106 25564 68881 30934 28293 2641 14383 25150 15719 2934
internal_count=255917 114197 86091 141720 19115 13650 136536 110401 106989 100621 97883 10716 95677 24350 71327 17623 16300 69479 66976 36042 28106 25564 68881 30934 28293 2641 14383 25150 15719 2934
is_linear=0
shrinkage=0.1


Tree=45
num_leaves=31
num_cat=0
split_feature=4 4 4 94 18 4 105 6 128 0 4 0 63 0 137 123 4 64 20 123 13 6 17 0 4 126 0 126 1 1
split_gain=430.436 331.548 335.907 251.388 246.985 240.608 211.012 188.293 185.664 198.512 285.141 208.775 200.248 192.817 190.04 178.245 169.216 165.889 160.36 211.527 183.196 156.067 154.175 153.691 151.188 203.195 147.811 174.49 170.477 147.054
threshold=169659.11000000002 107145.25000000001 87217.395000000019 381279.50000000006 1.5000000000000002 123702.765 41593.000000000007 68.083333333333357 0.31250000000000006 7473546.0000000009 411601.66000000009 11353086.500000002 1.8332233728634266 18338713.500000004 61766.000000000007 1008638.5000000001 671665.02500000002 0.066786608439206627 5.5000000000000009 2359.0000000000005 790225.50000000012 53.916666666666679 1.5000000000000002 216846.00000000003 238880.50000000003 0.093073593073593086 1459201.0000000002 0.22649572649572652 84225.500000000015 595548.50000000012
decision_type=2 2 2 2 2 2 2 2 2 2 2 2 2 2 2 2 2 2 2 2 2 2 2 2 2 2 2 2 2 2
left_child=1 2 7 4 6 -3 8 -1 9 10 22 16 14 -13 -12 -16 21 -4 19 -7 -21 -11 -2 24 25 -24 27 -20 -29 -9
right_child=3 5 17 -5 -6 18 -8 29 -10 11 12 13 -14 -15 15 -17 -18 -19 26 20 -22 -23 23 -25 -26 -27 -28 28 -30 -31
leaf_value=0.0042055723265263635 0.00048094838138292581 0.012877100343947803 -0.00028830968643129288 -0.079198395059627558 -0.0040613609693664577 0.016420853855258332 0.0094784114082462484 0.0011911443405716372 -0.0098524752710113378 0.0039200512905628315 0.0010687851449168353 0.0057765048807216779 0.0031673724835160457 -0.011534030014566411 -0.00017649390100172302 -0.012696543927501081 -0.011946604700053022 -0.012375528024825068 0.0088036490629258644 -0.0047751995579388045 0.0020614908273778802 -0.002916343553599311 0.0077655852075228576 -0.001233662427112214 -0.0015604782850126009 -0.012841144074666438 -0.001610475172650494 0.0080715259364535497 -0.004675925796745254 -0.0067389538405520357
leaf_weight=23405 17360 7098 2678 2181 19676 1506 3871 17513 3208 1153 23738 11709 27821 14219 4813 2786 8993 3379 6826 2916 1085 1894 4067 29018 5203 550 1958 679 1058 3556
leaf_count=23405 17360 7098 2678 2181 19676 1506 3871 17513 3208 1153 23738 11709 27821 14219 4813 2786 8993 3379 6826 2916 1085 1894 4067 29018 5203 550 1958 679 1058 3556
internal_value=0 0.00744184 0.00290308 -0.00161655 -0.00120783 0.0173592 8.92421e-05 0.00591197 -0.000481129 1.70375e-05 0.00208136 -0.00625487 0.00692713 -0.00120175 0.00144518 -0.0123186 -0.0171367 -0.0191899 0.0105713 -0.00325412 -0.0152783 0.00323013 -0.00301965 -0.00652146 0.00429221 0.0174642 0.017808 0.0234758 -0.00482215 -0.000946007
internal_weight=0 73657 50531 182260 180079 23126 160403 44474 156532 153324 115356 37968 59158 25928 31337 7599 12040 6057 16028 5507 4001 3047 56198 38838 9820 4617 10521 8563 1737 21069
internal_count=255917 73657 50531 182260 180079 23126 160403 44474 156532 153324 115356 37968 59158 25928 31337 7599 12040 6057 16028 5507 4001 3047 56198 38838 9820 4617 10521 8563 1737 21069
is_linear=0
shrinkage=0.1


Tree=46
num_leaves=31
num_cat=0
split_feature=124 134 26 126 0 105 63 90 0 93 138 15 7 6 49 61 138 13 4 123 1 20 140 65 3 75 92 138 62 123
split_gain=408.125 417.086 371.754 272.786 234.832 213.028 211.6 188.502 216.583 221.136 190.956 184.961 155.723 142.599 136.226 156.118 135.692 133.855 132.523 213.095 155.311 124.247 123.903 118.55 126.36 117.454 109.428 105.265 104.057 102.424
threshold=5.5000000000000009 86715.000000000015 350936.00000000006 0.24038461538461542 41951678.500000007 541354.50000000012 14.562794701986757 4.9971111268690018 568853.50000000012 176.50000000000003 28.500000000000004 1.0000000180025095e-35 4.5000000000000009 112.08333333333336 2.5000000000000004 1.5000000000000002 16.500000000000004 308608.50000000006 922621.29000000015 3782067.0000000005 10332801.000000002 12.500000000000002 0.080128205128205135 3.5000000000000004 46476.265000000007 130.50000000000003 20.213259668508289 9.5000000000000018 3808001.5000000005 3792815.0000000005
decision_type=2 2 2 2 2 2 2 2 2 2 2 2 2 2 2 2 2 2 2 2 2 2 2 2 2 2 2 2 2 2
left_child=3 2 11 4 5 7 13 8 23 10 12 29 16 -3 15 21 17 -10 19 27 -20 26 -5 24 -1 -11 -13 -8 -16 -2
right_child=1 6 -4 22 -6 -7 18 -9 9 25 -12 14 -14 -15 28 -17 -18 -19 20 -21 -22 -23 -24 -25 -26 -27 -28 -29 -30 -31
leaf_value=0.012809837715785055 0.0039289709154136836 -0.0014950097161376299 -0.022197892597788201 -0.00090579025987145298 -0.023731389639004032 0.016038754349470552 0.0032721318195588268 0.012469334336102046 0.0067607807677423932 -0.0022389015314218329 -0.0065777610084508838 -0.010925927889787655 0.004411146208153238 -0.0058563223419533508 0.0014649860377876122 0.0009963124839278757 -0.0029438852934441876 0.00051565526546812639 -0.0075884610225276372 0.007986146048661602 0.0067795740760789426 -0.017446457386305549 -0.0097529671003156806 -0.20733463219082782 0.0038074247790685191 -0.020953113906000007 0.012553965598477979 -0.00022220880110946541 -0.0024540840200742856 -0.0010311048810490776
leaf_weight=7454 17282 39159 3398 7865 3948 1264 2852 4012 2806 1943 2322 766 7872 15863 28424 4834 4876 36626 6309 1091 3511 2853 3011 356 30333 1309 783 9356 1811 1628
leaf_count=7454 17282 39159 3398 7865 3948 1264 2852 4012 2806 1943 2322 766 7872 15863 28424 4834 4876 36626 6309 1091 3511 2853 3011 356 30333 1309 783 9356 1811 1628
internal_value=0 -0.00271842 0.00342191 0.00530358 0.00686341 0.00779707 -0.00757303 0.00728094 0.00639249 0.00253037 0.00404187 0.00529338 0.00529051 -0.0109462 0.00139745 -0.00923183 0.00298787 0.00493387 0.000454883 0.00696077 -0.0083559 -0.0228561 -0.00977281 0.0122403 0.0127814 -0.0228016 -5.56803e-05 0.00317663 0.00464442 0.0134254
internal_weight=0 139920 61779 115997 105121 101173 78141 99909 95897 57754 54502 58381 52180 55022 39471 9236 44308 39432 23119 13299 9820 4402 10876 38143 37787 3252 1549 12208 30235 18910
internal_count=255917 139920 61779 115997 105121 101173 78141 99909 95897 57754 54502 58381 52180 55022 39471 9236 44308 39432 23119 13299 9820 4402 10876 38143 37787 3252 1549 12208 30235 18910
is_linear=0
shrinkage=0.1


Tree=47
num_leaves=31
num_cat=0
split_feature=0 128 126 127 0 2 4 75 64 17 6 13 63 0 13 94 4 13 1 0 4 6 3 65 2 20 124 140 6 137
split_gain=354.16 275.018 279.76 304.544 233.667 386.619 272.954 208.81 225.582 205.81 202.025 230.708 199.232 227.558 179.512 157.498 149.912 171.715 218.305 157.832 166.029 154.328 140.974 140.965 137.363 131.281 154.584 137.739 128.168 135.07
threshold=3368593.5000000005 0.17156862745098042 0.31009615384615391 0.13392857142857145 208045.50000000003 401359.71500000003 411601.66000000009 1.5000000000000002 0.086669716858793919 2.5000000000000004 104.08333333333336 3698807.0000000005 1.6638626459727099 870539.50000000012 939.50000000000011 1840.1840000000002 1355864.4000000001 1514524.5000000002 64348331.500000007 4208112.5000000009 432900.95500000013 48.083333333333343 757302.50500000012 1.0000000180025095e-35 3580957.8800000004 10.500000000000002 10.500000000000002 0.080128205128205135 21.750000000000004 160388.50000000003
decision_type=2 2 2 2 2 2 2 2 2 2 2 2 2 2 2 2 2 2 2 2 2 2 2 2 2 2 2 2 2 2
left_child=1 2 3 7 5 -5 9 8 -1 28 16 -12 -10 -14 -7 -9 19 18 -18 20 -2 22 -21 -17 -16 -8 27 -27 -6 -30
right_child=10 -3 -4 4 6 14 25 15 12 -11 11 -13 13 -15 24 23 17 -19 -20 21 -22 -23 -24 -25 -26 26 -28 -29 29 -31
leaf_value=0.0091086513279612785 -0.0018623682219030054 -0.0066981709934385118 -0.0025039985802068994 0.0083201591158216237 0.0042598163991494076 -0.0040779477976333146 0.003458701093413119 0.0024679480565745456 8.746531983282154e-06 -0.0023404507909821903 -0.0080685668664615684 7.8884051405236918e-05 0.012832713907127636 0.0010466413944551641 0.0022204450686847603 -0.019158783208354884 0.01831182603363617 -0.0070814372834183022 -0.023636308163893994 0.0037248981069710968 0.00028666431726033915 -0.0002948086108557369 0.0011840362310563401 0.00173142707073711 -0.0047738253500978021 0.0058175567327690336 -0.0038190133275813952 -0.003387149536028504 -0.00092719204661780106 0.0015950498370971235
leaf_weight=11135 3908 6826 12743 16989 2064 4632 9147 7177 12001 20302 15573 9889 8527 13467 6674 2641 2046 20007 1195 7903 5721 16372 7661 2456 978 3355 4421 1387 14166 4554
leaf_count=11135 3908 6826 12743 16989 2064 4632 9147 7177 12001 20302 15573 9889 8527 13467 6674 2641 2046 20007 1195 7903 5721 16372 7661 2456 978 3355 4421 1387 14166 4554
internal_value=0 0.00359021 0.00443497 0.00567461 0.00200073 0.00931309 -0.00160312 0.0113495 0.0144948 -0.00612859 -0.00419518 -0.0117427 0.0104485 0.0161034 -0.00420209 -0.0002155 -0.00123011 -0.00766082 0.0136923 0.00236669 -0.00885566 0.00575033 0.01288 -0.0136574 0.00520324 0.00855162 9.14785e-05 0.0126328 0.000866467 -0.00174105
internal_weight=0 165642 158816 146073 88669 29273 59396 57404 45130 41086 90275 25462 33995 21994 12284 12274 64813 23248 3241 41565 9629 31936 15564 5097 7652 18310 9163 4742 20784 18720
internal_count=255917 165642 158816 146073 88669 29273 59396 57404 45130 41086 90275 25462 33995 21994 12284 12274 64813 23248 3241 41565 9629 31936 15564 5097 7652 18310 9163 4742 20784 18720
is_linear=0
shrinkage=0.1


Tree=48
num_leaves=31
num_cat=0
split_feature=4 4 4 94 4 20 94 94 18 93 76 134 94 20 20 25 123 2 26 105 26 133 134 137 0 64 20 13 76 95
split_gain=305.696 326.009 284.519 224.295 224.955 209.193 206.125 200.12 227.75 185.72 199.521 181.552 168.323 202.227 173.954 166.113 166.057 157.03 156.385 145.724 129.974 145.631 138.95 171.348 130.969 129.309 126.491 122.799 122.035 120.195
threshold=166989.86000000004 107145.25000000001 87217.395000000019 40762.500000000007 121264.98000000003 5.5000000000000009 433913.50000000006 0.67450123732775158 1.0000000180025095e-35 1.5000000000000002 8.5000000000000018 72019.000000000015 6241.8888888888896 3.5000000000000004 15.500000000000002 10.000000000000002 2751.0000000000005 67633.72500000002 465088.00000000006 599613.00000000012 295573.50000000006 10.000000000000002 1804703.5000000002 2344524.5000000005 78506424.000000015 0.066786608439206627 13.500000000000002 790225.50000000012 12.500000000000002 1.0000000180025095e-35
decision_type=2 2 2 2 2 2 2 2 2 2 2 2 2 2 2 2 2 2 2 2 2 2 2 2 2 2 2 2 2 2
left_child=1 2 11 4 -3 16 7 8 19 10 -9 15 14 -14 -11 -1 -6 -13 -17 20 21 22 -2 24 -24 -4 -12 -18 -15 -10
right_child=6 3 25 -5 5 -7 -8 9 29 12 26 17 13 28 -16 18 27 -19 -20 -21 -22 -23 23 -25 -26 -27 -28 -29 -30 -31
leaf_value=0.0075577228106138879 4.6794301910157206e-05 0.012473811714490402 -0.00083585892624735711 -0.026765053648026629 0.013321409490744186 0.0051247370541825273 -0.080556956313190264 0.0017010109511745042 -0.0030032560865488169 0.0035415750153961604 0.014065578165148652 0.0028514769435230569 -0.02453029240315846 0.00031414288115027308 -0.0010940750876994765 0.0062548492663966563 -0.0044097547305035345 -0.0021542493091714523 -0.0040248393514807582 0.011143670094300695 -0.023780640097028516 -0.00049510916011594002 0.0047695512709375418 -0.01949636963341277 -0.03061894377046568 -0.01112966734127886 0.0017804037842492786 0.0017777756319368636 -0.011315035874139099 0.045062118229973275
leaf_weight=15648 23564 5908 2678 616 1547 10270 1979 14549 36531 6002 2539 5657 852 5526 5361 7935 2846 11065 4169 1395 1907 67555 9430 1838 616 3379 1395 920 2028 212
leaf_count=15648 23564 5908 2678 616 1547 10270 1979 14549 36531 6002 2539 5657 852 5526 5361 7935 2846 11065 4169 1395 1907 67555 9430 1838 616 3379 1395 920 2028 212
internal_value=0 0.00629054 0.00185937 0.0164191 0.0181244 0.0118248 -0.00137523 -0.00102486 -0.0027429 0.00539995 0.0126062 0.00462855 -0.00133752 -0.0120658 0.00659897 0.00958812 -0.00428404 -0.00360239 0.00079143 -0.000397051 -0.000823992 -0.000345065 0.00484574 0.0136618 0.0187979 -0.0184736 0.0325867 -0.0156149 -0.00685681 -0.0095299
internal_weight=0 72638 50531 22107 21491 15583 183279 181300 143048 38252 18483 44474 19769 8406 11363 27752 5313 16722 12104 106305 104910 103003 35448 11884 10046 6057 3934 3766 7554 36743
internal_count=255917 72638 50531 22107 21491 15583 183279 181300 143048 38252 18483 44474 19769 8406 11363 27752 5313 16722 12104 106305 104910 103003 35448 11884 10046 6057 3934 3766 7554 36743
is_linear=0
shrinkage=0.1


Tree=49
num_leaves=31
num_cat=0
split_feature=124 134 137 22 138 26 94 126 0 3 94 75 84 6 4 13 0 62 0 2 4 134 137 3 92 13 1 124 3 10
split_gain=293.125 312.154 258.76 257.162 340.597 212.398 185.892 179.77 183.54 175.698 178.541 180.054 170.517 188.775 148.857 143.184 142.178 139.575 132.751 127.304 190.108 141.95 173.884 158.834 146.512 118.774 115.551 114.039 112.425 122.901
threshold=5.5000000000000009 530597.50000000012 126538.00000000001 4.5000000000000009 17.500000000000004 456324.00000000006 4503.1586433260409 0.24038461538461542 65987361.500000007 2680091.0450000004 6876.7000000000007 1.5000000000000002 43.500000000000007 68.083333333333357 145289.26500000004 124801.50000000001 353642.00000000006 5781125.5000000009 1708217.5000000002 236529.40500000006 107145.25000000001 738671.00000000012 1366997.0000000002 414706.63500000007 1325.9060193726939 2670098.5000000005 22452.500000000004 8.5000000000000018 253750.00500000003 1.5000000000000002
decision_type=2 2 2 2 2 2 2 2 2 2 2 2 2 2 2 2 2 2 2 2 2 2 2 2 2 2 2 2 2 2
left_child=7 3 6 4 15 9 18 8 12 10 14 -12 13 19 -5 28 -15 27 -3 20 -1 24 23 25 -21 -23 -11 -16 -2 -30
right_child=1 2 -4 5 -6 -7 -8 -9 -10 26 11 -13 -14 16 17 -17 -18 -19 -20 21 -22 22 -24 -25 -26 -27 -28 -29 29 -31
leaf_value=0.0033488669315124399 0.0056711577175146966 -0.0024234123807083149 -0.0099830787577671835 0.010048638998830585 -0.015873257526662597 -0.022654083002630457 -0.024538847411116709 -0.0025299831182954871 -0.027947233382545192 -0.0086034767786857327 0.001308333271012381 -0.012367727768625287 0.011525220069908571 0.0048770357010926363 -3.3519053606023695e-05 -0.0016784864984958681 -0.0007496257225860282 0.018967181169406457 0.00058165463213873927 -0.00043958100756198433 0.0084798816857437846 0.0012090993298762231 -0.0070345402104161625 0.0079060691301868682 0.008706874899476455 -0.0014442981367565636 -0.00095784935597047899 0.0025128355292987508 -0.015218668293220022 4.6676914833704151e-05
leaf_weight=18031 7035 3505 22370 8355 1656 2621 1404 10876 2118 495 7021 2604 3506 9953 13171 20087 26950 1172 17496 20667 4825 5169 3537 7036 2616 713 7147 18674 819 4288
leaf_count=18031 7035 3505 22370 8355 1656 2621 1404 10876 2118 495 7021 2604 3506 9953 13171 20087 26950 1172 17496 20667 4825 5169 3537 7036 2616 713 7147 18674 819 4288
internal_value=0 -0.0023019 -0.00918715 0.000938286 -0.006052 0.00480485 -0.00159104 0.0044966 0.00576286 0.00604973 0.00816868 -0.00409864 0.00636205 0.00559828 0.0110226 -0.0037794 -7.45816e-05 0.0080052 0.000764126 0.00894278 0.0148892 0.00552258 0.012632 0.018011 0.000498074 0.00588342 -0.00809056 0.00675788 0.00479368 -0.00649998
internal_weight=0 139920 44775 95145 33885 61260 22405 115997 105121 58639 50997 9625 103003 99497 41372 32229 36903 33017 21001 62594 22856 39738 16455 12918 23283 5882 7642 31845 12142 5107
internal_count=255917 139920 44775 95145 33885 61260 22405 115997 105121 58639 50997 9625 103003 99497 41372 32229 36903 33017 21001 62594 22856 39738 16455 12918 23283 5882 7642 31845 12142 5107
is_linear=0
shrinkage=0.1


Tree=50
num_leaves=31
num_cat=0
split_feature=0 75 63 137 6 137 94 90 13 140 141 137 0 5 84 2 137 4 4 13 13 0 20 96 0 134 138 2 4 1
split_gain=267.592 267.147 253.67 443.03 197.46 241.398 193.19 246.277 178.916 178.141 202.767 203.033 168.907 161.683 138.807 128.286 128.039 148.138 216.375 250.914 235.833 251.66 226.203 162.185 184.931 135.846 154.878 126.076 210.221 192.286
threshold=4962793.5000000009 268693.50000000006 1.3333341839501369 8418.5000000000018 110.08333333333336 1190775.0000000002 12904.097872340428 1.4973055256169516 3791840.0000000005 0.087121212121212141 0.12916666666666668 810025.50000000012 78506424.000000015 9.5000000000000018 159.50000000000003 957854.74500000011 2528312.5000000005 154390.96000000005 418459.74500000005 2243900.5000000005 1009928.5000000001 1436478.0000000002 20.500000000000004 102089.50000000001 3441452.0000000005 197720.50000000003 28.500000000000004 249998.98500000002 107145.25000000001 614468.50000000012
decision_type=2 2 2 2 2 2 2 2 2 2 2 2 2 2 2 2 2 2 2 2 2 2 2 2 2 2 2 2 2 2
left_child=1 2 3 14 5 12 7 9 -6 10 11 -5 13 -2 27 -13 17 -4 19 20 -19 -22 23 24 -20 -23 -27 28 29 -1
right_child=4 -3 16 6 8 -7 -8 -9 -10 -11 -12 15 -14 -15 -16 -17 -18 18 22 -21 21 25 -24 -25 -26 26 -28 -29 -30 -31
leaf_value=0.0019258924994192573 -0.0016973585368982415 -0.023115925547268032 0.0047696981395040213 -0.00055434545872894429 -0.014179405960068725 -0.009014424198888182 -0.020706838177954826 0.018301514060473419 -0.00031654090597093014 -0.0069251472098767128 -0.002402309105757101 0.0074268237177151477 -0.030604833782269882 0.00330544339526051 0.024033232976264016 -0.0020886439874792887 0.0099613583960104918 -0.0017073227145264936 0.0082407646969372746 -0.0025985046496137072 0.0062594405348895751 -0.0010162354035227895 -2.1136681801593887e-05 -0.012535267507795459 0.0010558524018458649 0.0012685003387876768 -0.012272174595118122 1.2484201972817744e-05 0.0056131523454411754 -0.0096982189073582248
leaf_weight=23935 5231 957 19618 6592 10140 21782 3318 860 5941 5015 12696 1660 1582 20608 756 662 2328 11733 7814 2371 1763 3855 9948 229 4697 7687 327 50182 10358 1272
leaf_count=23935 5231 957 19618 6592 10140 21782 3318 860 5941 5015 12696 1660 1582 20608 756 662 2328 11733 7814 2371 1763 3855 9948 229 4697 7687 327 50182 10358 1272
internal_value=0 0.00266619 0.0029321 5.96783e-05 -0.00475176 -0.00160765 -0.0102389 -0.00748725 -0.0143718 -0.0091885 -0.00524806 0.00631222 0.00463513 0.00657712 0.0037269 0.0317409 0.00758806 0.00682122 0.00395267 -0.00197196 0.000936003 0.00988161 0.0111955 0.0200189 0.0215454 0.00464505 0.012065 0.00335077 0.00790556 0.00297719
internal_weight=0 190633 189676 117306 65284 49203 30803 27485 16081 26625 21610 8914 27421 25839 86503 2322 72370 70042 50424 27736 25365 13632 22688 12740 12511 11869 8014 85747 35565 25207
internal_count=255917 190633 189676 117306 65284 49203 30803 27485 16081 26625 21610 8914 27421 25839 86503 2322 72370 70042 50424 27736 25365 13632 22688 12740 12511 11869 8014 85747 35565 25207
is_linear=0
shrinkage=0.1


Tree=51
num_leaves=31
num_cat=0
split_feature=126 0 94 63 137 4 4 0 0 94 137 0 127 128 1 137 0 13 123 123 123 134 137 62 29 13 127 141 4 94
split_gain=255.481 268.091 266.958 218.452 271.775 216.736 286.8 350.135 300.973 240.881 217.946 177.078 185.094 176.074 155.416 204.337 146.151 145.717 161.974 157.313 143.847 143.128 169.291 132.308 129.494 129.472 117.888 115.381 114.188 183.415
threshold=0.31009615384615391 1321586.0000000002 214297.66666666672 1.7053392781033676 9812.5000000000018 411601.66000000009 297989.13000000006 1708217.5000000002 10716797.000000002 4664.1111111111122 954144.50000000012 65987361.500000007 0.14835164835164838 0.38750000000000007 169732.50000000003 379853.50000000006 1459201.0000000002 790225.50000000012 318026.50000000006 275917.50000000006 79086.500000000015 492958.50000000006 2528312.5000000005 1108693.5000000002 65577.000000000015 990032.50000000012 0.18465909090909094 0.12916666666666668 238880.50000000003 2696.0277777777783
decision_type=2 2 2 2 2 2 2 2 2 2 2 2 2 2 2 2 2 2 2 2 2 2 2 2 2 2 2 2 2 2
left_child=1 3 5 4 28 6 7 16 9 -9 11 12 13 24 -6 -16 25 18 19 -5 -2 22 -12 -14 -7 -3 -19 -17 -1 -30
right_child=20 2 -4 17 14 10 -8 8 -10 -11 21 -13 23 -15 15 27 -18 26 -20 -21 -22 -23 -24 -25 -26 -27 -28 -29 29 -31
leaf_value=0.0029957961759511154 0.00028572075976565083 -0.004078241449018848 -0.050650810248951308 0.0034761916474071565 0.0044301839459287345 0.0033572060165530451 -0.0023449291466322605 0.0010717799982405253 -0.028653539141556772 -0.011051194791770108 -0.0027173562678407094 -0.022304105590705794 0.0023929252819959949 -0.012888113138275627 -0.0044554241450376203 0.0052322180844623818 -0.00260610304079433 0.011637385658183742 -0.0017898046103491522 0.015231480682914978 -0.0050361184008770286 -0.012315337104914281 0.0092768295484617954 -0.0010362741353814376 -0.015526726703621853 0.00080593620462087118 0.0025925968571531102 -0.0012512316671297486 -0.00079987249741069193 0.0070073369581507144
leaf_weight=40329 7868 1216 2877 18877 3908 26120 10436 18858 1759 1559 6629 2479 8808 592 10709 1477 5557 1351 2977 2331 12897 16510 7586 14871 647 2184 1546 1832 17850 3277
leaf_count=40329 7868 1216 2877 18877 3908 26120 10436 18858 1759 1559 6629 2479 8808 592 10709 1477 5557 1351 2977 2331 12897 16510 7586 14871 647 2184 1546 1832 17850 3277
internal_value=0 0.00167711 -0.00139402 0.00538934 0.00274354 -0.000705272 -0.00661388 -0.00180481 0.004935 0.00835447 0.00221032 0.0060643 0.00733204 0.0129345 -0.00809035 -0.0130067 -0.0184914 0.0131446 0.0106059 0.013672 -0.00989437 -0.00450258 0.00285298 0.000858864 0.0141276 -0.00216086 0.0343387 0.00871315 0.00590366 -5.18417e-05
internal_weight=0 235152 128688 106464 79382 125811 41569 31133 22176 20417 84242 53517 51038 27359 17926 14018 8957 27082 24185 21208 20765 30725 14215 23679 26767 3400 2897 3309 61456 21127
internal_count=255917 235152 128688 106464 79382 125811 41569 31133 22176 20417 84242 53517 51038 27359 17926 14018 8957 27082 24185 21208 20765 30725 14215 23679 26767 3400 2897 3309 61456 21127
is_linear=0
shrinkage=0.1


Tree=52
num_leaves=31
num_cat=0
split_feature=124 134 26 26 15 7 63 94 4 1 22 2 123 14 123 4 49 62 1 21 0 21 138 66 137 93 138 123 62 4
split_gain=256.741 240.521 239.506 151.851 148.81 178.043 139.346 141.728 158.706 157.23 136.71 193.945 196.5 176.314 155.81 147.141 187.514 142.599 135.638 238.25 133.111 227.691 155.784 127.972 111.896 111.175 109.307 108.614 124.117 123.682
threshold=5.5000000000000009 32352.500000000004 193737.50000000003 15190914.500000002 1.0000000180025095e-35 1.5000000000000002 31.094851492894332 19242.866666666672 713424.55500000005 739701.50000000012 4.5000000000000009 3580957.8800000004 3792437.5000000005 1.5000000000000002 11787.500000000002 56815.170000000006 2.5000000000000004 12081449.500000002 203783.00000000003 8.5000000000000018 7263892.0000000009 9.5000000000000018 12.500000000000002 56866.000000000007 2662541.0000000005 198.50000000000003 11.500000000000002 3782067.0000000005 591276.00000000012 905934.85000000021
decision_type=2 2 2 2 2 2 2 2 2 2 2 2 2 2 2 2 2 2 2 2 2 2 2 2 2 2 2 2 2 2
left_child=3 2 10 4 5 -1 7 20 -9 -10 15 12 13 -12 -13 -2 -17 -14 -6 -20 21 22 23 25 -4 -3 -18 28 -8 -29
right_child=1 6 24 -5 18 -7 27 8 9 -11 11 14 17 -15 -16 16 26 -19 19 -21 -22 -23 -24 -25 -26 -27 -28 29 -30 -31
leaf_value=0.0055749242233116602 0.010271760525365227 -0.00049879733264558115 -0.017694791159915801 -0.031441190755023697 0.0032817182911196968 0.0013523279534538803 0.0044459236194895673 -0.017163720890149458 0.010099760494326416 -0.017874507269809461 0.01246986200408912 -0.0062760731642909854 -0.0021935646267344177 0.0032527734137344209 8.3869338665989302e-05 -0.0096563408911196635 0.00055904800471912042 0.04177164355421939 -0.001440147670000512 0.0022894983289972306 -0.014697910514649637 0.0018171615365828757 -0.0066405905222361537 -0.014808701733949815 0.005521511969252677 -0.026149269856639124 -0.014338192566227138 0.0070348715052761315 -0.00086247422034627672 0.0021214994365831518
leaf_weight=6466 2100 33168 3200 1083 19217 46662 2326 3497 506 1594 3294 1051 1624 19192 4604 2809 10531 199 26923 15646 12252 9261 4457 659 1066 366 786 1116 17156 3106
leaf_count=6466 2100 33168 3200 1083 19217 46662 2326 3497 506 1594 3294 1051 1624 19192 4604 2809 10531 199 26923 15646 12252 9261 4457 659 1066 366 786 1116 17156 3106
internal_value=0 -0.00219871 0.00332212 0.00416388 0.00451513 0.00839585 -0.00531235 -0.00768183 -0.0229025 -0.00117266 0.00541594 0.00941937 0.0132997 0.0158597 -0.00726104 -0.00197706 -0.00564871 -0.0182765 0.0011782 -0.00196985 -0.00626584 -0.0038872 -0.00726171 -0.00496958 -0.0193486 -0.00411197 9.1374e-05 0.00126109 -0.0018901 0.015802
internal_weight=0 139920 50456 115997 114914 53128 89464 65760 5597 2100 46190 29964 24309 22486 5655 16226 14126 1823 61786 42569 60163 47911 38650 34193 4266 33534 11317 23704 19482 4222
internal_count=255917 139920 50456 115997 114914 53128 89464 65760 5597 2100 46190 29964 24309 22486 5655 16226 14126 1823 61786 42569 60163 47911 38650 34193 4266 33534 11317 23704 19482 4222
is_linear=0
shrinkage=0.1


Tree=53
num_leaves=31
num_cat=0
split_feature=4 128 6 22 15 0 3 92 64 134 66 123 94 3 137 21 94 3 138 0 4 1 20 10 26 3 0 127 20 123
split_gain=211.259 240.082 220.529 235.834 180.886 209.162 226.884 211.573 191.035 179.038 144.636 144.573 142.352 136.621 132.37 142.482 131.093 129.105 111.647 107.926 144.921 206.948 104.124 102.862 99.8646 96.91 93.8257 92.5022 96.7676 95.7993
threshold=1435564.3400000001 0.18465909090909094 126.08333333333336 5.5000000000000009 1.0000000180025095e-35 177264.00000000003 205268.98000000004 8186.7777777777783 0.050705049473271986 1570667.0000000002 74929.000000000015 1104.5000000000002 77290.000000000015 1167231.5700000001 509104.00000000006 8.5000000000000018 24271.500520291367 1117911.9250000003 16.500000000000004 8585300.0000000019 451843.75500000006 8583119.0000000019 19.500000000000004 1.5000000000000002 350936.00000000006 35352.115000000005 35782503.000000007 0.36038961038961043 4.5000000000000009 649325.00000000012
decision_type=2 2 2 2 2 2 2 2 2 2 2 2 2 2 2 2 2 2 2 2 2 2 2 2 2 2 2 2 2 2
left_child=1 2 3 4 8 6 -6 23 -1 16 18 -3 19 -14 27 -16 -4 -18 25 -5 -21 -22 -13 -8 -7 -10 -23 -2 29 -29
right_child=14 11 9 12 5 24 7 -9 10 -11 -12 22 13 -15 15 -17 17 -19 -20 20 21 26 -24 -25 -26 -27 -28 28 -30 -31
leaf_value=0.0030365083916705561 0.0014882986484042295 0.0060259235062440023 0.00024639145546354464 0.0026150851111354763 0.0083269773369136768 -0.00067692171431426034 -0.015049947015756028 0.026506164490469178 0.012608098449623918 -0.0096698974351787023 -0.011816763540677034 -0.01152830205347093 -0.008831159102239982 0.0063893316863780532 -0.038203639062712028 -0.0087702315739767393 -0.015323275809041484 0.0055857041251437889 -0.0042594154142966975 -0.014791876659186555 -0.0057125288862432295 0.015124611291130874 0.0012717046612259809 -0.0011952418880051274 -0.0071545722710826655 0.00060271920703616202 -0.0069491532300568265 0.0071938843436360703 -0.0028514669843733077 -0.0095818469545652096
leaf_weight=15640 9846 1646 20170 39965 11684 48209 1136 761 1082 6185 848 4535 2061 776 4789 15365 2254 539 4553 1649 2330 4121 1209 8797 3341 33088 1098 1316 6637 287
leaf_count=15640 9846 1646 20170 39965 11684 48209 1136 761 1082 6185 848 4535 2061 776 4789 15365 2254 539 4553 1649 2330 4121 1209 8797 3341 33088 1098 1316 6637 287
internal_value=0 0.00180473 0.0024273 0.00372635 0.0014367 -0.00179761 0.0062755 -0.00424938 0.00576746 -0.00564557 0.00206941 -0.0159109 0.00941257 -0.012368 -0.00625446 -0.0118279 -0.00157811 -0.0218826 0.00296408 0.0106694 0.000902987 0.00676955 -0.0233983 -0.00814263 -0.00530218 0.00492413 0.0178325 -4.3704e-05 -0.00786126 0.0141893
internal_weight=0 217677 210287 181139 129139 73928 22378 10694 55211 29148 39571 7390 52000 2837 38240 20154 22963 2793 38723 49163 9198 7549 5744 9933 51550 34170 5219 18086 8240 1603
internal_count=255917 217677 210287 181139 129139 73928 22378 10694 55211 29148 39571 7390 52000 2837 38240 20154 22963 2793 38723 49163 9198 7549 5744 9933 51550 34170 5219 18086 8240 1603
is_linear=0
shrinkage=0.1


Tree=54
num_leaves=31
num_cat=0
split_feature=92 126 127 0 128 0 4 0 105 123 4 13 76 138 75 20 62 64 62 148 4 124 62 93 123 20 29 137 1 1
split_gain=202.67 209.558 205.302 203.538 206.991 186.985 268.266 160.966 175.804 158.637 156.114 214.689 161.413 158.988 144.658 143.098 372.159 252.633 155.062 131.398 128.791 128.74 121.937 118.094 117.252 117.313 109.068 118.426 107.366 106.73
threshold=475374.00000000006 0.24038461538461542 0.095454545454545472 20237457.000000004 0.38750000000000007 252556.00000000003 191124.70000000004 616101.50000000012 793954.00000000012 207591.50000000003 402040.90000000008 2670098.5000000005 6.5000000000000009 20.500000000000004 1.5000000000000002 10.500000000000002 1486483.0000000002 0.15755304552504099 2237704.0000000005 256.50000000000006 553960.16000000015 10.500000000000002 4202244.0000000009 176.50000000000003 79086.500000000015 44.500000000000007 65577.000000000015 1190775.0000000002 9863.5000000000018 71658.500000000015
decision_type=2 2 2 2 2 2 2 2 2 2 2 2 2 2 2 2 2 2 2 2 2 2 2 2 2 2 2 2 2 2
left_child=1 2 3 4 7 6 29 9 10 -1 11 12 13 15 21 17 -17 23 -18 28 -5 -7 -13 -9 25 -3 27 -12 -8 -4
right_child=-2 24 5 20 -6 14 19 8 -10 -11 26 22 -14 -15 -16 16 18 -19 -20 -21 -22 -23 -24 -25 -26 -27 -28 -29 -30 -31
leaf_value=0.0063454790350800762 -0.06923037317676338 -0.0019201207350575623 0.01116592962056371 -0.054414524222399813 -0.0071740669029239663 6.5181327446994783e-05 -0.0024223047886324511 0.0037844041820478181 0.0130397812772724 0.012656777925039497 0.0026768977291742302 -0.0023154021713958964 -0.0023469291830941026 -0.0019862973717594541 -0.0059372192133913667 0.003601368261853863 -0.0046564538069994964 -0.00049858552282105117 0.002421136585244228 0.035290408624480289 -0.004670717514554612 -0.0020873131580171596 0.0022802035029450165 -0.0039342493067718864 -0.0041522840924769098 0.0093735145004553693 -0.014026628230448722 0.00076953852737153832 0.00053810316861140355 0.0034033614901339162
leaf_weight=19571 1877 7458 8055 1399 3200 55114 7658 1678 916 5123 25107 2271 5267 5237 6622 7009 862 8921 260 457 8404 25960 307 351 14483 2031 822 13065 8583 7849
leaf_count=19571 1877 7458 8055 1399 3200 55114 7658 1678 916 5123 25107 2271 5267 5237 6622 7009 862 8921 260 457 8404 25960 307 351 14483 2031 822 13065 8583 7849
internal_value=0 0.000818661 0.00174576 0.00487296 0.0062214 -0.00110776 0.00535834 0.00704888 0.00466155 0.0140167 0.00410119 -0.00105623 0.00135552 0.00479309 -0.00351161 0.00902911 0.0190788 0.00156667 -0.0343929 -0.00349448 -0.00887791 -0.00235087 -0.0287334 0.0334162 -0.00807902 0.000561248 0.00835513 0.00913122 -0.00498252 0.0146531
internal_weight=0 254040 230068 109770 99967 120298 32602 96767 72073 24694 71157 32163 29585 24318 87696 19081 8131 10950 1122 16698 9803 81074 2578 2029 23972 9489 38994 38172 16241 15904
internal_count=255917 254040 230068 109770 99967 120298 32602 96767 72073 24694 71157 32163 29585 24318 87696 19081 8131 10950 1122 16698 9803 81074 2578 2029 23972 9489 38994 38172 16241 15904
is_linear=0
shrinkage=0.1


Tree=55
num_leaves=31
num_cat=0
split_feature=124 134 26 138 15 138 92 5 6 137 4 4 1 0 2 20 136 62 2 4 134 22 123 4 123 134 4 137 0 124
split_gain=175.265 181.903 170.084 132.166 133.532 127.036 144.374 127.006 123.834 127.461 142.057 146.21 172.832 157.819 145.463 141.007 179.704 128.825 123.61 191.631 110.511 108.391 122.004 152.378 147.243 122.95 106.906 103.529 100.561 107.035
threshold=5.5000000000000009 32352.500000000004 350936.00000000006 24.500000000000004 1.0000000180025095e-35 30.500000000000004 57186.500000000007 6.5000000000000009 174.08333333333334 3807825.0000000005 411601.66000000009 922621.29000000015 9951119.0000000019 891726.00000000012 717010.19500000018 5.5000000000000009 1.0000000180025095e-35 189565.50000000003 1217632.2300000002 791920.12500000012 37851818.000000007 4.5000000000000009 1008638.5000000001 402040.90000000008 928768.50000000012 4183.5000000000009 1435564.3400000001 13295.500000000002 271121.00000000006 8.5000000000000018
decision_type=2 2 2 2 2 2 2 2 2 2 2 2 2 2 2 2 2 2 2 2 2 2 2 2 2 2 2 2 2 2
left_child=3 2 5 4 7 6 18 -1 9 10 14 15 13 -13 17 -12 -17 28 21 -20 -14 27 24 25 -23 -24 -21 -2 -3 -30
right_child=1 8 -4 -5 -6 -7 -8 -9 -10 -11 11 12 20 -15 -16 16 -18 -19 19 26 -22 22 23 -25 -26 -27 -28 -29 29 -31
leaf_value=0.0043121992746719224 0.0015706441257618484 -0.00083612573054814288 -0.013503846890742155 -0.0031737112098082208 0.00027544979356850544 0.0091195875684161164 -0.017847737752158959 0.00095771957717350874 -0.0069663155772550223 -0.036298611951227321 0.0025531021590540215 0.0066158574009077837 0.01160284786416077 -0.0062506704733352294 -0.0060815087490400602 -0.010286607417004242 0.00088222958336066349 -0.00013747428368310932 -0.0034057527704790106 0.0049554491286170881 -0.017069078292766892 0.0060624641754513549 -0.0001489625689070084 0.0057751640292819329 0.014703251115549121 -0.0037496105356348789 -0.00036479366678991726 -0.0059532878234346727 -0.0013019479468673323 -0.0087529829971459312
leaf_weight=13624 10655 4913 3398 7049 59533 2633 690 35791 6534 5410 8536 841 4574 11379 679 903 13258 22200 4742 3033 1378 11329 1638 1394 602 738 6905 2699 4040 4819
leaf_count=13624 10655 4913 3398 7049 59533 2633 690 35791 6534 5410 8536 841 4574 11379 679 903 13258 22200 4742 3033 1378 11329 1638 1394 602 738 6905 2699 4040 4819
internal_value=0 -0.0018006 0.00300058 0.00345636 0.00431496 0.00456075 0.00329584 0.00815762 -0.00450837 -0.00346406 -0.00242838 0.00162549 -0.00505911 -0.0118653 -0.0069488 0.0069774 0.000857888 -0.00608326 0.00401189 -0.00346739 0.00891471 0.00779078 0.0134236 -0.00225796 0.0183788 -0.0176572 0.00442487 0.00116793 -0.0136812 -0.0200447
internal_weight=0 139920 50456 115997 108948 47058 44425 49415 89464 82930 77520 40869 18172 12220 36651 22697 14161 35972 43735 14680 5952 29055 15701 3770 11931 2376 9938 13354 13772 8859
internal_count=255917 139920 50456 115997 108948 47058 44425 49415 89464 82930 77520 40869 18172 12220 36651 22697 14161 35972 43735 14680 5952 29055 15701 3770 11931 2376 9938 13354 13772 8859
is_linear=0
shrinkage=0.1


Tree=56
num_leaves=31
num_cat=0
split_feature=18 6 0 2 4 20 90 62 4 63 21 0 4 137 94 20 22 138 4 136 13 20 134 137 52 138 62 5 1 4
split_gain=174.772 185.824 180.169 167.55 249.185 174.303 166.41 154.004 144.162 140.269 135.495 135.198 158.905 129.208 124.118 214.613 143.643 134.367 133.918 117.28 110.442 107.476 105.802 118.165 101.13 98.1945 100.467 128.387 96.21 104.318
threshold=1.5000000000000002 78.083333333333357 7263892.0000000009 236529.40500000006 107145.25000000001 10.500000000000002 2.0510530617173739 2058249.5000000002 49398.410000000011 1.999998863414213 7.5000000000000009 11006397.000000002 553960.16000000015 50000.500000000007 40762.500000000007 13.500000000000002 5.5000000000000009 12.500000000000002 590421.90000000014 1.5000000000000002 1582814.5000000002 22.500000000000004 30148716.000000004 1190775.0000000002 0.06169734868892366 11.500000000000002 1252955.0000000002 3.5000000000000004 126543.00000000001 258414.55500000002
decision_type=2 2 2 2 2 2 2 2 2 2 2 2 2 2 2 2 2 2 2 2 2 2 2 2 2 2 2 2 2 2
left_child=1 3 7 4 8 -6 9 14 -1 25 13 -4 -13 -10 16 18 17 19 -16 28 -20 -19 23 -14 -17 26 27 -5 29 -3
right_child=-2 2 11 6 5 -7 -8 -9 10 -11 -12 12 22 -15 15 24 -18 21 20 -21 -22 -23 -24 -25 -26 -27 -28 -29 -30 -31
leaf_value=0.0045410783658474067 -0.0023801827730462093 0.0060217326814179465 -0.0088596265591972759 -0.013509433863759045 0.0021033252283363599 0.010208142918862918 0.010458917886805204 0.0012505307526977658 -0.00077425239672082038 0.0010446878059852066 0.004900190028713159 -0.027826421186351882 0.0075602415724108423 -0.0030324994558226684 -0.0047754574666235387 0.0039830791646006201 0.0014144610420157931 -0.0068097845664146011 0.0097067732640997145 0.0017335235660875222 -0.026772786302853964 0.0016743145717640574 -0.016772206554912295 -0.011034104751670437 -0.030196293949035547 -0.0031737954734313242 -0.0012483274177361135 0.00045224800820887757 -0.0013578319895879501 -0.0014504085852314135
leaf_weight=12907 25224 5522 6733 1383 4833 4211 3012 14976 8334 42557 4543 2007 5455 1809 1085 428 21369 5355 807 5067 175 1791 2808 4044 2594 3200 10332 29500 20357 3499
leaf_count=12907 25224 5522 6733 1383 4833 4211 3012 14976 8334 42557 4543 2007 5455 1809 1085 428 21369 5355 807 5067 175 1791 2808 4044 2594 3200 10332 29500 20357 3499
internal_value=0 0.0013879 -0.00174264 0.00396095 0.00966183 0.0240671 0.00163983 0.000352261 0.00494032 0.000839543 -0.0018359 -0.0100065 -0.00450963 -0.00826424 -0.00166819 -0.01669 -0.000453991 -0.00387774 0.00814064 -0.00128884 0.0348959 -0.0163567 -0.000254764 0.00478639 -0.0336738 -0.00309154 -0.00178137 0.00107435 -0.00371217 0.00488446
internal_weight=0 230693 104072 126621 36637 9044 89984 83025 27593 86972 14686 21047 14314 10143 68049 5089 62960 41591 2067 34445 982 7146 12307 9499 3022 44415 41215 30883 29378 9021
internal_count=255917 230693 104072 126621 36637 9044 89984 83025 27593 86972 14686 21047 14314 10143 68049 5089 62960 41591 2067 34445 982 7146 12307 9499 3022 44415 41215 30883 29378 9021
is_linear=0
shrinkage=0.1


Tree=57
num_leaves=31
num_cat=0
split_feature=75 105 94 21 3 138 3 137 128 64 20 137 64 137 136 20 0 20 4 5 62 1 4 134 0 63 64 13 0 93
split_gain=175.5 171.97 153.608 162.213 250.565 241.728 188.258 170.824 158.052 152.137 211.51 216.32 157.098 138.813 128.75 127.985 127.151 150.322 138.236 135.496 123.055 119.231 147.548 118.933 111.433 110.59 104.688 103.755 103.492 101.053
threshold=49823.500000000007 73073.500000000015 115073.50000000001 8.5000000000000018 1082135.8900000004 12.500000000000002 2890297.2650000001 229849.50000000003 0.29285714285714287 1.0409640096222781 15.500000000000002 810025.50000000012 0.001281181497342271 97352.500000000015 2.5000000000000004 16.500000000000004 8585300.0000000019 24.500000000000004 426452.82500000001 19.000000000000004 1486483.0000000002 8263862.5000000009 553960.16000000015 1327.5000000000002 983152.50000000012 214.08318799653367 7.8159250818544646 1126930.0000000002 4009021.5000000005 4.5000000000000009
decision_type=2 2 2 2 2 2 2 2 2 2 2 2 2 2 2 2 2 2 2 2 2 2 2 2 2 2 2 2 2 2
left_child=1 2 3 4 5 8 9 -7 14 10 11 -5 -12 -6 -1 -4 17 18 20 28 26 -18 -23 -10 -9 -22 -11 -15 -20 -14
right_child=-2 -3 15 6 13 7 -8 24 23 16 12 -13 29 27 -16 -17 21 -19 19 -21 25 22 -24 -25 -26 -27 -28 -29 -30 -31
leaf_value=0.00043823757348343724 -0.0091125991761924104 0.0077405458028357412 0.00070702880901044182 0.0046849937911204792 -0.00082851984075928977 -0.00076050695908834801 -0.0019782993727397208 -0.01570257322388156 0.0030245091021202063 -0.001276494836257337 -0.0030709734513668843 0.018970086984364976 0.0030968154490481517 0.0029024019906271461 0.010642167320646712 -0.030702577859461646 -0.0086544650329255964 0.0056505873647380101 0.0047614771413258868 0.0072964006502678064 -0.00095710863230868493 -0.01870589275444803 0.0053318480651231241 -0.012299773623319276 -0.0066126747924862839 -0.0056782041623341445 0.0019778519314803235 -0.024588666098568669 -0.0016753188450592483 -0.0037853412790934504
leaf_weight=112698 5247 3702 2276 10193 10478 10634 13773 1272 1153 5700 3149 1879 8016 1223 466 3309 3092 10463 3254 3218 1830 2052 8619 2334 4885 710 5692 7771 4378 2451
leaf_count=112698 5247 3702 2276 10193 10478 10634 13773 1272 1153 5700 3149 1879 8016 1223 466 3309 3092 10463 3254 3218 1830 2052 8619 2334 4885 710 5692 7771 4378 2451
internal_value=0 0.00094224 0.000621559 0.00100091 -0.000970881 0.000575427 0.00440905 -0.0106428 0.0021902 0.00638988 0.0126235 0.0222603 0.00407937 -0.0115678 0.00283634 -0.0157741 0.0031225 0.00630548 0.00206199 0.0105252 -0.00452899 -0.00502864 -1.8434e-05 -0.0187791 -0.0238984 -0.0244324 -9.12603e-05 -0.020681 0.00326875 0.00997101
internal_weight=0 250670 246968 241383 152914 133442 88469 16791 116651 74696 25688 12072 13616 19472 113164 5585 49008 35245 24782 10850 13932 13763 10671 3487 6157 2540 11392 8994 7632 10467
internal_count=255917 250670 246968 241383 152914 133442 88469 16791 116651 74696 25688 12072 13616 19472 113164 5585 49008 35245 24782 10850 13932 13763 10671 3487 6157 2540 11392 8994 7632 10467
is_linear=0
shrinkage=0.1


Tree=58
num_leaves=31
num_cat=0
split_feature=123 126 128 127 53 0 123 4 134 137 75 94 127 123 123 138 3 0 4 0 20 134 4 123 0 1 137 137 0 0
split_gain=156.785 200.692 183.343 196.104 193.002 185.406 228.65 175.965 172.272 167.109 166.121 193.241 131.134 119.552 133.213 117.474 158.181 201.321 135.97 113.884 206.919 141.984 182.788 154.271 153.037 130.058 127.566 113.53 109.409 230.359
threshold=50007.500000000007 0.060661764705882359 0.07417582417582419 0.65833333333333344 0.068826227925429931 1436478.0000000002 128281.50000000001 402040.90000000008 9017.5000000000018 1190775.0000000002 1.5000000000000002 1840.1840000000002 0.86507936507936523 1004711.5000000001 312091.50000000006 20.500000000000004 167711.33500000005 16519.000000000004 107145.25000000001 3368593.5000000005 18.500000000000004 115734.50000000001 827704.13000000012 2230859.0000000005 7473546.0000000009 3999742.5000000005 80270.500000000015 26.500000000000004 2707174.0000000005 1669367.5000000002
decision_type=2 2 2 2 2 2 2 2 2 2 2 2 2 2 2 2 2 2 2 2 2 2 2 2 2 2 2 2 2 2
left_child=10 2 3 4 -2 6 -6 28 -8 19 15 -12 -5 14 -10 16 18 -18 -1 20 -9 22 25 -23 -25 -21 -27 -16 29 -7
right_child=1 -3 -4 12 5 7 8 9 13 -11 11 -13 -14 -15 27 -17 17 -19 -20 21 -22 23 -24 24 -26 26 -28 -29 -30 -31
leaf_value=0.0042240573724605752 0.0086436882673331765 -0.0033107497514197337 -0.0074324770603524382 -0.0012888632166972989 -0.0060286564638315976 -0.0014944016867156017 0.010970243882585717 0.013270365126283318 0.0061945185837174238 -0.002960131900205454 0.0020070106024379086 -0.011230332459470728 5.9950865060874943e-05 0.008698574265368365 0.0043000389269570675 -0.0018552501036028348 -0.001495973288064989 0.0035626147840970832 0.01306863865218455 0.0005596146053620109 -0.0030478249878268218 -0.0019806221118120362 0.00078098467109274927 0.00516546455381507 0.0021188043864821759 -0.0045988333552378115 0.0025208836327499243 -0.0012477798386507644 -0.0013822063918342269 0.00098354582464353895
leaf_weight=13827 2174 18474 2959 31998 2585 3006 3221 2781 3743 14807 8485 5919 50609 516 1796 8283 11510 23480 5265 557 1306 5976 2981 4417 7284 1164 236 3943 7290 5325
leaf_count=13827 2174 18474 2959 31998 2585 3006 3221 2781 3743 14807 8485 5919 50609 516 1796 8283 11510 23480 5265 557 1306 5976 2981 4417 7284 1164 236 3943 7290 5325
internal_value=0 -0.00109089 4.4037e-05 0.000506733 0.00420478 0.00332959 0.0129158 0.000677743 0.0182348 0.00408233 0.00431047 -0.00536893 -0.00285561 0.0117552 0.0092043 0.00654605 0.00824456 0.00424967 0.015566 0.00880721 0.0241695 0.00603092 -0.00896077 0.0102188 0.016895 -0.0327064 -0.0489671 -0.000367965 -0.00836912 -0.000540446
internal_weight=0 179148 160674 157715 75108 72934 15804 57130 13219 41509 76769 14404 82607 9998 9482 62365 54082 34990 19092 26702 4087 22615 4938 17677 11701 1957 1400 5739 15621 8331
internal_count=255917 179148 160674 157715 75108 72934 15804 57130 13219 41509 76769 14404 82607 9998 9482 62365 54082 34990 19092 26702 4087 22615 4938 17677 11701 1957 1400 5739 15621 8331
is_linear=0
shrinkage=0.1


Tree=59
num_leaves=31
num_cat=0
split_feature=92 126 6 90 0 63 64 13 63 137 134 20 14 3 26 138 21 1 137 4 123 4 88 65 5 3 20 20 123 2
split_gain=150.442 139.925 143.525 150.339 147.396 200.294 180.921 145.556 147.104 156.821 130.226 128.405 128.232 126.38 128.118 125.382 122.174 121.45 109.969 104.731 104.227 99.6941 99.247 97.8924 96.756 95.2695 88.8276 147.144 111.252 109.564
threshold=568369.50000000012 0.31009615384615391 128.08333333333337 4.6679365554336476 1090596.5000000002 1.3683411956869749 0.53061741984647826 928324.50000000012 1.4703717421238653 8418.5000000000018 1570667.0000000002 13.500000000000002 1.5000000000000002 28608.850000000002 15202.000000000002 10.500000000000002 10.500000000000002 1373888.0000000002 223769.50000000003 154390.96000000005 918914.00000000012 107145.25000000001 500343.50000000006 3.5000000000000004 10.500000000000002 398007.86500000005 23.500000000000004 19.500000000000004 1453857.5000000002 801656.65500000014
decision_type=2 2 2 2 2 2 2 2 2 2 2 2 2 2 2 2 2 2 2 2 2 2 2 2 2 2 2 2 2 2
left_child=1 2 3 4 7 12 11 8 9 20 21 18 26 -11 -15 -8 17 -17 -7 -10 23 -4 -23 -1 -18 -12 27 -6 -28 -30
right_child=-2 -3 10 -5 5 6 15 -9 19 13 25 -13 -14 14 -16 16 24 -19 -20 -21 -22 22 -24 -25 -26 -27 28 -29 29 -31
leaf_value=0.0016873225305580109 -0.069398950486342953 -0.0023837681062520294 -0.0065587042403924658 0.0085207880831255963 -9.8203708096887543e-05 0.00033693771444893349 0.0016723244887485126 0.0065933506305131066 0.0067160619520951958 0.024049783484530088 -0.015595437340200144 0.001661724967642464 -0.0021221750075655229 -0.0012599501755190968 -0.027219886163284825 -0.0034903816171461643 0.012771542160316063 -0.000707293281683119 0.015457726771635386 0.00044343509758328081 -0.0039082544720885504 0.00057911765590736247 -0.020369087511487027 -0.17454305101779233 0.00073972471665879501 -0.0052359444396539619 0.00044561531674350844 0.0047993623697199341 -0.011057631720303591 -0.0039904519740987408
leaf_weight=50423 1636 20723 5108 5803 16033 630 18119 2002 12276 795 1416 5178 14061 11424 1197 2666 1651 29116 1441 7469 531 19843 792 430 14404 7119 1471 723 424 1013
leaf_count=50423 1636 20723 5108 5803 16033 630 18119 2002 12276 795 1416 5178 14061 11424 1197 2666 1651 29116 1441 7469 531 19843 792 430 14404 7119 1471 723 424 1013
internal_value=0 0.000706804 0.00140555 0.00243367 0.00195799 -0.000525173 0.00241241 0.00502596 0.00439489 0.00209234 -0.00457155 0.017408 -0.00690161 -0.00753524 -0.00997117 0.000764296 -0.00191904 -0.00551092 0.0384527 0.0119515 0.00460603 -0.00102249 0.00207371 0.00506625 0.00519134 -0.0152761 -0.00168734 0.00111261 -0.0178207 -0.0376103
internal_weight=0 254281 233558 199280 193477 106930 73205 86547 84545 64800 34278 7249 33725 13416 12621 65956 47837 31782 2071 19745 51384 25743 20635 50853 16055 8535 19664 16756 2908 1437
internal_count=255917 254281 233558 199280 193477 106930 73205 86547 84545 64800 34278 7249 33725 13416 12621 65956 47837 31782 2071 19745 51384 25743 20635 50853 16055 8535 19664 16756 2908 1437
is_linear=0
shrinkage=0.1


Tree=60
num_leaves=31
num_cat=0
split_feature=75 0 90 4 19 13 1 137 17 134 29 1 4 20 66 65 93 94 74 148 138 4 84 4 7 92 0 94 62 66
split_gain=144.532 130.3 179.621 139.475 144.226 138.443 192.669 156.036 138.182 127.886 117.268 117.108 114.97 111.704 111.6 153.2 138.459 151.575 120.718 109.021 96.1368 91.3006 91.1227 90.0218 87.609 87.5205 86.1283 117.417 115.834 153.573
threshold=49823.500000000007 48555779.000000007 3.8840796830560453 1908712.905 1.0000000180025095e-35 553658.00000000012 8878110.5000000019 2211032.0000000005 3.5000000000000004 1685.5000000000002 77359.500000000015 161014.50000000003 580736.21000000008 19.500000000000004 145336.00000000003 1.0000000180025095e-35 5.5000000000000009 1910.0319383259914 1.0000000180025095e-35 1071034.5000000002 32.500000000000007 402040.90000000008 820380.00000000012 61345.085000000014 2.5000000000000004 54459.450000000004 2943390.5000000005 4416.0555555555566 276688.50000000006 18074.500000000004
decision_type=2 2 2 2 2 2 2 2 2 2 2 2 2 2 2 2 2 2 2 2 2 2 2 2 2 2 2 2 2 2
left_child=1 2 3 4 8 -5 20 -8 10 -6 14 -10 25 21 15 16 18 -18 -1 -4 -7 23 -16 -11 -2 -13 28 -28 -17 -30
right_child=24 -3 19 5 9 6 7 -9 11 13 -12 12 -14 -15 22 26 17 -19 -20 -21 -22 -23 -24 -25 -26 -27 27 -29 29 -31
leaf_value=0.00045646941162869867 -0.018351233231201192 -0.019050899443980286 0.0087586220320625685 0.0049687985188185072 0.0013379891252833986 -0.016604057203297672 0.010882520978896438 -0.017186495357467725 0.0020253440266478017 0.00099497210993422232 -0.011029931700682965 -0.001562675502816302 0.00061718985948386752 0.00054556539017273041 -0.0066540691260867039 0.0027028917790101661 0.0018383136905550442 -0.025285041260190003 0.0034423955052552985 -0.016693253280120546 0.013160813009047079 -0.0013967959511960791 0.011141130327317806 -0.0071576313160596431 -0.0056780951109415062 -0.013882084483629896 0.0010580743425546814 -0.00537674353140879 0.0082011553061508546 -0.0035425148590680316
leaf_weight=111140 798 4571 6138 1314 7213 5559 2727 6112 13969 1076 1601 22265 11393 3962 2452 10250 2029 2466 8095 709 750 3959 229 5314 4449 893 5621 2210 5897 756
leaf_count=111140 798 4571 6138 1314 7213 5559 2727 6112 13969 1076 1601 22265 11393 3962 2452 10250 2029 2466 8095 709 750 3959 229 5314 4449 893 5621 2210 5897 756
internal_value=0 0.000814615 0.00112534 0.000668306 0.00132462 -0.00821402 -0.010915 -0.00138684 0.00215668 -0.00645571 0.00363346 -0.00249239 -0.0056162 -0.0119281 0.00391863 0.00428378 0.00284754 -0.0143815 0.00349705 0.0170952 -0.024264 -0.0173945 -0.0163022 -0.0247877 -0.0159551 -0.00966224 0.0114685 0.00279888 0.015485 0.0257602
internal_weight=0 250670 246099 239252 222790 16462 15148 8839 201266 21524 152746 48520 34551 14311 151145 148464 123730 4495 119235 6847 6309 10349 2681 6390 5247 23158 24734 7831 16903 6653
internal_count=255917 250670 246099 239252 222790 16462 15148 8839 201266 21524 152746 48520 34551 14311 151145 148464 123730 4495 119235 6847 6309 10349 2681 6390 5247 23158 24734 7831 16903 6653
is_linear=0
shrinkage=0.1


Tree=61
num_leaves=31
num_cat=0
split_feature=75 105 6 22 2 3 138 94 19 13 134 67 134 2 3 66 4 100 4 1 13 20 13 126 74 137 126 134 94 96
split_gain=125.969 128.534 124.31 123.177 146.576 143.559 129.058 112.056 109.658 103.234 127.617 102.787 102.585 101.447 89.1623 102.192 97.0804 152.741 141.742 151.589 120.3 122.914 186.83 192.718 205.162 122.142 105.471 105.292 141.266 104.777
threshold=102580.00000000001 73073.500000000015 128.08333333333337 5.5000000000000009 1441399.5150000004 3174722.5100000002 12.500000000000002 44569.000000000007 1.0000000180025095e-35 1325084.5000000002 9017.5000000000018 12.500000000000002 2194285.5000000005 1459168.0750000002 45015.30000000001 15042.000000000002 405154.51000000007 0.6515151515151516 262451.06500000006 77816.000000000015 1778468.5000000002 10.500000000000002 1450760.5000000002 0.087121212121212141 1.0000000180025095e-35 899981.00000000012 0.13809523809523813 182094.00000000003 8616.2847222222244 16951.500000000004
decision_type=2 2 2 2 2 2 2 2 2 2 2 2 2 2 2 2 2 2 2 2 2 2 2 2 2 2 2 2 2 2
left_child=1 2 3 4 6 -5 8 12 11 10 13 14 -4 -6 -1 16 18 27 19 26 21 25 23 24 -23 29 -16 28 -18 -21
right_child=-2 -3 7 5 9 -7 -8 -9 -10 -11 -12 -13 -14 -15 15 -17 17 -19 -20 20 -22 22 -24 -25 -26 -27 -28 -29 -30 -31
leaf_value=0.0053456253810990175 -0.010644793912404455 0.0062899436170417615 -0.00011149904407865325 0.0015054185156899936 -0.023912793255361855 -0.0034175953492451452 -0.002533493232214361 -0.015492828438191483 -0.0022046861364768632 -0.004796106014529837 0.0040527608510262606 -0.015602725951584585 -0.0075109012069498604 -0.0017407325568698174 0.0081666670730426993 -0.0037727543747716865 -0.00080958186831616905 -0.019739706153301635 -0.0010421493463358305 -0.0006460352106990475 0.0036402146719546262 0.0042787234686012315 -0.0067507080793850274 -0.0023021117948190642 -0.0034653404668729586 0.0025457186248849166 -0.0014207002114021928 0.0028760658241513272 0.016595107533852085 0.016642024798322774
leaf_weight=5302 3813 3838 25878 60197 192 7573 15194 2758 10059 14853 4180 742 6639 3454 8368 2948 6991 573 11798 29236 1008 6260 451 2430 1420 1227 2650 14522 842 521
leaf_count=5302 3813 3838 25878 60197 192 7573 15194 2758 10059 14853 4180 742 6639 3454 8368 2948 6991 573 11798 29236 1008 6260 451 2430 1420 1227 2650 14522 842 521
internal_value=0 0.00068193 0.000401184 0.00131183 -0.000330988 0.00483213 0.00103575 -0.00509728 0.00225668 -0.00771594 0.0015788 0.00328439 -0.00345583 -0.0120942 0.00356934 0.00283679 0.00344829 0.0090471 0.00148452 0.00366978 0.000962986 0.000134778 0.00945136 0.0122606 0.0200268 -0.00304081 0.0141238 0.0103538 0.00100927 -0.00431576
internal_weight=0 252104 248266 212991 145221 67770 122542 35275 107348 22679 7826 97289 32517 3646 96547 91245 88297 22928 65369 53571 42553 41545 10561 10110 7680 30984 11018 22355 7833 29757
internal_count=255917 252104 248266 212991 145221 67770 122542 35275 107348 22679 7826 97289 32517 3646 96547 91245 88297 22928 65369 53571 42553 41545 10561 10110 7680 30984 11018 22355 7833 29757
is_linear=0
shrinkage=0.1


Tree=62
num_leaves=31
num_cat=0
split_feature=92 15 64 63 0 1 26 63 138 90 26 76 4 4 137 6 20 75 137 64 137 123 123 4 92 127 148 93 4 20
split_gain=123.112 119.233 185.482 123.221 132.333 115.206 164.817 139.253 139.886 124.092 109.939 103.517 116.8 98.2615 93.7161 106.92 115.929 91.6288 103.834 152.106 90.8222 91.3087 104.032 102.711 89.4423 88.1933 77.2838 78.6423 75.9707 77.1095
threshold=568369.50000000012 1.0000000180025095e-35 0.51162385359515239 1.3333238733749126 3221604.0000000005 134518.50000000003 1.0000000180025095e-35 1.3333238733749126 14.500000000000002 4.4346023842033011 272.50000000000006 7.5000000000000009 191124.70000000004 402040.90000000008 4668933.0000000009 114.08333333333336 9.5000000000000018 10.500000000000002 65618.000000000015 0.9593561098649156 59489.000000000007 3791812.5000000005 4945239.5000000009 378266.18500000006 0.14286693525823962 0.095454545454545472 1247385.0000000002 38.500000000000007 107145.25000000001 2.5000000000000004
decision_type=2 2 2 2 2 2 2 2 2 2 2 2 2 2 2 2 2 2 2 2 2 2 2 2 2 2 2 2 2 2
left_child=1 2 3 4 -1 6 11 8 9 17 -8 12 28 -6 15 16 -4 18 25 -20 -5 26 23 -23 -9 -7 27 -22 -3 -30
right_child=-2 5 14 20 13 7 10 24 -10 -11 -12 -13 -14 -15 -16 -17 -18 -19 19 -21 21 22 -24 -25 -26 -27 -28 -29 29 -31
leaf_value=0.0022769752999509231 -0.061283680119170625 0.002328576735985233 -0.00034221958845702562 0.00030432359789947744 -0.0022467128187508476 0.0011025950437137612 -0.018261444742427298 -0.00039282141515163406 -0.011751142158195664 0.0070393758675690865 -0.0015904876562751191 0.013976135053080242 -0.00042638603661199762 -6.8381702632591698e-05 -0.027857808343524006 -0.0013312686573781832 0.0014266320511996103 -0.0056289993492442255 -0.0067345467745959509 0.00048993575466450899 0.014582678338632594 0.0031235069982587017 0.027911864436500601 -0.0042064337016468533 0.002093754626678157 -0.00077510111740204115 -0.039723788578616359 -0.054237219123108985 0.00055518173751887276 0.013371743627385337
leaf_weight=22739 1636 6065 23991 1871 1239 8030 1580 39127 4030 2495 2669 3221 12618 5724 3870 17826 36687 6063 5867 3359 2973 112 539 431 13357 22900 132 148 1339 3279
leaf_count=22739 1636 6065 23991 1871 1239 8030 1580 39127 4030 2495 2669 3221 12618 5724 3870 17826 36687 6063 5867 3359 2973 112 539 431 13357 22900 132 148 1339 3279
internal_value=0 0.000586113 0.00290805 0.00890583 0.00622814 -0.00143333 0.00394893 -0.00300723 -0.00663604 -0.00515479 -0.0143359 0.00687828 0.00455548 -0.0058341 0.000293525 0.00104242 0.00304272 -0.00632745 -0.00459734 -0.0139079 0.0217213 0.0296688 0.00450422 -0.0263891 0.000639559 -0.00182011 0.038039 0.0412088 0.01225 0.0219142
internal_weight=0 254281 118282 35908 29702 135999 30771 105228 52744 48714 4249 26522 23301 6963 82374 78504 60678 46219 40156 9226 6206 4335 1082 543 52484 30930 3253 3121 10683 4618
internal_count=255917 254281 118282 35908 29702 135999 30771 105228 52744 48714 4249 26522 23301 6963 82374 78504 60678 46219 40156 9226 6206 4335 1082 543 52484 30930 3253 3121 10683 4618
is_linear=0
shrinkage=0.1


Tree=63
num_leaves=31
num_cat=0
split_feature=0 90 75 128 4 67 63 13 1 123 137 134 134 137 123 29 26 6 2 99 93 1 22 138 138 134 13 137 20 20
split_gain=110.246 136.645 157.737 117.776 109.199 121.706 110.204 108.322 145.604 108.123 163.439 132.056 128.899 101.62 100.069 98.7447 97.7142 163.833 117.37 99.6115 93.5728 156.704 124.16 266.556 148.461 194.835 142.327 140.671 133.58 172.44
threshold=78506424.000000015 2.0510530617173739 73338.000000000015 0.29285714285714287 1935834.0750000002 12.500000000000002 22.480984480375902 956128.50000000012 8878110.5000000019 4945445.5000000009 39644.000000000007 90006.000000000015 4318983.0000000009 2423656.0000000005 453.50000000000006 262604.00000000006 564649.50000000012 38.083333333333343 38991.930000000008 1.0000000180025095e-35 176.50000000000003 406315.50000000006 4.5000000000000009 4.5000000000000009 9.5000000000000018 39819.000000000007 3812356.5000000005 68685.500000000015 23.500000000000004 13.500000000000002
decision_type=2 2 2 2 2 2 2 2 2 2 2 2 2 2 2 2 2 2 2 2 2 2 2 2 2 2 2 2 2 2
left_child=1 2 3 4 5 9 -7 -6 -9 15 11 -11 -13 -10 -5 16 18 -18 -1 20 22 -22 23 28 26 27 -24 -26 29 -20
right_child=-2 -3 -4 14 7 6 -8 8 13 10 -12 12 -14 -15 -16 -17 17 -19 19 -21 21 -23 24 -25 25 -27 -28 -29 -30 -31
leaf_value=0.010432183574748378 -0.023660393623661638 0.0054756788749353658 -0.011830282093598333 0.0076521618909971114 0.0053774640272890922 -0.0049920510853238651 0.0098994026003063739 -0.016611876677076975 0.0073033294027166741 -0.002264668909529029 0.021145873857235015 0.010700054946390897 -0.0017425467383937355 -0.016468867145396571 -0.0072365240728613257 -0.016991566783251529 0.0035872639948507632 -0.0060890703207932941 0.00021707761965706081 0.046841038148940181 0.0032097251802380754 -0.011700116082057102 0.002335495682395901 -0.0028035220232079383 0.00010692960317371665 -0.00038501714883402559 -0.0014202657464762831 0.0055378763889133379 -0.0026563070642780747 0.0035378863416988485
leaf_weight=5244 2008 9221 3293 857 1795 5374 382 5464 3330 804 1707 434 494 5899 4926 1030 2150 5986 52305 218 2510 2802 35582 15916 8485 48533 4474 9555 7521 7618
leaf_count=5244 2008 9221 3293 857 1795 5374 382 5464 3330 804 1707 434 494 5899 4926 1030 2150 5986 52305 218 2510 2802 35582 15916 8485 48533 4474 9555 7521 7618
internal_value=0 0.000577796 0.000127455 0.000424001 0.000770053 0.00136059 -0.0129882 -0.00707819 -0.00991122 0.00174768 0.0193356 -0.00230682 0.0233948 -0.00225156 -0.0136749 0.00145956 0.00161185 -0.00913168 0.00204724 0.00165126 0.00157584 -0.0115147 0.00194185 -0.000949404 0.00420216 0.0013078 0.00901259 0.0101811 0.00179761 0.00337428
internal_weight=0 253909 244688 241395 235612 219124 5756 16488 14693 213368 3439 1732 928 9229 5783 209929 208899 8136 200763 195519 195301 5312 189989 83360 106629 66573 40056 18040 67444 59923
internal_count=255917 253909 244688 241395 235612 219124 5756 16488 14693 213368 3439 1732 928 9229 5783 209929 208899 8136 200763 195519 195301 5312 189989 83360 106629 66573 40056 18040 67444 59923
is_linear=0
shrinkage=0.1


Tree=64
num_leaves=31
num_cat=0
split_feature=126 127 1 93 84 64 138 2 65 63 20 138 0 62 128 136 0 64 4 2 134 20 20 7 13 137 126 0 4 127
split_gain=106.457 128.682 134.725 119.005 140.113 121.29 116.593 124.719 116.292 114.444 112.78 115.585 111.011 196.625 110.052 109.459 109.146 106.383 110.844 238.219 213.202 163.505 188.736 195.71 154.32 121.224 115.881 115.641 113.418 113.386
threshold=0.38392857142857145 0.14835164835164838 312135.00000000006 176.50000000000003 8.5000000000000018 0.25199166754057917 12.500000000000002 2324326.6000000001 3.5000000000000004 2.9021027511169448 9.5000000000000018 12.500000000000002 4208112.5000000009 2501265.5000000005 0.13809523809523813 1.5000000000000002 20237457.000000004 20668.217168683197 405154.51000000007 397485.95500000002 705.50000000000011 10.500000000000002 20.500000000000004 1.5000000000000002 1539238.5000000002 92701.000000000015 0.069047619047619066 208045.50000000003 151176.80500000002 0.98484848484848497
decision_type=2 2 2 2 2 2 2 2 2 2 2 2 2 2 2 2 2 2 2 2 2 2 2 2 2 2 2 2 2 2
left_child=1 2 8 5 -5 9 7 17 14 -4 11 12 13 -7 -1 -8 -12 18 19 20 -3 24 23 -23 27 -21 -24 29 -25 -22
right_child=-2 6 3 4 -6 10 15 -9 -10 -11 16 -13 -14 -15 -16 -17 -18 -19 -20 25 21 22 26 28 -26 -27 -28 -29 -30 -31
leaf_value=0.01079919517398511 -0.0024572550912481343 0.0068406904126334213 0.001125121957392872 -0.0082365097263349726 0.0069649684399613818 -0.00040600614509577176 -0.0081057653452505599 -0.0027723478576712757 -0.18796389633060179 0.011708091430051963 0.0009667152042433625 -0.0079684249591163697 0.0011838986168331979 -0.0034608091810014192 -0.0041692994690330611 -0.0013988059903397715 -0.013372024992814381 0.0020316387492372401 0.0012087349605898691 -0.0022645708489650571 -0.00097136852911043907 0.011878708716475384 0.0018140107281451546 0.0068222752810191056 0.0056453518346340215 0.0014369296005825594 -0.012360606323507051 -0.001270918379718643 -0.0019120748312810188 0.008346095366933582
leaf_weight=15359 15035 7114 18122 3721 813 7690 3704 10434 262 1143 43813 3669 8146 1227 2161 23176 5711 2547 29608 11704 7550 1417 2708 1312 500 2725 999 19948 1120 2479
leaf_count=15359 15035 7114 18122 3721 813 7690 3704 10434 262 1143 43813 3669 8146 1227 2161 23176 5711 2547 29608 11704 7550 1417 2708 1312 500 2725 999 19948 1120 2479
internal_value=0 0.000856525 0.00333929 0.00183014 -0.0139755 0.00263066 -0.00129516 0.00024664 0.0113217 0.00965987 0.000703166 -0.00548926 -0.00202686 -0.00973622 0.0123106 -0.00715522 0.00329547 0.00142501 0.000849506 -0.00163581 0.00193902 -0.00103304 0.0121351 0.0276454 -0.00429775 -0.0128212 -0.00396926 -0.00521675 0.0104332 0.00354282
internal_weight=0 240882 111837 94055 4534 89521 129045 102165 17782 19265 70256 20732 17063 8917 17520 26880 49524 91731 89184 59576 45147 38033 7556 3849 30477 14429 3707 29977 2432 10029
internal_count=255917 240882 111837 94055 4534 89521 129045 102165 17782 19265 70256 20732 17063 8917 17520 26880 49524 91731 89184 59576 45147 38033 7556 3849 30477 14429 3707 29977 2432 10029
is_linear=0
shrinkage=0.1


Tree=65
num_leaves=31
num_cat=0
split_feature=105 75 0 0 90 66 140 137 17 67 22 137 92 62 148 20 11 4 2 148 134 0 94 137 124 4 0 100 92 70
split_gain=106.977 121.267 104.464 101.872 129.375 110.15 106.496 108.519 106.163 118.652 103.875 115.192 103.455 97.1791 84.1461 78.0468 76.3555 74.2085 69.2658 117.295 94.2916 68.3079 133.49 112.368 66.2538 95.2121 132.682 115.687 91.4043 85.1628
threshold=488367.00000000006 268693.50000000006 2059966.0000000002 41951678.500000007 4.0804574687482846 145336.00000000003 0.10555555555555557 3.5000000000000004 2.5000000000000004 3.5000000000000004 4.5000000000000009 127815.50000000001 128764.50000000001 206592.00000000003 1071034.5000000002 35.500000000000007 1.5000000000000002 721170.78000000014 658191.87000000023 56335.000000000007 4318983.0000000009 3221604.0000000005 917.50000000000011 391828.50000000006 16.500000000000004 426452.82500000001 302035.50000000006 0.6515151515151516 10587.214285714288 2.041666666666667
decision_type=2 2 2 2 2 2 2 2 2 2 2 2 2 2 2 2 2 2 2 2 2 2 2 2 2 2 2 2 2 2
left_child=1 3 -2 4 5 6 8 -8 9 -1 11 15 16 -7 18 -9 24 -14 19 20 -6 23 -23 -11 25 26 29 28 -27 -10
right_child=2 -3 -4 -5 14 13 7 10 12 21 -12 -13 17 -15 -16 -17 -18 -19 -20 -21 -22 22 -24 -25 -26 27 -28 -29 -30 -31
leaf_value=0.00036561934653292776 0.016142556747711281 -0.01471365770753928 0.0036424244984148094 -0.014680276802527682 0.010418456536473998 0.0025544984164307511 0.0036097018240337508 -0.00046224959046509698 0.0016956396997198642 0.0033506692985123157 -0.00065547635879817986 -0.010634395180589756 -0.017216326929792362 -0.0085156334032248544 -0.015144691270887245 -0.0094506029125435657 0.016131321928210374 -0.00091604704508011869 0.010846172375852689 -0.013259008422770311 -0.014376354498557254 0.0017669686260343754 -0.0031494283718232689 0.0086463093553936898 -0.0020636118094435425 0.0011404380157123417 -0.0011271912277132973 -0.017875304840811884 0.011991009748553242 -0.1015179306431202
leaf_weight=97844 430 2310 1304 5436 1597 992 939 4577 21690 10366 26308 3081 1263 2789 699 435 495 975 3519 590 302 3252 2539 1477 6816 22959 28252 578 1746 357
leaf_count=97844 430 2310 1304 5436 1597 992 939 4577 21690 10366 26308 3081 1263 2789 699 435 495 975 3519 590 302 3252 2539 1477 6816 22959 28252 578 1746 357
internal_value=0 0.000172353 0.0250951 0.000381529 0.000680221 0.000296978 0.000568325 -0.0044934 0.00146002 0.00343519 -0.00540892 -0.0153163 -0.00121926 -0.0166361 0.0143786 -0.00596232 -0.000646457 -0.0224351 0.0181991 0.00543206 0.0175322 0.0109858 0.00208526 0.0153379 -0.000881694 -3.01584e-05 -0.00254651 0.00497597 0.00601064 0.00326751
internal_weight=0 254183 1734 251873 246437 239730 235949 35340 200609 115478 34401 8093 85131 3781 6707 5012 82893 2238 6008 2489 1899 17634 5791 11843 82398 75582 50299 25283 24705 22047
internal_count=255917 254183 1734 251873 246437 239730 235949 35340 200609 115478 34401 8093 85131 3781 6707 5012 82893 2238 6008 2489 1899 17634 5791 11843 82398 75582 50299 25283 24705 22047
is_linear=0
shrinkage=0.1


Tree=66
num_leaves=31
num_cat=0
split_feature=6 134 90 75 4 62 124 92 63 140 137 62 4 134 62 63 2 64 13 0 29 99 123 105 19 134 20 1 1 21
split_gain=101.572 119.427 103.716 106.94 98.6355 145.962 100.563 151.52 100.474 104.995 103.199 101.454 114.531 131.386 153.633 119.643 143.797 95.4484 89.008 87.7765 86.3832 80.1816 76.7474 75.0733 72.601 134.922 83.5357 72.1422 70.0641 91.8681
threshold=170.16666666666671 582355.00000000012 2.0510530617173739 38128.000000000007 2047514.655 12081449.500000002 16.500000000000004 16269.012285012288 19.915256795057562 0.12916666666666668 3.5000000000000004 653154.00000000012 432900.95500000013 738671.00000000012 2691367.5000000005 1735.0274893094802 1574921.3600000003 0.032474638541269231 1145260.5000000002 15910273.500000002 109142.50000000001 1.0000000180025095e-35 1526333.0000000002 488367.00000000006 1.0000000180025095e-35 1327.5000000000002 19.500000000000004 8878110.5000000019 221538.00000000003 6.5000000000000009
decision_type=2 2 2 2 2 2 2 2 2 2 2 2 2 2 2 2 2 2 2 2 2 2 2 2 2 2 2 2 2 2
left_child=2 -2 3 4 5 6 8 -8 9 20 -11 19 13 14 -13 16 -14 -12 -6 -10 21 23 -16 24 -1 -26 -27 -20 -5 -30
right_child=1 -3 -4 28 18 -7 7 -9 11 10 17 12 15 -15 22 -17 -18 -19 27 -21 -22 -23 -24 -25 25 26 -28 -29 29 -31
leaf_value=0.000431346088993001 -8.4106422233933646e-05 -0.010585581885012109 0.0048890380001335781 0.013330518027642447 0.0054953149281702588 0.022226264523221764 -0.00076851456255301479 -0.028802999537961678 0.0048393376439190179 0.0032925011364472569 -0.0037311445218197407 -0.0005411996961327888 0.0071495368006148077 0.00073342504882697014 0.0018051084250388831 -0.00029109619590953097 0.0011085802325865647 -0.0011615335536972805 -0.024620248596725871 -0.016588819141526746 -0.011428965199969849 0.042908649722699636 -0.0039450246198120768 0.0092079755462172782 0.0029720897383827133 -0.0053365714597064301 0.0012316480143322443 -0.0081346674816799251 -0.015191778939586276 -0.006379798561759159
leaf_weight=133970 8029 5411 8590 477 2254 1472 13460 1450 7404 854 3476 4660 3868 4128 217 6054 3786 16326 3688 532 1030 202 1097 475 3925 6180 1600 7595 760 2947
leaf_count=133970 8029 5411 8590 477 2254 1472 13460 1450 7404 854 3476 4660 3868 4128 217 6054 3786 16326 3688 532 1030 202 1097 475 3925 6180 1600 7595 760 2947
internal_value=0 -0.00814212 0.000788899 0.000392546 0.000681135 0.0011997 0.000984533 -0.00693777 0.00157578 0.000601041 -0.00607595 0.00673526 0.00347156 -0.00460758 -0.0140876 0.00942542 0.0177341 -0.00754382 -0.00759954 0.0165272 0.00153684 0.00173994 -0.0442875 0.00165292 0.0015235 -0.0060291 -0.0136549 -0.0112238 -0.015451 -0.020093
internal_weight=0 13440 242477 233887 229703 216166 214694 14910 199784 168038 20656 31746 23810 10102 5974 13708 7654 19802 13537 7936 147382 146352 1314 146150 145675 11705 7780 11283 4184 3707
internal_count=255917 13440 242477 233887 229703 216166 214694 14910 199784 168038 20656 31746 23810 10102 5974 13708 7654 19802 13537 7936 147382 146352 1314 146150 145675 11705 7780 11283 4184 3707
is_linear=0
shrinkage=0.1


Tree=67
num_leaves=31
num_cat=0
split_feature=92 26 123 126 66 66 21 6 22 128 29 17 52 26 134 1 4 148 84 93 64 1 4 65 94 123 4 94 137 127
split_gain=100.232 94.2861 94.3182 117.771 110.34 116.394 114.73 106.138 121.358 102.422 101.916 99.0503 116.197 110.92 97.3242 97.1055 126.12 117.556 111.923 147.269 108.225 92.8334 115.235 87.0935 85.4009 84.6209 83.3977 98.2328 81.7822 81.4047
threshold=412901.50000000006 15190914.500000002 17423.500000000004 1.0000000180025095e-35 63608.500000000007 5.5000000000000009 6.5000000000000009 46.083333333333336 3.5000000000000004 0.27922077922077926 67360.500000000015 3.5000000000000004 0.06169734868892366 18204.000000000004 3132.5000000000005 276933.00000000006 297989.13000000006 256.50000000000006 13.500000000000002 27.500000000000004 0.13574983778348851 3793582.0000000005 572771.20000000007 1.5000000000000002 62.050000000000004 1046842.5000000001 580736.21000000008 4664.1111111111122 3807825.0000000005 1.7583333333333335
decision_type=2 2 2 2 2 2 2 2 2 2 2 2 2 2 2 2 2 2 2 2 2 2 2 2 2 2 2 2 2 2
left_child=1 2 7 4 5 9 -6 8 -1 10 11 12 -4 14 25 16 -9 29 19 20 -17 23 24 -7 -23 -14 27 -13 -16 -18
right_child=-2 -3 3 -5 6 21 -8 15 -10 -11 -12 26 13 -15 28 18 17 -19 -20 -21 -22 22 -24 -25 -26 -27 -28 -29 -30 -31
leaf_value=-0.00013055879897077018 -0.034767321302940649 -0.02244342934060102 0.0068749079730492631 -0.0021601652586190263 -0.016088726603531809 0.0019240830444820667 -0.0040909712431458582 0.0062575812631002984 0.004748974758466095 -0.0059050268166767061 -0.010498391651147168 -0.00092153973947263479 0.0077094141869439303 -0.012128221821869751 0.00030219356736611316 0.0058169264516455231 -0.0022513656494905191 0.035229868778451516 0.0049216004255624671 -0.010684127021261064 -0.002167885973198125 0.00091456268842589968 0.0034428504823969426 0.010611330511308865 -0.0025289680759008879 0.00028101082904347194 0.00057218248058654719 -0.0087837219629897604 -0.018626772742225971 0.018196555286191931
leaf_weight=8217 2117 1205 2649 21653 425 5162 3875 13624 15293 2567 1366 17028 3110 2526 98774 2063 5902 341 3026 3341 11717 475 2490 2161 1144 3898 12019 2347 5199 203
leaf_count=8217 2117 1205 2649 21653 425 5162 3875 13624 15293 2567 1366 17028 3110 2526 98774 2063 5902 341 3026 3341 11717 475 2490 2161 1144 3898 12019 2347 5199 203
internal_value=0 0.000482254 0.000615379 -0.000507074 0.000391514 0.000808848 -0.0154201 0.003942 0.00927967 7.45629e-05 0.000415957 0.000667671 0.00201465 0.00153147 0.00200309 0.000821707 0.00574492 -0.00577968 -0.00408269 -0.00721614 -0.00264943 0.0105387 -0.00149135 0.0172889 -0.0222596 0.0134095 -0.00431607 -0.00837552 0.00123427 -0.0089713
internal_weight=0 253800 252595 188868 167215 162915 4300 63727 23510 151483 148916 147550 116156 113507 110981 40217 20070 6446 20147 17121 13780 11432 4109 7323 1619 7008 31394 19375 103973 6105
internal_count=255917 253800 252595 188868 167215 162915 4300 63727 23510 151483 148916 147550 116156 113507 110981 40217 20070 6446 20147 17121 13780 11432 4109 7323 1619 7008 31394 19375 103973 6105
is_linear=0
shrinkage=0.1


Tree=68
num_leaves=31
num_cat=0
split_feature=0 105 75 22 20 4 1 13 134 94 64 123 0 4 123 14 134 134 62 2 63 1 13 128 29 138 64 20 0 93
split_gain=84.8971 94.0092 92.4238 91.9828 115.7 103.377 167.501 145.07 97.4705 92.2234 91.5854 90.9816 89.848 89.1859 112.876 88.9385 92.4858 158.723 145.549 127.312 115.027 103.372 102.452 95.5641 97.4619 96.2628 145.041 137.802 103.023 117.595
threshold=78506424.000000015 793954.00000000012 268693.50000000006 6.5000000000000009 20.500000000000004 443610.72500000003 3011564.0000000005 1499894.0000000002 5402520.5000000009 84385.777777777796 0.0017812878910471947 413878.50000000006 1357984.5000000002 169659.11000000002 222373.00000000003 3.5000000000000004 201.50000000000003 2.5000000000000004 3791541.0000000005 38991.930000000008 3.0320156566450707 718586.00000000012 6333703.5000000009 0.080128205128205135 79545.000000000015 12.500000000000002 0.0939046425715543 21.500000000000004 12551014.000000002 198.50000000000003
decision_type=2 2 2 2 2 2 2 2 2 2 2 2 2 2 2 2 2 2 2 2 2 2 2 2 2 2 2 2 2 2
left_child=1 2 3 15 5 7 -7 11 10 13 -8 -5 -3 14 -6 16 17 18 19 21 -21 -1 23 24 25 28 -27 -28 29 -18
right_child=-2 12 -4 4 9 6 8 -9 -10 -11 -12 -13 -14 -15 -16 -17 22 -19 -20 20 -22 -23 -24 -25 -26 26 27 -29 -30 -31
leaf_value=0.010516246291193987 -0.018600312835952426 0.016895817250158939 -0.012699365408011335 0.00039447838639816973 0.0028911799849107292 0.010566677313586429 -0.004753487560742101 -0.0020645224602312668 0.013417833938064928 -0.023613695614410998 0.0018375663782776331 0.0073512653520023371 0.0035884925405814229 -0.00047603219778262766 0.018087665829235666 -0.0039841553794124152 0.00017599253501435089 0.0035680446991007368 0.0054083455932487316 -0.0033099379700186555 0.0034304248851291137 -0.0023794658351219554 -0.017603422500604315 -0.0047641759746150265 -0.011156799455544571 0.0054939911569656611 -0.0027278494145398292 0.0015815071696270722 0.0095962359221512649 -0.01186608995567693
leaf_weight=4797 2008 252 2270 5213 2920 3450 536 1552 3760 1463 5838 1126 1178 15127 772 6263 118155 7945 4108 15485 3562 2079 5784 6561 1142 1895 16999 6546 5853 1278
leaf_count=4797 2008 252 2270 5213 2920 3450 536 1552 3760 1463 5838 1126 1178 15127 772 6263 118155 7945 4108 15485 3562 2079 5784 6561 1142 1895 16999 6546 5853 1278
internal_value=0 0.000468358 0.000323547 0.000505786 0.00478969 0.00990522 0.0151933 0.000802047 0.0087142 -0.000626726 0.00118179 0.00751105 0.026036 0.00125341 0.015188 -0.000352364 1.11774e-05 0.0044586 0.00113333 -0.00163803 -0.00584866 0.0100257 -0.00101734 -0.000540077 -2.95931e-05 0.000190914 -0.00541734 -0.00755945 0.0013297 0.000694894
internal_weight=0 253909 252479 250209 41757 21475 13584 7891 10134 20282 6374 6339 1430 18819 3692 208452 202189 37976 30031 25923 19047 6876 164213 158429 151868 150726 25440 23545 125286 119433
internal_count=255917 253909 252479 250209 41757 21475 13584 7891 10134 20282 6374 6339 1430 18819 3692 208452 202189 37976 30031 25923 19047 6876 164213 158429 151868 150726 25440 23545 125286 119433
is_linear=0
shrinkage=0.1


Tree=69
num_leaves=31
num_cat=0
split_feature=6 123 0 62 0 4 0 4 0 92 2 134 13 123 0 0 123 13 20 3 0 137 20 94 4 2 64 123 134 3
split_gain=88.1124 140.472 120.239 176.843 166.931 145.524 126.653 143.391 116.556 100.439 96.7058 109.943 128.13 105.892 119.502 126.849 112.421 119.73 124.509 110.787 105.896 96.3873 92.6772 92.2816 92.063 129.882 118.217 104.049 94.1031 90.152
threshold=74.083333333333357 64621.500000000007 7263892.0000000009 276688.50000000006 252556.00000000003 372167.06500000006 12203388.500000002 580736.21000000008 32642383.000000004 65132.500000000007 62041.515000000007 1804703.5000000002 3261226.5000000005 12081295.500000002 1357984.5000000002 1786674.0000000002 574758.00000000012 871553.50000000012 23.500000000000004 552668.96000000008 2606753.5000000005 2423656.0000000005 3.5000000000000004 0.011115427003818045 432900.95500000013 1441399.5150000004 0.036716191406782658 2230859.0000000005 1507169.5000000002 222313.56000000003
decision_type=2 2 2 2 2 2 2 2 2 2 2 2 2 2 2 2 2 2 2 2 2 2 2 2 2 2 2 2 2 2
left_child=1 -1 3 4 -2 9 -4 -8 21 22 -3 13 -13 14 16 19 23 29 -19 -16 -17 -9 -6 -12 28 26 -26 -28 -22 -18
right_child=2 10 6 -5 5 -7 7 8 -10 -11 11 12 -14 -15 15 20 17 18 -20 -21 24 -23 -24 -25 25 -27 27 -29 -30 -31
leaf_value=0.0023646908661150465 0.00046402125987108158 0.0060437460039529881 -0.0072489159843553896 0.00059625469187930813 -0.0061795992257905755 0.00048957879960257855 -0.023056636158808798 0.0089618046357170088 -0.010763241130472513 -0.038840094183779761 -0.00073057777472451679 0.0028632273688808836 -0.00065913675390076761 0.010940016501314421 -0.0021071239362923234 0.00076439481830090431 0.004626232376208606 0.0015935825877710762 -0.0054249900177633873 0.0012844599334596873 -0.0014640331267419032 -0.0073112125550402586 -0.0026600090273443677 0.0041663688337427729 -0.0026303749982948717 -0.0034258782281882949 0.0014745367206213666 0.0066604089910655851 0.0021687576448150558 0.0020770139124816063
leaf_weight=46610 21084 1607 9415 50206 4773 6031 2125 5492 3769 469 20476 10427 9376 2708 5117 6478 1413 2720 776 1319 5288 2700 11322 4015 645 11340 5219 1283 494 1220
leaf_count=46610 21084 1607 9415 50206 4773 6031 2125 5492 3769 469 20476 10427 9376 2708 5117 6478 1413 2720 776 1319 5288 2700 11322 4015 645 11340 5219 1283 494 1220
internal_value=0 0.00196243 -0.00176137 -0.000160124 -0.00481317 -0.0107849 -0.00815827 -0.00215648 0.0020962 -0.0156275 -0.000305104 -0.000737767 0.00584591 -0.00258679 -0.00336126 -0.00717099 0.00126504 0.0133774 0.00124784 -0.0199373 -0.00449874 0.008792 -0.0142982 -0.00176615 -0.00753077 -0.0040863 0.00647179 0.0105225 -0.0185439 0.0294826
internal_weight=0 138531 117386 93885 43679 22595 23501 14086 11961 16564 91921 90314 19803 70511 67803 37183 30620 6129 3496 6436 30747 8192 16095 24491 24269 18487 7147 6502 5782 2633
internal_count=255917 138531 117386 93885 43679 22595 23501 14086 11961 16564 91921 90314 19803 70511 67803 37183 30620 6129 3496 6436 30747 8192 16095 24491 24269 18487 7147 6502 5782 2633
is_linear=0
shrinkage=0.1


Tree=70
num_leaves=31
num_cat=0
split_feature=99 63 94 52 4 126 6 134 2 4 5 22 20 88 1 4 20 94 62 13 20 4 13 63 4 0 94 94 134 20
split_gain=83.5491 82.7737 108.475 95.0547 151.926 93.8816 91.5686 118.914 112.855 196.564 109.837 109.406 92.6282 90.7464 88.7219 88.7199 87.9747 83.6514 83.102 80.5931 78.4071 91.4149 99.3019 78.1077 77.2954 77.071 76.6393 75.9043 80.8643 88.9136
threshold=1.0000000180025095e-35 14.092591206555147 108290.92857142859 0.038356178226154204 713424.55500000005 0.38392857142857145 78.083333333333357 1252946.5000000002 236529.40500000006 107145.25000000001 11.500000000000002 4.5000000000000009 10.500000000000002 269082.50000000006 768427.50000000012 75140.285000000018 18.500000000000004 4416.0555555555566 435193.00000000006 587527.00000000012 3.5000000000000004 2692616.7650000006 13403423.500000002 302.86103896103901 114753.04000000002 235179.00000000003 6453.2812500000009 8862.1458333333339 452476.50000000006 2.5000000000000004
decision_type=2 2 2 2 2 2 2 2 2 2 2 2 2 2 2 2 2 2 2 2 2 2 2 2 2 2 2 2 2 2
left_child=1 2 5 -4 -5 6 8 10 9 15 19 27 18 -12 -6 -1 -14 -9 -11 25 26 22 -22 -3 -21 -8 -13 28 29 -10
right_child=-2 23 3 4 14 -7 7 17 11 12 13 20 16 -15 -16 -17 -18 -19 -20 24 21 -23 -24 -25 -26 -27 -28 -29 -30 -31
leaf_value=0.0017138387604733762 0.035966469528675354 0.0016283476870463415 0.013821137344327506 -0.021400984419937343 0.0050033596394934918 -0.0026700151219024582 -0.00052098065912833393 -0.0018790369282164765 0.00040387673656731019 0.0025761679883103145 0.0010260103654077483 0.005858621239332229 0.012182282360865805 -0.0070849565712918844 -0.010523554073713748 -0.0020066174818979209 0.0037147666954213177 -0.014309980090677788 -0.0027340165543898905 0.0043243986458598839 0.00038780952096069377 -0.019911877347417929 0.036563181841081607 0.00010286377240768064 0.00032853408921718454 -0.0036513102639472717 -0.0093159626152169942 0.015221965131002504 0.00016885217122053072 -0.002307948103394253
leaf_weight=21681 232 19413 469 2452 481 12805 11686 18143 5495 4090 28983 6366 1606 911 1401 4886 2460 1595 425 393 28289 2652 1147 27614 8234 11118 411 490 13766 16223
leaf_count=21681 232 19413 469 2452 481 12805 11686 18143 5495 4090 28983 6366 1606 911 1401 4886 2460 1595 425 393 28289 2652 1147 27614 8234 11118 411 490 13766 16223
internal_value=0 0.000182507 -0.000671673 -0.015526 -0.0201537 -0.000321694 0.000233885 -0.00231623 0.00211338 0.00678753 -0.000143336 -8.18311e-05 0.019946 0.00419618 0.0012171 0.00253743 0.0308943 -0.00906729 0.0100864 -0.00427065 0.00359668 0.00153251 0.00313459 0.00397249 0.00396211 -0.00738519 0.0133702 -0.00405596 -0.00459575 -0.00839638
internal_weight=0 255685 208658 4803 4334 203855 191050 81063 109987 35148 61325 74839 8581 29894 1882 26567 4066 19738 4515 31431 38865 32088 29436 47027 8627 22804 6777 35974 35484 21718
internal_count=255917 255685 208658 4803 4334 203855 191050 81063 109987 35148 61325 74839 8581 29894 1882 26567 4066 19738 4515 31431 38865 32088 29436 47027 8627 22804 6777 35974 35484 21718
is_linear=0
shrinkage=0.1


Tree=71
num_leaves=31
num_cat=0
split_feature=6 15 64 123 137 148 134 134 0 20 118 20 99 63 126 17 20 76 137 2 4 20 4 123 20 5 13 134 113 1
split_gain=83.2035 84.5092 118.678 113.7 98.3193 84.4315 83.6734 83.1101 82.7164 80.7498 79.328 78.6298 74.9026 70.0918 69.4681 64.3622 62.1195 60.7439 58.8586 57.1055 113.083 207.103 106.951 101.42 89.4284 84.1655 99.3062 68.6061 68.3159 67.595
threshold=170.16666666666671 1.0000000180025095e-35 0.073868779113000896 3352767.5000000005 223769.50000000003 178179.00000000003 931074.00000000012 4318983.0000000009 12203388.500000002 22.500000000000004 0.51470588235294124 9.5000000000000018 1.0000000180025095e-35 5.0000001234584071 0.5634920634920636 1.0000000180025095e-35 25.500000000000004 25.500000000000004 4668933.0000000009 236529.40500000006 107145.25000000001 2.5000000000000004 58005.145000000011 811.50000000000011 1.5000000000000002 3.5000000000000004 130.50000000000003 69335.000000000015 1.0000000180025095e-35 537282.00000000012
decision_type=2 2 2 2 2 2 2 2 2 2 2 2 2 2 2 2 2 2 2 2 2 2 2 2 2 2 2 2 2 2
left_child=1 2 3 4 9 -6 -2 8 -5 -1 12 -4 13 14 17 16 -11 19 -13 20 22 23 29 -22 -25 26 -21 -26 -23 -3
right_child=6 10 11 7 5 -7 -8 -9 -10 15 -12 18 -14 -15 -16 -17 -18 -19 -20 25 21 28 -24 24 27 -27 -28 -29 -30 -31
leaf_value=0.0026135126423564251 -0.000313569444601991 0.0027319080871048619 -0.00042284255073458954 -0.0012347412677314099 0.0086734709452126798 -0.0033755640114060403 -0.010089045366324224 0.0031267893983808973 0.025423234834898015 -0.024986269174250602 0.0063182235741065188 0.00089412209754336435 0.033801853951382278 0.00070314315375707059 -0.0051146687209897177 -0.0008373924533452981 0.0018491972900595167 -0.019590045733635725 -0.015178158588905167 -0.020657744788961419 0.013453533933344542 0.0053134331401166303 -0.0041638676531164931 0.0031353818955969894 -0.0075027453019414388 -0.00056788653520410237 -0.0053635065467612549 -0.023509233192921579 -0.025054879097560951 -0.0034004688525835522
leaf_weight=17233 8789 10868 32254 2784 2327 546 4651 241 216 214 3243 50821 191 22676 4529 1648 115 1249 3595 504 382 5711 9335 280 608 66934 1593 357 177 1846
leaf_count=17233 8789 10868 32254 2784 2327 546 4651 241 216 214 3243 50821 191 22676 4529 1648 115 1249 3595 504 382 5711 9335 280 608 66934 1593 357 177 1846
internal_value=0 0.000659616 0.00267472 0.00869692 0.0112639 0.0285178 -0.00742362 -0.00879361 -0.0133323 0.00868346 -0.00106995 0.000915096 -0.00146359 -0.00155766 -0.00265247 -0.0104584 -0.0508409 -0.00210301 0.00323403 -0.00182539 0.00185211 0.0124458 -0.00175857 -0.0191347 -0.0329644 -0.00340036 -0.0231277 -0.0474011 0.0211723 0.00420922
internal_weight=0 242477 111994 25324 22083 2873 13440 3241 3000 19210 130483 86670 127240 127049 104373 1977 329 99844 54416 98595 29564 7515 22049 1627 1245 69031 2097 965 5888 12714
internal_count=255917 242477 111994 25324 22083 2873 13440 3241 3000 19210 130483 86670 127240 127049 104373 1977 329 99844 54416 98595 29564 7515 22049 1627 1245 69031 2097 965 5888 12714
is_linear=0
shrinkage=0.1


Tree=72
num_leaves=31
num_cat=0
split_feature=0 0 0 137 4 62 13 0 3 75 90 148 105 62 64 0 137 62 3 62 26 85 138 26 128 138 10 2 2 2
split_gain=78.8133 119.694 373.443 184.152 256.957 146.944 107.596 102.315 138.972 96.05 94.5347 116.974 95.3133 92.5336 86.8002 113.374 95.3006 127.495 117.662 95.9712 90.0982 100.147 86.7163 91.0527 83.8909 80.2973 76.3493 75.7304 128.132 74.5533
threshold=35782503.000000007 12203388.500000002 8585300.0000000019 4910043.5000000009 564001.16000000003 5404455.0000000009 1145260.5000000002 5649471.0000000009 1015874.0200000001 268693.50000000006 4.0804574687482846 62335.500000000007 459802.50000000006 7458073.5000000009 24.114747605295971 4962793.5000000009 795252.00000000012 3999369.5000000005 343460.45000000001 2566115.5000000005 518405.00000000006 7.5000000000000009 9.5000000000000018 3051811.5000000005 0.29285714285714287 20.500000000000004 1.5000000000000002 583246.45000000007 1028250.1150000001 1405955.2850000004
decision_type=2 2 2 2 2 2 2 2 2 2 2 2 2 2 2 2 2 2 2 2 2 2 2 2 2 2 2 2 2 2
left_child=1 2 5 4 -3 9 -6 -7 -9 10 12 -12 14 -4 15 16 17 20 -18 27 24 -22 -16 -24 -1 -10 -5 -20 -29 -17
right_child=-2 3 13 26 6 7 -8 8 25 -11 11 -13 -14 -15 22 29 18 -19 19 -21 21 -23 23 -25 -26 -27 -28 28 -30 -31
leaf_value=3.784801385186591e-05 -0.0089808041604968469 -0.0082264012675507866 -0.01062780903643994 0.016453314556388321 0.020219747565833536 -0.0050444512585625049 0.010011830812944857 0.011957944532575392 0.00055165037463260629 -0.012822154397215011 0.012378573859048815 -0.0026837596772171647 0.007851474596167857 -9.2786262058042193e-05 0.0023961995797842366 -0.00066701790897527591 0.0024565181588262369 -0.0027049302918991042 -0.0026332186157676483 0.0057299470009132001 -0.0053906571057388015 0.034195958750076798 0.00012768243604442344 0.0083476911693483261 -0.0058827035835803182 0.025869442735460914 -0.022118059298170414 0.0041619677626263908 -0.0045319729525232803 -0.010454173191871098
leaf_weight=134621 8002 2936 9583 849 2248 240 12410 888 1570 1221 2301 1308 679 2536 8896 7138 4057 1067 1101 2770 2148 92 25597 846 4164 446 3519 3120 4270 5294
leaf_count=134621 8002 2936 9583 849 2248 240 12410 888 1570 1221 2301 1308 679 2536 8896 7138 4057 1067 1101 2770 2148 92 25597 846 4164 446 3519 3120 4270 5294
internal_value=0 0.00050253 -0.000182504 0.00755041 0.012113 0.000785324 0.0175216 0.0222447 0.0274308 0.000465098 0.000628112 0.0166727 0.000346829 -0.0172594 0.000223047 -0.000715155 1.0933e-05 -0.000796949 0.00750496 0.00224442 -0.000536396 -0.020432 0.00473212 0.00185892 -0.000215279 0.0129121 -0.0108274 -0.00302839 0.000616856 -0.00990864
internal_weight=0 247915 225953 21962 17594 213834 14658 3144 2904 210690 209469 3609 205860 12119 205181 169842 157410 142092 15318 11261 141025 2240 35339 26443 138785 2016 4368 8491 7390 12432
internal_count=255917 247915 225953 21962 17594 213834 14658 3144 2904 210690 209469 3609 205860 12119 205181 169842 157410 142092 15318 11261 141025 2240 35339 26443 138785 2016 4368 8491 7390 12432
is_linear=0
shrinkage=0.1


Tree=73
num_leaves=31
num_cat=0
split_feature=92 4 4 0 2 137 0 76 100 126 7 13 20 1 4 0 1 1 0 0 20 123 13 2 62 137 4 20 0 62
split_gain=76.4001 76.7635 268.966 178.577 170.276 156.144 175.026 166.842 153.98 141.56 131.741 127.067 181.291 141.786 124.016 122.815 120.597 141.709 145.962 191.857 186.669 163.259 132.689 124.81 161.128 121.074 123.213 131.372 117.728 112.17
threshold=568369.50000000012 411601.66000000009 280000.4200000001 2552820.5000000005 1441399.5150000004 899981.00000000012 302035.50000000006 6.5000000000000009 0.6515151515151516 0.07417582417582419 2.5000000000000004 1348187.5000000002 15.500000000000002 46908407.500000007 791920.12500000012 4208112.5000000009 18114112.500000004 1602601.0000000002 1357984.5000000002 1708217.5000000002 11.500000000000002 138661.50000000003 917812.50000000012 335317.33000000002 843106.50000000012 44.500000000000007 160259.50500000003 2.5000000000000004 40731.500000000007 5510815.0000000009
decision_type=2 2 2 2 2 2 2 2 2 2 2 2 2 2 2 2 2 2 2 2 2 2 2 2 2 2 2 2 2 2
left_child=1 2 5 -4 8 6 -1 9 29 16 -6 12 13 -12 -13 -5 17 18 20 -20 22 -22 25 24 -23 -8 27 -27 -14 -3
right_child=-2 4 3 15 10 -7 7 -9 -10 -11 11 14 28 -15 -16 -17 -18 -19 19 -21 21 23 -24 -25 -26 26 -28 -29 -30 -31
leaf_value=0.0024517853804065129 -0.044922687749560278 0.0014439152504558195 -0.00073932737033821996 -0.0022305308245427861 -0.0030788883713728458 0.0031926363081983588 0.00058918065740851686 -0.0033523852337348143 -0.016433219087371203 -0.0036901230639890524 0.007255598735573199 -0.0024019963551885322 -0.0053684586429390115 -0.0040434593015398869 -0.00029364319852032264 -0.0015542388687539432 -0.050076822200895516 0.0012721093148261847 -0.0018619586648456928 0.00015108602641593179 -0.00017499201353520966 0.0071971857448970625 0.0026044855160152307 -0.00042253880604178396 -0.0017014925118467668 -0.0093798612191861482 -0.0040680728392303743 -0.00017767571750875179 0.0010490371649579625 0.011838753779797059
leaf_weight=40518 1636 51099 12700 5788 8522 3399 8740 9648 842 3768 5603 2505 1130 1764 38787 3613 828 10429 6170 5700 6040 4619 2137 1539 559 1438 3343 8016 3710 1327
leaf_count=40518 1636 51099 12700 5788 8522 3399 8740 9648 842 3768 5603 2505 1130 1764 38787 3613 828 10429 6170 5700 6040 4619 2137 1539 559 1438 3343 8016 3710 1327
internal_value=0 0.000363717 -0.00121869 -0.0113354 0.00227147 0.000694103 6.15977e-05 -0.00286463 0.00641833 -0.000998268 -0.00129015 0.000549311 0.00951269 0.0193905 -0.0021005 -0.0217831 0.000190957 0.000725256 -0.00155725 -0.0111878 0.00158059 0.0113319 -0.003674 0.0220593 0.0294908 -0.00603226 -0.0122286 -0.00639368 -0.00552241 0.00709969
internal_weight=0 254281 138992 22101 115289 116891 113492 72974 53268 63326 62021 53499 12207 7367 41292 9401 59558 58730 48301 11870 36431 12757 23674 6717 5178 21537 12797 9454 4840 52426
internal_count=255917 254281 138992 22101 115289 116891 113492 72974 53268 63326 62021 53499 12207 7367 41292 9401 59558 58730 48301 11870 36431 12757 23674 6717 5178 21537 12797 9454 4840 52426
is_linear=0
shrinkage=0.1


Tree=74
num_leaves=31
num_cat=0
split_feature=127 0 1 4 0 62 0 123 4 2 4 0 129 127 134 13 75 19 97 0 4 126 123 62 4 0 123 134 137 123
split_gain=88.8058 86.3252 121.038 111.675 104.276 120.149 98.1858 82.5779 127.763 121.835 131.754 104.725 113.158 95.9221 89.2331 82.8127 82.0368 83.8523 84.5683 74.9883 174.827 146.783 114.716 120.729 111.274 134.256 140.286 127.152 136.26 129.971
threshold=0.11805555555555557 21205757.500000004 10736631.000000002 443610.72500000003 8585300.0000000019 5404455.0000000009 5649471.0000000009 44317.500000000007 176717.04000000001 357949.50000000006 107145.25000000001 2222.5000000000005 0.07417582417582419 0.98484848484848497 195217.50000000003 33.500000000000007 249737.50000000003 1.0000000180025095e-35 8.5000000000000018 1412680.0000000002 107145.25000000001 0.48809523809523814 928768.50000000012 435193.00000000006 402040.90000000008 3795862.5000000005 1936918.0000000002 104220.50000000001 72005.500000000015 3793769.5000000005
decision_type=2 2 2 2 2 2 2 2 2 2 2 2 2 2 2 2 2 2 2 2 2 2 2 2 2 2 2 2 2 2
left_child=1 2 4 -3 5 16 -7 8 9 10 14 12 15 -9 -2 -10 17 18 19 20 -1 22 23 -22 -21 26 -26 29 -29 -27
right_child=7 3 -4 -5 -6 6 -8 13 11 -11 -12 -13 -14 -15 -16 -17 -18 -19 -20 24 21 -23 -24 -25 25 27 -28 28 -30 -31
leaf_value=0.00048517862653914002 0.003642946469542975 -0.054931184812366432 0.0076813334242966215 -0.0028897507765040854 -0.0037592872799401935 -0.004215567553989736 0.0078259580188411639 -0.0011458750079816819 0.00049818741142372883 -0.0067949606835174259 0.010176081202276466 0.00075779663588403936 0.0082188365803030541 -2.7637157963368951e-05 -0.011869987015994688 -0.0042171225755696399 -0.012419176659959371 -0.0011449170580896254 -0.008799097958999684 -0.00041990175025132751 0.0090487339551061693 -0.00055394264529822488 0.007267274296178506 -4.7846417235069434e-05 0.0022353040132084517 -9.435783117323044e-05 0.0088483807534305101 0.0033350059124853783 -0.00013594948563544024 -0.0024677741014766134
leaf_weight=21057 6834 983 9218 8746 8834 215 2007 45686 1401 691 4657 15065 699 51264 707 4312 777 10986 1550 19392 9660 3831 1051 3096 4962 3353 2424 3064 7588 1807
leaf_count=21057 6834 983 9218 8746 8834 215 2007 45686 1401 691 4657 15065 699 51264 707 4312 777 10986 1550 19392 9660 3831 1051 3096 4962 3353 2424 3064 7588 1807
internal_value=0 0.0021242 0.00289021 -0.00692023 0.00193141 0.00288036 0.0258655 -0.00160273 0.00260922 0.0104799 0.012794 -0.00211425 -0.0128177 -0.00309574 0.00462674 -0.0174645 0.00234046 0.00260846 0.00369719 0.00413841 0.00732494 0.0146692 0.0194745 0.0168581 0.0012433 0.00591666 0.0170476 0.000717269 0.00695862 -0.012167
internal_weight=0 124601 114872 9729 105654 96820 2222 131316 34366 12889 12198 21477 6412 96950 7541 5713 94598 93821 82835 81285 38695 17638 13807 12756 42590 23198 7386 15812 10652 5160
internal_count=255917 124601 114872 9729 105654 96820 2222 131316 34366 12889 12198 21477 6412 96950 7541 5713 94598 93821 82835 81285 38695 17638 13807 12756 42590 23198 7386 15812 10652 5160
is_linear=0
shrinkage=0.1


Tree=75
num_leaves=31
num_cat=0
split_feature=127 18 0 4 0 0 62 0 66 92 2 138 20 64 4 2 1 20 13 20 4 137 137 2 4 20 134 1 13 25
split_gain=69.301 74.0215 73.0702 102.988 92.1292 120.133 135.654 90.675 80.6755 76.451 71.7725 83.0403 115.507 82.7105 77.8914 169.681 147.316 106.558 114.302 110.185 100.159 92.5729 88.4496 91.0473 77.0802 83.8338 74.8403 73.0227 90.0975 89.0399
threshold=0.11805555555555557 2.5000000000000004 21205757.500000004 580736.21000000008 12551014.000000002 9443789.0000000019 5404455.0000000009 5649471.0000000009 1396234.5000000002 209768.00000000003 3167297.9500000007 12.500000000000002 24.500000000000004 17648.43401174033 402040.90000000008 416214.75500000006 71658.500000000015 10.500000000000002 1539238.5000000002 16.500000000000004 191124.70000000004 92701.000000000015 795252.00000000012 62041.515000000007 107145.25000000001 2.5000000000000004 410.50000000000006 229.50000000000003 219.50000000000003 6.0000000000000009
decision_type=2 2 2 2 2 2 2 2 2 2 2 2 2 2 2 2 2 2 2 2 2 2 2 2 2 2 2 2 2 2
left_child=1 2 4 -4 5 6 8 -8 9 -1 11 13 -13 14 15 16 20 18 22 -19 24 -17 23 -18 -2 -26 -22 28 29 -16
right_child=10 -3 3 -5 -6 -7 7 -9 -10 -11 -12 12 -14 -15 27 21 17 19 -20 -21 26 -23 -24 -25 25 -27 -28 -29 -30 -31
leaf_value=0.00054432443521268664 0.0032612121904712858 -0.0034351951937794467 -0.036946440416245951 -0.0013862107574922789 0.0087372831339597619 -0.0032663961760439177 -0.0038063671049210004 0.0072417878233204782 -0.0061386467564313024 -0.011327683986584304 -0.0034951078597690757 -0.0027969272504420662 0.0023954646783507453 0.0016466181487387686 0.0015612802190287491 -0.0027721836611287786 0.0032453681581473327 0.0045129732987007508 0.0038785260403735541 -0.0001312982957024509 0.0058666829573948533 0.0009544483405115301 0.0017574277975687079 -0.0014764732244352263 0.00086610729363876269 0.01380290886416773 -0.0027291683821425885 0.00094906014492001907 -0.016214496697011593 -0.01440720621196428
leaf_weight=90146 5021 5136 1396 8001 9291 6239 210 2307 401 1474 10922 16878 6222 2864 822 9372 1991 2540 822 5354 785 2485 1410 23488 1095 2732 2550 33528 289 146
leaf_count=90146 5021 5136 1396 8001 9291 6239 210 2307 401 1474 10922 16878 6222 2864 822 9372 1991 2540 822 5354 785 2485 1410 23488 1095 2732 2550 33528 289 146
internal_value=0 0.00187652 0.00238189 -0.0060823 0.00310452 0.00222607 0.00311303 0.0260172 0.00248654 0.00268243 -0.00141578 -0.000711625 -0.00610151 0.000568066 6.02942e-05 -0.00213301 0.000523786 -0.002724 -0.00564385 0.00752579 0.0100155 -0.0128409 -0.00676677 -0.00811597 0.0155821 0.026273 -0.0047532 0.0038211 -0.0198419 -0.00521336
internal_weight=0 124601 119465 9397 110068 100777 94538 2517 92021 91620 131316 120394 23100 97294 94430 59645 47788 35605 27711 7894 12183 11857 26889 25479 8848 3827 3335 34785 1257 968
internal_count=255917 124601 119465 9397 110068 100777 94538 2517 92021 91620 131316 120394 23100 97294 94430 59645 47788 35605 27711 7894 12183 11857 26889 25479 8848 3827 3335 34785 1257 968
is_linear=0
shrinkage=0.1


Tree=76
num_leaves=31
num_cat=0
split_feature=21 138 64 3 75 94 52 4 76 0 4 5 0 0 124 1 2 94 13 123 63 2 4 4 4 63 66 1 62 5
split_gain=71.9108 149.745 111.245 110.746 111.883 109.993 159.386 192.663 118.365 106.735 134.848 145.517 122.038 119.852 110.183 99.2508 95.5837 95.3013 93.4552 90.4577 88.3955 86.8419 85.0625 297.52 87.5234 84.8549 83.6568 83.4758 107.403 82.8971
threshold=8.5000000000000018 16.500000000000004 0.080586814872331838 43932.250000000007 41523.500000000007 44569.000000000007 0.081773954700741711 694321.83000000019 10.500000000000002 1286186.0000000002 432900.95500000013 14.500000000000002 15356754.000000002 3795862.5000000005 7.5000000000000009 1044166.0000000001 919428.81500000006 56.009505703422057 6063333.0000000009 1583396.5000000002 95.852068696331017 1548828.4650000001 107145.25000000001 121264.98000000003 90479.920000000013 2.2144145986931472 46746.000000000007 254622.50000000003 161842.00000000003 4.5000000000000009
decision_type=2 2 2 2 2 2 2 2 2 2 2 2 2 2 2 2 2 2 2 2 2 2 2 2 2 2 2 2 2 2
left_child=1 3 -3 17 18 9 -7 8 -8 -2 11 12 16 19 -15 -9 -11 29 22 -12 -13 -21 24 -24 -5 27 -25 -4 -29 -1
right_child=5 2 25 4 -6 6 7 15 -10 10 13 20 -14 14 -16 -17 -18 -19 -20 21 -22 -23 23 26 -26 -27 -28 28 -30 -31
leaf_value=0.0089976744965522444 0.0029506107923802567 0.0051135426400423407 0.001208160149704507 -0.00078049979333894015 -0.0085321136218307735 0.0095841769589710291 -0.0030155357000217369 0.007590578109386255 -0.014632349664686862 0.004475736670544528 0.0018018504005330338 -0.00088392257481553587 -0.025949122709546902 0.0037936987225381303 -0.00075349232465543592 -0.002150545399717374 -0.0065993637942564813 -0.011537288350268149 -0.01429320302420365 0.012441649748471659 -0.0034885749800412425 0.0033758251722986014 0.0072539163078522602 7.6831023123588707e-05 -0.0076647890093048295 -7.4725757707549631e-05 -0.0048354929691713554 -0.013189665792089734 -0.0064080798388314562 0.00073546991926187744
leaf_weight=3051 24633 1160 1322 23058 2071 967 1719 509 2346 3343 5472 9553 667 15444 25635 2918 405 1042 3382 1527 1901 1602 4094 102166 2992 2741 1859 2119 4255 1964
leaf_count=3051 24633 1160 1322 23058 2071 967 1719 509 2346 3343 5472 9553 667 15444 25635 2918 405 1042 3382 1527 1901 1602 4094 102166 2992 2741 1859 2119 4255 1964
internal_value=0 -0.00112904 -0.0120653 -0.000258434 -0.000832705 0.00231515 -0.00858804 -0.0135196 -0.0282436 0.00333786 0.0012289 -0.00679628 0.00862766 0.00379233 0.00154485 0.00394564 0.0156413 0.0129793 -0.000485359 0.0145265 -0.0127415 0.0280883 -7.15205e-05 0.00116442 -0.0052012 -0.0153305 0.000123748 -0.0207117 -0.0254547 0.0186969
internal_weight=0 157276 11597 145679 139622 98641 8459 7492 4065 90182 65549 15869 4415 49680 41079 3427 3748 6057 137551 8601 11454 3129 134169 108119 26050 10437 104025 7696 6374 5015
internal_count=255917 157276 11597 145679 139622 98641 8459 7492 4065 90182 65549 15869 4415 49680 41079 3427 3748 6057 137551 8601 11454 3129 134169 108119 26050 10437 104025 7696 6374 5015
is_linear=0
shrinkage=0.1


Tree=77
num_leaves=31
num_cat=0
split_feature=0 124 66 66 29 138 136 138 76 137 1 134 137 2 62 0 4 2 4 20 4 0 137 64 137 1 92 75 127 20
split_gain=66.7921 67.5185 96.6943 114.258 86.2186 83.2542 123.153 89.9839 82.7002 80.219 72.4941 70.844 134.663 132.901 79.5399 139.57 88.5126 144.345 138.347 132.795 109.503 154.677 126.8 98.2808 97.2798 90.451 84.8744 84.2873 91.1032 101.093
threshold=78506424.000000015 5.5000000000000009 56866.000000000007 26.500000000000004 51319.500000000007 28.500000000000004 3.5000000000000004 20.500000000000004 11.500000000000002 138588.50000000003 1795545.5000000002 926282.50000000012 138588.50000000003 260515.61000000002 5002993.5000000009 6436423.0000000009 791920.12500000012 1459168.0750000002 1355864.4000000001 26.500000000000004 426452.82500000001 2606753.5000000005 810025.50000000012 28544.842384794127 1005.5000000000001 1001055.0000000001 26977.500000000004 145321.50000000003 0.13392857142857145 5.5000000000000009
decision_type=2 2 2 2 2 2 2 2 2 2 2 2 2 2 2 2 2 2 2 2 2 2 2 2 2 2 2 2 2 2
left_child=1 5 3 4 11 6 7 -1 -5 10 -8 14 13 -13 15 16 17 19 25 20 21 22 23 24 26 -18 -3 28 -22 -30
right_child=-2 2 -4 8 -6 -7 9 -9 -10 -11 -12 12 -14 -15 -16 -17 18 -19 -20 -21 27 -23 -24 -25 -26 -27 -28 -29 29 -31
leaf_value=0.00049297917656157997 -0.014999618775002332 0.00014761249687758051 -0.0073219390280264062 0.0014874617201931035 -0.011485850629500997 -0.0041087030133625168 0.0022538854495610383 -0.0034091108955380811 0.013535174289143121 0.0026414934168748519 0.012739087244009193 -0.0060996855272373515 -0.0073530849850650219 0.00039829094303127003 0.0047319539447422017 -0.035758185429101322 0.0059528514357189014 -0.0027967526260822117 -0.00041330942021481216 0.0028357713361684689 0.00419146436507397 -0.0021373855273307705 0.0018150348403075515 0.0035732791157427044 -0.0017004388681839248 0.0023846913834793294 -0.011443199485436628 -0.021212597288982643 0.002721273923807329 -0.002437101298456278
leaf_weight=100042 2008 21501 3485 6085 1199 4231 1862 3513 708 3326 1494 808 15327 15697 5947 2796 2211 3691 8546 11263 3243 2721 2404 621 18590 5607 612 136 2587 3656
leaf_count=100042 2008 21501 3485 6085 1199 4231 1862 3513 708 3326 1494 808 15327 15697 5947 2796 2211 3691 8546 11263 3243 2721 2404 621 18590 5607 612 136 2587 3656
internal_value=0 0.000322837 -0.00115463 -0.000733027 -0.00139785 0.00212264 0.00265099 0.00180195 0.011908 0.015809 0.0267168 -0.00114776 -0.00523669 0.00103109 0.000206198 -0.000532455 0.000171216 -0.0013564 0.00680154 -0.000300915 -0.00229128 -0.00430263 -0.00286314 -0.00416195 -0.00476432 0.0164149 -0.000281885 0.00741827 0.00853894 0.00147572
internal_weight=0 253909 139441 135956 129163 114468 110237 103555 6793 6682 3356 127964 31832 16505 96132 90185 87389 71025 16364 67334 56071 46449 43728 41324 40703 7818 22113 9622 9486 6243
internal_count=255917 253909 139441 135956 129163 114468 110237 103555 6793 6682 3356 127964 31832 16505 96132 90185 87389 71025 16364 67334 56071 46449 43728 41324 40703 7818 22113 9622 9486 6243
is_linear=0
shrinkage=0.1


Tree=78
num_leaves=31
num_cat=0
split_feature=17 74 94 1 62 62 18 20 7 3 96 93 2 137 0 66 20 13 138 64 18 94 29 25 20 128 123 1 4 84
split_gain=63.5177 70.8647 105.148 108.929 136.848 98.2096 93.6833 82.8122 138.732 134.11 86.6638 77.0968 75.5032 136.779 111.498 110.257 76.7735 70.9924 69.86 79.2625 68.2691 65.8915 62.6607 61.7404 62.6945 61.3917 64.6861 59.1731 71.7534 74.4126
threshold=3.5000000000000004 1.5000000000000002 0.011115427003818045 1280376.5000000002 5436957.0000000009 276688.50000000006 1.0000000180025095e-35 9.5000000000000018 1.5000000000000002 1039860.8350000002 320714.00000000006 4675.5000000000009 510582.31500000006 899981.00000000012 2707174.0000000005 23.500000000000004 57.500000000000007 3890794.0000000005 12.500000000000002 4.9999995984046794 2.5000000000000004 26075.970378151262 191857.50000000003 6.0000000000000009 11.500000000000002 0.13809523809523813 1698.5000000000002 161014.50000000003 580736.21000000008 29.500000000000004
decision_type=2 2 2 2 2 2 2 2 2 2 2 2 2 2 2 2 2 2 2 2 2 2 2 2 2 2 2 2 2 2
left_child=1 2 6 5 12 11 7 10 9 -9 18 23 13 -5 15 -14 17 -16 22 -20 -7 -3 25 -4 -25 -1 -27 -2 29 -29
right_child=27 21 3 4 -6 20 -8 8 -10 -11 -12 -13 14 -15 16 -17 -18 -19 19 -21 -22 -23 -24 24 -26 26 -28 28 -30 -31
leaf_value=0.00021641253348811081 0.00087848309543463459 -0.0013347413786143126 0.0027277368754548281 -0.0033283021681210102 0.0083380412381180106 0.0070054199545866785 -0.0011001565389212598 0.01187135869443714 0.00082633929301335549 -0.0086294728518330199 -0.010222048955238481 0.0063939705625050986 0.0020911653075890561 0.0048279487910796405 -0.00027566918038684915 0.019831069727262833 0.0081416723025081791 -0.0031700700889841053 0.00041499261966171375 -0.0093144158550946231 -0.0065239343249216533 -0.026889380458690871 -0.015890387369838145 0.003826131813793052 -0.00979564701425132 0.0051048514659932809 -0.0099210742761790312 -0.0015377111851029857 0.00010317479781087324 0.012014737913526648
leaf_weight=56698 16406 2767 10149 2685 2534 4723 38338 1130 48613 140 399 1454 2051 505 5492 483 726 2353 2937 3525 232 986 462 1031 1878 444 1610 26582 18034 550
leaf_count=56698 16406 2767 10149 2685 2534 4723 38338 1130 48613 140 399 1454 2051 505 5492 483 726 2353 2937 3525 232 986 462 1031 1878 444 1610 26582 18034 550
internal_value=0 0.00106982 0.00133778 0.00618058 0.00028858 0.0112741 0.000198575 0.00161541 0.00469107 0.0373187 -0.000706553 0.00712378 -0.00350808 -0.0170679 0.000387095 0.0188155 -0.00506123 -0.00794036 -0.000424271 -0.0102971 0.0234295 -0.0125381 0.000653141 0.00469158 -0.00815199 0.000941608 -0.0160419 -0.00261587 -0.00448425 -0.00773378
internal_weight=0 194345 190592 36296 16829 19467 154296 115958 49883 1270 66075 14512 14295 3190 11105 2534 8571 7845 65676 6462 4955 3753 59214 13058 2909 58752 2054 61572 45166 27132
internal_count=255917 194345 190592 36296 16829 19467 154296 115958 49883 1270 66075 14512 14295 3190 11105 2534 8571 7845 65676 6462 4955 3753 59214 13058 2909 58752 2054 61572 45166 27132
is_linear=0
shrinkage=0.1


Tree=79
num_leaves=31
num_cat=0
split_feature=21 138 4 94 4 4 6 2 64 75 52 0 4 4 124 137 0 123 4 124 66 64 137 64 62 21 62 134 10 134
split_gain=65.2695 121.524 100.478 124.774 109.924 242.221 97.59 92.6435 86.6106 86.4051 81.7615 80.9881 118.93 89.7861 82.3172 81.6041 75.0597 73.2944 72.9676 71.4563 113.278 93.714 156.261 141.761 172.247 134.784 116.409 104.828 94.3833 155.481
threshold=8.5000000000000018 16.500000000000004 49398.410000000011 9.3333478542870711 107145.25000000001 118510.045 93.083333333333357 4390181.5350000011 0.050705049473271986 77157.000000000015 1541.0000000000002 3221604.0000000005 418459.74500000005 432900.95500000013 17.500000000000004 82233.000000000015 1155349.5000000002 5401891.0000000009 157381.25500000003 1.0000000180025095e-35 54847.000000000007 0.9593561098649156 68685.500000000015 0.043042079655507749 3791556.0000000005 6.5000000000000009 2378893.0000000005 2634788.5000000005 1.5000000000000002 201.50000000000003
decision_type=2 2 2 2 2 2 2 2 2 2 2 2 2 2 2 2 2 2 2 2 2 2 2 2 2 2 2 2 2 2
left_child=1 2 3 -1 -4 16 7 17 -3 19 11 12 15 -13 -14 -8 -6 18 -2 -7 21 22 23 28 27 -24 -23 -25 -21 -30
right_child=6 8 4 -5 5 9 10 -9 -10 -11 -12 13 14 -15 -16 -17 -18 -19 -20 20 -22 26 25 24 -26 -27 -28 -29 29 -31
leaf_value=0.0039797714699796758 0.0051903038418994463 0.0048796380440646438 -0.0020049471700471335 -0.0047652545790587645 0.0096693443886127564 0.0018728248520909444 -0.0011119768099447961 -0.0033141074442433194 -0.0046742109126512226 -0.012403460121657396 -0.024061747904687958 -0.0057377501099811845 0.0064784947480947029 -0.00077709636342474528 -0.00064088882565621651 0.00205306202569001 -0.001031515329229165 0.010993904415356482 0.00077347337949744139 -0.010465965573642384 -0.0087198299170265954 0.0010109740697088994 -0.0057317980465852632 0.00094734918204315637 0.0083424630674125717 -0.00054672003335007292 -0.00066151153237967164 -0.010424509533614025 0.0025487079007334938 -0.00081967292712168684
leaf_weight=8538 9367 1037 21396 2884 3171 10941 9831 6051 10560 1026 1100 2687 4501 19308 1973 5104 272 2010 36709 1247 1475 29388 5399 9928 536 5068 13177 414 3895 26924
leaf_count=8538 9367 1037 21396 2884 3171 10941 9831 6051 10560 1026 1100 2687 4501 19308 1973 5104 272 2010 36709 1247 1475 29388 5399 9928 536 5068 13177 414 3895 26924
internal_value=0 -0.00107881 -0.000294529 0.00870944 -0.00106055 0.000185323 0.00220248 0.00505433 -0.0109308 -0.000636461 -0.00126666 -0.000584311 0.00379403 -0.004846 0.0151145 -0.00111314 0.0263015 0.00652178 0.00570635 -0.00036306 -0.00122337 -0.00080071 -0.00359025 -0.000919887 0.0089446 -0.0145462 0.00269963 0.00607989 -0.00426629 -0.00317498
internal_weight=0 157276 145679 11422 134257 112861 98641 54137 11597 109418 44504 43404 21409 21995 6474 14935 3443 48086 46076 108392 97451 95976 53411 42944 10878 10467 42565 10342 32066 30819
internal_count=255917 157276 145679 11422 134257 112861 98641 54137 11597 109418 44504 43404 21409 21995 6474 14935 3443 48086 46076 108392 97451 95976 53411 42944 10878 10467 42565 10342 32066 30819
is_linear=0
shrinkage=0.1


Tree=80
num_leaves=31
num_cat=0
split_feature=127 127 5 127 4 2 123 26 137 126 0 62 65 123 4 1 62 94 0 123 21 138 13 105 97 0 20 66 0 2
split_gain=64.8647 68.6006 77.0427 71.0489 79.2711 93.6127 66.79 69.1445 68.0219 64.4443 102.004 111.589 85.091 80.4922 72.5398 109.659 112.477 126.282 101.017 87.7859 103.944 86.6038 80.1217 73.0923 72.9378 93.6941 131.952 91.814 67.581 67.4489
threshold=0.11805555555555557 0.98484848484848497 6.5000000000000009 0.78174603174603186 974747.06000000017 1689122.6550000003 32718.000000000004 1.5000000000000002 3014842.5000000005 0.36515151515151523 337970.00000000006 269065.50000000006 3.5000000000000004 224.50000000000003 432900.95500000013 18114112.500000004 2666672.5000000005 3881.6250000000005 4579999.5000000009 2130571.5000000005 6.5000000000000009 16.500000000000004 2243900.5000000005 225433.50000000003 7.5000000000000009 3221604.0000000005 32.500000000000007 3.5000000000000004 7620064.0000000009 44245.170000000006
decision_type=2 2 2 2 2 2 2 2 2 2 2 2 2 2 2 2 2 2 2 2 2 2 2 2 2 2 2 2 2 2
left_child=9 3 -3 6 -5 -6 -2 -8 -9 10 11 12 13 -1 15 16 17 19 -18 20 21 23 -22 29 25 26 27 -16 -20 -12
right_child=1 2 -4 4 5 -7 7 8 -10 -11 14 -13 -14 -15 24 -17 18 -19 28 -21 22 -23 -24 -25 -26 -27 -28 -29 -30 -31
leaf_value=0.010595426373918859 0.00073123840977433745 0.0015658834816312001 -0.00011580514518797242 -0.002483740803699952 -0.020852714370282827 -0.0013655020022873112 -0.00062273345304845193 -0.011723463343199979 0.0051145694184096648 -0.0015346583627462536 0.0043145469432543269 0.025214299166119059 -0.16805880967994508 -0.0015985833464029265 0.0049681111661950611 -0.034926010901156102 -0.0013747896423590188 -0.0036247966633037817 0.0021537362090093544 0.0017633439065171696 0.00097984526442254443 -0.0066175066372894838 -0.0050780205685723809 0.0092178438893353639 -0.0081119953958277511 0.00077500168345423504 -0.002324034099052115 0.018670924345859593 -0.0011266449238653165 -0.00088324865706460834
leaf_weight=10774 19156 11149 50716 5155 249 193 41739 2305 654 12929 841 1154 262 3938 3913 1146 3469 5444 609 1395 22804 1332 321 419 945 41981 1643 942 320 8020
leaf_count=10774 19156 11149 50716 5155 249 193 41739 2305 654 12929 841 1154 262 3938 3913 1146 3469 5444 609 1395 22804 1332 321 419 945 41981 1643 942 320 8020
internal_value=0 -0.00137059 0.00105112 -0.00352778 -0.0143311 -0.0549738 -0.00258084 -0.00469808 -0.0194699 0.00181459 0.00258841 0.00994452 0.00763536 0.00864133 0.00134669 -0.00150572 -0.00072734 0.00091909 -0.0159173 0.00311515 0.00209868 -0.0060952 0.00585883 -0.00267267 0.00400841 0.00454475 0.0157189 0.0240087 0.0133689 -0.00460253
internal_weight=0 131316 61865 69451 5597 442 63854 44698 2959 124601 111672 16128 14974 14712 95544 46120 44974 40576 4398 35132 33737 10612 23125 9280 49424 48479 6498 4855 929 8861
internal_count=255917 131316 61865 69451 5597 442 63854 44698 2959 124601 111672 16128 14974 14712 95544 46120 44974 40576 4398 35132 33737 10612 23125 9280 49424 48479 6498 4855 929 8861
is_linear=0
shrinkage=0.1


Tree=81
num_leaves=31
num_cat=0
split_feature=92 4 21 138 3 3 6 1 13 10 134 93 75 1 18 4 128 13 4 0 0 137 92 134 1 66 88 13 20 123
split_gain=63.1833 77.7503 65.6339 106.041 106.686 77.1041 85.8712 78.5554 76.0641 77.4966 142.144 120.383 92.5093 83.1175 92.2895 87.2472 78.0684 72.5833 68.9018 124.147 81.3926 102.42 65.4313 64.5448 64.2749 63.6403 76.1003 62.0169 61.6893 61.1641
threshold=209768.00000000003 761196.39000000013 8.5000000000000018 24.500000000000004 43932.250000000007 2890297.2650000001 94.083333333333357 22452.500000000004 6063333.0000000009 1.5000000000000002 201.50000000000003 188.50000000000003 73338.000000000015 2937187.0000000005 1.5000000000000002 275012.62000000005 0.27922077922077926 4006.5000000000005 432900.95500000013 4009021.5000000005 2552820.5000000005 83037.500000000015 79361.500000000015 2634788.5000000005 1158609.5000000002 39053.000000000007 10442.500000000002 13403423.500000002 5.5000000000000009 50007.500000000007
decision_type=2 2 2 2 2 2 2 2 2 2 2 2 2 2 2 2 2 2 2 2 2 2 2 2 2 2 2 2 2 2
left_child=2 -2 3 4 17 6 27 -7 9 13 -11 12 16 14 -6 -15 25 -1 20 -20 21 22 -8 -13 -3 -12 -27 29 -18 -4
right_child=1 24 5 -5 8 7 18 -9 -10 10 11 23 -14 15 -16 -17 28 -19 19 -21 -22 -23 -24 -25 -26 26 -28 -29 -30 -31
leaf_value=-0.016638993984185512 -0.013341300248157651 0.0046210640281813395 0.0043366428323349474 -0.005157062639099941 -0.0026203729952644392 -0.0066585965755811306 -0.00099172173876528841 -0.00092315924119757613 -0.013771299526235259 0.0031249993771549135 7.1023398498951611e-05 -0.0047949534276185354 -0.013378060805208664 0.0068078851371989992 -0.014607040649227548 -0.0057072361195545044 -0.010083624983188801 0.0044734273968747218 0.0043213923868288401 -0.00062292498268743117 -0.0032967673052341643 0.0027273963641118587 -0.017090568212250846 -0.02783661849906785 -0.011059254411199907 -0.0078220096208222525 0.0021957038460393478 0.031491328038436309 0.0012568141192156174 0.00069989586238996485
leaf_weight=711 1765 413 14065 4552 7860 485 9104 14017 3578 7143 115745 668 822 728 1106 868 2126 6963 5967 11228 3723 4665 299 428 1376 1607 708 749 1101 31347
leaf_count=711 1765 413 14065 4552 7860 485 9104 14017 3578 7143 115745 668 822 728 1106 868 2126 6963 5967 11228 3723 4665 299 428 1376 1607 708 749 1101 31347
internal_value=0 -0.0130657 0.000361308 -0.000898597 -0.000448681 0.00242557 0.00362583 -0.00429059 -0.00105891 -0.0006933 -2.57389e-05 -0.00082087 -0.000524728 -0.00893183 -0.0126746 0.0120941 -0.000298134 0.011041 -0.000110778 0.00440328 -0.00447362 -0.000994069 -0.00700399 -0.0338151 0.00162557 0.000121315 -0.0162956 0.00645786 -0.0156437 0.00598713
internal_weight=0 3554 252363 156714 152162 95649 81147 14502 144488 140910 130348 123205 122109 10562 8966 1596 121287 7674 34986 17195 17791 14068 9403 1096 1789 118060 2315 46161 3227 45412
internal_count=255917 3554 252363 156714 152162 95649 81147 14502 144488 140910 130348 123205 122109 10562 8966 1596 121287 7674 34986 17195 17791 14068 9403 1096 1789 118060 2315 46161 3227 45412
is_linear=0
shrinkage=0.1


Tree=82
num_leaves=31
num_cat=0
split_feature=0 148 148 2 4 134 147 84 66 64 75 94 93 75 123 94 4 4 4 20 20 123 123 134 4 76 2 63 100 137
split_gain=61.3563 63.8738 129.272 132.681 101.487 92.0091 81.0236 70.2524 70.5813 77.0355 69.8472 171.25 129.976 138.09 119.331 109.174 75.6286 193.407 201.794 182.862 270.569 181.514 137.06 133.303 92.2364 114.867 121.329 109.525 108.097 107.241
threshold=97736839.500000015 256.50000000000006 54187.500000000007 501740.19500000007 361648.27500000008 2277110.0000000005 24.500000000000004 6.5000000000000009 150587.50000000003 0.011636591621727496 1.5000000000000002 12904.097872340428 32.500000000000007 41523.500000000007 275917.50000000006 1186.1145833333337 164473.86500000002 107145.25000000001 90479.920000000013 2.5000000000000004 1.5000000000000002 34989.500000000007 1506066.5000000002 55660.500000000007 402040.90000000008 5.5000000000000009 1441399.5150000004 1.999998863414213 0.6515151515151516 78030.000000000015
decision_type=2 2 2 2 2 2 2 2 2 2 2 2 2 2 2 2 2 2 2 2 2 2 2 2 2 2 2 2 2 2
left_child=1 7 4 -4 -3 -6 -5 8 10 -10 16 12 13 -12 -13 -14 17 18 23 20 -19 -22 -21 -1 -18 26 28 29 -26 -28
right_child=-2 2 3 6 5 -7 -8 -9 9 -11 11 14 15 -15 -16 -17 24 19 -20 22 21 -23 -24 -25 25 -27 27 -29 -30 -31
leaf_value=0.0027600483577603363 -0.018199631480982116 0.0033758524074653756 -0.020441306743668491 0.0040873948098984828 0.02362397974145242 0.0016283558614407223 -0.0080318838616545655 0.0037950181937806446 0.0049522113386994806 -0.0062485316552293446 0.001759260659247497 -0.020119432434856144 -0.00090069843802187692 -0.0072389831105442067 0.0016642993068025471 -0.015290704156840274 -0.00044573636944018771 0.010127507887286669 -0.0075796582249241466 0.0035904075050680606 0.0014857813925720498 -0.015670141677677663 -0.0030940826632580576 -0.00093711574886028441 0.00095770996592961987 0.0041582759916109352 -0.00061334026676967144 -3.5363429299027967e-05 -0.015312956216693284 -0.017467631176931786
leaf_weight=19224 996 2382 733 5235 1456 594 1734 3716 506 2957 11583 3603 2934 2700 1181 2037 56749 919 3969 14643 713 1056 325 16208 44793 4640 8628 34197 752 4754
leaf_count=19224 996 2382 733 5235 1456 594 1734 3716 506 2957 11583 3603 2934 2700 1181 2037 56749 919 3969 14643 713 1056 325 16208 44793 4640 8628 34197 752 4754
internal_value=0 0.000272361 0.00735295 -0.000476818 0.0209596 0.0372713 0.00377985 -8.15123e-05 -0.000293589 -0.0144662 -8.52774e-05 -0.00519335 -0.00098608 0.00386103 -0.0221262 -0.0149131 0.000495088 0.0036064 -0.000290985 0.0123038 -0.0117112 -0.0345787 0.0166165 0.00210422 -0.000653827 0.00120765 0.000442521 -0.00308902 0.00413178 -0.0107588
internal_weight=0 254921 12134 7702 4432 2050 6969 242787 239071 3463 235608 24038 19254 14283 4784 4971 211570 57057 39401 17656 2688 1769 14968 35432 154513 97764 93124 47579 45545 13382
internal_count=255917 254921 12134 7702 4432 2050 6969 242787 239071 3463 235608 24038 19254 14283 4784 4971 211570 57057 39401 17656 2688 1769 14968 35432 154513 97764 93124 47579 45545 13382
is_linear=0
shrinkage=0.1


Tree=83
num_leaves=31
num_cat=0
split_feature=92 140 29 127 26 134 13 123 123 4 6 123 4 0 134 137 97 4 137 105 2 3 66 6 134 94 96 105 5 62
split_gain=58.5274 59.2424 67.29 67.4489 64.6109 75.9036 78.8213 90.6695 81.6488 73.4508 67.8011 67.3483 65.5713 97.9037 123.005 190.775 99.5727 90.0722 105.349 99.4585 87.6957 86.7138 84.9024 72.5627 79.4088 69.3744 65.7088 68.8783 62.5791 98.6045
threshold=333057.1428571429 0.32916666666666672 262604.00000000006 0.17156862745098042 518405.00000000006 5987.5000000000009 23796.000000000004 3352767.5000000005 157599.50000000003 107145.25000000001 34.750000000000007 64621.500000000007 216424.09500000003 2606753.5000000005 115734.50000000001 105161.50000000001 7.5000000000000009 432900.95500000013 439439.00000000006 31878.500000000004 583246.45000000007 247365.14000000004 4.5000000000000009 63.083333333333343 1369314.5000000002 4936.9615384615399 12106.000000000002 228905.50000000003 15.500000000000002 3999369.5000000005
decision_type=2 2 2 2 2 2 2 2 2 2 2 2 2 2 2 2 2 2 2 2 2 2 2 2 2 2 2 2 2 2
left_child=1 2 3 4 5 6 9 8 11 -1 -6 -8 21 16 15 -15 22 19 23 25 -18 26 -14 -19 -25 -16 27 -7 -9 -30
right_child=-2 -3 -4 -5 10 12 7 28 -10 -11 -12 -13 13 14 17 -17 20 18 -20 -21 -22 -23 -24 24 -26 -27 -28 -29 29 -31
leaf_value=-0.012785384676440525 -0.010464334650304682 -0.00087474415839010734 -0.01398183178156135 -0.00011754584162218809 0.0025525846322442614 -0.00043081316320106589 0.0050656688228698735 0.00085141830653814225 0.0039024905164980537 0.0064063048910904356 -0.0031938587419937771 -0.014600189292467397 0.0020418370325734729 -0.0026887809226337238 -7.9073515798681835e-05 0.0043756200460002169 0.0091626162787635558 0.0044780259820834866 -0.00019092806338705248 -0.0081751876129343148 -0.010720048837927151 -0.0027028474992634478 0.01085763023502242 0.005088590104417437 0.00035365785924090787 -0.016126123849146492 0.01322305622483615 0.0069799476672775199 -8.3526365408950222e-05 -0.0035050749869704381
leaf_weight=2930 2580 32757 1084 117147 1508 22248 8275 1529 6034 1780 5459 646 8063 2128 4617 1318 527 4927 13611 521 824 1176 1632 1975 6966 325 701 530 1537 562
leaf_count=2930 2580 32757 1084 117147 1508 22248 8275 1529 6034 1780 5459 646 8063 2128 4617 1318 527 4927 13611 521 824 1176 1632 1975 6966 325 701 530 1537 562
internal_value=0 0.000314037 0.000903336 0.00102608 0.0029015 0.00358054 0.00854326 0.0114719 0.0149123 -0.00301138 -0.00639504 0.00883547 0.00197702 0.00415137 0.00164827 -0.016328 0.0123971 0.00352874 0.00586024 -0.00819876 -0.0130368 -0.00220624 0.0159414 0.0119944 0.0066247 -0.00381776 -0.000878981 -0.00180704 -0.00270995 -0.0139193
internal_weight=0 253337 220580 219496 102349 95382 23293 18583 14955 4710 6967 8921 72089 47434 36388 3446 11046 32942 27479 5463 1351 24655 9695 13868 8941 4942 23479 22778 3628 2099
internal_count=255917 253337 220580 219496 102349 95382 23293 18583 14955 4710 6967 8921 72089 47434 36388 3446 11046 32942 27479 5463 1351 24655 9695 13868 8941 4942 23479 22778 3628 2099
is_linear=0
shrinkage=0.1


Tree=84
num_leaves=31
num_cat=0
split_feature=0 0 0 0 137 4 137 62 3 1 6 90 148 75 52 93 94 19 62 93 4 4 0 26 26 2 94 84 62 137
split_gain=57.9044 74.5285 259.613 158.325 105.03 186.732 102.768 167.441 101.479 89.4532 79.4653 72.137 73.7524 71.9026 69.9787 105.42 73.4033 71.083 68.2508 70.6248 69.4328 66.3376 71.4839 60.9393 60.8052 66.0708 63.9329 62.2569 60.7256 59.7718
threshold=48555779.000000007 12203388.500000002 8042319.0000000009 16888306.000000004 1500000.5000000002 580736.21000000008 2498349.5000000005 4451044.0000000009 682977.16000000003 12081487.000000002 84.083333333333357 4.0804574687482846 62335.500000000007 339623.00000000006 3225.0000000000005 557.50000000000011 4370.1818181818189 1.0000000180025095e-35 7458073.5000000009 1.5000000000000002 683443.63 405154.51000000007 3148079.0000000005 3051811.5000000005 724143.50000000012 25231.610000000004 649241.83333333349 15.500000000000002 292057.00000000006 2963820.0000000005
decision_type=2 2 2 2 2 2 2 2 2 2 2 2 2 2 2 2 2 2 2 2 2 2 2 2 2 2 2 2 2 2
left_child=1 2 6 9 5 -5 11 8 -8 -3 -7 13 21 14 17 16 -16 23 20 -20 -4 -13 -23 24 25 -1 -27 -26 -14 -9
right_child=-2 3 18 4 -6 10 7 29 -10 -11 -12 12 28 -15 15 -17 -18 -19 19 -21 -22 22 -24 -25 27 26 -28 -29 -30 -31
leaf_value=0.0077762568584829779 -0.008687842239730471 0.0045632390109284771 -0.00050362297803521197 -0.011395665021834157 -0.011551677192317778 0.014342652846167271 0.0053202683631361943 0.00192633459779515 -0.0023247004358455613 0.016555954733575694 0.0027101268457720099 0.0052674919646197391 -0.0097967525703473498 -0.01176419038823418 0.0071724016461545918 0.013261813316135651 -0.026140414224599107 -0.0011923881144156104 0.0015371084254479418 -0.0062461445799806281 -0.012072347416262131 0.031044146178411825 0.0058672129203059149 0.0063682360756498555 -0.0030121759214619265 0.00014426708881302169 -0.058354981505567949 0.0095231634347223634 0.0042173693206972894 0.019995340579813975
leaf_weight=3523 4996 5006 3209 2094 6579 2728 2272 341 5130 5082 3479 1546 622 849 307 309 1339 19395 2448 207 9263 385 418 930 3197 167465 689 146 652 1311
leaf_count=3523 4996 5006 3209 2094 6579 2728 2272 341 5130 5082 3479 1546 622 849 307 309 1339 19395 2448 207 9263 385 418 930 3197 167465 689 146 652 1311
internal_value=0 0.000387778 -0.000185117 0.00557231 -0.000984369 0.00649508 0.000722847 0.0111455 0.00472096 0.0152435 0.0152065 0.000255158 0.0142385 -5.16508e-07 0.000124442 -0.0187011 -0.0287624 0.000312847 -0.0128395 0.00171891 -0.0159386 0.0247459 0.0480636 0.00094618 0.00081052 0.00107062 0.000786662 -0.0125466 -0.00513513 0.0399315
internal_weight=0 250921 225953 24968 14880 8301 210826 9054 7402 10088 6207 201772 3623 198149 197300 1955 1646 195345 15127 2655 12472 2349 803 175950 175020 171677 168154 3343 1274 1652
internal_count=255917 250921 225953 24968 14880 8301 210826 9054 7402 10088 6207 201772 3623 198149 197300 1955 1646 195345 15127 2655 12472 2349 803 175950 175020 171677 168154 3343 1274 1652
is_linear=0
shrinkage=0.1


Tree=85
num_leaves=31
num_cat=0
split_feature=99 67 20 62 0 65 93 94 75 49 92 20 2 137 92 62 13 92 3 20 4 126 76 75 0 0 0 105 4 20
split_gain=57.3235 55.8946 88.0725 68.3095 58.9007 56.6222 87.2299 138.058 92.5617 78.2456 73.5926 69.2694 71.2144 67.7974 65.6837 88.3195 64.4703 78.0557 74.8697 73.4104 67.3348 73.5794 55.1636 54.4696 55.9528 205.518 102.546 85.202 85.119 76.0744
threshold=1.0000000180025095e-35 12.500000000000002 18.500000000000004 1159.5000000000002 2841866.0000000005 1.0000000180025095e-35 5.5000000000000009 1910.0319383259914 1.5000000000000002 2.5000000000000004 0.14286693525823962 27.500000000000004 163863.85000000001 4910043.5000000009 85356.500000000015 152050.50000000003 129241.00000000001 10587.214285714288 435274.03000000009 57.500000000000007 599637.11500000011 0.087121212121212141 11.500000000000002 268693.50000000006 1786674.0000000002 1489883.0000000002 2606753.5000000005 150356.00000000003 580736.21000000008 36.500000000000007
decision_type=2 2 2 2 2 2 2 2 2 2 2 2 2 2 2 2 2 2 2 2 2 2 2 2 2 2 2 2 2 2
left_child=1 5 3 -3 -5 6 10 9 -9 -8 13 12 -10 23 -7 22 17 18 -12 -18 -19 -22 -16 24 25 27 29 -1 -27 -26
right_child=-2 2 -4 4 -6 14 7 8 11 -11 16 -13 -14 -15 15 -17 19 20 -20 -21 21 -23 -24 -25 26 28 -28 -29 -30 -31
leaf_value=-9.8356160251461547e-05 0.028166823825079693 -0.0086639981892133195 -0.010688004840195275 0.0050592615778412599 -0.00097365858824966845 0.0010498359046838379 -0.0028266426576837064 0.014485440523597643 -0.042459864845466377 0.0088903315968873031 0.011507750112161919 -0.0014297020134327735 -0.012564607130040418 -0.015206848225130543 -0.0031320436002081724 -8.7649239313685148e-05 -0.00015375794929238751 0.014945567604807209 -0.0051208502833455412 0.0095209067804511004 0.030297628097297663 -0.0075711375551889525 -0.010936780552444824 -0.010350257699415052 0.0013469856709862303 -0.0020554676744378541 0.00010996389784372362 0.011056223034842239 0.00088992607287625774 -0.0030512075428702524
leaf_weight=80751 232 1445 2431 1616 1310 43234 4143 324 1065 1526 1838 1013 2382 6063 345 2313 7447 684 655 1231 371 70 459 1335 11388 5368 71734 623 1222 1299
leaf_count=80751 232 1445 2431 1616 1310 43234 4143 324 1065 1526 1838 1013 2382 6063 345 2313 7447 684 655 1231 371 70 459 1335 11388 5368 71734 623 1222 1299
internal_value=0 0.000148496 -0.00879509 -0.000309072 0.00847603 0.000392925 -0.000328645 -0.00922486 -0.0217352 0.00133243 0.00015549 -0.0254843 -0.0322402 -0.00035641 0.00354585 -0.010474 0.0076401 0.0188544 0.00898748 0.00296467 0.0407196 0.0711882 -0.0390249 6.37676e-06 0.000162204 -0.00160275 0.00200123 -0.000227215 -0.018588 0.0102886
internal_weight=0 255685 6802 4371 2926 248883 202532 10453 4784 5669 192079 4460 3447 179783 46351 3117 12296 3618 2493 8678 1125 441 804 173720 172385 87964 84421 81374 6590 12687
internal_count=255917 255685 6802 4371 2926 248883 202532 10453 4784 5669 192079 4460 3447 179783 46351 3117 12296 3618 2493 8678 1125 441 804 173720 172385 87964 84421 81374 6590 12687
is_linear=0
shrinkage=0.1


Tree=86
num_leaves=31
num_cat=0
split_feature=1 90 63 137 64 64 14 0 137 20 138 63 137 123 141 140 137 20 138 0 13 137 141 13 2 20 134 64 26 127
split_gain=53.8821 57.4679 54.7784 146.605 98.7158 97.9046 152.696 111.299 106.324 107.987 91.7096 105.055 81.8098 130.95 123.082 141.841 80.88 93.0961 107.259 76.9112 96.3601 89.5758 76.2756 75.873 76.9202 74.3032 72.0139 68.7289 68.5791 62.7204
threshold=96602094.000000015 23.23351674432222 1.3683411956869749 4195.0000000000009 0.9593561098649156 0.8079874417701246 2.5000000000000004 353642.00000000006 64000.500000000007 13.500000000000002 20.500000000000004 3.0000003213441961 65618.000000000015 54692.500000000007 1.0000000180025095e-35 0.19090909090909094 4910043.5000000009 9.5000000000000018 12.500000000000002 4859805.0000000009 420796.00000000006 263184.00000000006 1.0000000180025095e-35 13403423.500000002 331300.11000000004 3.5000000000000004 3672940.0000000005 0.0023806454459170032 52103.000000000007 0.36931818181818188
decision_type=2 2 2 2 2 2 2 2 2 2 2 2 2 2 2 2 2 2 2 2 2 2 2 2 2 2 2 2 2 2
left_child=1 2 3 22 12 6 8 29 -4 -10 16 -12 28 14 15 -14 17 18 25 20 21 -6 -1 24 -8 -9 -19 -26 -5 -7
right_child=-2 -3 5 4 19 7 23 10 9 -11 11 -13 13 -15 -16 -17 -18 26 -20 -21 -22 -23 -24 -25 27 -27 -28 -29 -30 -31
leaf_value=-0.00015556383705811781 -0.015502787692356535 0.0040387274794777776 0.000206860912881528 -0.00026415336930391882 -0.00062318376354313825 0.011495819635193262 0.0066309123334789 0.0009486353481445919 0.011070682490464471 0.0038277899614823641 -0.0060314579616705397 -0.00043697782722607048 0.0062342608952825089 -0.0050955231947346531 -0.0065751295217083786 -0.01189541816534001 -0.015415799161860555 0.00051790572596766081 -0.0057265522956336029 -0.0041525630110745551 0.0011909386555918379 -0.013788965777942811 0.00091179599794448179 0.024078556464966261 -0.0060603170564845401 -0.00065813615187644342 0.0051911556733084023 -0.0011482537356899559 -0.031947648119194684 0.00058396389610737727
leaf_weight=65655 998 6775 3313 9207 4771 3965 1507 9977 2234 4468 6915 14686 1660 9306 2641 481 4237 34300 4960 2888 7317 577 20539 510 658 13301 8521 5391 503 3656
leaf_count=65655 998 6775 3313 9207 4771 3965 1507 9977 2234 4468 6915 14686 1660 9306 2641 481 4237 34300 4960 2888 7317 577 20539 510 658 13301 8521 5391 503 3656
internal_value=0 0.00029721 4.9117e-05 -0.00141912 -0.00647662 0.00155264 0.0083469 0.000377268 0.0165941 0.0238384 -0.000537901 -0.00628173 -0.0105257 -0.0153933 -0.00194384 0.0158745 0.00110989 0.0019102 -0.00254706 -0.000281087 0.00307694 -0.00712581 0.000889828 -0.00189309 -0.00441282 0.00029785 0.0048495 -0.00944886 -0.00346334 0.0120132
internal_weight=0 254919 248144 125545 39351 122599 18081 104518 10015 6702 96897 21601 23798 14088 4782 2141 75296 71059 28238 15553 12665 5348 86194 8066 7556 23278 42821 6049 9710 7621
internal_count=255917 254919 248144 125545 39351 122599 18081 104518 10015 6702 96897 21601 23798 14088 4782 2141 75296 71059 28238 15553 12665 5348 86194 8066 7556 23278 42821 6049 9710 7621
is_linear=0
shrinkage=0.1


Tree=87
num_leaves=31
num_cat=0
split_feature=29 0 1 0 4 0 13 62 0 3 0 6 4 138 148 148 4 4 84 146 14 21 138 3 66 123 138 20 10 75
split_gain=51.45 51.3169 82.4446 178.847 152.389 151.387 105.467 93.1096 93.1856 86.4863 77.1671 67.478 65.6035 63.4782 61.9109 123.567 106.077 75.7172 72.3269 63.6909 56.8234 78.6637 101.798 94.2921 80.5944 83.7362 83.002 94.0417 83.3555 73.3742
threshold=1094560.5000000002 39695160.000000007 10736631.000000002 7846206.5000000009 384193.1750000001 15910273.500000002 2916207.5000000005 5404455.0000000009 5649471.0000000009 973200.91000000015 13512798.500000002 84.083333333333357 761196.39000000013 17.500000000000004 256.50000000000006 60477.000000000007 262451.06500000006 378266.18500000006 13.500000000000002 856766.00000000012 2.5000000000000004 6.5000000000000009 16.500000000000004 35352.115000000005 8347.5000000000018 89543.500000000015 4.5000000000000009 1.5000000000000002 1.5000000000000002 28522.500000000004
decision_type=2 2 2 2 2 2 2 2 2 2 2 2 2 2 2 2 2 2 2 2 2 2 2 2 2 2 2 2 2 2
left_child=1 2 3 7 -4 -6 11 14 -9 -10 -5 -7 -3 -11 18 16 19 -17 20 -16 21 22 23 -1 26 -26 28 -28 -25 -30
right_child=-2 12 4 10 5 6 -8 8 9 13 -12 -13 -14 -15 15 17 -18 -19 -20 -21 -22 -23 -24 24 25 -27 27 -29 29 -31
leaf_value=0.0076869914669952079 -0.033438029389721069 -0.047062934455344999 -0.0094962627813195422 -0.0043130063928811246 0.011054007385692843 0.012905272587977646 -0.0025709717107555985 -0.0045904229395753527 0.0098085453595314499 -2.2539392601739207e-05 0.0083762760038380343 0.002963735219079844 -0.0030137679303245072 0.016295236048494817 0.00015120806157696226 -0.019445487005932367 0.016696102768457153 0.00052631231631946977 0.0057112632857358979 0.01334253652875919 -0.00068593556924415608 0.00056142863074273885 -0.0054591075745912491 -0.0064045569302679075 0.00035946091268772577 -0.0090317750344085079 0.0019759032642276964 -0.0020129184678898903 0.0003001269304341303 -0.0076185382829856889
leaf_weight=1719 481 1167 1849 16414 5551 2369 8335 240 627 1040 1684 2816 5811 509 1758 481 1862 2437 1605 128 41481 68476 3002 2548 677 740 1654 11452 66298 706
leaf_count=1719 481 1167 1849 16414 5551 2369 8335 240 627 1040 1684 2816 5811 509 1758 481 1862 2437 1605 128 41481 68476 3002 2548 677 740 1654 11452 66298 706
internal_value=0 0.00026899 0.000506525 -4.58173e-05 0.00651412 0.00917165 0.00346272 0.000778321 0.020296 0.0268184 -0.00958319 0.0146609 -0.00818867 0.0141345 0.000550546 0.0100313 0.0220446 -0.005399 0.000235116 0.0053287 6.43793e-05 0.000932751 -0.00103122 -0.000397856 -0.000871895 -0.0245189 -0.000466515 -0.0077665 0.000909053 0.00158414
internal_weight=0 255436 248458 227538 20920 19071 13520 209440 2416 2176 18098 5185 6978 1549 207024 6666 3748 2918 200358 1886 198753 157272 88796 85794 84075 1417 82658 13106 69552 67004
internal_count=255917 255436 248458 227538 20920 19071 13520 209440 2416 2176 18098 5185 6978 1549 207024 6666 3748 2918 200358 1886 198753 157272 88796 85794 84075 1417 82658 13106 69552 67004
is_linear=0
shrinkage=0.1


Tree=88
num_leaves=31
num_cat=0
split_feature=1 18 4 4 134 94 0 137 10 123 18 0 137 20 91 136 123 127 100 0 20 0 22 20 3 0 0 137 6 62
split_gain=50.1202 50.0396 56.0552 175.041 111.786 127.731 108.706 107.081 104.147 136.231 99.3275 95.7932 94.7908 92.3801 90.0034 81.4962 80.7711 80.1293 79.7838 94.7499 151.283 173.273 119.731 195.328 133.134 112.83 136.515 119.867 126.915 96.0608
threshold=96602094.000000015 2.5000000000000004 411601.66000000009 262451.06500000006 5987.5000000000009 84385.777777777796 2707174.0000000005 1064010.0000000002 1.5000000000000002 1008638.5000000001 1.0000000180025095e-35 128939.00000000001 92701.000000000015 2.5000000000000004 1.0000000180025095e-35 1.0000000180025095e-35 869711.50000000012 0.53137254901960795 0.6515151515151516 3441452.0000000005 17.500000000000004 40731.500000000007 3.5000000000000004 5.5000000000000009 704217.47500000009 12203388.500000002 8872956.5000000019 3014842.5000000005 66.083333333333357 5510815.0000000009
decision_type=2 2 2 2 2 2 2 2 2 2 2 2 2 2 2 2 2 2 2 2 2 2 2 2 2 2 2 2 2 2
left_child=1 2 3 4 8 7 12 10 15 14 11 -6 17 -8 -10 -1 -14 -5 19 20 22 -22 23 24 -4 26 29 28 -27 -21
right_child=-2 -3 18 6 5 -7 13 -9 9 -11 -12 -13 16 -15 -16 -17 -18 -19 -20 25 21 -23 -24 -25 -26 27 -28 -29 -30 -31
leaf_value=-0.007652504925595327 -0.013651132130088462 -0.0023885158157077426 0.0039426055482371615 0.0012035956928408628 0.0049512873403390282 -0.023429366593674207 0.0020088431725717617 0.023903446753801572 0.0028196337327080381 -0.00096886846103944122 -0.0017426586175688181 -0.00011171906245983633 0.00053755633847099918 -0.0018483863152808885 0.012722909501699187 0.0010335643681146812 0.010386399842777339 -0.0018241152516019856 -0.010606964720257432 -0.00020824470035832364 -0.003942763745261155 0.00088129332438105555 0.0035465745075406508 -0.0095561429040352339 -0.0014537204563318242 0.0116147453291799 -0.0052048817323619772 -0.005894960064649713 0.0018939502128389575 0.0050264529536045545
leaf_weight=3065 998 9297 2171 3686 6244 631 669 131 9675 1461 11757 53901 2955 9037 4401 18932 856 8328 1147 33607 2387 11513 17554 870 3351 7483 9661 7153 10707 2289
leaf_count=3065 998 9297 2171 3686 6244 631 669 131 9675 1461 11757 53901 2955 9037 4401 18932 856 8328 1147 33607 2387 11513 17554 870 3351 7483 9661 7153 10707 2289
internal_value=0 0.000305455 0.000578035 -0.00078129 0.000947253 -0.00134182 -0.0082421 -0.000949413 0.00537879 0.0116465 -0.00111399 0.0005293 -0.00313187 -0.016574 0.0146633 0.000951754 0.0106097 -0.00749087 0.00225694 0.00253366 0.0065738 -0.00172459 0.0113908 -0.000327311 0.00661134 0.000377062 -0.00259831 0.00572564 0.0100383 0.00024157
internal_weight=0 254919 245622 135729 110198 72664 25531 72033 37534 15537 71902 60145 15825 9706 14076 21997 3811 12014 109893 108746 37846 13900 23946 6392 5522 70900 45557 25343 18190 35896
internal_count=255917 254919 245622 135729 110198 72664 25531 72033 37534 15537 71902 60145 15825 9706 14076 21997 3811 12014 109893 108746 37846 13900 23946 6392 5522 70900 45557 25343 18190 35896
is_linear=0
shrinkage=0.1


Tree=89
num_leaves=31
num_cat=0
split_feature=127 127 13 127 4 2 124 2 0 4 92 67 7 0 126 20 63 123 65 20 4 134 6 75 4 0 13 3 49 4
split_gain=51.572 60.7692 81.6742 70.9901 75.5902 90.9569 55.2274 55.2064 51.1339 78.7331 55.3281 74.7038 71.3991 59.727 94.7075 94.7953 66.2685 58.0509 55.7499 54.4148 58.7703 53.0899 58.1636 51.8383 50.8022 82.4473 77.8756 74.1575 96.6453 54.6896
threshold=0.18465909090909094 0.98484848484848497 33.500000000000007 0.78174603174603186 1029824.7200000001 1574921.3600000003 1.0000000180025095e-35 3167297.9500000007 25580772.500000004 533972.52500000014 104602.75000000001 5.5000000000000009 4.5000000000000009 331595.50000000006 0.12132352941176472 25.500000000000004 1.3333238733749126 1999575.5000000002 2.5000000000000004 1.0000000180025095e-35 235942.99500000002 5402520.5000000009 100.08333333333336 1.5000000000000002 580736.21000000008 120686.00000000001 407187.50000000006 165557.54000000001 2.5000000000000004 54717.765000000007
decision_type=2 2 2 2 2 2 2 2 2 2 2 2 2 2 2 2 2 2 2 2 2 2 2 2 2 2 2 2 2 2
left_child=8 3 -3 7 -5 -6 -4 24 10 -10 12 23 13 14 16 19 18 -13 -1 -16 -21 -15 -23 -12 25 27 29 -2 -29 -27
right_child=1 2 6 4 5 -7 -8 -9 9 -11 11 17 -14 21 15 -17 -18 -19 -20 20 -22 22 -24 -25 -26 26 -28 28 -30 -31
leaf_value=0.0055602726580513467 0.0041815262744878462 0.0083071293143418667 0.0029032093388991105 -0.002417973921500205 -0.018483285093558715 -0.0007409745660884149 3.9450039069105979e-05 -0.0037536056340695904 -0.042698622131271825 -0.0017670067973423187 0.0051928733881314582 -0.011460271433456383 0.0015375761193099362 -0.00013486632728615416 0.014397297087277706 0.0049497372884536725 0.013765858515215924 0.023726793967902796 -0.12237298751800814 -0.0084805570686260264 0.002878981642266193 0.0080990270175068883 -0.002225430818807328 -0.022477100413180903 0.00078131911259583819 0.0010288113113594121 -0.00021484499186809783 -0.020594293385604732 -0.00011442970670867415 -0.0037223575736884396
leaf_weight=10242 5751 839 1102 5161 241 195 59924 5168 968 6753 1112 1514 26230 67037 193 1029 2452 107 216 2098 663 2646 1642 384 16443 2024 16199 457 6804 10323
leaf_count=10242 5751 839 1102 5161 241 195 59924 5168 968 6753 1112 1514 26230 67037 193 1029 2452 107 216 2098 663 2646 1642 384 16443 2024 16199 457 6804 10323
internal_value=0 -0.00119783 0.00107613 -0.00324358 -0.0140377 -0.054021 0.0006501 -0.00228719 0.00164194 -0.00624131 0.00215966 -0.0109856 0.00251768 0.00115572 0.00650228 -0.00697793 0.0106612 -0.0258579 0.00719202 -0.0160832 -0.0196715 -0.000110586 0.0106768 0.00512934 -0.00140475 -0.00326635 -0.00627353 0.00333088 -0.00338772 -0.0122562
internal_weight=0 130631 61865 68766 5597 436 61026 63169 125286 7721 117565 3117 114448 88218 16893 3983 12910 1621 10458 2954 2761 71325 4288 1496 58001 41558 28546 13012 7261 12347
internal_count=255917 130631 61865 68766 5597 436 61026 63169 125286 7721 117565 3117 114448 88218 16893 3983 12910 1621 10458 2954 2761 71325 4288 1496 58001 41558 28546 13012 7261 12347
is_linear=0
shrinkage=0.1


Tree=90
num_leaves=31
num_cat=0
split_feature=6 134 148 148 4 4 66 123 17 66 17 66 134 66 75 64 92 2 20 6 94 29 128 137 4 4 74 0 134 4
split_gain=48.2399 57.1162 55.5596 57.5542 71.8115 54.4833 49.9093 55.2749 52.7337 67.7548 50.9544 62.3003 49.3098 48.5376 47.0338 42.4228 41.577 40.3553 39.8758 39.2722 37.6173 37.5835 37.6119 49.8236 49.8923 39.3994 37.9414 37.4636 44.6645 76.9776
threshold=182.08333333333337 125006.50000000001 256.50000000000006 54187.500000000007 316248.35500000004 372167.06500000006 150587.50000000003 76528.500000000015 3.5000000000000004 3.5000000000000004 1.5000000000000002 7015.5000000000009 2277110.0000000005 1221795.0000000002 54941.500000000007 140909.49367842425 6446.5000000000009 293223.52000000008 8.5000000000000018 12.250000000000002 602.08333333333337 1600212.5000000002 0.34848484848484856 892594.00000000012 49398.410000000011 309038.65500000009 2.5000000000000004 41951678.500000007 9260783.5000000019 378266.18500000006
decision_type=2 2 2 2 2 2 2 2 2 2 2 2 2 2 2 2 2 2 2 2 2 2 2 2 2 2 2 2 2 2
left_child=2 -2 6 5 -5 15 8 18 9 14 11 16 13 -7 21 -4 20 -9 -8 -10 -11 22 26 24 -24 -25 27 28 -1 -30
right_child=1 -3 3 4 -6 12 7 17 19 10 -12 -13 -14 -15 -16 -17 -18 -19 -20 -21 -22 -23 23 25 -26 -27 -28 -29 29 -31
leaf_value=0.00015989590153588757 0.00038879857588633996 -0.0056856431952014182 0.0043127508298779647 -0.018502217889082458 0.0019163634194032887 0.019843927897578988 0.0042048586808332454 -0.010008019915584247 0.0059797383523520339 0.003192182028270452 0.00071755370211140646 0.00034195884952791531 0.0014728093626895089 -0.01124722527480433 -0.0061380016290548071 -0.021187087376425273 0.016341540443307798 -0.0075444921611017351 -0.0015298850617107382 -0.00065149635293279421 0.0015613031780996062 -0.041214071210314 0.016144049359293654 0.01239382906492109 -0.0066875159673807976 0.0014814207081249638 -0.01635115349808865 -0.0073679745491490589 -0.014213302371424465 0.0075293933610445897
leaf_weight=146767 3631 5269 2066 511 6292 1200 950 239 692 1399 9196 1773 541 67 1983 143 278 2028 1187 54855 1333 226 226 122 2286 388 324 3193 466 6286
leaf_count=146767 3631 5269 2066 511 6292 1200 950 239 692 1399 9196 1773 541 67 1983 143 278 2028 1187 54855 1333 226 226 122 2286 388 324 3193 466 6286
internal_value=0 -0.00705836 0.000435306 0.00744243 0.00183808 0.0169337 0.000114315 -0.0104315 0.000314682 0.00116145 0.00784162 0.0162131 0.0298067 0.0405981 0.000585967 0.00639754 0.0249723 -0.0213087 0.00110739 -0.00237204 0.0212232 0.000775335 0.000832874 -0.0102175 -0.0160031 0.0182792 0.00104553 0.0011162 0.00133919 0.00929159
internal_weight=0 8900 247017 10820 6803 4017 236197 4404 231793 176246 13979 4783 1808 1267 162267 2209 3010 2267 2137 55547 2732 160284 160058 3022 2512 510 157036 156712 153519 6752
internal_count=255917 8900 247017 10820 6803 4017 236197 4404 231793 176246 13979 4783 1808 1267 162267 2209 3010 2267 2137 55547 2732 160284 160058 3022 2512 510 157036 156712 153519 6752
is_linear=0
shrinkage=0.1


Tree=91
num_leaves=31
num_cat=0
split_feature=99 63 62 4 2 0 6 94 1 92 124 2 138 2 62 20 0 0 62 140 137 134 20 20 26 133 134 134 123 62
split_gain=43.1672 42.9422 97.2385 87.0642 75.805 75.5538 75.004 77.9862 62.2336 61.3622 82.1264 87.1575 63.5854 60.6902 77.0131 63.0662 84.4073 60.6612 60.4475 57.5275 91.9755 52.1967 57.3446 50.8898 49.9418 62.7503 129.08 67.4114 80.1569 66.945
threshold=1.0000000180025095e-35 5.6698681342569488 414014.50000000006 432900.95500000013 717010.19500000018 4208112.5000000009 77.916666666666686 4142.9955357142871 1539204.5000000002 104602.75000000001 20.500000000000004 852495.66500000004 39.500000000000007 4162861.3400000003 12081449.500000002 4.5000000000000009 4962793.5000000009 2841866.0000000005 1539219.0000000002 0.22649572649572652 894.50000000000011 128698.00000000001 52.500000000000007 35.500000000000007 550880.50000000012 10.000000000000002 201.50000000000003 452476.50000000006 3791812.5000000005 3791541.0000000005
decision_type=2 2 2 2 2 2 2 2 2 2 2 2 2 2 2 2 2 2 2 2 2 2 2 2 2 2 2 2 2 2
left_child=1 9 -3 4 6 17 -4 8 18 13 11 -11 -13 14 19 16 -15 -6 -8 24 -21 22 23 -22 25 27 -27 28 29 -1
right_child=-2 2 3 -5 5 -7 7 -9 -10 10 -12 12 -14 15 -16 -17 -18 -19 -20 20 21 -23 -24 -25 -26 26 -28 -29 -30 -31
leaf_value=0.00033267862362681148 0.025723256579192777 0.0031615676209705264 -0.00084425704884165279 0.00094197828500884563 -0.0023780326921478837 0.00081708888938805094 -0.00010727164959359476 -0.0084834328884100495 0.0014780109489032549 -0.0099518939503064618 -0.040974013584091189 0.00015305628884269834 0.014987145097046496 0.07841611753430798 0.019272505812513122 -0.0043088314286705252 0.0017392901573775267 -0.0043916522704438533 -0.0041038333770211264 0.0017127424219739612 -0.0023215121022554272 -0.00038626500405687382 0.0020126071588729257 -0.0058750164887067221 -0.0019221415197801313 0.0031886295532140511 -0.0003266753103934095 0.0014865145314512552 -0.0014571497227823472 0.0056270108961538725
leaf_weight=47615 232 10117 6420 31356 759 380 2284 349 3414 828 976 2020 195 123 1110 6775 1524 629 152 2716 5992 7877 1481 2800 5601 5075 86305 18160 1575 1077
leaf_count=47615 232 10117 6420 31356 759 380 2284 349 3414 828 976 2020 195 123 1110 6775 1524 629 152 2716 5992 7877 1481 2800 5601 5075 86305 18160 1575 1077
internal_value=0 0.000133007 0.00258413 0.000621975 -0.00581872 -0.0252113 -0.0031017 0.00474409 0.00748366 -0.00055219 -0.0127837 -0.00468795 0.00565941 -0.000301133 7.21064e-05 -0.00860547 0.0089454 -0.0360277 -0.00472668 -8.43889e-05 -0.00503228 -0.00760057 -0.0122964 -0.0153628 0.000539781 0.000865085 -0.000849655 0.00315501 0.00126846 0.00198665
internal_weight=0 255685 55860 45743 14387 1768 12619 6199 5850 199825 4019 3043 2215 195806 187384 8422 1647 1388 2436 186274 20866 18150 10273 8792 165408 159807 91380 68427 50267 48692
internal_count=255917 255685 55860 45743 14387 1768 12619 6199 5850 199825 4019 3043 2215 195806 187384 8422 1647 1388 2436 186274 20866 18150 10273 8792 165408 159807 91380 68427 50267 48692
is_linear=0
shrinkage=0.1


Tree=92
num_leaves=31
num_cat=0
split_feature=127 124 92 20 126 0 62 65 62 6 124 64 134 20 134 123 2 0 0 1 91 4 137 94 3 0 4 124 20 0
split_gain=45.4616 50.9569 77.3679 49.674 48.6738 74.6075 81.9208 73.9548 57.8685 149.161 70.9596 69.9742 68.0337 81.9096 95.5306 113.256 89.2787 71.9659 74.6049 75.8575 71.1968 69.8143 63.3209 65.5273 57.3879 55.1489 71.316 54.7889 68.4557 56.3342
threshold=0.18465909090909094 16.500000000000004 18739.531250000004 10.500000000000002 0.38392857142857145 324389.00000000006 269065.50000000006 3.5000000000000004 145310.50000000003 42.083333333333336 6.5000000000000009 0.47644939638589462 449.50000000000006 16.500000000000004 171944.00000000003 460011.50000000006 1044077.4900000001 2707174.0000000005 4156569.5000000005 3999742.5000000005 1.5000000000000002 233164.53500000003 152275.00000000003 10.526344578472942 250482.65500000003 1603936.0000000002 160259.50500000003 7.5000000000000009 9.5000000000000018 828981.50000000012
decision_type=2 2 2 2 2 2 2 2 2 2 2 2 2 2 2 2 2 2 2 2 2 2 2 2 2 2 2 2 2 2
left_child=4 -2 3 -3 5 6 7 -1 9 22 -11 12 -10 17 15 -15 -17 21 19 -19 -21 24 23 -7 25 26 -14 -13 -29 -30
right_child=1 2 -4 -5 -6 8 -8 -9 11 10 -12 27 13 14 -16 16 -18 18 -20 20 -22 -23 -24 -25 -26 -27 -28 28 29 -31
leaf_value=0.0052134137835770705 -0.00010066309355711417 0.0010675215214731258 -0.027565803199082861 -0.0027385214635033076 -0.0012906287685329866 0.0052766229607229221 0.026825723428118644 -0.13807051012094393 0.0019678416006487583 -0.0021906708519286991 -0.011221054652760409 0.00077249805304349108 0.0021376459961800045 0.0065948985677871004 0.004068393390817022 -0.0032374129103207739 0.00053530853842881051 -0.00053487890049940304 0.0027528765200726781 -0.0071310148452307029 0.00042560095598331572 0.0063805361098355079 -0.0058764128257612919 -0.0019356743675112724 -0.0037531450540306808 0.001459897139971922 -0.0017669178429394455 -0.0010603965350204042 0.0057090641221380078 -6.6337454718149262e-06
leaf_weight=14261 120062 3436 879 6254 13271 3225 902 262 4812 10439 1818 25045 1942 679 1228 1825 838 1685 2385 203 88 1860 576 898 126 498 629 11198 1324 23269
leaf_count=14261 120062 3436 879 6254 13271 3225 902 262 4812 10439 1818 25045 1942 679 1228 1825 838 1685 2385 203 88 1860 576 898 126 498 629 11198 1324 23269
internal_value=0 -0.0011384 -0.00779519 -0.0052183 0.00152782 0.00220626 0.00866439 0.00684821 0.00117493 -0.00412955 -0.00993688 0.00230438 0.00763704 0.00410828 -0.00687661 -0.0156408 -0.0249363 0.00943973 2.73913e-05 -0.0143421 -0.0614897 0.0175599 0.0110185 0.0153573 0.00859315 0.0113087 0.00540898 0.000656615 -0.00185377 0.00109732
internal_weight=0 130631 10569 9690 125286 112015 15425 14523 96590 16956 12257 79634 18798 13986 4570 3342 2663 9416 4361 1976 291 5055 4699 4123 3195 3069 2571 60836 35791 24593
internal_count=255917 130631 10569 9690 125286 112015 15425 14523 96590 16956 12257 79634 18798 13986 4570 3342 2663 9416 4361 1976 291 5055 4699 4123 3195 3069 2571 60836 35791 24593
is_linear=0
shrinkage=0.1


Tree=93
num_leaves=31
num_cat=0
split_feature=0 4 0 0 0 4 134 62 137 137 62 3 137 137 137 7 137 0 94 13 20 62 84 134 123 4 0 137 4 64
split_gain=43.6132 66.5322 65.283 153.923 113.495 72.8233 88.5262 71.4706 69.0377 60.0119 132.594 100.409 57.2014 56.56 56.0628 57.2058 60.0813 55.5722 144.465 138.207 116.772 86.9156 88.1457 67.4578 148.377 103.26 68.3173 92.4027 91.931 70.9641
threshold=35782503.000000007 580736.21000000008 12551014.000000002 8585300.0000000019 16306303.000000002 389639.31000000006 6467930.0000000009 7458073.5000000009 181707.00000000003 2498349.5000000005 4451044.0000000009 1029061.7400000001 4668933.0000000009 2963820.0000000005 4523931.5000000009 3.5000000000000004 80270.500000000015 3296860.0000000005 888.90000000000009 183709.00000000003 6.5000000000000009 1889340.5000000002 698066.50000000012 479417.00000000006 4945445.5000000009 580736.21000000008 4208112.5000000009 60142.500000000007 460171.41000000009 0.3624651528763842
decision_type=2 2 2 2 2 2 2 2 2 2 2 2 2 2 2 2 2 2 2 2 2 2 2 2 2 2 2 2 2 2
left_child=2 -2 3 9 12 -6 -7 8 -5 17 11 -11 -4 -12 15 16 -9 21 19 -19 -20 22 -1 25 26 -21 28 29 -25 -28
right_child=1 -3 4 7 5 6 -8 14 -10 10 13 -13 -14 -15 -16 -17 -18 18 20 23 -22 -23 -24 24 -26 -27 27 -29 -30 -31
leaf_value=6.1520509569577052e-05 -0.062680974243753615 -0.0027206241390174582 0.011346157727848017 -0.0006690220509342204 -0.015429164291982978 -0.0047776813617416815 0.0067097402443484951 0.0034658098167776432 -0.019418356411109006 0.0039237973610814067 -0.00064764186458823707 -0.010636984849890641 -0.0042039721696669032 0.016013396509896163 0.01293154613219194 -0.0041873070389704115 -0.021799529885726643 0.0062399446396094269 -0.0064363320152117211 -0.0017578413963182963 -0.0022558856301438559 0.0012253697974451215 0.018812883613538275 -0.0013418336964322937 0.0097880415967711437 -0.00048933208106411428 0.0049883278784955739 -0.00057528675468549991 0.00071460427040854395 0.0010007362488615352
leaf_weight=154978 799 7203 6775 3238 991 5491 6436 695 6893 4289 401 3636 1274 1531 792 1195 301 1551 1176 2552 3941 8280 278 3539 435 8955 572 9043 2564 6113
leaf_count=154978 799 7203 6775 3238 991 5491 6436 695 6893 4289 401 3636 1274 1531 792 1195 301 1551 1176 2552 3941 8280 278 3539 435 8955 572 9043 2564 6113
internal_value=0 -0.0071252 0.0003756 -0.000117635 0.0057144 -9.31637e-05 0.00207109 -0.0106339 -0.0146397 0.000527303 0.00814807 0.0024215 0.0150351 0.0316382 0.00297105 -0.00527132 0.0124279 0.000159037 -0.00316017 -0.000885368 -0.0188637 0.000979847 0.000447453 -0.00222582 0.000987036 -0.00844268 -0.000165275 0.00331941 -0.00914563 0.0122342
internal_weight=0 8002 247915 226948 20967 12918 11927 13114 10131 213834 9857 7925 8049 1932 2983 2191 996 203977 40441 35324 5117 163536 155256 33773 22266 11507 21831 15728 6103 6685
internal_count=255917 8002 247915 226948 20967 12918 11927 13114 10131 213834 9857 7925 8049 1932 2983 2191 996 203977 40441 35324 5117 163536 155256 33773 22266 11507 21831 15728 6103 6685
is_linear=0
shrinkage=0.1


Tree=94
num_leaves=31
num_cat=0
split_feature=7 138 64 63 13 0 4 0 134 2 1 63 6 6 14 5 0 0 0 2 1 6 148 4 92 20 4 134 105 93
split_gain=48.5062 80.6685 125.443 153.499 84.6734 72.8851 131.884 71.504 68.8199 63.7081 57.4524 59.5157 55.1642 54.9843 54.85 51.5493 70.1074 50.5616 116.678 53.9478 53.6045 66.8724 48.4164 46.9918 71.0784 51.6759 46.6805 46.1996 45.8207 42.9957
threshold=4.5000000000000009 16.500000000000004 0.49333549511029168 1.2802962360934593 5023595.5000000009 5649471.0000000009 1042147.8650000001 12203388.500000002 253480.50000000003 38991.930000000008 203783.00000000003 2.0000007736575189 26.833333333333339 72.083333333333357 2.5000000000000004 10.500000000000002 73690.000000000015 11006397.000000002 9773934.0000000019 7345893.0250000004 76858458.500000015 50.083333333333343 319900.50000000006 443610.72500000003 119233.50000000001 20.500000000000004 384193.1750000001 9260783.5000000019 879677.50000000012 31.500000000000004
decision_type=2 2 2 2 2 2 2 2 2 2 2 2 2 2 2 2 2 2 2 2 2 2 2 2 2 2 2 2 2 2
left_child=1 4 3 9 17 -6 -7 -8 -9 -3 -4 -12 -13 15 -5 16 -2 18 19 22 21 -19 28 24 27 -25 -23 -15 -1 -18
right_child=13 2 10 14 5 6 7 8 -10 -11 11 12 -14 23 -16 -17 29 20 -20 -21 -22 26 -24 25 -26 -27 -28 -29 -30 -31
leaf_value=8.6016632052543507e-05 -0.062553852611272609 0.024247328532146773 0.0038472738946997657 0.0077099710870799148 -0.0030205979982568833 0.0041951859723089457 -0.017037157202157861 0.012812531045342102 -0.0085868362551935421 -0.0079483601070557183 -0.006793664362546914 0.010375939263200153 -0.0017577681040493954 -0.00029478039639685514 0.00038489603770225052 0.001079119970059228 0.0091717390196956721 0.0087818317735496535 -0.0074567764019517037 0.055297307688257961 -0.0061858608972906294 -0.018273601251827708 -0.0074499219528583183 0.003678542680515773 -0.021174226230155593 -0.00037467789252831343 0.0032006019887873107 -0.034965450087745119 0.0065125802318010025 -0.001226097608152177
leaf_weight=160418 237 254 1368 2199 676 1837 4059 1387 3567 2115 7365 86 9938 11115 885 13258 3244 3644 1496 105 1221 366 604 7189 400 8052 7095 538 439 760
leaf_count=160418 237 254 1368 2199 676 1837 4059 1387 3567 2115 7365 86 9938 11115 885 13258 3244 3644 1496 105 1221 366 604 7189 400 8052 7095 538 439 760
internal_value=0 -0.000495928 -0.00592727 0.00742302 0.000207565 -0.00809502 -0.00611012 -0.0110875 -0.00302515 -0.01172 -0.00980844 -0.0113607 -0.00634605 0.00312712 0.0221279 0.00750276 0.0170992 0.000753187 0.000286371 0.000543772 0.00692874 0.00911544 0.000497173 0.000321771 -0.00434414 0.0040117 0.00369224 -0.00292138 0.000603284 0.0202272
internal_weight=0 211124 24210 5453 186914 11526 10850 9013 4954 2369 18757 17389 10024 44793 3084 17499 4241 175388 163062 161566 12326 11105 161461 27294 12053 15241 7461 11653 160857 4004
internal_count=255917 211124 24210 5453 186914 11526 10850 9013 4954 2369 18757 17389 10024 44793 3084 17499 4241 175388 163062 161566 12326 11105 161461 27294 12053 15241 7461 11653 160857 4004
is_linear=0
shrinkage=0.1


Tree=95
num_leaves=31
num_cat=0
split_feature=127 127 0 4 2 4 4 92 124 4 4 20 127 3 4 64 3 20 22 20 20 13 3 7 1 123 20 21 13 123
split_gain=44.1602 47.4833 68.0098 100.526 66.6425 67.3641 65.7468 79.4751 60.2274 60.0153 91.2918 63.3984 59.5919 60.049 109.364 79.5279 127.269 122.413 58.0743 57.2792 55.455 51.4458 86.3621 51.3506 49.3997 68.5175 63.2343 67.0795 47.7499 55.6891
threshold=0.18465909090909094 0.98484848484848497 252556.00000000003 974747.06000000017 163863.85000000001 157381.25500000003 604534.17500000016 39527.000000000007 8.5000000000000018 174302.25000000003 107145.25000000001 6.5000000000000009 0.74166666666666681 253750.00500000003 378266.18500000006 0.1017185468628994 1002173.3350000001 5.5000000000000009 3.5000000000000004 3.5000000000000004 7.5000000000000009 939.50000000000011 250482.65500000003 1.5000000000000002 1507668.5000000002 61393.500000000007 1.0000000180025095e-35 7.5000000000000009 67.500000000000014 9716.0000000000018
decision_type=2 2 2 2 2 2 2 2 2 2 2 2 2 2 2 2 2 2 2 2 2 2 2 2 2 2 2 2 2 2
left_child=-1 12 3 6 8 -6 7 9 19 10 -3 -11 -2 -14 24 16 17 -16 -18 23 -19 -13 -23 -4 25 26 -15 -28 -5 -30
right_child=1 2 4 28 5 -7 -8 -9 -10 11 -12 21 13 14 15 -17 18 20 -20 -21 -22 22 -24 -25 -26 -27 27 -29 29 -31
leaf_value=0.000292369354798426 -0.00024738789430801242 0.0043041124995824021 0.0010500561756686456 0.024967682635070463 0.0028349983370404954 -4.8004994728356735e-05 0.018765080167783554 -0.010852215360342931 -0.0076256903083732454 0.0029155313476195376 0.014414310138473097 -0.0078487941912604477 -0.00050026482251710471 0.0067821333861934861 0.0009492298073893856 0.0012202809664228612 -0.0141701704396487 -0.014577765782009398 -0.0035054946114401078 0.00071407327670720562 -0.0017802956880466484 -0.0052092706343552569 0.0037954272662418576 -0.006471564146623034 -5.0906284818306394e-05 -0.01043214261576517 -0.01307341379422565 0.00061318978140068037 -0.0075692912360201623 0.0095512308513231933
leaf_weight=125286 52646 3651 641 80 2899 42384 413 193 2011 1158 1654 681 7601 154 2027 2735 562 354 361 2955 203 480 814 1028 376 738 709 300 628 195
leaf_count=125286 52646 3651 641 80 2899 42384 413 193 2011 1158 1654 681 7601 154 2027 2735 562 354 361 2955 203 480 814 1028 376 738 709 300 628 195
internal_value=0 -0.0011487 0.000861368 0.00843625 -0.000589909 0.000781508 0.0116128 0.00974771 -0.00994965 0.011199 0.0176801 0.000224741 -0.00295706 -0.008277 -0.0140422 -0.00719891 -0.0171669 -0.00578152 -0.0490412 -0.00366655 -0.0473024 -0.0106678 0.0010406 -0.0184761 -0.0328017 -0.0393524 -0.024229 -0.0333387 -0.0233786 -0.030548
internal_weight=0 130631 61865 9947 51918 45283 9044 8631 6635 8438 5305 3133 68766 16120 8519 6242 3507 2584 923 4624 557 1975 1294 1669 2277 1901 1163 1009 903 823
internal_count=255917 130631 61865 9947 51918 45283 9044 8631 6635 8438 5305 3133 68766 16120 8519 6242 3507 2584 923 4624 557 1975 1294 1669 2277 1901 1163 1009 903 823
is_linear=0
shrinkage=0.1


Tree=96
num_leaves=31
num_cat=0
split_feature=0 4 1 0 0 137 62 4 0 123 134 4 4 6 0 22 148 123 14 137 22 134 20 3 138 0 13 20 3 92
split_gain=43.843 98.9662 94.6299 110.379 80.4056 77.8333 165.844 58.171 63.8985 54.237 53.5083 78.4082 52.7853 52.481 50.8475 47.1891 67.6357 54.6472 48.7956 56.2531 47.7452 84.1849 119.31 95.957 117.03 75.8827 115.636 108.303 136.708 113.644
threshold=25580772.500000004 572771.20000000007 10736631.000000002 7846206.5000000009 15910273.500000002 2963820.0000000005 3843021.0000000005 974747.06000000017 13512798.500000002 3793769.5000000005 5176516.5000000009 508711.29500000004 384193.1750000001 55.083333333333343 11006397.000000002 8.5000000000000018 94360.500000000015 58415.000000000007 3.5000000000000004 624125.00000000012 4.5000000000000009 452476.50000000006 1.0000000180025095e-35 41103.620000000003 14.500000000000002 1286186.0000000002 790225.50000000012 26.500000000000004 1052508.0350000004 90674.500000000015
decision_type=2 2 2 2 2 2 2 2 2 2 2 2 2 2 2 2 2 2 2 2 2 2 2 2 2 2 2 2 2 2
left_child=2 -2 3 5 12 15 -7 9 -9 13 -6 -12 -4 -5 -11 18 -17 -18 20 -20 21 22 -1 -24 -25 26 27 28 29 -22
right_child=1 -3 4 7 10 6 -8 8 -10 14 11 -13 -14 -15 -16 16 17 -19 19 -21 25 -23 23 24 -26 -27 -28 -29 -30 -31
leaf_value=0.0082919319111691703 -0.032335360749058982 -0.0015117983771298694 -0.0030544815654463876 0.0012040056681813115 -0.0033381683022264408 -0.00088843129701712267 0.015000421946758304 -0.010524935793901303 0.0048336143252585735 0.00090235313312385054 -0.0068409637499409204 0.010682314826796846 0.0084840724929052154 -0.0039740747070860618 0.013286526475780991 0.016124622989444597 -0.019582767277398078 0.003677005597529104 -0.00078417075081483603 -0.0070445757925438283 -9.5116172553923084e-05 0.00048678387450193719 0.0034929255830616016 -0.0006395301137968487 -0.0062145936323768046 -5.2232698528487674e-05 0.0034907853456401733 0.0040590551496187512 0.0052305597419516495 -0.0097839215812736465
leaf_weight=1249 1423 10538 764 2083 5109 2885 1664 9753 1553 1048 797 3758 5563 3410 306 898 156 586 8544 1663 26427 22533 4351 61205 3355 57612 3928 10447 1695 614
leaf_count=1249 1423 10538 764 2083 5109 2885 1664 9753 1553 1048 797 3758 5563 3410 306 898 156 586 8544 1663 26427 22533 4351 61205 3355 57612 3928 10447 1695 614
internal_value=0 -0.00576778 0.000433197 -8.84327e-05 0.00786946 0.000558811 0.0134967 -0.00756926 -0.0119746 -0.000295094 0.00213192 0.0100125 0.0166331 -0.00471387 0.0176313 0.000272083 0.017167 -0.00517396 0.000136009 -0.00660266 0.000491624 -0.00114617 -0.00285406 -0.00340923 -0.00437797 0.00199885 0.00517184 0.00353205 0.000362089 -0.00136477
internal_weight=0 11961 243956 227965 15991 209812 4549 18153 11306 6847 9664 4555 6327 5493 1354 205263 1640 742 203623 10207 193416 92693 70160 68911 64560 100723 43111 39183 28736 27041
internal_count=255917 11961 243956 227965 15991 209812 4549 18153 11306 6847 9664 4555 6327 5493 1354 205263 1640 742 203623 10207 193416 92693 70160 68911 64560 100723 43111 39183 28736 27041
is_linear=0
shrinkage=0.1


Tree=97
num_leaves=31
num_cat=0
split_feature=29 76 7 138 64 63 13 94 14 134 94 0 4 6 2 93 20 64 4 105 94 92 0 3 1 5 93 3 94 65
split_gain=42.9226 41.5616 45.5828 69.1744 74.2957 98.4055 70.5387 66.8179 65.2819 61.5198 98.2498 55.7531 78.655 49.4998 48.9968 47.8531 47.7649 59.1596 56.6788 44.0787 43.1995 48.0249 42.5923 54.7164 42.6589 59.5078 65.1374 57.4107 56.6937 51.9779
threshold=1600212.5000000002 32.500000000000007 4.5000000000000009 12.500000000000002 0.25199166754057917 1.9589311224489798 5023595.5000000009 40762.500000000007 2.5000000000000004 4612620.0000000009 4664.1111111111122 5649471.0000000009 671665.02500000002 43.083333333333343 38991.930000000008 97125.500000000015 7.5000000000000009 1.5573733412216941 580736.21000000008 459802.50000000006 69704.571428571435 5264.8671428571442 22584818.500000004 576853.4600000002 22452.500000000004 10.500000000000002 3.5000000000000004 43932.250000000007 54939.000000000007 1.0000000180025095e-35
decision_type=2 2 2 2 2 2 2 2 2 2 2 2 2 2 2 2 2 2 2 2 2 2 2 2 2 2 2 2 2 2
left_child=1 2 3 6 5 14 9 16 20 15 13 -8 -13 -11 -5 19 17 -6 -19 -1 21 -7 24 -24 -4 26 27 -26 29 -27
right_child=-2 -3 22 4 7 8 11 -9 -10 10 -12 12 -14 -15 -16 -17 -18 18 -20 -21 -22 -23 23 -25 25 28 -28 -29 -30 -31
leaf_value=3.927774371268456e-05 -0.037411166719932942 -0.013503939758991801 -0.0066481519164616745 0.023178768624144697 0.0019685052991452669 0.0068270948085812511 -0.002660808941056159 -0.029166488968873239 -0.00049683977402540378 0.0061473532580587969 -0.019380096970779106 0.0038061094015373748 -0.0050414428382175918 0.002584818584961535 -0.0027735442500573197 0.0037350388110450553 -0.00078332797231516502 -0.010765692280599351 -0.0083933458537856168 0.0056700432522912075 0.010950573702507035 -0.0037872935179535717 -0.043203869077499048 -0.00095883477179157248 0.001639604162220746 0.00024292789920787872 -0.00038009757366439244 0.0080800814428239626 -0.0031868714011599889 0.0020372620568145871
leaf_weight=147616 304 970 974 247 1188 1933 599 1077 1010 3130 533 532 7348 6256 3865 1564 27859 1891 3055 583 108 138 712 3663 1989 18312 2525 3292 3193 9451
leaf_count=147616 304 970 974 247 1188 1933 599 1077 1010 3130 533 532 7348 6256 3865 1564 27859 1891 3055 583 108 138 712 3663 1989 18312 2525 3292 3193 9451
internal_value=0 0.000187257 0.000265957 -0.000346463 -0.00395758 0.00521991 0.00056342 -0.00586819 0.018403 0.00103537 0.00866227 -0.00832463 -0.00608894 0.0110339 -0.00500405 0.000530229 -0.00509124 -0.0130798 -0.0178929 0.000346597 0.028144 0.0249286 0.0031889 -0.00617582 0.00421997 0.00473936 0.012542 0.0188585 0.00277181 0.00422312
internal_weight=0 255613 254643 210532 42371 7301 168161 35070 3189 159682 9919 8479 7880 9386 4112 149763 33993 6134 4946 148199 2179 2071 44111 4375 39736 38762 7806 5281 30956 27763
internal_count=255917 255613 254643 210532 42371 7301 168161 35070 3189 159682 9919 8479 7880 9386 4112 149763 33993 6134 4946 148199 2179 2071 44111 4375 39736 38762 7806 5281 30956 27763
is_linear=0
shrinkage=0.1


Tree=98
num_leaves=31
num_cat=0
split_feature=137 62 0 4 2 0 134 5 123 123 26 97 20 94 26 13 124 63 2 4 126 13 7 1 18 20 64 62 137 3
split_gain=41.3051 83.4251 98.3641 51.2642 125.742 105.084 101.379 86.5296 121.143 107.66 76.1193 75.9901 75.2424 74.7302 72.92 75.2566 65.1524 77.5816 88.3587 117.533 93.6544 71.4183 84.2105 82.6958 177.54 68.4496 69.8874 92.9221 79.9931 64.6373
threshold=4910043.5000000009 5781125.5000000009 11006397.000000002 426452.82500000001 704238.80500000005 23925293.000000004 11392.500000000002 5.5000000000000009 61393.500000000007 1008638.5000000001 3051811.5000000005 7.5000000000000009 6.5000000000000009 84385.777777777796 822730.50000000012 917812.50000000012 12.500000000000002 13.239343307062548 1405955.2850000004 799954.81000000017 0.57738095238095244 1256068.0000000002 4.5000000000000009 9863.5000000000018 1.0000000180025095e-35 2.5000000000000004 0.050705049473271986 3887193.5000000005 75585.000000000015 42733.540000000008
decision_type=2 2 2 2 2 2 2 2 2 2 2 2 2 2 2 2 2 2 2 2 2 2 2 2 2 2 2 2 2 2
left_child=3 -2 -3 4 5 6 7 8 10 14 29 16 -13 -8 15 -9 17 18 25 -20 21 23 -23 24 -21 -5 27 -27 -28 -1
right_child=1 2 -4 11 -6 -7 13 9 -10 -11 -12 12 -14 -15 -16 -17 -18 -19 19 20 -22 22 -24 -25 -26 26 28 -29 -30 -31
leaf_value=0.0021738555555327779 -0.043566486157831368 0.012198421912765201 -0.0062577910699747278 0.0044122517933397054 -0.0022654179330537385 -0.038757381928783599 -0.00024756093540251236 0.0031202867838302064 -0.040244836318514284 -0.0005136241126414133 0.0055614251943223577 -0.012440285659586769 0.0016168593805389272 -0.011491843377173386 -0.0095740321815847088 0.0056151569162206693 -0.00042088666542023924 0.0025941180292842121 -0.0058698772913940746 -0.009873266261253481 -0.0067149308985204994 -0.0024024030205052104 0.0067485201369229869 0.0045040769422839723 0.0056159712392296317 2.5240342961298638e-05 0.0032032840557626023 -0.0018460020557800371 0.0011202599830485716 -0.00125779150053853
leaf_weight=7171 2711 918 4354 2169 5736 978 86445 18084 315 2962 1664 720 587 1044 530 1821 24330 18176 1377 732 2738 13932 3607 6107 379 8916 6014 790 16375 14235
leaf_count=7171 2711 918 4354 2169 5736 978 86445 18084 315 2962 1664 720 587 1044 530 1821 24330 18176 1377 732 2738 13932 3607 6107 379 8916 6014 790 16375 14235
internal_value=0 -0.0069371 0.000393547 0.000370929 -0.000881465 -0.000266443 -2.85511e-05 0.00372914 -0.000572705 0.00802877 0.000268326 0.00202189 -0.0219427 -0.00203786 0.0106113 0.0115861 0.00231838 0.00367682 0.00201948 -0.00205589 -0.000628043 0.00131286 -0.00213271 0.00968526 -0.0154099 0.00545352 0.0042916 -0.00279565 0.00736404 -0.00133319
internal_weight=0 7983 5272 247934 140985 135249 134271 46782 23385 23397 23070 106949 1307 87489 20435 19905 105642 81312 63136 28872 27495 24757 17539 7218 1111 34264 32095 9706 22389 21406
internal_count=255917 7983 5272 247934 140985 135249 134271 46782 23385 23397 23070 106949 1307 87489 20435 19905 105642 81312 63136 28872 27495 24757 17539 7218 1111 34264 32095 9706 22389 21406
is_linear=0
shrinkage=0.1


Tree=99
num_leaves=31
num_cat=0
split_feature=92 124 0 2 64 63 6 63 0 0 0 2 13 0 2 0 4 3 20 20 126 4 4 146 138 3 20 20 5 20
split_gain=40.0784 47.9543 40.7566 47.2794 44.4922 80.9981 72.3687 75.6235 51.5258 73.2822 125.635 113.912 98.2032 77.3476 78.8325 75.0005 80.7984 92.6469 74.2845 82.1759 117.996 104.261 147.896 127.987 88.7072 149.019 99.7145 80.05 129.004 150.99
threshold=364603.70000000007 23.500000000000004 48555779.000000007 1249904.5700000003 56.333530940037839 3038.2916901673252 56.083333333333343 19.915256795057562 3221604.0000000005 2022352.0000000002 1412680.0000000002 658191.87000000023 706539.00000000012 1669367.5000000002 397485.95500000002 2660256.0000000005 411601.66000000009 612911.16500000015 1.0000000180025095e-35 24.500000000000004 0.57738095238095244 396037.03000000009 109735.58500000001 56237.000000000007 8.5000000000000018 28608.850000000002 8.5000000000000018 7.5000000000000009 3.5000000000000004 20.500000000000004
decision_type=2 2 2 2 2 2 2 2 2 2 2 2 2 2 2 2 2 2 2 2 2 2 2 2 2 2 2 2 2 2
left_child=2 -2 4 -4 8 6 -6 -8 9 10 12 13 18 -12 -15 -11 -17 -18 -1 20 24 22 -21 -24 27 -26 -27 -20 -29 -30
right_child=1 -3 3 -5 5 -7 7 -9 -10 15 11 -13 -14 14 -16 16 17 -19 19 21 -22 -23 23 -25 25 26 -28 28 29 -31
leaf_value=0.0070366814653381573 -0.001671025226405587 -0.054161918488484201 -0.045175688984525668 -0.0027260058630109276 0.003481353642594648 -0.0002718297979889539 -0.0026026446003443171 0.0016306714486972074 -0.00054815174152696069 0.0016403435090078335 -0.0017884735335330654 0.00099092898060579456 0.001300165567159037 0.00025463110616773574 -0.0045727079282807696 -0.00087281231508189779 0.0060507896896380238 0.00029613359861191619 -0.00034930144731479544 0.00024033652730319767 -0.0048340052568147888 -0.0016853170384158629 0.0073611862816553523 -0.044337913682557129 0.0067356617184137326 0.00026619543818345615 -0.0043934233266884328 -0.01209476457517953 0.0030202912890635591 -0.0045911892314201563
leaf_weight=1298 1661 693 774 4219 9100 19427 6072 11006 56045 9731 6196 4937 14053 3569 1138 4591 1160 3842 44128 6445 3145 3950 5301 114 2065 4257 9089 1800 13677 2434
leaf_count=1298 1661 693 774 4219 9100 19427 6072 11006 56045 9731 6196 4937 14053 3569 1138 4591 1160 3842 44128 6445 3145 3950 5301 114 2065 4257 9089 1800 13677 2434
internal_value=0 -0.0128723 0.000236419 -0.00870898 0.000416104 0.00323853 0.00686902 0.00303098 -0.000218077 0.000766002 -0.000103136 -0.00843793 0.00107821 -0.0141444 -0.00448088 0.0065049 0.000230318 0.00902269 -4.60223e-05 -0.000365973 -0.00165908 0.00622593 0.0109124 0.0230953 -0.000888035 -0.00767828 -0.0115463 0.000798719 0.00643698 0.0092737
internal_weight=0 2354 253563 4993 248570 45605 26178 17078 202965 146920 127596 15840 111756 10903 4707 19324 9593 5002 97703 96405 80595 15810 11860 5415 77450 15411 13346 62039 17911 16111
internal_count=255917 2354 253563 4993 248570 45605 26178 17078 202965 146920 127596 15840 111756 10903 4707 19324 9593 5002 97703 96405 80595 15810 11860 5415 77450 15411 13346 62039 17911 16111
is_linear=0
shrinkage=0.1


Tree=100
num_leaves=31
num_cat=0
split_feature=127 0 0 4 1 2 123 134 4 18 20 134 3 64 134 7 20 0 124 123 127 17 1 3 2 62 2 22 140 4
split_gain=38.6141 45.7588 61.7106 60.9081 103.503 92.0583 100.462 98.193 82.9995 73.9472 71.9701 79.9549 69.1268 88.8701 76.3756 62.848 74.1089 56.9179 55.7525 55.0645 63.4735 53.1538 51.2249 51.0904 62.2315 50.9572 60.5238 78.949 60.4524 53.0084
threshold=0.18465909090909094 4859805.0000000009 12203388.500000002 799954.81000000017 41839.500000000007 1217632.2300000002 25003.500000000004 144867.50000000003 580736.21000000008 1.0000000180025095e-35 7.5000000000000009 177229.50000000003 487336.03000000009 17648.43401174033 2562816.0000000005 1.5000000000000002 1.5000000000000002 9443789.0000000019 12.500000000000002 2036382.5000000002 0.98484848484848497 4.5000000000000009 758.50000000000011 307605.28000000009 213273.40000000002 77718.000000000015 620386.94000000006 6.5000000000000009 0.22649572649572652 107145.25000000001
decision_type=2 2 2 2 2 2 2 2 2 2 2 2 2 2 2 2 2 2 2 2 2 2 2 2 2 2 2 2 2 2
left_child=-1 3 17 5 9 6 10 19 12 21 11 15 13 -8 -14 16 23 -3 -10 20 22 -5 -7 24 -2 26 29 -28 -27 -12
right_child=1 2 -4 4 -6 7 8 -9 18 -11 25 -13 14 -15 -16 -17 -18 -19 -20 -21 -22 -23 -24 -25 -26 28 27 -29 -30 -31
leaf_value=0.00026504293526752884 0.0082118498054659216 -0.0015930019382232393 0.00079880526861511039 -0.0043522573507088951 0.0022167969194551219 -0.010383107625329928 -0.00046981776363345387 0.0038066884949315562 0.0033125601924867856 0.0020867370548432527 0.00030522191186980189 -0.0067750436740616968 -0.0031394145542298149 0.0013734225191633913 0.0086781353721650835 0.0034350254968688377 -0.0014839770196318548 -0.0089256659950265778 -0.0022187814459307545 -0.0088966311359491672 -0.00074255346340379078 0.0018034044422887087 -0.0049964230909439163 0.0095957420791425007 -0.0040511328521714461 0.0081776184290950696 -0.006461578948093006 0.0083053855240085069 -0.0048715150047863977 0.0070504204516227409
leaf_weight=125286 724 10932 9634 1839 12602 247 52440 830 3830 899 2094 1257 4991 2119 165 4810 5060 3250 929 581 1813 393 1637 486 596 1425 1010 319 267 3452
leaf_count=125286 724 10932 9634 1839 12602 247 52440 830 3830 899 2094 1257 4991 2119 165 4810 5060 3250 929 581 1813 393 1637 486 596 1425 1010 319 267 3452
internal_value=0 -0.00111365 -0.0050773 -0.000229893 0.00551566 -0.00122235 -0.000447427 -0.0142652 -0.00242141 -0.0107566 0.00547214 0.000763218 -0.0034343 -0.00238837 -0.014502 0.00334306 -0.00279766 -0.00927277 0.0102881 -0.0203723 -0.0158747 -0.0205099 -0.0287285 0.0145923 0.00438667 0.0125809 0.00875481 -0.0104122 0.0281271 0.0133478
internal_weight=0 130631 23816 106815 15733 91082 85974 5108 64474 3131 21500 12933 59715 54559 5156 11676 6866 14182 4759 4278 3697 2232 1884 1806 1320 8567 6875 1329 1692 5546
internal_count=255917 130631 23816 106815 15733 91082 85974 5108 64474 3131 21500 12933 59715 54559 5156 11676 6866 14182 4759 4278 3697 2232 1884 1806 1320 8567 6875 1329 1692 5546
is_linear=0
shrinkage=0.1


Tree=101
num_leaves=31
num_cat=0
split_feature=92 1 4 3 134 20 63 137 20 64 97 5 123 94 64 63 0 22 20 134 20 20 2 127 122 137 64 53 127 19
split_gain=37.5017 37.8262 41.5227 124.127 89.15 88.0294 85.2142 82.3636 109.228 104.115 94.2269 81.9917 77.7544 74.7373 71.5644 86.137 75.2655 105.336 80.6088 112.218 91.3019 83.586 78.9613 83.847 73.7092 70.7327 90.6799 68.7845 68.3203 67.4991
threshold=870662.00000000012 76858458.500000015 402040.90000000008 319650.08000000007 5987.5000000000009 44.500000000000007 99.396362060459907 1190775.0000000002 36.500000000000007 0.21156192842134156 6.5000000000000009 11.500000000000002 1046842.5000000001 24271.500520291367 56.333530940037839 402.31581635395952 3368593.5000000005 3.5000000000000004 1.5000000000000002 582355.00000000012 22.500000000000004 5.5000000000000009 1423200.7800000003 0.71130952380952384 1.0000000180025095e-35 1012220.0000000001 3.2095025337932772 0.064938303304294662 0.54772727272727284 1.0000000180025095e-35
decision_type=2 2 2 2 2 2 2 2 2 2 2 2 2 2 2 2 2 2 2 2 2 2 2 2 2 2 2 2 2 2
left_child=1 2 3 4 11 6 -5 8 10 -10 14 -1 -13 25 16 -16 17 18 -4 24 21 22 -21 -24 -20 29 -27 -9 -19 -6
right_child=-2 -3 7 5 13 -7 -8 27 9 -11 -12 12 -14 -15 15 -17 -18 28 19 20 -22 -23 23 -25 -26 26 -28 -29 -30 -31
leaf_value=0.0005370404592079048 -0.033085322571068908 -0.0084249218862146869 0.0031062359622145048 -0.00098372245318297121 -5.6321416239934655e-05 0.0035859662603146937 -0.0031520512242493 0.0068415373700517939 -0.0037336860902785099 6.8740848645228969e-05 -0.0087652610263985516 0.0069193658297420193 -0.00078673119181188228 -0.0071334807045555894 0.0053270735406424682 0.00071684826841140613 -6.4677738077101313e-05 0.0045672984756202854 0.015726711312853824 0.0041472771340124162 0.019246448890879883 -0.0061286188211279579 0.0015755330086391767 -0.008958658957088337 -0.004527530769308191 0.007382450966732533 -0.00096745956356794486 -0.0020489965590785165 0.0013978588045349357 -0.0024460547348591046
leaf_weight=29025 1157 2008 1497 17614 70301 1428 2064 2060 3438 9957 1176 6503 713 2610 7893 7237 23594 7429 349 1322 229 385 256 179 3880 523 323 32357 12558 5852
leaf_count=29025 1157 2008 1497 17614 70301 1428 2064 2060 3438 9957 1176 6503 713 2610 7893 7237 23594 7429 349 1322 229 385 256 179 3880 523 323 32357 12558 5852
internal_value=0 0.000162635 0.000271244 -0.000907316 0.000377667 -0.00796054 -0.00970028 0.00166517 0.00339958 -0.004854 0.00502579 0.0044891 0.0140285 -0.00149401 0.00551973 0.0115685 0.0037488 0.00724678 -0.00237534 -0.00712725 0.0102873 0.00387107 0.0131181 -0.0238385 -0.0168908 -0.000929901 0.0278259 -0.00243584 0.0111448 -0.00124936
internal_weight=0 254760 252752 136956 115850 21106 19678 115796 81379 13395 67984 36241 7216 79609 66808 15130 51678 28084 8097 6600 2371 2142 1757 435 4229 76999 846 34417 19987 76153
internal_count=255917 254760 252752 136956 115850 21106 19678 115796 81379 13395 67984 36241 7216 79609 66808 15130 51678 28084 8097 6600 2371 2142 1757 435 4229 76999 846 34417 19987 76153
is_linear=0
shrinkage=0.1


Tree=102
num_leaves=31
num_cat=0
split_feature=29 127 127 0 4 127 4 2 2 4 124 124 138 123 2 20 10 0 124 20 4 4 4 20 94 7 0 2 2 2
split_gain=37.0371 38.3604 48.436 60.4026 83.1229 55.3371 77.4764 96.0814 51.5813 62.7666 50.9806 64.463 110.405 87.2844 62.646 73.4776 61.727 55.3266 47.7555 45.6505 45.5542 56.2432 72.1568 63.4334 46.4102 43.7492 42.1489 42.0964 46.1148 43.6809
threshold=916198.00000000012 0.18465909090909094 0.98484848484848497 235179.00000000003 974747.06000000017 0.78174603174603186 1029824.7200000001 1574921.3600000003 163863.85000000001 157381.25500000003 8.5000000000000018 11.500000000000002 4.5000000000000009 99243.000000000015 221966.51000000004 10.500000000000002 1.5000000000000002 24528.000000000004 8.5000000000000018 3.5000000000000004 604534.17500000016 174302.25000000003 112651.02500000001 6.5000000000000009 30333.375000000004 1.5000000000000002 5044930.5000000009 271370.71500000003 335317.33000000002 229924.60500000001
decision_type=2 2 2 2 2 2 2 2 2 2 2 2 2 2 2 2 2 2 2 2 2 2 2 2 2 2 2 2 2 2
left_child=1 -1 5 4 20 10 -7 -8 18 -10 14 12 13 -12 15 -3 17 -13 19 25 21 22 24 -23 -4 -5 -18 29 -29 -11
right_child=-2 2 3 8 -6 6 7 -9 9 27 11 16 -14 -15 -16 -17 26 -19 -20 -21 -22 23 -24 -25 -26 -27 -28 28 -30 -31
leaf_value=0.0002678588983522319 -0.0247788771511019 0.00043979551813202458 0.0046390355659092107 0.0013371402817956568 -0.0039941517093812166 -0.0018529348999003854 -0.013753486911064514 -0.0002600248082543444 0.0023729547902999418 0.00045989488386124084 -0.0063718905449513088 -0.009765337004325348 -0.0012905596367810892 -0.018282262043852394 -0.00034226360974647389 0.0047450850051101506 0.00029799690943941464 -0.0057308092271413074 -0.0066609931123036261 0.00066493978846595694 0.016829743906564953 0.0027247775965657246 0.012426840650268001 -0.0028860114363578496 -0.059998812717969807 -0.0056758890975911191 -0.0066728929138743622 0.0013281262818141265 -5.5344923190484336e-05 -0.0020448306726057455
leaf_weight=124879 587 7256 3546 675 890 5161 241 195 2975 724 1185 326 2995 777 33236 2262 11751 1752 2126 3009 399 1158 1426 2001 55 1068 1551 3202 36734 1775
leaf_count=124879 587 7256 3546 675 890 5161 241 195 2975 724 1185 326 2995 777 33236 2262 11751 1752 2126 3009 399 1158 1426 2001 55 1068 1551 3202 36734 1775
internal_value=0 0.000155615 -0.00104364 0.000988421 0.00833483 -0.00287083 -0.0124004 -0.0528795 -0.000342806 0.000879558 -0.00202543 -0.00614701 -0.016064 -0.0345029 -6.49028e-05 0.00708812 -0.00295074 -0.0189793 -0.00841311 -0.00283966 0.0113506 0.00974236 0.0163132 -0.000713953 0.00877386 -0.0157176 -0.000446804 -0.000104837 0.000683044 -0.0126958
internal_weight=0 255330 130451 61763 9475 68688 5597 436 52288 45410 63091 20337 4957 1962 42754 9518 15380 2078 6878 4752 8585 8186 5027 3159 3601 1743 13302 42435 39936 2499
internal_count=255917 255330 130451 61763 9475 68688 5597 436 52288 45410 63091 20337 4957 1962 42754 9518 15380 2078 6878 4752 8585 8186 5027 3159 3601 1743 13302 42435 39936 2499
is_linear=0
shrinkage=0.1


Tree=103
num_leaves=31
num_cat=0
split_feature=128 137 4 127 29 0 123 126 20 65 64 20 123 6 136 62 123 4 6 134 1 20 123 123 66 66 92 2 52 65
split_gain=35.2826 48.4448 38.3962 37.1881 49.7246 43.6871 87.9445 69.4133 87.9743 72.3772 53.9878 60.7047 52.0617 103.112 73.4018 71.1485 109.21 98.8846 83.7751 77.9541 59.8046 163.545 114.577 102.827 63.5244 95.8651 69.6223 70.4548 60.9286 55.8238
threshold=0.34848484848484856 892594.00000000012 49398.410000000011 0.29285714285714287 3.5000000000000004 317687.00000000006 283936.00000000006 0.59166666666666667 25.500000000000004 3.5000000000000004 0.47644939638589462 43.500000000000007 283936.00000000006 42.083333333333336 3.5000000000000004 425290.00000000006 284321.50000000006 208252.43500000003 72.083333333333357 340.50000000000006 2347459.0000000005 21.500000000000004 596300.00000000012 929433.00000000012 23.500000000000004 1245.5000000000002 363.07352941176475 755294.60000000009 0.016093169264444207 1.5000000000000002
decision_type=2 2 2 2 2 2 2 2 2 2 2 2 2 2 2 2 2 2 2 2 2 2 2 2 2 2 2 2 2 2
left_child=3 2 -2 5 -5 6 7 9 -9 -1 11 -10 13 14 -7 16 -14 18 19 -17 21 22 -19 -24 26 -26 -25 -28 -22 -18
right_child=1 -3 -4 4 -6 12 -8 8 10 -11 -12 -13 15 -15 -16 17 29 20 -20 -21 28 -23 23 24 25 -27 27 -29 -30 -31
leaf_value=0.0055855326578817532 0.012496543352661527 0.0052517933622185271 -0.0058699622179624869 -0.0001168795232888098 -0.0035505200701673235 0.00056831612016363666 0.027465711681675734 -0.0058543996845446871 0.0046811196206321759 -0.11965307224851825 0.01124636514682336 -0.011615782615385905 0.014688214081989415 -0.0017912482661633256 0.0076094394390240783 0.002363828937871593 0.00089771561584286454 -0.00068434148553434123 0.00016016388633719234 -0.0014822809929148047 0.0044081050232537946 -0.0013321656078561627 0.010001321040456335 0.0022105105595077988 0.011302286347732953 -0.005730444284033488 -0.0024810248606170838 0.0057157807291021876 7.2491112589756496e-05 0.013919750044554716
leaf_weight=13698 278 694 2950 124526 3562 8490 633 2060 271 263 501 244 546 24831 1250 469 6098 1491 3886 4202 1683 3093 640 3525 443 124 521 445 43893 607
leaf_count=13698 278 694 2950 124526 3562 8490 633 2060 271 263 501 244 546 24831 1250 469 6098 1491 3886 4202 1683 3093 640 3525 443 124 521 445 43893 607
internal_value=0 -0.00933327 -0.0144865 0.000225018 -0.000969795 0.00146015 0.00606429 0.00470444 -0.00889403 0.00770056 0.0151868 -0.0075493 0.000694358 -0.00249294 0.00622705 0.00223188 0.0116231 0.00117474 -0.00883569 -0.0178606 0.00270826 0.00959722 0.0178697 0.0243276 0.0195491 0.051089 0.0155671 -0.0082174 0.0011541 0.00812097
internal_weight=0 3922 3228 251995 128088 123907 17670 17037 3076 13961 1016 515 106237 34571 9740 71666 7251 64415 8557 4671 55858 10282 7189 5698 5058 567 4491 966 45576 6705
internal_count=255917 3922 3228 251995 128088 123907 17670 17037 3076 13961 1016 515 106237 34571 9740 71666 7251 64415 8557 4671 55858 10282 7189 5698 5058 567 4491 966 45576 6705
is_linear=0
shrinkage=0.1


Tree=104
num_leaves=31
num_cat=0
split_feature=18 17 92 62 94 94 75 26 1 2 123 20 14 94 93 146 4 2 0 1 65 2 4 48 1 13 4 29 4 4
split_gain=35.5326 37.1223 38.9581 39.9462 35.2559 76.8908 91.644 90.5116 45.0273 67.5658 56.373 53.8703 49 40.6952 43.636 43.0991 37.0448 79.8261 43.3418 41.3405 36.6413 35.0768 33.3601 36.5373 51.1968 44.0725 55.535 42.1975 41.8822 86.6863
threshold=2.5000000000000004 2.5000000000000004 209768.00000000003 2844218.0000000005 0.011115427003818045 91.005494505494525 1.5000000000000002 58386.000000000007 1117272.5000000002 501740.19500000007 1252932.5000000002 6.5000000000000009 1.5000000000000002 35970.892857142862 108.50000000000001 18409.500000000004 633407.55500000005 537353.89000000025 16519.000000000004 111437.00000000001 1.0000000180025095e-35 4162861.3400000003 8658.9550000000017 6.0000000000000009 145.50000000000003 9232.0000000000018 297989.13000000006 79545.000000000015 107145.25000000001 118510.045
decision_type=2 2 2 2 2 2 2 2 2 2 2 2 2 2 2 2 2 2 2 2 2 2 2 2 2 2 2 2 2 2
left_child=1 4 -3 -4 22 21 8 13 12 10 -10 -11 -7 14 15 -8 17 -14 -19 -20 -9 -6 -1 -24 -25 26 -26 28 -27 -30
right_child=-2 2 3 -5 5 6 7 20 9 11 -12 -13 16 -15 -16 -17 -18 18 19 -21 -22 -23 23 24 25 27 -28 -29 29 -31
leaf_value=0.006725931252590845 -0.002011131245690345 -0.00017126776003394226 -0.0079251615708224778 0.012925449340388907 0.0038941066034918052 0.0059426035744101664 0.003216008134788373 -0.042698133462396162 -0.00096851477458216183 -0.0026372631687123366 -0.0024561853394041567 0.0014789679981247841 0.0035420339529355751 -0.012030030503108942 -0.014362902074020979 -0.019147080434003927 0.0039515860684259342 -0.011975967439395888 0.0053221834537800859 -0.0039607776298488514 -0.0074098509038922596 -0.0013674350301786931 -0.00090512078626661945 0.0052152961295984417 0.0011962518179033045 -0.00059582144745642387 -0.0023437452530625596 -0.0067471002249679035 0.0052204496949949334 0.00029932155276149452
leaf_weight=1270 9305 99880 1684 316 3843 2091 2586 670 1009 990 430 5566 3064 1090 622 185 920 242 220 633 432 395 17644 1017 1292 16246 1729 748 1871 77927
leaf_count=1270 9305 99880 1684 316 3843 2091 2586 670 1009 990 430 5566 3064 1090 622 185 920 242 220 633 432 395 17644 1017 1292 16246 1729 748 1871 77927
internal_value=0 0.000316303 -0.00114604 -0.0149651 0.00134568 0.00476228 0.00225534 -0.00869562 0.00628839 0.00112819 -0.0184938 0.00543509 0.0120423 -0.00238392 0.00301626 0.00838915 0.00673807 0.00272132 -0.0204534 -0.00985651 -0.034372 0.0170367 0.000632704 0.00045989 0.00119451 0.000967052 -0.0109271 0.00133828 0.00152255 0.00246478
internal_weight=0 246612 101880 2000 144732 24988 20750 5585 15165 7995 1439 6556 7170 4483 3393 2771 5079 4159 1095 853 1102 4238 119744 118474 100830 99813 3021 96792 96044 79798
internal_count=255917 246612 101880 2000 144732 24988 20750 5585 15165 7995 1439 6556 7170 4483 3393 2771 5079 4159 1095 853 1102 4238 119744 118474 100830 99813 3021 96792 96044 79798
is_linear=0
shrinkage=0.1


Tree=105
num_leaves=31
num_cat=0
split_feature=99 134 22 14 5 94 0 4 13 124 0 138 13 4 20 2 148 137 63 2 137 25 123 63 134 134 2 9 4 138
split_gain=35.1649 33.4766 39.775 54.9633 51.0752 53.4578 51.5028 89.3911 73.1595 61.4074 60.4603 52.8507 51.4005 47.6348 46.0894 88.6889 55.3348 52.3133 43.3636 77.468 49.9013 48.1781 48.9303 42.7628 42.0142 42.0448 41.8848 41.6945 41.5016 41.2971
threshold=1.0000000180025095e-35 54661514.500000007 6.5000000000000009 3.5000000000000004 10.500000000000002 31220.875000000004 1251913.0000000002 604534.17500000016 3954862.0000000005 4.5000000000000009 5649471.0000000009 9.5000000000000018 5023595.5000000009 694321.83000000019 22.500000000000004 401359.71500000003 36794.000000000007 405159.00000000006 6275.3567971080492 593980.18000000017 1692120.0000000002 10.000000000000002 2359.0000000000005 0.81595801284647373 90006.000000000015 11762111.000000002 658191.87000000023 1.0000000180025095e-35 1042147.8650000001 16.500000000000004
decision_type=2 2 2 2 2 2 2 2 2 2 2 2 2 2 2 2 2 2 2 2 2 2 2 2 2 2 2 2 2 2
left_child=1 2 3 29 -4 6 11 8 18 12 -10 -6 -9 -7 15 17 -16 -13 19 20 24 22 -21 -11 -8 -26 -18 -17 -14 -1
right_child=-2 -3 4 -5 5 13 7 9 10 23 -12 14 28 -15 16 27 26 -19 -20 21 -22 -23 -24 -25 25 -27 -28 -29 -30 -31
leaf_value=6.4102133870225239e-05 0.020633444741551842 -0.0093760964113852388 0.0056547130818273839 -0.0029758625709594994 0.010071591305155026 -0.0044988661812969755 -0.0015957427265436376 0.010495048392462902 -0.0042043073583277702 -0.0075541895921263265 0.00090008957432240471 -0.0042075128725793925 0.0095869716125980275 0.00077434388115050134 0.0054241250125371069 0.00067618418386451967 -0.037466691519755235 0.021341744632289151 -0.0042715794508756738 -0.0055800881391779864 -0.0053485943291421024 -0.005745451728116073 0.0024880981587053108 0.00086403281387834605 3.2109757506129329e-05 -0.031008550616644915 0.0053327462503152028 0.020181339077084498 -0.0010670566776486369 -0.0011180029291327856
leaf_weight=177369 232 2414 3125 6442 2406 2094 1009 2880 406 558 185 1810 323 2116 2270 757 94 90 679 275 136 171 2356 13666 2922 383 46 403 1984 26316
leaf_count=177369 232 2414 3125 6442 2406 2094 1009 2880 406 558 185 1810 323 2116 2270 757 94 90 679 275 136 171 2356 13666 2922 383 46 403 1984 26316
internal_value=0 7.84036e-06 0.000119551 -0.000448296 0.00288517 0.0019237 0.00317689 0.00116311 -0.0073746 0.00491141 -0.0413164 0.010319 0.0142255 -0.00873557 0.00488614 -0.00326005 0.0152294 -0.0165623 -0.00484534 -0.00258276 -0.0107841 0.0104423 0.0137852 0.0015149 -0.00890392 -0.00345114 -0.045786 0.0185282 0.00310309 -0.000160672
internal_weight=0 255685 253271 210127 43144 40019 35809 27933 8522 19411 591 7876 5187 4210 5470 3060 2410 1900 7931 7252 4450 2802 2631 14224 4314 3305 140 1160 2307 203685
internal_count=255917 255685 253271 210127 43144 40019 35809 27933 8522 19411 591 7876 5187 4210 5470 3060 2410 1900 7931 7252 4450 2802 2631 14224 4314 3305 140 1160 2307 203685
is_linear=0
shrinkage=0.1


Tree=106
num_leaves=31
num_cat=0
split_feature=75 4 4 0 126 1 0 76 2 20 137 134 62 4 96 127 20 28 0 4 123 123 137 20 117 63 123 64 137 64
split_gain=33.2806 35.3766 111.901 88.3003 87.1304 107.835 99.7866 118.432 98.1487 84.1595 78.2659 92.6695 131.446 103.136 90.3765 96.8797 83.6889 79.1124 77.0671 86.1078 76.8154 75.2065 74.3113 75.2516 72.3827 70.8325 158.36 78.4927 68.704 70.893
threshold=287870.00000000006 402040.90000000008 280000.4200000001 2485441.0000000005 0.093073593073593086 1001055.0000000001 302035.50000000006 6.5000000000000009 102162.04000000001 44.500000000000007 75585.000000000015 182094.00000000003 3808001.5000000005 604534.17500000016 1848.0000000000002 0.17156862745098042 16.500000000000004 1.0000000180025095e-35 4208112.5000000009 366519.61500000005 827033.50000000012 317922.00000000006 441.50000000000006 29.500000000000004 0.12916666666666668 1.999998863414213 1008638.5000000001 0.25199166754057917 212614.50000000003 0.00010088318804479003
decision_type=2 2 2 2 2 2 2 2 2 2 2 2 2 2 2 2 2 2 2 2 2 2 2 2 2 2 2 2 2 2
left_child=1 2 4 -4 6 8 24 -8 -6 -10 11 12 14 -14 15 -3 -16 -15 19 20 -5 -20 -13 -24 -1 26 28 -28 -12 -30
right_child=-2 10 3 18 5 -7 7 -9 9 -11 25 22 13 17 16 -17 -18 -19 21 -21 -22 -23 23 -25 -26 -27 27 -29 29 -31
leaf_value=0.0024080868414605222 -0.0041679461900359536 0.0023706261703460856 -0.00028719464771196393 -0.0049368646499601465 0.0021719255267954596 0.0040991274817509795 8.9939871783485537e-05 -0.0021957356711730376 -0.0043298448855028744 0.0082579814756230437 -0.0071079167429050939 0.00061821192131650271 -0.0040314103726991051 -0.0006166656076930779 -0.022099053372165282 7.2614205817007542e-06 0.02063315406514607 -0.0044460538054280872 -0.00793053172309649 -0.0032524937210931825 -0.00013475971912756045 0.0011380206971346007 0.0034533664437730541 0.00018602623849440781 -0.025799303217877025 0.00033702619337969771 -0.017290535659956537 -0.0075046606492911172 -0.01171969747978443 0.0021330916886005634
leaf_weight=32789 2577 6298 11548 1040 2262 1360 61946 9480 8135 452 1059 11582 371 3003 502 15191 174 301 1195 1898 2211 2114 8841 3068 348 52491 1340 4219 355 7767
leaf_count=32789 2577 6298 11548 1040 2262 1360 61946 9480 8135 452 1059 11582 371 3003 502 15191 174 301 1195 1898 2211 2114 8841 3068 348 52491 1340 4219 355 7767
internal_value=0 0.000155842 -0.000935037 -0.00784537 0.000248877 -0.00774513 0.00118227 -0.00092187 -0.0110726 -0.0159543 0.00143592 0.00446097 0.00032847 -0.0171874 0.00323264 0.00436519 -0.0327695 -0.0115738 -0.0156082 -0.0232604 -0.0133795 -0.00370089 0.0090067 0.0145534 0.00571771 -0.000783724 -0.00690899 -0.0202295 0.00115644 0.00428009
internal_weight=0 253340 136778 20006 116772 12209 104563 71426 10849 8587 116562 49331 25840 3675 22165 21489 676 3304 8458 5149 3251 3309 23491 11909 33137 67231 14740 5559 9181 8122
internal_count=255917 253340 136778 20006 116772 12209 104563 71426 10849 8587 116562 49331 25840 3675 22165 21489 676 3304 8458 5149 3251 3309 23491 11909 33137 67231 14740 5559 9181 8122
is_linear=0
shrinkage=0.1


Tree=107
num_leaves=31
num_cat=0
split_feature=124 134 2 4 94 17 124 137 138 123 138 0 13 2 126 2 0 0 20 76 62 6 13 123 4 13 20 29 49 66
split_gain=36.0802 91.4679 89.2 164.067 83.8619 69.0729 67.941 67.6663 69.3496 64.245 61.9904 61.3449 65.3936 60.5001 58.5617 62.4026 130.957 68.6562 62.3698 104.889 106.546 115.947 86.3516 74.3277 67.8246 84.1926 76.2409 58.3744 54.1347 51.3837
threshold=10.500000000000002 926282.50000000012 163863.85000000001 56815.170000000006 9101.3148148148157 1.5000000000000002 11.500000000000002 223769.50000000003 3.5000000000000004 58415.000000000007 20.500000000000004 2660256.0000000005 2733391.5000000005 127890.19000000002 0.24038461538461542 2607188.8300000005 682879.50000000012 225878.50000000003 9.5000000000000018 10.500000000000002 425290.00000000006 26.083333333333339 1258.5000000000002 413878.50000000006 426452.82500000001 3890794.0000000005 36.500000000000007 3.5000000000000004 2.5000000000000004 1527.5000000000002
decision_type=2 2 2 2 2 2 2 2 2 2 2 2 2 2 2 2 2 2 2 2 2 2 2 2 2 2 2 2 2 2
left_child=10 2 3 4 -2 11 9 8 -3 -5 14 29 -13 -6 18 16 17 -16 -1 20 22 -22 28 -24 -23 26 -26 -7 -20 -4
right_child=1 7 5 6 13 27 -8 -9 -10 -11 -12 12 -14 -15 15 -17 -18 -19 19 -21 21 24 23 -25 25 -27 -28 -29 -30 -31
leaf_value=2.4438427313136504e-05 0.0035670841401869604 -0.0030814738582506163 0.0027215758272260242 -0.0055189170317981656 -0.018203029680467189 7.2221189582250897e-05 -0.0036536752131218989 -0.0098783719777952653 0.00018387866129505604 -0.014432706319287593 -0.001226942971178451 -0.006377316422190419 0.00058993201163726184 0.018351864893268646 -0.001236102582291454 -0.0069933378330543812 0.0019193815642730373 -0.0052953202703943615 -0.032298738376940049 -0.0025218091148775934 -0.0017721597065680655 -0.00015494952198929137 0.0032518838721752319 0.0081401541696334515 0.0043769144096107073 0.00057675298259978196 3.3730123085968932e-05 -0.0049702263902548244 0.0011507743757406593 -0.006891596825684256
leaf_weight=78915 4188 1471 6811 1082 712 34701 2971 7610 7956 1489 16215 753 6098 101 4762 3398 6169 2057 594 6032 5323 10213 19843 1513 7830 11636 2886 1416 949 223
leaf_count=78915 4188 1471 6811 1082 712 34701 2971 7610 7956 1489 16215 753 6098 101 4762 3398 6169 2057 594 6032 5323 10213 19843 1513 7830 11636 2886 1416 949 223
internal_value=0 -0.00172853 9.28924e-05 -0.00826612 0.00486594 0.0018554 -0.0201163 -0.0082014 -0.00253906 -0.0320186 0.000854829 0.00784977 0.00111472 -0.0245249 0.00144447 -0.00422357 -0.00106707 -0.0106179 0.00208177 0.00432997 0.00557805 0.00232328 0.0109633 0.0126139 0.00455984 0.00764471 0.0140401 -0.000449101 -0.0118824 0.0144096
internal_weight=0 77582 60545 10543 5001 50002 5542 17037 9427 2571 178335 13885 6851 813 162120 16386 12988 6819 145734 66819 60787 37888 22899 21356 32565 22352 10716 36117 1543 7034
internal_count=255917 77582 60545 10543 5001 50002 5542 17037 9427 2571 178335 13885 6851 813 162120 16386 12988 6819 145734 66819 60787 37888 22899 21356 32565 22352 10716 36117 1543 7034
is_linear=0
shrinkage=0.1


Tree=108
num_leaves=31
num_cat=0
split_feature=4 4 0 4 20 13 20 134 13 4 124 137 93 4 123 4 13 62 134 20 0 20 97 1 123 0 0 94 137 105
split_gain=34.1289 265.263 151.487 128.426 62.913 57.7445 55.6964 65.9962 103.293 61.3848 53.7828 52.3034 55.7592 52.0793 58.8166 50.5518 89.6015 68.4607 61.9156 66.0771 75.1809 68.0131 58.823 75.8045 103.702 68.168 113.984 102.188 100.024 75.0762
threshold=107145.25000000001 134832.34500000003 644526.50000000012 75140.285000000018 10.500000000000002 639739.00000000012 1.0000000180025095e-35 55660.500000000007 321939.00000000006 65220.635000000002 4.5000000000000009 55046.500000000007 60.500000000000007 121264.98000000003 369565.00000000006 402040.90000000008 2670098.5000000005 3556656.0000000005 13195734.500000002 44.500000000000007 2759147.5000000005 43.500000000000007 1.0000000180025095e-35 508167.50000000006 193293.50000000003 1286186.0000000002 1669367.5000000002 1431.589285714286 82233.000000000015 31912.500000000004
decision_type=2 2 2 2 2 2 2 2 2 2 2 2 2 2 2 2 2 2 2 2 2 2 2 2 2 2 2 2 2 2
left_child=3 2 4 6 13 -5 -1 -8 10 -10 11 12 -9 -2 -15 16 18 -18 19 21 -21 22 23 24 -3 -25 28 29 -27 -28
right_child=1 15 -4 5 -6 -7 7 8 9 -11 -12 -13 -14 14 -16 -17 17 -19 -20 20 -22 -23 -24 25 -26 26 27 -29 -30 -31
leaf_value=0.0074759714205143712 0.0083335527603346279 -0.00059048301098242335 -0.00032772505979254967 -0.0037051763136015659 0.011815714118002663 0.0053190577834150606 0.0011174066493097518 0.0020276470495488308 0.0016868524042979339 -0.0032050279161840002 -0.0056277101901222324 -0.0061639957656159268 -0.0121934279172306 0.001151905430489797 -0.017077158420076264 0.00025644845281898033 -0.0020066335493824747 1.3350088371556771e-05 -0.025746316701553831 0.0049982773600074741 -0.0063165319579073691 -0.011594536311103206 0.0072036117064314094 0.00098005460110477029 -0.0029857919228085117 -0.0014323147337931743 0.00041399122756934049 -0.0050155131696429014 0.00039209101957245814 -0.0041066101416926508
leaf_weight=631 2336 18437 3192 10669 4066 429 24145 3399 3848 585 5354 964 507 1395 93 118781 2365 1358 711 2196 554 551 1683 12627 4804 5709 19366 1823 2789 550
leaf_count=631 2336 18437 3192 10669 4066 429 24145 3399 3848 585 5354 964 507 1395 93 118781 2365 1358 711 2196 554 551 1683 12627 4804 5709 19366 1823 2789 550
internal_value=0 0.000665424 0.0157136 -0.00223557 0.0231502 -0.0117384 0.000438919 -4.03412e-05 -0.0053336 0.00741536 -0.0108614 -0.00325663 0.00189178 0.0139424 -0.000679695 -0.000192841 -0.00221568 -0.017342 -0.00143134 -0.00113767 0.0140605 -0.00174925 -0.00146483 -0.00193486 -0.0065337 0.000558656 -0.00201841 0.00182036 -0.0118385 0.00389467
internal_weight=0 205386 11082 50531 7890 11098 39433 38802 14657 4433 10224 4870 3906 3824 1488 194304 75523 3723 71800 71089 2750 68339 67788 66105 23241 42864 30237 21739 8498 19916
internal_count=255917 205386 11082 50531 7890 11098 39433 38802 14657 4433 10224 4870 3906 3824 1488 194304 75523 3723 71800 71089 2750 68339 67788 66105 23241 42864 30237 21739 8498 19916
is_linear=0
shrinkage=0.1


Tree=109
num_leaves=31
num_cat=0
split_feature=7 138 64 94 136 64 0 63 62 3 3 137 134 138 63 92 4 136 0 123 0 20 20 94 134 138 2 105 20 134
split_gain=33.1868 54.3637 73.7786 60.383 56.2905 54.0838 68.909 78.6359 58.1674 84.5694 65.3099 57.0136 56.0259 54.644 49.1663 47.9863 48.8903 46.2966 47.347 103.939 103.596 70.2601 86.1905 66.4036 80.2141 77.9983 77.0708 66.3027 65.2199 59.7261
threshold=4.5000000000000009 10.500000000000002 15.317120318595597 4416.0555555555566 1.5000000000000002 1.2578601391423219 373133.00000000006 3.0320156566450707 181603.50000000003 63814.865000000013 693842.18000000005 212614.50000000003 160031.50000000003 28.500000000000004 3.0792308445901568 31996.687500000004 599637.11500000011 1.5000000000000002 1185121.5000000002 485448.50000000006 1786674.0000000002 2.5000000000000004 23.500000000000004 399.24437500000005 2671080.5000000005 5.5000000000000009 392329.03000000003 13623.500000000002 1.0000000180025095e-35 1537701.5000000002
decision_type=2 2 2 2 2 2 2 2 2 2 2 2 2 2 2 2 2 2 2 2 2 2 2 2 2 2 2 2 2 2
left_child=1 2 14 5 -5 8 -7 -8 9 -3 11 -10 -13 -12 17 -4 -17 18 19 27 21 -20 -23 25 -25 26 29 28 -1 -22
right_child=-2 3 15 4 -6 6 7 -9 10 -11 13 12 -14 -15 -16 16 -18 -19 20 -21 23 22 -24 24 -26 -27 -28 -29 -30 -31
leaf_value=0.006018501358630246 0.00059051134274429903 0.0048811286401271303 0.0012857342226047952 -0.014448466816202477 -0.0009096572327795372 0.0036773433562045988 -0.0030521578368191138 -0.00013229824564885378 0.00056891636307737907 -0.0042472256952590607 -0.001460958803142487 0.0015662877761490352 0.0055661680100033461 0.01000145910180994 -0.001645824671456575 -0.0007295060707623092 0.013160716141864813 0.0016372158965167749 -0.0032715493987796151 0.0017652200514986173 0.00071313170001660055 -0.00013869848241704198 -0.0035318905157693532 -0.00065903983190527876 -0.017483220742022843 -0.001510297863285752 0.00016844911298611386 0.0067087977515741526 -0.00020743531610629696 0.0049084297228179103
leaf_weight=1249 44793 2239 13692 2486 3006 2852 18117 22923 5247 4617 6555 2301 1372 535 4159 191 306 10808 2066 7420 2568 4931 1432 2996 748 3324 17621 1519 63178 666
leaf_count=1249 44793 2239 13692 2486 3006 2852 18117 22923 5247 4617 6555 2301 1372 535 4159 191 306 10808 2066 7420 2568 4931 1432 2996 748 3324 17621 1519 63178 666
internal_value=0 -0.000460696 0.000696732 -0.00268542 -0.0127646 -0.00185624 -0.00391064 -0.00495515 0.00208724 -0.00562011 0.00538778 0.011082 0.0206375 -0.00177619 -8.0809e-05 0.00752933 0.0380531 0.000288067 -0.000327064 0.00113519 -0.00327821 -0.0129945 -0.00779215 -0.000345189 -0.0127379 0.00157376 0.00384127 -0.000127362 -0.000614236 0.0180314
internal_weight=0 211124 138874 72250 5492 66758 43892 41040 22866 6856 16010 8920 3673 7090 124685 14189 497 120526 109718 73366 36352 8429 6363 27923 3744 24179 20855 65946 64427 3234
internal_count=255917 211124 138874 72250 5492 66758 43892 41040 22866 6856 16010 8920 3673 7090 124685 14189 497 120526 109718 73366 36352 8429 6363 27923 3744 24179 20855 65946 64427 3234
is_linear=0
shrinkage=0.1


Tree=110
num_leaves=31
num_cat=0
split_feature=124 92 94 140 21 20 128 123 96 4 1 94 0 93 26 75 66 75 4 4 0 20 2 92 21 106 92 20 138 76
split_gain=34.4061 62.665 44.9884 40.111 52.2803 46.6882 63.295 64.6977 63.4487 59.8329 56.0887 55.5033 106.16 64.0856 70.3545 59.2308 51.9044 48.3274 44.8694 92.6346 82.3085 94.158 91.0722 87.903 62.8049 62.916 56.8223 67.376 56.1318 78.2376
threshold=16.500000000000004 4681.6923076923085 1036.2500000000002 0.3172619047619048 5.5000000000000009 6.5000000000000009 0.13809523809523813 1698.5000000000002 277897.00000000006 65220.635000000002 926536.00000000012 6876.7000000000007 2552820.5000000005 1.5000000000000002 322266.00000000006 2.5000000000000004 96651.000000000015 124.50000000000001 580736.21000000008 1391861.0850000002 27406440.000000004 39.500000000000007 815824.19500000018 119233.50000000001 6.5000000000000009 8.5000000000000018 18739.531250000004 9.5000000000000018 24.500000000000004 6.5000000000000009
decision_type=2 2 2 2 2 2 2 2 2 2 2 2 2 2 2 2 2 2 2 2 2 2 2 2 2 2 2 2 2 2
left_child=3 2 -2 5 -5 6 8 -8 11 -9 -11 13 15 -1 -15 -13 -16 -17 20 26 21 22 23 28 -23 -26 -20 -28 29 -7
right_child=1 -3 -4 4 -6 18 7 9 -10 10 -12 12 -14 14 16 17 -18 -19 19 -21 -22 24 -24 -25 25 -27 27 -29 -30 -31
leaf_value=-3.7062417780493277e-05 -0.00058221416243626968 -0.0076611570235607246 0.0039249994993160401 -0.01298890954239118 -0.00059403722271080819 0.0005581834851579704 0.0037510654391365696 0.0031408898149932309 -0.0077513978156665934 -0.015957253153309425 -0.0024098167371494508 0.0021797857209551255 -0.011388864567399211 0.0044340544597000235 -0.0062941094966273321 -0.016731161097721246 0.0016880326091797571 0.001032542544341296 0.0020919429396682068 -0.00016303726607209691 -0.03627938631030516 -0.0040289670023319199 -0.0017142140031841634 -0.017871933908621834 0.003736152336397458 -0.017281205844724434 0.012052797162580297 0.0039236436812837725 -0.0018775180693424171 -0.0012933527867581981
leaf_weight=75560 15778 2713 1383 330 29944 41452 1241 614 529 1625 828 2365 1406 5298 785 434 567 318 20945 17964 800 894 5631 365 9406 182 480 1874 5004 9202
leaf_count=75560 15778 2713 1383 330 29944 41452 1241 614 529 1625 828 2365 1406 5298 785 434 567 318 20945 17964 800 894 5631 365 9406 182 480 1874 5004 9202
internal_value=0 -0.00391516 -0.00168249 0.000417251 -0.00298128 0.000917264 -0.0007649 -0.0125976 -0.000180738 -0.0203929 -0.0273808 2.98508e-05 -0.010755 0.000623211 0.0100346 -0.000465609 -0.0103266 -0.0249119 0.0022661 0.00490143 0.000775184 0.00112895 -0.000360731 0.000857759 0.00989111 0.0122547 0.00906186 0.0237927 0.00117853 0.00217668
internal_weight=0 19874 17161 236043 30274 205769 91570 4308 87262 3067 2453 86733 4523 82210 6650 3117 1352 752 114199 41263 72936 72136 61654 56023 10482 9588 23299 2354 55658 50654
internal_count=255917 19874 17161 236043 30274 205769 91570 4308 87262 3067 2453 86733 4523 82210 6650 3117 1352 752 114199 41263 72936 72136 61654 56023 10482 9588 23299 2354 55658 50654
is_linear=0
shrinkage=0.1


Tree=111
num_leaves=31
num_cat=0
split_feature=1 90 66 123 20 75 105 0 4 123 4 0 13 20 0 2 62 123 142 2 148 76 4 4 134 4 2 20 20 62
split_gain=33.279 39.1201 38.827 57.4197 48.0568 39.7262 38.882 55.1377 48.2794 36.8847 61.5415 73.0591 49.4833 59.4438 47.8907 81.399 49.3928 44.6674 43.8814 36.5145 35.1784 34.0408 33.4824 211.506 139.984 115.359 76.5559 57.1568 66.2151 56.0154
threshold=96602094.000000015 21.620879692706229 145336.00000000003 414009.50000000006 16.500000000000004 672275.50000000012 228905.50000000003 1321586.0000000002 508711.29500000004 4945239.5000000009 2692616.7650000006 5649471.0000000009 5023595.5000000009 27.500000000000004 7263892.0000000009 1574921.3600000003 5510815.0000000009 4000298.0000000005 0.38392857142857145 1829128.6800000004 1597280.5000000002 8.5000000000000018 107145.25000000001 134832.34500000003 245355.00000000003 90479.920000000013 331300.11000000004 2.5000000000000004 1.5000000000000002 263754.50000000006
decision_type=2 2 2 2 2 2 2 2 2 2 2 2 2 2 2 2 2 2 2 2 2 2 2 2 2 2 2 2 2 2
left_child=1 2 5 4 -4 6 9 -8 -9 17 11 12 -11 -14 15 -13 -16 18 22 -19 21 -3 25 24 26 29 -24 28 -26 -1
right_child=-2 20 3 -5 -6 -7 7 8 -10 10 -12 14 13 -15 16 -17 -18 19 -20 -21 -22 -23 23 -25 27 -27 -28 -29 -30 -31
leaf_value=-0.0006008715401603971 -0.0096401601078294433 0.004642911379898829 0.0010027604484986149 -0.010303220996001727 -0.013680933195861745 -0.011485688763688828 0.0081565415297299992 -0.0040952145996181969 0.0085286772871330917 0.0045463674581520492 -0.008221972543631972 0.0089257043380933949 0.00012010090968752854 -0.0051553335338309133 -0.0015379452421982577 -0.0038759862164201722 0.0065004836772366795 0.00094844428574290601 -0.0015184892748653393 -0.01140190694493899 -0.018847951114039231 -0.0026879372604264652 0.0060110487009492845 6.0666521236596438e-06 0.011803391169173861 -0.0060823421662963735 -0.0041286774312841576 -0.00034400928380700388 -0.01567929125459281 0.0015244591729156821
leaf_weight=35998 998 5326 2511 1841 454 894 710 457 370 105 1944 441 242 296 756 246 4179 565 6360 1903 369 1145 8128 165089 55 4706 377 1598 235 7619
leaf_count=35998 998 5326 2511 1841 454 894 710 457 370 105 1944 441 242 296 756 246 4179 565 6360 1903 369 1145 8128 165089 55 4706 377 1598 235 7619
internal_value=0 0.000175077 -3.06222e-05 -0.00893138 -0.000318403 0.000145217 0.000222827 0.0160774 -0.00147201 0.000121646 0.00670955 0.0115327 -0.0203986 -0.032654 0.0151847 0.0399216 0.0117411 -0.000110824 3.26633e-05 -0.0134924 0.00763554 0.00934806 0.000265427 0.000907277 0.014744 -0.00206541 0.0202121 -0.00988828 -0.0507317 -0.000460521
internal_weight=0 254919 248079 4806 2965 243273 242379 1537 827 240842 8209 6265 643 538 5622 687 4935 232633 230165 2468 6840 6471 223805 175482 10393 48323 8505 1888 290 43617
internal_count=255917 254919 248079 4806 2965 243273 242379 1537 827 240842 8209 6265 643 538 5622 687 4935 232633 230165 2468 6840 6471 223805 175482 10393 48323 8505 1888 290 43617
is_linear=0
shrinkage=0.1


Tree=112
num_leaves=31
num_cat=0
split_feature=92 62 124 53 76 4 7 138 64 63 2 137 0 0 20 3 4 123 92 4 28 20 67 134 20 94 20 64 3 123
split_gain=31.8825 71.7765 85.7915 68.8697 45.4179 44.4637 39.06 46.0317 73.6099 79.476 50.2941 48.8689 49.7695 124.178 44.7361 42.3219 57.5837 98.2262 41.6264 85.8649 51.0803 43.4452 42.555 42.0701 88.6407 76.4852 76.1049 94.0917 62.6754 59.4671
threshold=110422.00000000001 175748.50000000003 23.500000000000004 0.13152791165052238 9.5000000000000018 275012.62000000005 4.5000000000000009 16.500000000000004 0.49333549511029168 1.2802962360934593 38991.930000000008 4668933.0000000009 11006397.000000002 9443789.0000000019 13.500000000000002 5431278.2150000008 1935834.0750000002 169480.00000000003 10587.214285714288 180836.61500000002 1.0000000180025095e-35 18.500000000000004 12.500000000000002 452476.50000000006 9.5000000000000018 9695.771493212671 23.500000000000004 0.26534589025913125 65889.805000000008 4945445.5000000009
decision_type=2 2 2 2 2 2 2 2 2 2 2 2 2 2 2 2 2 2 2 2 2 2 2 2 2 2 2 2 2 2
left_child=6 4 3 -3 -2 -5 7 11 9 10 -9 12 13 15 -11 16 18 -18 23 21 -21 22 -20 -1 25 28 27 -26 -25 -28
right_child=1 2 -4 5 -6 -7 -8 8 -10 14 -12 -13 -14 -15 -16 -17 17 -19 19 20 -22 -23 -24 24 26 -27 29 -29 -30 -31
leaf_value=-0.0001378750561071858 -0.00079980280055409855 0.014250715772105627 -0.028903183745409546 -0.017070335617217072 -0.0073741532986562781 0.0018818013896238961 0.00066864777688112797 0.016757978604455295 -0.0022244579697683121 0.0067839566784266394 -0.0057995156826109121 -0.010825993655931633 0.0027213861657796158 -0.0052323469947406888 0.00054830601595056729 0.049035075029516206 0.0035424380697351601 -0.0081467085755080777 0.0017367989550059583 0.0055192841119285317 -0.0060702444812465346 -0.01502471144348768 -0.033250985919535313 -0.017801690171155595 0.006504401124268689 -0.0088422243812838648 -0.00031505981366666271 0.0015428470312116233 0.0001293044909555386 0.0071484178622599958
leaf_weight=109005 498 258 875 213 859 2747 42195 254 18476 1571 2057 3566 16385 2576 1421 105 740 2144 1521 3981 166 338 189 129 1452 1165 5428 6106 29275 222
leaf_count=109005 498 258 875 213 859 2747 42195 254 18476 1571 2057 3566 16385 2576 1421 105 740 2144 1521 3981 166 338 189 129 1452 1165 5428 6106 29275 222
internal_value=0 -0.00748204 -0.000874168 0.00667523 -0.0274128 0.00235621 0.000249249 -0.000312841 -0.00445385 0.00593134 -0.00799824 0.000220887 0.000449376 -7.40008e-05 0.0166904 0.000272452 0.000231281 -0.0137726 0.000485325 0.00852119 0.0167946 -0.00823168 -0.00175629 0.000159487 0.00277798 -0.000179841 0.00962364 0.0161867 0.000815811 0.000844195
internal_weight=0 5450 4093 3218 1357 2960 250467 208272 23779 5303 2311 184493 180927 164542 2992 161966 161861 2884 158977 6195 4147 2048 1710 152782 43777 30569 13208 7558 29404 5650
internal_count=255917 5450 4093 3218 1357 2960 250467 208272 23779 5303 2311 184493 180927 164542 2992 161966 161861 2884 158977 6195 4147 2048 1710 152782 43777 30569 13208 7558 29404 5650
is_linear=0
shrinkage=0.1


Tree=113
num_leaves=31
num_cat=0
split_feature=0 0 0 0 137 62 62 137 3 0 4 3 26 94 26 92 85 3 4 4 4 0 87 148 75 146 93 123 0 20
split_gain=32.2463 77.6911 126.227 92.7325 65.8486 93.628 65.414 74.1964 72.0498 70.7318 56.3079 49.9737 47.6975 48.732 47.5497 51.3847 48.2237 45.4012 44.9006 200.14 92.1038 68.2582 66.0877 71.7954 65.6272 65.1622 62.8667 64.7483 132.772 66.2682
threshold=32642383.000000004 13512798.500000002 15910273.500000002 7620064.0000000009 2498349.5000000005 3793663.0000000005 7156584.5000000009 3873756.0000000005 1029061.7400000001 11006397.000000002 524870.995 1309335.6600000004 3051811.5000000005 674.02777777777794 550880.50000000012 718242.17857142875 7.5000000000000009 24667.455000000005 107145.25000000001 123702.765 90479.920000000013 644526.50000000012 1.0000000180025095e-35 60477.000000000007 25245.500000000004 240244.50000000003 94739.000000000015 207591.50000000003 271121.00000000006 6.5000000000000009
decision_type=2 2 2 2 2 2 2 2 2 2 2 2 2 2 2 2 2 2 2 2 2 2 2 2 2 2 2 2 2 2
left_child=1 3 -3 4 12 11 8 9 -5 -8 -2 -6 14 -14 15 17 -16 -1 20 21 26 -20 24 25 -21 -24 27 28 -19 -30
right_child=10 2 -4 6 5 -7 7 -9 -10 -11 -12 -13 13 -15 16 -17 -18 18 19 22 -22 -23 23 -25 -26 -27 -28 -29 29 -31
leaf_value=0.0053010271061105126 -0.038745231922225988 0.012108367201212156 0.00082356660460871647 -0.00053371315071073513 0.0028209562691266679 0.0094942827392877627 -0.0050461472108023434 0.015880229669265635 -0.013245853234458239 0.0016268026040616057 -0.0020716867797300645 -0.0096894445918666479 0.0059913942387089993 -0.0084692331420068469 -0.0024759529112041937 -0.039684532899812199 0.016355286261801438 0.00047424795278092627 0.0088646686733123928 -3.0510524828690697e-05 -0.0056088922960644497 -0.00016405073933457992 0.0037167710366675048 -0.001197215191848998 -0.005148844038323646 0.014712152711439191 0.010056174211707014 0.00097856907604503278 -0.0079850535286156935 -0.0016371140839885668
leaf_weight=4266 793 5057 12887 7892 4587 2070 1101 1203 7856 2130 8198 1875 807 177 4929 622 160 15239 5358 133049 4771 1448 4354 2713 1691 356 534 11380 2735 5679
leaf_count=4266 793 5057 12887 7892 4587 2070 1101 1203 7856 2130 8198 1875 807 177 4929 622 160 15239 5358 133049 4771 1448 4354 2713 1691 356 534 11380 2735 5679
internal_value=0 0.000285054 0.00662146 -0.000211494 0.000414157 0.00901792 -0.00668439 0.00404483 -0.0097053 -0.00384845 -0.00581174 0.00308895 4.76121e-05 0.0220101 -6.08314e-05 0.000189223 -0.00960286 0.000281432 5.1532e-05 0.000852937 -0.00290807 0.0176049 5.0941e-05 0.00923693 -0.000455127 0.0167009 -0.00115797 -0.00167703 -0.00465901 -0.0147419
internal_weight=0 246926 17944 228982 208800 8532 20182 4434 15748 3231 8991 6462 200268 984 199284 194195 5089 193573 189307 148969 40338 6806 142163 7423 134740 4710 35567 35033 23653 8414
internal_count=255917 246926 17944 228982 208800 8532 20182 4434 15748 3231 8991 6462 200268 984 199284 194195 5089 193573 189307 148969 40338 6806 142163 7423 134740 4710 35567 35033 23653 8414
is_linear=0
shrinkage=0.1


Tree=114
num_leaves=31
num_cat=0
split_feature=29 20 137 62 0 4 2 1 134 76 92 0 0 0 134 94 137 0 0 90 29 20 22 4 2 20 13 5 62 20
split_gain=31.1173 48.0038 31.4849 74.9684 80.086 39.1893 99.6443 73.5666 67.8748 68.8493 110.426 65.0229 147.326 129.663 86.7796 68.1626 64.6642 62.4561 83.3791 61.4158 68.5091 62.8999 69.3598 73.0064 77.4822 60.2558 59.9153 75.982 59.8074 57.6285
threshold=77359.500000000015 26.500000000000004 4910043.5000000009 5404455.0000000009 9443789.0000000019 580736.21000000008 1028250.1150000001 27262820.000000004 11392.500000000002 8.5000000000000018 54459.450000000004 13512798.500000002 15910273.500000002 6761950.0000000009 34054.000000000007 539195.00000000012 2963820.0000000005 11006397.000000002 10446023.500000002 0.033404446811554633 6.5000000000000009 37.500000000000007 3.5000000000000004 1355864.4000000001 1441399.5150000004 7.5000000000000009 129241.00000000001 7.5000000000000009 5002993.5000000009 17.500000000000004
decision_type=2 2 2 2 2 2 2 2 2 2 2 2 2 2 2 2 2 2 2 2 2 2 2 2 2 2 2 2 2 2
left_child=2 -2 5 -4 -5 6 7 8 -1 -10 -11 13 -13 14 16 26 19 18 -15 20 21 22 23 24 -7 -22 27 -16 -28 -25
right_child=1 -3 3 4 -6 11 -8 -9 9 10 -12 12 -14 17 15 -17 -18 -19 -20 -21 25 -23 -24 29 -26 -27 28 -29 -30 -31
leaf_value=0.00056135270108323974 -0.0075731035664405866 0.014575965483321874 -0.041948891957528156 0.01131156154634181 -0.0037743613468541161 -0.0030137549743894918 -0.0047927333058616767 -0.021983256059940937 -0.00011468298361765682 -0.0023049528444958863 -0.010712372120034369 0.014880394956455545 0.0018514639626880493 -0.0027025722402445277 -0.00068780796121849935 -0.035152978519743396 0.010137648301381886 0.00087428171057126749 -0.0081149322438681896 0.0086998487612854336 -0.0063876361390541635 -0.0017019608737755033 0.00065152621977982914 0.0044717210719311395 -0.010625406742700499 0.0057319483854025898 0.0010780144393518381 0.01283995460816331 0.0064073227231820924 -0.0048122376497878646
leaf_weight=52239 1756 462 2460 623 4889 1228 3163 1204 96989 4902 677 3692 15239 10682 567 655 761 5106 1431 998 428 5584 10529 239 637 135 26559 995 1000 88
leaf_count=52239 1756 462 2460 623 4889 1228 3163 1204 96989 4902 677 3692 15239 10682 567 655 761 5106 1431 998 428 5584 10529 239 637 135 26559 995 1000 88
internal_value=0 -0.011729 0.000167255 -0.00601767 0.000460739 0.000367909 -0.000563332 -0.000207076 -1.55705e-05 -0.00150991 -0.0123125 0.00208049 0.00726073 0.000630271 0.00318968 0.00664323 -0.00179567 -0.00686157 -0.0107718 -0.00289152 -0.00417027 -0.0031135 0.000770257 -0.015413 -0.0230548 -0.0385294 0.00736079 0.0264135 0.00628091 0.0281708
internal_weight=0 2218 253699 7972 5512 245727 159174 156011 154807 102568 5579 86553 18931 67622 50403 29776 20627 17219 12113 19866 18868 18305 12721 2192 1865 563 29121 1562 27559 327
internal_count=255917 2218 253699 7972 5512 245727 159174 156011 154807 102568 5579 86553 18931 67622 50403 29776 20627 17219 12113 19866 18868 18305 12721 2192 1865 563 29121 1562 27559 327
is_linear=0
shrinkage=0.1


Tree=115
num_leaves=31
num_cat=0
split_feature=99 22 3 0 14 66 138 123 123 0 124 4 84 62 0 4 123 4 3 63 2 63 0 134 4 123 3 94 138 6
split_gain=32.0984 30.6886 61.889 82.3461 71.2384 68.2001 59.8205 122.804 54.437 51.7943 66.1511 88.9509 63.5665 62.497 52.0126 85.1185 87.4516 59.3518 50.4464 48.2529 46.4342 44.7053 50.6667 43.8724 43.4255 182.083 83.1819 49.0115 53.5214 43.3708
threshold=1.0000000180025095e-35 4.5000000000000009 43932.250000000007 852529.50000000012 2.5000000000000004 7015.5000000000009 17.500000000000004 230466.00000000003 179975.50000000003 3296860.0000000005 10.500000000000002 776294.44000000006 794511.00000000012 1842061.5000000002 3793274.0000000005 443610.72500000003 1526333.0000000002 333369.84000000003 585354.0900000002 11.512152389493368 7345893.0250000004 3038.2916901673252 48555779.000000007 570809.50000000012 411601.66000000009 1583419.0000000002 628735.755 10901.728070175441 6.5000000000000009 30.083333333333339
decision_type=2 2 2 2 2 2 2 2 2 2 2 2 2 2 2 2 2 2 2 2 2 2 2 2 2 2 2 2 2 2
left_child=1 2 3 -1 5 6 -4 -8 -7 12 14 -12 13 20 15 16 17 -11 -10 -16 -3 22 -21 -13 25 -15 -26 28 -28 -23
right_child=-2 9 4 -5 -6 8 7 -9 18 10 11 23 -14 24 19 -17 -18 -19 -20 21 -22 29 -24 -25 26 -27 27 -29 -30 -31
leaf_value=0.0038606917900946506 0.018383940802546794 0.00029423765093879173 -0.00012920499821562168 -0.0034977606324035019 -0.0077234744562677234 -0.0006445207411711236 -0.0092511014060558949 0.0027336630582057595 -0.0089847300777832952 0.0005431299328146602 -0.0025460220899489721 0.00066695123936472524 0.015829571008546494 0.0028090765852247452 -5.3271144804234452e-05 0.0017756121877878215 -0.0039173609003070103 -0.0075093204270922564 -0.00045370951561643654 0.0037695816933487449 0.084022760728192161 0.0014730412322934594 -0.0032616734370645162 -0.0023737462307005575 0.01015275384367318 -0.0009813212481948959 -0.003650279304114816 0.010383282739667108 0.0035556723054800464 -0.00041799761003477598
leaf_weight=5408 232 73335 84052 639 1930 666 1427 704 539 859 6832 9149 242 1379 34044 1315 611 290 215 7182 79 739 1312 10555 664 2038 512 380 2498 6090
leaf_count=5408 232 73335 84052 639 1930 666 1427 704 539 859 6832 9149 242 1379 34044 1315 611 290 215 7182 79 739 1312 10555 664 2038 512 380 2498 6090
internal_value=0 2.07356e-05 -0.0013972 0.0083942 -0.0020585 -0.00163982 -0.00128167 -0.0178278 -0.0233768 0.000867217 -0.000955705 -0.00502423 0.00264185 0.00248874 0.001103 -0.0115156 -0.0258968 -0.00964176 -0.0417784 0.00188899 0.001602 0.00654905 0.0113922 -0.00161502 0.0112023 0.00289801 0.0182017 0.0118622 0.00758996 0.000525046
internal_weight=0 255685 95580 6047 89533 87603 86183 2131 1420 160105 78978 26536 81127 80885 52442 3075 1760 1149 754 49367 73414 15323 8494 19704 7471 3417 4054 3390 3010 6829
internal_count=255917 255685 95580 6047 89533 87603 86183 2131 1420 160105 78978 26536 81127 80885 52442 3075 1760 1149 754 49367 73414 15323 8494 19704 7471 3417 4054 3390 3010 6829
is_linear=0
shrinkage=0.1


Tree=116
num_leaves=31
num_cat=0
split_feature=29 127 127 127 4 20 13 2 123 20 21 93 5 124 20 124 20 2 5 4 2 92 20 4 129 0 123 123 20 3
split_gain=30.6982 30.0755 50.1543 65.0075 68.841 97.4218 51.0681 40.5715 40.4906 39.0763 38.9862 37.0286 42.5659 36.744 36.7418 36.0084 40.7697 41.924 40.7111 35.4684 38.4625 34.0356 33.6237 32.039 30.3245 32.0466 83.0894 55.4628 74.5509 66.7943
threshold=1600212.5000000002 0.11805555555555557 0.8047619047619049 0.78174603174603186 1058898.5700000001 2.5000000000000004 33.500000000000007 1096210.9450000001 28732.000000000004 14.500000000000002 3.5000000000000004 1.5000000000000002 3.5000000000000004 1.0000000180025095e-35 24.500000000000004 16.500000000000004 44.500000000000007 226537.70000000004 2.5000000000000004 378266.18500000006 704238.80500000005 0.00074839857225000752 19.500000000000004 55641.895000000004 0.17914438502673799 309844.00000000006 283936.00000000006 674.50000000000011 25.500000000000004 72033.415000000023
decision_type=2 2 2 2 2 2 2 2 2 2 2 2 2 2 2 2 2 2 2 2 2 2 2 2 2 2 2 2 2 2
left_child=1 24 3 8 7 -6 14 9 10 23 -3 12 22 -8 -4 16 17 -12 -18 20 -19 -17 -10 -5 25 26 27 -1 29 -29
right_child=-2 2 6 4 5 -7 13 -9 11 -11 15 -13 -14 -15 -16 21 18 19 -20 -21 -22 -23 -24 -25 -26 -27 -28 28 -30 -31
leaf_value=0.0056538141972771521 -0.029861210971536337 -0.019451873713676841 0.0076919733186177541 0.0047783102685716727 -0.011547766306354144 0.00037491380630321207 0.0025290031093661569 0.0049016661181262499 0.010940947085438671 0.004263114215475961 0.0036043451296830179 -0.0038684789511099884 -0.00043711963668593501 5.4786799441682023e-05 -0.015949474413911799 6.6524449147674255e-05 0.019829715385718111 -0.00074933447482264338 0.0044492723852245786 0.0013730083695545877 -0.01142118749678141 -0.0071993080758591789 -0.022510140167731167 -0.0039260365036547949 -0.0058005558879608565 0.00012340360403242378 0.021612225549539545 0.0036738733772720524 0.0033528857495367607 -0.0063033586120438967
leaf_weight=10757 304 239 891 226 234 165 1237 254 39 286 4789 2697 42355 60822 41 736 218 6268 776 4558 300 580 256 3254 1278 105810 577 1237 1938 2795
leaf_count=10757 304 239 891 226 234 165 1237 254 39 286 4789 2697 42355 60822 41 736 218 6268 776 4558 300 580 256 3254 1278 105810 577 1237 1938 2795
internal_value=0 0.000107827 -0.000948284 -0.00282675 -0.0145563 -0.0541739 0.00108642 -0.0106241 -0.00201447 -0.0132331 0.0019332 -0.00362185 -0.00290326 0.000737486 0.0243208 0.00245941 0.00369945 0.00247229 0.0233475 -0.000894999 -0.00559851 -0.0134737 -0.0407574 -0.0161532 0.00122192 0.001381 0.00537058 0.00408358 -0.0036459 -0.0113933
internal_weight=0 255613 131221 68230 4419 399 62991 4020 63811 3766 18464 45347 42650 62059 932 18225 16909 15915 994 11126 6568 1316 295 3480 124392 123114 17304 16727 5970 4032
internal_count=255917 255613 131221 68230 4419 399 62991 4020 63811 3766 18464 45347 42650 62059 932 18225 16909 15915 994 11126 6568 1316 295 3480 124392 123114 17304 16727 5970 4032
is_linear=0
shrinkage=0.1


Tree=117
num_leaves=31
num_cat=0
split_feature=127 134 134 6 137 2 0 62 3 4 18 22 62 148 0 62 137 0 65 137 21 6 148 62 66 13 66 62 1 4
split_gain=29.8551 29.5323 31.5152 113.226 54.5623 60.7791 39.7258 102.97 61.6811 55.1054 51.948 51.5845 48.1949 44.24 39.7252 63.4891 58.8317 46.8579 45.7888 42.6026 53.882 38.176 38.0354 37.4927 37.4478 74.5757 101.05 78.528 73.2036 64.1731
threshold=2.7083333333333335 54661514.500000007 5402520.5000000009 84.083333333333357 2344524.5000000005 931653.46000000008 18338713.500000004 12081449.500000002 2516249.6400000001 1797686.0000000002 1.0000000180025095e-35 8.5000000000000018 42.500000000000007 122759.00000000001 9443789.0000000019 5510815.0000000009 78030.000000000015 11006397.000000002 1.0000000180025095e-35 168815.00000000003 9.5000000000000018 37.916666666666679 490366.00000000006 5510815.0000000009 1.5000000000000002 2160.5000000000005 6371.0000000000009 64668.500000000007 4025627.5000000005 721170.78000000014
decision_type=2 2 2 2 2 2 2 2 2 2 2 2 2 2 2 2 2 2 2 2 2 2 2 2 2 2 2 2 2 2
left_child=1 2 6 4 5 21 7 8 11 -10 -11 14 13 -13 15 24 17 -16 -19 -17 -21 -4 -14 -18 -1 -26 28 -28 -27 -30
right_child=-2 -3 3 -5 -6 -7 -8 -9 9 10 -12 12 22 -15 16 19 23 18 -20 20 -22 -23 -24 -25 25 26 27 -29 29 -31
leaf_value=-6.1885767079505595e-05 0.029620940530095577 -0.0082687151522764513 0.0061002911100402277 -0.0023420374471770258 -0.0026827463426907895 0.010357680825526239 -0.0055945870857207151 0.012911191401701405 -0.0023623164243382032 0.0006097171669609214 -0.0059179673271393179 0.0035967934996096935 0.013527839860954705 -0.018512077620978128 -0.0012747129220689547 -0.0014879571765987237 -0.016802109520717281 0.0050247786745332814 -0.00040188507148004594 -0.00071097113772371494 0.0080977199598111869 -0.00082960629492468969 -0.00076159955035624556 -0.0031693164657328413 -0.0068599179101980767 0.0022162743411937693 0.0022475720932011336 -0.0021176188041579364 -0.0019075215230084427 0.0075902300755074092
leaf_weight=177168 41 2414 969 9334 1824 4462 4732 2301 2615 5612 4162 299 954 133 861 537 2713 779 607 589 1275 1890 352 3712 2139 13168 3044 5514 1325 392
leaf_count=177168 41 2414 969 9334 1824 4462 4732 2301 2615 5612 4162 299 954 133 861 537 2713 779 607 589 1275 1890 352 3712 2139 13168 3044 5514 1325 392
internal_value=0 2.59861e-05 0.000130831 0.00410716 0.0120153 0.0158708 -0.000181867 4.53054e-06 -0.000207937 -0.0070695 -0.00361983 0.00018642 0.0173448 -0.011609 4.69525e-05 0.000327191 -0.00658258 0.00734517 0.0187269 0.016493 0.0236427 0.00448804 0.0269222 -0.0114535 0.000135753 0.00371225 0.00534316 -0.00331548 0.0103214 -0.0090994
internal_weight=0 255876 253462 18479 9145 7321 234983 230251 227950 12389 9774 215561 1738 432 213823 205151 8672 2247 1386 2401 1864 2859 1306 6425 202750 25582 23443 8558 14885 1717
internal_count=255917 255876 253462 18479 9145 7321 234983 230251 227950 12389 9774 215561 1738 432 213823 205151 8672 2247 1386 2401 1864 2859 1306 6425 202750 25582 23443 8558 14885 1717
is_linear=0
shrinkage=0.1


Tree=118
num_leaves=31
num_cat=0
split_feature=127 6 134 29 17 126 0 2 4 20 123 4 20 4 3 3 0 4 4 94 93 4 13 65 76 137 53 66 137 117
split_gain=29.8481 29.2169 46.5625 27.6186 26.8661 31.2688 68.3271 131.964 105.648 63.384 59.1256 42.2845 57.4938 40.9255 91.9062 63.2032 37.3144 99.3068 114.391 73.295 55.0288 53.7957 73.6327 59.3755 58.8623 55.8351 55.4617 54.3316 53.6035 51.744
threshold=2.7083333333333335 222.25000000000003 397996.50000000006 1600212.5000000002 3.5000000000000004 0.16025641025641027 644526.50000000012 1500623.53 993579.01000000013 1.0000000180025095e-35 208044.00000000003 713424.55500000005 44.500000000000007 233164.53500000003 161315.37500000003 337105.17000000004 302035.50000000006 186075.84000000003 107145.25000000001 12113.431372549021 7.5000000000000009 432900.95500000013 2670098.5000000005 2.5000000000000004 7.5000000000000009 307210.00000000006 6.0000685190466072 12.500000000000002 1821505.0000000002 0.12916666666666668
decision_type=2 2 2 2 2 2 2 2 2 2 2 2 2 2 2 2 2 2 2 2 2 2 2 2 2 2 2 2 2 2
left_child=1 3 -3 4 5 16 8 -8 9 -7 11 12 13 14 -11 -15 17 18 -1 20 -19 22 23 24 26 27 28 -26 -18 -20
right_child=-2 2 -4 -5 -6 6 7 -9 -10 10 -12 -13 -14 15 -16 -17 21 19 29 -21 -22 -23 -24 -25 25 -27 -28 -29 -30 -31
leaf_value=0.0018488287876615051 0.02665884647708602 0.00043000676969351869 -0.011534785520144576 -0.026868901297674743 -0.00034391416369263753 0.010119776160212788 0.0025565742479802117 -0.0036926528254913383 0.0033626976136676839 -0.0015015650746109889 -0.0062447222295171452 -0.0078937725391058384 0.0099144813468930795 0.0097612820326467686 -0.008515447270593746 -0.0064148661232142513 -1.8169050551297694e-06 -0.0013731763733809761 0.0089259154824351539 0.0085730147143806626 0.0079422360525148814 0.00055601592660709019 -0.00072566490983373699 0.0070430617804078111 -0.0031999923426572806 0.0034396600866844931 0.0072030340720874858 0.00088737051776180973 -0.0057060527365724971 -0.026476330685330309
leaf_weight=12738 41 1337 1249 304 60866 337 6243 5959 1115 3365 1723 404 407 499 1370 577 58989 9334 4635 836 633 71096 3981 684 4444 657 377 1461 150 106
leaf_count=12738 41 1337 1249 304 60866 337 6243 5959 1115 3365 1723 404 407 499 1370 577 58989 9334 4635 836 633 71096 3981 684 4444 657 377 1461 150 106
internal_value=0 3.59759e-05 -0.0105394 0.000143947 0.000180145 0.000760181 -0.00278752 0.00220622 -0.00900714 -0.0127286 -0.0144456 -0.010152 -0.00811517 -0.01066 -0.0146605 0.00694459 0.00121895 0.00453562 0.00919414 -0.00300177 -0.0053873 0.00055762 -0.00139473 -0.000606911 -0.000910327 -0.00989886 8.07132e-05 -0.0129757 -0.000163019 0.0224545
internal_weight=0 255876 2586 253290 252986 192120 21999 12202 9797 8682 8345 6622 6218 5811 4735 1076 170121 28282 17479 10803 9967 141839 70743 66762 66078 6562 59516 5905 59139 4741
internal_count=255917 255876 2586 253290 252986 192120 21999 12202 9797 8682 8345 6622 6218 5811 4735 1076 170121 28282 17479 10803 9967 141839 70743 66762 66078 6562 59516 5905 59139 4741
is_linear=0
shrinkage=0.1


Tree=119
num_leaves=31
num_cat=0
split_feature=127 92 22 14 138 64 126 3 0 4 2 2 20 20 13 0 2 134 22 13 3 0 94 0 20 62 117 76 13 0
split_gain=29.8503 28.1524 29.6525 62.1163 47.6039 84.1963 49.7177 59.5234 70.8022 54.4625 74.5121 73.0634 72.7041 53.1924 73.6375 100.468 70.4428 73.5741 52.7346 52.229 80.3173 50.8418 85.4057 74.8514 84.7021 116.19 90.6283 95.2423 83.2601 73.2114
threshold=2.7083333333333335 1059229.5000000002 5.5000000000000009 3.5000000000000004 8.5000000000000018 12.814094895190399 0.087121212121212141 943600.84500000009 230.50000000000003 242110.36000000002 108677.10500000003 426822.12500000006 3.5000000000000004 2.5000000000000004 597463.00000000012 53207.500000000007 268010.12000000005 713918.00000000012 3.5000000000000004 219.50000000000003 1002173.3350000001 4283873.0000000009 1186.1145833333337 1251913.0000000002 13.500000000000002 869519.50000000012 0.087121212121212141 10.500000000000002 928324.50000000012 1786674.0000000002
decision_type=2 2 2 2 2 2 2 2 2 2 2 2 2 2 2 2 2 2 2 2 2 2 2 2 2 2 2 2 2 2
left_child=1 2 3 4 5 6 7 21 19 10 -8 -11 -13 -12 15 -15 -16 -18 -14 20 -9 23 -23 24 28 26 27 -26 -1 -25
right_child=-2 -3 -4 -5 -6 -7 9 8 -10 11 13 12 18 14 16 -17 17 -19 -20 -21 -22 22 -24 29 25 -27 -28 -29 -30 -31
leaf_value=7.3718131757782867e-05 0.023992961829377421 -0.029639480925177743 0.00031156329843315958 -0.0098576962346823473 -0.00063028344754617214 0.0017419440292013267 0.0013838257689606781 0.022659186118365648 -0.00077195501611037503 0.0085041688985420423 -0.015595731867687247 0.0022557276220806981 -0.0044903062471474374 -0.00080699323151978142 0.0050084994466161898 -0.0053710178213961964 0.0015963543148868481 -0.011206029231267223 -0.00062996007860510739 -0.0080376246408311921 -0.0041483018690648063 0.0020728025746417789 -0.013772642871459961 -0.0011073110889610169 0.0055761468113877943 -0.0038771870599038911 -0.013758398778350079 -0.016605308734604241 0.0031392914653588957 -2.4545636952457305e-06
leaf_weight=45091 41 918 92101 1210 43685 9320 2113 57 10474 686 636 1704 1437 2421 330 2364 604 135 4908 273 517 5168 337 6656 5618 519 468 592 2099 13435
leaf_count=45091 41 918 92101 1210 43685 9320 2113 57 10474 686 636 1704 1437 2421 330 2364 604 135 4908 273 517 5168 337 6656 5618 519 468 592 2099 13435
internal_value=0 3.28088e-05 9.57493e-05 -0.000715259 -0.000546289 0.000498028 -0.000284473 0.000647732 -0.00613892 -0.00519357 -0.0108411 0.000368576 -0.00230141 -0.0161513 -0.0131673 -0.0184684 0.0105615 -0.00659247 -0.00722665 -0.0339486 -0.0168232 0.00160833 0.0108819 0.000922881 0.00284969 0.012955 0.0164971 0.0196952 0.00130852 -0.00429306
internal_weight=0 255876 254958 162857 161647 117962 108642 91304 11321 17338 8603 8735 8049 6490 5854 4785 1069 739 6345 847 574 79983 5505 74478 54387 7197 6678 6210 47190 20091
internal_count=255917 255876 254958 162857 161647 117962 108642 91304 11321 17338 8603 8735 8049 6490 5854 4785 1069 739 6345 847 574 79983 5505 74478 54387 7197 6678 6210 47190 20091
is_linear=0
shrinkage=0.1


Tree=120
num_leaves=31
num_cat=0
split_feature=127 123 134 4 123 137 138 4 134 20 0 2 4 3 4 1 20 4 17 0 20 137 137 3 20 0 124 124 20 134
split_gain=26.614 38.9733 59.5316 112.382 56.7326 51.7724 51.0501 75.1195 51.3789 46.1599 55.7855 85.5659 73.5545 57.5788 102.897 79.0745 47.6068 43.2077 63.5422 51.8747 43.1468 206.293 87.569 88.224 112.648 78.3237 44.0964 41.6125 41.4024 39.9883
threshold=0.17156862745098042 61393.500000000007 182094.00000000003 799954.81000000017 1008638.5000000001 83052.500000000015 12.500000000000002 1073963.1700000002 4828257.0000000009 14.500000000000002 2022352.0000000002 1096210.9450000001 303541.82000000007 237467.84000000003 316248.35500000004 1571378.0000000002 5.5000000000000009 384193.1750000001 2.5000000000000004 1060586.5000000002 2.5000000000000004 83052.500000000015 16.500000000000004 154283.98500000002 1.5000000000000002 983152.50000000012 11.500000000000002 16.500000000000004 4.5000000000000009 2.5000000000000004
decision_type=2 2 2 2 2 2 2 2 2 2 2 2 2 2 2 2 2 2 2 2 2 2 2 2 2 2 2 2 2 2
left_child=-1 -2 3 4 -3 29 7 9 -9 10 11 13 -12 20 15 -15 17 18 19 -16 21 22 23 24 -4 26 -25 -11 -22 -5
right_child=1 2 6 5 -6 -7 -8 8 -10 27 12 -13 -14 14 16 -17 -18 -19 -20 -21 28 -23 -24 25 -26 -27 -28 -29 -30 -31
leaf_value=0.00019533176186247171 0.00037688804792772036 -0.0012659369500116293 -0.0042787882677152167 -0.006782524080133712 -0.0027111157655372756 -0.00099194471518929692 -0.0017005436502936734 -0.0042471280795043607 0.0039782743256284725 0.0021414891258539209 0.0013339481989386834 0.0046860552404481802 0.00027910531263917966 -0.0043818228072676994 0.00462500773012054 0.0038955273749671643 -0.0039609932239315195 0.0021319460942222897 -0.0089420312832187415 -0.0073291974413784685 0.0014946748389904675 -0.012188521592493751 0.0016304702390149168 0.0008613809762464176 -0.023332008410392614 -0.00179016118131297 0.006622232528228628 -0.019931077592910431 -0.00044516491471132682 0.0032416984430041862
leaf_weight=125273 37522 22810 850 288 4735 4217 11638 5103 1596 5179 4488 938 10797 1789 348 169 831 1513 301 113 4851 339 1266 925 353 1166 223 170 2411 3715
leaf_count=125273 37522 22810 850 288 4735 4217 11638 5103 1596 5179 4488 938 10797 1789 348 169 831 1513 301 113 4851 339 1266 925 353 1166 223 170 2411 3715
internal_value=0 -0.000957242 -0.00205361 -0.00525554 -0.00831774 0.00500581 -5.70433e-05 0.00144816 -0.00833472 0.0031277 0.00175683 -0.00195444 0.00622103 -0.00353618 -0.0125196 -0.0304731 -0.00120185 0.0062806 -0.0131386 0.0101952 0.000137279 -0.00689105 -0.00154822 -0.00966634 -0.0316326 0.00175345 0.0202949 0.0117571 0.00509447 0.0131514
internal_weight=0 130644 93122 35765 27545 8220 57357 45719 6699 39020 33671 18386 15285 17448 5064 1958 3106 2275 762 461 12384 5122 4783 3517 1203 2314 1148 5349 7262 4003
internal_count=255917 130644 93122 35765 27545 8220 57357 45719 6699 39020 33671 18386 15285 17448 5064 1958 3106 2275 762 461 12384 5122 4783 3517 1203 2314 1148 5349 7262 4003
is_linear=0
shrinkage=0.1


Tree=121
num_leaves=31
num_cat=0
split_feature=128 123 20 123 4 1 0 10 94 4 1 3 75 127 127 127 4 20 129 2 0 4 13 4 123 0 123 65 123 20
split_gain=26.8186 44.5798 61.3686 32.4758 29.9213 37.4417 36.9357 38.261 30.1179 33.6192 38.4264 34.5281 27.8398 28.2861 37.0901 62.8274 68.4807 96.692 42.2091 41.8911 38.5359 64.7847 37.6165 42.8126 41.7923 34.7588 80.1786 49.8873 48.0964 48.7975
threshold=0.27922077922077926 974727.50000000012 18.500000000000004 23555.000000000004 49398.410000000011 933546.50000000012 504.50000000000006 1.5000000000000002 25148.500000000004 138306.23500000002 15189.500000000002 214784.59000000003 672275.50000000012 0.29285714285714287 0.8047619047619049 0.78174603174603186 1058898.5700000001 2.5000000000000004 0.07417582417582419 3358879.2350000008 252556.00000000003 974747.06000000017 67.500000000000014 1435564.3400000001 9716.0000000000018 309844.00000000006 266664.00000000006 3.5000000000000004 1104.5000000000002 25.500000000000004
decision_type=2 2 2 2 2 2 2 2 2 2 2 2 2 2 2 2 2 2 2 2 2 2 2 2 2 2 2 2 2 2
left_child=12 2 4 -4 -2 6 7 -6 9 -8 -11 -12 13 25 15 18 -17 -18 -15 -20 21 -16 23 -23 -24 26 27 28 -1 -30
right_child=1 -3 3 -5 5 -7 8 -9 -10 10 11 -13 -14 14 20 16 17 -19 19 -21 -22 22 24 -25 -26 -27 -28 -29 29 -31
leaf_value=0.0058194409097117933 0.010909821569079582 -0.0075389903741658847 0.0095506878062557761 0.00010916065982166102 -0.018513313112342538 0.0014698108270162714 -0.0055318544119205004 0.0087170232979347558 0.0086105075198359051 -0.034236621382937205 -0.014355541033885789 -0.0029328719141283352 -0.0041376433986097137 -0.0004936457681681772 0.0023194828441389427 -0.0021253712746055527 -0.009946141559200837 0.00086769213057922298 0.0015084740411367712 -0.0060880515862290598 -3.035219259428813e-05 0.020485328993894061 -0.0056407707682697948 -0.016459330101912858 0.0091002685720369906 0.00011306892535827927 0.017768381433315807 -0.10380258892307209 -0.0034441092572172097 0.0023320503763054712
leaf_weight=10317 332 774 571 584 78 999 1249 364 59 369 220 630 1374 47452 9940 4019 234 164 10335 1333 51986 55 631 28 202 105229 806 266 3410 1907
leaf_count=10317 332 774 571 584 78 999 1249 364 59 369 220 630 1374 47452 9940 4019 234 164 10335 1333 51986 55 631 28 202 105229 806 266 3410 1907
internal_value=0 -0.0064461 -0.00325946 0.0172059 -0.00875654 -0.0111694 -0.0168041 0.00986506 -0.0214689 -0.0231568 -0.0349709 -0.0232728 0.000196836 0.000275383 -0.000772983 -0.00247672 -0.0139811 -0.0535486 -0.0016172 0.00377126 0.000949598 0.00636856 -0.019079 0.0451195 -0.0254758 0.00136196 0.00559936 0.00403958 0.00477022 -0.00295596
internal_weight=0 6229 5455 1155 4300 3968 2969 442 2527 2468 1219 850 249688 248314 126379 63537 4417 398 59120 11668 62842 10856 916 83 833 121935 16706 15900 15634 5317
internal_count=255917 6229 5455 1155 4300 3968 2969 442 2527 2468 1219 850 249688 248314 126379 63537 4417 398 59120 11668 62842 10856 916 83 833 121935 16706 15900 15634 5317
is_linear=0
shrinkage=0.1


Tree=122
num_leaves=31
num_cat=0
split_feature=127 97 97 4 13 0 0 90 64 66 20 124 137 134 137 134 88 20 18 2 134 2 21 123 137 2 62 117 123 123
split_gain=26.5577 26.3402 37.0429 29.6446 92.4206 65.6572 108.808 73.3546 86.8185 77.9558 70.9159 68.8254 65.5834 65.1508 64.8948 67.3346 62.3034 54.6271 71.8259 100.044 88.357 82.7361 64.2823 67.1764 59.1099 55.494 54.5175 53.5107 52.8681 145.234
threshold=2.7083333333333335 8.5000000000000018 1.0000000180025095e-35 432900.95500000013 2670098.5000000005 4962793.5000000009 5649471.0000000009 0.024197472582484638 0.72532042262240692 4.5000000000000009 5.5000000000000009 10.500000000000002 2763309.5000000005 13195734.500000002 1435922.0000000002 2.5000000000000004 28635.000000000004 35.500000000000007 1.0000000180025095e-35 1217632.2300000002 3046734.5000000005 2975681.5700000008 8.5000000000000018 3352767.5000000005 3027457.0000000005 1632051.4600000002 3808001.5000000005 0.10555555555555557 3782067.0000000005 2000508.5000000002
decision_type=2 2 2 2 2 2 2 2 2 2 2 2 2 2 2 2 2 2 2 2 2 2 2 2 2 2 2 2 2 2
left_child=1 2 3 4 13 7 12 8 9 17 -10 14 -7 27 -8 26 -9 18 19 -5 21 22 23 -21 -19 -22 -16 -1 29 -12
right_child=-2 -3 -4 5 -6 6 11 16 10 -11 28 -13 -14 -15 15 -17 -18 24 -20 20 25 -23 -24 -25 -26 -27 -28 -29 -30 -31
leaf_value=-2.9414625162571541e-05 0.021324028557233005 -0.0055921786265499132 0.0048193351426526407 0.00055385123825186144 -0.0007783242977195884 -0.0027322538325305619 0.0017500954839484884 0.015025193279055982 0.0036596462059078072 0.0049150299325693703 0.00078098850391740058 -0.0021070571496971005 0.005960535589476801 -0.018338286665656778 -0.037428684200375442 -0.0060839346010329257 0.0020101247838516124 -0.0028567961192000682 0.0015185857494332757 -0.004191722133570404 0.0086016119884854362 0.0011672575621328623 -0.00038600266735339659 -0.0055545045960920178 0.012520687952566036 -0.0056213410466952399 0.01019348004245655 -0.017779322682156852 -0.00084128360263748057 0.0064693449092997242
leaf_weight=132714 41 1670 2822 7869 5273 4192 20804 1052 3456 1500 16529 16493 702 1121 376 12764 1829 4199 5739 3792 117 1193 1466 324 241 46 2500 537 2381 2175
leaf_count=132714 41 1670 2822 7869 5273 4192 20804 1052 3456 1500 16529 16493 702 1121 376 12764 1829 4199 5739 3792 117 1193 1466 324 241 46 2500 537 2381 2175
internal_value=0 -1.47529e-06 8.07604e-05 -4.71393e-05 -0.00101853 0.00116685 -0.00117353 0.00367753 0.00280102 -0.00116947 0.00708619 0.000145345 -0.0154394 -0.000508909 0.00257101 -0.00229583 0.019202 -0.00249874 -0.00032512 -0.00400608 -0.01276 -0.0145105 -0.0196193 -0.0260237 -0.0125571 0.0599952 0.0115271 -0.000306946 0.00490986 0.00669644
internal_weight=0 255876 254206 251384 139645 111739 57831 53908 51027 26486 24541 52937 4894 134372 36444 15640 2881 24986 20546 14807 6938 6775 5582 4116 4440 163 2876 133251 21085 18704
internal_count=255917 255876 254206 251384 139645 111739 57831 53908 51027 26486 24541 52937 4894 134372 36444 15640 2881 24986 20546 14807 6938 6775 5582 4116 4440 163 2876 133251 21085 18704
is_linear=0
shrinkage=0.1


Tree=123
num_leaves=31
num_cat=0
split_feature=127 1 22 137 64 20 2 133 138 3 124 62 2 3 66 123 138 136 137 5 6 94 20 137 123 123 138 0 1 61
split_gain=26.5438 26.1085 27.0471 48.2958 110.006 54.3545 101.456 64.7614 55.1792 71.5143 53.5622 53.488 73.1412 56.6101 55.2608 66.0357 45.8282 68.0972 55.9849 52.5133 55.9538 55.8447 56.2379 51.0234 60.9533 55.3344 45.807 44.5234 44.4251 44.4112
threshold=2.7083333333333335 96602094.000000015 4.5000000000000009 14862.000000000002 0.74900328815238992 2.5000000000000004 301649.63500000007 28.000000000000004 5.5000000000000009 219686.00500000003 10.500000000000002 2100707.0000000005 1217632.2300000002 41103.620000000003 5631.5000000000009 179975.50000000003 10.500000000000002 1.5000000000000002 8418.5000000000018 10.500000000000002 53.916666666666679 84385.777777777796 16.500000000000004 92701.000000000015 1252932.5000000002 987946.00000000012 7.5000000000000009 4365962.5000000009 364782.00000000006 2.5000000000000004
decision_type=2 2 2 2 2 2 2 2 2 2 2 2 2 2 2 2 2 2 2 2 2 2 2 2 2 2 2 2 2 2
left_child=1 2 3 11 -5 6 10 -7 9 28 -6 13 27 -1 -15 -16 23 18 -18 20 29 -22 -23 -4 25 -25 -10 -13 -9 -19
right_child=-2 -3 16 4 5 7 -8 8 26 -11 -12 12 -14 14 15 -17 17 19 -20 -21 21 22 -24 24 -26 -27 -28 -29 -30 -31
leaf_value=0.0063634231803946896 0.019191625701509708 -0.0085656381654996682 0.00017239683446527391 -0.0027149609248650276 -0.0028762573023890258 -0.00037399826577653756 0.0019879574372391922 0.00018674791568920048 -0.013748805626483796 0.00085023346742439145 -0.013833920494849876 0.00073137112627934557 -0.00036017552103496665 -8.8137358204540302e-05 -0.00015622661902581214 -0.0070728056442879161 0.002048537745726331 -0.00062707679122353532 -0.0086274936429543269 -0.00014683128985922646 -0.00031323747922998947 0.0091792943518398899 0.0061674634376607147 0.0020532786241899584 -0.00054820051086128653 0.0086604664016299363 0.00038957230281856133 0.0043137839803149202 0.0032598463537880707 0.0065005171299597824
leaf_weight=1647 41 998 41637 9508 887 10401 581 249 99 1415 500 1313 2344 61622 739 603 1306 1133 4290 77170 9048 119 583 13548 5004 1387 1984 857 1007 3897
leaf_count=1647 41 998 41637 9508 887 10401 581 249 99 1415 500 1313 2344 61622 739 603 1306 1133 4290 77170 9048 119 583 13548 5004 1387 1984 857 1007 3897
internal_value=0 1.95984e-05 8.28069e-05 -0.00124513 -0.00486335 -7.40868e-05 -0.0157089 0.00195622 0.0116254 0.0211394 -0.0304041 0.000148825 0.0106729 -0.000586431 -0.00106516 -0.0211401 0.000881928 -0.000466421 -0.0111766 0.000185392 0.00564606 0.0012267 0.0283971 0.00301792 0.00717767 0.0103781 -0.000574364 0.0239026 0.0385072 0.0142124
internal_weight=0 255876 254878 95756 26631 17123 1968 15155 4754 2671 1387 69125 4514 64611 62964 1342 159122 97546 5596 91950 14780 9750 702 61576 19939 14935 2083 2170 1256 5030
internal_count=255917 255876 254878 95756 26631 17123 1968 15155 4754 2671 1387 69125 4514 64611 62964 1342 159122 97546 5596 91950 14780 9750 702 61576 19939 14935 2083 2170 1256 5030
is_linear=0
shrinkage=0.1


Tree=124
num_leaves=31
num_cat=0
split_feature=4 4 4 94 0 2 62 0 5 6 20 61 0 64 1 65 126 126 137 86 13 4 20 93 52 4 137 13 64 123
split_gain=27.0377 154.765 75.8449 69.0047 55.8232 43.5116 42.2249 59.6887 135.453 76.3491 58.6592 50.4798 43.5565 52.0343 64.3513 42.3736 41.6347 39.3242 40.001 39.0338 52.9442 37.5697 45.6955 43.857 52.4686 36.8653 33.3205 39.2226 33.2926 32.8331
threshold=107145.25000000001 121264.98000000003 94021.220000000016 35970.892857142862 644526.50000000012 331300.11000000004 263754.50000000006 271121.00000000006 4.5000000000000009 34.083333333333336 6.5000000000000009 2.5000000000000004 2203646.5000000005 0.1017185468628994 458786.00000000006 3.5000000000000004 0.36515151515151523 0.087121212121212141 223769.50000000003 60.500000000000007 46774.500000000007 49398.410000000011 10.500000000000002 2.5000000000000004 1162.0000000000002 14282.580000000002 26261.500000000004 2807852.5000000005 0.046710639663755112 387275.00000000006
decision_type=2 2 2 2 2 2 2 2 2 2 2 2 2 2 2 2 2 2 2 2 2 2 2 2 2 2 2 2 2 2
left_child=2 3 6 4 5 17 7 15 9 11 -10 -9 13 -8 29 21 26 18 -2 20 25 22 -1 -24 -25 -11 -4 -28 -6 -15
right_child=1 -3 16 -5 28 -7 12 8 10 19 -12 -13 -14 14 -16 -17 -18 -19 -20 -21 -22 -23 23 24 -26 -27 27 -29 -30 -31
leaf_value=0.0061889063906388486 0.012106115826254961 1.4359599482847975e-05 -0.001394468368373758 -0.025124934295579306 0.0034660046607247088 -0.01289051168034043 0.003776273679491782 0.0010966739400074756 -0.0088678710102842572 -0.0025621014035247872 -0.0030369767203294543 0.006902518640259309 0.0074762396201306664 0.00079951565934104356 -0.0019163236422074404 -0.098979273355174674 -0.015677196789759342 0.00093851163386611265 -0.0021906036679451915 0.015702672290600576 -0.00039816379620813972 -0.00051557923901504046 0.0054291795672311242 -0.0068121024394139475 -0.082288450720428119 -0.0094232667471689496 -0.0067658064662328562 0.016195497837865346 -0.00054446508567007395 0.0040277009299864112
leaf_weight=3608 3334 199310 2125 188 306 99 2395 3095 2294 985 4558 444 564 3465 1773 248 364 839 231 222 7686 10728 1785 1519 141 823 1510 31 1079 168
leaf_count=3608 3334 199310 2125 188 306 99 2395 3095 2294 985 4558 444 564 3465 1773 248 364 839 231 222 7686 10728 1785 1519 141 823 1510 31 1079 168
internal_value=0 0.000579334 -0.00200275 0.0163013 0.0182055 0.0236056 -0.000862223 -0.00227352 -0.00601972 -0.000118524 -0.0174354 0.0124567 0.00557188 0.00363163 -0.00180444 0.00190446 -0.015163 0.0250794 0.0296635 -0.00469898 -0.00566821 0.002477 0.00814609 -9.1275e-05 -0.0117914 -0.0210652 -0.0119602 -0.0231555 0.000648562 0.00581745
internal_weight=0 205386 50531 6076 5888 4503 46501 38136 20107 13255 6852 3539 8365 7801 5406 18029 4030 4404 3565 9716 9494 17781 7053 3445 1660 1808 3666 1541 1385 3633
internal_count=255917 205386 50531 6076 5888 4503 46501 38136 20107 13255 6852 3539 8365 7801 5406 18029 4030 4404 3565 9716 9494 17781 7053 3445 1660 1808 3666 1541 1385 3633
is_linear=0
shrinkage=0.1


Tree=125
num_leaves=31
num_cat=0
split_feature=134 134 4 0 6 4 90 148 62 13 146 84 0 66 66 5 1 1 0 13 66 13 134 124 4 4 123 93 94 20
split_gain=26.7294 43.9278 52.6339 70.0395 39.5243 33.9894 31.9421 49.4538 51.4868 41.6123 37.6479 60.909 37.0738 36.3369 36.7261 57.6595 66.1766 47.9206 43.5929 102.794 77.8285 49.9837 56.2689 43.1845 40.4976 39.5632 57.7175 38.9767 71.4347 110.967
threshold=37851818.000000007 10906531.500000002 524870.995 23925293.000000004 71.916666666666686 993579.01000000013 7.5009498038248585 162484.50000000003 693341.50000000012 4669313.0000000009 198291.00000000003 206587.50000000003 13512798.500000002 183780.50000000003 5.5000000000000009 9.5000000000000018 18653.000000000004 312135.00000000006 2606753.5000000005 1094968.0000000002 652.50000000000011 1817712.0000000002 58442.500000000007 9.5000000000000018 245509.22000000003 230077.53500000003 1408452.5000000002 1.5000000000000002 1910.0319383259914 28.500000000000004
decision_type=2 2 2 2 2 2 2 2 2 2 2 2 2 2 2 2 2 2 2 2 2 2 2 2 2 2 2 2 2 2
left_child=1 6 -3 4 -4 -2 13 10 12 -10 11 -8 -9 14 27 16 -16 -18 19 -17 24 -20 -23 -24 -21 26 -19 -1 -29 -30
right_child=5 2 3 -5 -6 -7 7 8 9 -11 -12 -13 -14 -15 15 18 17 25 21 20 -22 22 23 -25 -26 -27 -28 28 29 -31
leaf_value=3.4556698131451263e-06 -0.017864376154695317 -0.0046955240646950449 0.022773501872057379 0.0020628647122111986 0.010488048230061909 -0.0016728162549505489 -0.0027904860038276496 -0.0096545261005957349 0.007305993021133295 -0.014603804652070793 0.0072963586505227166 0.0068125287373958622 0.0034244217858030225 -0.0020492892693171707 -0.049749983955160886 0.0020645323713121221 0.0077008999079183349 -0.001370888121147371 -0.0040468463537664265 -0.00039397413216493813 0.00011038697681694214 -0.00045678661806123797 0.0062195247658225969 0.00018524550266383607 0.011624022175991473 0.0017235435869118678 -0.0040714292763518872 0.00026028536246813783 -0.0043880817628816132 0.0026135252612776911
leaf_weight=188141 1177 1752 950 4874 1634 3841 1303 585 873 328 1199 1118 249 4082 630 7128 1689 3344 1463 120 394 1850 1415 1053 783 697 152 11192 9190 2711
leaf_count=188141 1177 1752 950 4874 1634 3841 1303 585 873 328 1199 1118 249 4082 630 7128 1689 3344 1463 120 394 1850 1415 1053 783 697 152 11192 9190 2711
internal_value=0 0.00021344 0.00699171 0.0106557 0.0239651 -0.00715761 -4.48586e-05 0.00738233 -0.00509023 0.00816469 0.0143938 0.00721707 -0.024178 -0.000222802 -5.82044e-05 0.00395967 -0.00383217 -0.000533016 0.00753143 0.0121201 0.0380149 0.000844063 0.00625651 0.0161399 0.0541959 -0.00626165 -0.0105989 -0.000452281 -0.00432952 -0.00972309
internal_weight=0 250899 9210 7458 2584 5018 241689 5655 2035 1201 3620 2421 834 236034 231952 20718 6512 5882 14206 8425 1297 5781 4318 2468 903 4193 3496 211234 23093 11901
internal_count=255917 250899 9210 7458 2584 5018 241689 5655 2035 1201 3620 2421 834 236034 231952 20718 6512 5882 14206 8425 1297 5781 4318 2468 903 4193 3496 211234 23093 11901
is_linear=0
shrinkage=0.1


Tree=126
num_leaves=31
num_cat=0
split_feature=140 21 138 20 3 66 123 0 2 75 26 5 134 64 137 137 20 137 6 2 29 64 13 20 20 18 20 3 4 2
split_gain=27.0754 27.0377 60.916 72.0072 64.1575 53.2978 58.349 43.9273 43.9051 42.4582 44.9061 51.3807 50.7696 43.6047 53.9881 53.2743 86.9267 154.113 95.1208 66.0317 52.5761 69.5516 56.2761 52.8297 51.3658 151.662 100.703 89.9172 79.9388 120.675
threshold=1.2361111111111114 6.5000000000000009 4.5000000000000009 1.5000000000000002 31774.620000000003 8347.5000000000018 169678.50000000003 725353.50000000012 878229.92500000016 16712.000000000004 1.5000000000000002 1.5000000000000002 158.50000000000003 0.050705049473271986 1550.5000000000002 17757.000000000004 2.5000000000000004 83052.500000000015 73.083333333333357 256935.80500000002 65577.000000000015 0.79610567166296764 3804524.0000000005 31.500000000000004 13.500000000000002 1.0000000180025095e-35 21.500000000000004 1671228.1550000003 164473.86500000002 341737.32000000001
decision_type=2 2 2 2 2 2 2 2 2 2 2 2 2 2 2 2 2 2 2 2 2 2 2 2 2 2 2 2 2 2
left_child=1 2 5 -4 7 9 -7 -5 -8 10 12 -12 -1 14 24 20 17 19 -18 -17 21 22 -15 -23 -14 27 -27 -26 -28 -30
right_child=-2 -3 3 4 -6 6 8 -9 -10 -11 11 -13 13 15 -16 16 18 -19 -20 -21 -22 23 -24 -25 25 26 28 -29 29 -31
leaf_value=0.00236667370179563 -0.0023115137292506471 0.00019183274676182074 0.0018302801199127751 0.0058936056591790027 -0.0019809964094915553 0.00032544690650149199 -0.0072476572576299254 -0.0028624701046694148 -0.00044397563068216078 -0.0039010025415319727 0.0029763733301619191 -0.0054267749659057682 -0.00028239606814282062 0.0018271357285901562 -0.0029086480070314382 -0.0023738349907685532 -0.00037953068594627774 -0.0097800537068139081 0.0022787673755293894 0.0029799117986435029 -0.0095151898572580114 0.00079960556062668949 0.010421152439160851 -0.0025551290358050505 0.0099644405956404569 0.003720030939149336 0.0041376730131927209 -0.0043736746073648634 -0.022508601954020983 -0.00086179919784990953
leaf_weight=4489 4274 160220 1685 1664 14795 728 519 488 212 1212 1154 1574 32752 4036 1704 315 6434 1124 2982 353 198 6454 158 767 1797 1385 418 274 745 1007
leaf_count=4489 4274 160220 1685 1664 14795 728 519 488 212 1212 1154 1574 32752 4036 1704 315 6434 1124 2982 353 198 6454 158 767 1797 1385 418 274 745 1007
internal_value=0 0.00022297 -0.00114925 -0.00625133 -0.00821158 0.000156708 -0.0187637 0.00792137 -0.0387207 0.0005437 0.000864451 -0.0117136 0.00137361 0.000640382 -0.00134628 0.00412968 -0.000788446 -0.0209757 0.00305347 0.0170647 0.00887629 0.00976246 0.0200048 0.00381363 -0.000572943 0.00825409 -0.00427757 0.0297655 -0.0177237 -0.0270986
internal_weight=0 251643 91423 18632 16947 72791 1459 2152 731 71332 70120 2728 67392 62903 40082 22821 11208 1792 9416 668 11613 11415 4194 7221 38378 5626 3555 2071 2170 1752
internal_count=255917 251643 91423 18632 16947 72791 1459 2152 731 71332 70120 2728 67392 62903 40082 22821 11208 1792 9416 668 11613 11415 4194 7221 38378 5626 3555 2071 2170 1752
is_linear=0
shrinkage=0.1


Tree=127
num_leaves=31
num_cat=0
split_feature=127 99 92 7 6 138 64 63 94 2 13 62 0 0 66 20 93 92 93 6 2 53 148 6 4 65 20 0 123 0
split_gain=26.5208 25.6699 23.7866 25.3361 35.0442 34.9328 63.156 49.1333 49.4797 41.4784 40.0291 39.3533 34.5704 63.3945 35.337 34.1604 35.8621 37.2554 36.1532 35.327 32.627 32.3598 31.4511 30.7518 30.6714 32.8824 46.4922 43.6759 48.3912 32.8796
threshold=2.7083333333333335 1.0000000180025095e-35 1771454.5000000002 4.5000000000000009 51.916666666666679 16.500000000000004 0.25199166754057917 1.1571834586563878 69704.571428571435 38991.930000000008 6063333.0000000009 5952622.0000000009 13512798.500000002 15910273.500000002 1396234.5000000002 7.5000000000000009 64.500000000000014 2316.7592165898623 1.5000000000000002 26.083333333333339 5270088.4400000013 2.9948249811846686 319900.50000000006 44.083333333333343 604534.17500000016 2.5000000000000004 40.500000000000007 1008718.0000000001 222373.00000000003 16519.000000000004
decision_type=2 2 2 2 2 2 2 2 2 2 2 2 2 2 2 2 2 2 2 2 2 2 2 2 2 2 2 2 2 2
left_child=1 2 3 5 20 10 7 9 21 -7 12 -12 14 -14 22 -8 17 18 19 -17 -5 -9 -1 -15 25 26 -6 28 -28 -27
right_child=-2 -3 -4 4 24 6 15 8 -10 -11 11 -13 13 23 -16 16 -18 -19 -20 -21 -22 -23 -24 -25 -26 29 27 -29 -30 -31
leaf_value=2.664617621123496e-05 0.017225815360487451 0.015123037922706551 -0.046574598288760649 0.0023079236838467122 -0.0010469996328860021 0.014263854348714845 -0.010396868265125781 -0.0014234538584933108 0.0081364016863517512 -0.0047942775410532382 -0.024869637335224917 -0.00092368670057270126 0.010255516877195793 0.0041070018382870725 -0.0049455634461216874 0.0054112098721316691 -0.021833366527590586 -0.0092295033859556425 0.0087504960180895437 -0.0010367316924103421 -0.0097271639783228728 0.0049714944432276593 -0.0052892219124287083 -0.00058855952565213261 0.0012916623277797895 -0.01349550167748214 0.0025663073075645085 -0.001098269072826303 0.010638151631827908 0.00240026743813202
leaf_weight=167012 41 232 455 9238 12102 213 2544 531 131 1721 2228 5278 1687 2682 484 141 216 1102 562 15330 1038 1664 727 6425 16030 239 1866 2404 497 1097
leaf_count=167012 41 232 455 9238 12102 213 2544 531 131 1721 2228 5278 1687 2682 484 141 216 1102 562 15330 1038 1664 727 6425 16030 239 1866 2404 497 1097
internal_value=0 5.44515e-05 2.42781e-05 6.50089e-05 0.00223279 -0.000392988 -0.00397123 0.00707899 0.0168718 -0.00469869 7.03996e-05 -0.00708386 0.000370371 0.00585638 1.83615e-05 -0.00633735 -0.00475068 -0.00424025 -0.00301778 -0.00392284 0.00735429 0.0133087 9.62149e-05 0.00255797 0.000695511 -0.00211318 -0.00330921 0.00505551 0.0147101 0.0129886
internal_weight=0 255876 255644 255189 44511 210678 24155 4260 2326 1934 186523 7506 179017 10794 168223 19895 17351 17135 16033 15471 10276 2195 167739 9107 34235 18205 16869 4767 2363 1336
internal_count=255917 255876 255644 255189 44511 210678 24155 4260 2326 1934 186523 7506 179017 10794 168223 19895 17351 17135 16033 15471 10276 2195 167739 9107 34235 18205 16869 4767 2363 1336
is_linear=0
shrinkage=0.1


Tree=128
num_leaves=31
num_cat=0
split_feature=127 134 0 0 0 1 4 4 137 133 3 20 92 20 0 137 4 140 127 137 75 5 88 134 13 4 5 0 123 137
split_gain=26.5128 23.9023 26.7194 84.4712 73.5478 53.2651 52.162 51.0534 58.6129 48.5463 48.3868 48.4703 57.3145 45.453 45.705 43.8075 42.7476 73.0904 47.8954 40.0669 39.663 48.127 40.9486 38.9744 37.7343 36.8576 53.4451 59.5973 77.5048 51.4212
threshold=2.7083333333333335 54661514.500000007 12203388.500000002 9165030.5000000019 16306303.000000002 13381116.000000002 524870.995 533972.52500000014 1242003.0000000002 42.000000000000007 2516249.6400000001 58.500000000000007 2.0254459550204954e-05 16.500000000000004 4156569.5000000005 55046.500000000007 1797686.0000000002 0.12916666666666668 0.31009615384615391 2606457.0000000005 545701.00000000012 7.5000000000000009 65371.000000000007 803.50000000000011 15642.500000000002 818361.39000000013 14.500000000000002 1636819.5000000002 2000508.5000000002 61766.000000000007
decision_type=2 2 2 2 2 2 2 2 2 2 2 2 2 2 2 2 2 2 2 2 2 2 2 2 2 2 2 2 2 2
left_child=1 2 3 10 5 -4 -7 -6 9 -9 11 20 19 14 -12 16 17 23 -19 -13 25 -22 -23 24 -15 -1 29 -28 -29 -27
right_child=-2 -3 4 -5 7 6 -8 8 -10 -11 13 12 -14 15 -16 -17 -18 18 -20 -21 21 22 -24 -25 -26 26 27 28 -30 -31
leaf_value=-2.9831821673629652e-05 0.015503233824438706 -0.00705379121071017 0.003552045958281758 -0.0031048638813892639 -0.0075750635251362391 -0.0016047983886221528 0.020775077338949788 0.0043626614022430846 -0.0050842742795540021 -0.004927783808331654 0.014879537061893095 -0.0024043764820479933 0.0062363557600811532 -0.013260360248778292 -0.00059732119843802778 -0.015074239396380596 0.00045802838555535357 0.0043578571398821915 -0.010419916691100884 0.0088578789010110848 0.0056643220908592666 -0.024388990018363577 0.0015748493240494211 -0.0035043730172449787 -0.00083008204061321006 0.00085738310520004255 0.0077902730866288199 -0.00029536778542357123 0.0055887561216571152 -0.0019652356250378757
leaf_weight=174253 41 2414 6868 10116 2318 503 1673 7022 7454 1712 379 1971 2674 238 994 1841 2873 195 83 1149 134 342 130 424 1158 10735 1032 4473 2521 8197
leaf_count=174253 41 2414 6868 10116 2318 503 1673 7022 7454 1712 379 1971 2674 238 994 1841 2873 195 83 1149 134 342 130 424 1158 10735 1032 4473 2521 8197
internal_value=0 6.65901e-05 0.000160913 -0.000197636 0.00310104 0.010492 0.0241261 -0.000510963 0.00147658 0.00703547 0.00022103 0.000518351 0.00953619 -0.00732047 0.00927822 -0.010666 -0.00578579 -0.0166375 0.0311199 0.000328588 0.000259457 -0.0252854 -0.0403009 -0.0239323 -0.0158675 0.000336392 0.00377739 0.0106159 0.00730576 0.000878299
internal_weight=0 255876 253462 225912 27550 9044 2176 18506 16188 8734 215796 207611 5794 8185 1373 6812 4971 2098 278 3120 201817 606 472 1820 1396 201211 26958 8026 6994 18932
internal_count=255917 255876 253462 225912 27550 9044 2176 18506 16188 8734 215796 207611 5794 8185 1373 6812 4971 2098 278 3120 201817 606 472 1820 1396 201211 26958 8026 6994 18932
is_linear=0
shrinkage=0.1


Tree=129
num_leaves=31
num_cat=0
split_feature=0 1 0 0 137 62 137 62 94 20 4 4 0 4 26 64 11 26 85 0 0 21 92 137 134 123 0 3 0 126
split_gain=25.5817 49.4971 57.4064 42.1425 53.3692 82.0852 52.1914 64.8422 45.0183 44.9253 42.4834 41.4662 39.5335 39.1476 38.298 41.4862 47.2121 38.5453 40.2632 37.5858 56.909 42.0419 35.4048 33.835 33.7067 104.025 77.4423 68.1695 66.2999 47.2438
threshold=32642383.000000004 12081487.000000002 15910273.500000002 7620064.0000000009 2924410.5000000005 2882023.5000000005 168815.00000000003 5002993.5000000009 1840.1840000000002 6.5000000000000009 1391861.0850000002 849861.34000000008 12203388.500000002 245509.22000000003 3051811.5000000005 60.910788271195777 1.0000000180025095e-35 724143.50000000012 7.5000000000000009 11006397.000000002 10446023.500000002 8.5000000000000018 1059229.5000000002 1500000.5000000002 452476.50000000006 4945445.5000000009 4962793.5000000009 50750.785000000003 926658.50000000012 0.74166666666666681
decision_type=2 2 2 2 2 2 2 2 2 2 2 2 2 2 2 2 2 2 2 2 2 2 2 2 2 2 2 2 2 2
left_child=1 3 -3 4 14 10 8 12 13 -9 -6 -2 -8 -5 17 16 -16 22 -19 20 -15 -21 24 -13 26 27 -1 -26 29 -29
right_child=11 2 -4 6 5 -7 7 9 -10 -11 -12 23 -14 19 15 -17 -18 18 -20 21 -22 -23 -24 -25 25 -27 -28 28 -30 -31
leaf_value=-3.3116545212574787e-05 -0.012006614755864266 0.0065996070587542649 0.00147183805588047 0.0082011086265712935 0.014263775900954279 0.0072580562952411221 -0.013970754251967567 -0.010022417812505813 -0.0046291458859051109 0.0021595000266905195 -0.041236016578810354 0.0010510868929124674 0.00060638932203420652 0.00059047409556299329 -0.0083274515845311141 0.0053610160506583114 0.013720076051182568 -0.0022879626152042939 0.012028661004440796 0.0060554105772527627 -0.0034199347997083242 0.00088919513342209386 -0.041256188678025253 -0.012402773361878472 -0.0057572835217529778 0.0057147244678068367 -0.0022728566835234013 0.0024114715681174403 0.00017369023735455566 0.005956921247495129
leaf_weight=146061 1995 3857 12036 457 1314 2431 6673 1428 719 5730 935 5620 1526 3120 225 723 49 3876 119 623 810 1147 437 1376 809 433 3157 3569 44431 231
leaf_count=146061 1995 3857 12036 457 1314 2431 6673 1428 719 5730 935 5620 1526 3120 225 723 49 3876 119 623 810 1147 437 1376 809 433 3157 3569 44431 231
internal_value=0 0.000260326 0.00565842 -0.000111014 0.0003297 0.0108881 -0.00424996 -0.00749197 0.00299083 -0.000537564 -0.00288102 -0.00517001 -0.0135634 0.0057559 8.76194e-05 0.019639 -0.0134969 -8.34566e-06 -0.00973389 0.00349808 -0.00195152 0.015598 0.000186773 -0.00154349 0.000249307 0.00251132 -0.00050066 0.00208044 0.00256331 0.0152411
internal_weight=0 246926 15893 231033 208800 4680 22233 15357 6876 7158 2249 8991 8199 6157 204120 997 274 203123 3995 5700 3930 1770 199128 6996 198691 49473 149218 49040 48231 3800
internal_count=255917 246926 15893 231033 208800 4680 22233 15357 6876 7158 2249 8991 8199 6157 204120 997 274 203123 3995 5700 3930 1770 199128 6996 198691 49473 149218 49040 48231 3800
is_linear=0
shrinkage=0.1


Tree=130
num_leaves=31
num_cat=0
split_feature=1 147 148 2 4 147 1 146 1 146 66 123 128 123 20 127 29 127 127 123 137 137 66 1 92 1 94 20 138 84
split_gain=23.6994 24.9039 47.7796 59.3517 54.3321 46.991 37.7569 39.948 37.1077 32.1515 29.3488 35.8562 28.3881 34.5815 40.4629 32.2338 48.7848 39.6097 53.1444 43.4996 39.8365 35.8312 35.2808 80.5976 50.7987 46.6334 65.261 103.599 70.1252 50.7821
threshold=76858458.500000015 4.5000000000000009 54187.500000000007 397485.95500000002 372167.06500000006 28.500000000000004 4793991.0000000009 119369.00000000001 1690743.0000000002 240244.50000000003 150587.50000000003 414009.50000000006 0.34848484848484856 175639.00000000003 13.500000000000002 0.29285714285714287 3.5000000000000004 0.98484848484848497 0.73030303030303045 2835371.5000000005 45.500000000000007 64.500000000000014 2.5000000000000004 18653.000000000004 4416.5000000000009 182084.50000000003 917.50000000000011 23.500000000000004 34.500000000000007 13.500000000000002
decision_type=2 2 2 2 2 2 2 2 2 2 2 2 2 2 2 2 2 2 2 2 2 2 2 2 2 2 2 2 2 2
left_child=1 10 4 8 9 -5 7 -6 -4 -3 12 -12 15 14 -14 22 17 18 -17 -20 -19 -22 25 -24 -25 -1 -27 28 29 -28
right_child=-2 2 3 5 6 -7 -8 -9 -10 -11 11 -13 13 -15 -16 16 -18 20 19 -21 21 -23 23 24 -26 26 27 -29 -30 -31
leaf_value=0.0029956273814498949 -0.0056866026724086364 -0.0012479021289843982 -0.030735225246946853 0.0021503489481437656 0.0132395878215928 -0.0089478965339505837 0.001512150157079617 0.017927968673427403 -0.0033384660391622698 0.0065573640848683584 -0.00017244956105755778 -0.0092446563272037489 -0.0037835874928677802 -0.0056967202733676147 0.0062520825224075833 -0.00010126057995375602 -0.0032166037381023884 0.00083488750358842734 -0.0013289784267070536 -0.0052113738627770139 -0.001821362699255108 6.8706695731166271e-05 -0.074822693122737413 0.00072377493665894133 0.0066299395331427848 0.00016203339028594832 -0.003897156789699088 0.00080115296756143827 0.0036031587661193099 0.028452317160815799
leaf_weight=10858 2008 1764 256 5744 1153 962 599 158 267 410 2983 1647 1891 1149 604 46946 3142 15469 15104 372 2060 38058 490 11598 2121 76206 5944 5403 410 141
leaf_count=10858 2008 1764 256 5744 1153 962 599 158 267 410 2983 1647 1891 1149 604 46946 3142 15469 15104 372 2060 38058 490 11598 2121 76206 5944 5403 410 141
internal_value=0 0.000173694 0.00475984 -0.000124842 0.0134061 0.0024056 0.0257116 0.0352153 -0.0325706 0.00259495 -4.01726e-05 -0.00792552 0.000113249 -0.00864521 -0.00203436 0.000249454 -0.000884128 -0.000556694 -0.00228556 -0.0073675 0.00138475 -0.000277571 0.00146297 0.00612263 0.00754599 0.000793933 3.18691e-05 -0.00685603 -0.0153668 -0.018064
internal_weight=0 253909 11313 7229 4084 6706 1910 1311 523 2174 242596 4630 237966 3644 2495 234322 121151 118009 62422 15476 55587 40118 113171 14209 13719 98962 88104 11898 6495 6085
internal_count=255917 253909 11313 7229 4084 6706 1910 1311 523 2174 242596 4630 237966 3644 2495 234322 121151 118009 62422 15476 55587 40118 113171 14209 13719 98962 88104 11898 6495 6085
is_linear=0
shrinkage=0.1


Tree=131
num_leaves=31
num_cat=0
split_feature=19 4 0 138 4 4 1 62 4 126 1 0 94 62 0 6 13 0 137 64 0 3 123 94 3 20 1 93 134 2
split_gain=24.3457 24.8326 39.6607 45.7582 33.8757 134.752 102.72 62.3925 61.4804 47.3459 44.3691 68.1529 47.8851 43.3499 46.6174 52.8411 70.2266 42.4729 39.4091 45.5344 37.6614 51.8283 63.7252 35.4469 35.9248 35.0562 38.5938 34.9425 34.8459 38.1213
threshold=1.5000000000000002 12061.355000000001 73690.000000000015 32.500000000000007 107145.25000000001 134832.34500000003 413981.50000000006 276688.50000000006 100618.16000000002 0.10263157894736843 2800748.0000000005 828981.50000000012 20541.500000000004 318012.50000000006 309844.00000000006 43.916666666666679 587527.00000000012 11709895.000000002 51225.500000000007 0.11873558443479194 1986274.0000000002 52723.475000000006 369565.00000000006 212.5018826673145 42733.540000000008 11.500000000000002 343896.00000000006 16344.500000000002 135156.50000000003 357949.50000000006
decision_type=2 2 2 2 2 2 2 2 2 2 2 2 2 2 2 2 2 2 2 2 2 2 2 2 2 2 2 2 2 2
left_child=1 2 -1 -4 8 6 7 28 10 -9 11 12 13 14 27 -16 -17 23 19 -8 21 -13 -23 24 -12 26 -15 -3 29 -6
right_child=-2 4 3 -5 5 -7 18 9 -10 -11 17 20 -14 25 15 16 -18 -19 -20 -21 -22 22 -24 -25 -26 -27 -28 -29 -30 -31
leaf_value=-0.039207269967463307 -0.0018374672468285493 0.00041005571986461046 0.0065853980041171937 -0.0030395991862953498 0.0073183155785996323 -3.096320492448319e-06 0.0010441094353532687 0.011436281224965006 -0.0058873271226838504 -0.0035873030107484772 0.00060874028860991665 -0.0043475339425928187 -0.0096904191925705433 0.0040338724742452264 0.00033975520325009169 -0.003000587932154253 0.0019134991255611801 -0.0038289460606717009 0.001427033165891556 -0.0015833880768034801 0.00056074358742577051 -0.0032008927124323699 0.0015796468486044175 -0.0023953442509533282 0.0069578884056325681 0.0067665327025581371 -0.00041898556485029384 0.018703677769100202 -0.0018506324778793104 -0.0084783480340045077
leaf_weight=547 4485 17887 3366 1097 4048 191106 1119 1546 1983 101 393 1190 1224 637 4424 7373 248 629 1996 1223 1034 1968 610 326 778 992 2243 496 669 179
leaf_count=547 4485 17887 3366 1097 4048 191106 1119 1546 1983 101 393 1190 1224 637 4424 7373 248 629 1996 1223 1034 1968 610 326 778 992 2243 496 669 179
internal_value=0 0.000194616 0.00716443 0.0102793 5.29133e-05 0.000602841 0.0114273 0.0193387 -0.00244688 0.0361752 -0.00164295 -0.00238525 -0.000873778 -0.00018022 -0.00144839 -0.0062839 -0.0113303 0.012437 -0.000505294 -0.00930443 -0.0135667 -0.0182059 -0.0102377 0.021599 0.0297181 0.00978567 0.0042013 0.00171995 0.0136749 0.0170312
internal_weight=0 251432 5010 4463 246422 201987 10881 6543 44435 1647 42452 40326 35524 34300 30428 12045 7621 2126 4338 2342 4802 3768 2578 1497 1171 3872 2880 18383 4896 4227
internal_count=255917 251432 5010 4463 246422 201987 10881 6543 44435 1647 42452 40326 35524 34300 30428 12045 7621 2126 4338 2342 4802 3768 2578 1497 1171 3872 2880 18383 4896 4227
is_linear=0
shrinkage=0.1


Tree=132
num_leaves=31
num_cat=0
split_feature=127 140 22 138 123 3 66 14 93 0 93 52 1 62 4 123 2 62 0 13 123 2 123 123 92 124 64 70 84 127
split_gain=23.3913 22.6506 25.9931 41.5952 54.9603 54.2823 49.767 42.0194 41.8128 38.877 60.46 69.4708 54.9704 53.529 69.1004 189.816 64.0998 53.057 49.3276 43.1585 49.8125 44.31 42.6997 54.5608 41.404 39.3314 51.505 41.0972 38.8486 38.6853
threshold=2.7083333333333335 1.2583333333333335 4.5000000000000009 21.500000000000004 500008.00000000006 41103.620000000003 8347.5000000000018 2.5000000000000004 5246.5000000000009 3296860.0000000005 2.5000000000000004 0.01751869937985678 2843604.5000000005 2058249.5000000002 411601.66000000009 1526333.0000000002 1096210.9450000001 3028070.5000000005 5177035.5000000009 1998429.0000000002 1537919.0000000002 7345893.0250000004 2149476.0000000005 2666948.0000000005 18739.531250000004 7.5000000000000009 0.017355203090999822 1.5773809523809528 794511.00000000012 0.31009615384615391
decision_type=2 2 2 2 2 2 2 2 2 2 2 2 2 2 2 2 2 2 2 2 2 2 2 2 2 2 2 2 2 2
left_child=1 2 3 5 -5 -1 7 -7 -9 13 11 -11 17 19 15 -15 -16 18 -13 20 21 28 -12 -24 -18 26 27 -14 -4 -22
right_child=-2 -3 9 4 -6 6 -8 8 -10 10 22 12 25 14 16 -17 24 -19 -20 -21 29 -23 23 -25 -26 -27 -28 -29 -30 -31
leaf_value=0.0032799531002259521 0.013873042978206497 -0.002210177710705663 0.00029116556120112119 -0.0061921223301630527 0.0028420743091498134 -9.7012228157247949e-05 -0.0035263237251264429 -0.010033029196794975 0.004619391324140798 0.003965116801002041 -0.0073888846455854411 -0.00058318690267403911 -0.00085646843881109769 0.0060134399421890826 0.0083283312958306373 -0.00079794589151401397 0.0017464437652268423 -0.0029372362428426637 -0.0053963495800824655 -0.0019334689257411873 0.0039172214802268776 0.073270263917371001 0.0082474826151915197 -0.00074971900030440649 0.0093312247475053293 -0.00037570525736971565 0.001634650667647582 -0.001585807058240614 0.01207022921104035 0.00012322482031131609
leaf_weight=3545 41 3965 69621 1837 462 86634 1517 1337 328 3031 4678 3025 2430 547 858 2183 2020 385 257 2527 883 79 542 893 210 39254 21768 198 238 624
leaf_count=3545 41 3965 69621 1837 462 86634 1517 1337 328 3031 4678 3025 2430 547 858 2183 2020 385 257 2527 883 79 542 893 210 39254 21768 198 238 624
internal_value=0 7.09001e-05 0.000188938 -0.00110929 -0.0143976 -0.000782069 -0.00126112 -0.000952578 -0.0166882 0.000983741 -0.000627606 0.000201319 -0.000465496 0.00252786 0.0117635 0.000172777 0.0220105 -0.0123709 -0.00825114 0.00180146 0.00225574 0.00186814 -0.0101668 0.00492318 0.0130737 0.0002204 0.00337361 -0.00985036 0.00178349 0.0202437
internal_weight=0 255876 251911 95660 2299 93361 89816 88299 1665 156251 76461 70348 67317 79790 5818 2730 3088 3667 3282 73972 71445 69938 6113 1435 2230 63650 24396 2628 69859 1507
internal_count=255917 255876 251911 95660 2299 93361 89816 88299 1665 156251 76461 70348 67317 79790 5818 2730 3088 3667 3282 73972 71445 69938 6113 1435 2230 63650 24396 2628 69859 1507
is_linear=0
shrinkage=0.1


Tree=133
num_leaves=31
num_cat=0
split_feature=127 97 2 126 4 0 0 4 0 10 137 20 4 136 20 124 4 134 0 13 123 124 92 76 52 138 20 124 124 138
split_gain=23.3994 22.2625 23.1672 22.4721 64.1338 82.3841 80.5496 90.5827 89.0405 74.5001 71.0351 69.545 38.9882 51.5596 86.7096 55.8468 54.5538 38.6369 38.2224 53.8676 40.7253 37.0143 51.6034 41.6398 40.8809 40.1757 50.1556 67.0982 155.601 153.113
threshold=2.7083333333333335 12.500000000000002 1689122.6550000003 0.060661764705882359 230077.53500000003 5044930.5000000009 616101.50000000012 162402.35000000001 235179.00000000003 1.5000000000000002 2924410.5000000005 2.5000000000000004 2004014.9850000001 1.0000000180025095e-35 22.500000000000004 4.5000000000000009 818361.39000000013 9017.5000000000018 2759147.5000000005 990032.50000000012 897763.50000000012 12.500000000000002 4068.5000000000005 14.500000000000002 0.058537845731084864 20.500000000000004 6.5000000000000009 11.500000000000002 10.500000000000002 4.5000000000000009
decision_type=2 2 2 2 2 2 2 2 2 2 2 2 2 2 2 2 2 2 2 2 2 2 2 2 2 2 2 2 2 2
left_child=1 3 -3 21 6 9 7 8 -5 10 -6 -8 13 14 15 -11 -16 -9 19 20 -13 25 23 -23 -24 26 27 28 -1 -30
right_child=-2 2 -4 4 5 -7 11 17 -10 12 -12 18 -14 -15 16 -17 -18 -19 -20 -21 -22 22 24 -25 -26 -27 -28 -29 29 -31
leaf_value=1.0784009195913269e-05 0.012485738680385841 -0.0082321187070444855 0.0044869140186069101 -0.00017516051203116947 -0.0058080365467220452 -0.0063269881772727299 -0.012515838797254878 -0.0029935020987848951 -0.0056021887565276263 0.0044464306005381699 0.0049792015600023699 0.0013218771247461214 -0.0021810473756951332 0.0035992783447500645 -0.01186382001052134 -0.0027414434478242374 0.00022934339676864329 -0.010528675327616461 -0.0035020942046177605 0.0062680559004854924 -0.018617355359728291 -0.00035928581073684646 0.0034671886379861205 0.005104960293101278 -0.0058032271032550714 -0.000748407705282483 0.00053587459742736115 0.0010949259790467151 -0.010042426214105289 -0.00011088770795677495
leaf_weight=66910 41 586 195 4886 1745 5893 164 805 1872 1629 490 1480 913 6021 603 841 517 1035 244 465 76 27824 441 1365 3646 22015 88248 9013 2944 3010
leaf_count=66910 41 586 195 4886 1745 5893 164 805 1872 1629 490 1480 913 6021 603 841 517 1035 244 465 76 27824 441 1365 3646 22015 88248 9013 2944 3010
internal_value=0 5.79239e-05 -0.0167997 0.000109535 -0.00247712 0.00109713 -0.00852291 -0.0130656 -0.00770986 0.0056138 -0.0109676 0.00755716 0.00913523 0.0110112 0.00152576 0.0119909 -0.0215537 -0.0327365 0.0121103 0.016624 0.00769912 0.000450103 -0.00262908 -0.00115553 -0.0131531 0.000983375 0.00150355 -0.000279024 -0.00128585 -0.0167773
internal_weight=0 255876 781 255095 29679 18652 11027 8598 6758 12759 2235 2429 10524 9611 3590 2470 1120 1840 2265 2021 1556 225416 33276 29189 4087 192140 170125 81877 72864 5954
internal_count=255917 255876 781 255095 29679 18652 11027 8598 6758 12759 2235 2429 10524 9611 3590 2470 1120 1840 2265 2021 1556 225416 33276 29189 4087 192140 170125 81877 72864 5954
is_linear=0
shrinkage=0.1


Tree=134
num_leaves=31
num_cat=0
split_feature=0 2 21 0 2 66 4 4 18 20 0 92 70 76 123 20 3 94 0 63 70 93 124 137 75 26 1 13 7 146
split_gain=22.4959 61.7032 47.1579 42.9177 48.8498 48.3938 45.3848 55.192 37.1355 40.5788 36.6612 57.7173 52.282 47.141 91.9808 92.8748 97.3803 89.2744 49.293 72.6151 56.1606 47.1763 42.7262 41.3767 40.1614 56.0223 37.2603 36.7938 36.7763 36.5959
threshold=160.50000000000003 1390636.4900000002 3.5000000000000004 2222.5000000000005 397485.95500000002 48.500000000000007 1193830.1250000002 1073963.1700000002 1.0000000180025095e-35 5.5000000000000009 161435.00000000003 10587.214285714288 0.30952380952380959 10.500000000000002 283936.00000000006 28.500000000000004 1097582.5450000002 743.19073694547637 2485441.0000000005 302.86103896103901 0.76388888888888895 1.5000000000000002 12.500000000000002 498858.50000000006 3.5000000000000004 85824.000000000015 554596.00000000012 1256068.0000000002 4.5000000000000009 27.000000000000004
decision_type=2 2 2 2 2 2 2 2 2 2 2 2 2 2 2 2 2 2 2 2 2 2 2 2 2 2 2 2 2 2
left_child=1 2 -1 4 5 -2 7 -6 -3 -10 11 29 -13 28 15 16 17 -15 19 20 24 -19 -14 -20 25 -16 -18 -22 -12 -5
right_child=3 8 -4 10 6 -7 -8 -9 9 -11 13 12 22 14 18 -17 26 21 23 -21 27 -23 -24 -25 -26 -27 -28 -29 -30 -31
leaf_value=-0.0098813787919480589 0.0011666962303822804 -0.0052634386882655319 0.0046325578928386405 0.00042240786346594189 -0.0021437538648308744 -0.092704204154487255 0.0018904356879959616 -0.0068213925973508206 0.010481102652071164 -0.0051600947234778823 -7.6669936442429575e-05 0.014553433957344639 0.0038263720669872384 -0.0010724255846168318 -0.0012013479977387445 0.0021115063473723162 0.0039750496878037936 -0.0020136202590416703 -0.0044074942763035543 -0.0091472395780408788 -0.0025543212815767073 -0.016980696918535858 -0.019387835464813798 0.0041289920787068515 0.0040601564538848035 0.0055807467126589546 -0.001007022278573011 0.0072076314809957388 0.00064978003834875731 0.014042895812125228
leaf_weight=314 3097 407 3305 24632 3265 199 443 173 96 70 165345 1460 1011 1492 1349 2403 459 779 1449 157 159 3216 180 852 1063 220 1184 591 35702 845
leaf_count=314 3097 407 3305 24632 3265 199 443 173 96 70 165345 1460 1011 1492 1349 2403 459 779 1449 157 159 3216 180 852 1063 220 1184 591 35702 845
internal_value=0 0.00733999 0.0121675 -4.63137e-05 -0.00766826 0.00128411 -0.0152712 -0.019153 -0.0231502 0.0167119 0.000177375 0.00357363 0.0176164 -0.000264035 -0.00560132 -0.0116556 -0.0173857 -0.0237808 0.00428143 0.0116895 0.0147758 -0.0315759 0.00206778 -0.00711236 0.00789691 -0.00227065 0.00397123 0.038916 0.000144079 0.00211242
internal_weight=0 4192 3619 251725 7177 3296 3881 3438 573 166 244548 28128 2651 216420 15373 9533 7130 5487 5840 3539 3382 3995 1191 2301 2632 1569 1643 750 201047 25477
internal_count=255917 4192 3619 251725 7177 3296 3881 3438 573 166 244548 28128 2651 216420 15373 9533 7130 5487 5840 3539 3382 3995 1191 2301 2632 1569 1643 750 201047 25477
is_linear=0
shrinkage=0.1


Tree=135
num_leaves=31
num_cat=0
split_feature=29 20 126 124 0 2 0 4 2 4 4 137 4 3 64 2 138 136 62 13 64 92 75 63 25 93 128 129 13 3
split_gain=22.1083 25.223 22.4991 49.7138 48.0829 102.539 67.187 43.9113 50.4007 44.3687 62.2722 41.8913 37.4681 37.3386 51.3355 37.2307 34.7873 64.4947 42.3556 59.9951 57.8095 44.922 41.2781 39.0209 50.4812 39.4486 38.3389 58.4975 47.9192 66.6546
threshold=470366.50000000006 26.500000000000004 0.087121212121212141 13.500000000000002 553272.50000000012 1574921.3600000003 225878.50000000003 993579.01000000013 704238.80500000005 248451.66000000003 162402.35000000001 337.50000000000006 333369.84000000003 234519.17000000001 0.0939046425715543 104990.86000000003 8.5000000000000018 2.5000000000000004 206592.00000000003 167056.00000000003 1.4114126520847134 260397.50000000003 311466.50000000006 2516.4493122538784 42.000000000000007 2017.5000000000002 0.060661764705882359 0.080128205128205135 1628.5000000000002 943600.84500000009
decision_type=2 2 2 2 2 2 2 2 2 2 2 2 2 2 2 2 2 2 2 2 2 2 2 2 2 2 2 2 2 2
left_child=2 -2 16 4 6 -6 7 8 9 10 11 -4 -11 15 -15 -8 22 18 19 -18 21 -20 26 24 25 -19 27 28 29 -1
right_child=1 -3 3 -5 5 -7 13 -9 -10 12 -12 -13 -14 14 -16 -17 17 23 20 -21 -22 -23 -24 -25 -26 -27 -28 -29 -30 -31
leaf_value=-0.00028333116332981414 -0.022952680289632557 0.0097518924198258805 0.00086156867237061627 0.0020651637647418203 0.0015875823958784287 -0.0038252649913503634 -0.00257677413066999 0.0019009269351621394 -0.0057456843089420248 0.011915159628555883 -0.0062103385812331217 -0.0077004785104134226 -0.0042634770536880504 -0.0040610677419169903 0.0043377562253611888 -0.0065263481124076652 -0.00079250320528223561 0.00079105358323511288 0.00062258773675234746 -0.0053367705030891834 -0.00081936430048836775 -0.018557900749332702 -0.0039925263464360098 -0.0011756653587332994 -0.0033645720627824617 -0.013722662729508634 -0.0024091523463671718 0.0029055596288603759 0.00033211345984830444 -0.003785899878882404
leaf_weight=7703 565 270 3639 3561 7493 6860 621 1009 702 501 1517 708 353 671 429 1325 7866 41996 15486 5839 19301 735 1530 9569 2718 497 4433 4036 102487 1497
leaf_count=7703 565 270 3639 3561 7493 6860 621 1009 702 501 1517 708 353 671 429 1325 7866 41996 15486 5839 19301 735 1530 9569 2718 497 4433 4036 102487 1497
internal_value=0 -0.0161667 0.000131669 -0.00247094 -0.00399811 -0.000140177 -0.00882364 -0.0042238 -0.0068854 -0.00422121 -0.00732256 -0.00123493 0.0170742 -0.0215525 -0.00682634 -0.0298766 0.000470573 -0.000872316 -0.0034992 -0.00822159 -0.00167721 0.00272329 0.00161836 0.00148828 0.00271614 0.00356124 0.00182619 0.00217581 0.00174841 -0.00516503
internal_weight=0 835 255082 29389 25828 14353 11475 8429 7420 6718 5864 4347 854 3046 1100 1946 225693 104007 49227 13705 35522 16221 121686 54780 45211 42493 120156 115723 111687 9200
internal_count=255917 835 255082 29389 25828 14353 11475 8429 7420 6718 5864 4347 854 3046 1100 1946 225693 104007 49227 13705 35522 16221 121686 54780 45211 42493 120156 115723 111687 9200
is_linear=0
shrinkage=0.1


Tree=136
num_leaves=31
num_cat=0
split_feature=142 13 137 137 20 4 5 53 4 2 148 18 4 62 134 4 97 134 7 94 76 64 13 123 93 3 1 20 0 5
split_gain=22.3217 26.1947 23.2989 52.2793 44.0791 42.8998 42.7274 57.0493 39.851 56.1107 47.6313 45.2848 53.1932 46.893 41.8362 43.4576 77.3768 54.5386 65.4595 50.9474 62.3818 49.1514 81.4362 64.2466 49.7953 45.7697 50.6111 43.8952 47.5055 41.6189
threshold=0.38392857142857145 13403423.500000002 1190775.0000000002 1108695.0000000002 16.500000000000004 297989.13000000006 1.5000000000000002 0.064938303304294662 1810477.7600000002 3580957.8800000004 408163.50000000006 1.0000000180025095e-35 1787180.4050000003 3843021.0000000005 46192968.000000007 580736.21000000008 7.5000000000000009 11392.500000000002 5.5000000000000009 23477.000000000004 10.500000000000002 0.046710639663755112 1231701.5000000002 4945445.5000000009 14.500000000000002 116905.99500000001 2198003.5000000005 6.5000000000000009 631655.00000000012 5.5000000000000009
decision_type=2 2 2 2 2 2 2 2 2 2 2 2 2 2 2 2 2 2 2 2 2 2 2 2 2 2 2 2 2 2
left_child=2 -2 3 8 5 -5 -4 -8 9 10 14 -11 -13 -14 15 17 21 29 19 -19 25 -17 -23 24 -24 -21 -27 28 -18 -1
right_child=1 -3 6 4 -6 -7 7 -9 -10 11 -12 12 13 -15 -16 16 27 18 -20 20 -22 22 23 -25 -26 26 -28 -29 -30 -31
leaf_value=-0.00014669403067164377 -0.0012600751685376223 0.020859960253557033 -0.013700941092891173 0.019472361362597505 -0.0041873890817001559 0.0096172815415802356 0.0062143072509060378 -0.001032315472161878 0.0014318972675429809 -0.0019886227452030301 -0.010710185937122453 -0.0052031009585110505 0.0054815197529387979 -0.004644972852878182 -0.019918336295215777 -0.00016944661183962103 -0.023284009975616259 -0.00013297780492859917 -0.041816567575098287 -0.013519709605814318 -0.0068731689512118044 0.0037833723718297854 5.4385162969714413e-05 0.0046557873438070442 0.012910720116157527 0.0017051311537674867 -0.010185757024995676 0.0041664048432832586 -0.0019643137948736501 0.00083453659144000307
leaf_weight=24355 7379 286 456 168 300 843 1648 34305 14643 2283 510 359 307 76 898 13001 280 93636 114 395 2049 8790 17867 1220 541 2274 357 230 258 26089
leaf_count=24355 7379 286 456 168 300 843 1648 34305 14643 2283 510 359 307 76 898 13001 280 93636 114 395 2049 8790 17867 1220 541 2274 357 230 258 26089
internal_value=0 -0.0052523 0.000226814 0.000628437 0.0205359 0.0305244 -0.00211 -0.0017242 0.000504472 0.000128313 0.000340274 -0.0133856 0.00807614 0.0339985 0.000421194 0.000522196 0.00335616 -0.00027875 -0.0016444 -0.00155693 -0.0113154 0.00393933 0.00626935 0.002687 0.00121413 -0.0021922 0.00257313 -0.0280949 -0.0437264 0.00239669
internal_weight=0 7665 248252 211843 1311 1011 36409 35953 210532 195889 192864 3025 742 383 192354 191456 42187 149269 98825 98711 5075 41419 28418 19628 18408 3026 2631 768 538 50444
internal_count=255917 7665 248252 211843 1311 1011 36409 35953 210532 195889 192864 3025 742 383 192354 191456 42187 149269 98825 98711 5075 41419 28418 19628 18408 3026 2631 768 538 50444
is_linear=0
shrinkage=0.1


Tree=137
num_leaves=31
num_cat=0
split_feature=4 13 138 0 84 138 64 93 63 20 3 123 0 52 138 13 4 134 64 63 20 4 137 105 92 92 3 123 4 123
split_gain=22.4266 36.6867 27.5011 29.5775 22.9136 22.2616 52.1505 66.143 58.4109 39.3279 48.9663 37.254 47.3985 37.6124 36.5334 36.4303 34.9675 31.4419 30.9953 60.4503 63.195 46.4144 45.0955 39.5165 39.0747 46.8682 62.1692 48.2594 44.1324 42.4618
threshold=10398.010000000002 38199.500000000007 32.500000000000007 1033122.5000000001 48.500000000000007 20.500000000000004 0.53061741984647826 2017.5000000000002 1.0000007910416122 24.500000000000004 863476.05500000005 66.500000000000014 2792236.5000000005 0.011244016445710813 28.500000000000004 179287.00000000003 126343.58500000002 310423.50000000006 56.333530940037839 302.86103896103901 8.5000000000000018 339830.83000000002 1190775.0000000002 13090.000000000002 99016.666666666672 10587.214285714288 366536.78500000009 17423.500000000004 713424.55500000005 1252932.5000000002
decision_type=2 2 2 2 2 2 2 2 2 2 2 2 2 2 2 2 2 2 2 2 2 2 2 2 2 2 2 2 2 2
left_child=1 4 3 -3 -1 18 7 8 -7 10 14 15 16 -14 17 -11 -13 -8 24 20 21 -20 23 -22 25 29 27 -27 -26 -2
right_child=5 2 -4 -5 -6 6 9 -9 -10 11 -12 12 13 -15 -16 -17 -18 -19 19 -21 22 -23 -24 -25 28 26 -28 -29 -30 -31
leaf_value=-0.0040636235937771886 9.4254203102284173e-05 0.011002893270588787 -0.00069937385019251859 -0.002166720552052121 0.028723683688191316 -0.0049241534757218704 -0.00041683116745262934 -0.10819045596967627 0.0034164346630814915 -0.00038240689182482694 -0.00080160351434360548 0.00074983881927037643 0.016187971674258939 -0.0027761199462872674 -0.0059201404132692773 -0.014519114549978562 0.0051661212643853496 -0.00342545524285209 -0.004158151892846307 -6.1521195815191233e-05 0.0034324432593880339 0.00090193998112847451 -0.0044709652750674067 -0.0012756460420814686 -0.0055496818787856509 0.0035896357809976024 0.0045671638415471939 -0.0035195414517042059 0.00010206494300785682 -0.00032619091416262268
leaf_weight=1470 127155 1511 779 230 69 914 3595 275 3901 1519 6704 1517 174 3726 2440 727 1648 2185 846 22894 7364 5378 1091 799 1904 1565 4930 1901 1935 44771
leaf_count=1470 127155 1511 779 230 69 914 3595 275 3901 1519 6704 1517 174 3726 2440 727 1648 2185 846 22894 7364 5378 1091 799 1904 1565 4930 1901 1935 44771
internal_value=0 0.00742428 0.0148538 0.0218417 -0.0047411 -6.85224e-05 -0.00265839 0.00654341 0.00926768 -0.00459102 -0.0077729 0.000509019 0.00407548 -0.00330324 -0.0129458 -0.0107096 0.0131677 -0.00861432 0.000272766 0.00285825 0.00768545 -0.000105918 0.0129257 0.0154778 -0.000265949 -5.34121e-05 0.00724199 -0.00302068 -0.010249 -0.000409683
internal_weight=0 4059 2520 1741 1539 251858 29325 5090 4815 24235 14924 9311 7065 3900 8220 2246 3165 5780 222533 38372 15478 6224 9254 8163 184161 180322 8396 3466 3839 171926
internal_count=255917 4059 2520 1741 1539 251858 29325 5090 4815 24235 14924 9311 7065 3900 8220 2246 3165 5780 222533 38372 15478 6224 9254 8163 184161 180322 8396 3466 3839 171926
is_linear=0
shrinkage=0.1


Tree=138
num_leaves=31
num_cat=0
split_feature=84 94 147 0 94 137 20 1 119 64 63 137 4 13 6 63 63 124 26 13 20 4 4 64 137 0 5 1 138 48
split_gain=21.7801 39.9229 34.1267 30.8089 29.2672 39.814 35.3326 28.3318 23.4299 22.4159 46.945 46.606 67.2945 55.3917 51.4103 41.1707 62.677 40.4382 40.0058 50.582 38.9452 36.4353 41.5607 32.9358 49.0709 65.6093 37.3383 36.374 35.9577 32.5348
threshold=6.5000000000000009 183725.3653846154 27.500000000000004 6436423.0000000009 284233.27272727276 671416.50000000012 15.500000000000002 76858458.500000015 1.0000000180025095e-35 56.333530940037839 3038.2916901673252 1190775.0000000002 443610.72500000003 137904.50000000003 36.083333333333336 4.0000001796246716 85.59080056587996 12.500000000000002 795001.00000000012 4510523.0000000009 15.500000000000002 956533.90500000014 1797686.0000000002 17648.43401174033 795252.00000000012 523208.00000000006 15.500000000000002 3919019.5000000005 12.500000000000002 46.000000000000007
decision_type=2 2 2 2 2 2 2 2 2 2 2 2 2 2 2 2 2 2 2 2 2 2 2 2 2 2 2 2 2 2
left_child=4 2 -2 -3 7 -6 -7 8 9 18 11 12 13 14 -11 -15 -17 -14 -1 -20 -18 -19 -23 24 25 -12 -26 -27 29 -25
right_child=1 3 -4 -5 5 6 -8 -9 -10 10 23 -13 17 15 -16 16 20 21 19 -21 -22 22 -24 28 26 27 -28 -29 -30 -31
leaf_value=-2.6220736496593739e-05 0.0017917976469144616 0.053755719495606008 -0.0079303870218924606 0.016337270177157939 -0.0066565231265741766 -0.028457594389558638 0.013654774581198216 -0.0070758431056824559 -0.043435005371757533 0.0046070306175972856 0.003294116991157925 -0.0045541920313223018 0.0045076889608235441 -0.0065353543101425576 0.0011643850687923507 0.0016386173180307747 -0.0025928462306808115 0.0017938860726334678 -0.0046876386869204702 0.0074129391239844411 -0.00012956212701175016 -0.0029591497362311853 0.0017416366778296565 0.00021048163509610474 0.0021919173813990576 -0.0029006413044480486 -0.0036626810492933707 0.0026967832637849521 -0.0014811241764508321 0.0020050770898791016
leaf_weight=194181 7222 132 867 336 1734 270 640 1455 52 1012 643 3643 8223 1239 4716 2173 1038 1704 2571 1098 1383 1445 1145 5836 701 2340 724 238 5861 1295
leaf_count=194181 7222 132 867 336 1734 270 640 1455 52 1012 643 3643 8223 1239 4716 2173 1038 1704 2571 1098 1383 1445 1145 5836 701 2340 724 238 5861 1295
internal_value=0 0.00502249 0.00337953 0.0334197 -0.000109123 -0.0105738 0.00636532 3.94089e-06 8.71558e-05 0.000101506 0.00210655 0.00467271 0.00626762 0.000766741 0.00775179 -0.00609257 -0.00172953 0.0113484 -0.00035817 -0.010703 -0.0127955 0.0034828 -0.00398882 -0.00192658 -0.00915274 -0.0159885 0.0062984 -0.0231162 0.00065753 0.00542698
internal_weight=0 8557 8089 468 247360 2644 910 244716 243261 243209 45359 27721 24078 11561 5728 5833 4594 12517 197850 3669 2421 4294 2590 17638 4646 3221 1425 2578 12992 7131
internal_count=255917 8557 8089 468 247360 2644 910 244716 243261 243209 45359 27721 24078 11561 5728 5833 4594 12517 197850 3669 2421 4294 2590 17638 4646 3221 1425 2578 12992 7131
is_linear=0
shrinkage=0.1


Tree=139
num_leaves=31
num_cat=0
split_feature=29 140 147 63 148 148 84 4 146 134 148 2 0 20 94 105 147 92 137 62 138 20 7 93 20 6 0 134 4 137
split_gain=21.448 20.8545 22.0431 45.0656 50.6725 32.8011 44.8328 35.6825 40.8837 36.8486 32.7332 28.0178 35.6602 36.5652 26.3288 25.9153 29.2736 24.3748 23.6567 23.6494 25.82 28.1585 23.1766 22.9029 21.9004 22.7922 21.2874 40.182 45.0008 44.1148
threshold=1094560.5000000002 1.2583333333333335 4.5000000000000009 0.98433877871360165 18168.000000000004 54187.500000000007 2066172.5000000002 262451.06500000006 831770.00000000012 2277110.0000000005 2806840.5000000005 789588.64500000014 2990627.0000000005 11.500000000000002 1840.1840000000002 308.00000000000006 20.500000000000004 870662.00000000012 671416.50000000012 506135.50000000006 9.5000000000000018 8.5000000000000018 3.5000000000000004 4982.5000000000009 7.5000000000000009 66.083333333333357 35782503.000000007 10906531.500000002 580736.21000000008 1190775.0000000002
decision_type=2 2 2 2 2 2 2 2 2 2 2 2 2 2 2 2 2 2 2 2 2 2 2 2 2 2 2 2 2 2
left_child=1 2 17 4 -4 7 11 8 19 14 -8 24 13 -13 23 16 -6 26 -19 20 -5 -22 -21 -9 -7 -26 27 -1 -29 -30
right_child=-2 -3 3 5 15 6 10 9 -10 -11 -12 12 -14 -15 -16 -17 -18 18 -20 22 21 -23 -24 -25 25 -27 -28 28 29 -31
leaf_value=1.1962413548624002e-06 -0.018242978693683142 -0.0019552603776935118 0.00576216252611621 0.0089206621669647209 -0.00031200300130124003 -0.0089215272312164143 0.016520515345264521 0.014652434626409078 0.01285827073610506 0.0010855326187575009 -0.030255127762059832 0.023874719047822013 -3.6064023294921235e-05 0.0021233998428978095 0.00014747372167379723 -0.02193553558281125 -0.01298366779618001 -0.033536875206466026 0.0045871065911743617 0.02602011280747012 -0.013105883020918852 -0.0019875632983332005 -0.0052561733676011928 -0.027900415630015465 0.01109607350940847 -0.0064204261685804455 -0.0032970659587445274 -0.002462484151528388 0.011486463754465116 0.00020805667793482032
leaf_weight=226205 481 3961 1055 247 1042 359 893 902 120 444 113 183 3859 306 182 197 637 593 353 60 165 444 35 23 62 242 6354 1800 2941 1659
leaf_count=226205 481 3961 1055 247 1042 359 893 902 120 444 113 183 3859 306 182 197 637 593 353 60 165 444 35 23 62 242 6354 1800 2941 1659
internal_value=0 0.000102244 0.000215644 0.00447891 -0.00623578 0.00811414 0.00404653 0.0174485 0.00340997 0.0271425 0.0233116 0.000178902 0.00309879 0.0285395 0.0369041 -0.016096 -0.0120701 1.00384e-05 -0.0160101 -0.00353036 -0.00878382 -0.0198445 0.043806 0.0437449 -0.01897 0.000780603 7.34596e-05 0.000229456 0.00804335 0.0132887
internal_weight=0 255436 251475 11570 2931 8639 6017 2622 1071 1551 1006 5011 4348 489 1107 1876 1679 239905 946 951 856 609 95 925 663 304 238959 232605 6400 4600
internal_count=255917 255436 251475 11570 2931 8639 6017 2622 1071 1551 1006 5011 4348 489 1107 1876 1679 239905 946 951 856 609 95 925 663 304 238959 232605 6400 4600
is_linear=0
shrinkage=0.1


Tree=140
num_leaves=31
num_cat=0
split_feature=4 13 138 4 4 0 4 64 0 26 62 75 94 5 138 92 126 7 0 94 4 20 20 123 4 13 48 137 0 133
split_gain=20.5871 35.6439 26.574 22.3742 121.675 53.8726 46.5244 43.2459 49.2163 46.7797 46.0679 44.7595 48.0944 45.1841 48.9462 40.3519 39.7424 37.755 34.9629 35.7261 34.8026 148.973 148.356 90.2828 46.4943 101.374 64.4309 126.545 96.6264 70.4232
threshold=10398.010000000002 38199.500000000007 32.500000000000007 107145.25000000001 118510.045 1155349.5000000002 100618.16000000002 0.034335793918114491 3046715.0000000005 85824.000000000015 368935.00000000006 2.5000000000000004 1083.0443852459018 5.5000000000000009 28.500000000000004 35689.750000000007 0.19375000000000003 3.5000000000000004 14441963.500000002 2276.5000000000005 157381.25500000003 2.5000000000000004 1.5000000000000002 34989.500000000007 402040.90000000008 2670098.5000000005 22.000000000000004 795252.00000000012 2606753.5000000005 10.000000000000002
decision_type=2 2 2 2 2 2 2 2 2 2 2 2 2 2 2 2 2 2 2 2 2 2 2 2 2 2 2 2 2 2
left_child=1 -1 -3 6 5 15 7 10 9 -9 -2 13 -13 14 17 16 -5 -11 19 -10 21 22 -6 -24 25 26 29 -28 -29 -22
right_child=3 2 -4 4 20 -7 -8 8 18 11 -12 12 -14 -15 -16 -17 -18 -19 -20 -21 24 -23 23 -25 -26 -27 27 28 -30 -31
leaf_value=-0.0026553141155517307 0.00027824670832354848 0.0078699079151856033 -0.00049818988714658288 0.0074379497342155878 0.0068430952476182267 -0.00093673763868889679 -0.0050512242603924402 -0.00070985160914189833 0.0042986613832007364 -0.0018428661054736115 0.0066983318785116541 -0.001237746915366494 -0.041106346621566328 0.007100431905299397 -0.0090094733028002194 -0.029200176820522273 0.00017954824825581195 0.0025151077231736485 -0.004962074245677961 -0.0085314080383032207 -0.00024578786059382816 0.001651655753707438 -0.0013643709624702851 -0.01307618161337022 0.00018069133669791645 -0.001092533046177975 -9.2656307800809409e-06 0.0030748435313734663 -0.0022734193171856216 -0.0013622184040672023
leaf_weight=1539 17301 1741 779 3594 487 609 2015 20104 1268 1115 1186 409 686 241 619 76 769 857 519 152 25044 11170 528 866 118781 3674 29373 1889 440 8086
leaf_count=1539 17301 1741 779 3594 487 609 2015 20104 1268 1115 1186 409 686 241 619 76 769 857 519 152 25044 11170 528 866 118781 3674 29373 1889 440 8086
internal_value=0 0.00712543 0.0144487 -5.34931e-05 0.000394845 0.0157282 -0.00203495 -0.00136134 -0.00399282 -0.00522939 0.00233528 -0.0152122 -0.0323815 -0.00857368 -0.012426 0.0195546 0.020813 -0.00472551 0.0113327 0.0194508 8.48405e-06 0.00500142 -0.021034 -0.0376333 -0.000339446 -0.00241415 -0.0014984 0.0017243 0.0241615 -0.00458219
internal_weight=0 4059 2520 251858 205386 5048 46472 44457 25970 24031 18487 3927 1095 2832 2591 4439 4363 1972 1939 1420 200338 13051 1881 1394 187287 68506 64832 31702 2329 33130
internal_count=255917 4059 2520 251858 205386 5048 46472 44457 25970 24031 18487 3927 1095 2832 2591 4439 4363 1972 1939 1420 200338 13051 1881 1394 187287 68506 64832 31702 2329 33130
is_linear=0
shrinkage=0.1


Tree=141
num_leaves=31
num_cat=0
split_feature=127 117 2 127 2 134 4 64 20 137 0 141 124 124 64 123 126 0 123 2 137 20 0 0 62 1 123 5 137 62
split_gain=20.4816 19.8606 40.2389 20.3449 34.212 79.7237 78.8247 96.5775 60.1236 166.337 111.545 93.6093 54.0318 83.3949 57.6556 79.6255 47.6916 75.7331 63.8027 41.6475 50.4808 59.3208 49.054 43.2622 41.64 41.894 41.5471 40.7507 72.715 38.5072
threshold=2.7083333333333335 0.19375000000000003 353764.90500000009 0.17156862745098042 357949.50000000006 705.50000000000011 378266.18500000006 17648.43401174033 2.5000000000000004 83052.500000000015 1669367.5000000002 0.66450216450216459 11.500000000000002 9.5000000000000018 0.99999942509572171 37456.500000000007 0.12916666666666668 47003.500000000007 453.50000000000006 728888.12500000012 92701.000000000015 44.500000000000007 2707174.0000000005 230.50000000000003 1526338.5000000002 1539204.5000000002 414009.50000000006 5.5000000000000009 7598.5000000000009 1086926.5000000002
decision_type=2 2 2 2 2 2 2 2 2 2 2 2 2 2 2 2 2 2 2 2 2 2 2 2 2 2 2 2 2 2
left_child=1 3 -3 -1 5 -5 7 19 9 10 11 12 13 -7 15 -15 17 -10 -19 20 21 -6 -22 -21 -12 -26 -24 -20 -29 -8
right_child=-2 2 -4 4 6 8 29 -9 16 -11 24 -13 -14 14 -16 -17 -18 18 27 23 22 -23 26 -25 25 -27 -28 28 -30 -31
leaf_value=0.00016812617420120901 0.011582530504496808 -0.027037505928168715 0.0035087717013123037 0.0033375564981573459 -0.0014441941531407095 -0.0015596088030646049 0.0004330503304997809 0.0010163834201128686 0.0083420396815863992 -0.0096243840510700923 0.0023645132277087758 0.001577463837917642 0.001207554332863387 -0.001593225704361756 0.002539282229723128 -0.019715757007424856 -0.0019644555819698485 -0.010808521097521189 0.0015208178093333526 0.0038232395144813581 0.0024285352450200449 0.0094469159598367224 -0.0054717711589183596 -0.0079759501685148938 -0.0042990852814648655 0.0016020638521040355 0.0026936148642826142 -0.0016273861897695197 0.00072055658490232082 -0.00076962265751249082
leaf_weight=124768 41 270 238 8141 13065 6310 31304 1974 1919 605 998 1646 1437 381 171 842 3125 463 6229 226 2308 263 951 1458 149 162 440 6138 10489 29406
leaf_count=124768 41 270 238 8141 13065 6310 31304 1974 1919 605 998 1646 1437 381 171 842 3125 463 6229 226 2308 263 951 1458 149 162 440 6138 10489 29406
internal_value=0 4.70639e-05 -0.0197059 8.63583e-05 -0.000786059 0.00129561 -0.00204447 -0.00737579 -0.000496634 -0.0062147 -0.00365533 -0.00700055 -0.0109536 -0.014274 -0.0364098 -0.0440144 0.00206392 0.00350685 0.00193541 -0.00959519 -0.00811148 -0.01098 0.00222408 -0.024597 0.0239114 -0.00803859 -0.0126096 0.00267989 9.54291e-05 -0.000227996
internal_weight=0 255876 508 255368 130600 49205 81395 20685 41064 12701 12096 10787 9141 7704 1394 1223 28363 25238 23319 18711 17027 13328 3699 1684 1309 311 1391 22856 16627 60710
internal_count=255917 255876 508 255368 130600 49205 81395 20685 41064 12701 12096 10787 9141 7704 1394 1223 28363 25238 23319 18711 17027 13328 3699 1684 1309 311 1391 22856 16627 60710
is_linear=0
shrinkage=0.1


Tree=142
num_leaves=31
num_cat=0
split_feature=29 126 4 2 13 2 20 1 2 134 3 4 4 20 20 124 63 94 20 137 3 2 10 4 5 4 1 20 124 134
split_gain=19.6232 20.2173 43.3325 59.6722 58.3388 72.2974 57.0459 55.757 51.3072 62.3758 55.7073 42.8486 45.7837 41.0148 36.9638 34.5277 33.6879 32.6542 40.5496 60.1991 49.9145 38.2794 33.9292 33.7788 32.9167 35.8207 36.5595 31.3515 28.3636 42.7846
threshold=1094560.5000000002 0.060661764705882359 230077.53500000003 3107628.2800000007 619859.50000000012 108677.10500000003 2.5000000000000004 26661.500000000004 226537.70000000004 713918.00000000012 266638.09000000003 107145.25000000001 200228.64000000004 2.5000000000000004 23.500000000000004 14.500000000000002 5.0000001234584071 3.9999952396366898 21.500000000000004 2423656.0000000005 337105.17000000004 2975681.5700000008 1.5000000000000002 956533.90500000014 11.500000000000002 809294.05500000017 839690.50000000012 23.500000000000004 12.500000000000002 926282.50000000012
decision_type=2 2 2 2 2 2 2 2 2 2 2 2 2 2 2 2 2 2 2 2 2 2 2 2 2 2 2 2 2 2
left_child=1 28 4 17 5 -3 -6 11 -8 10 -10 -7 13 -13 -11 -9 -5 18 20 21 -4 24 -22 -21 25 26 -20 -14 -1 -30
right_child=-2 2 3 16 6 7 8 15 9 14 -12 12 27 -15 -16 -17 -18 -19 19 23 22 -23 -24 -25 -26 -27 -28 -29 29 -31
leaf_value=0.00013930562404885274 -0.016480054991034599 0.0010860971353644278 0.0061822228661468272 -0.0056307757893752086 -0.011706034599149619 -0.013722838319384412 0.0069422549667401585 -0.0042846431874737469 0.0037279241512527816 0.0040780216941397988 -0.0018719050740702372 -0.013703634353456718 -8.1354507146524924e-05 0.0048155340665682949 -0.010638402628087223 0.0014231728211469676 0.0029667248864206686 0.0036007199406402051 -0.016139064276277322 0.0075381148613195437 -0.0073682922521543966 0.0049446402863043285 0.0010392541384869473 -0.004685430346526998 0.00066613368387540234 -0.0020877557848196318 -0.00294350365510271 -0.050297298342467073 -3.349269694453052e-05 -0.002418931414725556
leaf_weight=192487 481 2522 1063 3816 138 646 125 4045 773 55 365 212 123 1362 122 421 1116 2939 553 841 345 168 4596 1034 701 899 554 118 24893 8404
leaf_count=192487 481 2522 1063 3816 138 646 125 4045 773 55 365 212 123 1362 122 421 1116 2939 553 841 345 168 4596 1034 701 899 554 118 24893 8404
internal_value=0 7.71218e-05 -0.00237782 0.000563627 -0.00734602 -0.0103184 0.0104527 -0.0155964 0.0163387 0.010519 0.0191084 -0.00351049 0.00436162 0.0105764 -0.0447052 -0.0222564 -0.00886776 0.00396066 0.00140776 -0.00549595 0.00686954 -0.0145873 0.0026404 0.00844418 -0.0174619 -0.0239806 -0.0360228 -0.0362276 0.000399527 -0.00229531
internal_weight=0 255436 29652 18625 11027 9449 1578 6927 1440 1315 1138 2461 1815 1574 177 4466 4932 13693 10754 4750 6004 2875 4941 1875 2707 2006 1107 241 225784 33297
internal_count=255917 255436 29652 18625 11027 9449 1578 6927 1440 1315 1138 2461 1815 1574 177 4466 4932 13693 10754 4750 6004 2875 4941 1875 2707 2006 1107 241 225784 33297
is_linear=0
shrinkage=0.1


Tree=143
num_leaves=31
num_cat=0
split_feature=7 14 137 5 93 3 138 1 4 22 86 138 134 123 48 123 2 123 134 123 4 137 62 20 4 2 0 1 65 1
split_gain=19.4296 29.6821 34.2085 27.4115 57.1802 45.14 31.5558 39.1252 31.5698 30.1549 28.6999 26.4835 54.0667 34.6812 98.621 98.121 106.806 71.5432 86.5383 98.917 70.7569 46.784 60.2115 75.5438 45.3418 39.8377 36.9537 60.9557 36.0292 34.1161
threshold=4.5000000000000009 3.5000000000000004 30290.500000000004 10.500000000000002 3.5000000000000004 43932.250000000007 36.500000000000007 1640923.0000000002 10398.010000000002 6.5000000000000009 19.500000000000004 16.500000000000004 1096013.0000000002 1408452.5000000002 46.000000000000007 1768700.0000000002 366310.03000000009 987946.00000000012 163826.50000000003 1008638.5000000001 993579.01000000013 460153.50000000006 1008633.5000000001 19.500000000000004 316248.35500000004 583246.45000000007 4208112.5000000009 3999742.5000000005 1.0000000180025095e-35 1602601.0000000002
decision_type=2 2 2 2 2 2 2 2 2 2 2 2 2 2 2 2 2 2 2 2 2 2 2 2 2 2 2 2 2 2
left_child=1 11 -3 4 5 6 8 -8 -2 -7 -6 13 -13 17 15 -15 28 -1 19 -19 26 22 23 -20 29 -18 27 -16 -17 -24
right_child=3 2 -4 -5 10 9 7 -9 -10 -11 -12 12 -14 14 20 16 25 18 21 -21 -22 -23 24 -25 -26 -27 -28 -29 -30 -31
leaf_value=6.4200079702329699e-05 0.0088142450178690275 -0.00014418776043317045 -0.0053835399334493999 0.00012440608757815496 -0.0033345722112761728 0.003681564384212094 -0.016001016664161212 0.002267419834018037 -0.0011071319134638589 0.011310049849647655 0.010770819511327077 -0.00012990601713638891 -0.0045616695555818158 -0.0012923952507483238 0.00097451279345336895 0.0043996401811891911 -0.00058394246280386972 0.0043124082505369482 -0.00099880847101985258 -0.0014395449162839281 -0.0013748015044650732 -0.0018108897389185865 0.0014831524326631873 0.011916891846509833 0.0033021851153272365 -9.1449122397500553e-05 0.0026560573001632951 -0.0026918948322167875 -0.0050388319688637112 0.0042716822273915229
leaf_weight=126702 671 2736 2249 35422 2935 3060 381 258 752 997 317 17681 5805 9207 2937 266 3163 441 1458 1938 2286 1209 1767 157 3053 25058 1913 231 20 847
leaf_count=126702 671 2736 2249 35422 2935 3060 381 258 752 997 317 17681 5805 9207 2937 266 3163 441 1458 1938 2286 1209 1767 157 3053 25058 1913 231 20 847
internal_value=0 -0.000377695 -0.00800245 0.00191532 0.00672487 0.0124195 0.000371944 -0.0180887 0.00866172 0.0185427 -0.00399019 -0.000193308 -0.00335425 0.000213134 -0.00219401 -0.00426121 -0.00136244 0.00100193 0.0087876 -0.00806906 0.00838863 0.0135105 0.016535 -0.000498518 0.0213893 -0.00197864 0.0149622 0.00833518 0.0594406 0.0310561
internal_weight=0 211124 4985 44793 9371 6119 2062 639 1423 4057 3252 206139 23486 182653 45081 37714 28507 137572 10870 2379 7367 8491 7282 1615 5667 28221 5081 3168 286 2614
internal_count=255917 211124 4985 44793 9371 6119 2062 639 1423 4057 3252 206139 23486 182653 45081 37714 28507 137572 10870 2379 7367 8491 7282 1615 5667 28221 5081 3168 286 2614
is_linear=0
shrinkage=0.1


Tree=144
num_leaves=31
num_cat=0
split_feature=6 134 147 67 148 62 93 134 64 0 148 65 94 140 9 29 76 93 20 137 2 64 123 13 29 30 134 48 134 13
split_gain=18.7096 31.1485 21.6798 37.3164 41.3536 32.8336 40.8154 27.4531 26.1438 29.3345 28.0755 25.7207 32.6812 23.526 21.9927 21.4629 53.715 67.2087 43.8041 31.9112 58.6743 40.379 39.0606 31.5928 22.9086 23.8296 41.5766 22.8213 49.8091 74.5168
threshold=222.25000000000003 645042.50000000012 4.5000000000000009 10.500000000000002 117482.50000000001 385870.00000000006 7.5000000000000009 3531144.0000000005 0.039892195743290511 12203388.500000002 502293.50000000006 1.0000000180025095e-35 2848.1429937828793 1.0930735930735931 1.5000000000000002 3.5000000000000004 7.5000000000000009 50.500000000000007 19.500000000000004 347239.50000000006 815824.19500000018 0.056177506920462493 938.50000000000011 321939.00000000006 23.500000000000004 8.5000000000000018 160031.50000000003 46.000000000000007 4077852.5000000005 466912.50000000006
decision_type=2 2 2 2 2 2 2 2 2 2 2 2 2 2 2 2 2 2 2 2 2 2 2 2 2 2 2 2 2 2
left_child=2 -2 15 4 5 11 7 13 10 -10 -6 12 -4 14 -7 27 17 18 19 20 23 -22 -21 -17 -25 -26 -27 -1 29 -29
right_child=1 -3 3 -5 8 6 -8 -9 9 -11 -12 -13 -14 -15 -16 16 -18 -19 -20 22 21 -23 -24 24 25 26 -28 28 -30 -31
leaf_value=-5.2492870312245704e-05 0.00016516123541181243 -0.011323577625905171 0.002412394123016093 -0.0050488118682759636 -0.00036480557448554415 0.0039360534145954224 -0.0038641720030111685 0.0015707301808670195 -0.0012572798475259197 0.0101462098792394 -0.010963045261073346 0.0089260091141334496 -0.018922682745112177 -0.0047981587691748161 0.015593958084225768 0.0027525455409719455 -0.0069493336461567802 0.013820185380967732 0.0049187291548461196 -0.020670268718563478 -0.007856482765658505 -0.0032082567256623397 0.0048092073459167902 -0.0030140283470630434 -0.00030745300946410925 5.9718119948565328e-05 -0.020832856907658841 -0.00032421647390528112 -0.0044200461280759383 0.0010126795704409168
leaf_weight=198104 1534 1052 1993 1330 1631 132 170 241 1734 1821 475 925 185 66 581 1263 1788 950 1026 93 392 1409 641 108 1168 142 131 14153 3799 16880
leaf_count=198104 1534 1052 1993 1330 1631 132 170 241 1734 1821 475 925 185 66 581 1263 1788 950 1026 93 392 1409 641 108 1168 142 131 14153 3799 16880
internal_value=0 -0.00844059 0.000108562 0.00439308 0.00649514 0.0138967 0.0280187 0.0355794 0.00088218 0.00611273 -0.00794717 0.00848093 0.00254769 0.0447045 0.0499918 -9.11779e-05 -0.00485252 -0.00105846 -0.00475724 -0.00838889 -0.0114705 -0.0255628 0.010978 -0.00244476 -0.0120159 -0.00868657 -0.0352856 9.5056e-05 0.00245559 0.00377867
internal_weight=0 2586 253331 11284 9954 4293 1190 1020 5661 3555 2106 3103 2178 779 713 242047 9111 7323 6373 5347 4613 1801 734 2812 1549 1441 273 232936 34832 31033
internal_count=255917 2586 253331 11284 9954 4293 1190 1020 5661 3555 2106 3103 2178 779 713 242047 9111 7323 6373 5347 4613 1801 734 2812 1549 1441 273 232936 34832 31033
is_linear=0
shrinkage=0.1


Tree=145
num_leaves=31
num_cat=0
split_feature=29 140 64 4 62 3 14 136 21 137 133 4 137 52 134 105 17 64 3 66 123 0 137 20 48 20 0 2 3 2
split_gain=18.2213 18.6959 31.1556 40.725 41.3773 37.5539 27.869 24.8895 21.8362 43.2605 96.3428 68.599 66.709 57.0329 51.3294 39.6278 36.5104 34.6547 33.6632 49.7962 52.3377 89.1566 47.7605 44.2571 43.1597 41.3872 37.9666 36.844 87.2008 60.4541
threshold=1094560.5000000002 0.81547619047619058 0.19281453162768566 572771.20000000007 869519.50000000012 326233.1700000001 2.5000000000000004 1.5000000000000002 6.5000000000000009 223769.50000000003 28.000000000000004 1009676.2150000002 212614.50000000003 0.99999118010231092 104220.50000000001 825.00000000000011 5.5000000000000009 0.61175196529535014 43932.250000000007 8347.5000000000018 574758.00000000012 870539.50000000012 83052.500000000015 1.0000000180025095e-35 56.000000000000007 1.0000000180025095e-35 852529.50000000012 704238.80500000005 739649.01500000013 439882.53000000003
decision_type=2 2 2 2 2 2 2 2 2 2 2 2 2 2 2 2 2 2 2 2 2 2 2 2 2 2 2 2 2 2
left_child=1 8 3 4 5 -3 -5 -6 9 12 13 14 15 -11 -12 16 18 -15 26 20 25 -22 23 -23 27 -20 -1 29 -29 -25
right_child=-2 2 -4 6 7 -7 -8 -9 -10 10 11 -13 -14 17 -16 -17 -18 -19 19 -21 21 22 -24 24 -26 -27 -28 28 -30 -31
leaf_value=0.002518009329188553 -0.014421971993013117 -0.0002745808547198747 -0.00017896133892897543 0.0020854432811886815 -0.0043540282104057018 -0.010635145711218139 -0.0028276057699785019 -0.0017736793697170428 0.00020865341392953957 -0.019843348759818039 -0.0027922554994461949 -0.028421605605039191 0.0071170932731008723 -0.0037342829401893936 0.0019612989898920019 0.0048834850233201001 0.0024286595916963504 -0.00058872992304591636 0.0040082489706134931 -0.0034520805827894588 0.0031728187530185785 -0.0038057131040663468 -0.0040567439115025876 0.00018001496344083868 0.0017164192453085507 -0.00073478436905044921 -0.0024961200108123104 0.0023082028810151112 -0.00028535082460069992 -0.00082869908355509905
leaf_weight=4806 481 1073 17764 1051 497 238 1175 302 145344 556 490 463 737 1866 2185 754 2837 3165 966 1220 1932 338 697 7198 2031 44576 585 2139 4240 4211
leaf_count=4806 481 1073 17764 1051 497 238 1175 302 145344 556 490 463 737 1866 2185 754 2837 3165 966 1220 1932 338 697 7198 2031 44576 585 2139 4240 4211
internal_value=0 6.31517e-05 -0.00271673 -0.0103165 -0.0202707 -0.00933837 -0.000880966 -0.0382084 0.000326443 -0.000916853 -0.0076001 0.00642124 -0.000181221 -0.0154753 0.0125725 -0.000462257 -0.000683436 -0.0121166 -0.001105 -0.00169509 -0.00133754 0.0025752 0.000671264 0.00156117 0.00217309 -0.00329519 0.00650757 0.000596242 0.00668274 -0.00280684
internal_weight=0 255436 22100 4336 2110 1311 2226 799 233336 87992 8725 3138 79267 5587 2675 78530 77776 5031 74939 69548 68328 22786 20854 20157 19819 45542 5391 17788 6379 11409
internal_count=255917 255436 22100 4336 2110 1311 2226 799 233336 87992 8725 3138 79267 5587 2675 78530 77776 5031 74939 69548 68328 22786 20854 20157 19819 45542 5391 17788 6379 11409
is_linear=0
shrinkage=0.1


Tree=146
num_leaves=31
num_cat=0
split_feature=124 134 133 20 3 21 4 123 67 1 0 0 4 0 1 1 94 2 17 1 1 62 137 62 4 97 3 137 3 63
split_gain=18.6831 50.2274 83.2414 64.3577 47.6861 64.6043 45.0476 67.0486 61.7404 46.6644 58.5956 43.9976 62.8295 46.582 49.8611 42.7597 51.2065 50.691 39.0116 37.0645 36.4765 52.562 45.3451 43.8079 48.0101 36.2017 39.3223 36.01 39.057 35.8216
threshold=4.5000000000000009 460013.00000000006 10.000000000000002 23.500000000000004 156523.57000000004 6.5000000000000009 580736.21000000008 11787.500000000002 5.5000000000000009 418463.50000000006 3441452.0000000005 373133.00000000006 107145.25000000001 480874.50000000006 554596.00000000012 254622.50000000003 379.25000000000006 253559.90500000006 4.5000000000000009 1640923.0000000002 1602601.0000000002 1539219.0000000002 1142066.5000000002 2666672.5000000005 432900.95500000013 7.5000000000000009 2169424.4750000001 191647.50000000003 75301.23000000001 148321.38295635328
decision_type=2 2 2 2 2 2 2 2 2 2 2 2 2 2 2 2 2 2 2 2 2 2 2 2 2 2 2 2 2 2
left_child=1 4 3 -3 11 15 7 8 29 -9 20 12 27 -13 -15 16 18 -17 -6 -16 21 -11 23 -22 -25 26 -8 28 -1 -7
right_child=-2 2 -4 -5 5 6 25 9 -10 10 -12 13 -14 14 19 17 -18 -19 -20 -21 22 -23 -24 24 -26 -27 -28 -29 -30 -31
leaf_value=0.0026286346877050894 -0.00011402455679747625 0.0016615430247441888 -9.5417659660437804e-05 -0.0004722301377295235 -0.0016978952741220907 0.0041162701292556999 0.0040587229486778098 -0.0036936218747124941 -0.0017505826737525172 -0.00021664532842549102 -0.0014480981808722532 -0.0022395412684446561 0.0072395447893297332 0.0017248691304138531 -0.00095000040192324729 -0.0036921975440706856 0.0066634962238934911 -0.0014996283290846487 0.0027766548756563399 0.0010309122871622371 0.0039260545945268175 -0.0038899424370322346 -0.00075180718737245149 -0.0011322587314378187 0.010068187096399953 -0.0070156334671004879 -0.00088695938802279 -0.017879666745103107 -0.002009437036539885 -0.011973173995728345
leaf_weight=9953 145873 13431 19256 4711 7821 4158 4793 1739 2137 3942 1375 4405 2979 3789 4235 723 733 6566 1303 2695 834 164 576 375 74 496 2444 271 3977 89
leaf_count=9953 145873 13431 19256 4711 7821 4158 4793 1739 2137 3942 1375 4405 2979 3789 4235 723 733 6566 1303 2695 834 164 576 375 74 496 2444 271 3977 89
internal_value=0 0.00100059 0.0039782 0.00883876 -0.000532284 -0.00282494 0.000615599 -0.00250083 0.0053519 -0.00802256 -0.00453296 0.00233084 0.00579349 -0.00160253 0.00195519 -0.00747949 -0.00318513 -0.0132868 -0.00522804 -0.00308793 -0.000243225 -0.00550499 0.0113785 0.0218431 -0.00334076 0.00684724 0.00863847 0.0030237 0.00372607 0.0123278
internal_weight=0 110044 37398 18142 72646 40342 23196 15463 6384 9079 7340 32304 17180 15124 10719 17146 9857 7289 9124 6930 5965 4106 1859 1283 449 7733 7237 14201 13930 4247
internal_count=255917 110044 37398 18142 72646 40342 23196 15463 6384 9079 7340 32304 17180 15124 10719 17146 9857 7289 9124 6930 5965 4106 1859 1283 449 7733 7237 14201 13930 4247
is_linear=0
shrinkage=0.1


Tree=147
num_leaves=31
num_cat=0
split_feature=0 123 105 20 3 4 62 0 3 123 3 0 0 4 4 0 20 94 0 63 137 0 64 48 0 2 1 62 4 4
split_gain=19.9362 90.3067 69.7135 71.7096 64.6433 69.2884 70.4225 60.5258 81.8226 73.5131 67.2791 72.6742 66.7688 65.9772 79.777 98.9911 78.1857 70.7593 73.0417 84.9904 78.5865 73.9055 62.4873 61.0511 57.4134 57.1262 69.8755 58.9231 52.4323 102.342
threshold=1090596.5000000002 574758.00000000012 459802.50000000006 24.500000000000004 241023.39500000005 154390.96000000005 937052.50000000012 1786674.0000000002 131432.37500000003 331547.50000000006 568767.76000000013 1459201.0000000002 2660256.0000000005 432900.95500000013 303541.82000000007 4208112.5000000009 1.5000000000000002 225.18637133182847 2841866.0000000005 34054.401984058124 155000.50000000003 4579999.5000000009 3.7631848290338961 46.000000000000007 2363856.0000000005 852495.66500000004 933546.50000000012 8749.5000000000018 451843.75500000006 109735.58500000001
decision_type=2 2 2 2 2 2 2 2 2 2 2 2 2 2 2 2 2 2 2 2 2 2 2 2 2 2 2 2 2 2
left_child=1 2 3 -1 5 6 -3 8 -2 25 11 -11 24 14 17 22 -17 18 -14 20 -20 23 -16 -21 -9 26 -10 -28 29 -5
right_child=7 4 -4 28 -6 -7 -8 12 9 10 -12 -13 13 -15 15 16 -18 -19 19 21 -22 -23 -24 -25 -26 -27 27 -29 -30 -31
leaf_value=-0.00022091132180888096 -0.0032611239218736654 -0.002549559697262449 0.0088714728605130411 0.00037435857107999128 0.00044345799308187565 0.0032946014882979102 0.0055265286811020387 0.00026301573689318321 -0.0046604631382187282 -0.0002284001120151036 0.00099684163334139587 -0.0012487895093462335 -0.0014749965050558555 0.00011915106049551483 -0.0006398720762052526 0.0058849168110909613 -0.00065041146733185533 -0.0033285738423013802 0.0015126437019524713 -0.0018355593876535942 -0.0020330214741008479 0.0015206198110768393 -0.0033057178120637735 0.0010764856837181536 0.0019529575579719208 -0.0020062800103782807 -0.0036282330181837625 0.0037816554886379063 -0.00060663082138960882 0.0048605027770614933
leaf_weight=85098 1988 611 224 7193 3903 2186 220 13119 488 5916 3388 6297 1307 82133 3471 195 3580 2264 6133 1178 1553 461 1775 318 5064 1586 417 3173 4636 6042
leaf_count=85098 1988 611 224 7193 3903 2186 220 13119 488 5916 3388 6297 1307 82133 3471 195 3580 2264 6133 1178 1553 461 1775 318 5064 1586 417 3173 4636 6042
internal_value=0 0.00102426 0.000282664 0.000161436 0.0120832 0.0230763 -0.00150289 -0.000758389 -0.00543579 -0.00362206 -0.00716477 -0.0106236 0.000129108 -0.000845158 -0.00567745 -0.012927 -0.000578142 -0.000728307 0.0025991 0.00560594 0.0103432 -0.0129992 -0.0218132 -0.0237869 0.00572126 0.00613602 0.012399 0.0172252 0.00592009 0.00912587
internal_weight=0 110113 103193 102969 6920 3017 831 145804 23253 21265 15601 12213 122551 104368 22235 9021 3775 13214 10950 9643 7686 1957 5246 1496 18183 5664 4078 3590 17871 13235
internal_count=255917 110113 103193 102969 6920 3017 831 145804 23253 21265 15601 12213 122551 104368 22235 9021 3775 13214 10950 9643 7686 1957 5246 1496 18183 5664 4078 3590 17871 13235
is_linear=0
shrinkage=0.1


Tree=148
num_leaves=31
num_cat=0
split_feature=7 138 134 76 0 13 3 62 134 4 20 148 137 137 64 134 13 20 4 75 1 4 13 64 137 6 3 90 93 92
split_gain=18.6577 30.1465 43.5717 43.8008 40.6159 68.7569 55.21 53.2552 59.6228 53.851 63.0718 53.3515 55.4682 49.9436 48.5621 45.964 43.6705 43.5399 70.1033 43.8088 43.1299 38.1813 36.5875 35.2455 33.8596 32.6921 40.4336 32.4787 32.3122 32.1497
threshold=4.5000000000000009 10.500000000000002 5072073.5000000009 7.5000000000000009 3441452.0000000005 1046808.0000000001 612911.16500000015 1055146.5000000002 645042.50000000012 590421.90000000014 3.5000000000000004 34489.500000000007 12209.500000000002 55.500000000000007 56.333530940037839 275111.00000000006 2807852.5000000005 23.500000000000004 23974.635000000006 1.5000000000000002 3045576.0000000005 214492.32500000004 5023595.5000000009 0.034335793918114491 307210.00000000006 62.166666666666679 180202.04500000001 29.043650410957689 97125.500000000015 22515.750000000004
decision_type=2 2 2 2 2 2 2 2 2 2 2 2 2 2 2 2 2 2 2 2 2 2 2 2 2 2 2 2 2 2
left_child=1 2 22 -4 5 7 25 9 -9 11 -11 12 15 21 16 -3 27 18 -14 20 23 -6 28 -20 -21 26 -7 -15 -1 -12
right_child=-2 4 3 -5 13 6 -8 8 -10 10 29 -13 17 14 -16 -17 -18 -19 19 24 -22 -23 -24 -25 -26 -27 -28 -29 -30 -31
leaf_value=3.5182451643294605e-05 0.00042046839838623677 0.0028498197884308852 0.0035199345560582573 -0.0054453637105075009 -0.003183175727475597 -0.0015676484534060666 -0.00058729676294694462 -0.0042567868299963549 0.00025618920507297058 0.03329086881081738 0.0026009508484398408 -0.013882520689921053 0.0023219567879629644 -0.004567996074155623 0.00012483641089136672 -0.0021429007687079928 -0.0014378454392317552 0.00058141879324860037 0.0041958383228401395 -0.02544511879253504 0.00493098666956921 -0.00019228371515277138 -0.0024069441494521063 -0.0019603598633467058 0.003588760440607726 0.0015272181196500927 0.00044664494383016035 0.00043198550166857476 0.0031240676299422862 -0.016676220706013704
leaf_weight=125767 44793 4104 6696 858 308 249 4306 528 358 260 1489 324 2133 6333 12458 419 12953 6243 592 710 122 224 4371 8810 105 4633 3229 1257 1182 103
leaf_count=125767 44793 4104 6696 858 308 249 4306 528 358 260 1489 324 2133 6333 12458 419 12953 6243 592 710 122 224 4371 8810 105 4633 3229 1257 1182 103
internal_value=0 -0.000345786 0.000516117 0.00790143 -0.00200248 0.000204076 0.00633713 -0.00269152 -0.0267918 -0.00185132 0.0145677 -0.00314187 -0.00257999 -0.00455015 -0.00406015 0.00735813 -0.00704744 -0.00498182 -0.00839435 -0.0117997 -0.00989548 -0.0349458 9.12869e-05 -0.010662 -0.0340518 0.0111956 0.0038682 -0.0130706 0.000401012 0.00710983
internal_weight=0 211124 138874 7554 72250 38717 12417 26300 886 25414 1852 23562 23238 33533 33001 4523 20543 18715 12472 10339 9524 532 131320 9402 815 8111 3478 7590 126949 1592
internal_count=255917 211124 138874 7554 72250 38717 12417 26300 886 25414 1852 23562 23238 33533 33001 4523 20543 18715 12472 10339 9524 532 131320 9402 815 8111 3478 7590 126949 1592
is_linear=0
shrinkage=0.1


Tree=149
num_leaves=31
num_cat=0
split_feature=142 13 137 62 0 137 134 126 0 0 2 2 2 20 92 123 13 26 75 2 2 20 20 20 61 17 20 128 20 2
split_gain=18.5749 23.989 20.6642 59.4286 56.8229 29.4158 25.2113 24.0076 35.6114 62.7298 65.1051 59.759 48.064 63.2342 38.8895 37.779 37.0763 31.5044 33.2459 29.2465 28.8542 27.8764 44.0891 27.7901 50.0355 37.4678 33.9932 36.9874 27.1402 26.7508
threshold=0.38392857142857145 13403423.500000002 4668933.0000000009 4909856.5000000009 10716797.000000002 4523931.5000000009 50898.500000000007 0.060661764705882359 5044930.5000000009 616101.50000000012 2469032.5950000002 1335323.9450000001 90488.790000000023 44.500000000000007 4233.3333333333348 230466.00000000003 2916207.5000000005 27949.500000000004 3.5000000000000004 311322.48500000004 957854.74500000011 43.500000000000007 32.500000000000007 22.500000000000004 1.0000000180025095e-35 1.5000000000000002 13.500000000000002 0.06458333333333334 2.5000000000000004 1405955.2850000004
decision_type=2 2 2 2 2 2 2 2 2 2 2 2 2 2 2 2 2 2 2 2 2 2 2 2 2 2 2 2 2 2
left_child=2 -2 5 -4 -5 7 -7 -1 9 11 16 12 -9 15 29 21 17 28 -19 -17 -15 22 23 26 25 -25 -14 -28 -11 -13
right_child=1 -3 3 4 -6 6 -8 8 -10 10 -12 14 13 20 -16 19 -18 18 -20 -21 -22 -23 -24 24 -26 -27 27 -29 -30 -31
leaf_value=0.00010173750064830742 -0.0011160181729811813 0.018452572833985315 -0.036363171240229343 0.0090200264303325062 -0.003688803626341542 0.012836161277888114 -0.010295177197921302 0.0019165612620077876 -0.007788001620750374 -0.003432609121044572 -0.0032879288169602953 0.020872807551565144 -0.0051573078271976418 0.0096538436655769239 -0.0070329041094058424 -0.0079997679791300909 0.003495835192676561 -0.0064370562433267624 0.010612458734685149 -0.0018480708360330935 -0.027628124574778725 -0.01263867858910161 0.0089286777494656192 -0.032003172898193849 -0.00068045844546271717 -0.0055285032252131881 -0.0005543238780360227 0.013702702040495607 0.0017227373815307872 0.0016612736347071757
leaf_weight=213606 7379 286 2490 982 4838 412 202 1580 3367 373 1694 110 3558 538 196 828 1490 451 47 512 30 291 375 146 594 399 1814 208 5284 1837
leaf_count=213606 7379 286 2490 982 4838 412 202 1580 3367 373 1694 110 3558 538 196 828 1490 451 47 512 30 291 375 146 594 399 1814 208 5284 1837
internal_value=0 -0.00480198 0.00019618 -0.0047063 0.000825107 0.000365969 0.0222259 0.000309887 -0.00257635 -0.00113232 0.0051214 -0.00561937 -0.00862752 -0.011369 0.00964315 -0.0134737 0.0090517 0.00562529 -0.0184876 -0.0289214 0.020961 -0.0106707 -0.00942637 -0.0112888 -0.0255235 -0.0474048 -0.0083832 0.0019704 0.00774801 0.0139173
internal_weight=0 7665 248252 8310 5820 239942 614 239328 25722 22355 9339 13016 10873 9293 2143 8725 7645 6155 498 1340 568 7385 7094 6719 1139 545 5580 2022 5657 1947
internal_count=255917 7665 248252 8310 5820 239942 614 239328 25722 22355 9339 13016 10873 9293 2143 8725 7645 6155 498 1340 568 7385 7094 6719 1139 545 5580 2022 5657 1947
is_linear=0
shrinkage=0.1


Tree=150
num_leaves=31
num_cat=0
split_feature=1 0 0 4 0 62 13 134 13 3 20 6 137 62 0 5 6 52 0 4 61 138 61 4 0 20 64 137 1 63
split_gain=18.2656 20.9793 97.5854 56.4895 45.9129 47.15 45.5968 36.2552 43.4362 33.1824 33.8683 32.1392 32.1181 40.3734 40.1305 36.8697 29.5083 29.3955 29.1387 39.8911 30.1445 28.4502 27.4599 25.9485 37.0384 25.9097 39.949 27.2491 25.8578 47.6288
threshold=76858458.500000015 13512798.500000002 15356754.000000002 533972.52500000014 9165030.5000000019 7458073.5000000009 1582814.5000000002 3531144.0000000005 169728.50000000003 2516249.6400000001 16.500000000000004 50.083333333333343 2528312.5000000005 3808001.5000000005 4859805.0000000009 1.5000000000000002 110.08333333333336 0.025171029910177882 4208112.5000000009 2838149.3600000003 3.5000000000000004 23.500000000000004 2.5000000000000004 402040.90000000008 5807356.5000000009 5.5000000000000009 0.0036888438785786016 92701.000000000015 5692939.5000000009 17.421919605581206
decision_type=2 2 2 2 2 2 2 2 2 2 2 2 2 2 2 2 2 2 2 2 2 2 2 2 2 2 2 2 2 2
left_child=1 4 -3 -4 9 7 11 8 -6 12 18 -5 28 14 15 -14 -9 -8 19 -11 -20 25 -12 -15 -25 27 -27 -7 -1 -30
right_child=-2 2 3 6 5 21 17 16 -10 10 22 -13 13 23 -16 -17 -18 -19 20 -21 -22 -23 -24 24 -26 26 -28 -29 29 -31
leaf_value=-2.3252072559274955e-06 -0.0051652173339072245 0.0093890860712565697 -0.0071692367598395817 0.0084311464024663611 0.007893557989807426 0.0029125931478343192 0.021743208901937063 0.00011768751635872211 -0.014746187818896162 -0.0011448251238397762 -0.0036159258944482167 0.0028577167248230676 -0.03151970979138654 -0.0016571851100524023 -0.0058404833774602155 0.0036258617659211513 -0.0070508312006633657 -0.0012502181335440012 -0.0044943012519448548 0.042369493972107417 0.032516416374160077 0.020802987929527374 -0.00061835643232628168 0.012152403930175679 0.005229111396756303 -0.0037331169831504199 0.00024695937149450399 -0.011418046061944543 0.00013896081290679576 0.0041204160469637133
leaf_weight=194710 2008 4039 2585 1355 185 356 519 3849 4007 179 2458 3738 64 256 3257 2789 1573 12691 662 230 321 507 4354 595 1432 327 2179 162 3069 1461
leaf_count=194710 2008 4039 2585 1355 185 356 519 3849 4007 179 2458 3738 64 256 3257 2789 1573 12691 662 230 321 507 4354 595 1432 327 2179 162 3069 1461
internal_value=0 0.000114812 0.00286982 0.000118466 -0.000185098 -0.00592295 0.00207283 -0.00955254 -0.0165365 0.000164351 -0.00607338 0.0101112 0.000410817 0.00647059 0.00223102 0.0108902 -0.00415291 -0.00102632 0.00814015 0.0305702 -0.0011924 0.00395947 -0.00897784 0.017817 0.0216057 0.000284051 -0.00392433 0.0206435 0.000155548 0.00762438
internal_weight=0 253909 24927 20888 228982 13145 18303 9614 4192 215837 8204 5093 207633 8393 6110 2853 5422 13210 1392 409 983 3531 6812 2283 2027 3024 2506 518 199240 4530
internal_count=255917 253909 24927 20888 228982 13145 18303 9614 4192 215837 8204 5093 207633 8393 6110 2853 5422 13210 1392 409 983 3531 6812 2283 2027 3024 2506 518 199240 4530
is_linear=0
shrinkage=0.1


Tree=151
num_leaves=31
num_cat=0
split_feature=99 22 20 123 2 22 18 138 20 20 134 3 3 138 4 13 4 53 126 138 136 0 1 123 1 20 148 20 64 4
split_gain=18.0643 17.3566 37.2136 77.091 117.145 71.551 102.36 63.448 53.5126 37.9869 66.4576 48.3515 46.715 49.4949 43.0124 56.5023 38.2582 37.9999 39.5343 36.9562 46.9419 44.0943 57.5596 51.2815 46.3105 43.2675 69.3822 57.4339 55.4776 36.0406
threshold=1.0000000180025095e-35 4.5000000000000009 23.500000000000004 868049.00000000012 306012.34500000003 3.5000000000000004 1.0000000180025095e-35 3.5000000000000004 26.500000000000004 13.500000000000002 41929.500000000007 1863112.0100000002 31774.620000000003 7.5000000000000009 200228.64000000004 871553.50000000012 270421.17500000005 3.000301622036067 0.59166666666666667 10.500000000000002 2.5000000000000004 3513493.5000000005 1527216.5000000002 4945445.5000000009 2288615.0000000005 24.500000000000004 33433.000000000007 13.500000000000002 0.25199166754057917 55641.895000000004
decision_type=2 2 2 2 2 2 2 2 2 2 2 2 2 2 2 2 2 2 2 2 2 2 2 2 2 2 2 2 2 2
left_child=1 2 9 5 -5 6 7 -4 -7 12 17 14 -1 -14 15 -12 -16 18 -11 -3 21 22 25 24 -23 27 -27 28 -21 -19
right_child=-2 19 3 4 -6 8 -8 -9 -10 10 11 -13 13 -15 16 -17 -18 29 -20 20 -22 23 -24 -25 -26 26 -28 -29 -30 -31
leaf_value=0.0063540229794013308 0.012842432262047666 0.00046429812232240029 0.017499597890723775 -0.003846825529453592 -0.003215185865175052 0.0034078920533825532 -0.015453845991884008 -0.0011982543691686721 -0.0001555566375273876 0.00063850048667750642 0.001288434042072959 -0.0048910764703618548 -6.6775580127758139e-05 -0.0012845938018940335 0.010118331992148774 -0.0025437920432369791 0.0035119087902136361 0.0048451047970755395 -0.0034390000597421424 0.0024326786170604971 0.00027127392364256628 -0.004193550518064265 0.00088632859115466203 0.002115327369013409 -0.0018275174126527684 0.0017453236672007645 -0.022936001514385324 -0.0038695592248309783 -0.00093483336070897054 -0.024033822848527498
leaf_weight=1311 232 61947 186 352 3133 1494 1084 626 6065 4980 3243 237 60043 9122 352 302 1960 167 509 1728 57692 196 7085 1861 16637 4869 202 2958 4930 414
leaf_count=1311 232 61947 186 352 3133 1494 1084 626 6065 4980 3243 237 60043 9122 352 302 1960 167 509 1728 57692 196 7085 1861 16637 4869 202 2958 4930 414
internal_value=0 3.00918e-05 -0.00103625 -0.00602275 -0.0187362 -0.00133672 -0.0187063 0.00813992 0.00302005 -0.000255456 0.00490519 0.0122821 -0.00114617 -0.00150063 0.0140739 0.00715333 0.0246854 -0.00250093 7.32409e-05 0.000666683 -0.000540265 -0.00315141 -9.26268e-05 -0.00671382 -0.00845531 -0.00366382 0.00381038 -0.00760534 -0.00245407 -0.0268205
internal_weight=0 255685 95580 12940 3485 9455 1896 812 7559 82640 12164 6094 70476 69165 5857 3545 2312 6070 5489 160105 98158 40466 21772 18694 16833 14687 5071 9616 6658 581
internal_count=255917 255685 95580 12940 3485 9455 1896 812 7559 82640 12164 6094 70476 69165 5857 3545 2312 6070 5489 160105 98158 40466 21772 18694 16833 14687 5071 9616 6658 581
is_linear=0
shrinkage=0.1


Tree=152
num_leaves=31
num_cat=0
split_feature=17 6 94 13 1 20 66 94 123 13 137 1 26 76 20 4 70 2 2 76 137 53 2 117 3 29 3 70 0 13
split_gain=19.0557 20.5958 19.8455 43.8733 61.4198 42.3725 39.587 58.6863 58.5262 47.3283 44.5159 54.6028 62.3579 56.1322 47.3032 55.7005 44.4035 39.6879 37.6337 33.2501 32.4338 32.2833 42.4278 31.043 30.3176 45.5325 29.6295 32.7649 45.5455 28.5299
threshold=3.5000000000000004 222.25000000000003 0.011115427003818045 13403423.500000002 2725054.5000000005 58.500000000000007 5.5000000000000009 102.05263157894738 266672.50000000006 212061.00000000003 307210.00000000006 1020860.0000000001 21569.500000000004 3.5000000000000004 18.500000000000004 500673.92000000004 0.59166666666666679 3580957.8800000004 1719919.1150000005 7.5000000000000009 1190775.0000000002 133250.00005332197 38991.930000000008 0.19375000000000003 748540.08500000008 4.5000000000000009 1623758.03 0.59166666666666679 168627.50000000003 696.50000000000011
decision_type=2 2 2 2 2 2 2 2 2 2 2 2 2 2 2 2 2 2 2 2 2 2 2 2 2 2 2 2 2 2
left_child=1 2 23 4 6 18 7 24 9 16 11 12 17 -14 15 -12 -8 26 19 -6 -17 22 -15 -1 -4 -26 27 28 29 -9
right_child=-2 -3 3 -5 5 -7 8 10 -10 -11 14 -13 13 21 -16 20 -18 -19 -20 -21 -22 -23 -24 -25 25 -27 -28 -29 -30 -31
leaf_value=3.1322199451078174e-05 -0.00029598335281447858 -0.0025797527447520177 0.0039152448327143315 0.015772793023852306 -0.00065757444322288956 0.0040517348040954642 0.0067164493462618284 -0.0014537151949690352 0.0056323807172327101 -0.0017761731242901813 0.0062230272310803223 -0.0015678006390281709 0.011085958229237615 0.00071308546407420357 1.5164397107828384e-05 0.0055788374233469336 0.00026168593069599846 -0.0080875701377168593 0.00024000285244332072 -0.0052527870923326919 -0.0095378610388258244 0.016902659045865444 -0.034577786208806763 -0.021819026192835073 -0.0031953405921195674 0.042106329551887346 0.0030969498804801652 -0.0019229495851499304 -0.00017138601129290963 0.0082423290827517981
leaf_weight=152956 61572 1974 3061 765 4406 1113 2043 548 1661 1358 672 2503 199 273 1307 230 1996 162 4246 1736 71 87 781 324 677 171 340 2256 3879 2550
leaf_count=152956 61572 1974 3061 765 4406 1113 2043 548 1661 1358 672 2503 199 273 1307 230 1996 162 4246 1736 71 87 781 324 677 171 340 2256 3879 2550
internal_value=0 0.000535587 0.000639868 0.00265112 0.00217781 -0.00393597 0.00479904 0.00250354 0.0112279 0.00617616 -0.000201702 -0.00237282 0.00064191 -0.0195831 0.0127279 0.0294218 0.0116061 0.00342584 -0.00592278 -0.0109272 -0.00632807 -0.0281306 -0.0329632 0.000126939 0.0134782 -0.00325386 0.00425644 0.00318885 0.00657627 0.0156171
internal_weight=0 194345 192371 39091 38326 11501 26825 19767 7058 5397 15858 13578 11075 1340 2280 973 4039 9735 10388 6142 301 1141 1054 153280 3909 848 9573 9233 6977 3098
internal_count=255917 194345 192371 39091 38326 11501 26825 19767 7058 5397 15858 13578 11075 1340 2280 973 4039 9735 10388 6142 301 1141 1054 153280 3909 848 9573 9233 6977 3098
is_linear=0
shrinkage=0.1


Tree=153
num_leaves=31
num_cat=0
split_feature=147 148 62 84 148 4 0 138 2 5 137 0 20 66 62 134 84 128 137 0 4 4 20 127 2 134 20 137 0 4
split_gain=17.2914 34.4926 52.1897 33.8547 28.4957 24.8248 35.7541 25.1092 27.853 23.9203 24.9615 35.0081 32.1652 22.814 33.3672 34.1399 24.3116 22.4228 25.936 26.3381 26.2173 25.1862 24.9789 23.3321 41.6968 66.7159 61.9728 130.78 89.2532 57.4959
threshold=4.5000000000000009 27847.000000000004 189.50000000000003 2066172.5000000002 2806840.5000000005 372167.06500000006 2792236.5000000005 8.5000000000000018 891425.56000000006 11.500000000000002 307210.00000000006 4751168.0000000009 15.500000000000002 145336.00000000003 64668.500000000007 827537.00000000012 3204749.0000000005 0.34848484848484856 892594.00000000012 760.50000000000011 316248.35500000004 49398.410000000011 6.5000000000000009 0.29285714285714287 357949.50000000006 532.50000000000011 2.5000000000000004 83052.500000000015 583273.50000000012 378266.18500000006
decision_type=2 2 2 2 2 2 2 2 2 2 2 2 2 2 2 2 2 2 2 2 2 2 2 2 2 2 2 2 2 2
left_child=13 5 -3 9 -5 -2 7 8 -7 -4 -11 12 -12 17 15 -15 -16 23 19 -19 -20 -21 -23 -1 25 -25 27 28 -27 -26
right_child=1 2 3 4 -6 6 -8 -9 -10 10 11 -13 -14 14 16 -17 -18 18 20 21 -22 22 -24 24 29 26 -28 -29 -30 -31
leaf_value=0.00018214648884739562 0.0015748110368791644 -0.0049460820130197373 0.012155081365047983 0.013455890219623613 -0.026391638913713857 0.015325997949815543 0.0017691931169677086 0.018625544390683015 -0.0046773349048495078 -0.0023847937201570205 0.016947716918575165 0.00032855486197793662 0.0020641579887123117 0.0047691043684620965 -0.0036528094891777937 -0.0017070805448943683 0.0018463022723477331 0.0068523422695942254 0.0083023590325919452 0.008653107315762942 -0.0001564921407536031 -0.0084788706497933696 -0.0022105232996269711 0.0031999993588760936 -0.00088548170204276108 -0.0023962786444177379 0.00039000989381844935 -0.0086208872472269774 0.00066647095033682091 -0.00012225862249315433
leaf_weight=114035 1713 1791 237 962 121 204 565 386 179 2153 231 3078 293 556 3251 684 332 324 138 221 469 1272 1233 7210 19952 7699 27062 600 4315 54651
leaf_count=114035 1713 1791 237 962 121 204 565 386 179 2153 231 3078 293 556 3251 684 332 324 138 221 469 1272 1233 7210 19952 7699 27062 600 4315 54651
internal_value=0 0.00375025 0.000595792 0.00445602 0.0207272 0.0129289 0.0231573 0.0371902 0.0190498 0.00151516 0.000232981 0.00532468 0.0292183 -0.000151465 -0.00696083 0.007178 -0.011854 -1.41562e-05 -0.00778443 -0.0115414 0.0110931 -0.0147451 -0.0176001 0.000106493 -0.000857802 0.00147909 -0.000128945 -0.00591777 -0.00364227 -0.00232648
internal_weight=0 11913 8866 7075 1083 3047 1334 769 383 5992 5755 3602 524 244004 4823 1240 3583 239181 3657 3050 607 2726 2505 235524 121489 46886 39676 12614 12014 74603
internal_count=255917 11913 8866 7075 1083 3047 1334 769 383 5992 5755 3602 524 244004 4823 1240 3583 239181 3657 3050 607 2726 2505 235524 121489 46886 39676 12614 12014 74603
is_linear=0
shrinkage=0.1


Tree=154
num_leaves=31
num_cat=0
split_feature=138 93 64 148 134 123 63 21 137 2 137 137 136 20 3 5 134 20 138 126 4 2 64 1 0 13 20 20 3 21
split_gain=17.3743 34.0336 47.7133 42.4837 35.4767 27.3548 33.769 26.868 32.5868 32.0463 30.0123 26.1034 30.1763 55.3032 41.2296 38.4491 53.9856 30.0764 29.5154 35.3897 36.7635 48.2149 80.1526 41.4993 51.1763 40.0061 38.4425 37.0675 53.2423 43.6948
threshold=20.500000000000004 3117.0000000000005 0.53061741984647826 96211.000000000015 259914.00000000003 3046024.5000000005 1.0000007910416122 9.5000000000000018 282194.50000000006 226537.70000000004 36498.000000000007 4910043.5000000009 2.5000000000000004 11.500000000000002 91248.065000000017 11.500000000000002 1630090.0000000002 44.500000000000007 10.500000000000002 0.060661764705882359 230077.53500000003 226537.70000000004 4.590142677486748e-05 12357.500000000002 703368.50000000012 534967.00000000012 2.5000000000000004 22.500000000000004 319650.08000000007 6.5000000000000009
decision_type=2 2 2 2 2 2 2 2 2 2 2 2 2 2 2 2 2 2 2 2 2 2 2 2 2 2 2 2 2 2
left_child=11 2 3 4 5 6 -2 8 10 -10 -4 12 18 14 -14 16 -15 -17 19 -1 21 25 -23 -24 -25 -21 -27 28 -22 -29
right_child=1 -3 7 -5 -6 -7 -8 -9 9 -11 -12 -13 13 15 -16 17 -18 -19 -20 20 27 22 23 24 -26 26 -28 29 -30 -31
leaf_value=0.00020566862498425654 -0.0045261889786934557 -0.040394425701597729 -0.0048517414244374189 -0.0086391815496950752 0.011374120726293416 -0.0028950530702195501 0.0027452262954987105 -0.00038809141877749605 -0.011507531557340037 -0.0077940669747289422 0.00036964050863680408 -0.0053163206232366813 0.0024566409815675928 0.0028631794505012895 -0.001213690953971407 0.0010779427216029696 0.0087266763018254978 -0.00030828386574551783 -0.00041608253116222804 -0.00087251779607666613 0.006613291755275608 -0.011893689733365111 0.0083474029669315941 -0.0034568875563874449 0.00066238142909798335 -0.01804478229424647 0.0051082126868921222 -0.0030498259175855079 0.00038493633850630329 0.00090438048422902784
leaf_weight=125881 579 534 598 461 564 262 2984 19151 237 2660 3192 5844 1135 4432 5498 13883 487 8163 39406 5184 846 1218 251 1196 971 45 150 2626 4657 2822
leaf_count=125881 579 534 598 461 564 262 2984 19151 237 2660 3192 5844 1135 4432 5498 13883 487 8163 39406 5184 846 1218 251 1196 971 45 150 2626 4657 2822
internal_value=0 -0.00214143 -0.00170591 0.0073952 0.0104284 0.00697612 0.00926933 -0.00341426 -0.00887144 -0.016856 -0.00276822 0.000376106 0.000552236 0.00330954 -0.00487066 0.00532175 0.0133158 0.00353807 5.21636e-05 0.00070827 -0.00320306 -0.00793247 -0.0168275 -0.00628987 -0.0107485 -0.00191978 0.0425461 0.000690252 0.00647905 -0.00515699
internal_weight=0 31222 30688 4850 4389 3825 3563 25838 6687 2897 3790 224695 218851 33598 6633 26965 4919 22046 185253 145847 19966 9015 3636 2418 2167 5379 195 10951 5503 5448
internal_count=255917 31222 30688 4850 4389 3825 3563 25838 6687 2897 3790 224695 218851 33598 6633 26965 4919 22046 185253 145847 19966 9015 3636 2418 2167 5379 195 10951 5503 5448
is_linear=0
shrinkage=0.1


Tree=155
num_leaves=31
num_cat=0
split_feature=0 4 0 0 0 0 93 137 124 0 3 20 61 62 3 137 137 63 123 134 63 4 26 5 1 1 29 4 0 13
split_gain=18.1919 46.9744 29.8308 59.5908 40.1539 32.8204 39.2002 50.0222 32.5551 31.0329 30.7627 39.7653 30.893 30.5208 33.0011 41.6972 29.423 26.973 38.4136 24.8824 25.9425 24.7942 24.5196 23.9549 23.8041 23.4752 22.9576 25.3769 59.2828 51.1072
threshold=41951678.500000007 873532.04000000015 12203388.500000002 9773934.0000000019 18338713.500000004 11006397.000000002 1.5000000000000002 200001.50000000003 19.500000000000004 12065554.500000002 2516249.6400000001 3.5000000000000004 1.5000000000000002 5510815.0000000009 943600.84500000009 3014842.5000000005 200001.50000000003 303056.61703815678 3561911.0000000005 13195734.500000002 8.10508222775014 753848.13000000012 5827112.5000000009 11.500000000000002 11178796.000000002 9197835.5000000019 1600212.5000000002 827704.13000000012 6436423.0000000009 23796.000000000004
decision_type=2 2 2 2 2 2 2 2 2 2 2 2 2 2 2 2 2 2 2 2 2 2 2 2 2 2 2 2 2 2
left_child=2 -2 3 10 8 25 7 9 24 -7 13 12 -12 22 16 -16 -15 -13 -19 -6 -21 -17 26 -11 -4 -5 27 -1 29 -29
right_child=1 -3 4 5 19 6 -8 -9 -10 23 11 17 -14 14 15 21 -18 18 -20 20 -22 -23 -24 -25 -26 -27 -28 28 -30 -31
leaf_value=-2.5528626988626528e-05 -0.023177859752023668 -0.0008642151557321843 0.0016969684500388604 -0.0059868459789489403 -0.002974692389513223 0.0058903832695850651 -0.005803148129761149 -0.0050549025907881684 -0.0029739469712902092 0.0014564804402854793 0.00028164807188802262 -0.0015293877755218658 0.045829219617532002 -0.00017472538943920848 -0.0011003438142014139 -0.0022866394284412309 0.0083513957699462137 -0.0039461906349244737 0.0084980390363636367 0.0001845362412635332 0.0089446822438894024 0.013901804615780989 0.005628985456105285 -0.0018504696604140225 0.0067555415714896988 -0.0006879537610606669 -0.031552007352545951 -0.00097302175761196374 -0.0033391928234186132 0.0017219792028746257
leaf_weight=178600 980 5019 3544 2942 5759 835 451 2420 915 139 248 7653 122 191 1380 79 403 338 260 4732 1457 586 328 203 7558 1105 220 2660 5398 19392
leaf_count=178600 980 5019 3544 2942 5759 835 451 2420 915 139 248 7653 122 191 1380 79 403 338 260 4732 1457 586 328 203 7558 1105 220 2660 5398 19392
internal_value=0 -0.00535883 0.000213677 -0.000142129 0.00356838 -0.00856691 -0.00220028 0.00128424 0.00764993 0.0181937 0.000170912 -0.00568326 0.0263887 0.000412116 0.0110983 0.00507141 0.0318473 -0.00712147 0.0133325 -0.000536738 0.00386538 0.0256415 0.000275616 -0.00717817 0.00914417 -0.0149351 0.000232174 0.000266646 0.0030974 0.00539665
internal_weight=0 5999 249918 225953 23965 8095 4048 3597 12017 1177 217858 8621 370 209237 2639 2045 594 8251 598 11948 6189 665 206598 342 11102 4047 206270 206050 27450 22052
internal_count=255917 5999 249918 225953 23965 8095 4048 3597 12017 1177 217858 8621 370 209237 2639 2045 594 8251 598 11948 6189 665 206598 342 11102 4047 206270 206050 27450 22052
is_linear=0
shrinkage=0.1


Tree=156
num_leaves=31
num_cat=0
split_feature=4 4 0 20 126 123 123 2 4 20 52 0 94 0 92 124 134 0 0 134 134 13 123 74 0 26 137 13 88 13
split_gain=17.7221 109.74 70.8738 60.4945 75.4277 60.2912 60.0412 58.7492 46.3788 45.3323 44.8824 44.303 38.3424 48.6312 42.3659 39.0418 53.5842 48.0078 43.7949 38.8646 36.0929 70.9282 50.503 43.717 40.5968 39.6219 37.1939 36.5045 35.2156 33.6053
threshold=107145.25000000001 141664.43000000002 828981.50000000012 10.500000000000002 0.19375000000000003 369565.00000000006 266672.50000000006 149328.45500000002 58005.145000000011 1.5000000000000002 7213.5000000000009 2203646.5000000005 66619.500000000015 1033122.5000000001 151583.50000000003 4.5000000000000009 207593.50000000003 208045.50000000003 480874.50000000006 11392.500000000002 55660.500000000007 267466.00000000006 9.5000000000000018 1.5000000000000002 324389.00000000006 16153.000000000002 248236.50000000003 21153.000000000004 12891.000000000002 948158.00000000012
decision_type=2 2 2 2 2 2 2 2 2 2 2 2 2 2 2 2 2 2 2 2 2 2 2 2 2 2 2 2 2 2
left_child=8 2 3 5 6 9 28 -7 20 -2 11 12 13 15 -14 16 -10 -18 -19 -17 22 24 26 -24 -22 -25 -1 -26 -5 -13
right_child=1 -3 -4 4 -6 7 -8 -9 10 -11 -12 29 14 -15 -16 19 17 18 -20 -21 21 -23 23 25 27 -27 -28 -29 -30 -31
leaf_value=0.00018034238876709632 0.017010742439817705 -1.6845435613332961e-05 -0.00041713712246540526 0.0063456547083077025 -2.061584658252791e-06 0.0097380799197623671 0.010889388238793929 -0.011557177809097664 -0.0015084905055160248 0.00098320541073491094 -0.047976099994671118 0.002217336849780593 0.019212959625223226 -0.0050944673076458308 -0.025269285058982856 -0.00074311325923115401 0.0088739261870259163 -0.0044932341701983793 0.002273854647752671 -0.0039529270418166449 -0.00078725949303031233 0.00083444685724713978 0.0039755995376578477 0.013106165725720055 -0.019043426036620528 -0.061388512185436506 -0.0085729135652798105 -0.0039018924930260823 -0.021158006387419125 0.012870933618335618
leaf_weight=12036 497 192287 3125 2042 1286 81 1750 278 6919 3946 278 978 226 861 42 3323 328 889 1237 4998 3555 4650 6097 272 198 314 373 2833 94 124
leaf_count=12036 497 192287 3125 2042 1286 81 1750 278 6919 3946 278 978 226 861 42 3323 328 889 1237 4998 3555 4650 6097 272 198 314 373 2833 94 124
internal_value=0 0.00050242 0.00935872 0.013476 0.0209802 0.00539362 0.0279274 -0.0340255 -0.00158804 0.00857874 -0.00529993 -0.00474319 -0.00588413 -0.00642655 0.0316701 -0.00529723 -0.000871344 0.0118246 0.00633074 -0.0102827 0.000884634 -0.00361222 0.00353112 0.0105395 -0.0102883 -0.015549 -0.000243302 -0.0187911 0.0166764 0.014745
internal_weight=0 205386 13099 9974 5172 4802 3886 359 50531 4443 20203 19925 18823 18555 268 17694 9373 2454 2126 8321 30328 11236 19092 6683 6586 586 12409 3031 2136 1102
internal_count=255917 205386 13099 9974 5172 4802 3886 359 50531 4443 20203 19925 18823 18555 268 17694 9373 2454 2126 8321 30328 11236 19092 6683 6586 586 12409 3031 2136 1102
is_linear=0
shrinkage=0.1


Tree=157
num_leaves=31
num_cat=0
split_feature=17 123 4 4 0 13 20 28 66 123 62 123 123 0 2 6 134 0 4 138 13 66 4 124 13 140 20 124 134 134
split_gain=18.6686 30.8728 68.9666 63.9417 41.5293 57.1082 43.2785 48.7839 38.079 34.1673 40.5367 35.9961 52.2483 31.8787 28.9044 29.9616 28.745 28.5128 28.3596 29.6195 28.3471 28.2321 28.1095 28.047 34.276 27.912 54.3828 26.8608 28.6818 39.2228
threshold=1.5000000000000002 307725.00000000006 214492.32500000004 46796.145000000011 4579999.5000000009 1231701.5000000002 24.500000000000004 1.0000000180025095e-35 74929.000000000015 283936.00000000006 827758.00000000012 208044.00000000003 202714.50000000003 2606753.5000000005 177446.94000000003 15.083333333333336 989256.50000000012 37.500000000000007 251515.74000000002 28.500000000000004 1539258.5000000002 2.5000000000000004 169659.11000000002 11.500000000000002 455388.00000000006 0.12916666666666668 22.500000000000004 7.5000000000000009 1473469.5000000002 479417.00000000006
decision_type=2 2 2 2 2 2 2 2 2 2 2 2 2 2 2 2 2 2 2 2 2 2 2 2 2 2 2 2 2 2
left_child=1 9 3 -3 5 8 7 22 13 11 -11 12 14 16 -1 -16 21 -17 19 25 -6 23 -7 -5 -25 26 -4 -24 29 -29
right_child=-2 2 18 4 20 6 -8 -9 -10 10 -12 -13 -14 -15 15 17 -18 -19 -20 -21 -22 -23 27 24 -26 -27 -28 28 -30 -31
leaf_value=-0.00010188946722823548 -9.0033736920147418e-05 0.004052518471221323 0.00067660847535531087 -0.00065502397074417755 -0.0022419605495818174 0.00062838380423065889 -0.003239305286880754 -0.0032629463287435368 -0.0087559810355644536 0.0045576799639462486 -0.0037348701804473163 -0.0015243381997330108 0.0073728531721644957 -0.0050076049967948486 -0.0051124403055997488 0.018479709691654422 0.0031019258847553612 0.0012296649616019264 0.00016821887742362457 -0.0054166659557136213 0.0045353634558977151 0.0065649250407832762 -0.00039055734881180304 -0.0023582038462226286 0.0030644937390009175 0.002159824087116183 -0.011139758461373273 -0.00075632668813357051 -0.00011686011709493294 -0.0024596699855995332
leaf_weight=12255 165184 692 2639 7376 48 214 157 126 110 1804 230 3070 702 122 476 242 191 15711 40280 146 98 329 1186 281 477 337 95 548 283 508
leaf_count=12255 165184 692 2639 7376 48 214 157 126 110 1804 230 3070 702 122 476 242 191 15711 40280 146 98 329 1186 281 477 337 95 548 283 508
internal_value=0 0.00127301 -0.000171494 -0.00664035 -0.0083374 -0.00898733 -0.0208624 -0.018061 -0.00494879 0.00362856 0.0162013 0.00284063 0.00391705 -0.00421591 0.00325739 0.00599905 -0.0035003 0.00673672 0.00172409 0.0107593 0.0446722 -0.00436612 -0.0152622 -0.00552772 0.0127898 0.0128515 0.00950438 -0.0182114 -0.0279183 -0.035495
internal_weight=0 90733 56243 12746 12054 11908 3022 2865 8886 34490 2034 32456 29386 8776 28684 16429 8654 15953 43497 3217 146 8463 2739 8134 758 3071 2734 2525 1339 1056
internal_count=255917 90733 56243 12746 12054 11908 3022 2865 8886 34490 2034 32456 29386 8776 28684 16429 8654 15953 43497 3217 146 8463 2739 8134 758 3071 2734 2525 1339 1056
is_linear=0
shrinkage=0.1


Tree=158
num_leaves=31
num_cat=0
split_feature=1 90 66 124 148 0 6 7 119 75 134 79 2 29 20 76 93 137 13 62 1 21 21 0 2 15 4 0 53 4
split_gain=16.455 19.9232 26.7184 28.8954 24.2845 23.9636 28.0467 27.6772 21.2169 20.5026 32.0076 24.7515 31.7347 21.3917 40.3766 33.4224 35.0286 25.4783 38.5591 26.5599 24.7665 24.7259 41.101 23.7467 44.2665 30.9273 29.9721 29.798 39.2158 41.6942
threshold=96602094.000000015 7.5009498038248585 145336.00000000003 14.500000000000002 2641616.0000000005 568853.50000000012 91.916666666666686 2.5000000000000004 1.0000000180025095e-35 672275.50000000012 51.500000000000007 0.43303571428571436 1354748.0100000005 90.500000000000014 26.500000000000004 7.5000000000000009 62.500000000000007 332365.00000000006 2544391.5000000005 237571.00000000003 343896.00000000006 2.5000000000000004 3.5000000000000004 160.50000000000003 1405955.2850000004 1.0000000180025095e-35 1091088.3900000001 2222.5000000000005 2.9948249811846686 172087.70000000004
decision_type=2 2 2 2 2 2 2 2 2 2 2 2 2 2 2 2 2 2 2 2 2 2 2 2 2 2 2 2 2 2
left_child=1 2 8 5 -3 -4 7 -7 9 13 11 -11 -13 21 15 16 17 18 -15 -19 -16 -1 -23 24 25 -24 -26 28 -25 -30
right_child=-2 4 3 -5 -6 6 -8 -9 -10 10 -12 12 -14 14 20 -17 -18 19 -20 -21 -22 22 23 27 26 -27 -28 -29 29 -31
leaf_value=0.025118663873567607 -0.0060356904498537478 0.0019988711609204442 0.0067995785128053144 -0.0099342515975026358 -0.025459965145720798 -0.0065411759272205995 0.00067930865846810577 -0.0018925627844841603 -0.039151379775794554 -0.01875178687938437 -0.01589002235772782 0.018902524824308195 -0.002409169486805618 -0.0010469116099057541 0.017778250272524689 -0.0098787950623114192 0.013162735876766904 -0.018854707267721742 -0.0030070101053141646 0.003650181936741226 0.0011231516743878012 -0.015063929890329775 0.013227651514190229 -0.045156025484512856 -0.0058785641857403634 0.0026161253586369781 0.00028868111597208924 8.0208777042265522e-05 0.0025952236664664066 -0.0012911717803602615
leaf_weight=130 998 7743 378 659 186 348 1276 1961 48 53 608 110 114 3480 386 1285 469 64 898 776 829 358 487 400 257 2813 295 221904 1847 4757
leaf_count=130 998 7743 378 659 186 348 1276 1961 48 53 608 110 114 3480 386 1285 469 64 898 776 829 358 487 400 257 2813 295 221904 1847 4757
internal_value=0 0.000150117 -8.28053e-06 -0.0075399 0.00508423 -0.00431565 -0.00684067 -0.0134159 0.000135349 0.000148517 -0.0150443 0.0131309 0.0276712 0.000204208 -0.00482002 -0.00775167 -0.0044605 -0.0068134 -0.00987421 0.00913921 0.0120026 0.000380558 0.000356244 0.000408319 0.00819469 0.0125791 -0.0180162 0.000277292 -0.00614475 -0.00430319
internal_weight=0 254919 246990 4622 7929 3963 3585 2309 242368 242320 885 277 224 241435 8187 6972 5687 5218 4378 840 1215 233248 233118 232760 3852 3300 552 228908 7004 6604
internal_count=255917 254919 246990 4622 7929 3963 3585 2309 242368 242320 885 277 224 241435 8187 6972 5687 5218 4378 840 1215 233248 233118 232760 3852 3300 552 228908 7004 6604
is_linear=0
shrinkage=0.1


Tree=159
num_leaves=31
num_cat=0
split_feature=97 97 3 20 0 4 93 138 4 3 62 2 0 0 0 29 22 137 64 4 62 124 13 18 134 123 20 17 123 127
split_gain=16.8468 25.1675 28.6248 66.4879 51.9599 20.3197 37.3152 25.7932 18.6209 63.1273 66.832 58.2105 53.5278 50.1624 45.9858 43.5652 42.66 70.7743 70.2514 100.677 95.0987 45.8196 44.1162 44.0169 54.2139 75.6374 55.2242 101.949 44.7805 43.6039
threshold=8.5000000000000018 1.0000000180025095e-35 545133.40500000014 9.5000000000000018 909247.50000000012 262451.06500000006 2.5000000000000004 3.5000000000000004 580736.21000000008 739649.01500000013 3078413.5000000005 1028250.1150000001 3953693.5000000005 703368.50000000012 14441963.500000002 69.500000000000014 5.5000000000000009 509104.00000000006 0.056177506920462493 783849.99500000011 3794552.5000000005 4.5000000000000009 639739.00000000012 1.0000000180025095e-35 3046734.5000000005 3046947.0000000005 2.5000000000000004 2.5000000000000004 1104.5000000000002 0.13392857142857145
decision_type=2 2 2 2 2 2 2 2 2 2 2 2 2 2 2 2 2 2 2 2 2 2 2 2 2 2 2 2 2 2
left_child=1 8 -3 4 -4 6 -2 -7 11 10 12 14 -10 15 -1 -13 17 18 19 20 29 22 -18 24 26 -26 27 -21 -25 -11
right_child=5 2 3 -5 -6 7 -8 -9 9 16 -12 13 -14 -15 -16 -17 21 -19 -20 23 -22 -23 -24 28 25 -27 -28 -29 -30 -31
leaf_value=-9.9724527597766514e-06 0.011216247001259184 0.0066322500383283389 -0.023600175811733667 0.0090401026883657476 -0.00011287535005639791 -0.017419221541006957 -0.016857235508645815 -0.0024069214213790105 0.0027782719198162237 0.00096189457006301364 0.0026588744739513104 -0.0011396980884982014 -0.0007070669658321738 -0.0055793667125794526 -0.0059983199042512375 0.024381811415530891 0.0090355930889775386 -0.0058238972836531571 0.00092806022703621782 -0.00060268022435600737 -0.0042195608227373806 5.7294899156046247e-05 0.0023663965255718011 0.004980259800053382 0.0072431769868734237 -0.0017276052557338329 -0.00022648163237941728 -0.0063914993020192865 0.00056381968928272987 -0.0045113210542395256
leaf_weight=150999 344 2019 183 462 158 273 194 859 5588 476 1819 1238 5207 1983 3106 129 1339 12304 14564 870 250 32935 10869 438 115 150 2071 473 2968 1534
leaf_count=150999 344 2019 183 462 158 273 194 859 5588 476 1819 1238 5207 1983 3106 129 1339 12304 14564 870 250 32935 10869 438 115 150 2071 473 2968 1534
internal_value=0 0.000159367 0.00955049 -0.00641945 -0.0399127 -0.00991742 0.00608303 -0.0175219 5.39611e-05 0.00116795 0.00775032 -0.000610872 0.00476239 -0.0136518 -0.000327382 0.00108638 0.00014737 -0.00240932 0.000762056 -0.00600497 -0.0243826 0.00219831 0.00743114 -0.000142784 -0.00772677 0.0358444 -0.0111088 -0.0269026 0.00804908 -0.0171482
internal_weight=0 254247 2822 803 341 1670 538 1132 251425 93970 12614 157455 10795 3350 154105 1367 81356 36213 23909 9345 2260 45143 12208 7085 3679 265 3414 1343 3406 2010
internal_count=255917 254247 2822 803 341 1670 538 1132 251425 93970 12614 157455 10795 3350 154105 1367 81356 36213 23909 9345 2260 45143 12208 7085 3679 265 3414 1343 3406 2010
is_linear=0
shrinkage=0.1


Tree=160
num_leaves=31
num_cat=0
split_feature=66 84 94 0 94 147 20 138 64 138 138 63 96 29 14 20 64 117 128 0 123 0 0 4 0 89 148 134 137 127
split_gain=17.5645 19.617 34.3997 29.5786 27.8851 27.4298 20.5694 35.9333 55.3556 58.661 40.1661 38.0329 32.446 31.1784 29.878 39.722 74.1392 49.7719 38.7182 54.611 39.3551 34.1058 48.5137 46.8116 34.3197 36.0916 36.3522 33.2354 44.5537 37.8434
threshold=1396234.5000000002 13.500000000000002 183725.3653846154 6274162.5000000009 1494367.0000000002 25.500000000000004 7.5000000000000009 14.500000000000002 1.5573733412216941 15.500000000000002 16.500000000000004 1.2802962360934593 277897.00000000006 102189.00000000001 1.5000000000000002 16.500000000000004 0.086669716858793919 0.07417582417582419 0.054093567251461992 40731.500000000007 20352.500000000004 12203388.500000002 17526898.500000004 2174333.6000000006 9773934.0000000019 1.0925716129793455 408163.50000000006 452476.50000000006 3873756.0000000005 0.31009615384615391
decision_type=2 2 2 2 2 2 2 2 2 2 2 2 2 2 2 2 2 2 2 2 2 2 2 2 2 2 2 2 2 2
left_child=1 4 5 -4 6 -3 7 12 11 -10 -11 -9 13 -1 15 16 -8 18 19 -17 -20 23 -23 24 25 27 -27 28 -16 -29
right_child=-2 2 3 -5 -6 -7 14 8 9 10 -12 -13 -14 -15 21 17 -18 -19 20 -21 -22 22 -24 -25 -26 26 -28 29 -30 -31
leaf_value=-4.0764796199276382e-05 -0.0021639213502845367 0.0019256966208110017 0.04937821905196773 0.016112472847461711 -0.034510845533391253 -0.0058265408934829125 0.0022838662343302452 -0.0019486724468741924 -0.023593261879945031 0.0021185805219214372 -0.010951962196303032 0.0045516986065144427 -0.0057635123501992309 -0.0070643593837766755 -0.00029912313686897491 -0.0033009505575282041 0.00039014436401305921 -0.018854750169155051 0.013730750753936148 0.00024198181554206945 0.00044705603161029065 0.008088135436290167 -0.00060716359507033695 -0.012804226344822568 -0.0033464485271778479 0.0070935568456321433 -0.020158437600865511 0.0022616180993983428 0.0066493396101209084 -0.00013488721436185624
leaf_weight=97843 1411 5966 129 334 478 982 4488 1225 728 1015 2096 715 564 719 60795 1437 16700 305 314 28892 373 4116 5591 2512 2190 910 73 5250 1368 6398
leaf_count=97843 1411 5966 129 334 478 982 4488 1225 728 1015 2096 715 564 719 60795 1437 16700 305 314 28892 373 4116 5591 2512 2190 910 73 5250 1368 6398
internal_value=0 0.00014234 0.00521179 0.0316042 -9.70546e-06 0.00345305 3.70634e-05 -0.0010244 -0.00868949 -0.0156469 -0.00966716 0.00507825 -0.000577526 -0.000440668 0.00082283 0.00271537 0.00605941 0.000453199 0.000848503 0.000316745 0.024324 -0.000291207 0.00530449 -0.00097448 -0.000536138 -0.000174844 0.0188602 -0.000428349 -0.00134689 0.00447373
internal_weight=0 254506 7411 463 247095 6948 246617 104905 5779 3839 3111 1940 99126 98562 141712 52509 21188 31321 31016 30329 687 89203 9707 79496 76984 74794 983 73811 62163 11648
internal_count=255917 254506 7411 463 247095 6948 246617 104905 5779 3839 3111 1940 99126 98562 141712 52509 21188 31321 31016 30329 687 89203 9707 79496 76984 74794 983 73811 62163 11648
is_linear=0
shrinkage=0.1


Tree=161
num_leaves=31
num_cat=0
split_feature=142 21 138 20 3 124 0 3 20 13 1 2 4 67 0 6 66 123 3 124 124 134 134 117 126 13 4 20 1 0
split_gain=18.3482 17.461 39.6135 56.9703 37.1928 47.0464 71.416 52.4571 59.694 58.9884 39.505 42.5651 36.1444 34.7393 32.9307 30.2267 30.1002 38.0638 33.6377 62.108 268.563 168.441 53.2469 46.9849 49.6265 53.8986 81.9871 68.5969 51.5901 61.6675
threshold=0.38392857142857145 6.5000000000000009 4.5000000000000009 1.5000000000000002 42733.540000000008 8.5000000000000018 934215.50000000012 163352.11000000002 5.5000000000000009 420796.00000000006 1158609.5000000002 284898.36000000004 328275.88500000007 12.500000000000002 95832.000000000015 113.91666666666669 6214.5000000000009 169678.50000000003 241023.39500000005 11.500000000000002 10.500000000000002 108049.50000000001 1804703.5000000002 0.18465909090909094 0.13809523809523813 990032.50000000012 196036.23500000002 23.500000000000004 1507668.5000000002 3046715.0000000005
decision_type=2 2 2 2 2 2 2 2 2 2 2 2 2 2 2 2 2 2 2 2 2 2 2 2 2 2 2 2 2 2
left_child=1 2 13 -4 -5 14 7 9 -9 -7 11 -8 -10 16 -6 -16 18 -18 19 20 22 -22 23 24 28 26 -26 -28 -1 -30
right_child=-2 -3 3 4 5 6 10 8 12 -11 -12 -13 -14 -15 15 -17 17 -19 -20 -21 21 -23 -24 -25 25 -27 27 -29 29 -31
leaf_value=0.00088593440722476542 -0.00092383948693298967 0.00015249996083506513 0.0015678561760668398 0.00047924968196868536 0.0036605373824744715 -0.002175669724668049 -0.0076915491805402414 0.0078877844899879253 -0.012292764575176427 0.0056460321417034949 0.00019373332436122047 0.0066330400576555849 -0.002014943783361403 -0.024516486766767653 -0.0026954370719665692 0.00041431539864508087 0.00032525219547022144 -0.003609414355548568 -0.00023714450650876609 0.0026379554515419735 -0.0031952138642389553 -0.016308442880339141 0.0041707475883829299 -0.025171067407627468 -0.00038324901568298486 0.0058311904153318496 -0.0005280069069377169 -0.027890404283867177 -0.0012872104050866977 0.0015358676915620748
leaf_weight=24589 7665 157993 1579 3508 463 2961 91 79 439 292 968 639 179 173 6410 670 730 740 33149 3654 1377 915 126 222 4215 194 297 347 1016 237
leaf_count=24589 7665 157993 1579 3508 463 2961 91 79 439 292 968 639 179 173 6410 670 730 740 33149 3654 1377 915 126 222 4215 194 297 347 1016 237
internal_value=0 0.000211586 -0.000898001 -0.00505539 -0.00677214 -0.00920588 -0.00230429 -0.00967689 -0.0345729 -0.00434259 0.0148463 0.0324107 -0.0450362 0.000157678 -0.0143736 -0.0160633 0.000265507 -0.0138968 0.000561487 0.00262613 0.00127717 -0.0317631 0.00370101 0.00343831 0.00376771 -0.0052959 -0.00735958 -0.0405915 0.00553995 -0.0142532
internal_weight=0 248252 90259 18278 16699 13191 5648 3950 697 3253 1698 730 618 71981 7543 7080 71808 1470 70338 37189 33535 2292 31243 31117 30895 5053 4859 644 25842 1253
internal_count=255917 248252 90259 18278 16699 13191 5648 3950 697 3253 1698 730 618 71981 7543 7080 71808 1470 70338 37189 33535 2292 31243 31117 30895 5053 4859 644 25842 1253
is_linear=0
shrinkage=0.1


Tree=162
num_leaves=31
num_cat=0
split_feature=140 20 138 138 64 137 1 62 20 62 6 123 2 123 4 48 141 1 4 137 4 123 0 137 2 26 18 2 138 127
split_gain=17.2024 16.5906 30.1801 42.0007 40.0073 35.2246 33.0468 56.0923 28.7708 56.5731 63.1642 46.049 82.8932 72.5437 68.5401 62.3051 59.4111 42.7259 54.6675 36.8986 36.1893 35.2049 37.1226 74.3427 43.3441 35.7734 35.1955 37.2124 34.0815 33.2173
threshold=1.1180555555555558 7.5000000000000009 14.500000000000002 15.500000000000002 1.4114126520847134 400018.00000000006 2462107.5000000005 263754.50000000006 3.5000000000000004 397491.00000000006 68.083333333333357 2149476.0000000005 2531793.4650000003 1526333.0000000002 174302.25000000003 56.000000000000007 0.58578431372549034 77816.000000000015 1058898.5700000001 221745.50000000003 291838.79000000004 974727.50000000012 1060586.5000000002 181707.00000000003 944314.82000000018 107412.50000000001 1.0000000180025095e-35 1373121.2150000001 12.500000000000002 0.74166666666666681
decision_type=2 2 2 2 2 2 2 2 2 2 2 2 2 2 2 2 2 2 2 2 2 2 2 2 2 2 2 2 2 2
left_child=1 2 8 4 5 -4 7 -5 9 10 -1 13 20 21 -15 16 -16 18 -12 26 -13 22 25 24 -24 -11 -19 -28 -23 -20
right_child=-2 -3 3 6 -6 -7 -8 -9 -10 11 17 12 -14 14 15 -17 -18 19 29 -21 -22 28 23 -25 -26 -27 27 -29 -30 -31
leaf_value=0.0004539758691016083 -0.0017061391681528198 0.00015529297477749062 -0.0078742679727453867 -0.0039222132466956499 -0.021249185688034033 0.0051679066978528969 -0.0041972719823155646 0.0042329560222337153 -0.00035127130243815113 0.0023292121487281437 0.0013236965904106946 0.0082407549195673679 -0.022965832385897979 0.0018080798587444603 0.00070796275024089699 0.0015328227162156366 -0.0011205619534673751 -0.0015821977497154035 -0.0084346168761888479 0.0022515154659499374 0.0023503330638268123 0.001641162001043122 -0.0018122270520516588 0.0023882339793936521 0.0086518035088136453 -0.0070755232185007125 -0.0074595670014469626 0.0080047970462925108 -0.013242702071371593 -0.0074759912308574594
leaf_weight=22394 4694 144075 109 669 732 194 3482 719 40926 1830 4478 98 213 162 995 460 2892 11274 80 685 1445 4864 1938 4470 169 56 1340 112 252 110
leaf_count=22394 4694 144075 109 669 732 194 3482 719 40926 1830 4478 98 213 162 995 460 2892 11274 80 685 1445 4864 1938 4470 169 56 1340 112 252 110
internal_value=0 0.000189799 -0.000752533 -0.00770183 -0.025996 0.0045626 -0.00381385 0.00923343 -0.000347215 0.00104137 -0.00110308 0.00541512 0.0208758 0.00391418 -0.00707583 -0.00945593 -0.0135744 -0.00549983 0.0027401 -0.00836792 0.0289482 0.00756349 0.00360463 5.80099e-05 -0.0154275 0.0159726 -0.00958488 -0.0242388 0.0141123 -0.0497968
internal_weight=0 251223 107148 5905 1035 303 4870 1388 101243 60317 40473 19844 1756 18088 4509 4347 3887 18079 4668 13411 1543 13579 8463 6577 2107 1886 12726 1452 5116 190
internal_count=255917 251223 107148 5905 1035 303 4870 1388 101243 60317 40473 19844 1756 18088 4509 4347 3887 18079 4668 13411 1543 13579 8463 6577 2107 1886 12726 1452 5116 190
is_linear=0
shrinkage=0.1


Tree=163
num_leaves=31
num_cat=0
split_feature=92 134 2 134 6 48 13 4 134 6 94 0 105 0 2 123 13 20 127 13 0 134 4 4 0 0 0 20 137 1
split_gain=15.9152 15.2283 27.087 19.7717 64.8761 28.8627 40.0985 54.6561 36.3975 34.9456 33.1029 32.7263 52.0213 51.9063 69.0333 49.6292 55.9441 57.1331 103.45 56.2732 46.8156 70.9313 56.8016 70.5834 63.5346 67.7473 63.4825 56.8555 56.6337 52.6891
threshold=1771454.5000000002 46192968.000000007 1632051.4600000002 5402520.5000000009 100.08333333333336 46.000000000000007 466912.50000000006 1009676.2150000002 104220.50000000001 136.08333333333337 3593.4789789789793 1090596.5000000002 250973.50000000003 1786674.0000000002 268010.12000000005 574758.00000000012 871553.50000000012 10.500000000000002 0.31009615384615391 928324.50000000012 2606753.5000000005 689744.00000000012 432900.95500000013 303541.82000000007 4962793.5000000009 5649471.0000000009 4208112.5000000009 1.5000000000000002 2763309.5000000005 1072127.0000000002
decision_type=2 2 2 2 2 2 2 2 2 2 2 2 2 2 2 2 2 2 2 2 2 2 2 2 2 2 2 2 2 2
left_child=1 3 -3 5 -5 11 8 10 -7 -10 -8 12 15 14 -13 -1 -17 18 -18 -20 21 -15 23 -22 -24 28 -25 -28 -26 -23
right_child=-2 2 -4 4 -6 6 7 -9 9 -11 -12 13 -14 20 -16 16 17 -19 19 -21 22 29 24 26 25 -27 27 -29 -30 -31
leaf_value=2.0663978689488364e-05 -0.030406150962396475 -0.021599619045677577 -0.0012556333942372877 0.0032493458373758612 -0.0024413034273951476 0.00062931502660797947 0.0010487915190693414 -0.00080520314246337323 0.00010828488740232902 -0.0033653390860002631 -0.0014023514977053947 -0.0013647739580456338 0.0069220498197414271 -3.4258361894328323e-05 -0.00032316125145712436 0.0025360796365215378 0.0062654330411569502 -0.001755100270323734 -0.002758707961394219 0.0021888569947960401 -0.0001536956824935534 -0.0019314735554350751 0.00067745079640798189 -0.0012036980289336665 -0.002735553975075489 -0.00038819195161752255 0.0050208789921405029 -0.00066436117742479299 0.0044437276033456726 0.0022244637414252279
leaf_weight=86352 455 678 2557 10758 6877 9528 14219 5095 3013 3411 1128 5324 471 9657 14053 2920 431 1107 573 692 10476 444 20020 4761 3477 30669 181 1852 670 4068
leaf_count=86352 455 678 2557 10758 6877 9528 14219 5095 3013 3411 1128 5324 471 9657 14053 2920 431 1107 573 692 10476 444 20020 4761 3477 30669 181 1852 670 4068
internal_value=0 0.000125117 -0.00669233 0.000212556 0.00344176 -3.0193e-05 0.0025583 0.00549051 -0.00119924 -0.00701661 0.00846984 -0.000505503 0.000867461 -0.00170815 -0.00638518 0.00069789 0.00971614 -0.000375123 0.0111592 -0.00325681 -0.000657711 0.00459724 -0.00169032 -0.00669161 -0.000115223 -0.00269638 -0.0146301 0.000162468 -0.0146925 0.0149483
internal_weight=0 255462 3235 252227 17635 234592 36394 20442 15952 6424 15347 198198 92546 105652 19377 92075 5723 2803 1696 1265 86275 14169 72106 17270 54836 34816 6794 2033 4147 4512
internal_count=255917 255462 3235 252227 17635 234592 36394 20442 15952 6424 15347 198198 92546 105652 19377 92075 5723 2803 1696 1265 86275 14169 72106 17270 54836 34816 6794 2033 4147 4512
is_linear=0
shrinkage=0.1


Tree=164
num_leaves=31
num_cat=0
split_feature=123 123 2 65 4 0 0 2 0 123 0 64 13 2 20 4 137 13 4 94 0 4 92 137 70 64 141 2 4 123
split_gain=16.1081 65.3235 58.0405 40.3882 39.928 63.2212 59.1895 47.8305 39.831 38.7605 60.235 44.4405 43.9538 42.7724 42.4784 41.5859 49.2944 37.3537 56.98 36.0398 61.3419 34.151 48.1704 36.2461 42.7343 39.8934 33.9738 33.0763 37.001 32.9639
threshold=2000508.5000000002 1408452.5000000002 366310.03000000009 1.0000000180025095e-35 402040.90000000008 3021820.0000000005 4365962.5000000009 602067.12000000011 4751168.0000000009 1537919.0000000002 2552820.5000000005 0.20019758179790068 1528125.5000000002 316490.23000000004 1.5000000000000002 309038.65500000009 6524.5000000000009 1528125.5000000002 211025.63000000003 9101.3148148148157 2363856.0000000005 372167.06500000006 2001.2850427350429 1005.5000000000001 2.2523809523809528 4.590142677486748e-05 0.62678571428571439 905710.31999999995 432900.95500000013 897763.50000000012
decision_type=2 2 2 2 2 2 2 2 2 2 2 2 2 2 2 2 2 2 2 2 2 2 2 2 2 2 2 2 2 2
left_child=1 29 3 -2 6 19 21 8 -8 11 14 12 15 -12 -11 16 -3 -13 -19 20 -6 22 23 24 25 -4 -20 28 -22 -1
right_child=2 9 4 -5 5 -7 7 -9 -10 10 13 17 -14 -15 -16 -17 -18 18 26 -21 27 -23 -24 -25 -26 -27 -28 -29 -30 -31
leaf_value=-4.2658503249789718e-05 0.0029341090925142175 -0.0013074191320965576 -0.00041170014186061037 -0.0038151636432905869 -0.0017210784052248667 0.00022674780728529698 0.0026362954926061294 0.0025425274786444068 -0.0031764140380833466 -0.0042120248774817825 -0.0017355869988688836 0.00041830747672802726 -0.0064308020695536252 -0.00077560997326153909 0.0012079329392760641 0.0017710192517103756 -0.002681762679009281 -0.0041882402971576181 7.9646000515052061e-05 0.0079676307381482524 0.001910600254275748 -0.0016017487174761272 -0.0028033767429953629 -0.00071317377610340127 -0.00077337495164894743 0.00089363705693856375 -0.0066462344915361226 0.0025144922095297496 0.0091822796895233653 0.00047722640987632903
leaf_weight=164066 204 969 464 25 726 40417 149 433 267 222 245 1677 713 8590 3251 385 83 240 1980 228 301 1138 267 1382 76 769 1900 944 328 23478
leaf_count=164066 204 969 464 25 726 40417 149 433 267 222 245 1677 713 8590 3251 385 83 240 1980 228 301 1138 267 1382 76 769 1900 944 328 23478
internal_value=0 -0.00028946 0.00174101 0.0519651 0.00150084 0.00248068 -0.00700836 0.0170223 -0.00719335 -0.00568455 -0.00216946 -0.0111286 -0.0234078 -0.00655557 0.00898843 -0.0133363 -0.0236275 -0.00657445 -0.0116958 0.0178254 0.0140646 -0.0119893 -0.00632571 -0.00230605 0.00961894 0.0141048 -0.00877094 0.0251618 0.0429263 0.000293216
internal_weight=0 207799 48118 229 47889 42944 4945 849 416 20255 12308 7947 2150 8835 3473 1437 1052 5797 4120 2527 2299 4096 2958 2691 1309 1233 3880 1573 629 187544
internal_count=255917 207799 48118 229 47889 42944 4945 849 416 20255 12308 7947 2150 8835 3473 1437 1052 5797 4120 2527 2299 4096 2958 2691 1309 1233 3880 1573 629 187544
is_linear=0
shrinkage=0.1


Tree=165
num_leaves=31
num_cat=0
split_feature=17 22 16 3 18 128 123 0 20 4 2 4 18 123 4 20 123 62 4 6 134 64 1 0 20 20 2 93 63 70
split_gain=16.6501 31.4696 73.3372 78.7252 47.3264 46.1651 44.6428 36.1481 32.4594 127.188 69.7314 48.2881 70.329 64.8114 47.4846 80.6401 37.1974 29.9192 61.352 83.5185 46.1696 51.1959 36.2344 37.0788 71.9662 36.0637 42.2912 34.7035 32.3221 30.1534
threshold=2.5000000000000004 3.5000000000000004 1.0000000180025095e-35 228566.81500000003 1.0000000180025095e-35 0.054093567251461992 2835371.5000000005 216846.00000000003 4.5000000000000009 619302.68000000005 421357.46500000008 619302.68000000005 1.0000000180025095e-35 938.50000000000011 309038.65500000009 1.5000000000000002 4592.5000000000009 435193.00000000006 209650.23500000004 62.166666666666679 410.50000000000006 28544.842384794127 768427.50000000012 1286186.0000000002 21.500000000000004 44.500000000000007 341737.32000000001 16344.500000000002 1.4139973772820804 0.6515151515151516
decision_type=2 2 2 2 2 2 2 2 2 2 2 2 2 2 2 2 2 2 2 2 2 2 2 2 2 2 2 2 2 2
left_child=17 2 3 -2 5 -4 8 -6 11 10 -10 14 13 -13 15 -5 -14 27 19 20 25 28 -20 24 -24 26 -19 -1 29 -22
right_child=1 -3 4 6 7 -7 -8 -9 9 -11 -12 12 16 -15 -16 -17 -18 18 22 -21 21 -23 23 -25 -26 -27 -28 -29 -30 -31
leaf_value=0.00033230689462098226 -0.00039058895077777046 -2.7311369299232169e-05 0.0075385019020306589 -0.0075752064495516929 0.0015936167160865767 -0.0047442538463989825 -0.0061528754823128862 -0.0042078868866204369 -0.0038750968231863157 0.00093481308507438335 -0.012030838768355206 -0.0080951539927511564 0.0072835921787951959 -0.002327252478466965 0.001713378361235008 0.0037829832980423709 -0.0012893279702928329 0.001494483611977393 -0.0029847155758847307 0.00010310165346962149 -0.00084562197887596148 0.00039851709158735872 0.0039155430679490549 8.4554151206030556e-05 -0.0026085964822513022 0.0077407118815124134 -0.0028826750435307375 0.0037289455307829319 -0.0022818190850973983 -0.0029511319117118107
leaf_weight=67413 6577 90348 1423 478 1305 323 208 576 453 796 902 337 80 339 1280 342 137 489 1474 5159 2456 625 1270 67357 553 169 287 922 1659 180
leaf_count=67413 6577 90348 1423 478 1305 323 208 576 453 796 902 337 80 339 1280 342 137 489 1474 5159 2456 625 1270 67357 553 169 287 922 1659 180
internal_value=0 -0.000858778 -0.0050131 -0.00879913 0.00743897 0.0192953 -0.0178047 -0.00356643 -0.0159682 -0.0253384 -0.043976 -0.00923395 -0.0287122 -0.0446123 -0.00095105 -0.0197384 0.0208197 0.000778934 -0.00051282 -0.00745124 -0.0156146 -0.0195031 0.000569768 0.000900328 0.0149728 0.00463003 -0.00448655 0.00232291 -0.0233944 -0.0165123
internal_weight=0 105904 15556 11929 3627 1746 5352 1881 5144 2151 1355 2993 893 676 2100 820 217 150013 81678 11024 5865 4920 70654 69180 1823 945 776 68335 4295 2636
internal_count=255917 105904 15556 11929 3627 1746 5352 1881 5144 2151 1355 2993 893 676 2100 820 217 150013 81678 11024 5865 4920 70654 69180 1823 945 776 68335 4295 2636
is_linear=0
shrinkage=0.1


Tree=166
num_leaves=31
num_cat=0
split_feature=17 1 15 26 20 123 62 84 64 129 134 18 66 26 90 134 5 4 2 20 3 74 137 138 20 123 2 4 3 94
split_gain=15.0966 19.6134 36.5408 47.5363 46.6056 37.4668 31.9323 32.652 28.0218 33.3709 41.8708 35.631 28.1647 29.0085 26.8938 24.1352 22.4485 53.0391 76.6765 22.4157 21.3107 21.248 20.9681 20.8196 20.3599 19.8819 25.2259 19.2986 29.3351 35.1481
threshold=3.5000000000000004 111437.00000000001 1.5000000000000002 1.5000000000000002 5.5000000000000009 9.5000000000000018 133775.00000000003 43.500000000000007 4.7420761678708034 0.095454545454545472 2796840.5000000005 1.0000000180025095e-35 8.5000000000000018 413877.00000000006 68.627616045836689 331687.00000000006 5.5000000000000009 1073963.1700000002 1480090.6950000003 13.500000000000002 266638.09000000003 1.5000000000000002 6524.5000000000009 7.5000000000000009 50.500000000000007 15977.000000000002 4012707.3000000007 641749.28500000015 260634.39500000005 9.3333478542870711
decision_type=2 2 2 2 2 2 2 2 2 2 2 2 2 2 2 2 2 2 2 2 2 2 2 2 2 2 2 2 2 2
left_child=-1 2 16 5 -5 20 7 8 9 10 12 19 24 -14 -12 -9 17 -2 -19 -11 -4 -8 -7 -21 27 26 -18 28 29 -3
right_child=1 6 3 4 -6 22 21 15 -10 11 14 -13 13 -15 -16 -17 25 18 -20 23 -22 -23 -24 -25 -26 -27 -28 -29 -30 -31
leaf_value=7.7357807556504725e-05 -0.0013321573510050894 -0.0012328737760447176 0.011172295040402137 0.011876408846325948 -0.0083809244766295029 0.0027316163925155124 -0.00019505973723400142 0.0096511455118373432 0.00080747256959777091 0.0015377104973165749 -0.011771356454594218 -0.0030341009916684957 0.0014027229418804952 -0.004147990111938382 0.0013409585086832767 -0.00088459817160002618 0.0039094837478946707 -0.0053337983343647146 0.00093610354321253071 0.01338086491577016 0.017266294317396912 0.001830741116120796 -0.0025091094308072217 -0.0059943491498178555 0.0049444203498148391 -0.0016261018219689617 -0.0028018947587622246 -0.0002474153503554743 -0.0061299240840705467 -0.011802088528703925
leaf_weight=194345 4082 2369 714 352 1196 3929 33235 408 2044 637 263 717 1415 335 79 448 1497 160 122 179 345 1630 621 37 273 783 185 766 1310 1441
leaf_count=194345 4082 2369 714 352 1196 3929 33235 408 2044 637 263 717 1415 335 79 448 1497 160 122 179 345 1630 621 37 273 783 185 766 1310 1441
internal_value=0 -0.00127353 0.0020186 0.00701153 -0.00850178 0.011293 -0.00224113 -0.00652967 -0.00789048 -0.0101075 -0.0126503 0.00325563 -0.0111689 2.61659e-05 -0.0469073 0.0123325 -0.00321414 -0.00752318 -0.049467 0.0170674 0.0282339 -0.000676389 0.00735 0.0449058 -0.0143499 0.00441454 0.0105421 -0.0155881 -0.0178029 -0.0133645
internal_weight=0 61572 13986 7157 1548 5609 47586 12721 11865 9821 8251 1570 7909 1750 342 856 6829 4364 282 853 1059 34865 4550 216 6159 2465 1682 5886 5120 3810
internal_count=255917 61572 13986 7157 1548 5609 47586 12721 11865 9821 8251 1570 7909 1750 342 856 6829 4364 282 853 1059 34865 4550 216 6159 2465 1682 5886 5120 3810
is_linear=0
shrinkage=0.1


Tree=167
num_leaves=31
num_cat=0
split_feature=4 13 4 4 0 20 13 92 4 2 126 146 126 62 0 6 13 92 20 20 123 20 93 137 93 0 0 1 26 4
split_gain=15.1666 27.9933 19.1985 96.636 81.1986 49.0042 40.2264 39.6656 38.5149 38.138 38.6058 36.8769 36.1927 34.6913 62.0194 57.8051 42.5929 33.9319 37.9226 61.8236 32.569 34.1692 32.3113 31.4402 28.7222 32.7313 48.6998 35.5882 30.3594 28.1568
threshold=10398.010000000002 38199.500000000007 107145.25000000001 138306.23500000002 493138.00000000006 26.500000000000004 1256068.0000000002 5264.8671428571442 94021.220000000016 331300.11000000004 0.13809523809523813 1203708.0000000002 0.36515151515151523 263754.50000000006 271121.00000000006 29.416666666666671 389543.00000000006 46266.500000000007 3.5000000000000004 1.5000000000000002 89543.500000000015 2.5000000000000004 34.500000000000007 248236.50000000003 97125.500000000015 480874.50000000006 363391.00000000006 437878.50000000006 286992.50000000006 45656.410000000011
decision_type=2 2 2 2 2 2 2 2 2 2 2 2 2 2 2 2 2 2 2 2 2 2 2 2 2 2 2 2 2 2
left_child=1 -1 6 4 5 9 8 -7 11 10 17 13 -10 14 29 -16 23 18 19 -4 -21 -22 -20 24 25 26 -17 -27 -26 -2
right_child=2 -3 3 -5 -6 7 -8 -9 12 -11 -12 -13 -14 -15 15 16 -18 -19 22 20 21 -23 -24 -25 28 27 -28 -29 -30 -31
leaf_value=-0.002403740551680059 0.0036091502217988404 0.003985608094705116 0.025556234864580543 -2.2993288665409879e-05 -7.5873207876853152e-05 0.010701228569225285 0.0083284682991761807 -0.014404548450855882 -0.0026776876828506603 -0.0071592715904614593 -0.00020535339224376782 0.015084906045836241 -0.012326565827941961 0.00073634418206113689 0.00070046984097689175 -0.0032948982231552518 0.00036535950826479537 -0.019273343025662429 0.0088881324698893757 0.0036350963148918504 -0.010613951556705949 0.0020328785625835844 -0.0067770743947228153 -0.022369340957920765 0.021512425663110558 0.0024465317514063448 -0.010811305140310458 -0.0024497156616396735 -0.00047598502512860488 -0.00040013855112541741
leaf_weight=1539 4866 2520 300 193297 4876 1323 192 64 3605 220 1377 100 364 8212 3102 3908 1972 69 2718 627 242 151 122 254 167 542 1578 5062 655 11893
leaf_count=1539 4866 2520 300 193297 4876 1323 192 64 3605 220 1377 100 364 8212 3102 3908 1972 69 2718 627 242 151 122 254 167 542 1578 5062 655 11893
internal_value=0 0.00614644 -1.5336e-05 0.000399968 0.00907361 0.015812 -0.0018508 0.0327049 -0.0020403 0.0117902 0.013393 -0.00115675 -0.0114593 -0.00130044 -0.00270937 -0.00692038 -0.0096327 0.0181283 0.019282 0.00527722 -0.00645961 -0.02903 0.0257912 -0.0118425 -0.0111002 -0.012437 -0.0179279 -0.00706184 0.00693607 0.0016225
internal_weight=0 4059 251858 205386 12089 7213 46472 1387 46280 5826 5606 42311 3969 42211 33999 17240 14138 4229 4160 1320 1020 393 2840 12166 11912 11090 5486 5604 822 16759
internal_count=255917 4059 251858 205386 12089 7213 46472 1387 46280 5826 5606 42311 3969 42211 33999 17240 14138 4229 4160 1320 1020 393 2840 12166 11912 11090 5486 5604 822 16759
is_linear=0
shrinkage=0.1


Tree=168
num_leaves=31
num_cat=0
split_feature=20 137 62 0 26 0 140 138 48 137 126 20 14 13 62 2 124 134 62 134 18 20 62 6 3 123 4 94 3 4
split_gain=15.4016 21.7353 44.8494 37.898 22.3651 20.0597 19.6902 19.2981 18.8769 21.2378 17.6881 18.6609 26.6963 35.4991 28.0804 61.8407 41.5508 45.0701 41.1998 35.0905 33.7794 69.0421 82.6514 62.097 55.8768 35.4453 36.8297 34.6263 33.5745 53.5276
threshold=77.500000000000014 4668933.0000000009 4451044.0000000009 10716797.000000002 8606.0000000000018 25580772.500000004 1.4083333333333334 30.500000000000004 6.0000000000000009 5903967.5000000009 1.2111111111111115 7.5000000000000009 1.5000000000000002 13403423.500000002 425290.00000000006 593980.18000000017 9.5000000000000018 1685.5000000000002 276688.50000000006 1439566.0000000002 1.0000000180025095e-35 23.500000000000004 189.50000000000003 20.083333333333339 177556.35000000001 169678.50000000003 157381.25500000003 21887.000000000004 116905.99500000001 500673.92000000004
decision_type=2 2 2 2 2 2 2 2 2 2 2 2 2 2 2 2 2 2 2 2 2 2 2 2 2 2 2 2 2 2
left_child=1 6 -3 8 -5 7 10 -2 -4 -10 11 -1 14 -14 18 16 17 -16 20 -19 23 -22 -23 24 25 -13 -27 28 -25 -30
right_child=5 2 3 4 -6 -7 -8 -9 9 -11 -12 12 13 -15 15 -17 -18 19 -20 -21 21 22 -24 27 -26 26 -28 -29 29 -31
leaf_value=-9.9929527669253342e-05 0.0092813906457708383 -0.034243062375733581 0.0015279537472996584 -0.0062814079689127228 0.0066380779557174037 -0.014822884587776565 -0.0026067779934717651 -0.0025431180632348171 0.0030544053021994699 0.033660623321107912 -0.010632361308227402 0.00676502092065765 -5.4689074814029406e-05 0.012846588258457326 0.0010903394590803647 0.00070002272198857495 0.00095289396031929838 -0.0009014788850029734 0.0034174775978284 0.0007457787525597245 0.00079317122573060246 -0.018662022506047014 0.00034790233429232963 9.8291239621193342e-05 0.011880872120707209 0.0021265525758890737 -0.0045481134668886427 -0.00906437078266179 0.0037089567678003569 -0.00034754521229685142
leaf_weight=106707 1072 2188 668 3931 967 320 2218 289 153 254 221 517 83918 1071 710 21841 1849 5464 3001 750 3326 619 616 6768 620 214 170 680 2987 1808
leaf_count=106707 1072 2188 668 3931 967 320 2218 289 153 254 221 517 83918 1071 710 21841 1849 5464 3001 750 3326 619 616 6768 620 214 170 680 2987 1808
internal_value=0 -1.00194e-05 -0.00508725 -0.000600475 -0.00433217 0.00959349 0.000158365 0.0148904 0.0164022 0.0333788 0.000243676 0.000269327 0.00104191 -4.96511e-05 0.00282802 0.000887373 -0.00620414 -0.0097605 0.00561386 -0.0124877 0.00383515 -0.00362326 -0.0238141 0.00630666 0.0253631 0.00946357 -0.0135507 0.00393919 0.00522886 0.0116307
internal_weight=0 254236 8161 5973 4898 1681 246075 1361 1075 407 243857 243636 136929 84989 51940 30614 8773 6924 21326 6214 18325 4561 1235 13764 1521 901 384 12243 11563 4795
internal_count=255917 254236 8161 5973 4898 1681 246075 1361 1075 407 243857 243636 136929 84989 51940 30614 8773 6924 21326 6214 18325 4561 1235 13764 1521 901 384 12243 11563 4795
is_linear=0
shrinkage=0.1


Tree=169
num_leaves=31
num_cat=0
split_feature=124 134 133 48 1 21 76 123 4 20 127 62 129 6 93 29 76 20 133 138 138 4 20 4 94 100 3 20 92 4
split_gain=14.2612 43.2606 63.1497 44.8368 34.0107 74.1208 60.8599 52.2811 69.7428 38.8999 61.6557 44.2353 37.3505 34.809 34.6202 32.6439 32.5053 32.3478 31.5777 38.5088 37.4308 36.3666 31.3228 31.011 40.3538 40.677 106.914 53.216 33.7395 34.3993
threshold=4.5000000000000009 460013.00000000006 10.000000000000002 14.000000000000002 312135.00000000006 6.5000000000000009 5.5000000000000009 66.500000000000014 191124.70000000004 2.5000000000000004 0.61721611721611735 263754.50000000006 0.080128205128205135 87.083333333333357 16344.500000000002 51319.500000000007 12.500000000000002 23.500000000000004 28.000000000000004 12.500000000000002 15.500000000000002 443610.72500000003 1.0000000180025095e-35 107145.25000000001 108290.92857142859 0.6515151515151516 398007.86500000005 16.500000000000004 435.12500000000006 473598.90000000008
decision_type=2 2 2 2 2 2 2 2 2 2 2 2 2 2 2 2 2 2 2 2 2 2 2 2 2 2 2 2 2 2
left_child=1 4 3 17 7 6 13 14 9 22 11 -11 -10 -6 23 -2 18 -3 21 -20 -21 -4 -9 -1 25 28 -27 -28 -25 -30
right_child=15 2 16 -5 5 -7 -8 8 12 10 -12 -13 -14 -15 -16 -17 -18 -19 19 20 -22 -23 -24 24 -26 26 27 -29 29 -31
leaf_value=0.00043997785380101018 -7.3306420864226423e-05 0.0011048255878493734 -0.0014800962726296673 0.0026957504430016907 -0.00098242056015786314 0.00010428468475999584 -0.011384226103019535 0.0064601249852358272 -0.0019755003333392766 -0.0017715535375267379 0.0044258973844972793 0.008301745360571355 0.0022618523756469224 0.0004530525779722572 0.011760831490960522 -0.0057613549472733117 -0.011132861688544245 -0.00063956225189372169 0.0010364709197916214 -0.011771327594306547 -8.4385973301676979e-05 0.00023019188575131391 -0.0027765462379127693 0.0049776618625754264 -0.0066265800267317661 0.01335160951433767 -0.020762365582998207 0.015953663167893966 0.011561021278501961 0.026357233468652964
leaf_weight=7299 144572 10990 2092 2713 11659 26368 599 333 6707 3179 4109 455 1234 1897 857 1301 619 4439 8316 863 4590 2776 2246 3051 139 926 418 112 825 233
leaf_count=7299 144572 10990 2092 2713 11659 26368 599 333 6707 3179 4109 455 1234 1897 857 1301 619 4439 8316 863 4590 2776 2246 3051 139 926 418 112 825 233
internal_value=0 0.000894519 0.00365793 0.00789145 -0.000528076 -0.00245453 -0.00829171 0.00190214 -0.00161233 0.00380792 0.00735085 -0.00213787 -0.00865777 -0.00691336 0.00653308 -0.000613324 -0.000330679 0.00580681 0.000418097 0.00286562 -0.00366521 -0.00650465 -0.00682913 0.00525 0.0107743 0.0121036 -0.00225885 -0.0380771 0.0171929 0.0325808
internal_weight=0 110044 37398 18142 72646 40523 14155 32123 18263 10322 7743 3634 7941 13556 13860 145873 19256 15429 18637 13769 5453 4868 2579 13003 5704 5565 1456 530 4109 1058
internal_count=255917 110044 37398 18142 72646 40523 14155 32123 18263 10322 7743 3634 7941 13556 13860 145873 19256 15429 18637 13769 5453 4868 2579 13003 5704 5565 1456 530 4109 1058
is_linear=0
shrinkage=0.1


Tree=170
num_leaves=31
num_cat=0
split_feature=66 84 94 0 94 9 105 90 76 85 147 119 0 3 20 134 4 0 6 0 0 1 134 123 2 0 137 63 123 4
split_gain=16.6296 16.7349 31.9299 27.017 23.1394 21.6533 19.1985 19.0984 27.3149 21.5139 20.6357 17.3971 16.7035 30.7559 21.105 20.9249 44.361 39.1266 26.63 20.7785 62.6271 80.0249 81.5627 50.9148 70.0756 46.5246 65.2579 49.8315 38.6102 81.5149
threshold=1396234.5000000002 11.500000000000002 198241.94444444447 6274162.5000000009 1494367.0000000002 2.5000000000000004 2069849.5000000002 7.5009498038248585 8.5000000000000018 7.5000000000000009 20.500000000000004 1.0000000180025095e-35 41951678.500000007 1671228.1550000003 77.500000000000014 10906531.500000002 333369.84000000003 23925293.000000004 44.083333333333343 4962793.5000000009 4208112.5000000009 3999742.5000000005 12133.500000000002 2566145.0000000005 1689122.6550000003 5649471.0000000009 82233.000000000015 1.999998863414213 4945445.5000000009 2441567.5850000004
decision_type=2 2 2 2 2 2 2 2 2 2 2 2 2 2 2 2 2 2 2 2 2 2 2 2 2 2 2 2 2 2
left_child=1 4 5 -4 6 7 11 9 -9 -3 -11 12 14 -14 15 19 -17 18 -18 20 21 -1 -23 -22 -25 -21 -27 -28 -29 -30
right_child=-2 2 3 -5 -6 -7 -8 8 -10 10 -12 -13 13 -15 -16 16 17 -19 -20 25 23 22 -24 24 -26 26 27 28 29 -31
leaf_value=1.5366321218146518e-05 -0.0021343411127905608 -0.0038553154252589763 0.053499386350896072 0.015070579767128445 -0.028868324811427606 -0.0077120107617597135 0.010469197817071847 0.0051819102325137882 -0.001973130946333447 0.0021436020860678309 -0.0046777236488343204 -0.03269785583257221 -0.013320181134672683 -0.00028409423050077546 0.0045523654287883634 -0.014214205470731267 0.013233304715252837 0.00048346865257751229 0.0059888432656788563 -0.0015962789292601216 0.00056838330103042682 -0.00027975454818449146 -0.0039051569099043506 0.0044570209693463193 0.00044251201964098886 0.00092541819817906984 -0.0070304504956920314 -0.0013920914374344396 0.0094698316540924761 -0.004817280379603917
leaf_weight=177125 1411 620 115 332 478 443 47 2487 844 2031 720 51 1489 3298 1442 477 745 4495 2543 5753 6402 866 574 1119 1166 8928 4311 21556 1888 2161
leaf_count=177125 1411 620 115 332 478 443 47 2487 844 2031 720 51 1489 3298 1442 477 745 4495 2543 5753 6402 866 574 1119 1166 8928 4311 21556 1888 2161
internal_value=0 0.000102899 0.00472731 0.0306552 -3.92908e-05 0.00310523 3.34407e-06 0.00452057 0.00989074 -0.000785875 0.00300667 -8.84639e-06 3.2442e-06 -0.00584615 0.000119166 4.67281e-05 0.00499257 0.00680682 0.0150969 -0.000129476 0.000332527 -7.0844e-05 -0.0235495 0.00862399 0.0214385 -0.00206931 -0.000826306 -0.00306544 -0.00139078 0.00756903
internal_weight=0 254506 7592 447 246914 7145 246436 6702 3331 3371 2751 246389 246338 4787 241551 240109 8260 7783 3288 231849 187252 178565 1440 8687 2285 44597 38844 29916 25605 4049
internal_count=255917 254506 7592 447 246914 7145 246436 6702 3331 3371 2751 246389 246338 4787 241551 240109 8260 7783 3288 231849 187252 178565 1440 8687 2285 44597 38844 29916 25605 4049
is_linear=0
shrinkage=0.1


Tree=171
num_leaves=31
num_cat=0
split_feature=127 127 127 4 124 0 4 4 123 124 22 4 1 20 20 2 4 4 2 17 26 0 2 3 20 62 4 3 13 4
split_gain=14.0462 30.3502 46.0847 33.3498 33.3337 27.9703 48.014 36.9634 32.983 25.1507 24.9257 86.9298 36.5432 31.9119 50.0538 64.4146 106.831 46.3408 58.341 31.606 26.7835 26.2843 22.5685 22.2641 54.1774 48.463 43.4171 65.1354 39.727 40.0946
threshold=0.17156862745098042 0.98484848484848497 0.74166666666666681 55641.895000000004 1.0000000180025095e-35 309844.00000000006 1391861.0850000002 1889461.425 30898.000000000004 12.500000000000002 3.5000000000000004 1058898.5700000001 36240.500000000007 13.500000000000002 4.5000000000000009 421357.46500000008 612194.56000000017 166989.86000000004 177446.94000000003 3.5000000000000004 12.500000000000002 66875.500000000015 177446.94000000003 56247.365000000005 5.5000000000000009 45869.500000000007 160259.50500000003 234519.17000000001 1258.5000000000002 333369.84000000003
decision_type=2 2 2 2 2 2 2 2 2 2 2 2 2 2 2 2 2 2 2 2 2 2 2 2 2 2 2 2 2 2
left_child=-1 2 9 -4 -3 6 23 8 -8 -2 11 13 20 14 17 21 19 18 -5 -17 -12 -16 -14 -6 25 -25 -26 -28 29 -29
right_child=1 4 3 10 5 -7 7 -9 -10 -11 12 -13 22 -15 15 16 -18 -19 -20 -21 -22 -23 -24 24 26 -27 27 28 -30 -31
leaf_value=0.00012246455991624618 2.7440035230952289e-05 0.0026485753090703212 0.0030570321589403538 -0.0022545862084703441 -0.00069599842386920414 -5.4672644584740185e-05 -0.0080776822630555262 0.0031967923763545516 0.010376966454920224 -0.0012301769338708191 0.003123930155857076 -0.0046836250770931438 -0.0067112663278335429 0.0027165116259670222 0.0016399177607562155 -0.006158655517651785 -0.00038685317194815308 7.569060137249461e-05 -0.013466814309737368 -0.017082580759519257 -0.0058093285869263052 -0.006767928613315744 -0.00090846717183730983 0.0056264652130851855 0.0054611479708533755 -0.00042629393179995372 -0.0055414499537184804 -0.0070113508433893778 0.0021275735662329596 0.00030647733402937863
leaf_weight=125273 45380 1126 1007 1030 1987 49473 541 57 119 7279 1116 494 593 400 661 293 432 3645 270 396 67 263 5453 2252 2602 663 571 342 1496 636
leaf_count=125273 45380 1126 1007 1030 1987 49473 541 57 119 7279 1116 494 593 400 661 293 432 3645 270 396 67 263 5453 2252 2602 663 571 342 1496 636
internal_value=0 -0.000645052 -0.00209059 -0.00676907 0.000962043 0.000645994 0.00514291 -0.0198977 -0.0265703 -0.000658416 -0.00794317 -0.011832 -0.00370203 -0.00911706 -0.010689 -0.0238478 -0.0399609 -0.00524723 -0.021457 -0.0644052 0.0123713 -0.00429939 -0.00684704 0.00684488 0.00905802 0.0201296 0.00334281 -0.00476272 0.00226368 -0.0134089
internal_weight=0 130644 68779 16120 61865 60739 11266 717 660 52659 15113 7884 7229 7390 6990 2045 1121 4945 1300 689 1183 924 6046 10549 8562 2915 5647 3045 2474 978
internal_count=255917 130644 68779 16120 61865 60739 11266 717 660 52659 15113 7884 7229 7390 6990 2045 1121 4945 1300 689 1183 924 6046 10549 8562 2915 5647 3045 2474 978
is_linear=0
shrinkage=0.1


Tree=172
num_leaves=31
num_cat=0
split_feature=4 4 105 148 53 2 1 138 126 137 137 48 126 0 65 1 62 94 63 137 0 1 63 62 0 48 123 64 105 0
split_gain=14.8885 63.8528 46.2599 41.8824 40.4254 72.1996 52.928 45.8694 43.1282 40.9505 39.9203 70.704 46.525 55.4677 61.1927 59.1248 71.7117 53.5178 65.8875 61.6863 51.6683 73.1347 52.0743 50.3939 49.1677 47.6933 45.5908 75.2057 45.3048 43.7674
threshold=402040.90000000008 270421.17500000005 31720.000000000004 85718.500000000015 6.0000685190466072 704238.80500000005 5576355.0000000009 10.500000000000002 0.63750000000000007 379853.50000000006 899981.00000000012 18.000000000000004 0.13809523809523813 302035.50000000006 2.5000000000000004 1602601.0000000002 1583416.5000000002 441.50000000000006 33610.574561403519 155000.50000000003 3046715.0000000005 1507668.5000000002 57412.607475299155 263754.50000000006 4579999.5000000009 42.000000000000007 1537919.0000000002 0.3624651528763842 233192.50000000003 1512617.0000000002
decision_type=2 2 2 2 2 2 2 2 2 2 2 2 2 2 2 2 2 2 2 2 2 2 2 2 2 2 2 2 2 2
left_child=1 3 4 10 5 8 7 -6 -3 -7 12 29 13 23 15 16 20 18 19 -17 21 28 26 -1 25 -20 -23 -28 -15 -12
right_child=-2 2 -4 -5 6 9 -8 -9 -10 -11 11 -13 -14 14 -16 17 -18 -19 24 -21 -22 22 -24 -25 -26 -27 27 -29 -30 -31
leaf_value=0.0012007276824971937 0.00018040755869046433 -0.00047440053456182063 -0.0045895139296744346 -0.015770250941137067 0.0059320517878604772 -0.0015289244948451458 -0.0060334373207183156 -0.00064665842633465089 0.0088715509734497884 -0.0082973784523749268 0.0034348166401811254 0.0040317592988646104 -0.0013014223670526738 -0.00026905728086568104 0.005212174027980754 0.0017157414793941427 -0.0043457356930052008 -0.0016313223802001111 -0.0010241137678199824 -0.001906180086847342 0.0033212947130593197 -0.0021810605714274625 0.0031536386093505269 0.0096440593909180809 0.0014969573797388315 0.0010731051435803234 0.0010867386753199719 -0.0012187947254281184 0.0034332498446450147 -0.0004500419186061519
leaf_weight=32314 118781 17736 710 287 319 2141 113 230 525 419 728 749 10732 50576 878 6454 216 2232 1487 1153 234 1581 88 887 433 465 479 486 703 1781
leaf_count=32314 118781 17736 710 287 319 2141 113 230 525 419 728 749 10732 50576 878 6454 216 2232 1487 1153 234 1581 88 887 433 465 479 486 703 1781
internal_value=0 -0.000659434 -0.00557018 0.000288724 -0.00474018 -0.00551368 0.0195875 0.0324158 -0.00330885 -0.0212411 0.000384227 0.0112952 6.51207e-05 0.000732394 -0.000914308 -0.00126014 -0.00267315 0.00502385 0.0081511 0.012698 -0.00244375 -0.00264726 -0.0188981 0.00407852 -0.00635123 -0.0131136 -0.0215122 -0.004384 -0.00181252 0.00324625
internal_weight=0 137136 22193 114943 21483 20821 662 549 18261 2560 114656 3258 111398 100666 67465 66587 54363 12224 9992 7607 54147 53913 2634 33201 2385 1952 2546 965 51279 2509
internal_count=255917 137136 22193 114943 21483 20821 662 549 18261 2560 114656 3258 111398 100666 67465 66587 54363 12224 9992 7607 54147 53913 2634 33201 2385 1952 2546 965 51279 2509
is_linear=0
shrinkage=0.1


Tree=173
num_leaves=31
num_cat=0
split_feature=22 137 64 140 2 2 0 123 17 127 4 26 0 5 1 123 76 123 20 2 1 94 93 75 4 0 63 127 5 2
split_gain=14.7301 39.6444 48.0852 51.8078 39.9046 51.9425 61.7166 78.3818 62.8666 51.583 35.8412 40.3325 33.4097 50.2722 55.6068 39.4716 35.7882 58.3869 79.2463 52.7832 55.3856 47.7135 41.9093 38.3349 44.1009 71.4084 68.627 52.0294 37.1729 44.0142
threshold=3.5000000000000004 177770.50000000003 0.023003700047624014 0.11437908496732027 1405955.2850000004 1335323.9450000001 3046715.0000000005 3046024.5000000005 1.5000000000000002 0.72077922077922085 44507.005000000012 313162.50000000006 161435.00000000003 3.5000000000000004 22452.500000000004 15.500000000000002 8.5000000000000018 275917.50000000006 28.500000000000004 1829128.6800000004 572040.00000000012 361.05152671755735 1.5000000000000002 176576.00000000003 328275.88500000007 2990627.0000000005 167.54744079739939 0.31009615384615391 7.5000000000000009 158771.88500000004
decision_type=2 2 2 2 2 2 2 2 2 2 2 2 2 2 2 2 2 2 2 2 2 2 2 2 2 2 2 2 2 2
left_child=1 4 3 -3 5 10 7 8 -7 -6 11 -1 13 14 -2 -15 28 18 19 21 -21 -18 -23 24 26 27 -19 -26 -14 -30
right_child=12 2 -4 -5 9 6 -8 -9 -10 -11 -12 -13 16 15 -16 -17 17 23 -20 20 -22 22 -24 -25 25 -27 -28 -29 29 -31
leaf_value=0.0055682306112194713 -0.017261838358040977 0.0032163392734977088 -0.023759163656714172 -0.012328792240504356 -0.00045300050814040227 0.022247267501636806 0.0046366368320766458 -0.0072405231154679117 0.00099249582251226829 -0.0039066210844970516 -0.00026886076008545426 -0.0038268779466604989 0.0009483863285404434 0.0072769283095913996 0.0054126303650369641 0.00087275655742081537 -0.00072750278392990091 -9.7166675931514852e-06 0.0021730177078359367 0.014161060452136109 -0.00028157422031110935 -0.0011128410298775835 -0.010440740409062061 -0.011300490864331093 0.0096192461690126334 -0.00039254134689571397 -0.0062683300269622301 0.0015884930249840308 -0.0010726518750429736 6.3631624556870212e-05
leaf_weight=1863 1086 270 371 165 1487 190 96 209 302 734 33413 365 17363 2947 1088 16724 1444 2374 2488 111 848 1146 3726 316 860 1828 197 584 15688 145634
leaf_count=1863 1086 270 371 165 1487 190 96 209 302 734 33413 365 17363 2947 1088 16724 1444 2374 2488 111 848 1146 3726 316 860 1828 197 584 15688 145634
internal_value=0 -0.0016951 -0.0236455 -0.00108855 -0.00123746 -0.000444254 0.0248039 0.014506 0.0363001 -0.0142508 -0.00100885 0.0112717 0.000405612 0.00411377 -0.0103164 0.00570857 -1.06363e-05 -0.00455357 -0.00936331 -0.0146321 0.00722759 -0.0179511 -0.022683 0.00307066 0.00490537 0.0126064 -0.00489543 0.029228 0.000394168 -7.90207e-05
internal_weight=0 39465 806 435 38659 36438 797 701 492 2221 35641 2228 216452 21845 2174 19671 194607 15922 9763 7275 959 6316 4872 6159 5843 3272 2571 1444 178685 161322
internal_count=255917 39465 806 435 38659 36438 797 701 492 2221 35641 2228 216452 21845 2174 19671 194607 15922 9763 7275 959 6316 4872 6159 5843 3272 2571 1444 178685 161322
is_linear=0
shrinkage=0.1


Tree=174
num_leaves=31
num_cat=0
split_feature=138 93 64 63 63 20 4 0 1 6 7 148 26 21 137 26 52 75 94 20 123 26 4 92 134 64 137 137 0 136
split_gain=15.3852 27.4548 37.0169 52.2001 32.0046 32.055 32.3802 27.8234 30.5561 27.7333 24.2006 22.9782 21.3188 27.0188 20.7996 26.2199 32.562 26.1142 20.0119 24.9474 23.1211 24.3223 26.1904 20.0028 23.9108 31.2357 21.1665 19.4957 21.7635 19.2093
threshold=20.500000000000004 33.500000000000007 1.2578601391423219 1.0000007910416122 5.2186354808565989 26.500000000000004 8658.9550000000017 934215.50000000012 176742.50000000003 80.083333333333357 2.5000000000000004 1713743.5000000002 36672.000000000007 10.500000000000002 1878905.0000000002 104238.00000000001 0.18551141301560714 13.500000000000002 4370.1818181818189 45.500000000000007 3046024.5000000005 535.50000000000011 69538.425000000003 3133.5000000000005 32352.500000000004 7.46757072832016 135114.50000000003 47882.500000000007 309844.00000000006 2.5000000000000004
decision_type=2 2 2 2 2 2 2 2 2 2 2 2 2 2 2 2 2 2 2 2 2 2 2 2 2 2 2 2 2 2
left_child=-1 2 3 7 5 6 9 8 -2 -4 -9 14 -3 -14 15 17 -17 18 19 20 21 -5 -23 24 26 -26 -7 28 -8 -16
right_child=1 12 4 11 -6 23 27 10 -10 -11 -12 -13 13 -15 29 16 -18 -19 -20 -21 -22 22 -24 -25 25 -27 -28 -29 -30 -31
leaf_value=5.4921901234797888e-05 0.00048575495756728596 -0.039591928138194003 0.0097989641059911259 0.0014815450911907725 0.00012949958897081614 0.00042174513165159469 0.00023750803291446856 0.0053537940310216907 -0.0090106884869257439 -0.009609871700081386 -0.0023386194145466502 -0.021531323171421902 -0.0090942455192701051 0.011439049348877791 -0.00038179040276569787 0.0075217626616664859 -0.0050077030836330038 0.0078777455352893652 -0.0018555743317235853 0.0069128158629584886 -0.002609786132609049 0.0099979622479141172 -0.0057436425546215754 -0.0076505991317536333 0.0049574612713042757 -0.0020098534801603731 -0.0070667547424678075 -0.0037910778070762881 -0.0042485778468246919 0.013056058994596498
leaf_weight=224695 348 537 468 2099 10362 963 224 202 601 245 533 141 365 135 271 427 154 311 1075 533 215 119 350 519 1205 702 501 5978 889 750
leaf_count=224695 348 537 468 2099 10362 963 224 202 601 245 533 141 365 135 271 427 154 311 1075 533 215 119 350 519 1205 702 501 5978 889 750
internal_value=0 -0.00198341 -0.00143378 0.00433455 -0.00355976 -0.00714553 -0.010842 -0.0113423 -0.0226544 0.00947178 0.00326349 0.0084307 -0.0179821 -0.00312294 0.0093237 0.00679852 0.0268399 0.00432212 0.00233878 0.00618257 0.0023867 0.00502406 -0.0155644 0.000270129 0.00308381 0.0104631 -0.00652839 -0.0128845 -0.0250365 0.0223898
internal_weight=0 31222 30185 8129 22056 11694 7804 1684 949 713 735 6445 1037 500 6304 5283 581 4702 4391 3316 2783 2568 469 3890 3371 1907 1464 7091 1113 1021
internal_count=255917 31222 30185 8129 22056 11694 7804 1684 949 713 735 6445 1037 500 6304 5283 581 4702 4391 3316 2783 2568 469 3890 3371 1907 1464 7091 1113 1021
is_linear=0
shrinkage=0.1


Tree=175
num_leaves=31
num_cat=0
split_feature=0 4 0 0 0 62 137 137 62 4 6 137 134 3 4 48 0 13 134 20 2 134 76 123 17 4 134 133 3 6
split_gain=13.6621 37.0458 36.7397 48.0022 40.2093 40.1088 45.2477 37.5247 57.5328 48.4955 36.3896 33.6901 45.1207 32.6164 31.995 30.2119 44.694 43.6728 40.718 40.3566 46.4608 40.5589 68.7297 48.7553 51.7119 46.9598 38.6553 56.5707 51.658 49.7794
threshold=29658602.500000004 418459.74500000005 13512798.500000002 14915217.000000002 7846206.5000000009 5510815.0000000009 1947673.0000000002 2963820.0000000005 2964813.5000000005 432900.95500000013 43.083333333333343 5903967.5000000009 3672940.0000000005 810509.2150000002 1435564.3400000001 22.000000000000004 852529.50000000012 466912.50000000006 443266.00000000006 7.5000000000000009 1862827.2750000001 77772.000000000015 15.500000000000002 207591.50000000003 1.0000000180025095e-35 1058898.5700000001 479417.00000000006 10.000000000000002 350190.26500000007 52.083333333333336
decision_type=2 2 2 2 2 2 2 2 2 2 2 2 2 2 2 2 2 2 2 2 2 2 2 2 2 2 2 2 2 2
left_child=2 -2 4 -4 7 6 10 15 14 -10 -6 12 -7 -11 -9 16 18 19 -1 20 21 22 25 -23 -25 -17 29 -28 -29 -18
right_child=1 -3 3 -5 5 11 -8 8 9 13 -12 -13 -14 -15 -16 17 26 -19 -20 -21 -22 23 -24 24 -26 -27 27 28 -30 -31
leaf_value=0.00011622353155860132 -0.024873681249740476 -0.0010892045836115472 0.0089250140507332043 0.0012243478197840442 0.001439201926045175 -0.0013246132238173393 -0.02314164029558179 0.013263631655692054 -0.0026764193492497187 0.017794480063936777 -0.0017254604379285388 0.0095377808573348325 0.0053537880441734799 0.0097231435228474442 -0.030366272084896197 -5.8055636507015063e-05 -0.00077728370175718321 0.00036401747666615772 0.0023323031328220559 0.00056910313373943484 0.0041246003121301012 -0.0034265002343343725 0.011361163021209195 -0.0093826511381160729 0.0002278407891042278 -0.0049431914905434899 0.00040122052795182184 -0.0016044296831153821 6.7227137276523508e-05 -3.058784515138915e-05
leaf_weight=53803 719 9269 3018 13929 1685 4637 4103 1382 284 256 6556 945 1244 1634 993 12334 23281 48127 1716 18662 309 6431 334 394 4959 292 15188 2559 3205 13669
leaf_count=53803 719 9269 3018 13929 1685 4637 4103 1382 284 256 6556 945 1244 1634 993 12334 23281 48127 1716 18662 309 6431 334 394 4959 292 15188 2559 3205 13669
internal_value=0 -0.00352962 0.000243176 0.00473597 -8.93364e-05 -0.0044733 -0.00787474 0.000311215 0.00929462 0.021049 -0.00360275 0.00167781 -0.00113835 0.0268387 -0.00146502 0.000112127 -0.000979585 0.00146034 0.00104765 -0.000827698 -0.00345005 -0.00393129 -7.07098e-05 -0.00817713 -0.00112688 -0.00125514 -0.00292339 0.000507861 -0.00792687 -0.00486903
internal_weight=0 9988 245929 16947 228982 19170 12344 209812 4549 2174 8241 6826 5881 1890 2375 205263 113421 91842 55519 43715 25053 24744 12960 11784 5353 12626 57902 20952 5764 36950
internal_count=255917 9988 245929 16947 228982 19170 12344 209812 4549 2174 8241 6826 5881 1890 2375 205263 113421 91842 55519 43715 25053 24744 12960 11784 5353 12626 57902 20952 5764 36950
is_linear=0
shrinkage=0.1


Tree=176
num_leaves=31
num_cat=0
split_feature=127 127 127 124 4 13 3 20 67 124 62 137 64 123 20 138 136 137 4 94 0 134 13 4 92 4 134 91 123 20
split_gain=15.0242 26.301 37.528 27.7757 26.3689 24.3901 25.3847 24.4034 23.751 20.9501 50.2686 46.2005 70.4843 42.923 40.6645 39.0949 44.4407 54.4246 38.636 52.4979 50.9793 46.4563 39.984 94.1845 59.1816 39.8349 37.4162 37.3067 36.7899 36.2783
threshold=0.29285714285714287 0.98484848484848497 0.74166666666666681 1.0000000180025095e-35 55641.895000000004 33.500000000000007 247365.14000000004 5.5000000000000009 12.500000000000002 5.5000000000000009 535.00000000000011 5.5000000000000009 0.51162385359515239 230466.00000000003 11.500000000000002 28.500000000000004 3.5000000000000004 138588.50000000003 208252.43500000003 2412.7026709401712 1636819.5000000002 326736.50000000006 973797.50000000012 160259.50500000003 1005.3694029850748 384193.1750000001 104220.50000000001 1.5000000000000002 700304.50000000012 2.5000000000000004
decision_type=2 2 2 2 2 2 2 2 2 2 2 2 2 2 2 2 2 2 2 2 2 2 2 2 2 2 2 2 2 2
left_child=9 2 8 -3 -4 6 -5 -8 -2 15 13 12 -12 -11 18 16 29 -18 21 20 28 22 23 -13 26 -21 -24 -27 -20 -1
right_child=1 3 4 5 -6 -7 7 -9 -10 10 11 14 -14 -15 -16 -17 17 -19 19 25 -22 -23 24 -25 -26 27 -28 -29 -30 -31
leaf_value=0.0018490925924412483 -6.9236253901947548e-05 0.0023130880933783307 0.0027311109923014113 -0.0029242250611717594 -0.0012439769953780449 4.6736641808708956e-05 0.014259073604507575 0.0018948911260473046 -0.0055671628178830205 -0.0020877868443557102 0.0012160766274556031 -0.000764805765535237 -0.0021598641310923753 -0.008121154061512266 0.00025068251773680965 -0.0021889998694265751 0.0035534182110257303 0.00013146304957445539 0.0012388743526783842 -0.0056625382937692988 -0.00017055016484763185 -0.0015130218314349914 0.0030073204633748519 -0.0045039509183401822 -0.0058299367951483022 -0.0026956302493404728 0.00042786101261231297 0.0066582059037288508 0.0041527876732858496 0.00018938442682993052
leaf_weight=4482 49376 1126 1007 125 15113 59924 233 457 833 1389 3711 3310 801 587 34384 3951 3055 2574 675 328 12115 1328 251 672 70 980 504 120 447 51989
leaf_count=4482 49376 1126 1007 125 15113 59924 233 457 833 1389 3711 3310 801 587 34384 3951 3055 2574 675 328 12115 1328 251 672 70 980 504 120 447 51989
internal_value=0 -0.000688054 -0.00207138 0.000795085 -0.0062693 0.000506585 0.0176894 0.0252011 -0.0007236 0.000844363 -0.000481058 3.83695e-05 0.00976747 -0.0161732 -0.00075711 0.00208191 0.00269557 0.0111687 -0.00424729 -0.00145968 0.000505482 -0.0109107 -0.00633693 -0.0104882 0.0136999 -0.019676 0.0218553 -0.0105557 0.0208978 0.00185098
internal_weight=0 128194 66329 61865 16120 60739 815 690 50209 127723 61672 59696 4512 1976 55184 66051 62100 5629 20800 14665 13237 6135 4807 3982 825 1428 755 1100 1122 56471
internal_count=255917 128194 66329 61865 16120 60739 815 690 50209 127723 61672 59696 4512 1976 55184 66051 62100 5629 20800 14665 13237 6135 4807 3982 825 1428 755 1100 1122 56471
is_linear=0
shrinkage=0.1


Tree=177
num_leaves=31
num_cat=0
split_feature=1 147 148 3 1 147 137 89 0 4 146 86 66 0 20 113 91 92 3 63 63 84 0 137 106 123 66 17 92 64
split_gain=14.2913 17.8183 37.5937 36.0205 34.9209 31.6038 27.261 25.4215 24.4932 21.8198 27.2293 21.7989 20.8215 27.061 43.6728 27.7855 22.2584 32.0423 28.6177 21.5782 20.2767 21.8481 21.4705 24.012 20.2174 21.6278 19.8871 34.0079 36.4333 28.3836
threshold=76858458.500000015 11.500000000000002 54187.500000000007 520833.98500000004 1690743.0000000002 31.500000000000004 361639.00000000006 0.28941520621761213 8872956.5000000019 275012.62000000005 831770.00000000012 922744.50000000012 150587.50000000003 3441452.0000000005 15.500000000000002 1.0000000180025095e-35 1.5000000000000002 43763.986486486494 576853.4600000002 24.061418209366394 0.98433877871360165 4691382.0000000009 771908.00000000012 783809.50000000012 9.5000000000000018 1296479.0000000002 2.5000000000000004 1.5000000000000002 5937.500012020676 0.00030239258777139982
decision_type=2 2 2 2 2 2 2 2 2 2 2 2 2 2 2 2 2 2 2 2 2 2 2 2 2 2 2 2 2 2
left_child=1 12 6 4 7 11 9 -4 -8 10 -3 20 26 14 15 16 17 18 19 24 -5 22 -22 -24 25 -14 -1 28 29 -28
right_child=-2 2 3 5 -6 -7 8 -9 -10 -11 -12 -13 13 -15 -16 -17 -18 -19 -20 -21 21 -23 23 -25 -26 -27 27 -29 -30 -31
leaf_value=-2.8977025236248679e-05 -0.004417680885378905 -0.0024517583968767073 0.015655580076210318 -0.0043887878805705877 -0.00019975509778462632 -0.0096754720628054354 0.016181732396099349 -0.017547464187024107 -0.0023017086595389148 0.0061369710099722866 0.0065529954732936246 0.010953916358110383 0.0014980705687583393 -0.0029238023100501276 -0.0068468334552798096 0.01254699811875017 0.016059940323111983 -0.0073495003201923814 0.0094540602408929014 -0.0063943781718674309 0.021686731943669251 0.018233530558774792 -0.0014556540585217582 0.0045449711690255246 -0.0095344304700100344 -0.053701768304415066 0.0016876939292549344 0.00013623422195399861 0.0078920948144558991 0.00054479406094601335
leaf_weight=216281 2008 1060 33 604 524 638 316 369 84 1274 183 316 795 3066 471 137 93 82 248 49 90 271 1704 2112 64 20 973 17814 421 3817
leaf_count=216281 2008 1060 33 604 524 638 316 369 84 1274 183 316 795 3066 471 137 93 82 248 49 90 271 1704 2112 64 20 973 17814 421 3817
internal_value=0 0.000140563 0.00437159 0.000225696 -0.0180749 0.0031806 0.0138388 -0.0402462 0.0380889 0.00998498 0.000558861 0.00580697 -2.52978e-05 -0.00639583 0.00278481 0.0111852 0.00683364 0.00334369 0.00755798 -0.000506302 0.00412568 0.00660211 0.00469712 0.00355851 0.00309399 0.00734389 0.000108472 0.00290242 0.0100082 0.00752926
internal_weight=0 253909 9578 6661 926 5735 2917 402 400 2517 1243 5097 244331 5025 1959 1488 1351 1258 1176 928 4781 4177 3906 3816 879 815 239306 23025 5211 4790
internal_count=255917 253909 9578 6661 926 5735 2917 402 400 2517 1243 5097 244331 5025 1959 1488 1351 1258 1176 928 4781 4177 3906 3816 879 815 239306 23025 5211 4790
is_linear=0
shrinkage=0.1


Tree=178
num_leaves=31
num_cat=0
split_feature=142 92 94 75 21 138 137 67 4 124 0 64 20 20 2 74 126 4 124 124 134 123 134 20 134 92 2 20 137 123
split_gain=13.7812 13.5387 14.3579 13.5273 13.8254 30.8537 44.0216 30.5078 29.8794 49.3716 73.4455 52.9777 35.5104 50.1578 33.0389 32.2578 28.5095 28.3494 33.5687 171.132 153.241 60.7012 60.0505 51.0869 41.8318 55.3864 47.0126 53.6911 49.2995 72.0013
threshold=1.3095238095238095 1771454.5000000002 2851133.0000000005 1241847.0000000002 6.5000000000000009 4.5000000000000009 27.500000000000004 12.500000000000002 37643.250000000007 8.5000000000000018 631655.00000000012 0.9593561098649156 14.500000000000002 8.5000000000000018 528114.13000000012 1.0000000180025095e-35 0.12132352941176472 1935834.0750000002 11.500000000000002 8.5000000000000018 125006.50000000001 928768.50000000012 1333776.0000000002 12.500000000000002 182094.00000000003 1275.7578397212544 426822.12500000006 2.5000000000000004 5770.5000000000009 778588.00000000012
decision_type=2 2 2 2 2 2 2 2 2 2 2 2 2 2 2 2 2 2 2 2 2 2 2 2 2 2 2 2 2 2
left_child=1 2 3 4 5 7 -7 17 -8 15 12 -12 13 14 -11 -10 -15 18 19 24 21 -21 -20 -22 25 26 28 -28 -1 -30
right_child=-2 -3 -4 -5 -6 6 8 -9 9 10 11 -13 -14 16 -16 -17 -18 -19 22 20 23 -23 -24 -25 -26 -27 27 -29 29 -31
leaf_value=0.00045865805022182737 -0.0039143858635904642 -0.02457607209677555 0.03269761690305413 -0.0046795527373793225 0.00011867165788427217 0.00089128446555486462 0.00066703921859567836 -0.021721979380482016 -0.0019005812301198537 -0.0021508714276292197 -0.00098415036016348155 0.0044890231363699587 0.00072673502916351671 -0.0095953563986472673 0.028790530648786374 -0.026113324330463206 -0.00037162959628118665 -0.0029728963740194292 0.0013937031746856544 -0.0030986389069103562 -0.012980864169400025 0.0052852207803632204 -0.00098712259117822118 0.00055310208753371897 0.00035392669117304546 0.0065849576347766451 0.00057407768053537088 -0.0018725598351966525 -0.00091565681864829666 -0.0024843652636076866
leaf_weight=15805 277 455 48 558 163159 2856 2869 174 6893 1436 947 1499 1168 585 61 209 152 1412 9190 1912 1129 139 1959 150 27877 1188 2427 6641 2513 229
leaf_count=15805 277 455 48 558 163159 2856 2869 174 6893 1436 947 1499 1168 585 61 209 152 1412 9190 1912 1129 139 1959 150 27877 1188 2427 6641 2513 229
internal_value=0 9.08141e-05 0.000121543 0.000111255 0.000145345 -0.000839149 -0.00446495 9.16616e-05 -0.00652792 -0.00857355 -0.00176914 0.0114474 -0.0112717 -0.0186591 -0.00814549 -0.0141765 -0.0400143 0.000191937 0.000470353 -0.000465826 -0.0224975 -0.00555727 0.00550938 -0.0496627 0.000828552 -0.0018441 -0.00275363 -0.0086545 0.000131418 -0.0122465
internal_weight=0 255640 255185 255137 254579 91420 18675 72745 15819 12950 5848 2446 3402 2234 1497 7102 737 72571 71159 60010 3330 2051 11149 1279 56680 28803 27615 9068 18547 2742
internal_count=255917 255640 255185 255137 254579 91420 18675 72745 15819 12950 5848 2446 3402 2234 1497 7102 737 72571 71159 60010 3330 2051 11149 1279 56680 28803 27615 9068 18547 2742
is_linear=0
shrinkage=0.1


Tree=179
num_leaves=31
num_cat=0
split_feature=99 62 138 137 64 0 134 118 93 26 94 13 134 137 141 136 134 0 140 62 2 0 134 4 137 13 138 3 4 124
split_gain=13.7475 15.5641 14.0117 81.2364 41.3451 37.9239 81.8111 35.4086 35.0855 46.8508 36.3008 31.3468 35.7604 55.7572 80.6185 87.6054 75.5852 63.2881 54.0143 59.4236 46.1331 66.3393 54.6884 53.7894 52.7935 41.4053 41.193 58.7668 56.2814 55.6917
threshold=1.0000000180025095e-35 12923.500000000002 3.5000000000000004 3.5000000000000004 0.99169766635944023 3148079.0000000005 3046734.5000000005 0.5590277777777779 298.50000000000006 5404.5000000000009 13709.781734256514 105162.50000000001 182094.00000000003 391828.50000000006 0.21111111111111114 1.5000000000000002 11392.500000000002 1576076.0000000002 0.26136363636363641 71695.000000000015 1800321.5850000004 1321586.0000000002 100739.50000000001 1476938.0450000002 358190.50000000006 1094968.0000000002 8.5000000000000018 1210926.0950000004 437621.24000000005 12.500000000000002
decision_type=2 2 2 2 2 2 2 2 2 2 2 2 2 2 2 2 2 2 2 2 2 2 2 2 2 2 2 2 2 2
left_child=2 -2 5 4 -4 6 7 -1 11 -10 -11 -5 13 16 17 -16 -13 18 19 -15 21 24 -23 -22 25 -18 27 28 29 -14
right_child=1 -3 3 8 -6 -7 -8 -9 9 10 -12 12 26 14 15 -17 20 -19 -20 -21 23 22 -24 -25 -26 -27 -28 -29 -30 -31
leaf_value=-0.00020772724668762689 0.021120929503063202 -0.0083467610330007543 0.002172094020360549 0.0009529892595143731 -0.0019266033450886573 -0.00061035278592006621 0.0041490333370915108 0.0066532229882120932 -0.012263228169206946 -0.00085803419351706232 0.014590708216206961 5.0881225036005377e-05 0.0002576650215051944 0.0009364129888420451 -0.0039961886529865246 0.00016999260780629607 -0.00093813406707685685 0.00086749621874505824 -0.0017170592877167792 0.006762193531110185 0.0045361860624196174 -0.0016077723609741912 -0.00024807314537339504 -0.0011577371624435617 -0.0050442897374624058 0.003810199791991993 -0.00010949515826433186 -0.0012793049484947528 0.0022185234268649713 -0.0051277335942603169
leaf_weight=49804 169 63 4601 21495 534 6401 165 1524 2027 3149 293 22339 16411 636 2224 11183 16812 7313 525 1352 664 4463 1819 1193 394 499 57365 7560 12328 612
leaf_count=49804 169 63 4601 21495 534 6401 165 1524 2027 3149 293 22339 16411 636 2224 11183 16812 7313 525 1352 664 4463 1819 1193 394 499 57365 7560 12328 612
internal_value=0 0.0243592 5.46403e-06 0.000405967 0.0128194 -0.00136283 -0.000460447 -0.000686441 7.51018e-05 -0.00781998 -0.000717233 0.00030577 -0.000160327 -0.00184825 0.00217565 -0.00286734 -0.00378851 0.0090565 0.0227472 0.0302812 -0.00747084 -0.0086464 -0.0174751 0.00771393 -0.00551385 -0.00469004 0.00111831 0.00372421 0.00574926 0.00202278
internal_weight=0 232 255685 197791 5135 57894 51493 51328 192656 5469 3442 187187 165692 71416 23233 13407 48183 9826 2513 1988 25844 23987 6282 1857 17705 17311 94276 36911 29351 17023
internal_count=255917 232 255685 197791 5135 57894 51493 51328 192656 5469 3442 187187 165692 71416 23233 13407 48183 9826 2513 1988 25844 23987 6282 1857 17705 17311 94276 36911 29351 17023
is_linear=0
shrinkage=0.1


Tree=180
num_leaves=31
num_cat=0
split_feature=126 19 127 1 63 115 4 123 4 66 1 4 4 20 118 123 1 94 93 1 52 123 124 20 5 123 5 5 4 0
split_gain=12.9886 12.5579 14.1093 22.1764 36.5588 28.3135 27.6193 26.588 44.9045 35.9595 37.2015 28.1822 24.357 24.1094 23.5315 24.6076 81.7596 53.8037 50.6156 50.5634 36.347 35.4449 29.3296 53.7209 47.8734 41.3884 41.3088 35.8154 34.3784 80.408
threshold=1.267857142857143 1.5000000000000002 0.29285714285714287 182084.50000000003 4.6627991520225658 7.5000000000000009 114753.04000000002 224.50000000000003 43229.155000000006 54.500000000000007 22452.500000000004 889579.90500000014 1787180.4050000003 9.5000000000000018 0.5590277777777779 283936.00000000006 298373.50000000006 667.50000000000011 3.5000000000000004 3118797.5000000005 0.011244016445710813 258139.00000000003 5.5000000000000009 21.500000000000004 5.5000000000000009 869711.50000000012 7.5000000000000009 19.000000000000004 214492.32500000004 1748443.0000000002
decision_type=2 2 2 2 2 2 2 2 2 2 2 2 2 2 2 2 2 2 2 2 2 2 2 2 2 2 2 2 2 2
left_child=1 2 3 4 7 14 -6 9 -9 11 -11 -1 -10 -7 15 17 -17 -5 20 -20 -18 -19 23 25 -24 27 -27 -22 -26 -30
right_child=-2 -3 -4 5 6 13 -8 8 12 10 -12 -13 -14 -15 -16 16 18 21 19 -21 22 -23 24 -25 28 26 -28 -29 29 -31
leaf_value=0.0049805497341420925 -0.0094630451430985484 -0.0014253457185326628 -9.6873967569988329e-05 0.00016154078499199098 0.0045751640145827114 -0.0048780630695823392 0.016291403367363039 0.006171902650193184 -0.0022830068627580635 -0.088892681909786206 0.0056554337462517926 0.014332628524938018 0.011011664849950576 -0.00081553878887951573 0.0041701711499243736 0.0097388301005210572 0.003088069488014278 -0.0019009924447294343 0.0042009982623951716 -0.00014521422016204813 -0.00029092150628408614 -0.018439344194557707 -0.0056930921898443957 -0.00071522586194892369 -0.00046681270213149166 0.0053517769026126078 0.00086937686210044436 0.01412247052479383 0.0020388663266738276 -0.00011775894416955139
leaf_weight=6394 205 4481 126679 26013 390 1014 479 635 4342 353 434 160 104 1386 1208 615 1599 9182 1968 1457 4338 550 405 7549 8473 385 8893 190 2665 33371
leaf_count=6394 205 4481 126679 26013 390 1014 479 635 4342 353 434 160 104 1386 1208 615 1599 9182 1968 1457 4338 550 405 7549 8473 385 8893 190 2665 33371
internal_value=0 5.03382e-05 0.000143929 0.000899704 0.00476037 0.000438517 0.0245895 0.0033732 -0.00218777 0.00722216 -0.0129752 0.00964745 -0.00574058 -0.0103052 0.000675378 0.000519635 0.00158559 -0.00162475 0.00127241 0.0131334 0.00067384 -0.00796771 0.000314363 0.00336534 -0.00113627 0.00707413 0.0108991 -0.000763399 -0.000824837 0.000522789
internal_weight=0 255712 251231 124552 13291 111261 869 12422 5081 7341 787 6554 4446 2400 108861 107653 71908 35745 71293 3425 67868 9732 66269 21355 44914 13806 9278 4528 44509 36036
internal_count=255917 255712 251231 124552 13291 111261 869 12422 5081 7341 787 6554 4446 2400 108861 107653 71908 35745 71293 3425 67868 9732 66269 21355 44914 13806 9278 4528 44509 36036
is_linear=0
shrinkage=0.1


Tree=181
num_leaves=31
num_cat=0
split_feature=97 20 93 4 64 15 97 48 133 134 4 0 64 137 0 123 94 93 26 0 137 4 123 133 62 4 137 4 5 61
split_gain=13.1648 15.7177 17.4566 32.7942 17.9872 15.4871 14.4993 14.2009 42.3104 64.1655 42.6491 65.9233 38.8075 59.8497 38.0623 34.7551 40.8932 44.7297 35.927 30.5592 50.9684 70.7409 32.1813 30.8941 29.6508 33.955 55.8961 28.8392 28.6395 29.9651
threshold=8.5000000000000018 27.500000000000004 2.5000000000000004 262451.06500000006 0.49333549511029168 1.5000000000000002 11.500000000000002 22.000000000000004 10.000000000000002 2878863.5000000005 384193.1750000001 1459201.0000000002 0.3970221046217613 1500000.5000000002 3079883.5000000005 324907.50000000006 576.72972972972991 4.5000000000000009 100001.00000000001 6927339.5000000009 379853.50000000006 309038.65500000009 66.500000000000014 42.000000000000007 2019044.0000000002 169659.11000000002 810025.50000000012 818361.39000000013 6.5000000000000009 4.5000000000000009
decision_type=2 2 2 2 2 2 2 2 2 2 2 2 2 2 2 2 2 2 2 2 2 2 2 2 2 2 2 2 2 2
left_child=7 2 3 6 5 -5 -2 8 9 15 11 -10 -11 -14 -12 -1 28 18 -18 20 -9 22 -22 -21 25 -24 -27 -16 29 -17
right_child=1 -3 -4 4 -6 -7 -8 19 10 12 14 -13 13 -15 27 16 17 -19 -20 23 21 -23 24 -25 -26 26 -28 -29 -30 -31
leaf_value=0.00023444930231126816 -0.0041809472472789213 0.010160596692125526 -0.024044175224252895 -0.012844923639112289 -0.0014467344239080084 0.00063639526212936953 0.014244260639834083 9.580196841134043e-05 -0.00058482733173411978 -0.00034845299250958891 0.0016029672846571354 -0.0013096218372194849 0.0038290914969628222 -0.0017539314190129886 -0.0012294618708591934 0.00032608959132010996 -0.00028462584047522077 0.0083783534988837987 0.0051615658700442787 2.4222132182216696e-05 -0.0041242065127328536 0.00063386376271900376 0.0029172067292543898 -0.0034777989900138364 0.024446905360375498 -0.00044116043487141591 0.0021002947622204833 0.00030937801678503486 -0.00058753161997048735 0.024256149521181741
leaf_weight=57552 97 156 288 262 596 38 233 76673 10061 2442 4082 4024 7484 3203 2996 5306 4890 860 1184 14791 211 9380 731 6712 58 937 1522 4496 34616 36
leaf_count=57552 97 156 288 262 596 38 233 76673 10061 2442 4082 4024 7484 3203 2996 5306 4890 860 1184 14791 211 9380 731 6712 58 937 1522 4496 34616 36
internal_value=0 -0.00883813 -0.0119523 -0.00674789 -0.0166735 -0.0366441 0.0202016 6.96557e-05 -0.000588306 0.000214608 -0.00426737 -0.00796308 0.00680366 0.00940255 0.000230135 -0.00061366 -0.00263458 0.00445444 0.00143228 0.000918561 0.00173175 0.00756305 0.0197865 -0.00246654 0.022245 0.0209567 0.0153315 -0.00400282 -0.00386475 0.00295027
internal_weight=0 1670 1514 1226 896 300 330 254247 143232 117573 25659 14085 13129 10687 11574 104444 46892 6934 6074 111015 89512 12839 3459 21503 3248 3190 2459 7492 39958 5342
internal_count=255917 1670 1514 1226 896 300 330 254247 143232 117573 25659 14085 13129 10687 11574 104444 46892 6934 6074 111015 89512 12839 3459 21503 3248 3190 2459 7492 39958 5342
is_linear=0
shrinkage=0.1


Tree=182
num_leaves=31
num_cat=0
split_feature=4 4 94 4 126 4 20 20 134 64 127 2 62 0 134 13 20 93 20 2 4 126 105 30 13 128 123 2 20 138
split_gain=13.8838 95.4324 39.4847 35.0769 37.447 30.4459 80.1677 80.4086 59.6328 45.2119 41.7821 37.462 58.5897 41.1773 35.5119 48.625 45.2223 51.1586 45.6422 44.7449 51.0914 44.4447 42.3496 40.3457 41.9058 39.7635 55.1252 38.9157 37.981 37.4849
threshold=107145.25000000001 118510.045 40762.500000000007 97530.99500000001 0.36515151515151523 157381.25500000003 2.5000000000000004 1.5000000000000002 245355.00000000003 1015.6568962838513 0.56696428571428581 253559.90500000006 610974.50000000012 1603936.0000000002 86715.000000000015 13403423.500000002 3.5000000000000004 4.5000000000000009 76.500000000000014 1974558.4450000003 1058898.5700000001 0.069047619047619066 250973.50000000003 9.5000000000000018 5901719.5000000009 0.095454545454545472 4089.5000000000005 1899028.5000000005 1.0000000180025095e-35 20.500000000000004
decision_type=2 2 2 2 2 2 2 2 2 2 2 2 2 2 2 2 2 2 2 2 2 2 2 2 2 2 2 2 2 2
left_child=3 2 -2 -1 -5 6 7 -3 10 -8 -9 12 -7 -14 15 16 17 19 22 20 25 -19 -18 24 28 -13 -27 -26 -16 -30
right_child=1 5 -4 4 -6 11 9 8 -10 -11 -12 14 13 -15 23 -17 18 21 -20 -21 -22 -23 -24 -25 27 26 -28 -29 29 -31
leaf_value=-0.00018978147381247813 0.0027915924281493032 0.0048351131900801611 -0.022676155377592155 -0.0024461014214483216 -0.010974575273130505 -0.0005039923938038903 0.0015134049842018716 0.0020893272398444409 -0.011979647970865212 -0.002201448716963672 -0.0062010012000720321 0.00077293554384371039 -0.0025420023157550877 -0.0006912325556397166 -0.0032210448554175113 0.010567295790393505 -0.00051246890546566791 0.0102664787297581 0.010074239240374528 0.0019247704942563226 -0.0040119969921623517 -0.0062536186723029415 0.0077946985534168125 -0.008140081647377612 0.0073398653100674952 0.0026075600736775481 -0.0201290826729391 -0.0058101406568914719 0.00036041378289574299 -0.00097111146926613938
leaf_weight=47486 4906 487 142 2742 303 6288 10350 312 371 820 711 5938 280 399 548 1760 55559 565 586 734 636 121 159 813 1364 333 367 9301 91349 10187
leaf_count=47486 4906 487 142 2742 303 6288 10350 312 371 820 711 5938 280 399 548 1760 55559 565 586 734 636 121 159 813 1364 333 367 9301 91349 10187
internal_value=0 0.000379241 0.0139588 -0.00147105 -0.0118755 3.7072e-05 0.00470705 -0.0143919 -0.0266125 0.00792327 -0.014157 -0.000288353 -0.00748351 -0.0353903 -1.03545e-05 -0.00184069 -0.00228479 0.00442774 -0.00332128 0.00218256 -0.000191932 0.0306367 -0.00361327 0.00106562 0.00122567 0.00240223 -0.0201399 -0.0047389 0.00184881 0.00199051
internal_weight=0 205386 5048 50531 3045 200338 13051 1881 1394 11170 1023 187287 6967 679 180320 66758 64998 8694 56304 8008 7274 686 55718 113562 112749 6638 700 10665 102084 101536
internal_count=255917 205386 5048 50531 3045 200338 13051 1881 1394 11170 1023 187287 6967 679 180320 66758 64998 8694 56304 8008 7274 686 55718 113562 112749 6638 700 10665 102084 101536
is_linear=0
shrinkage=0.1


Tree=183
num_leaves=31
num_cat=0
split_feature=22 148 64 93 66 123 137 20 1 105 48 2 62 20 5 92 119 148 66 13 67 0 123 20 49 94 20 66 67 66
split_gain=14.1967 23.1883 32.5681 23.4337 17.1148 34.9315 26.0212 19.9486 22.7128 23.8305 45.0868 38.48 29.2524 18.6312 18.5211 20.9624 18.1268 17.993 17.5156 28.8479 28.1696 37.8558 45.857 27.5188 26.6294 26.0275 24.3806 23.8843 24.2894 35.9447
threshold=8.5000000000000018 490366.00000000006 0.043042079655507749 1455.5000000000002 145336.00000000003 414009.50000000006 307210.00000000006 16.500000000000004 2725054.5000000005 146945.50000000003 18.000000000000004 289270.6750000001 95803.500000000015 44.500000000000007 7.5000000000000009 54459.450000000004 1.0000000180025095e-35 36794.000000000007 2.5000000000000004 939.50000000000011 9.5000000000000018 2606753.5000000005 318026.50000000006 8.5000000000000018 2.5000000000000004 667.50000000000011 10.500000000000002 313.50000000000006 4.5000000000000009 29.500000000000004
decision_type=2 2 2 2 2 2 2 2 2 2 2 2 2 2 2 2 2 2 2 2 2 2 2 2 2 2 2 2 2 2
left_child=4 3 -3 -2 16 7 -7 8 9 11 -11 12 -6 -9 -13 -16 18 -10 -1 24 27 22 -22 -23 -20 -24 -26 28 29 -21
right_child=1 2 -4 -5 5 6 -8 13 17 10 -12 14 -14 -15 15 -17 -18 -19 19 20 21 23 25 -25 26 -27 -28 -29 -30 -31
leaf_value=-3.5610785137984995e-05 0.0049896460547542883 -0.013057605619869284 0.0022964398104018736 -0.011130774291260026 0.0072261501180999506 -0.0078308764921127365 -0.0014954940714962811 -0.012537007718726923 -0.0014885129087125416 -0.0037857423682901301 0.0011483945226506615 0.023784158530342037 -0.005153024770296573 0.0014883609925704193 0.0054819949152161247 -0.0072571511952511719 -0.029345833078141478 0.0051746636109363878 -0.014881240760917859 0.00022904911084402625 0.0023155939199908551 0.010626910741852895 0.0027841889468314118 -0.00034114726694000675 0.012277614905099911 0.0087796767974266804 -0.0036760415693764207 -0.00034112343777967794 -0.00038388252586388119 0.0037876891508331848
leaf_weight=222133 2290 425 1837 165 282 1175 743 339 1364 141 156 96 241 189 591 42 49 146 804 2216 2744 126 366 1884 182 738 249 9532 2277 2395
leaf_count=222133 2290 425 1837 165 282 1175 743 339 1364 141 156 96 241 189 591 42 49 146 804 2216 2744 126 366 1884 182 738 249 9532 2277 2395
internal_value=0 0.00543764 -0.00186671 0.0121677 -9.96923e-05 -0.00561406 -0.0165077 0.000210835 0.0033091 0.0118167 -0.0136495 0.0178578 -0.00284017 -0.0177391 0.032707 0.0264997 2.38617e-05 -0.00541826 3.5993e-05 0.00263143 0.00345613 0.00940951 0.0152195 -0.00171321 -0.0122453 0.0324299 0.00781033 0.0013322 0.00581878 0.00999176
internal_weight=0 4717 2262 2455 251200 5505 1918 3587 3059 1549 297 1252 523 528 729 633 245695 1510 245646 23513 22278 5858 3848 2010 1235 1104 431 16420 6888 4611
internal_count=255917 4717 2262 2455 251200 5505 1918 3587 3059 1549 297 1252 523 528 729 633 245695 1510 245646 23513 22278 5858 3848 2010 1235 1104 431 16420 6888 4611
is_linear=0
shrinkage=0.1


Tree=184
num_leaves=31
num_cat=0
split_feature=84 94 0 94 13 0 4 1 3 137 0 11 84 64 85 105 88 17 76 87 66 118 0 3 105 14 66 66 22 93
split_gain=13.4869 25.2169 22.3568 19.5301 17.1585 28.2042 20.4461 41.8958 20.1561 21.0727 20.5529 20.9635 22.7889 19.1324 17.0978 16.7809 16.5725 16.3035 16.1033 15.6353 16.6202 26.0559 22.4295 19.1003 17.5212 16.6189 31.212 34.2991 29.4209 31.2913
threshold=11.500000000000002 183725.3653846154 4579999.5000000009 1494367.0000000002 442639.50000000006 11006397.000000002 564001.16000000003 7829683.0000000009 464573.09000000003 114341.50000000001 10716797.000000002 1.5000000000000002 530175.50000000012 0.034335793918114491 4.5000000000000009 2069849.5000000002 840091.50000000012 5.5000000000000009 14.500000000000002 2.5000000000000004 112357.00000000001 0.58578431372549034 568853.50000000012 111840.12500000001 1182252.5000000002 2.5000000000000004 2.5000000000000004 313.50000000000006 4.5000000000000009 4675.5000000000009
decision_type=2 2 2 2 2 2 2 2 2 2 2 2 2 2 2 2 2 2 2 2 2 2 2 2 2 2 2 2 2 2
left_child=3 4 -3 15 6 16 8 17 9 10 11 12 -2 14 -7 19 -6 -8 -14 20 24 22 -22 -24 25 26 -1 -28 29 -27
right_child=1 2 -4 -5 5 13 7 -9 -10 -11 -12 -13 18 -15 -16 -17 -18 -19 -20 -21 21 -23 23 -25 -26 28 27 -29 -30 -31
leaf_value=1.400026098441094e-05 -0.0013066093840488902 0.055458614390027278 0.0104741493566478 -0.023598317771192034 -0.00078578140814917975 0.0026666815822625092 0.013911312484260419 0.00040731299001109947 -0.0051095463438146672 -0.025008022366331886 -0.0072773458714004667 0.012636399256902218 0.0097833604241346003 0.0048316128046258962 -0.0033873358768547138 0.0086528608177777935 -0.0096528984634229268 0.0015632598497969438 -0.0026202437873046919 0.0066210242410791077 0.0045461333868815181 0.0052655247273755215 -0.0084620664027280981 -0.002128601821262969 -0.0053711022582851251 -0.0066302156870798106 0.0014377601686318016 0.00011662377797206914 -0.00021483280205850379 0.0029349217497040558
leaf_weight=177987 507 95 373 478 1348 444 303 430 415 52 197 193 207 1934 921 47 613 72 89 112 467 196 183 3578 64 1865 5896 6739 49613 499
leaf_count=177987 507 95 373 478 1348 444 303 430 415 52 197 193 207 1934 921 47 613 72 89 112 467 196 183 3578 64 1865 5896 6739 49613 499
internal_value=0 0.00399184 0.0265317 -0.000131981 0.00262632 -0.000599988 0.00951086 0.0225892 0.00316865 0.00953058 0.0122468 0.0180842 0.0109717 0.00504564 -0.00401911 -9.29401e-05 -0.0100976 0.0470182 0.0330193 -0.0001043 -0.000121232 -0.00619542 -0.00784778 -0.0104143 -1.04933e-05 3.30815e-06 0.000435499 0.00523815 -0.00158172 -0.012481
internal_weight=0 8193 468 247724 7725 5260 2465 805 1660 1245 1193 996 803 3299 1365 247246 1961 375 296 247199 247087 4424 4228 3761 242663 242599 190622 12635 51977 2364
internal_count=255917 8193 468 247724 7725 5260 2465 805 1660 1245 1193 996 803 3299 1365 247246 1961 375 296 247199 247087 4424 4228 3761 242663 242599 190622 12635 51977 2364
is_linear=0
shrinkage=0.1


Tree=185
num_leaves=31
num_cat=0
split_feature=21 20 75 67 94 4 138 137 4 124 0 64 20 20 123 124 124 134 134 1 0 1 92 134 0 140 1 17 137 20
split_gain=12.9865 27.0033 29.5044 25.2647 25.3738 24.176 24.5524 31.6889 28.5499 30.1138 60.29 41.9397 34.9607 46.2702 31.5292 26.9036 139.787 128.767 50.1423 48.4746 39.6323 50.4047 35.1803 35.194 47.8617 43.4536 36.8909 37.937 37.9459 35.9398
threshold=6.5000000000000009 42.500000000000007 21.500000000000004 12.500000000000002 19945.769230769234 1935834.0750000002 4.5000000000000009 27.500000000000004 12061.355000000001 8.5000000000000018 631655.00000000012 0.9593561098649156 14.500000000000002 8.5000000000000018 99243.000000000015 11.500000000000002 10.500000000000002 50898.500000000007 1222238.5000000002 926536.00000000012 4208112.5000000009 3999742.5000000005 1935.5000000000002 207593.50000000003 208045.50000000003 0.19090909090909094 1430236.5000000002 4.5000000000000009 671416.50000000012 23.500000000000004
decision_type=2 2 2 2 2 2 2 2 2 2 2 2 2 2 2 2 2 2 2 2 2 2 2 2 2 2 2 2 2 2
left_child=1 3 -3 5 -5 6 15 -8 -9 -10 12 -12 13 14 -11 16 22 19 20 -18 21 -17 23 26 -25 -26 27 28 -1 -28
right_child=-2 2 -4 4 -6 -7 7 8 9 10 11 -13 -14 -15 -16 18 17 -19 -20 -21 -22 -23 -24 24 25 -27 29 -29 -30 -31
leaf_value=-0.00046537544905911332 9.9157239796421326e-05 -0.0027671086088615626 -0.025725681270980755 -0.0045089229460679283 -0.04003893309564821 -0.0029912633541027802 0.00075142731086603196 0.0036054360453591896 -0.0015316490739494815 0.003690872582279492 -0.0007646654726118973 0.0039428022960240842 0.00098341151861474079 -0.0077424549776244581 -0.0026760260051324151 0.001227158139146593 -0.0018744832644842946 -0.010236301678326797 -0.00076230286485460879 0.0048845065543047118 0.0080614838885991087 -0.0060086576940255217 0.0076151015980100989 0.006620872799086009 0.00019082572016919518 0.0015695678250610455 -0.00049981020964379543 0.0019859224742090563 0.0050579445650081835 -0.0021787397003285545
leaf_weight=23357 164450 2269 150 114 64 1561 2830 895 7929 512 942 1498 1223 738 1070 8752 1333 1305 2140 104 163 70 959 338 24192 1214 1516 3496 311 422
leaf_count=23357 164450 2269 150 114 64 1561 2830 895 7929 512 942 1498 1223 738 1070 8752 1333 1305 2140 104 163 70 959 338 24192 1214 1516 3496 311 422
internal_value=0 -0.000927888 -0.0113527 -0.000644695 -0.0382815 -0.000569312 -0.000348772 -0.00368177 -0.00553487 -0.00664862 -0.00129265 0.0108037 -0.00962318 -0.0168355 -0.00718982 0.000494953 -0.000361638 -0.0224053 0.00500289 -0.00175412 0.00827931 0.00737655 0.000721487 0.000389477 0.00308278 0.00258545 -0.00199305 -0.00104206 -0.00247834 -0.0153227
internal_weight=0 91467 2419 89048 178 88870 87309 17637 14807 13912 5983 2440 3543 2320 1582 69672 58547 2742 11125 1437 8985 8822 55805 54846 25744 25406 29102 27164 23668 1938
internal_count=255917 91467 2419 89048 178 88870 87309 17637 14807 13912 5983 2440 3543 2320 1582 69672 58547 2742 11125 1437 8985 8822 55805 54846 25744 25406 29102 27164 23668 1938
is_linear=0
shrinkage=0.1


Tree=186
num_leaves=31
num_cat=0
split_feature=140 64 4 137 13 3 137 134 9 4 14 20 20 0 13 0 0 123 63 20 137 93 126 123 4 4 13 4 0 2
split_gain=13.2026 26.7649 32.4907 37.7105 31.2045 22.8197 21.984 21.1485 29.054 20.6767 18.1575 16.8331 28.3607 44.8356 61.6729 76.5538 64.6084 52.8711 47.1219 61.3916 59.422 41.9128 41.087 39.4837 56.7041 40.6282 39.0365 38.235 52.0296 37.6583
threshold=0.81547619047619058 0.19281453162768566 572771.20000000007 97352.500000000015 1408731.0000000002 337105.17000000004 20995.000000000004 69335.000000000015 1.5000000000000002 202059.93000000002 2.5000000000000004 7.5000000000000009 3.5000000000000004 2707174.0000000005 928324.50000000012 1060586.5000000002 926658.50000000012 700304.50000000012 65.672500000000014 4.5000000000000009 263184.00000000006 91.500000000000014 0.19375000000000003 2149476.0000000005 297989.13000000006 1569315.3100000003 2048205.5000000002 1009676.2150000002 4208112.5000000009 1249904.5700000003
decision_type=2 2 2 2 2 2 2 2 2 2 2 2 2 2 2 2 2 2 2 2 2 2 2 2 2 2 2 2 2 2
left_child=11 2 4 7 5 -2 -7 -4 -9 -6 -5 12 23 14 16 -16 17 21 19 20 -15 -14 -19 -1 -25 -26 -21 28 -20 -17
right_child=1 -3 3 10 9 6 -8 8 -10 -11 -12 -13 13 18 15 29 -18 22 27 26 -22 -23 -24 24 25 -27 -28 -29 -30 -31
leaf_value=1.3303264264341587e-05 -0.00082557086332579743 -0.00015650875185182231 0.00063957090770420119 0.00017260781506813763 -0.0014119288365910144 0.00058633508995999247 -0.010947497906108127 0.010907878354312395 -0.0037146901095132692 -0.0023152061313277336 -0.0058503156572915051 0.00017442701208569833 -0.00043275815625347662 -0.0031538115708952571 0.0081555073008233447 0.00089098040025962556 -0.0022556321129149817 0.0023078462792818825 -0.0012727689970305428 -0.0060538213078862426 -0.0039134272083952383 0.0075793693648167132 0.015311725327006941 0.0063530005692316316 0.001114869818955615 -0.0079529756131538187 -0.00034910901339693261 -0.0097801496579054351 0.0016700693900843879 -0.0019192303126002925
leaf_weight=58662 1268 17792 656 618 102 86 265 165 71 389 721 129909 17260 1079 489 4486 2396 351 644 1435 1162 499 126 149 2732 237 8156 971 1896 1145
leaf_count=58662 1268 17792 656 618 102 86 265 165 71 389 721 129909 17260 1079 489 4486 2396 351 644 1435 1162 499 126 149 2732 237 8156 971 1896 1145
internal_value=0 -0.00232157 -0.00936169 -0.000948205 -0.0182577 -0.0115606 -0.0341257 0.0149808 0.0406524 -0.0403403 -0.0115596 0.000233783 -0.000715157 -0.00271692 -0.000245344 0.0085705 -0.00286036 -0.000831963 -0.00702634 -0.0100452 -0.0249469 -0.00171442 0.0320225 0.00064878 0.0116142 0.00859316 -0.00656331 0.00314715 0.00959936 0.00527464
internal_weight=0 22133 4341 2231 2110 1619 351 892 236 491 1339 233784 103875 42095 26752 6120 20632 18236 15343 11832 2241 17759 477 61780 3118 2969 9591 3511 2540 5631
internal_count=255917 22133 4341 2231 2110 1619 351 892 236 491 1339 233784 103875 42095 26752 6120 20632 18236 15343 11832 2241 17759 477 61780 3118 2969 9591 3511 2540 5631
is_linear=0
shrinkage=0.1


Tree=187
num_leaves=31
num_cat=0
split_feature=147 67 148 66 62 134 4 146 4 75 66 148 84 62 123 76 93 13 126 90 4 30 29 94 93 65 93 93 137 4
split_gain=12.6708 26.3642 26.4033 29.2524 25.7545 24.7364 31.4664 20.879 17.5934 16.6213 16.4706 15.8212 15.793 15.2678 18.5171 14.8894 14.5126 14.9797 14.1119 14.1106 16.721 14.0836 14.7104 39.75 31.6701 30.6205 28.3107 21.4454 21.0222 21.3772
threshold=4.5000000000000009 10.500000000000002 27847.000000000004 19.500000000000004 189.50000000000003 2277110.0000000005 230077.53500000003 681856.00000000012 1223679.7650000004 1957.5000000000002 760820.00000000012 529021.00000000012 1128787.0000000002 1993043.0000000002 547460.50000000012 12.500000000000002 5.5000000000000009 4793661.5000000009 1.267857142857143 0.14808827415810336 1810477.7600000002 28.500000000000004 3.5000000000000004 102.05263157894738 16344.500000000002 1.0000000180025095e-35 8.5000000000000018 137596.00000000003 5995.0000000000009 198032.48500000002
decision_type=2 2 2 2 2 2 2 2 2 2 2 2 2 2 2 2 2 2 2 2 2 2 2 2 2 2 2 2 2 2
left_child=18 2 5 4 15 6 -2 8 -7 10 -8 13 19 14 -5 -4 17 -6 21 -3 -21 22 -1 26 25 -25 -24 -28 29 -27
right_child=1 12 3 11 16 7 9 -9 -10 -11 -12 -13 -14 -15 -16 -17 -18 -19 -20 20 -22 -23 23 24 -26 28 27 -29 -30 -31
leaf_value=3.9051399868927915e-06 0.002322288631429126 0.0009877199561327489 -0.0029482140108438529 0.0048214797476088742 0.0016683332059100665 -0.013639421728928364 0.013721876992045343 0.0052747164108799295 0.0063218705914778184 -0.0006156314888039801 -0.019263816080593008 -0.0029216459287083833 0.0034975872994364222 0.011320484163017199 -0.0065324619408539068 -0.027134650377861322 -0.0051280203334287547 -0.0066977320574803214 -0.010031297301984488 -0.011446071920638946 0.004806072618242601 0.025102803017670094 -0.00028013750174091804 -0.011521396904072568 0.012996568795616954 -1.1633761811069565e-05 0.013608038131803736 -0.014619588567286701 0.001682489763710637 -0.0035945411564884443
leaf_weight=234600 1036 318 960 560 5059 234 763 98 141 116 20 228 249 274 70 122 180 595 182 801 89 81 5199 1182 132 602 494 136 629 767
leaf_count=234600 1036 318 960 560 5059 234 763 98 141 116 20 228 249 274 70 122 180 595 182 801 89 81 5199 1182 132 602 494 136 629 767
internal_value=0 0.00320736 0.00496344 0.00221472 -0.000224398 0.0141502 0.0191613 -0.00634964 -0.0170901 0.0328506 0.0380842 0.0171166 -0.00939494 0.0230538 0.0144832 -0.0143943 0.00240363 0.00329354 -0.00013261 -0.0141218 -0.0205821 -0.000111833 -0.000125687 -0.00406132 -0.0128096 -0.0148019 0.000909405 0.0209296 -0.0072544 -0.0142073
internal_weight=0 11913 10456 8048 6916 2408 1935 473 375 899 783 1132 1457 904 630 1082 5834 5654 244004 1208 890 243822 243741 9141 3312 3180 5829 630 1998 1369
internal_count=255917 11913 10456 8048 6916 2408 1935 473 375 899 783 1132 1457 904 630 1082 5834 5654 244004 1208 890 243822 243741 9141 3312 3180 5829 630 1998 1369
is_linear=0
shrinkage=0.1


Tree=188
num_leaves=31
num_cat=0
split_feature=148 22 63 4 93 63 0 137 0 62 64 137 2 0 4 0 62 20 124 0 20 13 124 0 137 0 137 6 62 123
split_gain=11.7648 14.3953 16.1143 21.9318 23.922 19.7952 16.5388 16.3652 13.6785 50.2525 49.1619 39.1506 35.7625 35.1657 72.3849 60.5302 59.0807 47.0937 45.1498 48.8028 47.0186 44.7999 44.3502 41.7232 36.5918 44.6981 54.66 42.4292 35.3903 34.8507
threshold=2806840.5000000005 8.5000000000000018 0.98433877871360165 2838149.3600000003 265.50000000000006 69132.800000000017 11006397.000000002 168815.00000000003 3441452.0000000005 2058249.5000000002 0.034335793918114491 795252.00000000012 7345893.0250000004 4208112.5000000009 443610.72500000003 4859805.0000000009 4052273.0000000005 4.5000000000000009 10.500000000000002 5649471.0000000009 1.5000000000000002 3261226.5000000005 8.5000000000000018 3792271.5000000005 1366997.0000000002 7620064.0000000009 57408.500000000007 43.083333333333343 5002993.5000000009 2566145.0000000005
decision_type=2 2 2 2 2 2 2 2 2 2 2 2 2 2 2 2 2 2 2 2 2 2 2 2 2 2 2 2 2 2
left_child=1 8 7 4 5 -4 -5 -3 9 12 -11 -12 -1 14 23 29 17 21 19 20 22 -16 -17 -10 25 26 -21 -27 -26 -15
right_child=-2 2 3 6 -6 -7 -8 -9 13 10 11 -13 -14 15 16 18 -18 -19 -20 24 -22 -23 -24 -25 28 27 -28 -29 -30 -31
leaf_value=5.9152301214115971e-06 -0.019092684567357444 0.00092401973666518761 0.008189291001694611 -0.0096968018397369134 -0.011026291346004413 -0.00043797939675491729 0.0032302728244919532 -0.011674086871982148 -0.0023617184709055546 -0.00029610833150144609 0.00066829239107922566 0.0064470294585965539 0.054606462438842797 0.00054353250879429359 0.0015375835041489157 0.0046708684364466044 -0.0048005687365936817 0.00035379483940137322 -0.001765299808980192 0.0040135817072027959 -0.0013550724125607758 -0.0031238351282630887 -0.02804639397586723 -0.00038101104092876678 -0.0080789044859722377 0.0017625021796774387 0.00074768957176804573 -0.0002958190348573142 0.0016247729619643715 0.0023312399167586587
leaf_weight=157108 214 687 1537 518 182 372 992 253 1827 2323 4853 1315 78 5960 353 135 210 8649 17677 1693 4659 533 21 3306 6745 5488 2899 14029 9386 1915
leaf_count=157108 214 687 1537 518 182 372 992 253 1827 2323 4853 1315 78 5960 353 135 210 8649 17677 1693 4659 533 21 3306 6745 5488 2899 14029 9386 1915
internal_value=0 4.8228e-05 0.00562835 0.00867192 0.0153038 0.0186064 -0.0005117 -0.00603109 -5.26605e-05 0.000477436 0.00797077 0.0126405 7.26553e-05 -0.00108003 -0.00549845 -0.000149003 -0.000436164 0.000719366 -0.0011864 0.000494018 -0.00902039 -0.0212383 0.044983 -0.0151092 0.00163248 0.00409911 0.012976 0.00201054 -0.00205408 0.00811483
internal_weight=0 255703 4541 3601 2091 1909 1510 940 251162 165677 8491 6168 157186 85485 14878 70607 9745 9535 62732 45055 4815 886 156 5133 40240 24109 4592 19517 16131 7875
internal_count=255917 255703 4541 3601 2091 1909 1510 940 251162 165677 8491 6168 157186 85485 14878 70607 9745 9535 62732 45055 4815 886 156 5133 40240 24109 4592 19517 16131 7875
is_linear=0
shrinkage=0.1


Tree=189
num_leaves=31
num_cat=0
split_feature=1 64 63 4 137 20 13 105 1 0 138 62 137 13 6 2 0 0 20 1 134 134 124 3 17 13 123 93 21 138
split_gain=11.8594 13.5061 28.7721 35.6471 49.5934 33.5569 39.6415 36.9793 37.9162 53.9839 33.4167 31.2232 30.7103 29.5238 27.4674 28.0582 26.7755 36.8202 64.3466 40.8411 42.4222 46.3778 38.6517 39.0012 36.2331 61.7304 35.5912 34.5396 30.687 30.2249
threshold=76858458.500000015 64.900092483102881 3038.2916901673252 443610.72500000003 1190775.0000000002 8.5000000000000018 1457086.0000000002 14517.000000000002 1602601.0000000002 13512798.500000002 36.500000000000007 1458406.0000000002 65.500000000000014 1071764.0000000002 59.916666666666679 1862827.2750000001 3221604.0000000005 3046715.0000000005 2.5000000000000004 3045576.0000000005 1715751.0000000002 1499964.5000000002 8.5000000000000018 273485.21000000008 2.5000000000000004 2876628.0000000005 14606.000000000002 4.5000000000000009 10.500000000000002 10.500000000000002
decision_type=2 2 2 2 2 2 2 2 2 2 2 2 2 2 2 2 2 2 2 2 2 2 2 2 2 2 2 2 2 2
left_child=1 16 3 5 14 12 7 8 10 13 11 -7 -3 -10 -5 -16 17 19 -19 20 21 -1 23 26 25 -25 -22 28 29 -18
right_child=-2 2 -4 4 -6 6 -8 -9 9 -11 -12 -13 -14 -15 15 -17 27 18 -20 -21 22 -23 -24 24 -26 -27 -28 -29 -30 -31
leaf_value=3.9802601264924076e-05 -0.0042138345118784672 0.0038347728159938421 -0.00016162761813388605 0.0039211136982000129 -0.003010733088255477 0.00091964602216498934 -0.0014865858452739245 -0.0036857905184818351 0.002344406887566969 -0.0035531993274993349 -0.0079776958592545633 -0.0023816767582722775 -0.0033621109504340277 0.0055978987354824844 0.0022858367679576322 9.9745586548188886e-05 -2.6308669464704209e-05 0.0031542857474430872 0.00082540030911483334 -0.0047156111390233013 -0.0032850273311062989 -0.0022782820610276885 -0.002210999990001353 0.00088722764660110424 -0.0017588640155438329 0.018939058060764239 0.0060716563146249597 -0.0037806754787051314 0.0007065812261051812 -0.0017544075776189329
leaf_weight=141522 2008 298 19753 4032 3417 3215 761 769 2688 924 507 152 1327 466 4231 3854 23684 340 2020 329 152 1200 507 822 466 226 457 3883 11886 20021
leaf_count=141522 2008 298 19753 4032 3417 3215 761 769 2688 924 507 152 1327 466 4231 3854 23684 340 2020 329 152 1200 507 822 466 226 457 3883 11886 20021
internal_value=0 9.20174e-05 0.0016345 0.00377885 0.00687195 -0.000547081 0.00172838 0.00363838 0.00566337 0.0123936 -0.00142128 0.00218272 -0.0138246 0.0186211 0.00987246 0.0065102 -0.000252834 0.000467139 0.0128579 0.000266411 0.00034607 0.000114161 0.0129311 0.0188554 0.0102591 0.0205749 0.040226 -0.00204497 -0.00140806 -0.00263332
internal_weight=0 253909 46394 26641 15534 11107 9482 8721 7952 4078 3874 3367 1625 3154 12117 8085 207515 148041 2360 145681 145352 142722 2630 2123 1514 1048 609 59474 55591 43705
internal_count=255917 253909 46394 26641 15534 11107 9482 8721 7952 4078 3874 3367 1625 3154 12117 8085 207515 148041 2360 145681 145352 142722 2630 2123 1514 1048 609 59474 55591 43705
is_linear=0
shrinkage=0.1


Tree=190
num_leaves=31
num_cat=0
split_feature=138 64 93 61 123 4 4 137 94 20 4 20 62 21 137 21 0 137 62 0 0 4 3 20 61 133 48 123 123 2
split_gain=11.7044 25.2098 30.1181 32.0448 26.0081 29.7665 23.9369 23.1408 28.7379 25.4956 27.691 24.636 21.4816 20.4078 27.9362 22.468 19.7702 18.953 25.5042 19.9053 57.907 52.6818 38.8342 29.5158 34.5264 29.379 26.1515 37.0811 62.6636 70.0193
threshold=24.500000000000004 0.53061741984647826 9390.0000000000018 2.5000000000000004 2149476.0000000005 599637.11500000011 216424.09500000003 48843.500000000007 1497.4482758620691 15.500000000000002 222846.84500000003 61.500000000000007 5625256.5000000009 9.5000000000000018 207838.50000000003 5.5000000000000009 703368.50000000012 6211214.5000000009 6749376.0000000009 13512798.500000002 14915217.000000002 468230.63500000007 2516249.6400000001 3.5000000000000004 1.5000000000000002 42.000000000000007 46.000000000000007 1408452.5000000002 1583396.5000000002 366310.03000000009
decision_type=2 2 2 2 2 2 2 2 2 2 2 2 2 2 2 2 2 2 2 2 2 2 2 2 2 2 2 2 2 2
left_child=17 2 3 -2 5 6 -5 8 9 -3 11 16 -6 14 -9 -16 -11 19 -19 22 -21 -22 26 24 -24 -23 27 -1 -29 -30
right_child=1 7 -4 4 12 -7 -8 13 -10 10 -12 -13 -14 -15 15 -17 -18 18 -20 20 21 25 23 -25 -26 -27 -28 28 29 -31
leaf_value=0.00010781778914442408 -2.326243047687804e-05 -0.011461783673916549 -0.10527659366638685 0.003754332042706943 -0.0051166527335411794 0.013665290728838975 -0.0021913194147296709 0.0005694995867217723 -0.016301801466139725 -0.00080379643031127659 -0.0037616531906272234 -0.0045386274372728784 0.0047708623209190342 4.526767984832311e-05 -0.037793899604426209 -0.0052801960973438353 0.0023778376120330742 -0.018360706730647849 -0.00060218515025325383 0.0095557494199467463 -0.0079982941082205501 0.0022310790330124955 9.6929226629868524e-05 -0.0014076168182991285 0.032203064470531138 -0.0040732335129255231 0.00044662003820864296 -0.00081394823893144439 0.0023637786702352462 -0.00010814341750763346
leaf_weight=129641 1881 369 184 336 103 392 221 1387 221 448 869 424 165 10434 67 2216 581 1419 2822 2285 1602 14799 355 9062 145 2409 32013 8625 287 30155
leaf_count=129641 1881 369 184 336 103 392 221 1387 221 448 869 424 165 10434 67 2216 581 1419 2822 2285 1602 14799 355 9062 145 2409 32013 8625 287 30155
internal_value=0 -0.00228862 0.00573588 0.00807048 0.0207146 0.0284832 0.0136256 -0.00383636 -0.0119522 -0.00910535 -0.00522512 0.00322019 -0.00679444 -0.0021607 -0.00857456 -0.015375 0.0115787 0.000213989 -0.00641062 0.000335414 0.00326385 0.00143775 4.16413e-05 -0.00618461 0.0174681 0.00305249 0.000338249 -0.000158969 -0.00285966 -0.000727864
internal_weight=0 20298 3282 3098 1217 949 557 17016 2912 2691 2322 1453 268 14104 3670 2283 1029 235619 4241 231378 21095 18810 210283 9562 500 17208 200721 168708 39067 30442
internal_count=255917 20298 3282 3098 1217 949 557 17016 2912 2691 2322 1453 268 14104 3670 2283 1029 235619 4241 231378 21095 18810 210283 9562 500 17208 200721 168708 39067 30442
is_linear=0
shrinkage=0.1


Tree=191
num_leaves=31
num_cat=0
split_feature=142 137 21 67 94 75 1 134 20 3 2 137 22 137 134 17 64 2 62 123 134 134 134 134 3 6 0 29 2 3
split_gain=11.8654 15.4537 12.5939 24.7509 25.589 24.8125 26.9684 23.0838 33.0976 21.9285 53.8102 39.5216 28.4858 26.388 28.3504 36.8048 26.9047 25.0613 68.5178 53.1387 63.2881 38.6176 38.1952 76.1073 33.0571 33.0142 30.2393 28.6282 28.4426 23.6536
threshold=0.38392857142857145 2528312.5000000005 6.5000000000000009 12.500000000000002 19945.769230769234 13509.500000000002 298373.50000000006 86715.000000000015 7.5000000000000009 1039860.8350000002 1335323.9450000001 223769.50000000003 3.5000000000000004 72005.500000000015 3046734.5000000005 1.0000000180025095e-35 0.056177506920462493 1217632.2300000002 3153016.5000000005 167.50000000000003 120296.50000000001 2046113.0000000002 3791830.5000000005 233426.00000000003 990024.77000000014 123.08333333333336 3441452.0000000005 1940.5000000000002 1300629.3400000001 568767.76000000013
decision_type=2 2 2 2 2 2 2 2 2 2 2 2 2 2 2 2 2 2 2 2 2 2 2 2 2 2 2 2 2 2
left_child=2 -2 3 5 -5 9 -7 -8 -9 10 17 12 -11 14 15 -12 -17 18 -1 28 24 -22 23 27 26 -23 -21 29 -19 -20
right_child=1 -3 -4 4 -6 6 7 8 -10 11 13 -13 -14 -15 -16 16 -18 19 22 20 21 25 -24 -25 -26 -27 -28 -29 -30 -31
leaf_value=-5.9522531533235643e-05 -0.00089817521491919461 0.0041421962993215327 0.00012152316066353919 -0.0042372577726392194 -0.036111645741006747 0.0011941799657654518 -0.0070680855490158415 0.0031748605602435575 -0.0060143287882005797 -0.001245596038018471 0.019035240912225859 -0.017075735886976084 0.00046865037157805373 -0.00037497124052672981 0.0054483933624775221 0.0010922138606617993 0.0051727410608305834 0.00093786249478741842 -0.00026022663512280251 -0.0035923766127993265 0.0022411227192095889 -0.0026118584583844084 -0.00048771530391013095 0.0077571099446348242 -0.0053396802611367644 0.0057255848374305751 -0.0065473773960857537 -0.0061233063069214364 0.012814216780165625 0.0011725795166475984
leaf_weight=74999 6686 979 157993 113 64 577 542 229 133 2310 102 1803 4130 595 142 730 304 90 221 695 943 318 338 329 112 36 103 29 76 196
leaf_count=74999 6686 979 157993 113 64 577 542 229 133 2310 102 1803 4130 595 142 730 304 90 221 695 943 318 338 329 112 36 103 29 76 196
internal_value=0 -0.00384301 0.000151738 -0.000790602 -0.0381485 -0.000717198 -0.013554 -0.0243349 -0.00478185 -0.000502625 1.23822e-06 -0.0054146 -0.00175082 0.0167523 0.0248512 0.0195854 0.0139321 -0.000398516 -8.29937e-05 -0.0105186 -0.0146227 -0.00043828 0.0245465 0.0367804 -0.0348393 -0.0286012 -0.027699 0.00986547 0.044045 0.0165468
internal_weight=0 7665 248252 90259 177 90082 1481 904 362 88601 80358 8243 6440 1873 1278 1136 1034 78485 76112 2373 2207 1297 1113 775 910 354 798 446 166 417
internal_count=255917 7665 248252 90259 177 90082 1481 904 362 88601 80358 8243 6440 1873 1278 1136 1034 78485 76112 2373 2207 1297 1113 775 910 354 798 446 166 417
is_linear=0
shrinkage=0.1


Tree=192
num_leaves=31
num_cat=0
split_feature=140 64 137 62 136 2 4 134 134 20 2 4 13 106 21 75 0 4 4 88 137 141 64 64 5 123 4 4 4 0
split_gain=11.7432 25.0129 35.1273 31.5533 29.033 22.1713 33.9144 20.4672 20.2968 17.3784 42.1639 42.4823 41.4188 37.735 29.8917 37.1088 34.9449 57.5255 41.9512 67.7855 34.8988 42.2773 37.1863 33.3995 31.2984 29.3941 36.5215 40.2339 28.1334 39.2244
threshold=0.53452380952380962 0.15755304552504099 97352.500000000015 1583399.5000000002 1.5000000000000002 353764.90500000009 516359.01500000007 156135.50000000003 9017.5000000000018 26.500000000000004 3167297.9500000007 1810477.7600000002 15642.500000000002 8.5000000000000018 6.5000000000000009 60.500000000000007 1412680.0000000002 109735.58500000001 500673.92000000004 48848.500000000007 27435.000000000004 1.0000000180025095e-35 0.1017185468628994 1.1238982901959738 5.5000000000000009 3656803.0000000005 1968055.9050000005 1827621.9300000004 590421.90000000014 424279.50000000006
decision_type=2 2 2 2 2 2 2 2 2 2 2 2 2 2 2 2 2 2 2 2 2 2 2 2 2 2 2 2 2 2
left_child=9 2 3 -2 5 -4 -7 -5 -6 -1 13 12 -12 14 15 20 17 -16 19 -19 -11 -22 -23 28 -17 -13 27 -27 29 -20
right_child=1 -3 4 7 8 6 -8 -9 -10 10 11 25 -14 -15 16 24 -18 18 23 -21 21 22 -24 -25 -26 26 -28 -29 -30 -31
leaf_value=-2.1484962315684315e-05 -0.0007569481739276877 -0.00013161225570211064 0.0021728716378240924 0.00094804152385614688 -0.0063037415962699187 -0.024293836816166738 -0.007242225357968069 0.0079116406586316589 0.0010154350592316065 0.0012334631782598528 -0.010632678223947508 -0.0010617795049779888 -0.00095077486221715731 -0.012459495432188054 0.00076632588135878705 -0.0016647836957746484 0.00073716425338267932 0.0069806245432046171 -0.0073242406561670713 -0.018536759199136093 0.0021787511446718362 -0.010027402638930816 -0.002537491418488194 0.0075022418373390512 -0.033013791400898863 -0.0059930021228313864 -0.00016493400800920988 0.0063380047790630558 0.0011186829712840514 -0.003779730159084629
leaf_weight=188983 2083 20144 46 614 884 211 266 131 540 3285 384 3853 3145 255 4936 172 13992 3663 120 119 1027 449 1499 308 146 197 2518 1258 507 182
leaf_count=188983 2083 20144 46 614 884 211 266 131 540 3285 384 3853 3145 255 4936 172 13992 3663 120 119 1027 449 1499 308 146 197 2518 1258 507 182
internal_value=0 -0.00203142 -0.00853875 -0.00142205 -0.0188757 -0.0390253 -0.0454192 0.0162403 -0.0114752 0.000253513 0.00209306 -0.00311242 -0.0122211 0.00402092 0.0043422 -0.00162528 0.00598966 0.0105575 0.0182342 0.0232633 6.7569e-05 -0.00777833 -0.016434 0.00120667 -0.0349499 0.000994967 0.00703029 0.0196431 -0.00946284 -0.0336251
internal_weight=0 24919 4775 2828 1947 523 477 745 1424 230998 42015 11355 3529 30660 30405 6578 23827 9835 4899 3782 6260 2975 1948 1117 318 7826 3973 1455 809 302
internal_count=255917 24919 4775 2828 1947 523 477 745 1424 230998 42015 11355 3529 30660 30405 6578 23827 9835 4899 3782 6260 2975 1948 1117 318 7826 3973 1455 809 302
is_linear=0
shrinkage=0.1


Tree=193
num_leaves=31
num_cat=0
split_feature=92 4 2 137 123 2 20 0 94 11 21 123 93 117 20 138 13 134 2 0 137 2 3 146 136 0 5 1 0 20
split_gain=11.6672 11.8023 66.3162 55.5608 95.8394 65.7715 56.3579 48.6198 44.1423 53.7008 42.3271 57.1196 32.6141 31.987 30.8982 78.8424 42.6151 41.8643 40.0034 75.2101 55.4161 40.763 34.6194 33.4535 32.2515 30.5015 29.8854 33.2424 80.4016 55.0714
threshold=2619534.0000000005 384193.1750000001 426822.12500000006 92701.000000000015 897763.50000000012 919428.81500000006 44.500000000000007 2485441.0000000005 20541.500000000004 1.0000000180025095e-35 6.5000000000000009 1698.5000000000002 5.5000000000000009 0.069047619047619066 25.500000000000004 32.500000000000007 1639398.5000000002 188839.00000000003 187578.15500000003 1512617.0000000002 1366997.0000000002 268010.12000000005 175413.845 56237.000000000007 4.5000000000000009 385.50000000000006 1.5000000000000002 1571378.0000000002 1060586.5000000002 6.5000000000000009
decision_type=2 2 2 2 2 2 2 2 2 2 2 2 2 2 2 2 2 2 2 2 2 2 2 2 2 2 2 2 2 2
left_child=1 2 8 6 7 -6 26 10 13 -10 -5 12 -12 14 15 16 24 -18 -16 20 21 23 -23 -20 25 -1 -4 28 -28 -30
right_child=-2 -3 3 4 5 -7 -8 -9 9 -11 11 -13 -14 -15 18 -17 17 -19 19 -21 -22 22 -24 -25 -26 -27 27 -29 29 -31
leaf_value=0.0035004627707385574 -0.026777467932642685 0.00015018014372892235 0.019553727790843658 -0.011618575729844888 0.0033887159554916858 -0.0034016801301141155 0.0043424088477273864 -0.0022969661855726962 -0.0037995456437427302 0.019415838646816584 0.0073465095692549845 -0.00044974501076432653 -0.0062312174690951939 -0.011472512147013815 0.00027733734990853602 -0.0079431888377073274 3.2901466328643217e-05 0.0026814535716726943 0.0055870090899119654 -0.0010765957903393797 0.017517018306745302 -0.011859337340095802 0.0020672534975614944 -0.022721569081733631 0.008280833988897696 -2.4659721658976733e-05 -0.0014533891312869041 -0.00028788128122191119 -0.0087365080166806001 -0.0019089387531198041
leaf_weight=3263 230 121579 328 212 1699 327 657 2053 4445 222 441 1550 79 527 8678 1087 810 653 2501 1385 114 148 1198 43 538 86322 7166 5774 448 1440
leaf_count=3263 230 121579 328 212 1699 327 657 2053 4445 222 441 1550 79 527 8678 1087 810 653 2501 1385 114 148 1198 43 538 86322 7166 5774 448 1440
internal_value=0 3.71841e-05 -0.000609705 -0.00560592 0.00228644 0.0202414 -0.00878074 -0.00610497 0.00038004 -0.00914048 0.00394001 0.00829848 0.036978 0.000794261 0.000915599 0.000252731 0.000570494 0.0175007 0.00528255 0.0120497 0.0189977 0.0169838 0.0029105 0.0244297 0.00029566 0.000149061 -0.0100237 -0.0106841 -0.0144653 -0.0328243
internal_weight=0 255687 134108 22174 6361 2026 15813 4335 111934 4667 2282 2070 520 107267 106740 92673 91586 1463 14067 5389 4004 3890 1346 2544 90123 89585 15156 14828 9054 1888
internal_count=255917 255687 134108 22174 6361 2026 15813 4335 111934 4667 2282 2070 520 107267 106740 92673 91586 1463 14067 5389 4004 3890 1346 2544 90123 89585 15156 14828 9054 1888
is_linear=0
shrinkage=0.1


Tree=194
num_leaves=31
num_cat=0
split_feature=75 92 84 94 0 119 105 13 0 4 1 137 3 3 3 64 0 76 17 0 64 62 17 9 14 22 20 141 71 0
split_gain=11.4609 11.7042 11.6369 31.3576 18.3128 16.1796 14.4399 14.3628 24.3088 17.0996 37.1358 18.4385 20.5911 20.8724 25.3385 19.7218 19.2649 16.639 16.3219 15.1489 14.8019 17.1338 14.7676 14.9851 13.5352 20.4607 16.621 16.1697 15.7579 14.7224
threshold=1241847.0000000002 2619534.0000000005 11.500000000000002 198241.94444444447 2841866.0000000005 1.0000000180025095e-35 2069849.5000000002 442639.50000000006 12203388.500000002 564001.16000000003 6810579.0000000009 114341.50000000001 528596.25500000012 1082135.8900000004 1421823.2650000004 72374.203053333491 9165030.5000000019 5.5000000000000009 4.5000000000000009 926658.50000000012 0.034335793918114491 4319810.5000000009 5.5000000000000009 1.5000000000000002 3.5000000000000004 5.5000000000000009 74.500000000000014 0.96547619047619049 0.83333333333333337 230.50000000000003
decision_type=2 2 2 2 2 2 2 2 2 2 2 2 2 2 2 2 2 2 2 2 2 2 2 2 2 2 2 2 2 2
left_child=1 2 5 7 -5 6 24 9 -9 11 22 12 15 -14 18 16 17 -4 -15 -19 -10 -22 23 -11 28 27 -27 29 -1 -26
right_child=-2 -3 3 4 -6 -7 -8 8 20 10 -12 -13 13 14 -16 -17 -18 19 -20 -21 21 -23 -24 -25 25 26 -28 -29 -30 -31
leaf_value=1.8207432874306485e-05 -0.0043388223342837101 -0.024815039547522223 0.0094350841381602522 0.053674102023038753 0.01140300413339237 -0.02484756872841095 0.0069974756658476266 -0.001906788417382499 -0.00078748278429574547 0.014780446402250444 0.00020011490276113932 -0.021611280500979282 -0.010040652416188442 0.0049204087321180773 -0.0078474859657766804 -0.010267840966935289 -0.0048751790259391643 -0.0026714615787086162 -0.01118072930624971 0.0042748859536891528 0.008120576215944952 -0.00046389624721321354 0.0013106117254944745 0.00089215324513678633 0.013454788299262719 -0.0005286723053826199 0.0062273459238583852 -0.0014707866539775294 0.01207230367608892 -0.013996003046729089
leaf_weight=234832 568 224 378 72 324 51 47 2157 1289 228 449 58 136 87 103 64 236 283 26 290 1066 646 72 57 29 10447 403 637 124 534
leaf_count=234832 568 224 378 72 324 51 47 2157 1289 228 449 58 136 87 103 64 236 283 26 290 1066 646 72 57 29 10447 403 637 124 534
internal_value=0 6.5756e-05 8.5817e-05 0.00383441 0.031271 -3.58623e-05 -2.42362e-05 0.00240951 -0.000592033 0.00868512 0.0206367 0.00288561 0.00488974 -0.0164766 0.00284565 0.0109017 0.0138172 0.0201635 0.0355453 0.00942012 0.0052281 0.0113221 0.044709 0.0549317 -3.47821e-05 -0.00330351 -0.00193312 -0.0156941 0.000132858 -0.0280415
internal_weight=0 255349 255125 8021 396 247104 247053 7625 5158 2467 806 1661 1603 352 216 1251 1187 951 113 573 3001 1712 357 285 247006 12050 10850 1200 234956 563
internal_count=255917 255349 255125 8021 396 247104 247053 7625 5158 2467 806 1661 1603 352 216 1251 1187 951 113 573 3001 1712 357 285 247006 12050 10850 1200 234956 563
is_linear=0
shrinkage=0.1


Tree=195
num_leaves=31
num_cat=0
split_feature=48 133 134 4 0 92 0 134 126 4 0 79 75 13 64 13 137 0 62 62 4 0 30 2 20 64 0 2 134 53
split_gain=11.322 35.4159 47.7776 34.7209 55.6445 33.9752 31.7362 32.902 30.7396 30.1977 30.1201 29.327 40.3949 29.7057 28.3534 46.602 25.235 40.2588 44.4808 31.5976 31.6743 30.6739 25.2099 34.8123 24.7102 28.8071 40.1349 34.5647 39.255 29.166
threshold=22.000000000000004 10.000000000000002 2878863.5000000005 590421.90000000014 3221604.0000000005 46266.500000000007 870539.50000000012 443266.00000000006 0.31009615384615391 384193.1750000001 309844.00000000006 0.57738095238095244 2562.0000000000005 2338014.5000000005 0.3970221046217613 3954862.0000000005 2498349.5000000005 6586271.5000000009 6749376.0000000009 2999348.0000000005 432900.95500000013 18338713.500000004 15.500000000000002 124201.10000000002 3.5000000000000004 124.03799667758487 4962793.5000000009 297289.17500000005 188839.00000000003 2.2143998253552835
decision_type=2 2 2 2 2 2 2 2 2 2 2 2 2 2 2 2 2 2 2 2 2 2 2 2 2 2 2 2 2 2
left_child=1 2 6 4 5 9 7 8 22 10 -3 12 16 -14 -4 -16 24 19 -19 -18 -21 -20 -1 -24 -8 26 27 29 -29 -26
right_child=-2 3 14 -5 -6 -7 11 -9 -10 -11 -12 -13 13 -15 15 -17 17 18 21 20 -22 -23 23 -25 25 -27 -28 28 -30 -31
leaf_value=0.00036924560283960742 0.00011999913054997114 0.00026522032178619707 -0.00032497850838890987 0.00030615324785438923 -0.001623546282129099 -0.005772562330894771 0.00014840892887312809 0.0022133293676702913 -0.0013377808526264801 0.0017223179306057287 -0.00081321085806167486 0.00071364926797163946 -0.0083307772346453406 -0.002489420701034706 0.0037441327771296166 -0.00041356576516065062 0.00096948006716703896 -0.012753467857138691 0.0067400174804195028 -0.0024799605875461591 0.0091782117750168098 -0.0065296120208619083 -0.015006004881574065 0.024523748576996827 -0.00042135616171227943 0.0001674851594296562 -0.0027026636552312301 -0.00061987856303062161 0.00060777257946595929 -0.0010079076404617138
leaf_weight=38719 112248 4944 2444 8698 2724 293 5763 1428 4920 1427 7731 6931 393 478 6907 3789 3356 3479 2441 216 1172 1615 113 359 2240 6812 4894 10754 5337 3292
leaf_count=38719 112248 4944 2444 8698 2724 293 5763 1428 4920 1427 7731 6931 393 478 6907 3789 3356 3479 2441 216 1172 1615 113 359 2240 6812 4894 10754 5337 3292
internal_value=0 -0.00055213 0.000182725 -0.00390667 -0.00652072 -0.00404061 -0.000530527 0.00145396 0.000970338 -0.00334034 -0.00489303 -0.00205777 -0.00286866 -0.0242238 0.0058666 0.00808707 -0.00250658 0.00144804 -0.00309535 0.0086644 0.0213547 0.00402044 0.00190567 0.0248769 -0.00374875 -0.00479421 -0.0062843 -0.00443345 -0.00208918 -0.0112523
internal_weight=0 143669 117852 25817 17119 14395 104712 45539 44111 14102 12675 59173 52242 871 13140 10696 51371 12279 7535 4744 1388 4056 39191 472 39092 33329 26517 21623 16091 5532
internal_count=255917 143669 117852 25817 17119 14395 104712 45539 44111 14102 12675 59173 52242 871 13140 10696 51371 12279 7535 4744 1388 4056 39191 472 39092 33329 26517 21623 16091 5532
is_linear=0
shrinkage=0.1


Tree=196
num_leaves=31
num_cat=0
split_feature=97 64 3 3 13 20 134 4 97 3 20 0 0 76 1 13 93 94 2 48 134 13 4 134 76 22 6 4 20 124
split_gain=11.8613 14.0284 15.8501 18.932 14.6703 19.1647 14.0455 13.055 12.8231 24.4155 57.8223 49.4025 16.5837 17.7105 14.1441 14.538 13.1639 12.7486 12.6902 12.2119 31.1256 30.368 38.5032 21.1372 25.6799 22.129 21.9028 22.8768 27.5885 21.1115
threshold=8.5000000000000018 0.046710639663755112 537207.92000000004 1142267.1650000003 267466.00000000006 6.5000000000000009 177229.50000000003 31030.875000000004 1.0000000180025095e-35 545133.40500000014 18.500000000000004 828981.50000000012 2759147.5000000005 9.5000000000000018 718586.00000000012 183709.00000000003 1.5000000000000002 34797.416666666672 537353.89000000025 46.000000000000007 4077852.5000000005 466912.50000000006 1042147.8650000001 125006.50000000001 13.500000000000002 7.5000000000000009 136.08333333333337 491994.0400000001 18.500000000000004 10.500000000000002
decision_type=2 2 2 2 2 2 2 2 2 2 2 2 2 2 2 2 2 2 2 2 2 2 2 2 2 2 2 2 2 2
left_child=8 2 6 -4 5 -3 7 -2 19 12 11 16 13 14 15 18 -11 -12 -10 -1 21 23 -23 24 -21 -26 -25 28 -28 -30
right_child=1 4 3 -5 -6 -7 -8 -9 9 10 17 -13 -14 -15 -16 -17 -18 -19 -20 20 -22 22 -24 26 25 -27 27 -29 29 -31
leaf_value=-4.1446089535334946e-05 -0.082421042846361786 -0.0032358434016850294 -0.018816244072190152 0.0082794529626275207 -0.0038228222249522079 0.011847645084348291 -0.0089661666596334184 0.0064116082226800993 0.012718163941797124 -0.021153416218604823 0.015493261660930735 -0.00025772843770955348 -0.0037282571439821322 -0.021471560624489641 0.0093826766942921563 -1.5034521573475957e-06 -0.0054909351575323853 -0.029554382797927294 -0.004554407923257257 9.9300720461648065e-05 -0.0032709022877682515 0.00082209541303686524 -0.00064101345895959717 0.00015009604899105523 0.0062947946336076258 -0.02724774202238946 -0.0051415380669133093 0.0018612124607773704 -0.0048401380052724213 0.0042930657855736231
leaf_weight=212115 22 247 139 31 640 253 87 251 855 186 295 265 203 129 254 451 29 28 127 8656 4790 14830 4655 2635 784 64 1809 430 340 317
leaf_count=212115 22 247 139 31 640 253 87 251 855 186 295 265 203 129 254 451 29 28 127 8656 4790 14830 4655 2635 784 64 1809 430 340 317
internal_value=0 -0.00837544 -0.0218173 -0.0469828 -0.00212614 0.0107082 -0.00993364 0.00121691 7.98724e-05 0.00678325 -0.00796583 -0.0299784 0.0126493 0.0156794 0.0184102 0.0145552 -0.0655954 0.0247463 0.0213812 4.6335e-06 0.00162354 0.00267173 0.00527713 -0.00070481 0.00215555 0.0187631 -0.00561981 -0.0116224 -0.0153338 0.00221731
internal_weight=0 1670 530 170 1140 500 360 273 254247 2822 803 480 2019 1816 1687 1433 215 323 982 251425 39310 34520 19485 15035 9504 848 5531 2896 2466 657
internal_count=255917 1670 530 170 1140 500 360 273 254247 2822 803 480 2019 1816 1687 1433 215 323 982 251425 39310 34520 19485 15035 9504 848 5531 2896 2466 657
is_linear=0
shrinkage=0.1


Tree=197
num_leaves=31
num_cat=0
split_feature=1 84 94 86 94 13 0 4 1 5 2 3 0 17 0 26 62 123 3 3 3 76 137 14 63 137 0 26 22 71
split_gain=11.3516 12.4386 20.4721 20.7392 17.1855 14.0905 20.7845 18.3225 30.6091 14.7791 21.9407 13.9559 24.6321 13.6683 13.5886 13.5379 13.3524 17.225 13.2768 21.0651 18.6715 14.7805 15.7055 13.0676 25.1253 24.4566 39.4387 30.3067 29.0567 22.1975
threshold=96602094.000000015 11.500000000000002 235643.83333333334 1529.0000000000002 1494367.0000000002 442639.50000000006 11006397.000000002 564001.16000000003 6810579.0000000009 21.000000000000004 5395868.0400000019 8495229.745000001 4651685.0000000009 5.5000000000000009 12065554.500000002 2157881.0000000005 100164.50000000001 118471.00000000001 528596.25500000012 1082135.8900000004 1421823.2650000004 14.500000000000002 6.5000000000000009 2.5000000000000004 5.6698681342569488 671416.50000000012 12065554.500000002 724143.50000000012 5.5000000000000009 0.83333333333333337
decision_type=2 2 2 2 2 2 2 2 2 2 2 2 2 2 2 2 2 2 2 2 2 2 2 2 2 2 2 2 2 2
left_child=1 4 5 -4 11 7 15 16 13 -8 -11 23 -13 -9 -6 -7 18 -18 21 -20 -21 22 -3 29 25 27 28 -25 -27 -1
right_child=-2 2 3 -5 14 6 9 8 -10 10 -12 12 -14 -15 -16 -17 17 -19 19 20 -22 -23 -24 24 -26 26 -28 -29 -30 -31
leaf_value=4.2141492316394305e-05 -0.005420304052889291 0.0081243797858224862 0.038718406390861326 0.0092271495473281728 -0.020926412046137745 -0.0017833298934878839 -0.00060607200822351273 0.011456527907892674 0.00049669052558569686 0.0066721845542481095 -0.0034260003347660107 0.037534325148218139 0.0048079993031907358 0.001146770601614602 0.045375270581298116 0.0070420200342183594 -0.016087507584724305 0.011409259196563305 -0.0087447114166065622 0.0025791245975398357 -0.0070955173205294389 -0.004563027448028667 0.00076536227111865445 -0.00016934869932763369 0.00031079708254161279 -0.005850329974687464 0.0036267634233771774 -0.0044876023486663547 -0.0011903805771624311 0.014162633284275961
leaf_weight=192912 998 436 104 322 431 1970 1546 286 403 1088 478 69 623 72 47 23 103 26 127 113 103 239 493 27178 15980 2933 2131 805 3792 86
leaf_count=192912 998 436 104 322 431 1970 1546 286 403 1088 478 69 623 72 47 23 103 26 127 113 103 239 493 27178 15980 2933 2131 805 3792 86
internal_value=0 7.94418e-05 0.00397734 0.0253023 -4.57394e-05 0.00276705 -0.000204322 0.00908476 0.0219088 0.00490197 0.0117492 -9.00764e-06 0.0141723 0.0431875 -0.0189886 -0.00817762 0.00313408 -0.0277472 0.00577053 -0.0115272 0.00747527 0.0108503 0.016556 -4.89294e-05 -0.00144264 -0.0028791 -0.00745918 -0.00142961 -0.0112157 0.000332496
internal_weight=0 254919 7932 426 246987 7506 5105 2401 761 3112 1566 246509 692 358 478 1993 1640 129 1511 343 216 1168 929 245817 52819 36839 8856 27983 6725 192998
internal_count=255917 254919 7932 426 246987 7506 5105 2401 761 3112 1566 246509 692 358 478 1993 1640 129 1511 343 216 1168 929 245817 52819 36839 8856 27983 6725 192998
is_linear=0
shrinkage=0.1


Tree=198
num_leaves=31
num_cat=0
split_feature=134 6 134 133 94 0 0 0 4 4 2 62 3 123 62 2 1 90 124 20 64 137 137 48 62 0 66 3 13 64
split_gain=11.2075 15.6392 12.287 40.6719 25.6009 24.4102 37.2355 76.3733 52.088 36.8093 35.165 32.9413 41.5312 41.923 32.6487 31.1912 29.5241 28.265 27.3917 52.1168 28.1735 24.6666 24.346 57.5014 36.9632 45.1751 67.3215 65.2855 52.7999 41.2258
threshold=54661514.500000007 50.083333333333343 5176516.5000000009 42.000000000000007 8616.2847222222244 4962793.5000000009 4208112.5000000009 4077285.5000000005 827704.13000000012 721170.78000000014 11730424.355000002 4579117.5000000009 471744.80500000005 2835371.5000000005 3046931.0000000005 2115107.1800000002 3011564.0000000005 16.748107881136956 8.5000000000000018 2.5000000000000004 2.5039668812887066 47882.500000000007 795252.00000000012 38.000000000000007 4014.5000000000005 1512617.0000000002 23.500000000000004 273485.21000000008 2607062.5000000005 0.046710639663755112
decision_type=2 2 2 2 2 2 2 2 2 2 2 2 2 2 2 2 2 2 2 2 2 2 2 2 2 2 2 2 2 2
left_child=2 -2 5 4 -4 6 7 10 9 -9 22 12 13 17 -8 16 -16 18 19 -7 -21 -11 -1 24 -24 26 27 -26 -27 -30
right_child=1 -3 3 -5 -6 11 14 8 -10 21 -12 -13 -14 -15 15 -17 -18 -19 -20 20 -22 -23 23 -25 25 28 -28 -29 29 -31
leaf_value=-9.8234567061927791e-06 0.0014116532297898665 -0.0088118173061117137 0.0021116840341921851 -0.0041529929673673749 -0.010919367841479578 0.0044573421208040755 0.00027381923940275328 -0.0016884727796133475 0.003306150285606102 -0.005719552960188389 0.035246852682829503 7.8574765498187771e-05 -0.0023845611888410282 0.0071993112321964486 -0.00050893938413701053 -0.00043503018628707966 0.0027995934248373159 0.0054676296875711084 -0.0075326178113773734 -0.0026376103899081113 0.0015265908784678711 -0.0017137324094130227 -0.0058156401372574879 0.0021095087180122885 0.0053709472374909011 -0.00070756140704296042 -0.0031381998343444021 0.00098700629288967531 -0.0015386724771719344 0.0036832339721287496
leaf_weight=164106 982 1432 15148 3564 631 126 5580 1151 468 181 69 23030 17168 72 296 900 2236 372 406 460 1893 215 369 2941 685 6149 128 1152 806 3201
leaf_count=164106 982 1432 15148 3564 631 126 5580 1151 468 181 69 23030 17168 72 296 900 2236 372 406 460 1893 215 369 2941 685 6149 128 1152 806 3201
internal_value=0 -0.00673643 0.000109666 0.00253196 0.00471124 -9.0429e-05 0.000397448 8.61277e-05 -0.0192741 -0.0281173 0.00030333 -0.00222716 -0.00514319 0.00507903 0.00667155 0.0143463 0.02003 0.00341052 6.53886e-05 0.0040087 0.000653455 -0.0544154 0.000275899 0.00407344 0.00111128 0.00206046 0.0159395 0.0208254 -0.000624892 0.00830709
internal_weight=0 2414 253503 19343 15779 234160 190633 181621 2015 1547 179606 43527 20497 3329 9012 3432 2532 3257 2885 2479 2353 396 179537 15431 12490 12121 1965 1837 10156 4007
internal_count=255917 2414 253503 19343 15779 234160 190633 181621 2015 1547 179606 43527 20497 3329 9012 3432 2532 3257 2885 2479 2353 396 179537 15431 12490 12121 1965 1837 10156 4007
is_linear=0
shrinkage=0.1


Tree=199
num_leaves=31
num_cat=0
split_feature=4 4 0 4 1 92 62 0 5 6 13 0 2 20 4 124 0 137 1 21 52 94 2 49 0 18 3 138 64 51
split_gain=11.0449 80.8491 34.9997 32.3053 36.0503 29.2586 27.7368 31.4403 48.7663 40.8726 32.0518 32.4072 58.0244 30.0877 38.8224 34.7044 28.1581 26.6779 27.0656 25.5222 24.1222 24.2969 31.2654 24.9963 32.7192 29.3481 23.2118 35.4032 22.9202 22.7315
threshold=107145.25000000001 118510.045 1155349.5000000002 75140.285000000018 1745262.0000000002 35689.750000000007 263754.50000000006 261905.50000000003 4.5000000000000009 34.083333333333336 1628.5000000000002 480874.50000000006 57115.045000000006 6.5000000000000009 59693.900000000009 8.5000000000000018 384532.50000000006 152275.00000000003 245303.50000000003 3.5000000000000004 12012.000000000002 69704.571428571435 213273.40000000002 2.5000000000000004 1321586.0000000002 1.0000000180025095e-35 50750.785000000003 15.500000000000002 1737.2244153712593 1.0000000180025095e-35
decision_type=2 2 2 2 2 2 2 2 2 2 2 2 2 2 2 2 2 2 2 2 2 2 2 2 2 2 2 2 2 2
left_child=3 2 5 6 20 -2 7 -1 9 -9 -10 16 -13 14 15 -8 -12 18 -11 -3 21 22 23 29 25 -25 27 -15 -29 -5
right_child=1 19 -4 4 -6 -7 13 8 10 17 11 12 -14 26 -16 -17 -18 -19 -20 -21 -22 -23 -24 24 -26 -27 -28 28 -30 -31
leaf_value=0.00095347146915094607 0.0037689470590548725 -0.013729676484054163 -0.00070007033006165293 -0.018184528931117796 0.0034815896340128966 -0.017444517531287358 -0.00037615044953311918 0.0016014807561324229 -0.01597740696796799 0.0084133635436048244 -0.0028773151296738412 -0.0064070227949748499 0.0021790261678062864 -0.0040391161227793853 -0.0030205185342506713 0.0029581935837802221 -0.010283512835180275 -0.0048804558796955002 -0.00072733089488700813 1.0513897250029194e-05 -0.057208431038218259 0.010050229669913367 -0.010908915287005617 -0.001292806411470604 -0.020336723256089092 -0.0072019983819279878 0.0034680727783422682 -8.9969145177271062e-05 0.010476857701949949 0.00076828881536430418
leaf_weight=14600 4363 153 609 169 782 76 1682 3290 157 472 2828 732 1336 219 791 1103 758 1070 7779 200185 148 165 660 5972 88 1709 2271 242 103 1405
leaf_count=14600 4363 153 609 169 782 76 1682 3290 157 472 2828 732 1336 219 791 1103 758 1070 7779 200185 148 165 660 5972 88 1709 2271 242 103 1405
internal_value=0 0.000362943 0.0128619 -0.00128737 -0.0060535 0.0159461 5.40034e-05 -0.00111458 -0.00386152 -0.000368977 -0.011441 -0.0102034 -0.000233953 0.00607318 -2.65272e-05 0.00552635 -0.0159527 -0.00375125 -0.00182468 4.80014e-05 -0.0076227 -0.0070393 -0.00766712 -0.0061812 -0.00850937 -0.00781475 0.0137672 -0.00438989 0.0155717 0.00531026
internal_weight=0 205386 5048 50531 11098 4439 39433 33022 18422 12611 5811 5654 2068 6411 3576 2785 3586 9321 8251 200338 10316 10168 10003 9343 7769 7681 2835 564 345 1574
internal_count=255917 205386 5048 50531 11098 4439 39433 33022 18422 12611 5811 5654 2068 6411 3576 2785 3586 9321 8251 200338 10316 10168 10003 9343 7769 7681 2835 564 345 1574
is_linear=0
shrinkage=0.1


end of trees

feature_importances:
pg_card_sum=693
pg_est_startup_sum=664
pg_table_id_sum=353
Seq_Scan_in_card=323
Parallel_Seq_Scan_in_card=291
pg_est_cost_sum=280
Partial_Aggregate_in_percentage=265
pg_card_max=203
pg_scan_act_card_sum=194
Nested_Loop_out_percentage=188
Hash_Join_in_card=173
pg_est_cost_max=168
Hash_Join_out_percentage=145
Seq_Scan_in_size=129
Parallel_Seq_Scan_in_size=126
pg_est_width_avg=117
Parallel_Seq_Scan_compare_percentage=110
Hash_Join_right_percentage=101
Nested_Loop_in_percentage=95
Nested_Loop_right_card=91
Parallel_Seq_Scan_like_percentage=84
Aggregate_in_percentage=76
Index_Only_Scan_in_card=67
Index_Scan_in_card=62
pg_pipeline_root_act_card=59
pg_workers_planned_sum=55
pg_pipeline_num_ops=53
Index_Scan_in_size=51
Sort_in_percentage=49
Parallel_Index_Only_Scan_in_card=47
Parallel_Seq_Scan_in_expression_percentage=42
pg_filter_like_count=39
Bitmap_Heap_Scan_in_card=37
pg_filter_compare_count=34
Merge_Join_out_percentage=32
pg_num_scan=29
Materialize_out_card=29
Index_Only_Scan_const=27
Seq_Scan_like_percentage=26
pg_scan_has_filter=24
pg_num_agg=22
Seq_Scan_const=21
Finalize_Aggregate_out_size=20
Parallel_Bitmap_Heap_Scan_in_size=20
Gather_in_percentage=18
Partial_Aggregate_out_size=18
Finalize_Aggregate_in_percentage=17
Index_Only_Scan_in_size=16
Sort_out_card=13
Sort_out_size=13
Gather_out_percentage=12
pg_filter_and_count=11
Parallel_Bitmap_Heap_Scan_like_percentage=11
Hash_Join_const=10
Seq_Scan_compare_percentage=10
pg_filter_in_count=9
Materialize_out_size=9
Merge_Join_in_card=9
Parallel_Index_Scan_like_percentage=9
Index_Only_Scan_compare_percentage=8
Aggregate_out_size=7
Index_Scan_const=7
Nested_Loop_const=7
Parallel_Bitmap_Heap_Scan_in_card=7
Parallel_Bitmap_Heap_Scan_compare_percentage=6
Parallel_Seq_Scan_or_exp_percentage=6
Seq_Scan_in_expression_percentage=6
pg_num_sort=5
Parallel_Index_Scan_in_expression_percentage=5
pg_num_temp=4
Bitmap_Heap_Scan_in_size=4
Materialize_in_percentage=4
Parallel_Index_Scan_compare_percentage=4
Bitmap_Heap_Scan_const=3
Parallel_Index_Only_Scan_in_size=3
Index_Only_Scan_in_expression_percentage=2
Index_Scan_compare_percentage=2
Merge_Join_const=2
Merge_Join_right_percentage=2
Parallel_Index_Scan_const=2
pg_filter_or_count=1
Gather_const=1
Parallel_Bitmap_Heap_Scan_const=1
Parallel_Index_Scan_in_size=1
Parallel_Seq_Scan_const=1

parameters:
[boosting: gbdt]
[objective: mape]
[metric: mape]
[tree_learner: serial]
[device_type: cpu]
[data_sample_strategy: bagging]
[data: ]
[valid: ]
[num_iterations: 100]
[learning_rate: 0.1]
[num_leaves: 31]
[num_threads: 0]
[seed: 0]
[deterministic: 0]
[force_col_wise: 0]
[force_row_wise: 0]
[histogram_pool_size: -1]
[max_depth: -1]
[min_data_in_leaf: 20]
[min_sum_hessian_in_leaf: 0.001]
[bagging_fraction: 1]
[pos_bagging_fraction: 1]
[neg_bagging_fraction: 1]
[bagging_freq: 0]
[bagging_seed: 3]
[feature_fraction: 1]
[feature_fraction_bynode: 1]
[feature_fraction_seed: 2]
[extra_trees: 0]
[extra_seed: 6]
[early_stopping_round: 0]
[early_stopping_min_delta: 0]
[first_metric_only: 0]
[max_delta_step: 0]
[lambda_l1: 0]
[lambda_l2: 0]
[linear_lambda: 0]
[min_gain_to_split: 0]
[drop_rate: 0.1]
[max_drop: 50]
[skip_drop: 0.5]
[xgboost_dart_mode: 0]
[uniform_drop: 0]
[drop_seed: 4]
[top_rate: 0.2]
[other_rate: 0.1]
[min_data_per_group: 100]
[max_cat_threshold: 32]
[cat_l2: 10]
[cat_smooth: 10]
[max_cat_to_onehot: 4]
[top_k: 20]
[monotone_constraints: ]
[monotone_constraints_method: basic]
[monotone_penalty: 0]
[feature_contri: ]
[forcedsplits_filename: ]
[refit_decay_rate: 0.9]
[cegb_tradeoff: 1]
[cegb_penalty_split: 0]
[cegb_penalty_feature_lazy: ]
[cegb_penalty_feature_coupled: ]
[path_smooth: 0]
[interaction_constraints: ]
[verbosity: -1]
[saved_feature_importance_type: 0]
[use_quantized_grad: 0]
[num_grad_quant_bins: 4]
[quant_train_renew_leaf: 0]
[stochastic_rounding: 1]
[linear_tree: 0]
[max_bin: 255]
[max_bin_by_feature: ]
[min_data_in_bin: 3]
[bin_construct_sample_cnt: 200000]
[data_random_seed: 1]
[is_enable_sparse: 1]
[enable_bundle: 1]
[use_missing: 1]
[zero_as_missing: 0]
[feature_pre_filter: 1]
[pre_partition: 0]
[two_round: 0]
[header: 0]
[label_column: ]
[weight_column: ]
[group_column: ]
[ignore_column: ]
[categorical_feature: ]
[forcedbins_filename: ]
[precise_float_parser: 0]
[parser_config_file: ]
[objective_seed: 5]
[num_class: 1]
[is_unbalance: 0]
[scale_pos_weight: 1]
[sigmoid: 1]
[boost_from_average: 1]
[reg_sqrt: 0]
[alpha: 0.9]
[fair_c: 1]
[poisson_max_delta_step: 0.7]
[tweedie_variance_power: 1.5]
[lambdarank_truncation_level: 30]
[lambdarank_norm: 1]
[label_gain: ]
[lambdarank_position_bias_regularization: 0]
[eval_at: ]
[multi_error_top_k: 1]
[auc_mu_weights: ]
[num_machines: 1]
[local_listen_port: 12400]
[time_out: 120]
[machine_list_filename: ]
[machines: ]
[gpu_platform_id: -1]
[gpu_device_id: -1]
[gpu_use_dp: 0]
[num_gpu: 1]

end of parameters

pandas_categorical:null
