tree
version=v4
num_class=1
num_tree_per_iteration=1
label_index=0
max_feature_idx=152
objective=mape
feature_names=pg_card_sum pg_card_max pg_est_cost_sum pg_est_cost_max pg_est_startup_sum pg_workers_planned_sum pg_est_width_avg pg_num_scan pg_num_join pg_num_sort pg_num_agg pg_num_temp pg_num_select pg_scan_act_card_sum pg_scan_has_filter pg_filter_and_count pg_filter_or_count pg_filter_compare_count pg_filter_like_count pg_filter_in_count pg_table_id_sum pg_pipeline_num_ops pg_pipeline_root_act_card Aggregate_const Aggregate_out_card Aggregate_out_size Aggregate_in_percentage Aggregate_out_percentage Bitmap_Heap_Scan_const Bitmap_Heap_Scan_in_card Bitmap_Heap_Scan_in_size Bitmap_Heap_Scan_out_percentage Bitmap_Heap_Scan_like_percentage Bitmap_Heap_Scan_compare_percentage Bitmap_Heap_Scan_in_expression_percentage Bitmap_Heap_Scan_or_exp_percentage Bitmap_Heap_Scan_empty_output Bitmap_Index_Scan_const Bitmap_Index_Scan_in_card Bitmap_Index_Scan_in_size Bitmap_Index_Scan_out_percentage Bitmap_Index_Scan_like_percentage Bitmap_Index_Scan_compare_percentage Bitmap_Index_Scan_in_expression_percentage Bitmap_Index_Scan_or_exp_percentage Bitmap_Index_Scan_empty_output Finalize_Aggregate_const Finalize_Aggregate_out_card Finalize_Aggregate_out_size Finalize_Aggregate_in_percentage Finalize_Aggregate_out_percentage Gather_const Gather_in_percentage Gather_out_percentage Gather_Merge_const Gather_Merge_in_percentage Gather_Merge_out_percentage Hash_const Hash_out_card Hash_out_size Hash_in_percentage Hash_Join_const Hash_Join_in_card Hash_Join_right_percentage Hash_Join_out_percentage Index_Only_Scan_const Index_Only_Scan_in_card Index_Only_Scan_in_size Index_Only_Scan_out_percentage Index_Only_Scan_like_percentage Index_Only_Scan_compare_percentage Index_Only_Scan_in_expression_percentage Index_Only_Scan_or_exp_percentage Index_Only_Scan_empty_output Index_Scan_const Index_Scan_in_card Index_Scan_in_size Index_Scan_out_percentage Index_Scan_like_percentage Index_Scan_compare_percentage Index_Scan_in_expression_percentage Index_Scan_or_exp_percentage Index_Scan_empty_output Materialize_const Materialize_out_card Materialize_out_size Materialize_in_percentage Merge_Join_const Merge_Join_in_card Merge_Join_right_percentage Merge_Join_out_percentage Nested_Loop_const Nested_Loop_in_percentage Nested_Loop_right_card Nested_Loop_out_percentage Parallel_Bitmap_Heap_Scan_const Parallel_Bitmap_Heap_Scan_in_card Parallel_Bitmap_Heap_Scan_in_size Parallel_Bitmap_Heap_Scan_out_percentage Parallel_Bitmap_Heap_Scan_like_percentage Parallel_Bitmap_Heap_Scan_compare_percentage Parallel_Bitmap_Heap_Scan_in_expression_percentage Parallel_Bitmap_Heap_Scan_or_exp_percentage Parallel_Bitmap_Heap_Scan_empty_output Parallel_Index_Only_Scan_const Parallel_Index_Only_Scan_in_card Parallel_Index_Only_Scan_in_size Parallel_Index_Only_Scan_out_percentage Parallel_Index_Only_Scan_like_percentage Parallel_Index_Only_Scan_compare_percentage Parallel_Index_Only_Scan_in_expression_percentage Parallel_Index_Only_Scan_or_exp_percentage Parallel_Index_Only_Scan_empty_output Parallel_Index_Scan_const Parallel_Index_Scan_in_card Parallel_Index_Scan_in_size Parallel_Index_Scan_out_percentage Parallel_Index_Scan_like_percentage Parallel_Index_Scan_compare_percentage Parallel_Index_Scan_in_expression_percentage Parallel_Index_Scan_or_exp_percentage Parallel_Index_Scan_empty_output Parallel_Seq_Scan_const Parallel_Seq_Scan_in_card Parallel_Seq_Scan_in_size Parallel_Seq_Scan_out_percentage Parallel_Seq_Scan_like_percentage Parallel_Seq_Scan_compare_percentage Parallel_Seq_Scan_in_expression_percentage Parallel_Seq_Scan_or_exp_percentage Parallel_Seq_Scan_empty_output Partial_Aggregate_const Partial_Aggregate_out_card Partial_Aggregate_out_size Partial_Aggregate_in_percentage Partial_Aggregate_out_percentage Seq_Scan_const Seq_Scan_in_card Seq_Scan_in_size Seq_Scan_out_percentage Seq_Scan_like_percentage Seq_Scan_compare_percentage Seq_Scan_in_expression_percentage Seq_Scan_or_exp_percentage Seq_Scan_empty_output Sort_const Sort_out_card Sort_out_size Sort_in_percentage Sort_out_percentage Other_const Other_in_percentage Other_out_percentage
feature_infos=[2:170724121] [2:169418866] [30.489999999999995:4451458371.6000004] [28.82:3125490110.6299996] [11.039999999999999:3977977787.6400003] [0:36] [8:740] [1:17] [0:16] [0:5] [1:2] [0:4] [0:3] [1:52586890] [0:12] [0:11] [0:5] [0:21] [0:10] [0:6] [0:190] [2:36] [2:18] [0:1] [0:1] [0:192] [0:131139080] [0:1] [0:3] [0:7105069] [0:230] [0:3] [0:1] [0:2.6666666666666665] [0:1] [0:0.33333333333333331] none none none none none none none none none none [0:1] [0:1] [0:96] [0:3] [0:1] [0:3] [0:2000405] [0:6001215] [0:1] [0:776992] [0:2330975] none none none none [0:7] [0:55080734] [0:31427301] [0:125588822.26266] [0:5] [0:39962636] [0:50] [0:5] [0:1] [0:5] [0:1] [0:0.33333333333333331] none [0:8] [0:47349084] [0:104] [0:5] [0:1] [0:5.0666666666666664] [0:1] [0:0.53333333333333333] [0:5] [0:4] [0:84368118] [0:227] [0:12688461] [0:4] [0:14783620] [0:14779901] [0:79798534.999656171] [0:9] [0:6944713] [0:11349146] [0:58327291] [0:1] [0:1405157] [0:44] [0:1] [0:1] [0:1] [0:1] [0:0.33333333333333331] none [0:1] [0:4041268] [0:21] [0:1] [0:1] [0:1] [0:1] [0:0.33333333333333331] none [0:1] [0:5401933] [0:36] [0:1] [0:1] [0:1] [0:1] [0:0.33333333333333331] none [0:3] [0:17026688] [0:127] [0:3] [0:2.25] [0:3] [0:2] [0:0.45833333333333331] none [0:1] [0:1] [0:96] [0:133562483] [0:1] [0:7] [0:51225193] [0:270] [0:7] [0:4] [0:5] [0:2.3333333333333335] [0:0.91666666666666652] none [0:5] [0:79953172] [0:161] [0:10570873] [0:79953172] none none none
tree_sizes=2918 2967 2975 2989 2985 2999 2991 2998 3025 3003 3005 3006 3012 3013 3024 3023 3003 3029 3034 3021 3030 3024 3023 3039 3044 3051 3028 3030 3035 3035 3035 3052 3045 3042 3056 3042 3052 3043 3065 3059 3036 3045 3064 3047 3034 3058 3045 3064 3052 3073 3058 3057 3046 3041 3038 3073 3049 3052 3053 3060 3049 3050 3046 3063 3053 3049 3075 3044 3050 3013 3039 3062 3060 3020 3035 3034 3054 3045 3046 3033 3045 3035 3043 3053 3031 3055 2979 3076 3030 2974 3023 3047 3060 3018 3071 3042 2991 3010 3070 3020 3083 3024 3048 3087 3031 3015 3054 3030 3081 3010 3006 3013 3045 3015 2974 3032 3046 3019 3022 3034 3009 3045 3074 3040 2996 2993 3045 3032 3032 2969 3030 2987 2955 3015 2996 3030 3031 3072 3019 3000 2951 2989 3049 3013 3028 3019 3050 2990 3027 3033 2971 2909 2997 2999 2981 2997 3003 2897 3041 2982 3025 2986 2959 2985 2933 3019 2958 2892 2994 3020 2989 2972 3044 2926 2983 3012 2966 3017 3048 2991 3002 2959 2994 2941 3058 3088 2973 3019 3034 2988 2949 2977 3004 3033 2973 2907 3070 2983 3031 3061

Tree=0
num_leaves=31
num_cat=0
split_feature=1 2 0 4 0 137 4 13 4 4 0 4 94 94 137 4 2 1 14 94 0 94 123 20 4 2 4 134 137 2
split_gain=75344.5 22088.5 3055.31 4029.29 2348.15 1984.49 1466.25 1655.38 1082.6 863.49 948.765 748.936 651.099 588.63 501.125 556.957 484.977 467.693 500.639 356.004 309.182 391.805 297.735 293.126 288.408 281.758 257.897 255.782 228.907 226.65
threshold=1604719.5000000002 955955.15000000014 3003721.0000000005 428533.13000000006 10919821.000000002 137390.00000000003 470444.50500000006 399592.50000000006 599168.45500000007 100084.64000000001 2030286.5000000002 231337.55500000002 5099.0000000000009 154347.50000000003 127770.50000000001 240042.25500000003 1724909.8699999999 420966.50000000006 1.5000000000000002 57565.222222222226 497976.50000000006 41437.250000000007 331636.50000000006 6.5000000000000009 1912028.6450000003 279219.93500000011 556507.83000000019 700833.50000000012 44666.500000000007 408858.94500000007
decision_type=2 2 2 2 2 2 2 2 2 2 2 2 2 2 2 2 2 2 2 2 2 2 2 2 2 2 2 2 2 2
left_child=1 6 3 5 24 12 9 -8 -3 20 13 -12 27 14 22 19 17 18 -10 -16 -1 -22 -11 -13 -4 -7 -5 -2 -9 -29
right_child=2 8 4 26 -6 25 7 28 16 10 11 23 -14 -15 15 -17 -18 -19 -20 -21 21 -23 -24 -25 -26 -27 -28 29 -30 -31
leaf_value=0.2694650880992413 0.11407467950214993 0.089467882789786304 0.0055324118142495438 0.068403500035378678 -0.13759219720959665 0.092533533739153656 0.11988970002827877 0.085828738184379888 0.052656419957316868 0.18518422767519951 0.10142891129394513 0.078831860736317899 0.064967559200735353 0.044773507207803619 0.13167286256304536 0.099456926849453536 -0.0073706187331037398 0.045036362604796931 0.097750318275390671 0.075005773629005304 0.19545898362994196 0.068392885123009367 0.15739108366476418 0.095516081773030531 -0.07935868576169014 0.062496551862286864 0.02180006481159813 0.10972276567671653 0.058519810536367872 0.088251431983902867
leaf_weight=34155 4020 2454 56506 1968 35248 482 2808 1617 1438 33131 2105 961 859 338 11456 3214 7284 3508 1504 220 10388 538 19271 647 6361 2830 7030 1263 1368 945
leaf_count=34155 4020 2454 56506 1968 35248 482 2808 1617 1438 33131 2105 961 859 338 11456 3214 7284 3508 1504 220 10388 538 19271 647 6361 2830 7030 1263 1368 945
internal_value=0.0887263 0.138726 0.0298433 0.0661083 0.0226739 0.108504 0.153265 0.104162 0.0289577 0.155708 0.162554 0.113338 0.138368 0.165256 0.165917 0.149728 0.0180263 0.0379958 0.0674 0.159875 0.144874 0.159517 0.170517 0.0619518 0.0110901 0.0446021 0.0171112 0.149625 0.0523151 0.12228
internal_weight=0 138405 117512 19397 98115 10399 122217 5793 16188 116424 71343 3713 7087 67630 67292 14890 13734 6450 2942 11676 45081 10926 52402 1608 62867 3312 8998 6228 2985 2208
internal_count=255917 138405 117512 19397 98115 10399 122217 5793 16188 116424 71343 3713 7087 67630 67292 14890 13734 6450 2942 11676 45081 10926 52402 1608 62867 3312 8998 6228 2985 2208
is_linear=0
shrinkage=1


Tree=1
num_leaves=31
num_cat=0
split_feature=4 0 0 2 0 137 0 123 94 4 1 10 123 0 4 4 20 94 126 0 0 137 134 123 76 92 0 4 62 1
split_gain=71728.6 19262.2 3591.76 5939.34 2759.75 1890.16 1816.06 1511.85 1021.04 920.825 694.304 606.628 601.879 557.658 663.599 495.792 404.714 392.543 391.834 382.383 375.849 374.92 495.835 384.313 356.088 398.104 344.759 331.265 319.658 293.532
threshold=398277.70000000007 3308950.5000000005 928330.00000000012 1202954.3550000002 2162799.0000000005 116542.00000000001 10919821.000000002 3791779.5000000005 65914.500000000015 100084.64000000001 282672.50000000006 1.5000000000000002 1537923.5000000002 1829141.0000000002 591178.86500000011 219618.78 15.500000000000002 449.15201005025131 0.080128205128205135 485161.00000000006 4993615.5000000009 120840.50000000001 514222.50000000006 307693.00000000006 10.500000000000002 161774.50000000003 3695660.5000000005 234194.79500000001 1507977.5000000002 1160920.0000000002
decision_type=2 2 2 2 2 2 2 2 2 2 2 2 2 2 2 2 2 2 2 2 2 2 2 2 2 2 2 2 2 2
left_child=1 4 3 10 8 12 13 26 9 19 18 27 15 14 28 17 -10 -6 -2 -1 -9 23 -23 29 -5 -26 -3 -11 -4 -13
right_child=2 7 6 24 5 -7 -8 20 16 11 -12 21 -14 -15 -16 -17 -18 -19 -20 -21 -22 22 -24 -25 25 -27 -28 -29 -30 -31
leaf_value=0.1636305571347475 0.037074596134075648 -0.0082597931706605322 -0.011139804740577302 -0.074741716401841587 0.013401080495046909 -0.019645455155720359 -0.20966533415019512 0.011343517717667721 0.034620957408103482 0.040111884861594282 0.0042007845443193404 0.095344103649258619 0.018231985247818785 -0.085903835961505678 -0.048948762439600335 -0.0033552550997065348 -0.047075684896803693 -0.03280788229108815 -0.00074465744333450303 0.093023576810956007 -0.016546928473861886 0.039620559671381242 0.0017954696730696708 0.061667439917428485 0.015608935621270066 -0.032515819014989525 -0.04899008844100991 0.00066563049816325886 0.021342907815999523 0.0083537631629624111
leaf_weight=33711 4157 1598 2684 7307 2312 3452 32719 831 794 3098 3558 27708 3142 60455 4617 1823 1063 332 661 11669 138 11768 1372 20309 655 540 10475 1510 639 820
leaf_count=33711 4157 1598 2684 7307 2312 3452 32719 831 794 3098 3558 27708 3142 60455 4617 1823 1063 332 661 11669 138 11768 1372 20309 655 540 10475 1510 639 820
internal_value=0 0.0493846 -0.0568212 -0.0141168 0.0614614 0.0137745 -0.0639494 -0.0662562 0.0660955 0.0673153 0.0456488 0.074802 0.041618 -0.0732187 -0.0483027 0.0180303 -0.00744802 0.0456936 0.0703903 0.0563302 0.0539225 0.0774046 0.0624102 0.081439 -0.0729966 -0.0223904 -0.075902 0.0397968 -0.0142261 0.0739543
internal_weight=0 137925 117992 16878 124883 11061 101114 13042 113822 111965 8376 66585 7609 68395 7940 4467 1857 2644 4818 45380 969 61977 13140 48837 8502 1195 12073 4608 3323 28528
internal_count=255917 137925 117992 16878 124883 11061 101114 13042 113822 111965 8376 66585 7609 68395 7940 4467 1857 2644 4818 45380 969 61977 13140 48837 8502 1195 12073 4608 3323 28528
is_linear=0
shrinkage=0.1


Tree=2
num_leaves=31
num_cat=0
split_feature=4 0 0 2 0 0 137 0 4 123 3 1 0 49 4 4 93 20 126 123 1 94 62 127 62 94 0 94 4 134
split_gain=67846.2 18717 2714.46 4819.95 2266.93 2166.44 1832.78 1572.8 1000.43 897.568 765.396 725.033 650.534 639.708 619.096 613.144 501.335 431.624 421.103 397.125 537.898 485.641 325.299 322.892 317.618 304.421 337.269 280.312 297.343 278.855
threshold=413702.08000000007 3003721.0000000005 975076.00000000012 1363597.7350000001 1753903.5000000002 3815675.5000000005 82133.000000000015 10919821.000000002 100084.64000000001 2495636.5000000005 211218.50000000003 243957.50000000003 2314811.5000000005 2.5000000000000004 213522.98500000002 616442.51500000025 38.500000000000007 23.500000000000004 1.0000000180025095e-35 574758.00000000012 874036.00000000012 3440.2424242424245 1996605.5000000002 0.65833333333333344 1507977.5000000002 65914.500000000015 485161.00000000006 57565.222222222226 194817.15000000002 800657.00000000012
decision_type=2 2 2 2 2 2 2 2 2 2 2 2 2 2 2 2 2 2 2 2 2 2 2 2 2 2 2 2 2 2
left_child=1 4 3 11 8 9 16 12 25 14 -8 18 15 27 -3 17 29 24 -2 20 -15 -22 -12 -11 -4 26 -1 28 -10 -6
right_child=2 5 7 -5 6 -7 10 -9 13 23 22 -13 -14 19 -16 -17 -18 -19 -20 -21 21 -23 -24 -25 -26 -27 -28 -29 -30 -31
leaf_value=0.14726750142127276 0.031375076837395231 0.0026517342623896571 -0.0071525986900982377 -0.066884300664566604 0.023455942387674501 -0.046314875825859463 0.0049080868642171378 -0.18922906749695542 0.048117490685980945 0.014354050964368851 -0.016478835374396612 0.0005801571656035544 -0.083254026635952563 0.077694580502808086 -0.013612889321198694 -0.048134452849970651 -0.019905133818843672 -0.027623163979518056 -0.0040581715718671883 0.056985409117071173 0.021785519922244975 -0.012774222965412274 0.0063941219537695607 4.8134062565159674e-05 0.017883951901570248 -0.03880111711339105 0.086581789083778851 -0.025490319191109546 0.0076033961219109146 0.0082839942457404083
leaf_weight=33711 3821 1726 2245 7622 5217 10887 2391 32578 3038 1157 3653 4224 54845 39734 2271 6572 547 1393 760 13010 3962 767 778 693 879 569 11116 299 2056 3396
leaf_count=33711 3821 1726 2245 7622 5217 10887 2391 32578 3038 1157 3653 4224 54845 39734 2271 6572 547 1393 760 13010 3962 767 778 693 879 569 11116 299 2056 3396
internal_value=0 0.047299 -0.0562159 -0.0185825 0.0606713 -0.0519851 0.0255149 -0.0624913 0.0658612 -0.00288745 -0.0137253 0.0318153 -0.0713731 0.07403 -0.0295429 -0.0492827 0.0547394 -0.0209193 0.0593701 0.07712 0.0726236 0.0407414 -0.0383305 0.0547027 -0.000277468 0.0545488 0.0554714 0.0410994 0.0466228 0.0606351
internal_weight=0 140978 114939 16427 124244 16734 15982 98512 108262 5847 6822 8805 65934 62866 3997 11089 9160 4517 4581 57473 44463 4729 4431 1850 3124 45396 44827 5393 5094 8613
internal_count=255917 140978 114939 16427 124244 16734 15982 98512 108262 5847 6822 8805 65934 62866 3997 11089 9160 4517 4581 57473 44463 4729 4431 1850 3124 45396 44827 5393 5094 8613
is_linear=0
shrinkage=0.1


Tree=3
num_leaves=31
num_cat=0
split_feature=4 0 0 137 0 2 0 134 94 4 1 10 2 4 0 64 123 94 20 137 62 18 126 85 76 127 0 92 4 123
split_gain=63787.8 18110.8 4116.55 2098.44 1987.53 3922.37 1252.9 1195.28 839.427 784.789 572.525 566.75 513.266 494.432 486.731 531.743 479.704 442.922 435.246 434.972 375.511 367.135 352.01 337.305 314.621 312.938 301.975 293.149 284.435 278.802
threshold=435164.26000000007 3815675.5000000005 1910489.0000000002 116542.00000000001 928330.00000000012 1363597.7350000001 12137945.500000002 899308.50000000012 55045.913636363643 100084.64000000001 243957.50000000003 1.5000000000000002 333263.07000000001 215309.44500000004 2379456.0000000005 0.057677196946196531 1127659.0000000002 198.98236925515059 15.500000000000002 820176.50000000012 1996605.5000000002 1.0000000180025095e-35 1.0000000180025095e-35 4.5000000000000009 9.5000000000000018 0.13392857142857145 485161.00000000006 188340.00000000003 194817.15000000002 574758.00000000012
decision_type=2 2 2 2 2 2 2 2 2 2 2 2 2 2 2 2 2 2 2 2 2 2 2 2 2 2 2 2 2 2
left_child=1 2 8 7 5 10 14 16 9 26 22 28 -5 17 15 21 -4 -9 -10 29 -14 25 -2 24 -7 -6 -1 -26 -11 -13
right_child=4 -3 3 12 6 23 -8 13 18 11 -12 19 20 -15 -16 -17 -18 -19 -20 -21 -22 -23 -24 -25 27 -27 -28 -29 -30 -31
leaf_value=0.13266052085235716 0.026610031120723146 -0.043441022023866092 0.0056565427710663632 0.001397835698988949 0.021768612815025453 -0.066762191309336069 -0.18008263379260897 0.010703229939525147 0.02924795397684123 0.03864619100871669 -0.00027558519716136803 0.06535109777525068 -0.02559457349625276 -0.0022219436400466208 -0.078833847548364422 -0.037177194871699071 0.016186811671003314 -0.039408305803757114 -0.034904608862814511 0.0043517842698302918 -0.0022530155600836844 -0.04201143903962342 -0.0037845163803457444 0.0090923736996615066 0.013175694524936603 -0.0057602689629531016 0.077135684455186135 -0.031139990764224669 0.004634867773031414 0.048812191071599224
leaf_weight=33647 3433 11830 2022 2046 826 6332 28773 1800 1146 2452 3575 44175 2983 4054 56508 7678 5611 320 1193 2005 1122 1059 722 300 466 1837 11238 376 2065 14323
leaf_count=33647 3433 11830 2022 2046 826 6332 28773 1800 1146 2452 3575 44175 2983 4054 56508 7678 5611 320 1193 2005 1122 1059 722 300 466 1837 11238 376 2065 14323
internal_value=0 0.0454627 0.0560702 0.0142225 -0.0551848 -0.0215753 -0.0604702 0.0358653 0.0635111 0.0647726 0.0283686 0.0717936 -0.0343585 0.00315015 -0.0678803 -0.0490313 0.0623272 0.0422832 0.00423171 0.0743446 -0.0547521 -0.0180119 0.0536127 -0.0732299 -0.0775741 0.00179371 0.0546022 -0.0201456 0.0376243 0.0759143
internal_weight=0 144032 132202 19958 111885 15204 96681 13807 112244 109905 7730 65020 6151 6174 67908 11400 7633 2120 2339 60503 4105 3722 4155 7474 7174 2663 44885 842 4517 58498
internal_count=255917 144032 132202 19958 111885 15204 96681 13807 112244 109905 7730 65020 6151 6174 67908 11400 7633 2120 2339 60503 4105 3722 4155 7474 7174 2663 44885 842 4517 58498
is_linear=0
shrinkage=0.1


Tree=4
num_leaves=31
num_cat=0
split_feature=4 0 4 0 137 0 0 137 123 123 4 134 0 0 2 137 4 49 123 4 1 3 123 1 124 0 126 94 94 63
split_gain=59301 13526.9 4292.32 3264.73 1930.9 1535.23 1227.28 1341.11 993.169 940.571 912.382 839.205 831.847 788.275 1593.75 1121.2 603.674 564.212 482.616 445.881 436.087 407.617 407.364 602.678 497.087 390.375 385.271 341.688 319.536 311.3
threshold=367918.76500000001 2905474.5000000005 536587.29000000015 3798569.0000000005 180184.50000000003 4234256.5000000009 1713562.0000000002 63999.500000000007 2622421.5000000005 3791779.5000000005 100084.64000000001 653875.50000000012 12412037.500000002 2435441.0000000005 1762500.6850000003 62828.500000000007 217437.46500000003 2.5000000000000004 1087347.0000000002 1003616.3550000001 359916.00000000006 232420.45500000002 574758.00000000012 728553.00000000012 8.5000000000000018 1870240.0000000002 1.0000000180025095e-35 34006.583333333336 2707.6990387333904 2.194755619482653
decision_type=2 2 2 2 2 2 2 2 2 2 2 2 2 2 2 2 2 2 2 2 2 2 2 2 2 2 2 2 2 2
left_child=1 6 3 4 11 8 10 18 16 -5 27 -2 13 14 15 19 -3 -12 28 20 26 -9 23 -19 -25 -6 -4 -1 -8 -26
right_child=2 5 12 9 25 -7 7 21 -10 -11 17 -13 -14 -15 -16 -17 -18 22 -20 -21 -22 -23 -24 24 29 -27 -28 -29 -30 -31
leaf_value=0.10634256551928818 0.016956362825512161 0.0015519175570096913 0.019480728027271944 -0.057484739866167422 -0.0041591886291629529 -0.04972964597338634 0.010540904598526699 0.0024759130048894701 0.010657259737147554 0.009169744100140792 0.025621126585568074 -0.00091921401008739502 -0.16710469248823823 -0.078102731161310224 -0.068937459914706206 -0.028611537524286097 -0.0094719839169620269 0.067940183573439714 0.021326839886978009 -0.024243673379963526 -0.004378837961751615 -0.011313140161834554 0.048245468667707431 0.020192573346459936 -0.012677515025851453 -0.02620206198946002 -0.017982041765004505 -0.00093862874141451133 -0.029133385448868194 0.011791448377352957
leaf_weight=44156 9100 2723 2379 6642 1666 7841 2466 3589 1094 597 5057 3749 26812 50668 8087 5378 2835 36180 4806 1189 3612 2615 12128 3983 1089 2432 640 1171 454 779
leaf_count=44156 9100 2723 2379 6642 1666 7841 2466 3589 1094 597 5057 3749 26812 50668 8087 5378 2835 36180 4806 1189 3612 2615 12128 3983 1089 2432 640 1171 454 779
internal_value=0 0.0482877 -0.0480606 -0.0103034 0.0137089 -0.0429048 0.0594435 0.0315609 -0.00756887 -0.066518 0.0631588 0.0327716 -0.0573068 -0.062909 -0.04676 -0.0253404 -0.0247118 0.0713321 0.0593654 -0.00116936 0.00894195 -0.00306482 0.0743148 0.0696561 0.0398794 -0.046061 0.0369924 0.0524809 0.027301 -0.00268223
internal_weight=0 132966 122951 24186 16947 14493 118473 13930 6652 7239 104543 12849 98765 71953 21285 13198 5558 59216 7726 7820 6631 6204 54159 42031 5851 4098 3019 45327 2920 1868
internal_count=255917 132966 122951 24186 16947 14493 118473 13930 6652 7239 104543 12849 98765 71953 21285 13198 5558 59216 7726 7820 6631 6204 54159 42031 5851 4098 3019 45327 2920 1868
is_linear=0
shrinkage=0.1


Tree=5
num_leaves=31
num_cat=0
split_feature=4 0 4 0 64 0 94 137 123 0 123 2 4 0 0 4 76 134 137 26 1 4 20 134 18 92 62 137 123 13
split_gain=55415.4 11670.4 3957.99 3510.01 2077.3 1351.46 1279.66 1010.51 930.776 880.946 1637.49 869.947 855.563 758.011 640.901 613.24 610.444 580.215 660.55 565.245 512.807 373.484 687.828 543.498 357.106 316.655 304.607 406.28 297.706 295.651
threshold=367918.76500000001 2851293.0000000005 599168.45500000007 897179.50000000012 0.057677196946196531 4398393.0000000009 31694.148863636368 392003.50000000006 2622421.5000000005 4234256.5000000009 2136371.0000000005 275685.07500000007 100084.64000000001 12412037.500000002 606491.00000000012 213522.98500000002 8.5000000000000018 824760.00000000012 45.500000000000007 6.5000000000000009 331633.50000000006 712186.58000000019 5.5000000000000009 388235.00000000006 1.0000000180025095e-35 177687.00000000003 1507977.5000000002 1634048.0000000002 987946.00000000012 1538633.0000000002
decision_type=2 2 2 2 2 2 2 2 2 2 2 2 2 2 2 2 2 2 2 2 2 2 2 2 2 2 2 2 2 2
left_child=1 6 3 24 26 8 7 12 15 10 -6 -9 -1 16 -8 29 21 19 -19 28 -18 22 23 -4 25 -2 -5 -28 -14 -3
right_child=2 5 13 4 9 -7 14 11 -10 -11 -12 -13 17 -15 -16 -17 20 18 -20 -21 -22 -23 -24 -25 -26 -27 27 -29 -30 -31
leaf_value=0.093425954359777269 0.021598962736001082 -0.0026541933956714587 0.0062814007952676082 -4.7291630334420827e-05 -0.01953757681906192 -0.051711507490266873 0.032059292872563809 0.012739566543252282 0.0097006983323972996 -0.05361147914243139 0.010891233895171933 -0.00098799705363570071 0.057155238858253202 -0.15150179674863071 -0.026219686444583445 -0.0077250002892770876 0.031031592404085297 0.022073803279778703 0.0017093187047827745 0.021422865399041126 -0.035958030210298079 -0.070161803086709704 -0.043253052066111866 -0.012905813423210098 -0.00063218453256625861 -0.016946433686159834 0.012102026146102438 -0.021145662265461225 0.039221192336246914 0.0059040575502068053
leaf_weight=45067 5949 1868 1534 3914 7539 7236 2069 3707 1199 8260 1868 4291 42559 26212 2016 3538 667 4482 2969 3081 3889 49383 8564 1434 1398 179 1895 266 7780 1104
leaf_count=45067 5949 1868 1534 3914 7539 7236 2069 3707 1199 8260 1868 4291 42559 26212 2016 3538 667 4482 2969 3081 3889 49383 8564 1434 1398 179 1895 266 7780 1104
internal_value=0 0.0471371 -0.0460013 -0.0152781 -0.0341418 -0.0361166 0.0576795 0.0596512 -0.00698238 -0.0514872 -0.0305625 0.0253763 0.0622388 -0.0564792 0.00268707 -0.0218946 -0.0622325 0.0699714 0.0438297 0.0736176 -0.0269249 -0.0648733 -0.0486697 -0.00718447 0.0442306 0.0546349 0.0163009 0.0464365 0.0761625 0.0115926
internal_weight=0 132966 122951 31268 23742 14945 118021 113936 7709 17667 9407 7998 105938 91683 4085 6510 65471 60871 7451 53420 4556 60915 11532 2968 7526 6128 6075 2161 50339 2972
internal_count=255917 132966 122951 31268 23742 14945 118021 113936 7709 17667 9407 7998 105938 91683 4085 6510 65471 60871 7451 53420 4556 60915 11532 2968 7526 6128 6075 2161 50339 2972
is_linear=0
shrinkage=0.1


Tree=6
num_leaves=31
num_cat=0
split_feature=4 0 4 0 123 137 93 134 137 134 1 123 62 0 4 2 4 0 4 20 6 94 0 64 3 134 4 134 92 1
split_gain=49626.4 10497.5 3397.79 3174.01 2096.94 2089.98 1281.32 724.553 721.382 717.101 715.831 651.171 630.62 622.53 594.842 590.833 543.423 542.297 536.839 499.079 487.812 467.998 410.018 609.065 1730.68 417.223 379.048 338.375 297.604 654.995
threshold=367918.76500000001 2379456.0000000005 599168.45500000007 4234256.5000000009 1537923.5000000002 414984.00000000006 2.5000000000000004 1428233.5000000002 392003.50000000006 869736.50000000012 282672.50000000006 3792441.5000000005 2626447.5000000005 4605744.0000000009 100084.64000000001 746697.93000000017 228584.28000000006 5956120.0000000009 204940.49500000002 13.500000000000002 53.083333333333343 25742.374632352945 13703104.500000002 0.12528070932519728 1045727.3650000001 1391699.5000000002 217437.46500000003 49178.000000000007 19246.500000000004 331633.50000000006
decision_type=2 2 2 2 2 2 2 2 2 2 2 2 2 2 2 2 2 2 2 2 2 2 2 2 2 2 2 2 2 2
left_child=1 6 3 5 13 10 8 -6 14 19 -2 -5 -12 16 -1 -16 20 -13 -10 -8 -3 -21 23 24 25 -4 -9 -7 -25 -30
right_child=2 4 22 11 7 27 9 26 18 -11 12 17 -14 -15 15 -17 -18 -19 -20 21 -22 -23 -24 28 -26 -27 -28 -29 29 -31
leaf_value=0.092183508331186326 0.022271130654925333 0.0047367920641134403 0.0037317559329739566 -0.051389794024820627 0.0084082756504634416 -0.0078204984673095699 0.04679565043517471 0.0064973074559745159 0.012536411243679692 -0.026397208609639695 4.8977086649637581e-05 0.005393940449060562 0.011333813852465941 -0.072637698867356673 0.044011723524263024 -0.0068703495158579644 -0.011376379894275406 -0.035133260221396991 -5.913465054414036e-05 0.033309162568054433 -0.0068925336015894737 -0.030977844450315373 -0.14329081366037652 -0.06700837531366545 -0.043360774870486896 -0.01321860552399882 -0.0048786453028908262 -0.026690136091493191 0.034767741870736391 -0.066684734013464031
leaf_weight=35261 4576 2233 5232 7914 3578 1963 11037 451 3459 926 10666 864 2157 5299 51796 768 3830 418 3119 5987 2450 1210 23533 46631 10011 1507 1562 2710 457 4312
leaf_count=35261 4576 2233 5232 7914 3578 1963 11037 451 3459 926 10666 864 2157 5299 51796 768 3830 418 3119 5987 2450 1210 23533 46631 10011 1507 1562 2710 457 4312
internal_value=0 0.0454058 -0.0427335 -0.0142675 -0.0225702 0.00629771 0.05702 0.0291002 0.0618053 0.0334421 0.022245 -0.0636276 0.0101281 -0.0434861 0.0641977 0.0709382 -0.0267363 0.00248776 0.0298641 0.0378018 -0.00388747 0.0173141 -0.0524417 -0.0563714 -0.0398109 -0.000632912 -0.0188939 -0.0530788 -0.061768 -0.0379744
internal_weight=0 132966 122951 31268 19403 22072 113563 5591 94403 19160 17399 9196 12823 13812 87825 52564 8513 1282 6578 18234 4683 7197 91683 68150 16750 6739 2013 4673 51400 4769
internal_count=255917 132966 122951 31268 19403 22072 113563 5591 94403 19160 17399 9196 12823 13812 87825 52564 8513 1282 6578 18234 4683 7197 91683 68150 16750 6739 2013 4673 51400 4769
is_linear=0
shrinkage=0.1


Tree=7
num_leaves=31
num_cat=0
split_feature=4 0 0 4 13 123 137 93 2 0 123 127 94 10 1 0 134 123 4 0 0 62 124 20 13 4 0 6 21 0
split_gain=43864.1 9334.87 3656.68 2778.17 2054.89 1900.79 1841.82 1279.89 905.293 816.698 813.031 790.876 767.299 677.702 731.534 634.042 619.05 502.17 468.057 436.452 435.182 415.219 395.674 389.748 380.836 772.523 771.268 377.385 367.687 374.333
threshold=367918.76500000001 2314811.5000000005 3851134.5000000005 691401.91500000015 3793316.5000000005 1252932.5000000002 180184.50000000003 2.5000000000000004 1916421.0750000002 1606491.5000000002 1087347.0000000002 0.18465909090909094 0.24000250000000004 1.5000000000000002 211398.50000000003 12412037.500000002 454409.00000000006 3791554.0000000005 100084.64000000001 5074910.5000000009 3308950.5000000005 1996605.5000000002 10.500000000000002 13.500000000000002 3811241.5000000005 616442.51500000025 5805505.5000000009 58.083333333333343 8.5000000000000018 1870240.0000000002
decision_type=2 2 2 2 2 2 2 2 2 2 2 2 2 2 2 2 2 2 2 2 2 2 2 2 2 2 2 2 2 2
left_child=1 7 3 6 8 20 13 9 12 18 27 19 -5 17 -15 24 23 -2 -1 22 -3 -16 -7 -9 -4 26 -26 -11 -8 -30
right_child=2 5 15 4 -6 11 28 16 -10 10 -12 -13 -14 14 21 -17 -18 -19 -20 -21 -22 -23 -24 -25 25 -27 -28 -29 29 -31
leaf_value=0.084336279128736313 -0.03745351608428029 -0.0053858524571688479 -0.058500618468028835 -0.02296099902029888 0.0067249661567061417 0.0081964154558491868 -0.02348997141963291 0.044864092883988772 -0.053958151243286206 0.004468742718678009 0.020322614051013568 -0.0020992489066261398 0.0031452694568671262 0.022267779866774091 0.00099370860527568422 -0.12148690452792039 -0.011596032457754736 0.0029867736545548919 0.041618551218902483 -0.033263765541286815 -0.049305962533918606 0.0098671848202115352 -0.0045785844452896907 0.022239514654763815 0.0057227004474497221 -0.08024957107316194 -0.035410990117028023 -0.002437166870703823 0.0096189523749364552 -0.01520743321237873
leaf_weight=34683 1910 4372 21849 8880 1359 4053 3998 10475 9249 2719 3429 3436 3279 4410 10731 28285 1915 338 50102 284 7115 2581 595 6717 1650 19898 798 3071 1430 2306
leaf_count=34683 1910 4372 21849 8880 1359 4053 3998 10475 9249 2719 3429 3436 3279 4410 10731 28285 1915 338 50102 284 7115 2581 595 6717 1650 19898 798 3071 1430 2306
internal_value=0 0.0431963 -0.0396681 -0.0190017 -0.0448824 -0.0200451 0.00226699 0.0542974 -0.0524519 0.0590931 0.0308264 0.0162062 -0.0345167 0.0183129 0.024874 -0.0540591 0.0307029 -0.0334106 0.0621667 0.0418663 -0.0464534 0.0131801 0.0492196 0.0367103 -0.0615415 -0.0523624 0.000647205 0.00797272 -0.0391653 -0.0166097
internal_weight=0 132966 122951 50471 22767 19855 27704 113111 21408 94004 9219 8368 12159 19970 17722 72480 19107 2248 84785 4932 11487 13312 4648 17192 44195 22346 2448 5790 7734 3736
internal_count=255917 132966 122951 50471 22767 19855 27704 113111 21408 94004 9219 8368 12159 19970 17722 72480 19107 2248 84785 4932 11487 13312 4648 17192 44195 22346 2448 5790 7734 3736
is_linear=0
shrinkage=0.1


Tree=8
num_leaves=31
num_cat=0
split_feature=4 0 0 2 137 123 26 134 124 134 2 0 0 6 123 137 18 4 0 92 134 0 123 4 5 5 124 4 85 137
split_gain=39469 6690.35 4686.69 3112.33 2854.55 2229.28 1352.53 1159.2 1744.31 1154.17 1114.66 954.538 794.869 770.007 680.765 634.511 530.703 493.035 488.326 482.709 451.832 435.917 1167.62 810.066 419.914 389.767 360.03 358.073 355.911 352.328
threshold=317192.07500000001 2806928.0000000005 3851134.5000000005 1069820.4500000004 234997.50000000003 3791554.0000000005 1.0000000180025095e-35 327537.00000000006 8.5000000000000018 574672.50000000012 1951020.9350000001 5520072.5000000009 1249317.0000000002 50.083333333333343 574758.00000000012 861725.00000000012 1.0000000180025095e-35 207585.80500000005 12412037.500000002 7.7542683961316942e-05 117646.00000000001 5657443.5000000009 3791779.5000000005 764827.66500000015 5.5000000000000009 11.500000000000002 8.5000000000000018 1798857.8400000001 8.5000000000000018 618.00000000000011
decision_type=2 2 2 2 2 2 2 2 2 2 2 2 2 2 2 2 2 2 2 2 2 2 2 2 2 2 2 2 2 2
left_child=1 6 3 4 9 10 7 14 17 16 15 13 -8 -3 -1 20 -2 -9 21 -6 25 22 -4 -24 -19 -5 -11 -7 -12 -10
right_child=2 11 18 5 19 27 12 8 29 26 28 -13 -14 -15 -16 -17 -18 24 -20 -21 -22 -23 23 -25 -26 -27 -28 -29 -30 -31
leaf_value=0.058390945509849614 0.013438872125558577 0.0038835672503962203 -0.036327293342121321 -0.013324626280541549 -0.020020831527347044 0.0057842244165471901 0.042731289210653028 0.028468926940919188 0.0048348431570083006 0.00034195166092599753 -0.049605388972113626 -0.069739135004629943 -0.0056374401378616046 -0.0046035114059848874 0.03455192617751475 -0.033489792939850459 0.00079351704262444064 0.016410023880568326 -0.10945747104839497 -0.00010333910822111449 -0.020231015572346231 -0.073399355207956971 0.0067506629787141576 -0.034703190099213514 0.0014380664664647739 0.0076230392293772601 -0.014514819128084217 -0.032925494031548527 0.011314771745782002 -0.0099304028789470884
leaf_weight=60972 13319 3731 12602 2707 5814 1578 16199 12329 1613 5703 9949 3701 3841 5207 8164 3054 3153 1889 28562 1762 4166 29233 2190 1384 4328 3873 1416 228 365 2885
leaf_count=60972 13319 3731 12602 2707 5814 1578 16199 12329 1613 5703 9949 3701 3841 5207 8164 3054 3153 1889 28562 1762 4166 29233 2190 1384 4328 3873 1416 228 365 2885
internal_value=0 0.0433999 -0.0351664 -0.0136403 0.007653 -0.0392441 0.0511683 0.0562872 0.0368634 0.0248032 -0.0472699 -0.0255754 0.0276228 -0.0078914 0.0627614 -0.0286828 0.0393443 0.0504127 -0.051779 -0.0457511 -0.0172517 -0.0582229 -0.0450515 0.00539815 0.0274519 -0.000935739 -0.00884228 0.0679177 -0.0721392 -0.0190028
internal_weight=0 124859 131058 57087 31167 25920 112220 92180 23044 23591 24114 12639 20040 8938 69136 13800 16472 18546 73971 7576 10746 45409 16176 3574 6217 6580 7119 1806 10314 4498
internal_count=255917 124859 131058 57087 31167 25920 112220 92180 23044 23591 24114 12639 20040 8938 69136 13800 16472 18546 73971 7576 10746 45409 16176 3574 6217 6580 7119 1806 10314 4498
is_linear=0
shrinkage=0.1


Tree=9
num_leaves=31
num_cat=0
split_feature=4 0 0 123 64 3 10 127 137 134 4 6 94 134 20 123 62 0 134 124 2 105 137 123 7 26 134 4 4 94
split_gain=35542.5 10822.7 3238.94 2028.77 1293.17 1797.87 1099.28 965.913 701.124 658.383 617.755 638.446 598.32 553.805 767.568 627.123 1109.4 547.785 539.265 690.204 525.57 485.303 465.911 459.188 455.745 453.324 503.039 382.122 372.48 462.057
threshold=476280.85000000003 1673869.5000000002 5074910.5000000009 1004425.5000000001 0.10120825952627867 1059096.9400000002 1.5000000000000002 0.13392857142857145 392003.50000000006 1126350.5000000002 252639.79000000004 58.083333333333343 106979.00000000001 122286.00000000001 18.500000000000004 3791554.0000000005 3851727.0000000005 12137945.500000002 463121.50000000006 8.5000000000000018 254801.19500000004 75683.000000000015 861725.00000000012 574758.00000000012 2.5000000000000004 44883.500000000007 985789.50000000012 201323.20500000005 206080.59500000006 9.3333035776911881
decision_type=2 2 2 2 2 2 2 2 2 2 2 2 2 2 2 2 2 2 2 2 2 2 2 2 2 2 2 2 2 2
left_child=1 6 3 10 5 9 28 25 12 -2 11 -3 18 14 22 -16 -17 -15 23 -20 -10 -12 -6 -8 -7 26 -5 -9 29 -1
right_child=4 2 -4 7 13 24 8 27 20 -11 21 -13 -14 17 15 16 -18 -19 19 -21 -22 -23 -24 -25 -26 -27 -28 -29 -30 -31
leaf_value=0.048007059545316193 0.0061551826112701408 0.0032078454130132759 -0.047239569281514973 0.01083242574062257 0.0061953677347065944 -0.036602016157579687 0.050101067841266916 0.0075664566882248435 0.0079178015087749461 -0.0084234569696102161 -0.01573478056082267 -0.0071873604098044441 -0.020604199926716985 -0.050819620173650076 -0.044168311351391855 0.0057829940654792024 -0.05067631430228961 -0.10533454842170489 0.015832215188704101 -0.0059302209125196431 -0.0042181211563980551 0.018447572389263315 -0.048627969306187915 0.033516774850321771 -0.026119203705446837 -0.018990411105097093 0.0022878165962786482 -0.00062666155259748181 -0.0059431599239437617 0.015745122356506037
leaf_weight=9044 8526 4007 8134 6057 4289 4054 70177 763 1685 3226 5648 4403 636 39020 11279 1325 2934 21472 7154 1939 1964 345 1682 7708 7952 331 2880 7495 2066 7722
leaf_count=9044 8526 4007 8134 6057 4289 4054 70177 763 1685 3226 5648 4403 636 39020 11279 1325 2934 21472 7154 1939 1964 345 1682 7708 7952 331 2880 7495 2066 7722
internal_value=0 0.0340042 -0.0105005 0.00385077 -0.0416775 -0.021134 0.0501992 0.026702 0.0547383 0.00667064 -0.0239552 -0.00647265 0.0565271 -0.0476295 -0.0338477 -0.0455582 -0.0128648 -0.0525299 0.0572337 0.0341891 0.0117896 -0.0484886 -0.0033742 0.0599241 -0.0483505 0.0488621 0.0531184 0.00183154 0.0282019 0.0331388
internal_weight=0 150158 40063 31929 105759 23758 110095 17526 91263 11752 14403 8410 87614 82001 21509 15538 4259 60492 86978 9093 3649 5993 5971 77885 12006 9268 8937 8258 18832 16766
internal_count=255917 150158 40063 31929 105759 23758 110095 17526 91263 11752 14403 8410 87614 82001 21509 15538 4259 60492 86978 9093 3649 5993 5971 77885 12006 9268 8937 8258 18832 16766
is_linear=0
shrinkage=0.1


Tree=10
num_leaves=31
num_cat=0
split_feature=4 0 0 4 137 137 0 13 49 134 49 4 94 0 137 6 134 124 92 0 0 4 123 124 123 20 75 0 93 134
split_gain=31942.7 4852.8 4852.58 2951.4 2240.46 1428.18 1784.51 1348.06 1163.94 767.787 1123.62 744.031 726.838 721.172 691.604 675.762 649.038 600.163 584.735 537.964 520.714 611.771 679.729 507.19 462.35 449.926 432.265 429.595 414.939 484.841
threshold=281836.28500000009 4234256.5000000009 2761999.0000000005 743707.26500000013 234997.50000000003 82133.000000000015 975076.00000000012 3794289.5000000005 2.5000000000000004 186244.50000000003 2.5000000000000004 1234649.1400000004 14903.012165450124 5805505.5000000009 665785.50000000012 50.083333333333343 88043.500000000015 5.5000000000000009 161774.50000000003 12412037.500000002 5657443.5000000009 616442.51500000025 2149476.0000000005 10.500000000000002 3791554.0000000005 19.500000000000004 13853.500000000002 3851134.5000000005 6.5000000000000009 800657.00000000012
decision_type=2 2 2 2 2 2 2 2 2 2 2 2 2 2 2 2 2 2 2 2 2 2 2 2 2 2 2 2 2 2
left_child=2 3 5 4 9 8 12 11 -1 10 24 14 -7 15 -5 -4 25 -11 26 20 21 22 -3 -8 -2 -6 -12 -9 -10 -30
right_child=1 19 13 7 16 6 23 27 28 17 18 -13 -14 -15 -16 -17 -18 -19 -20 -21 -22 -23 -24 -25 -26 -27 -28 -29 29 -31
leaf_value=0.027584561992339964 -0.023091650798170112 -0.020329245515529545 0.004070106025884564 -0.0058821595426536326 0.0076913287618084573 0.032126680275975129 0.0014792564471534301 0.005511466437758134 0.04283100947689409 0.0043115383217669752 0.011988633595453697 -0.040262219654419854 -0.016058714495233179 -0.063954608485449635 -0.028031733624221566 -0.0039529654097134317 -0.016285307976062105 -0.0037859289554173525 -0.015975965896154239 -0.089934656251161649 -0.060645240002514145 -0.038230269504319458 0.003418178059789969 -0.0078945367665161411 0.0047220568670715227 -0.011892877503547152 -0.035153895467944389 -0.019864593687391515 0.037532324325123059 -0.020863113600444586
leaf_weight=14960 2622 1900 3386 6969 2386 15107 6891 1326 60606 5973 15708 9491 903 3034 3707 4696 6025 7371 495 28731 29597 8232 2590 3610 342 2644 448 580 4945 642
leaf_count=14960 2622 1900 3386 6969 2386 15107 6891 1326 60606 5973 15708 9491 903 3034 3707 4696 6025 7371 495 28731 29597 8232 2590 3610 342 2644 448 580 4945 642
internal_value=0 -0.030052 0.0407893 -0.0105472 0.00441831 0.0472839 0.027133 -0.0403887 0.0538668 0.017485 0.0300737 -0.0479861 0.0481449 -0.0221144 -0.0298757 -0.00650829 -0.0345383 -0.0010198 0.0401717 -0.0481944 -0.0553642 -0.038445 -0.00875257 -0.0049022 -0.0266543 -0.00801968 0.0434519 0.0399978 0.0595602 0.0334834
internal_weight=0 137137 118780 66087 44014 107664 26511 22073 81153 32959 19615 20167 16010 11116 10676 8082 11055 13344 16651 71050 42319 12722 4490 10501 2964 5030 16156 1906 66193 5587
internal_count=255917 137137 118780 66087 44014 107664 26511 22073 81153 32959 19615 20167 16010 11116 10676 8082 11055 13344 16651 71050 42319 12722 4490 10501 2964 5030 16156 1906 66193 5587
is_linear=0
shrinkage=0.1


Tree=11
num_leaves=31
num_cat=0
split_feature=0 2 0 137 127 0 123 4 4 3 4 123 76 2 123 0 0 4 123 123 94 124 127 94 1 4 5 124 93 6
split_gain=29023.6 7241.93 3624.21 2781.02 2377.67 1426.75 1833.25 988.328 979.093 827.443 716.42 1032.01 690.91 705.001 621.561 596.416 567.268 604.366 620.043 496.545 492.873 466.308 450.254 421.7 557.932 419.198 412.858 369.137 358.197 347.662
threshold=1673869.5000000002 1069820.4500000004 4605744.0000000009 241716.00000000003 0.13392857142857145 948626.50000000012 828996.00000000012 255832.92000000004 1322119.1250000002 1045727.3650000001 1798857.8400000001 2000454.5000000002 8.5000000000000018 418655.32500000007 3046769.0000000005 12412037.500000002 6107307.5000000009 616442.51500000025 2622421.5000000005 1767852.5000000002 1867.5000000000002 9.5000000000000018 0.61721611721611735 14530.264705882355 175872.50000000003 259875.83500000005 11.500000000000002 5.5000000000000009 62.500000000000007 60.083333333333343
decision_type=2 2 2 2 2 2 2 2 2 2 2 2 2 2 2 2 2 2 2 2 2 2 2 2 2 2 2 2 2 2
left_child=1 5 3 4 10 12 21 -8 -3 19 11 20 13 -1 25 16 17 18 -4 27 29 28 -15 -14 -25 -5 -9 -6 -7 -2
right_child=2 8 15 14 9 6 7 26 -10 -11 -12 -13 23 22 -16 -17 -18 -19 -20 -21 -22 -23 -24 24 -26 -27 -28 -29 -30 -31
leaf_value=0.049305320935707456 0.010479158103748285 -0.0054620600207843841 -0.01221031742839495 -0.0017201479781344395 -0.00047925916289494688 0.0031077258573181149 0.024062295128821604 -0.0078418262766771826 -0.034022055826086826 -0.037342350865359024 -0.025222687957110426 0.006898214038865827 0.039367026939867426 0.0028794853903648023 0.010673351791869947 -0.083591408052379662 -0.055340036712147392 -0.037524229611313679 0.0042686121346477241 0.0010618094724436857 -0.027214282858923335 -0.010291998870333809 0.011988407025652415 0.031696887069721229 -0.022651175733883012 -0.021511828295227395 0.013596745374939418 -0.0068246367841918376 -0.017629234775283102 0.001139518963591773
leaf_weight=69444 4113 8091 2987 3415 3178 8023 6851 1435 5024 2798 850 6778 7025 4562 644 30259 28113 8178 2084 6156 1727 3221 10177 939 1819 15699 1684 4647 1029 4967
leaf_count=69444 4113 8091 2987 3415 3178 8023 6851 1435 5024 2798 850 6778 7025 4562 644 30259 28113 8178 2084 6156 1727 3221 10177 939 1819 15699 1684 4647 1029 4967
internal_value=0 0.0357959 -0.0315608 -0.0122477 0.00460018 0.0437457 0.0209715 0.0528239 -0.0346447 -0.0226366 0.0293903 0.0337245 0.0491366 0.0520597 -0.0422751 -0.0463843 -0.0541895 -0.0371304 -0.0100075 -0.0127023 0.0145391 -0.00490387 0.0321958 0.0239829 -0.00915245 -0.0455307 0.00616097 -0.0294177 0.00672357 0.0238528
internal_weight=0 129324 126593 54972 35214 116209 22243 9970 13115 16779 18435 17585 93966 84183 19758 71621 41362 13249 5071 13981 10807 12273 14739 9783 2758 19114 3119 7825 9052 9080
internal_count=255917 129324 126593 54972 35214 116209 22243 9970 13115 16779 18435 17585 93966 84183 19758 71621 41362 13249 5071 13981 10807 12273 14739 9783 2758 19114 3119 7825 9052 9080
is_linear=0
shrinkage=0.1


Tree=12
num_leaves=31
num_cat=0
split_feature=4 0 4 0 137 123 93 134 49 92 0 137 2 133 4 6 94 94 137 2 0 134 4 18 123 1 13 0 123 92
split_gain=25769.3 4155.81 4149.04 2688.09 1916.81 1261.37 950.161 903.446 835.18 771.742 737.282 676.764 845.861 633.598 583.006 542.905 535.551 488.389 519.432 516.495 482.245 459.837 707.937 636.148 640.659 448.809 454.98 385.651 374.26 364.03
threshold=263487.59500000003 1551547.5000000002 643969.12500000012 6546623.5000000009 234997.50000000003 1249979.5000000002 2.5000000000000004 186244.50000000003 2.5000000000000004 0.019988014382740716 2502937.0000000005 82133.000000000015 241465.15500000006 18.000000000000004 197065.14000000001 58.083333333333343 7059.406976744187 0.24000250000000004 21278.000000000004 2035601.2900000003 12412037.500000002 195957.50000000003 1798857.8400000001 1.0000000180025095e-35 3046769.0000000005 641131.50000000012 646015.00000000012 6696688.0000000009 3791554.0000000005 284399.00000000006
decision_type=2 2 2 2 2 2 2 2 2 2 2 2 2 2 2 2 2 2 2 2 2 2 2 2 2 2 2 2 2 2
left_child=1 6 3 4 7 15 11 8 28 -6 -7 -1 -13 -9 -12 27 -11 20 19 29 21 22 23 24 -4 -8 -27 -3 -2 -19
right_child=2 5 17 -5 9 10 25 13 -10 16 14 12 -14 -15 -16 -17 -18 18 -20 -21 -22 -23 -24 -25 -26 26 -28 -29 -30 -31
leaf_value=0.042452543615718166 -0.019453723290881395 0.001786474659102385 -0.010353784339401352 -0.032392777652240821 -0.013588193601015715 0.013815180048994742 0.034551687770544785 0.0029024512109839945 0.0092849751046081216 0.0077631376162144439 0.0063997244148756745 0.021746670244150449 -3.4716471228612992e-05 -0.00400960325979098 -0.0013195079569645711 -0.011780716871650516 -0.018166782479148179 0.013255269472783243 -0.044174081843592394 -0.012419636978541905 -0.078706908093394146 -0.042772984199544499 -0.036348787948311791 -0.022992921553759506 0.0052565708428386195 -0.011544856211063891 0.02468414520434974 -0.03983721004387597 0.0035570756450661214 -0.023028470591369303
leaf_weight=57945 2370 5207 4906 7709 8462 3794 13068 8309 16767 2025 1116 13219 4995 8991 3724 7645 1505 3048 9520 3188 22700 29213 5150 4901 1705 2506 756 786 348 339
leaf_count=57945 2370 5207 4906 7709 8462 3794 13068 8309 16767 2025 1116 13219 4995 8991 3724 7645 1505 3048 9520 3188 22700 29213 5150 4901 1705 2506 756 786 348 339
internal_value=0 0.0376812 -0.0261238 -0.00513349 0.00353898 -0.0010978 0.0470194 0.0148576 0.0296245 -0.0311804 0.0288118 0.0517128 0.0348991 -0.00177435 0.00293938 -0.0200331 0.00809671 -0.0401271 -0.0244504 -0.00283364 -0.0438065 -0.0497055 -0.0364487 -0.0226619 -0.00242185 0.0251307 -0.00805116 0.00250169 -0.0217968 0.0243581
internal_weight=0 114761 141156 56486 48777 22272 92489 36785 19485 11992 8634 76159 18214 17300 4840 13638 3530 84670 16095 6575 68575 45875 16662 11512 6611 16330 3262 5993 2718 3387
internal_count=255917 114761 141156 56486 48777 22272 92489 36785 19485 11992 8634 76159 18214 17300 4840 13638 3530 84670 16095 6575 68575 45875 16662 11512 6611 16330 3262 5993 2718 3387
is_linear=0
shrinkage=0.1


Tree=13
num_leaves=31
num_cat=0
split_feature=4 0 0 4 137 123 62 134 2 1 76 4 0 6 123 0 123 4 5 0 127 92 124 94 122 124 134 18 128 127
split_gain=22701.9 4349.93 3383.24 2300 2502.29 2144.62 1042.62 1017.96 899.83 1156.06 859.145 822.569 645.168 608.829 551.331 529.033 637.935 1028.53 543.409 525.429 502.949 483.041 428.712 405.665 403.089 400.789 436.089 357.767 355.397 346.253
threshold=249512.72 4234256.5000000009 1178963.5000000002 1798857.8400000001 234997.50000000003 974718.50000000012 2626447.5000000005 323058.50000000006 1396407.9300000004 211398.50000000003 8.5000000000000018 197065.14000000001 12412037.500000002 52.083333333333336 2000375.0000000002 5956120.0000000009 2149476.0000000005 876811.77000000014 9.5000000000000018 1953375.5000000002 0.13392857142857145 13175.250000000002 7.5000000000000009 14903.012165450124 1.0000000180025095e-35 1.0000000180025095e-35 30172.500000000004 1.0000000180025095e-35 0.069047619047619066 1.7583333333333335
decision_type=2 2 2 2 2 2 2 2 2 2 2 2 2 2 2 2 2 2 2 2 2 2 2 2 2 2 2 2 2 2
left_child=2 3 10 4 6 13 8 21 9 28 -1 -9 15 -4 19 16 -3 18 -18 27 -8 -7 -13 -12 -10 -11 -27 -6 -2 -26
right_child=1 12 5 -5 14 7 20 11 24 25 23 22 -14 -15 -16 -17 17 -19 -20 -21 -22 -23 -24 -25 29 26 -28 -29 -30 -31
leaf_value=0.038402356252806406 0.014786432577357209 -0.028031856418265746 0.0011855108936515805 -0.031902956577243624 0.0015845684222457472 0.019789955849877541 0.0051708731347422507 0.0076866617242079306 0.018871425923232005 0.008446360977349401 0.031711840958770797 0.0022503020863341833 -0.06616836297497268 -0.009419361894285945 0.0059802045177466279 -0.046551557027090865 -0.0037512796731146124 -0.030338233627288626 0.0077767287825537173 -0.017106848620532869 -0.0026517207650767461 -0.01200369658916039 -0.0026774107503430376 -0.014428823623121315 -0.016751332988847293 0.0063926699976921009 -0.0028926423493144445 -0.016602342457273957 -0.008006492546772782 0.023049595453973223
leaf_weight=72693 9917 8401 6677 6223 3677 4749 5194 2288 907 3561 6892 2276 28870 9931 1785 27898 2020 2318 2426 10788 1178 285 2852 2116 5569 4854 16112 2202 1041 217
leaf_count=72693 9917 8401 6677 6223 3677 4749 5194 2288 907 3561 6892 2276 28870 9931 1785 27898 2020 2318 2426 10788 1178 285 2852 2116 5569 4854 16112 2202 1041 217
internal_value=0 -0.023557 0.0365563 -0.00639949 -0.00099829 0.00725022 0.0109156 0.0386276 0.00521966 0.0115631 0.0469794 0.0150689 -0.0410227 -0.0162715 -0.0323454 -0.0487771 -0.0337438 -0.0108861 0.0172704 -0.0380023 0.0486183 0.0733339 -0.00717729 0.0178486 -0.0284121 -0.000501464 -0.00576969 -0.0139505 0.0385669 -0.0381285
internal_weight=0 145158 110759 73225 67002 29058 48550 12450 42178 35485 81701 7416 71933 16608 18452 43063 15165 6764 4446 16667 6372 5034 5128 9008 6693 24527 20966 5879 10958 5786
internal_count=255917 145158 110759 73225 67002 29058 48550 12450 42178 35485 81701 7416 71933 16608 18452 43063 15165 6764 4446 16667 6372 5034 5128 9008 6693 24527 20966 5879 10958 5786
is_linear=0
shrinkage=0.1


Tree=14
num_leaves=31
num_cat=0
split_feature=4 0 0 123 4 137 134 134 126 4 76 0 123 2 124 0 21 4 0 123 2 93 64 94 128 1 6 2 105 124
split_gain=19564.2 3952.98 2812.77 2314.21 2148.44 2193.05 1075.52 859.143 843.363 748.02 701.032 625.921 600.591 802.223 543.941 533.946 517.798 488.686 858.808 788.057 456.121 425.834 400.405 347.493 345.15 431.524 322.136 376.274 310.673 306.785
threshold=237076.33000000002 4310569.5000000009 928330.00000000012 828996.00000000012 1798857.8400000001 234997.50000000003 186244.50000000003 283456.00000000006 1.0000000180025095e-35 197065.14000000001 8.5000000000000018 11970711.000000002 2622421.5000000005 1288112.8050000004 8.5000000000000018 6696688.0000000009 8.5000000000000018 653116.43500000017 7542127.0000000009 2149476.0000000005 696865.64000000001 4.5000000000000009 0.063210134073487051 13287.750000000002 0.054093567251461992 175872.50000000003 68.083333333333357 219775.07000000004 33337.000000000007 7.5000000000000009
decision_type=2 2 2 2 2 2 2 2 2 2 2 2 2 2 2 2 2 2 2 2 2 2 2 2 2 2 2 2 2 2
left_child=2 4 10 15 5 6 8 20 12 -9 -1 17 13 24 28 21 -7 18 19 -3 -5 26 -18 -12 25 -2 27 -4 -8 -11
right_child=1 11 3 7 -6 16 14 9 -10 29 23 -13 -14 -15 -16 -17 22 -19 -20 -21 -22 -23 -24 -25 -26 -27 -28 -29 -30 -31
leaf_value=0.039571985741046735 0.014657176015481603 -0.011201391926073508 0.012814513963179692 0.019011643778726103 -0.028756444035591688 -0.014452461668888942 -0.00023104726467572517 0.0078103478710350189 -0.007821548100912722 0.0021144286686523733 0.03289986108028653 -0.057302580637816486 0.0046543693350475463 -0.0069510801781661781 -0.0093346890287174453 -0.059978571395645365 0.011782442933987875 -0.045337983762680147 -0.022985222092424856 0.0028201267209784393 -0.0092969195088533404 -0.018792150922367534 -0.0072589902207794172 -0.012500760723584923 -0.014662148283103915 0.0058307318120523581 -0.0029093690759765074 -0.00019363060144816783 0.019154150305189098 -0.0021709766869837791
leaf_weight=66078 8330 4347 2558 5177 6309 10368 14684 3482 4057 2203 6389 30882 4709 4958 4811 2282 1557 28944 3237 4101 393 3321 7480 2033 835 8870 5838 4279 699 2706
leaf_count=66078 8330 4347 2558 5177 6309 10368 14684 3482 4057 2203 6389 30882 4709 4958 4811 2282 1557 28944 3237 4101 393 3321 7480 2033 835 8870 5838 4279 699 2706
internal_value=0 -0.0208201 0.0352545 0.0105774 -0.00520024 -0.000254828 0.0104592 0.0412335 0.0219324 0.0210222 0.0459332 -0.0377847 0.0281686 0.0215051 -0.00758451 -0.0128381 -0.0289396 -0.0459412 -0.0286804 -0.011899 0.0716812 -0.0063825 -0.0114428 0.0187618 0.0312988 0.0343469 0.00196921 0.0167006 0.00159378 -0.00412375
internal_weight=0 149178 106739 32239 77667 71358 51953 13961 31759 8391 74500 71511 27702 22993 20194 18278 19405 40629 11685 8448 5570 15996 9037 8422 18035 17200 12675 6837 15383 4909
internal_count=255917 149178 106739 32239 77667 71358 51953 13961 31759 8391 74500 71511 27702 22993 20194 18278 19405 40629 11685 8448 5570 15996 9037 8422 18035 17200 12675 6837 15383 4909
is_linear=0
shrinkage=0.1


Tree=15
num_leaves=31
num_cat=0
split_feature=0 2 137 1 62 4 2 0 127 64 0 62 124 0 127 126 123 126 6 4 0 122 93 0 92 85 20 1 128 3
split_gain=16723.5 4691.87 2344.76 2251.94 1356.51 1289.89 1021.68 927.079 1020.38 889.075 727.623 659.454 568.624 525.118 484.69 460.646 539.082 448.253 417.277 406.154 549.345 393.674 375.978 343.499 340.741 340.717 334.913 322.015 321.35 312.331
threshold=2213003.5000000005 890570.50000000012 116542.00000000001 484509.50000000006 1407013.5000000002 1798857.8400000001 2353959.7050000005 7186454.0000000009 0.095454545454545472 0.052309608467900469 1382892.5000000002 832035.00000000012 8.5000000000000018 10919821.000000002 0.14835164835164838 0.19375000000000003 2235690.5000000005 1.0000000180025095e-35 82.083333333333357 435164.26000000007 22508511.500000004 1.0000000180025095e-35 2.5000000000000004 12412037.500000002 284399.00000000006 8.5000000000000018 26.500000000000004 9058064.0000000019 0.080128205128205135 213354.40000000005
decision_type=2 2 2 2 2 2 2 2 2 2 2 2 2 2 2 2 2 2 2 2 2 2 2 2 2 2 2 2 2 2
left_child=1 3 5 22 10 7 17 8 15 -4 11 12 29 -9 26 16 18 24 -2 -15 -21 -8 28 -11 -3 -23 -6 -7 -1 -5
right_child=2 6 9 4 14 27 21 13 -10 23 -12 -13 -14 19 -16 -17 -18 -19 -20 20 -22 25 -24 -25 -26 -27 -28 -29 -30 -31
leaf_value=0.033484768149459908 0.0058905666587578754 0.0028049136595861279 0.00074484468823161453 0.007919251835815282 0.019313461862480612 -0.032125664107922093 0.026945477708439716 -0.017001666257344273 -0.0016437689920594226 -0.029904219517901412 -0.0022543476014529351 0.017347080599633854 -0.0059373693244280535 -0.074302725209983211 0.0010522108958430222 -0.026480920278624122 0.0041835794518370866 -0.014604887906054388 -0.0025491429401085074 0.014042910680728937 -0.059508209248466226 -0.026577541511224247 0.027772676264439512 -0.067195054824707556 -0.021108745246148045 0.018149423336089956 -0.001037406385543961 -0.021167650754807046 0.014612686399209904 5.8618385468091339e-05
leaf_weight=58874 4019 10343 5342 11850 4408 4515 633 3239 12378 43308 12348 4525 5721 1550 1614 472 7233 2363 3393 2249 2000 5829 12366 20639 503 208 519 3277 4582 5617
leaf_count=58874 4019 10343 5342 11850 4408 4515 633 3239 12378 43308 12348 4525 5721 1550 1614 472 7233 2363 3393 2249 2000 5829 12366 20639 503 208 519 3277 4582 5617
internal_value=0 0.025378 -0.0260726 0.0326949 0.0153951 -0.00811111 -0.0196832 -0.000232799 0.00890044 -0.0375627 0.00850116 0.0174971 0.0106827 -0.0280175 0.057618 0.0263324 0.0294662 -0.00357341 0.0105134 -0.0100031 0.00598112 -0.0515863 0.0433278 -0.0408367 0.00502512 -0.059453 0.0731981 -0.0450488 0.0464363 0.0196448
internal_weight=0 142303 113614 122424 46602 44325 19879 36533 27495 69289 40061 27713 23188 9038 6541 15117 14645 13209 7412 5799 4249 6670 75822 63947 10846 6037 4927 7792 63456 17467
internal_count=255917 142303 113614 122424 46602 44325 19879 36533 27495 69289 40061 27713 23188 9038 6541 15117 14645 13209 7412 5799 4249 6670 75822 63947 10846 6037 4927 7792 63456 17467
is_linear=0
shrinkage=0.1


Tree=16
num_leaves=31
num_cat=0
split_feature=4 4 0 123 134 10 64 134 90 6 93 22 4 18 0 0 123 4 4 92 2 124 0 148 26 21 0 1 6 13
split_gain=15213.5 3276.61 2137.93 2029.77 1749.53 1599.16 890.57 667.931 667.155 607.189 593.821 551.469 550.034 496.034 483.576 683.68 1099.96 556.95 514.896 461.86 407.27 403.035 373.646 366.465 363.65 423.764 358.782 357.751 340.198 338.672
threshold=228584.28000000006 774598.47000000009 761475.50000000012 773109.50000000012 186244.50000000003 1.5000000000000002 0.57149030088551844 260786.50000000003 1.4779663072771971 56.083333333333343 1.5000000000000002 6.5000000000000009 187632.71500000003 1.0000000180025095e-35 11970711.000000002 3851134.5000000005 3046769.0000000005 1798857.8400000001 1071634.5300000003 188340.00000000003 595288.90500000014 8.5000000000000018 27328691.500000004 560687.50000000012 107412.50000000001 8.5000000000000018 7711609.5000000009 576712.50000000012 62.083333333333336 717804.00000000012
decision_type=2 2 2 2 2 2 2 2 2 2 2 2 2 2 2 2 2 2 2 2 2 2 2 2 2 2 2 2 2 2
left_child=2 4 10 9 5 24 21 20 14 -4 -1 28 -9 19 15 16 18 -18 27 -7 -5 -6 23 -10 25 -2 -13 -3 -8 -11
right_child=1 8 3 7 6 13 11 12 22 29 -12 26 -14 -15 -16 -17 17 -19 -20 -21 -22 -23 -24 -25 -26 -27 -28 -29 -30 -31
leaf_value=0.03920035216939588 -0.01870192501173722 0.0065665583892120325 0.0025704539489012296 0.016586319731716186 0.0023976049716545656 0.0074698406772339913 -0.0045189092737161225 0.011474609714319524 0.01744182286745264 -0.0096355047073413275 0.025221525998086226 0.004540645467315369 0.00055137976500516822 0.00014184281572708003 -0.053727291535491696 -0.04311403777329989 0.0041608655646667566 -0.013696854934376926 -0.022931284095402425 -0.015875723184486951 -0.005992481221457781 -0.0088529120243404803 -0.077950581843571495 -0.055648978603378543 -0.038548241517297105 0.002385837748841959 -0.020253002198304216 -0.011302518980880149 -0.011063856173589952 0.00098044262436734471
leaf_weight=52182 2324 1888 9922 5240 10169 21109 11380 2627 3207 9382 14780 3816 5653 7054 21772 24843 1768 739 9699 403 399 2458 2264 914 3042 3569 1921 4504 13306 3583
leaf_count=52182 2324 1888 9922 5240 10169 21109 11380 2627 3207 9382 14780 3816 5653 7054 21772 24843 1768 739 9699 403 399 2458 2264 914 3042 3569 1921 4504 13306 3583
internal_value=0 -0.0175644 0.0320946 0.0127339 -0.003729 0.0120613 -0.017484 0.0428469 -0.0331299 -0.00557969 0.0427362 -0.0267501 0.024769 0.0236104 -0.0361504 -0.0422467 -0.0277474 0.0338651 -0.0373467 0.0311562 0.0693915 0.00484139 -0.00228031 0.0156499 -0.0248622 -0.0103676 0.00117811 -0.0153117 -0.0332405 -0.0198286
internal_weight=0 152149 103768 36806 80551 37501 43050 13919 71598 22887 66962 30423 8280 28566 65213 43441 18598 2507 16091 21512 5639 12627 6385 4121 8935 5893 5737 6392 24686 12965
internal_count=255917 152149 103768 36806 80551 37501 43050 13919 71598 22887 66962 30423 8280 28566 65213 43441 18598 2507 16091 21512 5639 12627 6385 4121 8935 5893 5737 6392 24686 12965
is_linear=0
shrinkage=0.1


Tree=17
num_leaves=31
num_cat=0
split_feature=4 137 4 1 137 134 93 124 64 10 0 0 1 126 127 4 134 1 0 94 22 13 13 26 63 18 127 0 0 128
split_gain=13169.3 3035.5 2021.17 1719.49 1464.27 1246.09 1170.04 820.047 795.961 788.181 690.149 508.238 427.565 409.078 423.885 419.045 398.569 398.45 384.342 369.472 363.64 348.045 346.492 343.997 341.967 331.945 313.233 304.959 289.92 277.732
threshold=217437.46500000003 234997.50000000003 1815234.1500000001 3218844.5000000005 82133.000000000015 169673.50000000003 2.5000000000000004 5.5000000000000009 0.057677196946196531 1.5000000000000002 636094.00000000012 3052666.5000000005 9058064.0000000019 0.069047619047619066 0.13392857142857145 1025359.3900000001 4239346.0000000009 620974.50000000012 12412037.500000002 18660.500000000004 4.5000000000000009 602568.50000000012 298611.50000000006 1.0000000180025095e-35 4623.977777777779 1.0000000180025095e-35 0.095454545454545472 6107307.5000000009 250897.50000000003 0.57738095238095244
decision_type=2 2 2 2 2 2 2 2 2 2 2 2 2 2 2 2 2 2 2 2 2 2 2 2 2 2 2 2 2 2
left_child=3 2 5 4 6 9 23 16 25 -2 19 -10 -4 14 29 28 26 -8 -13 -6 -12 -19 -15 24 -1 27 -7 -3 -16 -11
right_child=1 8 12 -5 10 7 17 -9 11 13 20 18 -14 22 15 -17 -18 21 -20 -21 -22 -23 -24 -25 -26 -27 -28 -29 -30 -31
leaf_value=0.027936430272527082 -0.013249900503079212 0.0081700596113744445 -0.023307712133918357 -0.023023802995793662 0.024820299945264135 0.0084501475094182401 0.024539963649270937 -0.0046165919174573486 -0.0047373128098470406 0.0072918524832333567 -0.0038052839914507713 -0.035185185881741909 -0.018453810709351173 0.0033097061121198142 0.0088626176962826823 -0.014318404204826732 -0.011245664790758048 -0.013392777192337755 -0.058227991402518733 -0.024624660465061749 0.0021416891208577648 0.012525919682965028 -0.021528878955274663 0.018872828310934966 0.0012760604009859585 -0.017182973700760034 9.0911226976120744e-05 -0.0078661487029496966 0.00097160437664365457 -0.015346255548314706
leaf_weight=49208 4572 2344 7350 3722 9826 6378 10762 21594 12599 10346 5523 31318 3632 2877 9041 1998 5042 2671 18538 418 7364 636 977 5744 2853 2073 8334 1508 6253 416
leaf_count=49208 4572 2344 7350 3722 9826 6378 10762 21594 12599 10346 5523 31318 3632 2877 9041 1998 5042 2671 18538 418 7364 636 977 5744 2853 2073 8334 1508 6253 416
internal_value=0 -0.0155017 -0.003308 0.0310999 0.033712 0.00235887 0.0407549 -0.00952635 -0.0313386 0.0158301 0.011828 -0.0346617 -0.0434683 0.0213941 0.0255908 0.0158936 0.00519783 0.0148927 -0.0391965 0.0312018 -0.00357242 -0.0154661 -0.00915475 0.0470494 0.0496118 0.00368985 0.0135134 0.0210537 0.0215201 0.0411721
internal_weight=0 157190 88810 98727 95005 77828 71874 41348 68380 36480 23131 62455 10982 31908 28054 17292 19754 14069 49856 10244 12887 3307 3854 57805 52061 5925 14712 3852 15294 10762
internal_count=255917 157190 88810 98727 95005 77828 71874 41348 68380 36480 23131 62455 10982 31908 28054 17292 19754 14069 49856 10244 12887 3307 3854 57805 52061 5925 14712 3852 15294 10762
is_linear=0
shrinkage=0.1


Tree=18
num_leaves=31
num_cat=0
split_feature=4 4 1 0 123 123 0 134 137 22 94 22 4 0 94 10 0 18 127 92 0 6 128 63 0 0 4 134 20 137
split_gain=11106.5 2930.57 1777.72 1592.28 1471.26 862.07 1049.83 793.954 639.805 583.191 582.406 576.083 523.234 503.206 474.741 440.299 435.636 429.395 367.135 363.869 357.377 344.756 336.92 331.787 325.989 458.275 389.488 318.295 312.364 301.431
threshold=215309.44500000004 774598.47000000009 526896.00000000012 6546623.5000000009 574758.00000000012 2000375.0000000002 405759.00000000006 153340.00000000003 959103.00000000012 5.5000000000000009 15449.250000000002 5.5000000000000009 187632.71500000003 7374070.0000000009 5829.7613636363649 1.5000000000000002 12412037.500000002 1.0000000180025095e-35 0.14835164835164838 4.9293602437166806 3815675.5000000005 102.08333333333336 0.080128205128205135 2830.8700000000003 29641453.500000004 11970711.000000002 1815234.1500000001 81671.500000000015 7.5000000000000009 82133.000000000015
decision_type=2 2 2 2 2 2 2 2 2 2 2 2 2 2 2 2 2 2 2 2 2 2 2 2 2 2 2 2 2 2
left_child=2 3 15 5 13 6 22 -6 11 17 23 19 -9 14 -4 -1 -10 21 -7 -3 -14 -8 -2 -11 25 26 27 -13 -28 -17
right_child=1 8 4 -5 7 18 9 12 16 10 -12 24 20 -15 -16 29 -18 -19 -20 -21 -22 -23 -24 -25 -26 -27 28 -29 -30 -31
leaf_value=0.028533633370358615 0.0071792563182397134 -0.017622942868175652 0.0014271437636865301 -0.017622699139461663 0.013940490755074622 0.0047464999817198135 -0.00064930193357237579 0.0087425465606196968 -0.048500191601782462 0.0054825531523383887 -0.016663397913728558 0.0026070252582195809 -0.0015785924648220784 -0.051435312143530636 -0.020824787873845285 0.037719126266003426 -0.05784863576973396 -0.012089217445894536 0.00096949526154948011 0.002979037277028885 0.0037432506552797099 -0.0062534448683821608 -0.010541809864114078 -0.0057398553180566169 -0.074041918883148414 0.01370757535722289 0.020267965530423104 -0.0096638510284527013 -0.021847632838284184 0.012832723857750661
leaf_weight=11884 15575 18716 17742 11872 4675 8378 15312 3354 18878 10721 3224 3495 3666 1972 2754 43198 13357 6608 6217 1927 764 5424 1546 1722 3609 4302 414 3574 3326 7711
leaf_count=11884 15575 18716 17742 11872 4675 8378 15312 3354 18878 10721 3224 3495 3666 1972 2754 43198 13357 6608 6217 1927 764 5424 1546 1722 3609 4302 414 3574 3326 7711
internal_value=0 -0.0140092 0.02887 -0.00163347 0.0107851 0.00377129 -0.00152025 0.0383468 -0.0289779 -0.00985672 0.00552673 -0.0204234 0.0187833 -0.00449843 0.00014362 0.0389292 -0.039424 -0.0186708 0.0255726 -0.0319437 -0.003776 -0.0115967 0.0194225 0.0153409 -0.00771964 -0.0012706 -0.0122571 0.00155029 -0.0383545 0.042975
internal_weight=0 158197 97720 86599 34927 74727 60132 12459 71598 43011 15667 39363 7784 22468 20496 62793 32235 27344 14595 20643 4430 20736 17121 12443 18720 15111 10809 7069 3740 50909
internal_count=255917 158197 97720 86599 34927 74727 60132 12459 71598 43011 15667 39363 7784 22468 20496 62793 32235 27344 14595 20643 4430 20736 17121 12443 18720 15111 10809 7069 3740 50909
is_linear=0
shrinkage=0.1


Tree=19
num_leaves=31
num_cat=0
split_feature=4 0 0 4 123 127 123 0 0 93 6 127 0 137 134 105 126 0 0 137 127 4 92 22 2 94 0 134 124 92
split_gain=9580.78 2450.3 1936.44 1373.83 1077.59 908.154 906.74 999.348 815.867 596.745 544.546 520.835 505.498 647.845 483.545 458.317 403.059 387.33 375.5 408.102 366.828 359.609 352.927 336.986 336.387 335.197 332.959 331.286 323.958 312.773
threshold=237076.33000000002 5074910.5000000009 673356.50000000012 1071634.5300000003 828996.00000000012 0.14835164835164838 2000375.0000000002 1282127.5000000002 11970711.000000002 2.5000000000000004 78.083333333333357 0.10555555555555557 20186941.000000004 959103.00000000012 536358.50000000012 31958.500000000004 0.19375000000000003 1319722.5000000002 7031456.5000000009 885837.00000000012 0.14835164835164838 435164.26000000007 225848.90000000002 5.5000000000000009 251834.66500000001 49193.250000000007 8608224.0000000019 5701.5000000000009 9.5000000000000018 20122.500000000004
decision_type=2 2 2 2 2 2 2 2 2 2 2 2 2 2 2 2 2 2 2 2 2 2 2 2 2 2 2 2 2 2
left_child=2 3 9 6 10 14 7 22 18 -1 24 16 13 21 29 23 27 -7 19 28 -8 -10 -2 -9 26 -25 -4 -5 -3 -6
right_child=1 8 4 11 5 17 20 15 12 -11 -12 -13 -14 -15 -16 -17 -18 -19 -20 -21 -22 -23 -24 25 -26 -27 -28 -29 -30 -31
leaf_value=0.030676944638508986 0.0036398027435657967 0.00057102596383358073 0.0054284584951803617 0.003109744368430728 0.01309084116469568 0.0070356663756734649 0.0050616541701235971 -0.0061742560735271474 -0.036335923762129595 0.016464167619639879 -0.0054483355346603077 -0.017800024077146426 -0.064514967909618456 -0.035025432816311007 0.0017857484371901333 0.015591605921303601 -0.020988756554133504 -0.0011715072048905499 -0.032680537135773992 -0.027093908281157899 0.0012274965490684511 0.01443343609894372 -0.016165783909414193 0.00070823204187028821 -0.0021552348075501554 -0.048087787588080647 -0.052336256012103788 -0.0042932175772540954 -0.017324965246054671 -0.0084069079078509159
leaf_weight=52803 28121 5126 9661 1679 4899 1709 7501 16407 603 12546 11124 9482 15307 9490 2950 747 1591 4821 19281 6052 6479 5482 601 8831 5374 1217 629 2819 2362 223
leaf_count=52803 28121 5126 9661 1679 4899 1709 7501 16407 603 12546 11124 9482 15307 9490 2950 747 1591 4821 19281 6052 6479 5482 601 8831 5374 1217 629 2819 2362 223
internal_value=0 -0.0139275 0.0253131 -0.00286337 0.00838877 0.0302434 0.00312011 -0.00257425 -0.0287731 0.0360325 -0.00352409 -0.0297254 -0.0171062 -0.00442277 0.052674 -0.0163104 -0.00690262 0.00251613 -0.0397506 -0.0269867 0.0258992 0.021047 0.010435 -0.0184916 0.00849098 -0.00406955 0.0190813 0.00839898 -0.0113789 0.0712486
internal_weight=0 149178 106739 85475 41390 14602 69904 55924 63703 65349 26788 15571 30882 15575 8072 27202 6089 6530 32821 13540 13980 6085 28722 26455 15664 10048 10290 4498 7488 5122
internal_count=255917 149178 106739 85475 41390 14602 69904 55924 63703 65349 26788 15571 30882 15575 8072 27202 6089 6530 32821 13540 13980 6085 28722 26455 15664 10048 10290 4498 7488 5122
is_linear=0
shrinkage=0.1


Tree=20
num_leaves=31
num_cat=0
split_feature=4 4 0 13 134 26 6 126 64 123 94 6 0 134 26 92 137 128 137 127 127 4 4 3 4 126 1 123 0 49
split_gain=8395.62 2305.43 1307.39 1123.99 1112.26 1015.47 769.379 763.229 622.931 557.013 551.796 525.303 514.236 488.458 576.958 456.361 449.06 417.641 400.428 435.974 399.158 385.088 399.014 350.142 342.273 326.79 409.753 326.638 324.923 324.063
threshold=211805.30000000002 894727.41500000015 694610.50000000012 717804.00000000012 630615.00000000012 75451.500000000015 84.083333333333357 0.060661764705882359 0.052309608467900469 1863195.0000000002 7059.406976744187 74.083333333333357 12412037.500000002 142199.50000000003 1.0000000180025095e-35 188340.00000000003 125907.50000000001 0.07417582417582419 48983.000000000007 0.53137254901960795 1.0000000180025095e-35 398277.70000000007 306049.48000000004 71717.35000000002 182187.90500000003 0.19375000000000003 27075595.500000004 101463.50000000001 1319722.5000000002 2.5000000000000004
decision_type=2 2 2 2 2 2 2 2 2 2 2 2 2 2 2 2 2 2 2 2 2 2 2 2 2 2 2 2 2 2
left_child=2 4 10 11 5 7 16 9 20 15 29 23 -10 14 -5 17 -6 18 19 -2 25 22 -11 -4 -15 26 -3 -9 -21 -1
right_child=1 8 3 13 6 -7 -8 27 12 21 -12 -13 -14 24 -16 -17 -18 -19 -20 28 -22 -23 -24 -25 -26 -27 -28 -29 -30 -31
leaf_value=0.028329222973984193 0.012936460359806605 0.011707334207656595 0.010635386068769221 0.012146309352087147 0.0013241298219043227 -0.027541400083696557 -0.0080468892155318578 -0.00063974200680001281 -0.023198923586067878 0.0042634277637822052 0.0028443740127719404 -0.0089478787758616157 -0.038456923396788502 0.0062915066366801518 0.0022402890925232693 -0.018529123053408179 -0.0069751631942276925 -0.014720656053204776 8.4924896660648646e-05 0.0042978593308192568 -0.008560506068405152 0.0090158372461289285 -0.0015073896880750516 -0.0016309105423273928 -0.00011120281236833642 -0.014326727104908184 -0.060192429086928373 -0.014421208278212642 -0.0047099334873796786 0.030187413214838199
leaf_weight=13306 6526 3255 3531 4614 12836 3822 16521 3530 31821 1370 5416 7668 20587 3557 2386 876 8533 1769 14435 14446 5981 5702 1775 5654 5851 982 935 3021 1452 43759
leaf_count=13306 6526 3255 3531 4614 12836 3822 16521 3530 31821 1370 5416 7668 20587 3557 2386 876 8533 1769 14435 14446 5981 5702 1775 5654 5851 982 935 3021 1452 43759
internal_value=0 -0.0115971 0.0258336 0.00981743 -0.00186617 0.00675246 -0.0152238 0.010222 -0.0263883 0.014562 0.0343596 -0.00832117 -0.0309552 0.028448 0.0484505 0.00948264 -0.00269429 0.0111012 0.0133792 0.0217418 -0.0049284 0.0372425 0.0091503 0.00781008 0.0135651 0.0154155 0.0275845 -0.0218098 0.0128082 0.0372547
internal_weight=0 160175 95742 33261 96614 58724 37890 54902 63561 48351 62481 16853 52408 16408 7000 39504 21369 38628 36859 22424 11153 8847 3145 9185 9408 5172 4190 6551 15898 57065
internal_count=255917 160175 95742 33261 96614 58724 37890 54902 63561 48351 62481 16853 52408 16408 7000 39504 21369 38628 36859 22424 11153 8847 3145 9185 9408 5172 4190 6551 15898 57065
is_linear=0
shrinkage=0.1


Tree=21
num_leaves=31
num_cat=0
split_feature=0 4 126 127 2 0 93 137 137 1 63 124 128 64 21 123 4 94 0 4 0 6 10 75 1 123 123 0 4 2
split_gain=7127.07 3312.2 1446.27 1179.29 1011.49 996.079 939.445 964.725 809.936 676.675 668.961 582.782 516.096 491.958 485.658 475.634 415.116 390.327 378.232 434.537 483.236 391.261 375.086 358.237 372.6 326.315 306.137 298.213 280.432 368.867
threshold=4687514.0000000009 179823.64500000005 0.087121212121212141 0.13392857142857145 1951020.9350000001 405759.00000000006 3.5000000000000004 83051.500000000015 48983.000000000007 132695.00000000003 1.9999989541302445 10.500000000000002 0.57738095238095244 0.24485539756773786 7.5000000000000009 58015.500000000007 413702.08000000007 145434.00000000003 12412037.500000002 610262.95500000019 8252950.0000000009 58.083333333333343 1.5000000000000002 4.5000000000000009 316746.50000000006 2000454.5000000002 3213451.0000000005 19163492.500000004 100084.64000000001 210698.96500000005
decision_type=2 2 2 2 2 2 2 2 2 2 2 2 2 2 2 2 2 2 2 2 2 2 2 2 2 2 2 2 2 2
left_child=1 6 3 8 5 -5 7 22 12 -4 -10 16 17 -2 15 -9 -7 -3 19 20 21 -15 -1 -8 -25 -12 -23 -20 -17 -30
right_child=13 2 9 4 -6 11 23 14 10 -11 25 -13 -14 18 -16 28 -18 -19 27 -21 -22 26 -24 24 -26 -27 -28 -29 29 -31
leaf_value=0.012452233806128943 -0.0013806147141907617 0.0061584690749686647 0.0023140731785912757 0.0062879276500002598 -0.014614409332477863 -0.0010225900324503585 0.016066612991774063 0.013840421766739329 -0.0071596724433706212 -0.014621561977446879 0.0017269667681586464 -0.0060728818802777522 -0.019076626928926345 0.0049169007537384121 0.012626024881878679 -0.0086857435141704641 0.0032413597834698993 -0.016763235835950085 -0.010018123126931578 -0.028242641474979836 -0.020262899761732647 -0.0079993406447007014 0.027401965140445309 0.018304828541293828 -0.014414602038494984 0.0079459203085972593 0.009466319333688529 -0.06227970739003777 0.0034785957784518986 -0.0094008481002065825
leaf_weight=5980 9622 18581 3660 15574 6536 16402 6296 3445 4115 9562 8169 10860 775 2923 7523 2075 10755 722 11565 26117 2119 3424 40071 4410 4408 2319 350 14505 1771 1283
leaf_count=5980 9622 18581 3660 15574 6536 16402 6296 3445 4115 9562 8169 10860 775 2923 7523 2075 10755 722 11565 26117 2119 3424 40071 4410 4408 2319 350 14505 1771 1283
internal_value=0 0.0128764 0.00156953 0.00589048 -0.00257983 0.00194972 0.0286859 0.0341238 0.0205756 -0.0294137 0.00265639 -0.00677622 0.0336085 -0.024457 0.0130503 -0.00321999 0.00105335 0.036821 -0.0277717 -0.034574 -0.0153776 -0.00220806 0.0414899 0.00632566 -0.00668332 0.016063 -0.02348 -0.0186568 -0.0225229 -0.00324891
internal_weight=0 185292 108030 94808 60127 53591 77262 62148 34681 13222 14603 38017 20078 70625 16097 8574 27157 19303 61003 34933 8816 6697 46051 15114 8818 10488 3774 26070 5129 3054
internal_count=255917 185292 108030 94808 60127 53591 77262 62148 34681 13222 14603 38017 20078 70625 16097 8574 27157 19303 61003 34933 8816 6697 46051 15114 8818 10488 3774 26070 5129 3054
is_linear=0
shrinkage=0.1


Tree=22
num_leaves=31
num_cat=0
split_feature=0 2 137 126 124 75 137 127 123 1 13 134 126 134 2 6 94 134 20 105 0 3 4 4 62 26 26 64 0 124
split_gain=6111.16 2151.51 1171.29 1010.74 944.226 743.693 727.9 630.888 829.121 575.842 572.87 613.837 557.705 522.947 611.238 487.89 426.576 411.698 388.602 362.278 355.007 679.09 349.278 376.84 307.387 291.89 285.187 283.61 275.169 300.458
threshold=2502937.0000000005 254801.19500000004 861725.00000000012 0.093073593073593086 12.500000000000002 2.5000000000000004 87498.000000000015 0.13392857142857145 1004425.5000000001 101663.50000000001 2613020.5000000005 1279850.0000000002 0.06458333333333334 84839.500000000015 1308088.5600000003 54.083333333333343 1867.5000000000002 91763.000000000015 22.500000000000004 17529.000000000004 12412037.500000002 670946.97500000021 1798857.8400000001 398277.70000000007 2578968.5000000005 877960.00000000012 19230.000000000004 0.15372551166261941 35498090.500000007 6.5000000000000009
decision_type=2 2 2 2 2 2 2 2 2 2 2 2 2 2 2 2 2 2 2 2 2 2 2 2 2 2 2 2 2 2
left_child=1 5 10 4 7 6 25 8 19 -5 15 12 22 14 26 28 -7 -8 -10 -3 21 -13 23 -12 -25 -1 -9 -4 29 -2
right_child=2 3 27 9 -6 16 17 13 18 -11 11 20 -14 -15 -16 -17 -18 -19 -20 -21 -22 -23 -24 24 -26 -27 -28 -29 -30 -31
leaf_value=0.027259625148007217 0.0036848308116488415 0.0023044115251266866 -0.0010090131598831798 0.0025166994681436474 -0.0067041354140833986 0.016237853409159574 0.016743391779857852 0.0063986837257024214 0.0099358701823855731 -0.01168674129796023 -0.00037129074794932382 0.00099146053669916428 -0.025066874202472979 -0.0008700330852987959 -0.010706812324471267 -0.0082118013596924454 -0.013706526206017564 -0.00060988956560308343 -0.0038280151248037742 0.026642588135507031 0.012554741631289846 -0.014084210500680773 -0.003756708387354292 -0.022647916476196791 0.0062461228201911665 -0.0050564270858430935 -0.010895812429149498 -0.029655194714395941 -0.050837639642496192 -0.0025629625323453117
leaf_weight=43018 6309 10882 4243 3771 9896 6137 8181 16718 5145 7242 2475 5071 958 18185 2728 21950 4417 6724 663 1797 3727 6913 2507 617 8210 988 834 40662 1839 3110
leaf_count=43018 6309 10882 4243 3771 9896 6137 8181 16718 5145 7242 2475 5071 958 18185 2728 21950 4417 6724 663 1797 3727 6913 2507 617 8210 988 834 40662 1839 3110
internal_value=0 0.0157273 -0.0155389 0.0043128 0.00893733 0.0285214 0.0329008 0.0138915 0.0290732 -0.0237577 -0.00681802 0.00308195 0.0177202 0.00659486 0.0176361 -0.0159041 0.00407559 0.0138011 0.0603632 0.0147399 -0.0106768 -0.0190597 0.0228389 0.0303293 0.0399983 0.03937 0.0244804 -0.0279072 0.00102078 0.00792886
internal_weight=0 147326 108591 77861 66848 69465 58911 56952 18487 11013 63686 30478 14767 38465 20280 33208 10554 14905 5808 12679 15711 11984 13809 11302 8827 44006 17552 44905 11258 9419
internal_count=255917 147326 108591 77861 66848 69465 58911 56952 18487 11013 63686 30478 14767 38465 20280 33208 10554 14905 5808 12679 15711 11984 13809 11302 8827 44006 17552 44905 11258 9419
is_linear=0
shrinkage=0.1


Tree=23
num_leaves=31
num_cat=0
split_feature=0 3 126 127 2 0 94 123 0 123 105 124 1 92 137 0 137 63 75 123 6 4 62 2 127 127 124 0 134 2
split_gain=5311.86 2375.64 1114.09 952.183 914.859 901.406 667.924 645.468 766.327 606.598 578.522 507.937 497.077 444.093 432.847 390.107 362.866 437.005 398.025 320.06 310.765 307.602 306.242 305.261 298.171 295.701 286.485 313.42 260.53 245.484
threshold=5074910.5000000009 169307.56500000003 0.087121212121212141 0.13392857142857145 1993740.7850000004 397342.00000000006 32812.041666666679 928315.50000000012 1551547.5000000002 78112.500000000015 21415.000000000004 8.5000000000000018 998853.00000000012 89582.500000000015 150005.50000000003 12412037.500000002 87498.000000000015 1.6675421960574988 1.5000000000000002 54692.000000000007 42.083333333333336 413702.08000000007 9968579.5000000019 359610.65500000009 0.87689393939393945 0.9640151515151516 8.5000000000000018 8252950.0000000009 38349.500000000007 265996.45500000007
decision_type=2 2 2 2 2 2 2 2 2 2 2 2 2 2 2 2 2 2 2 2 2 2 2 2 2 2 2 2 2 2
left_child=1 6 3 7 5 23 12 10 -9 -4 -3 21 16 28 22 -16 18 19 -1 -18 -14 25 26 -5 -25 29 27 -2 -10 -7
right_child=14 2 9 4 -6 11 -8 8 13 -11 -12 -13 20 -15 15 -17 17 -19 -20 -21 -22 -23 -24 24 -26 -27 -28 -29 -30 -31
leaf_value=0.027257319130495686 0.0024483245673338622 -0.00058339097233164254 -0.00022448059761487503 0.01356956238426872 -0.012700165257334285 0.0053005174305901992 -0.024479496651214704 0.013365362401450354 0.0042235649910292005 -0.013058576317833914 0.018834353896030158 -0.0051592419739663773 0.0063497638920047856 -0.047064532002280779 -0.028054507401838815 -0.030791105826441401 0.01652600164673821 0.02209033614754535 0.012103849354393121 -0.002762026229752679 -0.0042678455806052801 0.0030323761366627539 0.0072178536894619066 0.00061483094226756358 0.0077977236824069325 0.00064762946007857923 -0.020007386633845405 -0.012629376561371284 0.0021600787649630119 -0.0030957203381952649
leaf_weight=39131 5372 16025 7053 5586 6642 743 1736 2721 7438 8257 2485 12568 2210 766 24373 21656 3348 5213 7628 4399 3974 11290 1724 8304 3820 10148 4805 8604 11147 6751
leaf_count=39131 5372 16025 7053 5586 6642 743 1736 2721 7438 8257 2485 12568 2210 766 24373 21656 3348 5213 7628 4399 3974 11290 1724 8304 3820 10148 4805 8604 11147 6751
internal_value=0 0.0113769 0.00302867 0.00665681 -0.000768285 0.00317942 0.026403 0.0187054 0.0302547 -0.0221939 0.00493372 -0.00488082 0.0280158 0.0232675 -0.021469 -0.0268524 0.0308105 0.0160042 0.0349143 0.000940976 0.00102717 0.00241081 -0.00938437 0.022067 0.0131555 -0.00583776 -0.013087 -0.00584522 0.0263431 -0.0209033
internal_weight=0 189383 121744 106434 65852 59210 67639 40582 22072 15310 18510 41500 65903 19351 66534 46029 59719 12960 46759 7747 6184 28932 20505 17710 12124 17642 18781 13976 18585 7494
internal_count=255917 189383 121744 106434 65852 59210 67639 40582 22072 15310 18510 41500 65903 19351 66534 46029 59719 12960 46759 7747 6184 28932 20505 17710 12124 17642 18781 13976 18585 7494
is_linear=0
shrinkage=0.1


Tree=24
num_leaves=31
num_cat=0
split_feature=2 0 0 94 21 137 14 124 7 3 0 124 134 6 127 20 134 126 128 127 26 76 0 0 4 0 2 138 134 5
split_gain=4458.46 2436.28 1134.19 966.173 1286.7 682.748 673.801 665.664 638.204 481.061 465.629 523.624 386.012 311.178 300.96 482.182 370.82 291.876 270.298 260.841 255.001 240.119 236.523 233.517 327.07 240.557 228.243 279.693 226.132 251.3
threshold=1217414.4750000003 416364.00000000006 8252950.0000000009 12152.687500000002 8.5000000000000018 954098.50000000012 1.5000000000000002 5.5000000000000009 2.5000000000000004 209376.99000000002 39460550.500000007 6.5000000000000009 49178.000000000007 108.08333333333336 0.10555555555555557 14.500000000000002 75718.500000000015 0.069047619047619066 0.095454545454545472 1.0000000180025095e-35 123358.50000000001 8.5000000000000018 12412037.500000002 10919821.000000002 413702.08000000007 23920545.500000004 429864.12500000006 20.500000000000004 78556.000000000015 11.500000000000002
decision_type=2 2 2 2 2 2 2 2 2 2 2 2 2 2 2 2 2 2 2 2 2 2 2 2 2 2 2 2 2 2
left_child=1 9 3 4 6 8 7 26 -2 21 11 -10 20 -14 16 -16 -13 28 -11 -6 -9 -1 -7 -4 -25 -26 27 -3 29 -8
right_child=5 2 23 -5 19 22 17 12 10 18 -12 14 13 -15 15 -17 -18 -19 -20 -21 -22 -23 -24 24 25 -27 -28 -29 -30 -31
leaf_value=0.027812788737124696 -0.010469224708916633 0.0050094918533549792 -0.014784501204855928 -0.0140328807876167 0.0065592849435392401 -0.033601973099887404 -0.0019321656879582344 0.011225872688223268 0.014446836449047951 0.004851931131377202 -0.061608289794379489 0.0029934401176962026 -7.6330436811931281e-05 -0.0048201698077156175 0.0032360923720376345 -0.013730583654791873 -0.0051326387286467663 -0.010045509793813473 -0.0099030628760760995 0.0028474637871533657 -0.023354427706528361 0.014924103487283858 -0.036995940984454467 -0.050768509718538191 0.014333783600297779 -0.03098019703333639 0.0011585090319900513 -0.0079376805942061642 -0.0021043406412325403 0.0056389712022181463
leaf_weight=40196 9158 11576 3180 7538 19908 18390 6455 1789 6682 17920 4306 4368 15103 4033 4013 6212 6934 3080 1733 9921 204 5048 13440 2668 2668 2294 6210 919 16524 3447
leaf_count=40196 9158 11576 3180 7538 19908 18390 6455 1789 6682 17920 4306 4368 15103 4033 4013 6212 6934 3080 1733 9921 204 5048 13440 2668 2668 2294 6210 919 16524 3447
internal_value=0 0.0112847 0.00269663 0.0058235 0.00844693 -0.0178869 0.000975942 0.00945997 -0.00946384 0.0268362 -0.00289617 0.00177926 -0.00270301 -0.00706504 -0.00581137 -0.0182424 0.00543512 -0.0104778 0.0137729 0.0258139 0.0391795 0.0325107 -0.0289146 -0.0281691 -0.0186806 -0.00349881 0.0231992 0.0309866 -0.00708225 0.00486756
internal_weight=0 182414 117517 106707 99169 73503 69340 39834 41673 64897 32515 28209 21129 19136 21527 10225 11302 29506 19653 29829 1993 45244 31830 10810 7630 4962 18705 12495 26426 9902
internal_count=255917 182414 117517 106707 99169 73503 69340 39834 41673 64897 32515 28209 21129 19136 21527 10225 11302 29506 19653 29829 1993 45244 31830 10810 7630 4962 18705 12495 26426 9902
is_linear=0
shrinkage=0.1


Tree=25
num_leaves=31
num_cat=0
split_feature=0 0 2 127 126 123 0 3 0 124 124 2 94 0 64 137 2 105 92 128 134 3 76 75 0 4 138 137 4 63
split_gain=3868.6 1312.27 1155.59 1016.71 666.445 626.559 674.784 622.934 608.709 511.155 478.923 474.862 428.765 410.409 483.902 386.351 509.401 385.455 353.625 348.349 335.888 359.318 314.939 314.542 313.775 337.133 307.808 293.843 290.897 284.29
threshold=1082792.5000000002 6696688.0000000009 275685.07500000007 0.11805555555555557 0.13809523809523813 928315.50000000012 1551547.5000000002 1077203.8650000002 10919821.000000002 9.5000000000000018 8.5000000000000018 3015569.0550000002 24795.541666666668 32479554.500000004 0.24485539756773786 1444376.5000000002 709004.96000000008 49450.000000000007 89582.500000000015 0.095454545454545472 91763.000000000015 53636.120000000003 7.5000000000000009 10.500000000000002 8411159.5000000019 764827.66500000015 24.500000000000004 130317.50000000001 413702.08000000007 1.959136478461837
decision_type=2 2 2 2 2 2 2 2 2 2 2 2 2 2 2 2 2 2 2 2 2 2 2 2 2 2 2 2 2 2
left_child=2 3 9 4 5 17 -7 10 24 23 28 19 20 14 -10 16 -16 22 29 -4 -11 -22 26 27 25 -3 -2 -1 -5 -8
right_child=1 8 11 7 -6 6 18 -9 13 12 -12 -13 -14 -15 15 -17 -18 -19 -20 -21 21 -23 -24 -25 -26 -27 -28 -29 -30 -31
leaf_value=0.022996210078195037 0.0010381921983716833 0.00023365740924603993 0.0027751256486772424 -0.00092350846006294019 -0.01032895536943643 0.010207962565631159 0.00039490940195767026 -0.017356769221491607 0.011373552845147294 0.018129060606258584 -0.0058689531360878741 -0.0082529557775738779 -0.026715776872967764 -0.055989162399939521 -0.031334942028262994 -0.047111060660732701 0.0087047553286256022 0.013697497401135029 -0.054841224687195801 -0.011334880208842392 0.017567200122307593 -0.0083367456329673136 -0.023229211485590776 0.007900710292109963 -0.02898277934714466 -0.024622649509274376 -0.010749803913170099 0.0032051858290492066 0.0025020666500484567 0.0036399776262975706
leaf_weight=36132 10786 3765 36650 14739 4435 2685 7639 8104 3347 11047 10013 3669 1118 9026 2330 10986 9559 1315 1016 2791 1345 3654 2310 6245 9051 6307 1973 6566 11348 15966
leaf_count=36132 10786 3765 36650 14739 4435 2685 7639 8104 3347 11047 10013 3669 1118 9026 2330 10986 9559 1315 1016 2791 1345 3654 2310 6245 9051 6307 1973 6566 11348 15966
internal_value=0 -0.00781705 0.017041 -0.000559152 0.00949799 0.0132473 0.0225235 -0.0115084 -0.0201419 0.0253475 -0.00588386 0.00430323 0.0104988 -0.0123484 -0.00601765 -0.0112139 0.00127879 -0.00221267 0.0173323 0.0075043 0.0146708 -0.00683695 -0.00674371 0.0305549 -0.0345071 -0.0223642 -0.000592381 0.0336208 0.00125205 0.0198186
internal_weight=0 146700 109217 92329 48125 43690 27306 44204 54371 66107 36100 43110 17164 35248 26222 22875 11889 16384 24621 39441 16046 4999 15069 48943 19123 10072 12759 42698 26087 23605
internal_count=255917 146700 109217 92329 48125 43690 27306 44204 54371 66107 36100 43110 17164 35248 26222 22875 11889 16384 24621 39441 16046 4999 15069 48943 19123 10072 12759 42698 26087 23605
is_linear=0
shrinkage=0.1


Tree=26
num_leaves=31
num_cat=0
split_feature=2 0 6 134 26 22 18 2 0 90 93 124 62 4 137 5 0 148 0 20 26 134 0 13 124 1 62 15 62 13
split_gain=3400.36 2007.88 862.031 706.045 648.658 537.436 491.373 462.858 447.697 398.892 374.311 403.651 353.689 339.565 383.904 368.246 325.502 310.753 292.17 330.908 280.047 527.539 279.992 272.052 256.955 271.618 250.647 248.311 231.091 219.335
threshold=1431702.3350000002 426985.00000000006 102.08333333333336 192872.50000000003 107412.50000000001 6.5000000000000009 1.0000000180025095e-35 337009.34000000008 8062693.0000000009 1.834365743261851 175.50000000000003 5.5000000000000009 672839.00000000012 1840123.4450000005 234997.50000000003 11.500000000000002 41389413.000000007 578281.50000000012 11970711.000000002 3.5000000000000004 107412.50000000001 49178.000000000007 8252950.0000000009 11533221.500000002 9.5000000000000018 181317.50000000003 134172.50000000003 1.0000000180025095e-35 3456436.5000000005 955102.50000000012
decision_type=2 2 2 2 2 2 2 2 2 2 2 2 2 2 2 2 2 2 2 2 2 2 2 2 2 2 2 2 2 2
left_child=1 7 5 4 12 6 8 24 10 13 11 27 -4 14 15 -2 17 -11 19 29 21 -13 -7 -16 -1 -26 -27 -3 -23 -15
right_child=9 2 3 -5 -6 22 -8 -9 -10 16 -12 20 -14 18 23 -17 -18 -19 -20 -21 -22 28 -24 -25 25 26 -28 -29 -30 -31
leaf_value=0.024097986457169832 -0.0058257222645893489 0.0042581768384454934 -0.0013562823007368589 -0.0055373393132670647 -0.028166583084002744 0.0087384660472427551 -0.0029407854346490156 0.0028750373785855748 -0.0079031125748964537 0.020227035464529683 -0.0097395792057595187 0.0070085201836040823 0.0055187206854272926 0.011783321859166203 -0.019387820039272474 0.0021607344114968046 -0.049098889754665323 -0.031142129614204483 -0.04052514381049508 -0.022314199960531945 -0.024238322821367297 -0.00062181250510067853 -0.0019421225903303531 0.0430459152307082 0.021027019120604319 -0.011633252159601161 0.017669417286344059 0.0016125682474974852 0.0043062938886083745 -0.043452821610021203
leaf_weight=36245 6007 16944 4058 21587 2021 8170 17586 18294 6346 2829 2694 5025 5925 470 17895 8336 1526 1002 11627 10783 894 20118 2239 740 7448 2826 2312 11371 2336 263
leaf_count=36245 6007 16944 4058 21587 2021 8170 17586 18294 6346 2829 2694 5025 5925 470 17895 8336 1526 1002 11627 10783 894 20118 2239 740 7448 2826 2312 11371 2336 263
internal_value=0 0.00911992 0.0017412 -0.0120035 0.00743837 0.0066674 0.00399078 0.0231149 0.0079632 -0.0178612 0.0106612 0.012392 0.0178976 -0.0203499 -0.0138337 -0.00153539 0.0082105 0.0237679 -0.0296353 -0.0409252 0.00396224 0.00575422 0.0280911 -0.0232994 0.0281975 0.0158875 -0.00179971 0.020839 -0.000800415 0.0240909
internal_weight=0 194439 127314 33591 12004 93723 83314 67125 65728 61478 59382 56688 9983 56121 32978 14343 5357 3831 23143 11516 28373 27479 10409 18635 48831 12586 5138 28315 22454 733
internal_count=255917 194439 127314 33591 12004 93723 83314 67125 65728 61478 59382 56688 9983 56121 32978 14343 5357 3831 23143 11516 28373 27479 10409 18635 48831 12586 5138 28315 22454 733
is_linear=0
shrinkage=0.1


Tree=27
num_leaves=31
num_cat=0
split_feature=0 4 2 94 0 21 14 90 6 62 0 3 93 22 2 4 4 128 0 2 0 0 137 123 94 26 148 63 0 123
split_gain=2927.53 1238.93 937.407 666.732 667.866 768.861 522.889 417.688 411.147 410.749 402.503 370.003 340.578 387.859 338.902 335.865 323.595 278.054 275.614 272.472 352.719 323.38 270.746 269.649 266.555 264.697 256.21 252.349 259.888 259.462
threshold=673356.50000000012 1087477.9100000001 251834.66500000001 101603.57407407409 7711609.5000000009 8.5000000000000018 1.5000000000000002 1.834365743261851 41.083333333333343 10956419.500000002 16968884.000000004 52699.195000000007 66.500000000000014 4.5000000000000009 3015569.0550000002 100084.64000000001 80251.535000000018 0.095454545454545472 48169781.000000007 642328.57000000018 10919821.000000002 22508511.500000004 63999.500000000007 78112.500000000015 6.0000049082163551 133398.00000000003 956567.00000000012 1.2669853133674314 3999934.5000000005 2000454.5000000002
decision_type=2 2 2 2 2 2 2 2 2 2 2 2 2 2 2 2 2 2 2 2 2 2 2 2 2 2 2 2 2 2
left_child=2 3 11 4 5 6 8 9 -2 27 -11 24 13 -8 17 16 -13 23 26 -6 -21 -22 -18 -4 -1 -7 -9 -3 29 -29
right_child=1 7 14 -5 19 25 12 18 -10 10 -12 15 -14 -15 -16 -17 22 -19 -20 20 21 -23 -24 -25 -26 -27 -28 28 -30 -31
leaf_value=0.03191941463299193 0.0024171838415219761 -0.020605625914115345 0.0053005573707368562 -0.045092677369758923 -0.025144523075686709 0.0038952661642480397 -0.0038733099103218645 0.017279066948779575 -0.00035411896154334999 0.012899708072388029 -0.050363640114211176 0.012810522140417736 -0.020883242164870645 0.00022616540323246582 -0.0059460134497311135 0.016242301172153219 0.002261422524590162 -0.010500480594050905 -0.049761376486108726 -0.0087350107155197403 0.017188442344279187 -0.020516586602223486 -0.019880713727499735 -0.0005471265205278631 0.018395359196281168 -0.0049596811727012635 -0.036811209652063859 -0.011517436318952558 -0.026258756906747796 0.001945127612739283
leaf_weight=13436 14672 7410 20586 3518 4045 29957 10892 3056 21650 2766 3470 16622 1970 15296 3251 14884 3443 2650 1309 5554 4060 3194 1319 10458 3401 2792 808 2284 24905 2259
leaf_count=13436 14672 7410 20586 3518 4045 29957 10892 3056 21650 2766 3470 16622 1970 15296 3251 14884 3443 2650 1309 5554 4060 3194 1319 10458 3401 2792 808 2284 24905 2259
internal_value=0 -0.00538966 0.0170068 0.000147214 0.00146946 0.00465495 -0.00168247 -0.01888 0.00624634 -0.022103 0.00163219 0.0255168 -0.0119101 -0.00889372 0.00477434 0.0198295 0.011801 0.00774937 0.00796965 -0.0169084 -0.00976278 0.00475794 -0.0111818 0.0104035 0.0377676 0.0171328 0.0214044 -0.0261187 -0.0219681 2.75615e-05
internal_weight=0 165867 90050 117600 114082 97229 64480 48267 36322 43094 6236 53105 28158 26188 36945 36268 21384 33694 5173 16853 12808 7254 4762 31044 16837 32749 3864 36858 29448 4543
internal_count=255917 165867 90050 117600 114082 97229 64480 48267 36322 43094 6236 53105 28158 26188 36945 36268 21384 33694 5173 16853 12808 7254 4762 31044 16837 32749 3864 36858 29448 4543
is_linear=0
shrinkage=0.1


Tree=28
num_leaves=31
num_cat=0
split_feature=0 3 4 134 2 124 49 6 123 134 26 21 137 0 63 93 122 20 22 134 94 4 18 0 1 0 13 4 127 15
split_gain=2517.06 1084.58 717.587 661.637 914.4 803.52 648.119 578.379 430.663 419.806 456.459 340.177 477.688 312.942 294.9 291.803 265.367 300.072 264.019 262.897 260.662 248.198 242.62 256.949 241.91 223.794 221.622 211.159 217.974 207.492
threshold=1491986.5000000002 53636.120000000003 1071634.5300000003 91763.000000000015 652395.95500000019 5.5000000000000009 2.5000000000000004 100.08333333333336 928315.50000000012 497308.50000000006 93416.500000000015 8.5000000000000018 954098.50000000012 48169781.000000007 0.60295086744721649 158.50000000000003 1.0000000180025095e-35 17.500000000000004 6.5000000000000009 32767.500000000004 9.3333035776911881 350203.43000000005 1.0000000180025095e-35 8062693.0000000009 32935.500000000007 975076.00000000012 912994.00000000012 306049.48000000004 0.8047619047619049 1.0000000180025095e-35
decision_type=2 2 2 2 2 2 2 2 2 2 2 2 2 2 2 2 2 2 2 2 2 2 2 2 2 2 2 2 2 2
left_child=1 20 7 4 6 14 26 15 19 10 -9 -4 13 -13 29 18 -6 21 22 27 25 -18 23 -2 -19 -1 -3 -8 -29 -5
right_child=2 3 11 5 16 -7 8 9 -10 -11 -12 12 -14 -15 -16 -17 17 24 -20 -21 -22 -23 -24 -25 -26 -27 -28 28 -30 -31
leaf_value=0.025948534470986752 0.0012334960585931418 -0.0042606933685335217 -0.019077047362987522 0.014629001357258243 0.027003886532316137 -0.0038041426013429736 0.015477513483607064 0.0019607361994322067 0.010534386647554577 -0.0065738718379290823 -0.028360138093131981 0.0027562685722753002 -0.029155376807879187 -0.047423804214832145 2.2148052326098622e-05 -0.021078274900359475 -0.012436320705309286 -0.0095463230317663472 0.0055117800042314546 0.0040366930151481848 0.012648841188409489 0.0026380935910417297 -0.0027951417080999512 -0.0058710622269865682 -0.0036639869121615808 -0.0060106576742727348 0.010817572523059364 -0.0014846823668708878 0.0079647290373448965 0.0038173171800496841
leaf_weight=15493 34374 8349 17623 3213 1611 17712 24887 7555 2440 15434 1708 10782 17176 2155 9490 1941 999 2456 7707 9517 3792 6985 10802 6368 4200 571 942 3141 743 5751
leaf_count=15493 34374 8349 17623 3213 1611 17712 24887 7555 2440 15434 1708 10782 17176 2155 9490 1941 999 2456 7707 9517 3792 6985 10802 6368 4200 571 942 3141 743 5751
internal_value=0 0.0128039 -0.00705031 0.00865773 0.0145948 -0.00222134 0.0212903 -0.0015871 0.0267271 -0.0145041 0.00232515 -0.01688 -0.0104221 0.00409033 0.0123815 0.00362619 -0.00601321 -0.0102522 0.00487605 0.0241313 0.034194 0.00281971 0.00229485 0.00582754 -0.0259322 0.0397607 -0.00254248 0.028897 0.00721132 0.0253884
internal_weight=0 122292 133625 102436 66270 36166 50019 85889 40728 24697 9263 47736 30113 12937 18454 61192 16251 14640 59251 38288 19856 7984 51544 40742 6656 16064 9291 28771 3884 8964
internal_count=255917 122292 133625 102436 66270 36166 50019 85889 40728 24697 9263 47736 30113 12937 18454 61192 16251 14640 59251 38288 19856 7984 51544 40742 6656 16064 9291 28771 3884 8964
is_linear=0
shrinkage=0.1


Tree=29
num_leaves=31
num_cat=0
split_feature=4 4 137 127 21 0 13 6 0 123 4 0 2 63 64 94 0 126 0 62 4 134 0 0 0 127 49 1 20 22
split_gain=2338.11 998.235 690.119 620.968 609.575 589.148 504.862 424.767 406.419 472.694 405.381 388.712 375.752 354.539 336.803 331.622 298.416 298.076 323.183 338.316 329.503 326.655 273.186 269.322 262.128 260.938 354.099 244.138 454.78 243.476
threshold=177653.45000000004 1840123.4450000005 48983.000000000007 1.0000000180025095e-35 6.5000000000000009 416364.00000000006 717804.00000000012 56.083333333333343 6546623.5000000009 2000375.0000000002 413702.08000000007 842225.50000000012 86256.215000000011 1.8714978171234657 0.98216740396203217 29749.000000000004 12412037.500000002 0.13809523809523813 2721493.0000000005 928553.00000000012 398277.70000000007 122286.00000000001 1491986.5000000002 23920545.500000004 1357652.0000000002 0.8047619047619049 2.5000000000000004 9058064.0000000019 3.5000000000000004 6.5000000000000009
decision_type=2 2 2 2 2 2 2 2 2 2 2 2 2 2 2 2 2 2 2 2 2 2 2 2 2 2 2 2 2 2
left_child=5 2 3 17 14 -1 7 12 9 15 -11 13 -7 -9 -4 29 -10 18 19 -2 21 -20 -21 -18 -8 26 -5 28 -3 -6
right_child=1 27 4 25 8 6 24 11 16 10 -12 -13 -14 -15 -16 -17 23 -19 20 22 -22 -23 -24 -25 -26 -27 -28 -29 -30 -31
leaf_value=0.018797951991593842 0.0092651795606214036 0.010383087352235046 -0.014037579664470707 -0.027958928565198722 -0.0010313331962959942 0.012829221677347655 0.011269615952050525 -0.0036648884298848606 -0.011912332486149847 -0.0017214202510882376 0.010411990059036445 -0.0087399252406484742 0.00031279334060905221 0.010712617543159109 -0.0023739381402648821 -0.025506962847115889 0.008993099427129914 -0.0035316862543674278 -0.003671870741670415 0.01145456071252611 0.0032358905592135279 3.9405832872191712e-05 0.0039831148935994013 -0.026140231211392306 0.0016316449856254639 0.001157893249455941 -0.00088483248570227777 -0.024930871311460413 -0.01688575964953587 0.0056379034873183806
leaf_weight=44267 6397 969 5370 1213 22954 4368 3368 5194 14030 1487 6403 6775 7105 4053 5152 2841 8033 2694 783 1531 8601 3745 4562 4828 3549 20150 24979 14452 10824 5240
leaf_count=44267 6397 969 5370 1213 22954 4368 3368 5194 14030 1487 6403 6775 7105 4053 5152 2841 8033 2694 783 1531 8601 3745 4562 4828 3549 20150 24979 14452 10824 5240
internal_value=0 -0.00403938 -0.000910543 0.00592581 -0.00759618 0.0166751 0.00686061 0.000785373 -0.00402323 0.00250824 0.0243638 -0.00973252 0.0154736 0.00359992 -0.0299453 -0.0030481 -0.0134776 0.0175939 0.0209212 0.0324365 0.00996626 -0.0118678 0.0493002 -0.0024749 0.0310096 -0.00120289 -0.00778455 -0.0220402 -0.0327172 0.00023326
internal_weight=0 177238 150993 74655 76338 78679 34412 27495 65816 38925 7890 16022 11473 9247 10522 31035 26891 28313 25619 12490 13129 4528 6093 12861 6917 46342 26192 26245 11793 28194
internal_count=255917 177238 150993 74655 76338 78679 34412 27495 65816 38925 7890 16022 11473 9247 10522 31035 26891 28313 25619 12490 13129 4528 6093 12861 6917 46342 26192 26245 11793 28194
is_linear=0
shrinkage=0.1


Tree=30
num_leaves=31
num_cat=0
split_feature=4 4 124 1 3 18 49 134 124 134 133 0 6 137 123 127 13 20 0 134 21 94 20 127 6 20 22 0 0 0
split_gain=1967.2 897.427 572.831 543.378 561.407 464.8 461.79 640.252 478.284 397.329 532.11 475.731 356.161 336.139 324.412 318.526 305.484 283.711 282.111 273.577 261.864 260.534 257.517 237.948 230.853 215.057 214.457 210.36 198.334 192.721
threshold=165713.92500000002 1058291.6250000002 12.500000000000002 1043062.0000000001 52699.195000000007 1.0000000180025095e-35 2.5000000000000004 49178.000000000007 8.5000000000000018 72925.000000000015 10.000000000000002 3774205.0000000005 42.083333333333336 509104.00000000006 574758.00000000012 0.095454545454545472 3797955.5000000005 10.500000000000002 35498090.500000007 91763.000000000015 8.5000000000000018 9.3333035776911881 16.500000000000004 0.32051282051282054 122.08333333333336 2.5000000000000004 4.5000000000000009 12412037.500000002 11970711.000000002 7186454.0000000009
decision_type=2 2 2 2 2 2 2 2 2 2 2 2 2 2 2 2 2 2 2 2 2 2 2 2 2 2 2 2 2 2
left_child=3 2 5 4 21 9 -6 -8 17 11 -11 14 -5 15 -2 18 -13 -9 28 22 -7 -1 26 -16 -12 -10 -4 -15 29 -3
right_child=1 13 19 12 6 20 7 8 25 10 24 16 -14 27 23 -17 -18 -19 -20 -21 -22 -23 -24 -25 -26 -27 -28 -29 -30 -31
leaf_value=0.022224572823707156 0.0038141401778287068 0.0015537031027212382 -0.0048363760048167311 0.0057567721888635128 -0.0021892062553952596 -0.0050048564829927719 0.021215347562757805 0.0014757376593402928 -0.028457121571429995 0.0023802656170643643 -4.6459131864532426e-05 -0.0056296338249851863 -0.0071958330628208488 -0.02800940530095939 0.0070882452340555588 -0.005127038978478049 0.0013554752985547177 0.011622492004338092 -0.038459423632701828 -0.010702430259294987 0.0010140853770779338 0.011275278388521227 -0.0077330410542150625 0.0029349247284124209 -0.0038845551902780156 -0.0033606900747939596 0.01034613132634562 -0.020009134242851091 0.011591099423324104 -0.011384337661199374
leaf_weight=14773 16745 5295 1787 2547 9275 14321 18562 9302 1018 22882 31827 1543 6478 16225 3839 11842 2157 3998 2253 6645 8541 3582 3490 2631 8988 4082 2422 14313 3225 1329
leaf_count=14773 16745 5295 1787 2547 9275 14321 18562 9302 1018 22882 31827 1543 6478 16225 3839 11842 2157 3998 2253 6645 8541 3582 3490 2631 8988 4082 2422 14313 3225 1329
internal_value=0 -0.00338146 0.00119929 0.0159869 0.0191983 0.00357944 0.0133243 0.0183305 0.0051114 0.0067942 0.00248973 0.0169812 -0.00699726 -0.0141282 0.0222888 -0.00525754 -0.0163206 0.0150951 0.00615174 -0.0176298 -0.00916207 0.033995 -0.0047996 0.0413063 -0.00435377 -0.0209246 0.011854 -0.0210834 0.0134541 0.00355251
internal_weight=0 182300 127818 73617 64592 113474 46237 36962 18400 90612 63697 26915 9025 54482 23215 23944 3700 13300 12102 14344 22862 18355 7699 6470 40815 5100 4209 30538 9849 6624
internal_count=255917 182300 127818 73617 64592 113474 46237 36962 18400 90612 63697 26915 9025 54482 23215 23944 3700 13300 12102 14344 22862 18355 7699 6470 40815 5100 4209 30538 9849 6624
is_linear=0
shrinkage=0.1


Tree=31
num_leaves=31
num_cat=0
split_feature=4 137 127 1 22 0 94 3 4 4 2 1 4 128 5 6 126 0 92 140 4 134 0 0 127 2 94 123 21 140
split_gain=1697.81 856.523 616.976 562.025 504.575 576.519 467.8 418.506 767.754 529.451 417.988 395.496 328.172 324.891 315.782 296.321 295.688 454.204 321.356 277.347 255.503 255.892 247.683 315.244 246.364 242.938 238.958 230.646 251.906 220.882
threshold=133151.39000000001 48983.000000000007 1.0000000180025095e-35 1019770.5000000001 4.5000000000000009 7031456.5000000009 29749.000000000004 52699.195000000007 100084.64000000001 82886.23000000001 2422018.3600000008 124618.50000000001 413702.08000000007 0.11805555555555557 7.5000000000000009 39.083333333333343 0.53452380952380962 2721493.0000000005 127550.50000000001 0.19090909090909094 398277.70000000007 122286.00000000001 12137945.500000002 16968884.000000004 0.89444444444444449 466181.55000000005 9.3333035776911881 3794712.0000000005 8.5000000000000018 0.069047619047619066
decision_type=2 2 2 2 2 2 2 2 2 2 2 2 2 2 2 2 2 2 2 2 2 2 2 2 2 2 2 2 2 2
left_child=3 2 13 7 29 6 19 26 9 -9 11 14 24 16 25 -5 17 18 -2 27 21 -19 -7 -24 -13 -4 -1 28 -6 -3
right_child=1 4 10 15 5 22 -8 8 -10 -11 -12 12 -14 -15 -16 -17 -18 20 -20 -21 -22 -23 23 -25 -26 -27 -28 -29 -30 -31
leaf_value=0.020072222446901523 0.0067913772243040106 -0.0046151655955382368 0.0040007298594276096 0.0080182299545863735 -0.00058437061148368071 -0.016321510354480009 -0.023720627889298209 0.005902842293951327 0.01560470692496181 -0.0085424983410846266 -0.0058885155011127073 -0.0030802910095380736 0.0016870521305067257 -0.013645617383867704 0.0085766144199510459 -0.0078044174680998724 -0.0027317989115906594 -0.0030976264920561324 -0.012030218041443455 -0.0032999654782672585 0.002927305826545757 -2.9031992016141267e-05 0.007655182395184524 -0.025722744022035827 -0.00016123166670711355 -0.004229083148059312 0.010246424030611156 0.01671285246085168 0.0037370279567739925 -0.016504852901294376
leaf_weight=14747 14127 12201 4755 1442 13526 15593 3841 19990 11861 5411 7751 10959 11513 1373 6353 5505 3442 810 675 8717 11187 3974 8938 15840 11043 4166 3567 1609 17536 3465
leaf_count=14747 14127 12201 4755 1442 13526 15593 3841 19990 11861 5411 7751 10959 11513 1373 6353 5505 3442 810 675 8717 11187 3974 8938 15840 11043 4166 3567 1609 17536 3465
internal_value=0 -0.00241718 0.00456007 0.0165391 -0.00876481 -0.00574505 0.00200842 0.0198912 0.0138075 0.00399876 -0.00193243 0.00149463 -0.00458346 0.0148749 0.0148315 -0.0102775 0.016789 0.019898 0.0325176 0.0051066 0.00820209 -0.0111395 -0.0144315 -0.0082179 -0.0117415 0.00269758 0.0322691 0.00933501 0.00742271 -0.025265
internal_weight=0 193394 92128 62523 101266 85600 45229 55576 37262 25401 56540 48789 33515 35588 15274 6947 34215 30773 14802 41388 15971 4784 40371 24778 22002 8921 18314 32671 31062 15666
internal_count=255917 193394 92128 62523 101266 85600 45229 55576 37262 25401 56540 48789 33515 35588 15274 6947 34215 30773 14802 41388 15971 4784 40371 24778 22002 8921 18314 32671 31062 15666
is_linear=0
shrinkage=0.1


Tree=32
num_leaves=31
num_cat=0
split_feature=0 126 0 3 127 94 124 93 64 123 128 20 123 4 0 0 137 4 0 0 2 126 62 94 138 63 138 91 4 4
split_gain=1511.86 747.136 673.735 627.062 588.619 399.222 363.222 354.659 304.911 304.596 298.832 260.323 378.991 573.408 258.395 369.87 366.823 585.477 273.678 255.575 321.742 319.47 338.166 267.028 235.967 300.096 228.528 219.737 218.365 211.926
threshold=589752.50000000012 0.060661764705882359 7031456.5000000009 61600.325000000004 0.13392857142857145 188852.25000000003 5.5000000000000009 186.50000000000003 0.27023364633838048 26974.500000000004 0.080128205128205135 23.500000000000004 3793857.5000000005 527357.26000000013 10919821.000000002 35498090.500000007 1444376.5000000002 413702.08000000007 8608224.0000000019 214838.00000000003 481411.86000000004 0.069047619047619066 274734.50000000006 406.23410404624286 24.500000000000004 1.9999989541302445 10.500000000000002 2.5000000000000004 712186.58000000019 799494.50000000012
decision_type=2 2 2 2 2 2 2 2 2 2 2 2 2 2 2 2 2 2 2 2 2 2 2 2 2 2 2 2 2 2
left_child=3 2 4 27 5 7 -6 8 11 -3 19 12 -2 -14 18 16 17 -16 29 20 -5 22 28 -22 25 26 -10 -1 -21 -4
right_child=1 9 14 10 6 -7 -8 -9 24 -11 -12 -13 13 -15 15 -17 -18 -19 -20 21 23 -23 -24 -25 -26 -27 -28 -29 -30 -31
leaf_value=0.019272686053603751 0.0089572173154380749 0.002471418844293553 0.0022070053734648963 0.010708338853146216 0.0009228867820067516 -0.055266120844575786 -0.0019576383549637132 -0.0091304708613555371 0.0010486659703105403 -0.012654046681065446 -0.007364212531806991 4.8340516566225404e-05 -0.0023873423192623368 0.0062442693357996105 -0.032257201343672874 -0.039778177257373495 -0.02292775452274616 0.010799396502339277 -0.017133536143631136 -0.0015168197674980443 -0.0015583177989614942 -0.0073539681385801489 0.01202694705970817 0.008559025948368118 -0.0025189138047921776 0.0028465422639503599 -0.004031565967917935 -0.073927929164573594 0.013422297285757596 -0.015680433225061165
leaf_weight=20172 7516 2629 3521 22228 18938 1350 33964 2884 7067 12702 5005 2734 1002 752 1895 7629 10531 12595 7194 14291 9134 2939 6782 2921 5683 23025 2645 648 840 4701
leaf_count=20172 7516 2629 3521 22228 18938 1350 33964 2884 7067 12702 5005 2734 1002 752 1895 7629 10531 12595 7194 14291 9134 2939 6782 2921 5683 23025 2645 648 840 4701
internal_value=0 -0.00327152 -0.0011966 0.0130498 0.00320182 0.0104796 -0.00431757 0.0118397 0.0137904 -0.0243341 0.00815511 0.0277022 0.0356996 -0.00615591 -0.0110392 -0.00600109 -0.000123974 0.0101983 -0.0217096 0.0101409 0.0157382 0.00241949 0.00657173 0.00258347 0.00944374 0.012709 -0.00203301 0.0281288 -0.00174513 -0.00924633
internal_weight=0 170957 155626 84960 107560 54658 52902 53308 50424 15331 64140 12004 9270 1754 48066 32650 25021 14490 15416 59135 34283 24852 21913 12055 38420 32737 9712 20820 15131 8222
internal_count=255917 170957 155626 84960 107560 54658 52902 53308 50424 15331 64140 12004 9270 1754 48066 32650 25021 14490 15416 59135 34283 24852 21913 12055 38420 32737 9712 20820 15131 8222
is_linear=0
shrinkage=0.1


Tree=33
num_leaves=31
num_cat=0
split_feature=0 3 4 62 0 6 3 126 124 63 90 93 3 134 90 62 0 127 94 0 63 1 0 2 26 122 20 76 2 105
split_gain=1316.96 703.069 505.012 482.303 528.543 448.622 322.635 316.501 315.107 329.619 276.285 289.267 275.864 260.924 232.933 269.085 240.411 219.823 219.197 212.64 330.839 272.26 211.405 219.395 206.38 205.964 196.156 255.614 207.692 207.599
threshold=1460420.5000000002 51760.19000000001 1445428.5550000002 789995.50000000012 300031.50000000006 120.08333333333336 346801.22000000003 1.0000000180025095e-35 8.5000000000000018 1.3439878077536964 2.076694174398023 134.50000000000003 199756.63000000003 443280.00000000006 2.076694174398023 9968579.5000000019 16968884.000000004 0.18465909090909094 218949.00000000003 8062693.0000000009 1.9999989541302445 1408254.5000000002 10919821.000000002 662073.71000000008 93416.500000000015 1.0000000180025095e-35 9.5000000000000018 6.5000000000000009 323812.45500000002 15349.500000000002
decision_type=2 2 2 2 2 2 2 2 2 2 2 2 2 2 2 2 2 2 2 2 2 2 2 2 2 2 2 2 2 2
left_child=1 -1 5 4 12 10 17 8 26 -10 11 18 -3 24 15 -4 -17 -5 19 20 -2 -22 -21 -24 -7 -14 29 28 -28 -6
right_child=2 3 14 6 7 13 -8 -9 9 -11 -12 -13 25 -15 -16 16 -18 -19 -20 22 21 -23 23 -25 -26 -27 27 -29 -30 -31
leaf_value=0.015250732316060601 -0.00046686259025484773 0.01303245067713954 -0.013964071743635077 0.010778787115157807 -0.00071279969883858429 0.0014487815506945339 0.00066086811852372035 -0.0064263891696762837 -0.0082728691001359433 0.0023173243724482042 0.013705737576336779 -0.02104575843645955 0.025843323350906156 -0.0086205336940004297 0.0054870872314461312 0.010573727268314093 -0.035561018357246565 0.0029581099506883236 -0.081699824074263239 -0.0077881076064283856 -0.0035086099909413153 0.0022706782813534383 -0.024026352514431193 0.0059496353624466152 -0.026710712322388776 0.00023401877007051504 0.0099762299473956997 -0.0065023017757576684 0.0011527168324758175 0.019344099985551477
leaf_weight=17875 24480 24087 24554 2846 16128 4917 2675 5294 8026 4774 3247 2205 2793 10720 3952 2814 3530 2147 907 5720 2209 33455 1836 9107 977 21847 5898 2296 3669 932
leaf_count=17875 24480 24087 24554 2846 16128 4917 2675 5294 8026 4774 3247 2205 2793 10720 3952 2814 3530 2147 907 5720 2209 33455 1836 9107 977 21847 5898 2296 3669 932
internal_value=0 0.00952397 -0.00484273 0.00635857 0.00442589 -0.00122314 0.0304903 -0.00313794 -0.000215377 -0.0132788 0.00177383 0.000612056 0.0117243 -0.0162253 -0.0152061 -0.01813 0.000229472 0.0455043 0.00162545 0.00220258 0.00497209 0.0111168 -0.00779378 0.000349723 0.000675689 0.00428496 0.00556591 0.0154417 0.0226327 -0.0013014
internal_weight=0 121287 134630 103412 95744 99780 7668 47017 41723 12800 83166 79919 48727 16614 34850 30898 6344 4993 77714 76807 60144 35664 16663 10943 5894 24640 28923 11863 9567 17060
internal_count=255917 121287 134630 103412 95744 99780 7668 47017 41723 12800 83166 79919 48727 16614 34850 30898 6344 4993 77714 76807 60144 35664 16663 10943 5894 24640 28923 11863 9567 17060
is_linear=0
shrinkage=0.1


Tree=34
num_leaves=31
num_cat=0
split_feature=137 3 4 127 63 64 0 63 75 137 3 6 6 2 94 4 0 14 128 1 92 126 134 26 2 123 0 20 141 126
split_gain=1142.69 589.446 553.874 501.209 499.006 582.457 419.183 430.419 401.187 315.4 385.073 314.43 256.113 248.453 247.406 243.521 385.918 228.735 222.666 233.929 220.385 226.609 203.018 249.708 194.235 212.215 245.501 191.977 201.003 189.856
threshold=63999.500000000007 181365.73000000001 1322119.1250000002 1.0000000180025095e-35 1.9999989541302445 0.83311029004815984 817102.50000000012 3.0318257091494281 2.5000000000000004 386585.50000000006 65792.405000000013 60.083333333333343 74.083333333333357 2422018.3600000008 1807.044117647059 413702.08000000007 143574.00000000003 2.5000000000000004 0.16025641025641027 55833380.000000007 249175.50000000003 0.53452380952380962 132714.50000000003 517994.50000000006 522800.18500000006 460025.00000000006 1082792.5000000002 3.5000000000000004 1.0000000180025095e-35 0.22649572649572652
decision_type=2 2 2 2 2 2 2 2 2 2 2 2 2 2 2 2 2 2 2 2 2 2 2 2 2 2 2 2 2 2
left_child=1 8 4 18 9 17 -7 11 12 10 -2 -8 29 15 -10 16 -5 -6 19 20 21 -3 23 -14 25 -18 -27 -11 -29 -1
right_child=2 3 -4 13 5 6 7 -9 14 27 -12 -13 22 -15 -16 -17 24 -19 -20 -21 -22 -23 -24 -25 -26 26 -28 28 -30 -31
leaf_value=0.011829043963211229 0.0087535610546165994 0.0027962441854280564 -0.021261151754554609 0.0021528393514169018 0.011522774182412255 0.0095870732682398659 0.00019303850888132692 0.0015077978747605495 0.0053559120254358166 0.0062843777600825644 -0.007512435761066652 -0.012130133411989411 0.01467297278115205 -0.0047548341128793581 -0.017135503634299165 0.0020821458043644345 -0.0054517374840543234 0.002566818033787251 -0.011950122988753531 -0.049996190975093092 -0.021330697094584565 -0.0025585885259736445 -0.00096781566986032803 -0.0091893301574029387 -0.0046238372162999619 0.0025447977010629457 -0.00099591931973913453 0.001472655522596223 -0.0027715212627775292 0.0018747936986966307
leaf_weight=23169 2308 29973 28067 9960 6018 5627 8322 21428 5743 1497 13823 12414 9837 7943 3523 16133 5265 3791 1286 1099 467 2874 6381 797 3045 3211 8042 5159 4938 3777
leaf_count=23169 2308 29973 28067 9960 6018 5627 8322 21428 5743 1497 13823 12414 9837 7943 3523 16133 5265 3791 1286 1099 467 2874 6381 797 3045 3211 8042 5159 4938 3777
internal_value=0 0.00787495 -0.00557674 0.00290992 -0.00156831 0.00373735 -0.000818401 -0.00423974 0.0162047 -0.0125911 -0.0216334 -0.0145105 0.0201905 -0.00320425 -0.00270546 -0.000364459 -0.00576325 0.0259337 0.0120898 0.0136166 0.0151141 0.0160839 0.0105852 0.0190467 -0.0139212 -0.00964297 -0.0018899 -1.0241e-05 -0.004965 0.0262558
internal_weight=0 142525 113392 89298 85325 57600 47791 42164 53227 27725 16131 20736 43961 53599 9266 45656 29523 9809 35699 34413 33314 32847 17015 10634 19563 16518 11253 11594 10097 26946
internal_count=255917 142525 113392 89298 85325 57600 47791 42164 53227 27725 16131 20736 43961 53599 9266 45656 29523 9809 35699 34413 33314 32847 17015 10634 19563 16518 11253 11594 10097 26946
is_linear=0
shrinkage=0.1


Tree=35
num_leaves=31
num_cat=0
split_feature=0 126 3 64 6 137 26 134 136 21 123 128 17 1 0 6 49 134 4 124 91 123 6 124 4 0 22 94 91 2
split_gain=1023.55 571.583 499.263 460.751 399.078 427.49 309.852 488.857 289.987 280.386 239.784 239.715 236.962 252.942 221.383 209.637 197.737 255.351 316.925 291.126 191.626 183.386 177.69 169.253 160.102 159.939 156.85 154.798 201.306 160.748
threshold=574003.00000000012 0.060661764705882359 50731.195000000014 0.16343043062396465 78.083333333333357 1444376.5000000002 260871.50000000003 40493.000000000007 1.5000000000000002 9.5000000000000018 30862.500000000004 0.080128205128205135 2.5000000000000004 1117304.5000000002 57416489.000000007 158.08333333333337 2.5000000000000004 84839.500000000015 133151.39000000001 4.5000000000000009 2.5000000000000004 1660.5000000000002 40.166666666666671 7.5000000000000009 49403.06500000001 29641453.500000004 4.5000000000000009 87177.500000000015 1.0000000180025095e-35 2710929.8950000009
decision_type=2 2 2 2 2 2 2 2 2 2 2 2 2 2 2 2 2 2 2 2 2 2 2 2 2 2 2 2 2 2
left_child=2 3 20 8 5 9 7 -6 12 22 -3 16 13 -2 23 -9 26 18 -18 -19 -1 -13 24 -11 -5 -10 -4 28 -20 -30
right_child=1 10 11 4 6 -7 -8 15 25 14 -12 21 -14 -15 -16 -17 17 19 27 -21 -22 -23 -24 -25 -26 -27 -28 -29 29 -31
leaf_value=0.018253843669249138 0.0075010648340206425 0.0022720333057485559 -0.01194602434600836 0.011331239733666799 0.0027991328745086905 -0.011344769550701085 -0.021101379816017563 -0.002014887304176208 0.0084261849952343548 0.0083150008538163903 -0.010495719680363169 0.0074918892603603963 -0.0013587251903039112 0.00062324924433177452 -0.043633140398187692 -0.0089754792414397863 0.018747088707193171 0.005119451562934297 0.00068467102362046017 -0.003682675486251319 -0.077871193325097954 -0.012197454888374438 -0.0013050398975534101 0.0016779592353832911 0.00079614202359302121 -0.026046786505270883 0.004224007519731743 -0.010728411679133045 0.0096149580955650071 -0.005669112360466474
leaf_weight=13691 3916 2700 3981 955 6099 14702 3505 39456 7086 7678 12719 1934 10349 12425 953 9089 15289 8245 16898 7086 580 3655 14661 7519 17343 795 4765 431 6841 571
leaf_count=13691 3916 2700 3981 955 6099 14702 3505 39456 7086 7678 12719 1934 10349 12425 953 9089 15289 8245 16898 7086 580 3655 14661 7519 17343 795 4765 431 6841 571
internal_value=0 -0.00267354 0.0107959 -0.000864002 -0.00375255 0.00170809 -0.0097449 -0.00789615 0.00932627 0.00618649 -0.0210436 0.0073066 0.00434948 0.011848 0.0169809 -0.0112487 0.00903824 0.0112457 0.0154487 0.000271466 0.0278365 -0.0125557 0.000897206 0.0199128 0.00746962 0.0261808 -0.00493472 0.00845405 0.00950727 0.0232472
internal_weight=0 171950 83967 156531 121960 63811 58149 54644 34571 49109 15419 69696 26690 16341 16150 48545 64107 55361 40030 15331 14271 5589 32959 15197 18298 7881 8746 24741 24310 7412
internal_count=255917 171950 83967 156531 121960 63811 58149 54644 34571 49109 15419 69696 26690 16341 16150 48545 64107 55361 40030 15331 14271 5589 32959 15197 18298 7881 8746 24741 24310 7412
is_linear=0
shrinkage=0.1


Tree=36
num_leaves=31
num_cat=0
split_feature=0 4 26 134 124 18 63 3 137 6 63 1 74 2 90 14 138 123 0 127 20 5 134 0 124 124 4 2 5 2
split_gain=908.556 569.742 501.392 535.825 586.319 459.481 358.099 402.46 323.4 368.247 316.997 291.125 265.545 255.172 247.179 249.713 245.334 210.814 201.793 196.957 186.59 177.522 176.686 231.452 192.424 174.453 181.568 168.613 167.157 164.974
threshold=4993615.5000000009 53645.05000000001 149360.50000000003 42545.500000000007 5.5000000000000009 1.5000000000000002 1.3326905201877892 304977.97000000003 1216750.0000000002 66.083333333333357 1.5978711495235147 55833380.000000007 1.5000000000000002 673960.02500000002 4.434604705766481 1.5000000000000002 10.500000000000002 3646582.0000000005 861992.00000000012 0.18465909090909094 12.500000000000002 13.500000000000002 27062898.000000004 12412037.500000002 9.5000000000000018 16.500000000000004 100084.64000000001 2353959.7050000005 9.5000000000000018 104058.61500000001
decision_type=2 2 2 2 2 2 2 2 2 2 2 2 2 2 2 2 2 2 2 2 2 2 2 2 2 2 2 2 2 2
left_child=1 12 3 5 14 6 7 16 9 11 17 28 18 -11 15 -5 -3 25 -1 -8 -9 -15 23 24 -23 26 29 -7 -2 -6
right_child=8 2 -4 4 10 27 19 20 -10 13 -12 -13 -14 21 -16 -17 -18 -19 -20 -21 -22 22 -24 -25 -26 -27 -28 -29 -30 -31
leaf_value=0.014384196820931906 -0.0021432317929966026 0.0081897695316961849 -0.013132494556715644 0.002156734844368111 -0.0037819881428960977 -0.0010479037087767914 0.0066736048295199593 0.0012218523176262238 -0.019355024236706032 -0.017475817507098455 0.00017863871234434126 -0.039249341766374984 -0.012982097473284413 -0.0075358541702118201 0.023200873666262087 -0.00056542364192490029 -0.0075890125368537637 0.0019923719876053176 4.8522799584654637e-07 0.0034698136685726078 -0.0027160935698282767 0.0028440621946771434 -0.031913414138654519 0.013811811698033161 -0.013404735172803961 -0.013285641393456239 -0.0019150294910304508 -0.0091827904154717713 0.0065112848439395112 -0.019029588084915616
leaf_weight=19518 3330 17337 3892 23778 2550 7469 10311 10061 26562 3916 22455 1899 2263 8929 1205 16278 2374 1682 3473 9440 7081 2933 1916 3757 2127 2335 21554 1858 12183 1451
leaf_count=19518 3330 17337 3892 23778 2550 7469 10311 10061 26562 3916 22455 1899 2263 8929 1205 16278 2374 1682 3473 9440 7081 2933 1916 3757 2127 2335 21554 1858 12183 1451
internal_value=0 0.00526753 0.00310351 0.00397034 -0.000906583 0.0108709 0.0142596 0.00843673 -0.00825027 -0.00268044 -0.00796666 0.00834916 0.0192446 -0.0108256 0.00799564 0.0066532 0.0181822 -0.0147686 0.0224617 0.0251243 -0.00276921 -0.00618294 0.00248376 0.00846482 -0.00549614 -0.016842 -0.0144514 -0.00969474 0.0128732 -0.0340155
internal_weight=0 188365 163111 159219 93288 65931 56604 36853 67552 40990 52027 17412 25254 23578 41261 40056 19711 29572 22991 19751 17142 19662 10733 8817 5060 27890 25555 9327 15513 4001
internal_count=255917 188365 163111 159219 93288 65931 56604 36853 67552 40990 52027 17412 25254 23578 41261 40056 19711 29572 22991 19751 17142 19662 10733 8817 5060 27890 25555 9327 15513 4001
is_linear=0
shrinkage=0.1


Tree=37
num_leaves=31
num_cat=0
split_feature=4 4 94 4 4 22 137 0 13 75 4 10 62 94 20 1 26 4 0 0 76 134 13 4 4 140 3 92 4 94
split_gain=781.998 510.706 439.423 431.22 702.269 393.528 356.048 345.79 341.816 328.663 290.717 278.104 259.754 251.777 231.317 274.765 230.209 229.986 333.043 295.074 223.514 223.073 259.492 212.718 212.031 192.889 191.184 182.764 178.741 175.772
threshold=133151.39000000001 1871388.1900000002 201618.00000000003 100084.64000000001 76119.525000000009 5.5000000000000009 8090.0000000000009 842225.50000000012 887016.50000000012 15019.000000000002 1025359.3900000001 1.5000000000000002 3851727.0000000005 45251.424369747903 3.5000000000000004 9058064.0000000019 200789.00000000003 413702.08000000007 2721493.0000000005 3541225.0000000005 8.5000000000000018 33147761.500000004 1162014.5000000002 367918.76500000001 2176261.2400000002 0.069047619047619066 2666895.3250000007 31840.800000000003 51384.725000000013 10471.750000000002
decision_type=2 2 2 2 2 2 2 2 2 2 2 2 2 2 2 2 2 2 2 2 2 2 2 2 2 2 2 2 2 2
left_child=3 2 5 4 7 6 9 20 23 11 12 -2 16 -5 21 -16 25 18 29 26 28 22 -3 -8 -17 -10 -19 -13 -1 -7
right_child=1 14 -4 13 -6 17 8 -9 10 -11 -12 27 -14 -15 15 24 -18 19 -20 -21 -22 -23 -24 -25 -26 -27 -28 -29 -30 -31
leaf_value=0.014760749129455264 -0.011495179461441841 0.017784781201102901 -0.038741186585264958 0.011666623701910519 -0.0056434302415426137 0.0018204361211054218 -0.0069954242448441164 -0.0018301894370141389 0.00057315541585035079 -0.019865171570793237 -0.011547769939209852 0.0007515793189824309 0.0046591370781865924 -0.037860860696047466 -0.015370866459371735 0.010636327627167753 -0.024924958756899353 0.01019938856035893 -0.0029747292883793033 0.0018690736984191319 -0.0034976259287045064 -0.035761540099630819 -0.043652989140330556 -0.0010256891866515839 -0.027366671170605941 -0.0047697392359141869 -0.0015949430992684148 0.014315231148388561 0.0051136485168139963 -0.00513465568175371
leaf_weight=15401 2475 1756 2797 12762 9077 12622 9196 6387 20597 1083 10222 49728 5093 361 9127 2478 1083 9692 5502 24968 4682 1290 606 4142 8999 4548 1540 1310 13853 2540
leaf_count=15401 2475 1756 2797 12762 9077 12622 9196 6387 20597 1083 10222 49728 5093 361 9127 2478 1083 9692 5502 24968 4682 1290 606 4142 8999 4548 1540 1310 13853 2540
internal_value=0 -0.00153917 0.000406878 0.0113259 0.00704549 0.00106783 -0.00243764 0.0127024 -0.00812567 0.00328009 -0.00365388 0.00438387 0.00112511 0.0274389 -0.015109 -0.0192204 -0.00288787 0.00781669 -0.000600725 0.0126216 0.0167199 0.00808651 0.0263512 -0.0220537 -0.00892232 -0.000943553 0.0260825 0.00597137 0.0199666 0.00704688
internal_weight=0 193394 169138 62523 49400 166341 109477 40323 54881 54596 41543 53513 31321 13123 24256 20604 26228 56864 20664 36200 33936 3652 2362 13338 11477 25145 11232 51038 29254 15162
internal_count=255917 193394 169138 62523 49400 166341 109477 40323 54881 54596 41543 53513 31321 13123 24256 20604 26228 56864 20664 36200 33936 3652 2362 13338 11477 25145 11232 51038 29254 15162
is_linear=0
shrinkage=0.1


Tree=38
num_leaves=31
num_cat=0
split_feature=0 94 126 4 124 2 1 22 93 62 88 75 0 61 123 1 0 62 62 134 2 21 4 122 20 122 64 123 75 4
split_gain=695.213 440.044 388.835 326.756 321.096 324.349 290.389 272.691 292.854 259.013 220.105 203.095 200.288 282.016 288.079 189.189 208.005 293.079 221.654 182.995 182.843 181.763 173.633 172.494 171.975 270.43 195.628 204.452 171.337 167.219
threshold=1319722.5000000002 80024.64285714287 0.093073593073593086 1871388.1900000002 8.5000000000000018 323812.45500000002 81152.000000000015 6.5000000000000009 76.500000000000014 869710.50000000012 130.50000000000003 5.5000000000000009 233354.50000000003 1.5000000000000002 169183.50000000003 1072157.5000000002 8062693.0000000009 9968579.5000000019 3851727.0000000005 6796218.5000000009 1951020.9350000001 8.5000000000000018 949406.88000000012 1.0000000180025095e-35 12.500000000000002 1.0000000180025095e-35 0.12528070932519728 266672.50000000006 95793.000000000015 398277.70000000007
decision_type=2 2 2 2 2 2 2 2 2 2 2 2 2 2 2 2 2 2 2 2 2 2 2 2 2 2 2 2 2 2
left_child=2 3 4 7 5 11 -4 8 15 12 23 24 20 14 -14 -2 18 19 28 -18 -6 -5 -20 -7 26 -26 -1 -28 -17 -9
right_child=1 -3 6 21 9 10 -8 29 -10 -11 -12 -13 13 -15 -16 16 17 -19 22 -21 -22 -23 -24 -25 25 -27 27 -29 -30 -31
leaf_value=0.0089423954831468148 -0.0038079592599214972 -0.04088245806454998 0.0030068577906972264 -0.019777554386566809 0.0060711076447243053 0.011436869588179403 -0.0045169843128027411 -0.0006579573899187708 -0.01758693732147321 0.01051442483075741 0.024547746573434004 0.0014514805352841887 -0.015529866676665139 0.0025636656667646475 -0.0017908259995237132 7.6148537444163355e-05 -0.014096409815455947 0.010682826035840013 0.0045452989194370427 -0.0025445460952481904 -0.0027940212240839123 -0.0085570669339168244 -0.00072856661668263545 -0.00058849658514649515 0.0071877019707725642 0.016050336333150627 0.0046048019068010149 -0.0015072568975343483 -0.028954053359887228 0.0047176236875790655
leaf_weight=16081 2746 5083 6866 6402 9977 4142 9156 6200 2359 1776 1326 7321 3619 5887 6370 57361 8575 1673 5157 9775 2021 15144 2903 17650 5244 6412 8242 4179 645 15625
leaf_count=16081 2746 5083 6866 6402 9977 4142 9156 6200 2359 1776 1326 7321 3619 5887 6370 57361 8575 1673 5157 9775 2021 15144 2903 17650 5244 6412 8242 4179 645 15625
internal_value=0 -0.00319187 0.00727602 -0.00210087 0.00958794 0.0132557 -0.00718931 5.06838e-05 -0.00235231 0.000854953 0.00354192 0.0179854 -0.00150428 -0.00887332 -0.0191051 -0.00142886 -0.000604662 -0.00953334 0.0021014 -0.0131864 0.00824659 -0.0133868 0.0176402 0.00113499 0.020778 0.0310111 0.0165931 0.00716646 -5.77334e-05 0.0100914
internal_weight=0 139648 116269 134565 100247 70597 16022 113019 91194 29650 23118 47479 27874 15876 9989 88835 86089 20023 66066 18350 11998 21546 8060 21792 40158 11656 28502 12421 58006 21825
internal_count=255917 139648 116269 134565 100247 70597 16022 113019 91194 29650 23118 47479 27874 15876 9989 88835 86089 20023 66066 18350 11998 21546 8060 21792 40158 11656 28502 12421 58006 21825
is_linear=0
shrinkage=0.1


Tree=39
num_leaves=31
num_cat=0
split_feature=0 105 94 126 0 90 93 127 4 1 0 62 128 128 124 5 137 123 75 134 76 75 4 137 4 0 2 137 123 6
split_gain=623.803 399.73 394.655 367.882 315.876 358.097 389.639 351.523 315.321 277.553 327.005 235.648 216.543 214.132 208.505 195.065 244.757 191.83 175.043 161.179 159.095 157.879 153.041 259.832 210.228 165.982 150.43 184.93 146.745 192.115
threshold=574003.00000000012 73390.000000000015 112182.40000000001 0.060661764705882359 8062693.0000000009 4.3266263802798486 74.500000000000014 0.13392857142857145 55532.410000000011 8476603.5000000019 19163492.500000004 5408550.5000000009 0.17156862745098042 0.63333333333333341 12.500000000000002 11.500000000000002 14905.500000000002 26974.500000000004 64.500000000000014 21181850.500000004 19.500000000000004 41923.500000000007 413702.08000000007 827988.00000000012 1087477.9100000001 2379456.0000000005 709004.96000000008 1012402.0000000001 2622421.5000000005 20.083333333333339
decision_type=2 2 2 2 2 2 2 2 2 2 2 2 2 2 2 2 2 2 2 2 2 2 2 2 2 2 2 2 2 2
left_child=8 2 3 4 5 6 7 11 20 -6 26 13 15 21 22 16 -10 -5 -8 -3 -1 -2 23 28 -24 -25 -11 -28 29 -9
right_child=1 19 -4 17 9 -7 18 14 12 10 -12 -13 -14 -15 -16 -17 -18 -19 -20 -21 -22 -23 24 25 -26 -27 27 -29 -30 -31
leaf_value=0.012498399340303324 0.001311170037056356 0.013663859382387311 -0.037188791893270394 0.0024200071056230499 -0.011495892791826568 0.014554857894140539 -0.0036163407999474464 0.0039134818234927418 0.0016901052054597002 -0.0070044651246190526 -0.019823919555933146 0.012275300356272301 -0.0086798205201028388 -0.013522468476214159 -0.0054586725665178963 0.0054525626993497502 -0.0054293477231529335 -0.0080201673865370922 -0.0240644922424091 -0.013520552582077317 -0.018847338478082735 -0.020984152011783094 0.0021995550433615576 0.004982032165977604 -0.0055933119590232065 -0.0016631941432110873 0.010953184946735429 0.001181183391395102 -0.0027390519524849305 -0.001128822257020472
leaf_weight=19534 46901 3106 4989 2623 9664 2660 2766 1534 32372 2079 14765 1362 3952 991 6728 20810 5901 12469 1774 564 1398 650 15406 1708 4038 965 5446 7845 834 20083
leaf_count=19534 46901 3106 4989 2623 9664 2660 2766 1534 32372 2079 14765 1362 3952 991 6728 20810 5901 12469 1774 564 1398 650 15406 1708 4038 965 5446 7845 834 20083
internal_value=0 -0.00201993 -0.00273196 -0.00188548 -0.000370789 0.00242663 0.00151502 0.00280075 0.00849528 -0.00799007 -0.00326096 0.00877606 0.00496396 0.00762501 -0.00301241 0.00647982 0.00224292 -0.0167593 -0.0271448 0.0306288 0.0191295 0.00858384 -0.000535287 -0.00569043 0.00612578 0.0237823 0.00694893 0.0108617 -0.00919943 -0.00761144
internal_weight=0 171950 168280 163291 148199 108400 105740 101200 83967 39799 30135 49904 63035 48542 51296 59083 38273 15092 4540 3670 20932 47551 44568 25124 19444 2673 15370 13291 22451 21617
internal_count=255917 171950 168280 163291 148199 108400 105740 101200 83967 39799 30135 49904 63035 48542 51296 59083 38273 15092 4540 3670 20932 47551 44568 25124 19444 2673 15370 13291 22451 21617
is_linear=0
shrinkage=0.1


Tree=40
num_leaves=31
num_cat=0
split_feature=124 134 26 0 90 2 25 6 2 22 137 105 126 26 14 137 4 4 94 13 62 3 13 10 92 4 138 20 7 20
split_gain=579.346 661.299 528.265 331.66 336.79 351.367 295.321 263.262 261.068 271.108 358.357 247.164 210.414 198.73 192.356 184.986 207.988 198.221 186.619 177.488 172.432 162.716 148.214 144.207 130.211 181.825 127.569 123.726 208.88 122.719
threshold=5.5000000000000009 102349.50000000001 161724.00000000003 35498090.500000007 2.076694174398023 234920.22500000001 10.000000000000002 136.08333333333337 2422018.3600000008 4.5000000000000009 12200.500000000002 638607.50000000012 0.093073593073593086 517994.50000000006 2.5000000000000004 3023769.5000000005 406973.37000000005 485681.52000000008 8000.1265560165984 717804.00000000012 12081448.500000002 238947.47000000003 2151211.0000000005 1.5000000000000002 48969.000000000007 622174.45000000007 12.500000000000002 21.500000000000004 1.5000000000000002 14.500000000000002
decision_type=2 2 2 2 2 2 2 2 2 2 2 2 2 2 2 2 2 2 2 2 2 2 2 2 2 2 2 2 2 2
left_child=3 2 8 4 5 6 19 15 9 10 21 12 -7 -8 -11 16 18 22 29 -1 -10 -2 -18 -23 -16 -26 -12 28 -14 -3
right_child=1 7 -4 -5 -6 11 13 -9 20 14 26 -13 27 -15 24 -17 17 -19 -20 -21 -22 23 -24 -25 25 -27 -28 -29 -30 -31
leaf_value=0.0074714737121804216 0.0063063601522414196 -0.0016082625387553958 -0.018039140463224048 -0.023965242290832346 0.013841801400379017 0.00073303008002595621 0.0071253194176120532 -0.0072533696351412269 -0.0016074305631865406 0.0074089084447889536 -0.0028198022020446746 0.020160587401355252 0.005297635519115493 -0.0052147115706616285 0.0034258886344897157 -0.04300754560338476 -0.00029542233108945315 -0.00078331250121390402 -0.019591050554404195 0.0077509777704446673 0.03676490158195294 -0.016657521389408386 0.0046511341476064066 0.00026618390077698953 -0.012819269299093862 0.010163877449648832 -0.012547988335821898 -0.008966100691528851 -0.0047512864233600835 0.0010050275234250203
leaf_weight=26829 8966 19909 4675 5343 5133 55872 5956 13793 9073 14191 2885 795 1771 3801 12712 6221 1594 28831 1445 1603 994 700 2103 4641 843 351 2301 5964 2057 4565
leaf_count=26829 8966 19909 4675 5343 5133 55872 5956 13793 9073 14191 2885 795 1771 3801 12712 6221 1594 28831 1445 1603 994 700 2103 4641 843 351 2301 5964 2057 4565
internal_value=0 -0.00297651 0.00471267 0.00658761 0.00777172 0.00654503 0.0141891 -0.00908505 0.00733408 0.010429 0.00136737 0.00215257 0.00148155 -0.000822422 0.0167157 -0.00640988 -0.00466497 0.000660015 -0.0113477 0.0193406 -0.0072964 0.00953057 0.0224598 -0.00428691 0.00835717 -0.0232167 -0.0211531 -0.0120403 0.00199039 -0.00928593
internal_weight=0 140793 62332 115124 109781 104648 38189 78461 57657 47590 19493 66459 65664 9757 28097 64668 58447 32528 25919 28432 10067 14307 3697 5341 13906 1194 5186 9792 3828 24474
internal_count=255917 140793 62332 115124 109781 104648 38189 78461 57657 47590 19493 66459 65664 9757 28097 64668 58447 32528 25919 28432 10067 14307 3697 5341 13906 1194 5186 9792 3828 24474
is_linear=0
shrinkage=0.1


Tree=41
num_leaves=31
num_cat=0
split_feature=0 126 6 94 3 0 21 137 22 75 64 93 64 63 0 90 93 123 148 138 0 4 0 137 122 5 136 62 13 0
split_gain=505.963 431.486 443.077 345.318 281.5 281.074 284.896 257.38 248.972 216.659 186.123 186.546 184.439 203.65 183.796 182.856 177.047 172.388 161.453 154.624 147.275 165.372 180.549 213.128 146.335 155.647 133.41 128.827 128.699 126.524
threshold=307623.50000000006 1.0000000180025095e-35 78.083333333333357 9014.6897321428587 164559.56000000003 7186454.0000000009 7.5000000000000009 2975934.0000000005 5.5000000000000009 40662.000000000007 0.69441341624980102 88.500000000000014 0.0045359140048593762 1.9999989541302445 57416489.000000007 2.076694174398023 1.5000000000000002 26974.500000000004 264.00000000000006 12.500000000000002 12412037.500000002 527357.26000000013 25492087.000000004 1012402.0000000001 1.0000000180025095e-35 3.5000000000000004 1.5000000000000002 4041271.0000000005 85363.000000000015 1116148.0000000002
decision_type=2 2 2 2 2 2 2 2 2 2 2 2 2 2 2 2 2 2 2 2 2 2 2 2 2 2 2 2 2 2
left_child=4 2 7 5 -1 6 19 8 9 12 11 -8 28 -14 15 -10 -5 26 24 -4 -7 -22 23 -23 -6 -26 -3 -12 -2 -30
right_child=1 17 3 16 18 20 10 -9 14 -11 27 -13 13 -15 -16 -17 -18 -19 -20 -21 21 22 -24 -25 25 -27 -28 -29 29 -31
leaf_value=0.011291211180499007 -0.0078042600924728787 -0.0053330810079995046 -0.0008196099808873259 -0.0014356240262125102 0.018506733260609028 -0.010143087294350496 0.0046860871458987803 -0.01625807683926701 0.00318820511213518 -0.015759887741578531 -2.4829062490813108e-05 -0.012312303961765522 -0.00088305396526180404 0.0016330167220454329 -0.024610434178772067 0.018132484899163481 -0.01788414452353268 -0.0070210778842943805 0.03496028007993722 -0.0075886486501093421 -0.041524055288368666 0.0142392356708839 -0.020638369468612618 -0.007126316028807045 -0.019518482346103132 8.1905197495513178e-06 0.0096979844907141687 0.0076186466427838441 0.0060344427644990258 0.00071100198683779698
leaf_weight=28393 710 1207 13826 2941 3286 8566 9068 8372 23047 1103 25282 1024 24641 22769 1422 2702 6552 14857 824 2664 1475 2935 4705 3403 904 23315 1707 1537 6464 6216
leaf_count=28393 710 1207 13826 2941 3286 8566 9068 8372 23047 1103 25282 1024 24641 22769 1422 2702 6552 14857 824 2664 1475 2935 4705 3403 904 23315 1707 1537 6464 6216
internal_value=0 -0.00117637 0.000280276 -0.00504315 0.00952881 -0.0027539 0.00110601 0.00486795 0.00644355 0.0029409 0.00598805 0.017564 0.00373774 0.000810688 0.0144235 0.0163563 -0.0230054 -0.0160472 0.00247614 -0.00982187 -0.0125302 -0.0056165 -0.00141586 0.009601 0.00116947 -0.00151726 0.00619193 0.00163203 0.0141015 0.0164214
internal_weight=0 199195 181424 83978 56722 74485 53401 97446 89074 61903 36911 10092 60800 47410 27171 25749 9493 17771 28329 16490 21084 12518 11043 6338 27505 24219 2914 26819 13390 12680
internal_count=255917 199195 181424 83978 56722 74485 53401 97446 89074 61903 36911 10092 60800 47410 27171 25749 9493 17771 28329 16490 21084 12518 11043 6338 27505 24219 2914 26819 13390 12680
is_linear=0
shrinkage=0.1


Tree=42
num_leaves=31
num_cat=0
split_feature=4 4 4 94 18 105 0 94 0 4 123 137 124 64 13 1 22 62 4 94 94 0 2 124 134 138 3 5 0 63
split_gain=466.805 440.401 577.727 316.07 317.484 245.458 223.936 215.885 213.393 222.906 522.671 381.187 264.382 255.023 326.577 327.125 250.797 216.04 203.464 177.454 170.735 156.62 151.521 223.389 177.906 151.286 150.791 178.841 191.135 145.779
threshold=133151.39000000001 100084.64000000001 76119.525000000009 350372.50000000006 1.0000000180025095e-35 49450.000000000007 817102.50000000012 53266.250000000007 57416489.000000007 413702.08000000007 2368479.5000000005 959103.00000000012 12.500000000000002 0.086988772285694335 970259.50000000012 159938.50000000003 6.5000000000000009 928553.00000000012 163299.65000000005 3.9999952396366898 9295.0000000000018 17330.000000000004 398764.50500000006 4.5000000000000009 1249350.5000000002 24.500000000000004 47595.470000000008 11.500000000000002 214838.00000000003 1.0026594156371094
decision_type=2 2 2 2 2 2 2 2 2 2 2 2 2 2 2 2 2 2 2 2 2 2 2 2 2 2 2 2 2 2
left_child=1 2 6 4 5 8 20 -3 9 10 13 12 16 17 15 -15 21 22 -17 -6 26 -11 23 -2 -25 -16 -1 28 -28 -20
right_child=3 7 -4 -5 19 -7 -8 -9 -10 11 -12 -13 -14 14 25 18 -18 -19 29 -21 -22 -23 -24 24 -26 -27 27 -29 -30 -31
leaf_value=0.011515435302795042 0.0060504612286273254 0.0097719168628965687 -0.0057848606617508574 -0.078638089426938729 -0.0032838211033810343 0.0098099147194485488 -0.0015410863154565969 -0.040235348172651807 -0.036722767214396428 -0.0050196925379535247 -0.0025653815869192548 -0.0032825767151480724 -0.0006663335302281258 0.003622227786343113 0.00055272505226908219 0.00042563208787653326 0.010612617945327625 0.0043802571099134059 -0.0083721260223102566 0.00088469791585396031 -0.0098572066372175637 0.0025761020670634167 -0.0011800668697573321 0.00096656891824826649 -0.0050404396455476222 -0.0048466039041690362 0.010618445056582316 0.015740001732004717 -0.0018649553756695969 -0.0036490015771902941
leaf_weight=12239 5486 12817 9077 2394 37330 3878 6543 306 2846 2068 4122 22565 12111 2995 17100 3196 8722 2778 4336 11115 2087 29481 6101 4811 839 1133 7088 4139 8227 7987
leaf_count=12239 5486 12817 9077 2394 37330 3878 6543 306 2846 2068 4122 22565 12111 2995 17100 3196 8722 2778 4336 11115 2087 29481 6101 4811 839 1133 7088 4139 8227 7987
internal_value=0 0.00862892 0.00430321 -0.00131083 -0.000858233 0.00151849 0.0094341 0.0249126 0.000824583 0.0013924 -0.00310216 0.0050436 0.00972438 -0.000605341 -0.00555218 -0.0149075 0.0136204 0.00847692 -0.020747 -0.007852 0.0127139 0.00947103 0.00430608 0.0112458 -0.00271051 0.00394737 0.0145382 0.00906713 0.00408267 -0.0265782
internal_weight=0 62523 49400 193394 191000 142555 40323 13123 138677 135831 60884 74947 52382 56762 36747 18514 40271 20015 15519 48445 33780 31549 17237 11136 5650 18233 31693 19454 15315 12323
internal_count=255917 62523 49400 193394 191000 142555 40323 13123 138677 135831 60884 74947 52382 56762 36747 18514 40271 20015 15519 48445 33780 31549 17237 11136 5650 18233 31693 19454 15315 12323
is_linear=0
shrinkage=0.1


Tree=43
num_leaves=31
num_cat=0
split_feature=4 6 134 26 128 2 22 0 15 10 137 13 0 123 63 4 123 137 2 134 20 20 124 0 123 0 123 0 0 93
split_gain=433.728 374.739 383.16 264.064 246.184 226.797 258.301 216.779 215.682 237.002 195.219 191.521 207.111 169.274 165.378 157.32 425.336 208.222 162.619 156.708 154.686 148.639 144.218 144.105 142.382 169.53 233.472 144.67 144.165 141.71
threshold=1445428.5550000002 112.08333333333336 72925.000000000015 206377.50000000003 0.14835164835164838 234920.22500000001 4.5000000000000009 14195294.000000002 1.0000000180025095e-35 1.5000000000000002 1012402.0000000001 717804.00000000012 625271.50000000012 1660.5000000000002 14.123903695274965 413702.08000000007 2267078.5000000005 116542.00000000001 3625059.4000000004 21743.000000000004 9.5000000000000018 18.500000000000004 8.5000000000000018 41389413.000000007 4945445.5000000009 4993615.5000000009 2000375.0000000002 12412037.500000002 8608224.0000000019 3.5000000000000004
decision_type=2 2 2 2 2 2 2 2 2 2 2 2 2 2 2 2 2 2 2 2 2 2 2 2 2 2 2 2 2 2
left_child=1 4 3 -3 5 7 8 11 -7 -10 -2 12 22 -6 -4 16 19 18 23 29 -14 -15 -1 -17 25 26 -19 28 -27 -8
right_child=10 2 14 -5 13 6 15 -9 9 -11 -12 -13 20 21 -16 17 -18 24 -20 -21 -22 -23 -24 -25 -26 27 -28 -29 -30 -31
leaf_value=0.0086890214973907257 -0.00059481782157541976 0.0030137226236576446 -0.0050622639344695131 -0.019207739053305764 0.006337226510173855 0.00091124114045116982 0.004485087169041363 -0.060608584942911971 -0.013388438240353059 -0.0008025008667573053 -0.021767041406700563 0.0054904108035973564 -0.0016062365860484919 -0.015419947500848609 0.00054410745424244851 0.0067790562246167422 -0.0026688966744593413 0.002120877062921904 -0.0033413264952764175 -4.0467558212609272e-05 0.0023458381861517722 0.0040236529768886481 0.0012401838334423322 -0.018717007430980016 0.030119286141325887 6.8571995594468579e-05 0.012405433800917279 0.0092677676878706993 -0.012718219217487593 -0.0029598368227463988
leaf_weight=29666 21704 14729 19892 1662 1781 16114 7010 659 3131 24662 17651 2900 5287 3461 4807 10724 2637 9739 570 18828 6537 1022 8486 729 795 7195 1925 5621 3838 2155
leaf_count=29666 21704 14729 19892 1662 1781 16114 7010 659 3131 24662 17651 2900 5287 3461 4807 10724 2637 9739 570 18828 6537 1022 8486 729 795 7195 1925 5621 3838 2155
internal_value=0 0.00288213 -0.00571412 0.00613972 0.0048951 0.00561578 0.00312514 0.0109973 -0.00291629 -0.008253 -0.00853001 0.0117077 0.0102579 -0.0145724 -0.0135807 0.00682133 0.00139545 0.0108615 0.0219325 0.00501224 -0.00130577 -0.0249338 0.0138417 0.024527 0.00628936 0.00511761 0.014363 -0.00135764 -0.00801023 0.0157362
internal_weight=0 216562 41090 16391 175472 169208 115673 53535 43907 27793 39355 52876 49976 6264 24699 71766 30630 41136 12023 27993 11824 4483 38152 11453 29113 28318 11664 16654 11033 9165
internal_count=255917 216562 41090 16391 175472 169208 115673 53535 43907 27793 39355 52876 49976 6264 24699 71766 30630 41136 12023 27993 11824 4483 38152 11453 29113 28318 11664 16654 11033 9165
is_linear=0
shrinkage=0.1


Tree=44
num_leaves=31
num_cat=0
split_feature=124 134 26 140 138 2 0 105 22 137 94 4 0 75 2 22 123 4 93 137 52 126 62 4 4 137 22 66 128 94
split_gain=410.144 451.782 400.205 235.071 222.07 206.097 191.07 192.082 190.966 234.001 184.963 181.754 263.382 174.237 265.361 223.627 149.718 265.566 154.26 146.506 160.267 144.402 137.303 135.792 137.506 133.97 181.286 166.113 135.723 126.646
threshold=5.5000000000000009 53953.000000000007 107412.50000000001 0.10555555555555557 20.500000000000004 2422018.3600000008 57416489.000000007 73390.000000000015 4.5000000000000009 12200.500000000002 6853.3750000000009 712186.58000000019 1148832.5000000002 10.500000000000002 210698.96500000005 6.5000000000000009 3791779.5000000005 565587.81000000017 6208.5000000000009 386585.50000000006 1807.6000000000001 0.06458333333333334 12081448.500000002 100084.64000000001 49403.06500000001 3842039.0000000005 6.5000000000000009 55928.500000000007 0.069047619047619066 1590.5000000000002
decision_type=2 2 2 2 2 2 2 2 2 2 2 2 2 2 2 2 2 2 2 2 2 2 2 2 2 2 2 2 2 2
left_child=3 2 5 4 6 8 7 13 9 -2 25 -12 -13 14 23 -16 18 -18 19 20 -10 -5 -7 24 -1 26 27 28 -3 -15
right_child=1 10 -4 21 -6 22 -8 -9 16 -11 11 12 -14 29 15 -17 17 -19 -20 -21 -22 -23 -24 -25 -26 -27 -28 -29 -30 -31
leaf_value=0.010388561830199074 0.0025076663964401116 -0.00096889151908850215 -0.013001088739253786 -0.00025003925433577176 -0.0024371534149095764 -0.0012640698840741815 -0.027182446860995892 0.01130724684115374 0.0046902497454287765 -0.0065754855654933664 -0.015763795675460126 0.012209266814440348 -0.020800725538140743 0.0013952959254473042 0.00069191378886277214 0.0079699014853035609 -0.0033933729527039491 0.0083132784802941295 -0.064725867783453253 0.010782502647301581 -0.062210503653500927 -0.0083335543828370242 0.036295605463195234 0.010380708652935356 0.002293962408461964 -0.038009405446541411 0.0020787471629363954 -0.014972205307698811 -0.012964484928918975 -0.010530391517611405
leaf_weight=6964 12312 59159 5352 10835 9482 8308 2093 3832 17708 3819 4645 662 2468 7694 45904 5469 500 298 614 3983 324 3503 830 4895 10751 5249 11941 1167 1454 3702
leaf_count=6964 12312 59159 5352 10835 9482 8308 2093 3832 17708 3819 4645 662 2468 7694 45904 5469 500 298 614 3983 324 3503 830 4895 10751 5249 11941 1167 1454 3702
internal_value=0 -0.00256267 0.00461372 0.00548452 0.00718888 0.00746647 0.00870157 0.00940226 0.0105933 0.00222011 -0.00703405 -0.0217504 -0.0031247 0.00841922 0.0101922 0.00621905 0.0163587 -0.026212 0.0178599 0.0192388 0.0154048 -0.0064959 -0.00606922 0.0192197 0.015146 -0.00558515 -0.0044861 -0.00666623 -0.00594673 -0.00309101
internal_weight=0 140793 54048 115124 100786 48696 91304 89211 39558 16131 86745 7775 3130 85379 73983 51373 23427 798 22629 22015 18032 14338 9138 22610 17715 78970 73721 61780 60613 11396
internal_count=255917 140793 54048 115124 100786 48696 91304 89211 39558 16131 86745 7775 3130 85379 73983 51373 23427 798 22629 22015 18032 14338 9138 22610 17715 78970 73721 61780 60613 11396
is_linear=0
shrinkage=0.1


Tree=45
num_leaves=31
num_cat=0
split_feature=0 127 0 105 92 18 124 21 4 122 137 75 128 126 65 148 133 20 0 4 123 5 93 94 123 127 49 123 4 134
split_gain=344.797 303.106 251.994 281.427 238.827 227.682 233.891 209.354 190.849 176.558 175.638 224.325 225.092 171.41 163.642 161.272 149.513 145.366 147.684 197.421 177.036 151.571 140.413 166.802 131.06 123.988 147.551 120.699 120.357 113.727
threshold=307623.50000000006 0.11805555555555557 20186941.000000004 459534.00000000006 249175.50000000003 1.0000000180025095e-35 8.5000000000000018 8.5000000000000018 199501.27000000005 1.0000000180025095e-35 241716.00000000003 41923.500000000007 0.31666666666666671 0.14642857142857144 3.5000000000000004 264.00000000000006 10.000000000000002 5.5000000000000009 3238501.5000000005 420616.39500000008 2000454.5000000002 14.500000000000002 66.500000000000014 10.500009506064872 2656444.0000000005 1.7583333333333335 2.5000000000000004 2248.0000000000005 599168.45500000007 454409.00000000006
decision_type=2 2 2 2 2 2 2 2 2 2 2 2 2 2 2 2 2 2 2 2 2 2 2 2 2 2 2 2 2 2
left_child=8 2 3 4 7 6 16 10 13 -10 11 12 22 14 -1 25 27 -9 -19 21 -21 -20 -2 -24 -22 26 -11 -3 -4 -23
right_child=1 5 28 -5 -6 -7 -8 17 9 15 -12 -13 -14 -15 -16 -17 -18 18 19 20 24 29 23 -25 -26 -27 -28 -29 -30 -31
leaf_value=0.0099430251736021269 0.0014271877625203098 0.0084661863434526002 -0.055350958652876342 0.016902231234204888 -0.047048585091350438 -0.0049080513170793767 -0.0031265629739620771 0.017021658692712535 0.018542261916119941 -0.017829869384361881 -0.0024176067592945661 -0.01621189828856702 -0.01791958070288005 -0.0016408116530254981 -0.2462033585098424 0.030358664438259186 -0.00062596173293256248 0.0030422397006223427 0.0017339870602883529 -0.0024363795565601185 0.014630692593484927 -0.0034483666125847828 0.0070438421527090128 -0.011768252493291107 0.0023650838615829634 0.018928099742609991 -0.00040514608291704058 0.00082962692997767601 -0.0084401116131041839 -0.0045000436573973011
leaf_weight=28667 28198 1558 1639 1090 1643 16724 24316 1002 2177 1360 16830 975 549 5582 306 620 28152 19735 1503 8816 1596 633 827 1687 11031 235 17775 20203 8927 1561
leaf_count=28667 28198 1558 1639 1090 1643 16724 24316 1002 2177 1360 16830 975 549 5582 306 620 28152 19735 1503 8816 1596 633 827 1687 11031 235 17775 20203 8927 1561
internal_value=0 -0.00100304 0.00257273 0.00415966 0.00358943 -0.0052585 -0.00288364 0.00424358 0.0078342 0.000591988 -0.000297053 0.004026 0.00549923 0.0124801 0.0155715 -0.0023532 0.00103431 0.00909983 0.0082587 0.00317593 0.00685549 -0.0181659 0.00663374 -0.0160114 0.0144478 -0.00396015 -0.00484679 0.00725944 -0.0120975 -0.0349247
internal_weight=0 199195 108242 97676 96586 90953 74229 94943 56722 22167 49066 32236 31261 34555 28973 19990 49913 45877 44875 25140 21443 3697 30712 2514 12627 19370 19135 21761 10566 2194
internal_count=255917 199195 108242 97676 96586 90953 74229 94943 56722 22167 49066 32236 31261 34555 28973 19990 49913 45877 44875 25140 21443 3697 30712 2514 12627 19370 19135 21761 10566 2194
is_linear=0
shrinkage=0.1


Tree=46
num_leaves=31
num_cat=0
split_feature=0 94 62 4 0 21 137 10 123 127 20 0 4 4 4 0 21 94 123 2 0 0 4 4 62 137 13 123 64 6
split_gain=344.556 283.678 265.871 237.206 222.244 219.698 356.916 237.374 245.484 213.519 271.787 202.978 327.03 315.45 296.427 239.054 209.614 194.282 184.057 161.966 189.152 185.576 255.924 253.442 160.585 158.577 154.579 146.932 145.836 141.739
threshold=1436604.5000000002 201618.00000000003 722355.50000000012 51384.725000000013 1713562.0000000002 9.5000000000000018 8873.5000000000018 1.5000000000000002 223.50000000000003 0.11805555555555557 32.500000000000007 2624453.0000000005 406973.37000000005 1133463.7350000003 299157.88500000007 13703104.500000002 8.5000000000000018 7250.3333333333348 2000375.0000000002 3576176.3300000005 4993615.5000000009 5657443.5000000009 680869.93500000006 622174.45000000007 1507977.5000000002 3023769.5000000005 1515773.5000000002 1508041.0000000002 0.13328584751097858 100.08333333333336
decision_type=2 2 2 2 2 2 2 2 2 2 2 2 2 2 2 2 2 2 2 2 2 2 2 2 2 2 2 2 2 2
left_child=2 4 3 -1 24 6 7 -5 -9 10 -4 -6 14 18 15 17 -15 27 29 20 -20 23 -23 28 -2 -18 -26 -13 -22 -14
right_child=1 -3 9 5 11 -7 -8 8 -10 -11 -12 12 13 16 -16 -17 25 -19 19 -21 21 22 -24 -25 26 -27 -28 -29 -30 -31
leaf_value=0.0062394386085330641 -0.0026171484789712695 -0.06027140406909022 0.0091213554804722603 -0.0097569487681960169 0.0013487729457191556 0.0036900174438431552 -0.0023349658710179176 0.0087799838489256137 0.00039861701705393718 0.001247561268548889 -0.0048312960481233652 0.0020279210836243395 0.0021304606477677147 -0.0089639190194339188 -0.0029810967895203527 -0.050843175505853072 0.0020198171528558683 -0.020783247255746408 0.004093518056431324 -0.0023148218449281009 -0.0061326926951961267 0.0048442663226336176 0.00081658191116877892 0.0036848552873941336 -0.0037566946881028465 -0.014882722259826188 0.0036297969966729913 -0.00077191336999311486 -0.0024873056878782504 -0.0063503503266076127
leaf_weight=20218 7979 3025 2769 3403 18675 19223 20516 9072 39985 4440 638 6775 15326 15482 7657 1420 17165 817 7534 348 530 2941 6280 997 299 9794 1703 3873 891 6142
leaf_count=20218 7979 3025 2769 3403 18675 19223 20516 9072 39985 4440 638 6775 15326 15482 7657 1420 17165 817 7534 348 530 2941 6280 997 299 9794 1703 3873 891 6142
internal_value=0 -0.00253881 0.00481304 0.00357081 -0.00184818 0.00141975 -0.00108562 0.00328784 0.00505951 0.0226094 0.0414403 -0.000680414 -0.00240454 0.000378352 -0.0137071 -0.00444677 -0.00566454 0.000346848 0.00663531 0.0136626 0.0148898 0.0068985 0.0133646 -0.0177598 -0.0161977 -0.000338815 0.00912481 0.00395268 -0.044878 0.000245359
internal_weight=0 135653 120264 112417 132628 92199 72976 52460 49057 7847 3407 122647 103972 83430 20542 12885 42441 11465 40989 19521 19173 11639 9221 2418 9981 26959 2002 10648 1421 21468
internal_count=255917 135653 120264 112417 132628 92199 72976 52460 49057 7847 3407 122647 103972 83430 20542 12885 42441 11465 40989 19521 19173 11639 9221 2418 9981 26959 2002 10648 1421 21468
is_linear=0
shrinkage=0.1


Tree=47
num_leaves=31
num_cat=0
split_feature=124 134 26 15 138 2 22 75 6 105 123 0 2 1 63 64 137 94 4 137 126 124 15 3 21 62 1 75 66 13
split_gain=319.473 332.324 301.244 226.168 214.127 208.082 197.288 172.986 169.669 137.613 136.398 127.41 120.017 126.655 118.49 243.836 138.543 116.445 113.062 167.069 111.386 106.798 106.618 103.32 102.593 101.623 99.3578 98.2754 95.2808 112.728
threshold=5.5000000000000009 84839.500000000015 307600.50000000006 1.0000000180025095e-35 24.500000000000004 224355.98000000001 6.5000000000000009 4.5000000000000009 170.16666666666671 9904.5000000000018 648738.50000000012 57416489.000000007 2422018.3600000008 12266007.000000002 1.6675421960574988 0.57149030088551844 2851726.0000000005 4.9999965063549414 398277.70000000007 1216750.0000000002 0.48809523809523814 16.500000000000004 1.0000000180025095e-35 2666895.3250000007 4.5000000000000009 9968579.5000000019 15166232.500000002 4.5000000000000009 5.5000000000000009 2794117.0000000005
decision_type=2 2 2 2 2 2 2 2 2 2 2 2 2 2 2 2 2 2 2 2 2 2 2 2 2 2 2 2 2 2
left_child=4 2 3 23 5 7 9 10 14 22 20 18 28 -14 21 -16 25 -9 -8 -20 26 27 24 -2 -7 -17 -1 -3 29 -5
right_child=1 8 -4 12 -6 6 11 17 -10 -11 -12 -13 13 -15 15 16 -18 -19 19 -21 -22 -23 -24 -25 -26 -27 -28 -29 -30 -31
leaf_value=0.005741369785302531 0.0046896799090677607 -0.0011793621646660705 -0.018081759823877896 -6.1863973050124701e-05 -0.0040357200709341887 0.0033837594865472388 0.00038423667427031443 0.011108483234709572 -0.0094276756755892008 0.0082660077868589241 0.0080127978312583784 -0.02339248193929433 -0.0028568383248301164 0.033492444919164588 0.009135576177042035 -0.00038634832013449417 -0.027258181071061129 -0.0058265224686873457 0.0116859697228673 -0.00051832600471774469 -0.003469012777195646 -0.0098675324727085009 -0.00089573844685343585 -0.00050871346945665925 0.00037768023352966547 0.012580815838327909 -0.056984809110945056 -0.014629973703076364 0.0073755938629407134 0.0048761927213779623
leaf_weight=24893 15715 28874 3583 27390 7095 3512 3499 1657 6238 2839 758 1101 5224 623 1702 33489 5811 5051 5990 1985 1075 2313 33031 2514 22342 924 296 1684 2647 2062
leaf_count=24893 15715 28874 3583 27390 7095 3512 3499 1657 6238 2839 758 1101 5224 623 1702 33489 5811 5051 5990 1985 1075 2313 33031 2514 22342 924 296 1684 2647 2062
internal_value=0 -0.00236148 0.00329607 0.00508921 0.00474072 0.00584597 0.00288888 0.0123597 -0.00653356 0.000563014 0.0159278 0.0143053 0.000691337 -0.0124857 -0.00521212 -0.00168791 -0.00325662 -0.00201371 0.0174234 0.0239986 0.0147208 -0.00970716 -0.000473757 0.0142439 0.00433584 -0.000844974 0.0160661 -0.00813897 0.00309161 0.00145827
internal_weight=0 140793 59758 56175 115124 108029 74299 33730 81035 61724 27022 12575 37946 5847 74797 41926 40224 6708 11474 7975 26264 32871 58885 18229 25854 34413 25189 30558 32099 29452
internal_count=255917 140793 59758 56175 115124 108029 74299 33730 81035 61724 27022 12575 37946 5847 74797 41926 40224 6708 11474 7975 26264 32871 58885 18229 25854 34413 25189 30558 32099 29452
is_linear=0
shrinkage=0.1


Tree=48
num_leaves=31
num_cat=0
split_feature=0 127 127 0 126 105 92 128 4 94 0 127 25 134 0 123 4 123 3 20 63 6 22 138 123 20 26 124 123 65
split_gain=269.297 281.231 224.095 212.132 227.708 203.616 183.093 177.168 168.473 158.019 155.725 149.639 145.483 218.936 139.604 299.446 214.372 345.847 145.474 142.237 157.511 139.546 172.245 131.855 129.724 129.61 129.457 117.72 111.127 110.682
threshold=223727.50000000003 0.11805555555555557 0.9640151515151516 22508511.500000004 0.13809523809523813 459534.00000000006 188340.00000000003 0.57738095238095244 201323.20500000005 10783.600000000002 17330.000000000004 0.5590277777777779 34.000000000000007 36279.500000000007 1460420.5000000002 208040.50000000003 565587.81000000017 2656444.0000000005 2987569.2550000004 16.500000000000004 94.730734689215424 128.08333333333337 6.5000000000000009 10.500000000000002 1508041.0000000002 22.500000000000004 334484.00000000006 1.0000000180025095e-35 3046928.5000000005 3.5000000000000004
decision_type=2 2 2 2 2 2 2 2 2 2 2 2 2 2 2 2 2 2 2 2 2 2 2 2 2 2 2 2 2 2
left_child=8 3 -3 4 5 6 7 12 11 27 25 29 13 14 15 -2 17 19 24 20 -16 22 23 -15 -18 -10 -14 -4 -25 -1
right_child=1 2 9 -5 -6 -7 -8 -9 10 -11 -12 -13 26 21 16 -17 18 -19 -20 -21 -22 -23 -24 28 -26 -27 -28 -29 -30 -31
leaf_value=0.0043945026289931247 0.0034415655183786201 -0.0021053376575736276 0.0060469558057267567 -0.014740265542856923 -0.0034604718912375218 0.013611030817722726 -0.022818057452991557 -0.010273940873115584 -0.00060647961561612897 -0.0092352976619976806 0.0023887318665260764 0.0093360259603843428 0.0023179458068735121 0.0018137631361477393 0.0044481820024163295 0.012802345142505757 -0.0025904644322691066 -0.0022763403551481517 -0.0001345230771216926 -0.0011990625527524945 -0.0044057547465410161 -0.002067174786702531 0.0052441616397498102 -0.0011067068458542315 0.00902992203313383 -0.0051964462898116404 -0.0075546382621876074 8.3373210962394908e-05 0.0035008451643669114 -0.22816243066281264
leaf_weight=12720 6161 42879 959 9166 9723 1165 1953 1714 8039 4056 9603 14024 2703 19160 2161 5344 808 1549 1968 2718 351 10049 10273 14190 3460 1902 3289 48430 5123 277
leaf_count=12720 6161 42879 959 9166 9723 1165 1953 1714 8039 4056 9603 14024 2703 19160 2161 5344 808 1549 1968 2718 351 10049 10273 14190 3460 1902 3289 48430 5123 277
internal_value=0 -0.000799191 -0.00476945 0.00258432 0.0038713 0.00537609 0.00485549 0.00550552 0.0076089 -0.00044911 0.000536288 0.0127244 0.00611672 0.00719912 0.015137 0.0231625 0.00804273 -0.00426655 0.0214238 0.00802577 0.02518 0.00388868 0.00610065 0.00302898 0.0317953 -0.00823698 -0.00893336 0.00110913 -0.00280202 0.00499431
internal_weight=0 209352 96324 113028 103862 94139 92974 91021 46565 53445 19544 27021 89307 83315 24520 11505 13015 6779 6236 5230 2512 58795 48746 38473 4268 9941 5992 49389 19313 12997
internal_count=255917 209352 96324 113028 103862 94139 92974 91021 46565 53445 19544 27021 89307 83315 24520 11505 13015 6779 6236 5230 2512 58795 48746 38473 4268 9941 5992 49389 19313 12997
is_linear=0
shrinkage=0.1


Tree=49
num_leaves=31
num_cat=0
split_feature=124 134 26 138 3 15 105 94 140 75 20 4 63 18 6 62 123 2 123 90 13 93 75 134 63 70 2 4 127 94
split_gain=267.799 242.529 239.51 182.138 165.754 161.615 147.956 143.197 130.228 134.511 139.741 194.542 126.762 135.774 129.208 122.785 119.412 142.734 113.337 112.913 110.42 99.4536 112.572 99.3525 137.775 99.0645 98.6427 128.669 102.71 99.6591
threshold=5.5000000000000009 40493.000000000007 246699.00000000003 20.500000000000004 46429.170000000006 1.0000000180025095e-35 66671.000000000015 395425.00000000006 0.10555555555555557 10.500000000000002 12.500000000000002 1157459.3300000003 7.3324094604582415 1.0000000180025095e-35 74.083333333333357 613266.00000000012 3791554.0000000005 967675.48500000022 3724253.5000000005 0.024388975099279956 15876.500000000002 14.500000000000002 226705.50000000003 1428233.5000000002 1.3326905201877892 2.041666666666667 481411.86000000004 210450.535 0.095454545454545472 6034.0714285714294
decision_type=2 2 2 2 2 2 2 2 2 2 2 2 2 2 2 2 2 2 2 2 2 2 2 2 2 2 2 2 2 2
left_child=3 2 5 4 20 16 8 12 9 10 19 25 13 14 -3 -14 -2 -18 -17 -6 -1 22 -11 24 -16 -12 29 -28 -29 -7
right_child=1 7 -4 -5 6 26 -8 -9 -10 21 11 -13 15 -15 23 18 17 -19 -20 -21 -22 -23 -24 -25 -26 -27 27 28 -30 -31
leaf_value=-0.0059531988463184977 0.0056668047210737711 0.00021451460275078994 -0.014566162477368905 -0.0022326884990445718 0.00036859922060743298 0.0031513720588147057 0.0077465541944560902 -0.089459420717961202 -0.002142767024236103 0.002957435113145346 0.0044193165273873894 -0.0047540012836065687 0.0053892967765828362 -0.0055204454897837783 -0.0023313553801352044 -0.00079793571495207969 -0.0025461832170671178 0.0002761505619125534 0.0053938489894650894 0.0095714767518016563 0.0096628028547118393 -0.0080474851882635021 -0.016785338522312454 -0.0052332238954950934 0.0015264490735406101 -0.0042788534789789867 -0.012264659976738132 0.0015993435535875914 -0.0018550727677884701 -0.0063511757465877262
leaf_weight=1367 12290 21163 3877 11820 43013 13527 4416 1597 11400 4079 19979 4205 3062 11364 13829 18000 323 2040 2743 2630 6147 4712 998 11225 6829 358 679 5192 10999 2054
leaf_count=1367 12290 21163 3877 11820 43013 13527 4416 1597 11400 4079 19979 4205 3062 11364 13829 18000 323 2040 2743 2630 6147 4712 998 11225 6829 358 679 5192 10999 2054
internal_value=0 -0.00226012 0.00324865 0.00424238 0.00558783 0.00521507 0.00446594 -0.00538712 0.00360195 0.00502729 0.00655891 0.0126441 -0.00484987 -0.00715438 -0.00502933 0.00138555 0.013932 -0.00665556 -0.00137379 0.00328695 0.0198899 -0.00595409 0.00375638 -0.00905026 -0.00493536 0.0166925 0.00127902 -0.00401955 -0.0022311 0.00701594
internal_weight=0 140793 50981 115124 103304 47104 95790 89812 91374 79974 70185 24542 88215 64410 53046 23805 14653 2363 20743 45643 7514 9789 5077 31883 20658 20337 32451 16870 16191 15581
internal_count=255917 140793 50981 115124 103304 47104 95790 89812 91374 79974 70185 24542 88215 64410 53046 23805 14653 2363 20743 45643 7514 9789 5077 31883 20658 20337 32451 16870 16191 15581
is_linear=0
shrinkage=0.1


Tree=50
num_leaves=31
num_cat=0
split_feature=0 0 0 75 90 63 137 64 4 3 6 123 4 4 20 134 123 13 0 138 49 85 4 4 123 66 128 29 0 137
split_gain=236.246 295.935 375.305 261.145 235.424 252.401 560.734 245.95 210.527 208.763 199.505 193.561 160.124 329.217 227.031 305.274 222.373 277.333 205.348 148.761 139.025 173.714 182.203 172.665 163.744 213.454 164.259 170.775 138.671 185.48
threshold=7031456.5000000009 12412037.500000002 16968884.000000004 103567.50000000001 4.1491099228142607 1.9999989541302445 8090.0000000000009 0.96963479969322841 398277.70000000007 794654.70500000019 55.083333333333343 11578.500000000002 158728.10500000001 428533.13000000006 15.500000000000002 388235.00000000006 2267078.5000000005 970259.50000000012 1436604.5000000002 20.500000000000004 2.5000000000000004 5.5000000000000009 49403.06500000001 49403.06500000001 164.50000000000003 37397.500000000007 0.13809523809523813 73501.000000000015 65552849.500000007 1334066.0000000002
decision_type=2 2 2 2 2 2 2 2 2 2 2 2 2 2 2 2 2 2 2 2 2 2 2 2 2 2 2 2 2 2
left_child=3 9 -3 4 5 6 20 11 -4 10 -2 -8 -7 16 15 -15 17 -14 -19 -20 21 22 -1 -22 -25 26 27 -26 29 -10
right_child=1 2 8 -5 -6 12 7 -9 28 -11 -12 -13 13 14 -16 -17 -18 18 19 -21 23 -23 -24 24 25 -27 -28 -29 -30 -31
leaf_value=0.0019912904645292607 0.0039020231142065337 0.012969416727410322 -0.053424363154851801 -0.015659184654446934 0.012976681505252653 0.0053494624525796232 0.00012119798136545068 -0.00024307114751062327 0.0060801296102951157 -0.012039834253936689 -0.0032294130714945802 -0.0050376810273863593 -0.0023689968788339231 0.011066800735293427 0.0009975145495495219 0.0017954907796670751 -0.0025357253169838059 0.0059206878271806764 0.00081592301579733347 -0.0024762001051699192 0.0089167141438635921 0.011502202557008489 -0.0089168047275934356 0.0064992563580364929 0.00078592151081375715 -0.012405824022955451 -0.0092504432163711854 -0.024769661871786638 -0.030829995204665117 -0.017114168566799703
leaf_weight=3820 2450 10108 1520 1926 3248 19267 4687 15153 8851 15715 3952 17303 11119 5921 17674 6099 2599 1869 10515 2131 4713 823 4362 9972 55257 1101 3472 510 2887 6893
leaf_count=3820 2450 10108 1520 1926 3248 19267 4687 15153 8851 15715 3952 17303 11119 5921 17674 6099 2599 1869 10515 2131 4713 823 4362 9972 55257 1101 3472 510 2887 6893
internal_value=0 -0.00534402 0.00108239 0.00218677 0.00253686 0.0020996 -0.000747484 -0.0109793 -0.00680529 -0.0141362 0.00108551 -0.0177343 0.00656872 0.00394207 0.011293 0.0218959 -0.0037893 -0.000963392 0.00814029 0.00356768 0.00377521 -0.00796538 -0.0123704 0.00518439 0.00394236 0.00198055 0.0027914 0.00410529 -0.00388578 -0.000191416
internal_weight=0 52376 30259 203541 201615 198367 121173 37143 20151 22117 6402 21990 77194 57927 29694 12020 28233 25634 14515 12646 84030 9005 8182 75025 70312 60340 59239 55767 18631 15744
internal_count=255917 52376 30259 203541 201615 198367 121173 37143 20151 22117 6402 21990 77194 57927 29694 12020 28233 25634 14515 12646 84030 9005 8182 75025 70312 60340 59239 55767 18631 15744
is_linear=0
shrinkage=0.1


Tree=51
num_leaves=31
num_cat=0
split_feature=6 4 134 15 90 64 123 4 66 94 0 4 2 92 123 94 138 21 138 1 20 138 20 137 127 140 22 2 63 62
split_gain=226.685 236.778 214.293 168.136 155.62 151.681 256.032 180.836 145.381 116.934 113.627 215.717 189.344 231.611 178.815 160.312 142.662 119.82 139.225 113.303 109.757 148.416 109.06 125.208 106.868 104.851 104.327 101.993 98.937 98.8158
threshold=126.08333333333336 1445428.5550000002 214119.00000000003 1.0000000180025095e-35 1.3336682018287092 0.086988772285694335 3501967.0000000005 732694.91500000015 181915.00000000003 5829.7613636363649 166927.00000000003 413702.08000000007 398764.50500000006 7805.6276737967919 2656444.0000000005 8513.8333333333358 40.500000000000007 8.5000000000000018 12.500000000000002 755.50000000000011 11.500000000000002 20.500000000000004 22.500000000000004 221756.00000000003 0.6132478632478634 0.087121212121212141 4.5000000000000009 565722.66500000015 5.2185879039084471 9968579.5000000019
decision_type=2 2 2 2 2 2 2 2 2 2 2 2 2 2 2 2 2 2 2 2 2 2 2 2 2 2 2 2 2 2
left_child=1 3 -2 5 29 6 22 -8 20 -4 12 14 24 19 15 17 -17 18 -12 -14 -7 -22 23 -1 -5 27 -27 -13 -29 -3
right_child=2 4 9 10 -6 8 7 -9 -10 -11 11 25 13 -15 -16 16 -18 -19 -20 -21 21 -23 -24 -25 -26 26 -28 28 -30 -31
leaf_value=0.0043568038012617317 0.0002994274466747271 -0.0040232533817646582 -0.0032846903425698629 0.0029552152904566034 0.01047016517122288 0.00011222903890056274 -0.0016647085144453036 0.0063245473502731913 -0.0075262558435189976 -0.024063447330785807 -0.00053544576732326998 0.0044391180547984606 -0.0075188119769359872 0.018071203646545252 -0.0023250939623525742 -0.011589770154866065 0.009189041629004191 0.0014312862370199379 -0.0072152589012188352 -0.00068966354050899441 0.0029839204085946175 -0.0012210167061858957 -0.0014327711355721672 0.012074466741087217 0.0079595854949313649 -0.0099502053225155838 0.00012487949934584887 0.00096890356712683943 0.0064703184562889945 0.0022181763269773394
leaf_weight=15599 17925 22802 16401 9088 2549 32080 1903 396 1423 2753 27901 523 2839 964 963 4232 308 9050 4094 4829 23994 6990 2069 1553 8648 1253 5468 17471 4031 5818
leaf_count=15599 17925 22802 16401 9088 2549 32080 1903 396 1423 2753 27901 523 2839 964 963 4232 308 9050 4094 4829 23994 6990 2069 1553 8648 1253 5468 17471 4031 5818
internal_value=0 0.00183455 -0.00662087 0.00317508 -0.00623676 0.00642929 0.0136989 -0.0178398 0.00400334 -0.0139751 0.000421978 -0.00155645 0.00607138 -0.00607536 -0.00576275 -0.0048619 -0.0226928 -0.00288961 -0.00576315 -0.0118833 0.00471657 0.00896153 0.0174712 0.0200874 0.0119831 0.00525476 -0.00567824 0.008591 0.0075297 -0.00834549
internal_weight=0 218838 37079 187669 31169 86007 21520 2299 64487 19154 101662 75294 26368 8632 46548 45585 4540 41045 31995 7668 63064 30984 19221 17152 17736 28746 6721 22025 21502 28620
internal_count=255917 218838 37079 187669 31169 86007 21520 2299 64487 19154 101662 75294 26368 8632 46548 45585 4540 41045 31995 7668 63064 30984 19221 17152 17736 28746 6721 22025 21502 28620
is_linear=0
shrinkage=0.1


Tree=52
num_leaves=31
num_cat=0
split_feature=92 18 138 136 64 7 4 128 75 105 0 94 29 134 127 0 94 123 0 13 0 4 123 134 92 93 3 137 20 4
split_gain=211.116 204.473 209.125 283.702 304.717 218.091 166.733 179.864 179.883 162.952 162.625 152.607 150.752 133.85 129.914 119.697 116.598 115.296 167.737 108.819 170.769 127.781 301.624 149.717 147.094 145.456 107.112 102.91 106.664 102.495
threshold=400858.50000000006 1.5000000000000002 12.500000000000002 1.5000000000000002 0.53057355513644511 4.5000000000000009 49403.06500000001 0.07417582417582419 98490.500000000015 459534.00000000006 358894.50000000006 5.0000031768824629 262604.00000000006 1639.5000000000002 0.32051282051282054 8608224.0000000019 38055.142857142862 3046928.5000000005 5422254.5000000009 4989435.0000000009 5657443.5000000009 406973.37000000005 2656444.0000000005 1164233.0000000002 84746.000000000015 186.50000000000003 578287.68500000017 82133.000000000015 23.500000000000004 712186.58000000019
decision_type=2 2 2 2 2 2 2 2 2 2 2 2 2 2 2 2 2 2 2 2 2 2 2 2 2 2 2 2 2 2
left_child=1 2 6 16 -5 10 11 8 9 12 -6 -1 14 -9 19 -7 -4 -12 -19 21 -21 22 24 -24 25 -8 -17 28 -23 -22
right_child=-2 -3 3 4 5 15 7 13 -10 -11 17 -13 -14 -15 -16 26 -18 18 -20 20 29 27 23 -25 -26 -27 -28 -29 -30 -31
leaf_value=0.0086729883097486308 -0.061406499804437645 -0.0028830221067815257 -0.0044698734780421797 0.0050512060104470433 0.0072684792674581715 0.0020964567364630152 0.0015666656990727069 0.0025095594221769667 -0.010666546187174797 0.012470046556052036 -0.0039797926055369281 0.00080192548596560444 -0.019717700005383306 -0.011258658774963305 0.00029718487769967735 -0.026914946724288649 -0.055920592593112876 0.015431129664030714 -0.001592745086189451 -0.0032398418825191708 0.0099262335891353547 0.0069055690355399775 -0.0026081881043777456 0.0055623451692026092 -0.017412424054761583 -0.0081057941579672221 -0.00048827831117783662 0.0026177616090568481 0.001145784751577976 -0.0029390332134203502
leaf_weight=7127 2156 23794 7572 9189 2572 15465 26315 1931 2711 1041 23575 4845 1035 3688 81428 1259 678 504 5167 642 428 5944 1132 172 383 1522 7848 8655 3346 3793
leaf_count=7127 2156 23794 7572 9189 2572 15465 26315 1931 2711 1041 23575 4845 1035 3688 81428 1259 678 504 5167 642 428 5944 1132 172 383 1522 7848 8655 3346 3793
internal_value=0 0.000900678 0.00181375 -0.00257166 -0.00037298 -0.00312467 0.00388737 0.00294568 0.00365701 0.00416606 -0.00858981 0.0152271 0.00386168 -0.0145935 0.00415585 0.00395208 -0.0200489 -0.0107099 0.00209184 0.00804333 -0.00620359 0.00950287 0.00545794 -0.0415623 0.00763067 0.00847752 -0.00514306 0.0161578 0.0234672 0.00110465
internal_weight=0 253761 229967 73829 65579 56390 156138 144166 138547 135836 31818 11972 134795 5619 133760 24572 8250 29246 5671 52332 4863 47469 29524 1304 28220 27837 9107 17945 9290 4221
internal_count=255917 253761 229967 73829 65579 56390 156138 144166 138547 135836 31818 11972 134795 5619 133760 24572 8250 29246 5671 52332 4863 47469 29524 1304 28220 27837 9107 17945 9290 4221
is_linear=0
shrinkage=0.1


Tree=53
num_leaves=31
num_cat=0
split_feature=124 134 22 138 94 137 20 138 0 90 26 14 4 4 4 0 66 2 4 0 26 3 6 105 75 138 4 0 0 10
split_gain=199.556 191.843 176.751 198.02 166.192 182.322 160.59 143.862 135.488 167.762 133.899 145.461 133.892 128.633 279.667 140.339 126.433 120.822 172.486 144.333 153.635 152.26 134.688 132.832 116.562 114.942 113.685 104.909 154.852 100.747
threshold=5.5000000000000009 514222.50000000006 4.5000000000000009 17.500000000000004 3748.4090909090914 1216750.0000000002 1.5000000000000002 28.500000000000004 57416489.000000007 5.0256760605589692 489500.00000000006 2.5000000000000004 52085.525000000001 100084.64000000001 119685.82000000001 84810.000000000015 99470.000000000015 210698.96500000005 100084.64000000001 783755.50000000012 1555596.5000000002 76251.490000000005 32.583333333333343 707235.50000000012 75214.500000000015 20.500000000000004 88002.160000000018 1673869.5000000002 1382892.5000000002 1.5000000000000002
decision_type=2 2 2 2 2 2 2 2 2 2 2 2 2 2 2 2 2 2 2 2 2 2 2 2 2 2 2 2 2 2
left_child=7 2 3 12 5 25 -5 8 9 17 11 16 -2 15 -15 -14 24 18 19 21 -21 -1 -22 -19 -4 27 -17 28 -3 -16
right_child=1 4 10 6 -6 -7 -8 -9 -10 -11 -12 -13 13 14 29 26 -18 23 -20 20 22 -23 -24 -25 -26 -27 -28 -29 -30 -31
leaf_value=0.0060681936594553232 0.0045487674790800851 -0.00024176260456617194 0.0021184005752517736 0.0034290338074062332 -0.022740559447981205 -0.022634246893873479 -0.011640497171633684 -0.0050621250952964433 -0.022358177291036885 0.010386709583993438 -0.018030532508430053 -0.00019271902474576153 0.0054062072379942984 0.0094940013549527271 -0.0078861073706227233 -0.004747020877093955 -0.01000853309551978 0.00023615773203928983 0.0066740727079457 -0.0024683721628224521 0.010862828204930609 -0.0035101127478402772 -0.00010647630680459008 0.0093112019708319928 -0.026595841116758525 -0.0068165760517353569 -0.014475915411397301 0.00039233666005968895 -0.0054245148775824321 -0.0004800201628391064
leaf_weight=16232 4448 2274 31307 285 3649 8520 2117 4338 2719 4545 2551 23935 1470 1921 2251 4473 715 69636 6239 3741 449 4738 1304 1183 314 5391 702 26597 1202 16671
leaf_count=16232 4448 2274 31307 285 3649 8520 2117 4338 2719 4545 2551 23935 1470 1921 2251 4473 715 69636 6239 3741 449 4738 1304 1183 314 5391 702 26597 1202 16671
internal_value=0 -0.00190689 0.000732606 -0.00496836 -0.00706919 -0.00536785 -0.0326583 0.00370629 0.00440579 0.0049605 0.00406061 0.00507646 -0.00288572 -0.00549036 -0.00162784 -0.0176057 0.00945072 0.00413494 0.00916229 0.00563603 -0.00879208 0.0094161 0.0156368 0.0018134 0.010391 -0.00221214 -0.0253512 0.000198281 -0.0161396 -0.00531863
internal_weight=0 140793 93160 34338 47633 43984 2402 115124 110786 108067 58822 56271 31936 27488 20843 6645 32336 103522 32703 26464 5494 20970 1753 70819 31621 35464 5175 30073 3476 18922
internal_count=255917 140793 93160 34338 47633 43984 2402 115124 110786 108067 58822 56271 31936 27488 20843 6645 32336 103522 32703 26464 5494 20970 1753 70819 31621 35464 5175 30073 3476 18922
is_linear=0
shrinkage=0.1


Tree=54
num_leaves=31
num_cat=0
split_feature=0 94 62 4 123 4 0 0 137 94 20 21 127 123 64 0 137 20 3 137 2 64 134 4 1 138 26 4 4 4
split_gain=188.007 209.632 206.819 183.223 293.828 255.933 215.739 249.436 223.562 175.671 175.577 171.221 171.051 170.399 165.137 156.034 154.819 210.644 217.817 199.221 148.424 231.628 140.349 136.585 171.208 132.349 130.173 137.461 223.792 195.807
threshold=1319722.5000000002 218949.00000000003 722355.50000000012 406973.37000000005 2368479.5000000005 1038701.65 14649801.000000002 1713562.0000000002 789565.00000000012 7752.5000000000009 35.500000000000007 8.5000000000000018 0.13392857142857145 2000375.0000000002 4.5496222792901486 3308950.5000000005 8873.5000000000018 24.500000000000004 28584.385000000006 386585.50000000006 576121.97500000009 0.040329386551461753 1920468.5000000002 599168.45500000007 4130301.5000000005 20.500000000000004 16068.500000000002 124762.79000000002 100084.64000000001 367918.76500000001
decision_type=2 2 2 2 2 2 2 2 2 2 2 2 2 2 2 2 2 2 2 2 2 2 2 2 2 2 2 2 2 2
left_child=2 3 14 4 6 13 7 8 -2 25 12 -7 -4 -5 16 -15 -1 18 -18 26 -17 23 -11 24 -22 -9 27 28 -20 -29
right_child=1 -3 10 5 -6 11 -8 9 -10 22 -12 -13 -14 15 -16 20 17 -19 19 -21 21 -23 -24 -25 -26 -27 -28 29 -30 -31
leaf_value=0.0011729747797635916 -0.0021127471526674879 -0.04367885841702393 0.0098159341507019337 0.00050145214447601166 -0.002057855488869434 -0.0057245932237392945 -0.037558457702339343 0.00088084841924870871 0.0040777903218727225 -0.0021762922731043042 -0.0041760961681994967 0.00038831194792270378 0.0019163009520304836 0.0082602982794674588 0.0042692664253781041 0.0041926137154648492 0.019315077305542074 0.0032770422276466775 -0.0034898890830591389 0.0013158728064279444 -0.00088168579703098581 0.0025928604357586152 -0.027546447301005042 0.0004475234337826422 -0.0059725214629055114 -0.0028330162409939828 -0.030633710575460563 -0.0054907885487207216 0.0050532912585036531 0.0017142252602906441
leaf_weight=66662 9169 2965 2144 27105 4426 18626 1798 20823 1127 1196 1067 29912 2984 2862 12768 453 1143 7955 6299 3220 862 12320 668 1393 573 3370 1505 6668 2037 1817
leaf_count=66662 9169 2965 2144 27105 4426 18626 1798 20823 1127 1196 1067 29912 2984 2862 12768 453 1143 7955 6299 3220 862 12320 668 1393 573 3370 1505 6668 2037 1817
internal_value=0 -0.00184481 0.00359881 -0.00127416 -0.00671735 0.00118854 -0.00388784 -0.00221546 -0.0153931 0.00299147 0.0213769 -0.00386439 0.0290562 0.0065708 0.00259825 0.0139801 0.0011952 -0.00468793 -0.00959717 -0.0118539 0.0100426 0.0083559 -0.0265893 -0.0174538 -0.0391065 0.00527058 -0.0158846 -0.0133636 -0.00424326 -0.0223238
internal_weight=0 139648 116269 136683 42577 94106 38151 36353 10296 26057 6195 48538 5128 45568 110074 18463 97306 30644 22689 21546 15601 15148 1864 2828 1435 24193 18326 16821 8336 8485
internal_count=255917 139648 116269 136683 42577 94106 38151 36353 10296 26057 6195 48538 5128 45568 110074 18463 97306 30644 22689 21546 15601 15148 1864 2828 1435 24193 18326 16821 8336 8485
is_linear=0
shrinkage=0.1


Tree=55
num_leaves=31
num_cat=0
split_feature=126 6 134 26 123 94 4 4 123 20 137 4 4 4 127 63 20 94 0 7 123 123 134 128 133 20 20 20 53 92
split_gain=173.785 201.641 192.911 196.486 166.496 165.874 146.922 169.748 188.15 174.117 147.157 145.484 211.855 180.047 140.885 131.596 130.184 122.758 122.332 115.973 114.349 126.848 160.762 114.19 109.984 109.705 104.083 105.771 100.549 95.7231
threshold=0.093073593073593086 78.083333333333357 1504971.5000000002 307600.50000000006 78112.500000000015 7752.5000000000009 163299.65000000005 402061.9150000001 2368479.5000000005 23.500000000000004 1161785.0000000002 100084.64000000001 76119.525000000009 122497.06500000002 0.13392857142857145 98.332401384455366 46.500000000000007 5.9999952646582511 78371462.500000015 2.5000000000000004 574758.00000000012 208040.50000000003 407689.50000000006 0.57738095238095244 42.000000000000007 25.500000000000004 22.500000000000004 5.5000000000000009 0.068881472774629152 103954.58333333336
decision_type=2 2 2 2 2 2 2 2 2 2 2 2 2 2 2 2 2 2 2 2 2 2 2 2 2 2 2 2 2 2
left_child=1 6 3 14 16 24 11 8 15 10 18 12 -1 -13 23 20 -2 28 19 26 21 -8 -23 29 -4 -15 27 -9 -11 -3
right_child=4 2 5 -5 -6 -7 7 9 -10 17 -12 13 -14 25 -16 -17 -18 -19 -20 -21 -22 22 -24 -25 -26 -27 -28 -29 -30 -31
leaf_value=0.0035464908907709702 -0.00090440946048598876 0.0017929928873565062 -0.00076695278761408116 -0.0095078446581495571 -0.0046164575403266021 -0.028089102219752207 0.00053230767656650896 0.0015183376220256621 -0.0017701440798768679 0.015231117625493042 -0.0013921947438619133 0.010122593125486712 -0.0029601464879164263 0.0006732129824873035 -0.00045486813393063875 -0.0015174553603081987 0.0089057933113892013 0.0042544214028278123 -0.027222584639743409 0.0056533568111807866 0.00099014973770003697 -0.0030362523995902699 0.0010942361149023959 -0.010366305214707799 -0.005125632472055836 0.0084609230214652172 0.020034597704257348 -0.0031431262669603822 -0.0031287764804589281 -0.0091510275943829066
leaf_weight=22524 10116 30440 16436 4306 15976 1932 11449 7221 2858 1056 7085 4408 4342 5391 39555 3672 1953 4003 969 16000 9991 3938 1553 1161 8520 1017 327 2374 13815 1529
leaf_count=22524 10116 30440 16436 4306 15976 1932 11449 7221 2858 1056 7085 4408 4342 5391 39555 3672 1953 4003 969 16000 9991 3938 1553 1161 8520 1017 327 2374 13815 1529
internal_value=0 0.00150649 -0.00174348 0.0008032 -0.00683574 -0.00903562 0.00422925 0.00195479 -0.00361864 0.00548351 0.00976154 0.00943894 0.00549642 0.0192318 0.00203279 -0.00132707 0.00202913 -0.00221758 0.0131396 0.0144437 0.00109432 -0.00390992 -0.0164051 0.00684341 -0.00685024 0.00853091 0.00594983 0.00405904 -0.00640182 0.00796221
internal_weight=0 227872 103879 76991 28045 26888 123993 86311 33461 52850 33976 37682 26866 10816 72685 30603 12069 18874 26891 25922 26931 16940 5491 33130 24956 6408 9922 9595 14871 31969
internal_count=255917 227872 103879 76991 28045 26888 123993 86311 33461 52850 33976 37682 26866 10816 72685 30603 12069 18874 26891 25922 26931 16940 5491 33130 24956 6408 9922 9595 14871 31969
is_linear=0
shrinkage=0.1


Tree=56
num_leaves=31
num_cat=0
split_feature=124 134 4 94 2 66 137 4 2 134 20 137 94 20 138 62 21 63 64 137 138 126 4 62 124 124 0 84 93 1
split_gain=172.95 165.55 180.271 197.342 123.027 122.279 111.209 132.932 176.729 154.512 140.01 131.392 129.179 135.401 201.29 129.292 129.008 118.153 159.972 111.875 109.975 107.633 103.061 109.024 106.716 102.626 100.617 119.112 122.262 170.549
threshold=5.5000000000000009 23136.500000000004 130260.51000000001 8236.5000000000018 131694.18000000002 59224.000000000007 3842039.0000000005 406973.37000000005 720957.33500000008 536358.50000000012 3.5000000000000004 125907.50000000001 49193.250000000007 19.500000000000004 12.500000000000002 773036.50000000012 9.5000000000000018 1.5978711495235147 0.89204651177911087 386585.50000000006 24.500000000000004 0.16025641025641027 446279.27500000008 9968579.5000000019 16.500000000000004 10.500000000000002 78371462.500000015 43.500000000000007 64.500000000000014 325822.00000000006
decision_type=2 2 2 2 2 2 2 2 2 2 2 2 2 2 2 2 2 2 2 2 2 2 2 2 2 2 2 2 2 2
left_child=20 2 3 -2 -5 6 7 8 12 10 -9 22 13 14 15 19 -16 18 -12 -3 21 26 -11 24 -24 -13 27 28 -1 -30
right_child=1 5 -4 4 -6 -7 -8 9 -10 11 17 25 -14 -15 16 -17 -18 -19 -20 -21 -22 -23 23 -25 -26 -27 -28 -29 29 -31
leaf_value=0.0012560526908183519 0.011560171466599224 -0.0024296914782467706 -9.052966812742036e-05 -0.055398012973366807 0.0029537827883994398 -0.010709190433132976 -0.027603397662560127 0.0063998780143470881 -0.0074410708427313345 0.0033180021927423173 -0.0051057030060999578 -0.00090017065478432696 -0.018944877712863295 0.0015342839097912822 -0.0082660412588948864 0.00049557188840791959 -0.0012470982946602132 0.0033757457269560235 0.0060502687531706918 0.0011165853593715538 -0.0027198983028736134 -0.0014102162019568848 0.00077234153708156679 0.0088406572306110719 -0.006642808044170479 -0.01019812104950193 -0.026175672635279937 0.0098498356601938852 0.011015530037141752 -0.006373138465766261
leaf_weight=83739 9469 16395 34241 827 870 2723 5647 2984 677 1333 3593 10840 1118 6989 2756 8197 2627 8557 1106 1956 7095 12232 7044 875 1738 8231 1398 3768 2484 4408
leaf_count=83739 9469 16395 34241 827 870 2723 5647 2984 677 1333 3593 10840 1118 6989 2756 8197 2627 8557 1106 1956 7095 12232 7044 875 1738 8231 1398 3768 2484 4408
internal_value=0 -0.00181771 0.00315227 0.0141861 -0.017217 -0.00418359 -0.00356982 -0.0026873 -0.00685535 0.000977901 0.00883738 -0.00326807 -0.00599864 -0.00503593 -0.0077954 -0.00422019 -0.0254277 0.00443204 -0.0083081 -0.00888429 0.0034079 0.00419998 0.00544098 0.00184313 -0.00151074 -0.00828681 0.0053279 0.00572229 0.004998 -0.00780462
internal_weight=0 140793 45407 11166 1697 95386 92663 87016 40715 46301 16240 30061 40038 38920 31931 26548 5383 13256 4699 18351 115124 108029 10990 9657 8782 19071 95797 94399 90631 6892
internal_count=255917 140793 45407 11166 1697 95386 92663 87016 40715 46301 16240 30061 40038 38920 31931 26548 5383 13256 4699 18351 115124 108029 10990 9657 8782 19071 95797 94399 90631 6892
is_linear=0
shrinkage=0.1


Tree=57
num_leaves=31
num_cat=0
split_feature=75 92 90 4 128 0 63 64 138 14 138 4 94 14 126 65 7 1 123 20 20 138 4 148 1 20 6 134 2 127
split_gain=163.441 156.579 148.254 159.329 142.43 130.067 218.953 313.13 276.997 238.636 218.03 169.188 167.195 144.461 142.014 139.18 138.582 127.643 126.965 125.005 117.138 114.588 159.499 114.007 108.558 150.357 108.17 107.547 104.699 104.289
threshold=276081.50000000006 556926.50000000012 4.685151257114633 1892415.78 0.17156862745098042 175232.00000000003 1.3113856536122726 0.69441341624980102 16.500000000000004 1.5000000000000002 8.5000000000000018 201323.20500000005 2346.5000000000005 1.5000000000000002 0.59166666666666667 3.5000000000000004 4.5000000000000009 3075194.5000000005 908.50000000000011 6.5000000000000009 5.5000000000000009 16.500000000000004 127591.395 264.00000000000006 9058064.0000000019 3.5000000000000004 72.083333333333357 5701.5000000000009 95063.61000000003 0.27922077922077926
decision_type=2 2 2 2 2 2 2 2 2 2 2 2 2 2 2 2 2 2 2 2 2 2 2 2 2 2 2 2 2 2
left_child=1 2 3 4 5 11 8 13 9 27 -9 14 23 -8 15 -1 21 -11 -6 28 -10 22 -12 29 25 -5 -18 -7 -20 -13
right_child=-2 -3 -4 24 18 6 7 10 20 17 16 12 -14 -15 -16 -17 26 -19 19 -21 -22 -23 -24 -25 -26 -27 -28 -29 -30 -31
leaf_value=0.0086990122088965068 -0.013289619273630038 -0.071259629004757227 0.0076305900231276261 0.0063785867496973462 0.0052630008235224866 0.0029358477094929823 0.007370620312011706 0.0024838100299461323 -0.0006011436698340508 -0.0011665615650353078 0.0056329896529828038 0.0059307305309517994 0.011708254150771615 0.0023947573612911441 -0.005383634970419094 -0.20546480657387775 0.0038807218099558729 -0.0034505649024854815 -0.00035473748573608969 -0.0016670934051561616 -0.015514733226314713 -0.0033893616035614534 -0.0005191966295876718 0.03399406074475108 -0.0021003328427946057 -0.0093345198029391122 -0.00012363655637131818 0.00023228660401881007 -0.020846953902271106 -0.0019001825332722252
leaf_weight=18354 2713 1624 8243 673 1565 3493 3500 18494 1268 28874 3043 1787 1897 10962 1429 294 9030 4137 704 2617 2985 16668 25560 359 11265 7430 12992 39904 2142 11911
leaf_count=18354 2713 1624 8243 673 1565 3493 3500 18494 1268 28874 3043 1787 1897 10962 1429 294 9030 4137 704 2617 2985 16668 25560 359 11265 7430 12992 39904 2142 11911
internal_value=0 0.000766548 0.000966344 0.000519553 0.00127203 0.00172592 0.000633171 0.00375376 -0.00324523 -0.00186267 0.00145906 0.00721255 -0.00047453 0.0173657 0.013321 0.0156492 -0.00118382 -0.00827033 -0.0127387 -0.0199327 -0.0280838 -0.00434892 -0.000508354 -0.00423519 -0.00818196 -0.0170093 0.00532271 0.00301147 -0.0344382 -0.00569312
internal_weight=0 253204 251580 243337 223969 216941 180910 100249 80661 76408 85787 36031 15954 14462 20077 18648 67293 33011 7028 5463 4253 45271 28603 14057 19368 8103 22022 43397 2846 13698
internal_count=255917 253204 251580 243337 223969 216941 180910 100249 80661 76408 85787 36031 15954 14462 20077 18648 67293 33011 7028 5463 4253 45271 28603 14057 19368 8103 22022 43397 2846 13698
is_linear=0
shrinkage=0.1


Tree=58
num_leaves=31
num_cat=0
split_feature=0 22 3 138 13 4 123 137 94 0 0 4 124 137 123 0 0 4 123 134 20 10 123 123 4 66 3 13 1 0
split_gain=147.302 184.435 200.192 239.408 156.133 153.503 261.938 187.011 193.637 209.922 208.417 177.646 158.409 156.483 139.442 145.05 147.351 250.05 195.965 165.19 139.299 135.374 182.438 148.337 146.098 131.26 130.338 129.766 128.909 176.872
threshold=1319722.5000000002 4.5000000000000009 46429.170000000006 16.500000000000004 803767.50000000012 402061.9150000001 2267078.5000000005 827988.00000000012 3552.4065934065939 1673869.5000000002 9439895.5000000019 1445428.5550000002 20.500000000000004 433943.50000000006 2000375.0000000002 4993615.5000000009 5657443.5000000009 622174.45000000007 4945445.5000000009 4878820.5000000009 21.500000000000004 1.5000000000000002 223.50000000000003 574758.00000000012 207585.80500000005 57898.500000000007 554396.60000000009 76497.000000000015 8167440.0000000009 9439895.5000000019
decision_type=2 2 2 2 2 2 2 2 2 2 2 2 2 2 2 2 2 2 2 2 2 2 2 2 2 2 2 2 2 2
left_child=1 2 -1 21 -3 6 7 8 9 -2 13 12 14 25 -7 -16 17 -17 26 -20 -6 -4 -23 27 -25 -11 -18 -24 29 -28
right_child=5 4 3 -5 20 11 -8 -9 -10 10 -12 -13 -14 -15 15 16 18 -19 19 -21 -22 22 23 24 -26 -27 28 -29 -30 -31
leaf_value=0.0057543014180298172 -0.0017753532837247168 0.0020195089797851343 -0.0071446438971706772 -0.0097920256606317327 0.008063343107008087 0.00020415189599045649 -0.0019391612069943782 0.0017312025371447534 -0.0097792109035420172 0.00087688943974237809 -0.016751955699437195 -0.0023026138947506657 -0.0055251962218861627 -0.0043565098579673054 0.0030246137482572359 -0.0041401502482931096 0.0034239264996727137 0.0031069076752035102 0.012532496345678877 0.00015446054682590751 -0.00023360013848823278 0.0059426093838510887 0.0009685710262745742 0.0040715449208568845 -0.00011880002669846504 -0.0058376278327359867 0.0010697166982492456 -0.0015723543200553804 0.011671217709380621 -0.010542022140643592
leaf_weight=7228 7674 44628 5013 2188 3122 34286 4299 5715 3565 17100 2429 35005 2364 1092 9661 1438 586 1187 1304 797 1349 8009 14167 2528 3452 706 5638 24585 2423 2379
leaf_count=7228 7674 44628 5013 2188 3122 34286 4299 5715 3565 17100 2429 35005 2364 1092 9661 1438 586 1187 1304 797 1349 8009 14167 2528 3452 706 5638 24585 2423 2379
internal_value=0 0.00309876 -0.000306411 -0.00220215 0.00775721 -0.00171966 -0.00672549 -0.00409711 -0.00702509 -0.00432153 0.000781976 0.000476205 0.00368904 0.00432609 0.00469438 0.010308 0.00439139 -0.0172372 0.00871643 0.0367064 0.0255733 -0.000972065 0.00052056 -0.00196809 0.0126912 0.00657957 0.00338296 -0.00423023 0.000807087 -0.00530179
internal_weight=0 116269 67170 59942 49099 139648 42580 38281 32566 29001 21327 97068 62063 18898 59699 25413 15752 2625 13127 2101 4471 57754 52741 44732 5980 17806 11026 38752 10440 8017
internal_count=255917 116269 67170 59942 49099 139648 42580 38281 32566 29001 21327 97068 62063 18898 59699 25413 15752 2625 13127 2101 4471 57754 52741 44732 5980 17806 11026 38752 10440 8017
is_linear=0
shrinkage=0.1


Tree=59
num_leaves=31
num_cat=0
split_feature=6 90 4 62 75 134 15 64 123 66 0 5 2 63 137 13 1 92 138 7 1 4 2 137 5 16 76 141 137 20
split_gain=142.614 156.408 157.301 181.075 148.369 124.198 122.566 124.554 191.31 133.312 109.2 159.711 200.583 144.527 179.02 100.574 116.675 94.6787 93.535 90.1409 89.1902 88.9998 125.816 94.4396 87.6973 99.0174 86.5166 93.7239 112.949 87.6251
threshold=170.16666666666671 4.434604705766481 2051352.0450000004 10956419.500000002 70671.500000000015 398379.00000000006 1.0000000180025095e-35 0.094150663070044632 3792441.5000000005 145336.00000000003 151541.50000000003 6.5000000000000009 165707.42500000002 1.3113856536122726 8090.0000000000009 955102.50000000012 9058064.0000000019 0.18992552652819769 4.5000000000000009 3.5000000000000004 46516150.500000007 599168.45500000007 3061272.5350000006 35554.000000000007 3.5000000000000004 1.0000000180025095e-35 9.5000000000000018 1.0000000180025095e-35 146910.50000000003 1.5000000000000002
decision_type=2 2 2 2 2 2 2 2 2 2 2 2 2 2 2 2 2 2 2 2 2 2 2 2 2 2 2 2 2 2
left_child=1 2 3 4 6 -2 7 8 18 -9 11 12 19 14 -12 -4 -17 -15 -1 -8 -3 -19 23 -23 -14 -26 27 28 -16 -29
right_child=5 20 15 -5 -6 -7 10 9 -10 -11 13 -13 24 17 26 16 -18 21 -20 -21 -22 22 -24 -25 25 -27 -28 29 -30 -31
leaf_value=0.0022598282573509784 -0.00020610258971094414 0.0085408057076013216 0.0059656769332887619 0.01046223812928071 -0.0090473618597889834 -0.010372442123904922 0.008532297322847238 0.00043865727293140069 -0.0011851808895762678 -0.0062689767475922822 -0.00036511438602409457 0.0043239606815083991 -0.020551814129307348 -0.00030881417534891489 -0.0049276431997069998 -0.028608546824570081 -0.0085445873831186958 0.00082428073218027533 0.0060396348730078365 -0.056097115831662409 -0.006996476822296982 0.015763553015784155 -0.0043086030138584737 0.0084169561351953998 -0.0030538839007033304 0.0058725217340206198 -0.036044883181528396 0.00051973615407478844 0.0025487066943630145 -0.0057643700229694124
leaf_weight=16064 7007 6206 1714 2479 2804 5820 5100 75989 2075 1572 29498 12408 1129 31235 1500 4092 8603 7427 4429 553 1512 878 552 1820 7875 1687 1451 1406 2990 8042
leaf_count=16064 7007 6206 1714 2479 2804 5820 5100 75989 2075 1572 29498 12408 1129 31235 1500 4092 8603 7427 4429 553 1512 878 552 1820 7875 1687 1451 1406 2990 8042
internal_value=0 0.00100032 0.000540998 0.00120115 0.000896223 -0.00981863 0.00119335 0.00375422 0.0102927 0.00185173 -0.00102573 0.00431558 -0.00217832 -0.00279503 -0.00673802 -0.0095825 -0.0126523 0.00142785 0.0132224 0.0130565 0.0150081 0.00955715 0.0233589 0.0322586 -0.0102339 -0.00712181 -0.0154814 -0.0130622 -0.00116701 -0.0187152
internal_weight=0 243090 235372 220963 218484 12827 215680 100129 22568 77561 115551 28752 16344 86799 44887 14409 12695 41912 20493 5653 7718 10677 3250 2698 10691 9562 15389 13938 4490 9448
internal_count=255917 243090 235372 220963 218484 12827 215680 100129 22568 77561 115551 28752 16344 86799 44887 14409 12695 41912 20493 5653 7718 10677 3250 2698 10691 9562 15389 13938 4490 9448
is_linear=0
shrinkage=0.1


Tree=60
num_leaves=31
num_cat=0
split_feature=94 67 3 1 52 76 65 75 140 137 66 123 14 84 138 63 64 5 105 3 4 136 29 92 94 92 7 10 63 134
split_gain=137.2 164.346 159.108 304.673 175.631 150.982 124.691 120.666 124.715 135.499 120.479 147.4 138.997 115.7 108.071 157.987 151.813 121.513 119.759 108.953 108.02 107.473 100.563 91.8099 100.149 99.2532 97.4883 140.332 95.0443 93.0976
threshold=80024.64285714287 3.5000000000000004 1077203.8650000002 976802.00000000012 0.06169734868892366 9.5000000000000018 3.5000000000000004 50526.000000000007 0.069047619047619066 6.5000000000000009 52872.500000000007 39979.500000000007 2.5000000000000004 449208.00000000006 12.500000000000002 2.0220428826867489 4.5496222792901486 11.500000000000002 238162.50000000003 28584.385000000006 45656.330000000009 1.5000000000000002 71772.000000000015 19246.500000000004 6419.9011627906984 7444.3046085858596 2.5000000000000004 1.5000000000000002 4111.5420602302393 212.50000000000003
decision_type=2 2 2 2 2 2 2 2 2 2 2 2 2 2 2 2 2 2 2 2 2 2 2 2 2 2 2 2 2 2
left_child=1 7 4 -4 -2 -6 10 8 14 -10 12 -12 -3 -13 18 16 17 19 20 -16 -1 -11 23 24 26 -26 27 -22 -28 -29
right_child=2 6 3 -5 5 -7 -8 -9 9 21 11 13 -14 -15 15 -17 -18 -19 -20 -21 22 -23 -24 -25 25 -27 28 29 -30 -31
leaf_value=0.0065087161436402146 0.0078436644462892956 0.0036894432691907462 0.010675103119796088 -0.012055941700286855 -0.0051489415266025226 -0.026544912476033074 -0.016114937893787127 -0.009362213059426262 0.0044748825307141969 -0.003847748142619613 0.0027784282678361026 -0.0087454994470853257 0.00072641123790931708 0.010941234081196917 0.018774092036248604 0.00057041920082507864 -0.012198528151311994 0.00052966640229808464 0.011868470642985067 -0.0046139591227211127 -0.0089983868782651626 -0.0012367834173274651 -0.010424205569507912 0.014218349019954647 -0.02197095149213996 0.0055799118544911956 0.0021047634699067363 0.0037585043923683069 -0.00028693602113664653 -4.029840479371897e-05
leaf_weight=5017 706 20024 870 2597 1712 1978 750 3505 1139 7143 4019 3787 17112 680 564 31646 4878 12095 767 7079 1449 21611 1795 1108 1120 662 28017 4397 7720 59970
leaf_count=5017 706 20024 870 2597 1712 1978 750 3505 1139 7143 4019 3787 17112 680 564 31646 4878 12095 767 7079 1449 21611 1795 1108 1120 662 28017 4397 7720 59970
internal_value=0 0.000851122 -0.012566 0.00345182 -0.0251988 -0.0339418 0.00621912 -0.000383122 -5.78275e-05 -0.00600992 0.00688399 -0.00386616 0.00934052 -0.0163672 0.000999468 -0.00257636 -0.00858469 -0.00468065 0.0027954 -0.014551 0.00252391 -0.0073499 0.00184678 0.00225012 0.00194311 -0.0215582 0.0023555 7.24129e-05 0.00656022 0.000765224
internal_weight=0 248054 7863 3467 4396 3690 46372 201682 198177 29893 45622 8486 37136 4467 168284 56262 24616 19738 112022 7643 111255 28754 106238 104443 103335 1782 101553 65816 35737 64367
internal_count=255917 248054 7863 3467 4396 3690 46372 201682 198177 29893 45622 8486 37136 4467 168284 56262 24616 19738 112022 7643 111255 28754 106238 104443 103335 1782 101553 65816 35737 64367
is_linear=0
shrinkage=0.1


Tree=61
num_leaves=31
num_cat=0
split_feature=4 4 4 4 20 123 4 123 13 138 21 4 20 0 127 134 25 22 0 20 137 21 126 13 62 20 5 137 134 138
split_gain=135.878 225.784 368.947 322.43 246.359 259.34 219.282 296.397 199.896 191.414 222.835 177.087 165.944 157.881 146.526 140.216 195.398 139.686 164.016 137.849 120.182 117.438 115.265 115.514 114.367 117.279 128.3 128.541 126.166 117.686
threshold=165713.92500000002 100084.64000000001 119685.82000000001 76119.525000000009 2.5000000000000004 2670.5000000000005 398277.70000000007 2267078.5000000005 928307.50000000012 9.5000000000000018 6.5000000000000009 1445428.5550000002 1.5000000000000002 1215838.0000000002 0.14835164835164838 72925.000000000015 10.000000000000002 6.5000000000000009 3238501.5000000005 23.500000000000004 1444376.5000000002 8.5000000000000018 0.32051282051282054 602568.50000000012 5511452.5000000009 5.5000000000000009 11.500000000000002 97352.500000000015 2683190.0000000005 12.500000000000002
decision_type=2 2 2 2 2 2 2 2 2 2 2 2 2 2 2 2 2 2 2 2 2 2 2 2 2 2 2 2 2 2
left_child=1 3 -3 15 5 -4 7 8 9 -2 -11 17 -7 14 19 16 -1 24 -19 -10 -13 -22 -6 -24 25 28 -27 -28 -8 -30
right_child=6 2 4 -5 22 12 11 -9 13 10 -12 20 -14 -15 -16 -17 -18 18 -20 -21 21 -23 23 -25 -26 26 27 -29 29 -31
leaf_value=0.00731020928591407 -0.00095571014860067422 0.0086146337205442961 0.0057907150268985859 -0.0052834330642722582 0.0026946565549786174 0.0014448639062000833 0.00243622083695221 -0.0022181348599418188 0.011563237270781436 -0.014689790463246716 -0.0033112800363914795 0.00014223939640457491 -0.021573619485956031 -2.2022181072403369e-05 0.00080412888067746898 -0.0010333607057346761 -0.00049104087915155948 0.0078310564557972466 0.0014892789803296448 -0.016800629848780429 -0.038468909512574069 -0.0071383251195312088 -0.004928733553936384 0.0037951721207232941 0.0086187919437186178 -0.0030543972972662714 0.0029741015877978619 -0.00099778894675916683 0.00099359645494350455 -0.0098131134750958811
leaf_weight=14178 23393 8088 744 9077 11938 317 13944 3690 896 814 8874 23653 1235 24849 1657 14544 11601 5342 9910 135 3656 12046 1535 360 2463 12316 7105 16283 7297 3977
leaf_count=14178 23393 8088 744 9077 11938 317 13944 3690 896 814 8874 23653 1235 24849 1657 14544 11601 5342 9910 135 3656 12046 1535 360 2463 12316 7105 16283 7297 3977
internal_value=0 0.00403754 0.0119473 0.000160019 0.00320671 -0.0271289 -0.00105273 -0.00575061 -0.00407561 -0.00931487 -0.021135 0.00150771 -0.0503985 0.00221848 0.0252407 0.00399311 0.00842237 0.00424836 0.0128403 0.0548395 -0.00396851 -0.0107509 0.0082418 -0.0146696 0.00218092 0.00132683 -0.00236056 0.00198949 0.0065475 -0.00131879
internal_weight=0 73617 24217 49400 16129 2296 182300 64308 60618 33081 9688 117992 1552 27537 2688 40323 25779 78637 15252 1031 39355 15702 13833 1895 63385 60922 35704 23388 25218 11274
internal_count=255917 73617 24217 49400 16129 2296 182300 64308 60618 33081 9688 117992 1552 27537 2688 40323 25779 78637 15252 1031 39355 15702 13833 1895 63385 60922 35704 23388 25218 11274
is_linear=0
shrinkage=0.1


Tree=62
num_leaves=31
num_cat=0
split_feature=0 90 92 128 126 127 0 65 93 0 4 0 134 94 75 64 136 20 63 2 94 2 13 62 127 1 13 62 148 4
split_gain=131.844 149.014 129.532 125.489 129.3 158.886 161.917 135.383 134.05 109.419 312.144 160.115 108.439 104.968 103.67 101.073 135.708 124.278 100.442 124.412 99.0165 94.9067 109.657 94.7214 92.5152 91.5771 156 91.8513 89.5142 88.6359
threshold=39460550.500000007 4.434604705766481 556926.50000000012 0.27922077922077926 0.10263157894736843 0.38675213675213682 335497.50000000006 3.5000000000000004 186.50000000000003 233354.50000000003 240042.25500000003 756.50000000000011 1253.5000000000002 4105.1428571428578 1.5000000000000002 0.24485539756773786 1.5000000000000002 14.500000000000002 5.6667129335216613 3250046.9300000002 6034.0714285714294 890570.50000000012 1528223.0000000002 274734.50000000006 0.9640151515151516 1691705.5000000002 717804.00000000012 287494.00000000006 264.00000000000006 234194.79500000001
decision_type=2 2 2 2 2 2 2 2 2 2 2 2 2 2 2 2 2 2 2 2 2 2 2 2 2 2 2 2 2 2
left_child=1 2 3 4 5 6 7 23 15 10 -7 -12 -5 -3 24 16 17 25 19 29 -16 22 -19 -1 -11 26 27 -8 -13 -6
right_child=-2 13 -4 12 18 9 8 -9 -10 14 11 28 -14 -15 20 -17 -18 21 -20 -21 -22 -23 -24 -25 -26 -27 -28 -29 -30 -31
leaf_value=0.010037422006487563 -0.015304355262330161 0.0085317491801167288 -0.064403051386336799 0.0015204044334916839 -0.0031593761151648362 0.005035658997002224 -0.0060067322284299788 -0.18018146721783435 -0.0049193965242992008 -0.001020284839427871 -0.0056449792921952832 -0.00059457091834499878 -0.0098767162465608453 -0.0054756393431693463 -0.0015373039119607169 0.00045583633957783123 0.005756419846485737 -0.00092968477445107766 0.0037686520933663554 -0.016113198313168733 -0.018213845269087588 0.00097642233669721374 -0.0027960005896881302 0.030741076192014962 0.00018573089836555688 8.8784120116913881e-06 0.0062429794328217715 0.0076067755849322351 0.030887107179046733 0.00043881048019467535
leaf_weight=12470 7047 6020 1610 2077 9652 16372 1234 277 4073 29980 3353 7604 3534 1115 3741 66757 3710 1384 3109 3157 2081 1629 916 1063 45523 3033 1527 1485 340 10044
leaf_count=12470 7047 6020 1610 2077 9652 16372 1234 277 4073 29980 3353 7604 3534 1115 3741 66757 3710 1384 3109 3157 2081 1629 916 1063 45523 3033 1527 1485 340 10044
internal_value=0 0.000791313 0.00037092 0.000560466 0.000914072 0.00174254 0.00463055 0.0146796 0.00301212 -0.000895443 0.00453655 -0.00824989 -0.0142187 0.0150343 -0.00274356 0.00389507 0.0113367 0.00584923 -0.00574099 -0.00803517 -0.0156012 -0.00848345 -0.0215633 0.0160961 -0.00175211 0.0135856 0.0230655 0.00870111 -0.00051541 -0.00508119
internal_weight=0 248870 241735 240125 234514 208552 99558 13810 85748 108994 27669 11297 5611 7135 81325 81675 14918 11208 25962 22853 5822 3929 2300 13533 75503 7279 4246 2719 7944 19696
internal_count=255917 248870 241735 240125 234514 208552 99558 13810 85748 108994 27669 11297 5611 7135 81325 81675 14918 11208 25962 22853 5822 3929 2300 13533 75503 7279 4246 2719 7944 19696
is_linear=0
shrinkage=0.1


Tree=63
num_leaves=31
num_cat=0
split_feature=6 134 123 126 3 53 26 4 64 93 22 85 6 2 137 105 52 1 2 75 4 148 92 0 124 123 4 62 20 7
split_gain=123.279 160.738 129.69 154.616 115.833 112.043 104.451 105.609 116.938 100.572 132.205 126.235 117.483 105.569 152.04 97.6294 96.6227 91.208 85.5617 83.7684 82.4575 110.31 94.6579 85.5387 103.649 83.1604 81.4945 206.362 257.72 243.936
threshold=112.08333333333336 2286513.5000000005 50007.500000000007 0.069047619047619066 400056.61500000005 0.12395271730945578 42588.500000000007 49403.06500000001 0.94771348540171318 2.5000000000000004 3.5000000000000004 4.5000000000000009 52.083333333333336 175346.60500000004 176421.00000000003 459534.00000000006 1536.5000000000002 1277927.5000000002 2552806.9750000006 78564.500000000015 413702.08000000007 54211.000000000007 109157.87500000001 7711609.5000000009 16.500000000000004 2656444.0000000005 428533.13000000006 2666672.5000000005 11.500000000000002 1.5000000000000002
decision_type=2 2 2 2 2 2 2 2 2 2 2 2 2 2 2 2 2 2 2 2 2 2 2 2 2 2 2 2 2 2
left_child=2 16 9 5 -3 -4 7 8 -7 10 13 17 -12 14 -1 -15 20 -11 -5 26 21 22 25 24 -22 -2 27 28 -9 -30
right_child=1 4 3 18 -6 6 -8 19 -10 11 12 -13 -14 15 -16 -17 -18 -19 -20 -21 23 -23 -24 -25 -26 -27 -28 -29 29 -31
leaf_value=0.0074750445425511682 -0.0004808934464735307 -0.017368458637637349 0.0057311535927581274 -0.0013195561310134331 -0.0046053919237456281 0.0075262056562470205 -0.0093276922554272872 -0.00056747738425274956 -0.0023536764524694667 -0.0004207213252520159 0.0053991796503558391 0.008231925544921628 0.001606886574708355 -0.001962646683572582 -0.027935482388030008 0.016346374581651047 -0.032558369635010555 -0.0098154889200249892 -0.0099602538222832559 -0.016442543780505015 0.0040008640831928838 -0.03170478109424426 -0.030934353508796322 -0.010156441389115579 -0.00061407060472170357 -0.0041509882478441857 0.0008959486191791521 -0.0013625978443822901 0.011941330290524667 0.0010762183620869473
leaf_weight=4674 22476 1546 3278 10780 9462 3298 3153 37821 1239 10647 16711 1513 16995 9729 289 163 823 2494 4799 1288 8968 259 278 2326 5400 224 56313 4555 965 13451
leaf_count=4674 22476 1546 3278 10780 9462 3298 3153 37821 1239 10647 16711 1513 16995 9729 289 163 823 2494 4799 1288 8968 259 278 2326 5400 224 56313 4555 965 13451
internal_value=0 -0.0039491 0.00151488 -0.000173096 -0.0146713 0.000994518 0.00050464 0.0009809 0.015944 0.00527828 0.00746939 -0.00198269 0.0109333 -0.000390159 0.0115113 -0.00636136 -0.00105294 -0.00513201 -0.00956865 0.000387442 -0.000353905 -0.00420558 -0.00347409 0.00500739 0.00788749 -0.00276381 0.000676216 -0.00199669 -0.000216664 0.0111604
internal_weight=0 51762 204155 140940 11008 125361 122083 118930 4537 63215 48561 14654 33706 14855 4963 9892 40754 13141 15579 114393 39931 23237 22978 16694 14368 22700 113105 56792 52237 14416
internal_count=255917 51762 204155 140940 11008 125361 122083 118930 4537 63215 48561 14654 33706 14855 4963 9892 40754 13141 15579 114393 39931 23237 22978 16694 14368 22700 113105 56792 52237 14416
is_linear=0
shrinkage=0.1


Tree=64
num_leaves=31
num_cat=0
split_feature=0 90 15 0 62 1 63 10 137 26 0 0 4 4 137 67 94 64 76 4 94 20 123 141 137 0 140 0 0 0
split_gain=114.199 133.746 111.067 119.69 128.808 101.551 152.098 127.673 127.389 120.582 99.4387 121.312 116.618 146.409 114.703 97.9368 92.602 91.306 91.0549 96.5086 85.4241 84.628 83.2082 88.9358 81.5584 105.209 81.5244 75.9622 101.64 209.387
threshold=57416489.000000007 4.685151257114633 1.0000000180025095e-35 1319722.5000000002 987935.50000000012 139278.50000000003 1.9999989541302445 1.5000000000000002 8873.5000000000018 4329.5000000000009 1713562.0000000002 2624453.0000000005 398277.70000000007 306049.48000000004 789565.00000000012 3.5000000000000004 0.24000250000000004 0.95837747077795699 7.5000000000000009 190312.88500000004 4105.1428571428578 1.5000000000000002 14277.500000000002 0.12916666666666668 61.500000000000007 12888255.500000002 0.24305555555555558 3052666.5000000005 12412037.500000002 8608224.0000000019
decision_type=2 2 2 2 2 2 2 2 2 2 2 2 2 2 2 2 2 2 2 2 2 2 2 2 2 2 2 2 2 2
left_child=1 2 3 4 15 7 8 9 -7 -4 14 -12 13 24 -5 -1 -8 21 19 -9 -3 -10 23 26 -13 -26 -23 -14 29 -29
right_child=-2 20 5 10 -6 6 16 18 17 -11 11 12 27 -15 -16 -17 -18 -19 -20 -21 -22 22 -24 -25 25 -27 -28 28 -30 -31
leaf_value=0.00077015194697416332 -0.020403829351979798 0.007935318422542692 -0.01506672676638573 -0.0016746046838358763 0.0081870336243533345 -0.00052349330832553024 -0.00050893875648567891 0.0045574802743113766 0.00054090971064824555 0.0063968863013103483 0.0015189117651460435 -0.0017006050598398503 0.0050618623507090229 -0.0023767606159854886 0.0028834142019018879 0.0048504791351179138 0.0020774659878516678 -0.00085494385056630493 0.011756970567004955 -0.00049147668934766079 -0.0051221403366418835 0.0089821697369775449 -0.0076575079507139824 -0.0075274818491968647 0.00091950660139530145 -0.02551615554597484 -0.020013606949471737 0.00043277510376739338 0.0058703257328520221 -0.0068594507957869368
leaf_weight=31805 4020 6403 2671 5452 771 31781 36322 10801 1305 1653 9135 1676 2264 3653 870 9237 13388 5922 3254 12129 1135 721 8948 1322 5359 700 232 22237 13735 7016
leaf_count=31805 4020 6403 2671 5452 771 31781 36322 10801 1305 1653 9135 1676 2264 3653 870 9237 13388 5922 3254 12129 1135 721 8948 1322 5359 700 232 22237 13735 7016
internal_value=0 0.000634404 0.000229694 0.00251118 0.00676767 -0.00176254 -0.00330408 0.00328742 -0.00718493 -0.0126316 4.26151e-05 0.00119399 -0.000530718 -0.00957587 -0.0119364 0.00600694 0.000617434 -0.0137944 0.00591627 0.0036948 0.0137538 -0.018631 -0.0214337 -0.0043571 -0.00178377 0.00361682 0.0189301 0.00174556 0.000805308 -0.00252656
internal_weight=0 251897 244359 113910 41813 130449 99941 30508 50231 4324 72097 65775 56640 11388 6322 41042 49710 18450 26184 22930 7538 12528 11223 2275 7735 6059 953 45252 42988 29253
internal_count=255917 251897 244359 113910 41813 130449 99941 30508 50231 4324 72097 65775 56640 11388 6322 41042 49710 18450 26184 22930 7538 12528 11223 2275 7735 6059 953 45252 42988 29253
is_linear=0
shrinkage=0.1


Tree=65
num_leaves=31
num_cat=0
split_feature=6 134 137 21 75 4 0 4 134 123 2 20 4 0 123 5 94 64 66 19 94 138 5 20 20 134 123 22 0 18
split_gain=112.749 124.498 110.393 131.442 115.501 114.051 160.095 205.784 174.351 151.608 144.469 113.727 111.278 177.854 168.259 102.569 104.343 102.275 100.431 96.9567 94.951 93.8036 108.251 121.046 160.431 191.015 125.63 147.59 117.391 106.228
threshold=120.08333333333336 3838016.0000000005 4688664.0000000009 8.5000000000000018 294728.00000000006 158728.10500000001 12412037.500000002 556507.83000000019 38801569.000000007 266664.00000000006 3061272.5350000006 15.500000000000002 428533.13000000006 8608224.0000000019 1583419.0000000002 10.500000000000002 49193.250000000007 0.40043827234963891 307199.50000000006 1.0000000180025095e-35 45251.424369747903 8.5000000000000018 11.500000000000002 23.500000000000004 13.500000000000002 38349.500000000007 868348.00000000012 3.5000000000000004 1870240.0000000002 1.0000000180025095e-35
decision_type=2 2 2 2 2 2 2 2 2 2 2 2 2 2 2 2 2 2 2 2 2 2 2 2 2 2 2 2 2 2
left_child=2 20 3 4 18 9 10 -8 -9 -5 12 -12 14 -14 15 -7 -17 -4 19 21 -2 22 23 24 -1 -26 27 29 -28 -25
right_child=1 -3 17 5 -6 6 7 8 -10 -11 11 -13 13 -15 -16 16 -18 -19 -20 -21 -22 -23 -24 26 25 -27 28 -29 -30 -31
leaf_value=0.00010014353797803389 -0.00010461244648185541 -0.011918055595921873 0.0074596195295294045 0.0039216297540507709 -0.023267726991447177 0.0062953218856195703 -0.022286423560580484 0.016478219551466024 -0.011179736894133452 0.011529999440537099 0.011002208528742377 -0.0030561075837790001 0.0034765153208113964 -0.0039474489728688724 -0.0018378446500182961 1.4651706719877407e-05 -0.010458173523320593 -0.021152431690169671 -0.0085520102620101467 -0.0025203488082445758 -0.0095154001583906116 -0.0005738761126517167 0.0021061634120498329 0.0073832595226941194 -0.00062089482861864558 0.0047923649896650213 -0.0093056662229416554 0.0013658675437867311 -0.005246718943946971 -0.025132589574842601
leaf_weight=52460 32698 6502 914 10312 570 1868 1016 8138 1857 2805 829 5249 16255 3259 2513 9671 779 6788 987 12182 3194 37469 20531 413 3375 4809 642 4783 2184 865
leaf_count=52460 32698 6502 914 10312 570 1868 1016 8138 1857 2805 829 5249 16255 3259 2513 9671 779 6788 987 12182 3194 37469 20531 413 3375 4809 642 4783 2184 865
internal_value=0 -0.00441608 0.00122979 0.00166964 -3.86038e-05 0.00540813 0.00328542 0.0139751 0.0183337 0.0137316 0.000373613 -0.0138374 0.00288852 0.00785084 -0.0036407 0.00117024 -0.00268782 -0.0105244 0.00014339 0.000367948 -0.00210958 0.00118213 0.00293144 0.00104753 0.00264476 0.0156669 -0.00985185 -0.00173321 -0.0272641 -0.0319217
internal_weight=0 42394 213523 205821 141270 64551 51434 11011 9995 13117 40423 6078 34345 19514 14831 12318 10450 7702 140700 139713 35892 127531 90062 69531 60644 8184 8887 6061 2826 1278
internal_count=255917 42394 213523 205821 141270 64551 51434 11011 9995 13117 40423 6078 34345 19514 14831 12318 10450 7702 140700 139713 35892 127531 90062 69531 60644 8184 8887 6061 2826 1278
is_linear=0
shrinkage=0.1


Tree=66
num_leaves=31
num_cat=0
split_feature=29 92 0 0 0 62 75 4 137 105 4 92 19 127 127 124 129 64 20 123 128 13 13 64 1 63 3 0 63 137
split_gain=109.686 104.905 104.25 173.188 360.308 197.785 143.542 141.685 199.634 130.746 128.369 117.384 113.441 97.8083 97.9225 88.6109 90.497 85.6997 81.687 84.3505 81.4972 80.6623 80.3006 159.246 104.803 90.6551 87.1935 85.8109 81.9171 173.317
threshold=262604.00000000006 556926.50000000012 25492087.000000004 12412037.500000002 7905148.5000000009 5511452.5000000009 276081.50000000006 398277.70000000007 1444376.5000000002 73390.000000000015 599168.45500000007 2.174667159085611e-06 1.0000000180025095e-35 0.14835164835164838 0.84523809523809534 16.500000000000004 1.0000000180025095e-35 63.082854320816338 19.500000000000004 1660.5000000000002 0.29285714285714287 33.500000000000007 4989435.0000000009 0.068639083259193157 4268041.0000000009 7877.6155872361351 691739.20500000007 5520072.5000000009 1.9999989541302445 8090.0000000000009
decision_type=2 2 2 2 2 2 2 2 2 2 2 2 2 2 2 2 2 2 2 2 2 2 2 2 2 2 2 2 2 2
left_child=1 2 3 4 5 6 9 -5 17 12 -4 -10 13 22 15 16 -15 -9 19 -14 -21 -16 24 -24 25 28 -25 -26 29 -1
right_child=-2 -3 10 7 -6 -7 -8 8 11 -11 -12 -13 18 14 21 -17 -18 -19 -20 20 -22 -23 23 26 27 -27 -28 -29 -30 -31
leaf_value=0.001329121099796024 -0.01721784872067662 -0.054157930993435889 -0.047014390270609746 -0.0095613876103965555 -0.0050298435118876668 0.011264091024678491 -0.014790555717424783 0.0097836159805213332 -0.0028658592597199384 0.0058719590953100562 -0.0044230117536891104 0.037328931834580685 0.0026616057754743627 -0.00072922821840047951 0.0098243580173125664 -0.0047082565868100381 0.0018194748031161113 0.015560932421242991 0.00075837132860807693 -0.0022126591782996551 -0.012035587898711838 0.00045520436871449282 -0.0034188827309022357 0.0058782130958368517 0.0091364865795480945 -0.0010431724428144622 -0.0037445416271101105 0.0023964534641509692 0.0016816090386114495 -0.0012524104210308315
leaf_weight=22741 1300 1649 1622 1300 16553 1591 1157 5365 7202 2706 10337 1053 2722 42724 841 2985 7980 3017 6424 7061 2763 48891 621 249 2287 4300 1342 3863 29336 13935
leaf_count=22741 1300 1649 1622 1300 16553 1591 1157 5365 7202 2706 10337 1053 2722 42724 841 2985 7980 3017 6424 7061 2763 48891 621 249 2287 4300 1342 3863 29336 13935
internal_value=0 0.000457565 0.000621447 0.00107365 0.000313511 0.00145133 0.00117865 0.0105271 0.0130115 0.00137808 -0.00849181 0.00197336 0.00108422 0.00185088 -0.000170512 -0.00313201 -0.0021463 0.0238824 -0.00627502 -0.0109706 -0.0152867 0.00302663 0.0045081 -0.0142753 0.00505149 0.00395656 0.00248774 0.0175697 0.004873 0.00172246
internal_weight=0 254617 252968 241009 223072 206519 204928 17937 16637 203771 11959 8255 201065 182095 103421 53689 50704 8382 18970 12546 9824 49732 78674 2212 76462 70312 1591 6150 66012 36676
internal_count=255917 254617 252968 241009 223072 206519 204928 17937 16637 203771 11959 8255 201065 182095 103421 53689 50704 8382 18970 12546 9824 49732 78674 2212 76462 70312 1591 6150 66012 36676
is_linear=0
shrinkage=0.1


Tree=67
num_leaves=31
num_cat=0
split_feature=6 90 0 63 137 64 64 0 138 63 14 62 123 137 13 75 5 13 134 26 6 0 4 63 141 127 137 11 49 0
split_gain=106.444 94.84 94.7995 97.2887 176.966 138.847 134.162 133.353 132.267 164.758 130.276 122.31 120.965 113.166 107.002 99.1645 91.8594 90.9406 89.7683 89.3537 87.338 86.897 91.977 93.0282 85.8422 114.358 83.4938 82.4528 98.2716 125.676
threshold=178.08333333333337 4.685151257114633 48169781.000000007 1.9999989541302445 4195.0000000000009 0.75141289383892318 0.81061438943859965 4794906.0000000009 12.500000000000002 3.1001765604877884 2.5000000000000004 405004.00000000006 3677.5000000000005 64822.000000000007 912994.00000000012 103567.50000000001 11.500000000000002 13251858.000000002 67260.500000000015 21504.500000000004 56.083333333333343 761475.50000000012 670914.69000000006 2.0000006224177449 0.12916666666666668 0.56696428571428581 77770.500000000015 1.5000000000000002 2.5000000000000004 11213.000000000002
decision_type=2 2 2 2 2 2 2 2 2 2 2 2 2 2 2 2 2 2 2 2 2 2 2 2 2 2 2 2 2 2
left_child=1 2 3 4 15 12 10 14 11 21 26 -8 24 19 -7 27 20 -12 -2 -14 -11 -10 23 -23 25 -6 -5 28 29 -1
right_child=18 -3 -4 6 5 7 8 -9 9 16 17 -13 13 -15 -16 -17 -18 -19 -20 -21 -22 22 -24 -25 -26 -27 -28 -29 -30 -31
leaf_value=-0.015418956260550032 0.00070216088599321777 0.0055506572739126231 -0.019166672460222457 0.00037552952235049287 -0.00059377473091006992 -0.00053464577213281357 0.004497284822420111 -0.0066418185970541603 0.0014626705743201686 0.011652281693064242 -0.00047213647858277861 0.00038330565265599253 -0.00081803561601920597 -0.0056408677559638834 0.002008683636484934 -0.010954678223564995 -7.1195670459791362e-05 0.030237901498810872 -0.0062860399654766589 -0.086468608224077537 0.0013618918146041548 -0.010163881560108771 -0.0034994697776167928 -0.001721666747355859 -0.0037368991238521335 0.0105254245180482 0.0073774008945460493 0.013800094500995072 0.00051321614578484105 -0.00035490779315208167
leaf_weight=2301 3327 7815 3282 2795 942 10218 9108 4041 3564 2508 6895 32704 7731 10005 6537 1035 24133 517 6466 288 3729 3513 10268 3607 2117 746 7168 502 72391 5664
leaf_count=2301 3327 7815 3282 2795 942 10218 9108 4041 3564 2508 6895 32704 7731 10005 6537 1035 24133 517 6466 288 3729 3513 10268 3607 2117 746 7168 502 72391 5664
internal_value=0 0.000706157 0.000350679 0.00058637 -0.00133033 -0.00655573 0.00274605 -0.000708324 0.00124109 -0.0021604 0.010813 0.00541624 -0.0121264 -0.0155467 0.00322432 0.00138947 0.00254571 0.000773817 -0.00992488 -0.00669595 0.013364 -0.00898192 -0.0118976 -0.0206317 0.00407529 0.0208961 0.0182816 0.00178317 0.00153077 -0.00901199
internal_weight=0 246124 238309 235027 124518 42625 110509 20796 93134 51322 17375 41812 21829 18024 16755 81893 30370 7412 9793 8019 6237 20952 17388 7120 3805 1688 9963 80858 80356 7965
internal_count=255917 246124 238309 235027 124518 42625 110509 20796 93134 51322 17375 41812 21829 18024 16755 81893 30370 7412 9793 8019 6237 20952 17388 7120 3805 1688 9963 80858 80356 7965
is_linear=0
shrinkage=0.1


Tree=68
num_leaves=31
num_cat=0
split_feature=67 18 6 0 137 123 134 137 66 66 4 20 138 2 148 92 1 92 6 123 20 62 134 0 4 20 2 4 123 137
split_gain=108.102 96.781 101.741 107.668 131.065 95.0201 95.685 119.062 104.195 94.7983 94.5836 116.009 146.568 130.148 125.623 115.888 94.8144 92.1661 89.8173 89.6464 87.7861 84.7354 160.724 82.596 144.063 102.625 130.78 96.6729 91.8938 129.162
threshold=12.500000000000002 1.5000000000000002 80.083333333333357 6696688.0000000009 762032.50000000012 71893.000000000015 1766262.0000000002 1831793.0000000002 37397.500000000007 3.5000000000000004 413702.08000000007 24.500000000000004 16.500000000000004 709004.96000000008 28525.500000000004 9123.7500000000018 387.50000000000006 73932.500000000015 39.083333333333343 3791779.5000000005 18.500000000000004 912496.00000000012 122286.00000000001 1412548.0000000002 435164.26000000007 11.500000000000002 265996.45500000007 859558.52000000014 460025.00000000006 372.50000000000006
decision_type=2 2 2 2 2 2 2 2 2 2 2 2 2 2 2 2 2 2 2 2 2 2 2 2 2 2 2 2 2 2
left_child=1 2 5 4 10 -1 8 18 9 23 11 12 13 17 15 -13 -12 21 -8 -11 -2 22 -4 25 -25 27 28 -7 -27 -30
right_child=20 -3 3 -5 -6 6 7 -9 -10 19 16 14 -14 -15 -16 -17 -18 -19 -20 -21 -22 -23 -24 24 -26 26 -28 -29 29 -31
leaf_value=0.0023133366628587627 -0.00090080534717400522 -0.0017037197604932387 0.0011048776834690966 -0.0039131285148193088 0.0026188057430028755 -0.00035704365861217785 0.002818273594167503 -0.009924365335341934 -0.0081700138727467952 0.0051699334921135945 -0.0073172040347974756 0.0049742397026296308 -0.0036771023462298076 -0.0056283598556620389 -0.031150767439509525 -0.013258642950772748 0.0012273302349810715 -0.018023509362065437 0.0011559700513140926 -0.0010139227799499703 -0.013446225230050336 0.00078097879956111327 -0.0025358581928416782 -0.0010634746138041056 0.00032540728806698487 0.0041501116297162797 -8.8130947806459373e-05 0.0060428735164647675 0.0066702912294280053 -0.0019406695115399407
leaf_weight=43292 4469 23718 13516 22088 9379 19569 6526 3820 1445 2567 562 6094 7509 821 274 549 17377 203 11169 478 2438 6648 11122 12597 17954 3641 4609 539 728 216
leaf_count=43292 4469 23718 13516 22088 9379 19569 6526 3820 1445 2567 562 6094 7509 821 274 549 17377 203 11169 478 2438 6648 11122 12597 17954 3641 4609 539 728 216
internal_value=0 0.000631982 0.00127165 -0.00119136 0.000636282 0.00310516 0.00117908 0.00695221 -0.000751339 -0.000141396 -0.000965779 -0.00333504 -0.00541155 -0.00248675 0.00861878 0.0113557 0.0052068 -0.00146194 0.0104086 0.0170706 -0.0120508 -0.00102615 -0.00372949 -0.00101705 -0.00465513 0.00277611 0.0115282 -0.00122561 0.023486 0.0512894
internal_weight=0 249010 225292 96142 74054 129150 85858 21515 64343 62898 64675 46736 39819 32310 6917 6643 17939 31489 17695 3045 6907 31286 24638 59853 30551 29302 9194 20108 4585 944
internal_count=255917 249010 225292 96142 74054 129150 85858 21515 64343 62898 64675 46736 39819 32310 6917 6643 17939 31489 17695 3045 6907 31286 24638 59853 30551 29302 9194 20108 4585 944
is_linear=0
shrinkage=0.1


Tree=69
num_leaves=31
num_cat=0
split_feature=94 4 1 53 127 126 0 62 0 62 123 123 4 1 134 127 4 0 2 137 93 65 137 129 127 94 75 94 117 4
split_gain=94.3494 158.316 190.275 138.568 96.1267 119.362 114.873 105.598 122.726 231.401 133.675 97.1135 124.015 150.474 103.473 102.337 97.0124 95.6275 92.5904 91.7956 100.271 88.3382 90.9948 86.9104 87.0211 86.7944 83.1149 93.0505 88.6296 79.0845
threshold=112182.40000000001 723013.45500000007 1117304.5000000002 0.13238719556927586 0.14835164835164838 0.45227272727272733 22508511.500000004 5511452.5000000009 589752.50000000012 274734.50000000006 225.50000000000003 60952.000000000007 170850.91 2126.0000000000005 137268.00000000003 0.9640151515151516 435164.26000000007 8062693.0000000009 359610.65500000009 4.5000000000000009 239.50000000000003 3.5000000000000004 187956.00000000003 1.0000000180025095e-35 1.447619047619048 18004.500000000004 1.5000000000000002 4.9999965063549414 0.087121212121212141 234194.79500000001
decision_type=2 2 2 2 2 2 2 2 2 2 2 2 2 2 2 2 2 2 2 2 2 2 2 2 2 2 2 2 2 2
left_child=4 3 -3 -2 5 6 7 8 9 10 21 12 14 23 18 -13 -8 -9 25 -10 -21 22 26 24 -14 -6 28 -28 -1 -7
right_child=1 2 -4 -5 11 29 16 17 19 -11 -12 15 13 -15 -16 -17 -18 -19 -20 20 -22 -23 -24 -25 -26 -27 27 -29 -30 -31
leaf_value=0.011900721339512411 0.017246378194918966 0.0091736282382230416 -0.0083723777605798268 -0.016744066329270651 0.0071161628147348392 -0.003416141636313064 -0.056251359781709434 0.014112538780161422 0.0016282238532158964 0.01217255089491045 -0.0034222105082386324 -0.0012570219000524385 -0.0039851556637635647 0.0010109083873557859 -0.0050911242797147989 -1.3138081821351123e-07 -0.0033434220968320272 0.0049357127501474148 -0.0048151429578133769 0.00014655720141272581 -0.0054336361577486053 -0.1407899217878443 -0.009175544880981823 0.00744464119231309 0.011268526632603637 -0.012021126877948984 0.017041939605712788 -0.0065009425682652777 -0.011903589431913816 -0.00026846227747805428
leaf_weight=9152 482 699 2193 2863 11353 4422 865 890 6119 4779 6306 41072 5640 16805 1282 49032 7767 7417 748 58306 2347 311 778 687 178 545 1164 3364 545 7806
leaf_count=9152 482 699 2193 2863 11353 4422 865 890 6119 4779 6306 41072 5640 16805 1282 49032 7767 7417 748 58306 2347 311 778 687 178 545 1164 3364 545 7806
internal_value=0 -0.0118396 0.00529501 -0.0266537 0.00061245 0.00261432 0.00365524 0.00459727 0.00363405 0.00940611 0.00500432 -0.00131075 0.00298494 -0.00147591 0.0104506 -0.00308607 -0.00741931 0.0154007 0.013195 0.001352 0.000174323 0.0100501 0.0111436 -0.0143897 -0.0183617 0.0153404 0.0129649 0.00177883 0.0181883 -0.00675888
internal_weight=0 6237 2892 3345 249680 122338 110110 101478 93171 26399 21620 127342 37238 23310 13928 90104 8632 8307 12646 66772 60653 15314 15003 6505 5818 11898 14225 4528 9697 12228
internal_count=255917 6237 2892 3345 249680 122338 110110 101478 93171 26399 21620 127342 37238 23310 13928 90104 8632 8307 12646 66772 60653 15314 15003 6505 5818 11898 14225 4528 9697 12228
is_linear=0
shrinkage=0.1


Tree=70
num_leaves=31
num_cat=0
split_feature=29 138 63 75 64 94 64 7 138 84 66 105 63 13 4 26 64 4 3 4 3 148 3 128 20 123 2 0 62 4
split_gain=91.3855 92.9514 133.203 102.616 100.012 98.504 131.423 110.43 97.1315 96.0297 111.326 103.537 101.53 118.781 118.545 102.546 92.7348 77.3962 186.08 98.8127 110.959 75.4366 91.223 81.6427 86.6535 100.25 76.0009 74.162 84.1803 78.9755
threshold=262604.00000000006 12.500000000000002 2.0000006224177449 276081.50000000006 0.90974242313370568 11020.357142857145 4.5496222792901486 2.5000000000000004 29.500000000000004 6.5000000000000009 307199.50000000006 230237.50000000003 1.9999989541302445 4989435.0000000009 127591.395 316707.00000000006 1.2882180335427325 240042.25500000003 164559.56000000003 100084.64000000001 56187.555 264.00000000000006 2427844.8300000005 0.17156862745098042 14.500000000000002 908.50000000000011 95063.61000000003 7711609.5000000009 3971505.0000000005 158728.10500000001
decision_type=2 2 2 2 2 2 2 2 2 2 2 2 2 2 2 2 2 2 2 2 2 2 2 2 2 2 2 2 2 2
left_child=1 3 5 9 8 6 7 17 -4 10 11 12 13 15 -14 21 -9 18 19 20 -3 22 23 -1 25 -25 -27 28 29 -6
right_child=-2 2 4 -5 27 -7 -8 16 -10 -11 -12 -13 14 -15 -16 -17 -18 -19 -20 -21 -22 -23 -24 24 -26 26 -28 -29 -30 -31
leaf_value=0.00029350267586931067 -0.015681859109550129 0.0018712037261694237 0.00096545028854003742 -0.0087716324566021655 0.0026632095370060951 -0.012137007443013987 -0.009671872574526813 0.0022062014384606199 0.011244284704057944 0.005683508967642293 -0.0063682833939394008 0.0078841541881455209 0.0068782207868720805 -0.0055653477918307104 0.00065638450725962751 -0.0065880714179507062 -0.0028458172461288014 -6.0533875806053275e-05 -0.013601572443603265 0.0016726037361241436 -0.015045382356049176 0.0080103738866778799 -0.0028789446875441328 0.0027671039314202451 0.0064339259192268683 -2.838069293782386e-05 -0.017099270218629919 -0.0038227366159778731 0.0063299332464657691 -0.00048139499889499618
leaf_weight=96806 1300 703 3409 2434 8724 3565 5805 11693 1407 4919 2283 1068 5199 3161 44283 1755 6551 2461 575 1002 1055 3189 1983 1195 802 698 2033 17148 2174 16537
leaf_count=96806 1300 703 3409 2434 8724 3565 5805 11693 1407 4919 2283 1068 5199 3161 44283 1755 6551 2461 575 1002 1055 3189 1983 1195 802 698 2033 17148 2174 16537
internal_value=0 0.000431991 -0.00232013 0.00175847 0.000978232 -0.00719698 -0.00532034 -0.00205947 0.0146684 0.00205144 0.00163964 0.00194834 0.00174261 7.11594e-05 0.00551309 0.000628055 0.00176068 -0.0140841 -0.0240108 -0.0132292 -0.0275141 0.00102239 0.000555713 0.000970573 -0.0118606 -0.0179794 -0.0285497 -0.00050062 0.00272387 0.00109885
internal_weight=0 254617 82809 171808 49399 33410 29845 24040 4816 169374 164455 162172 161104 111622 49482 108461 18244 5796 3335 2760 1758 106706 103517 101534 4728 3926 2731 44583 27435 25261
internal_count=255917 254617 82809 171808 49399 33410 29845 24040 4816 169374 164455 162172 161104 111622 49482 108461 18244 5796 3335 2760 1758 106706 103517 101534 4728 3926 2731 44583 27435 25261
is_linear=0
shrinkage=0.1


Tree=71
num_leaves=31
num_cat=0
split_feature=0 124 138 136 137 138 29 17 94 94 93 94 4 2 92 26 137 75 134 0 0 0 62 0 134 124 124 138 134 62
split_gain=88.4938 94.6921 99.0048 110.591 106.711 91.6742 88.2952 84.8878 81.1389 77.6128 136.675 139.227 195.703 126.736 101.919 83.5445 74.3392 77.355 73.7585 71.1581 69.0731 164.667 122.136 82.7415 74.0422 70.3172 203.507 202.518 193.34 83.3483
threshold=78371462.500000015 5.5000000000000009 28.500000000000004 3.5000000000000004 137390.00000000003 16.500000000000004 71772.000000000015 2.5000000000000004 455233.50000000006 0.011115427003818045 1.5000000000000002 11020.357142857145 591178.86500000011 548234.32000000007 54179.388888888898 334484.00000000006 3842039.0000000005 75214.500000000015 187977.50000000003 1713562.0000000002 12412037.500000002 8888238.5000000019 4041267.0000000005 10919821.000000002 27062898.000000004 11.500000000000002 10.500000000000002 4.5000000000000009 137268.00000000003 959773.00000000012
decision_type=2 2 2 2 2 2 2 2 2 2 2 2 2 2 2 2 2 2 2 2 2 2 2 2 2 2 2 2 2 2
left_child=1 2 3 5 19 7 8 -1 9 15 -11 13 14 18 -13 16 17 20 -12 -5 21 22 25 -23 -22 26 -3 28 29 -28
right_child=-2 6 -4 4 -6 -7 -8 -9 -10 10 11 12 -14 -15 -16 -17 -18 -19 -20 -21 24 23 -24 -25 -26 -27 27 -29 -30 -31
leaf_value=0.0010718271009283909 -0.021938571064660507 -0.00015132057982908398 -0.0041362346366377954 0.00254919352936864 0.0019080164579115878 -0.0020130051268632135 -0.011974706538687497 -7.2178096313227358e-05 -0.045310797979957497 0.0028491122832532603 0.0075985692036535605 -0.0071924982195227076 0.0044187746340815679 -0.00084014949895173962 -0.013966343948113811 -0.012257278501762382 -0.017016493345144903 -0.015020734396799443 -0.005102368683135715 0.0098259184028663127 0.0064801635347239818 -0.01099065489084099 0.0019413376578620045 -0.00074237279490116945 -0.0069266749241179149 0.00043638762631495259 -0.010125313817343431 -0.0020530888051715304 -0.023992998956879102 0.0066874345009348499
leaf_weight=54630 2022 40015 4289 1570 3325 9179 1568 38867 1773 14225 4694 3473 1751 6515 1003 1947 5649 773 840 1731 6474 2825 6410 1667 2120 28562 1373 5507 1014 126
leaf_count=54630 2022 40015 4289 1570 3325 9179 1568 38867 1773 14225 4694 3473 1751 6515 1003 1947 5649 773 840 1731 6474 2825 6410 1667 2120 28562 1373 5507 1014 126
internal_value=0 0.000429264 0.00257558 0.00316039 0.0156818 0.00235235 -0.0013084 0.00328859 -0.00104171 -0.000766559 0.00350116 -0.00221996 -0.014361 0.00405462 -0.0254491 -0.00209436 -0.00170463 -0.00105433 0.0151825 0.0284184 -0.000800871 -0.00164111 -0.000631945 -0.0202894 0.00775398 -0.0017416 -0.00407796 -0.018617 -0.0421407 -0.0193276
internal_weight=0 253895 113591 109302 6626 102676 140304 93497 138736 136963 32501 18276 6227 12049 4476 104462 102515 96866 5534 3301 96093 87499 83007 4492 8594 76597 48035 8020 2513 1499
internal_count=255917 253895 113591 109302 6626 102676 140304 93497 138736 136963 32501 18276 6227 12049 4476 104462 102515 96866 5534 3301 96093 87499 83007 4492 8594 76597 48035 8020 2513 1499
is_linear=0
shrinkage=0.1


Tree=72
num_leaves=31
num_cat=0
split_feature=76 21 4 4 123 0 20 0 0 123 138 2 3 5 13 137 0 0 62 0 62 66 94 75 94 128 20 123 4 93
split_gain=78.4317 92.9915 142.048 196.296 156.147 150.326 194.046 139.602 213.838 138.346 128.002 125.403 121.881 106.971 101.508 98.4247 98.136 97.2819 166.55 117.272 96.1408 95.2739 85.5426 84.3337 83.9836 81.4008 81.7918 95.2638 87.5651 75.8068
threshold=19.500000000000004 8.5000000000000018 158728.10500000001 413702.08000000007 1583419.0000000002 3308950.5000000005 14.500000000000002 12412037.500000002 18303523.500000004 266664.00000000006 16.500000000000004 2881458.0800000005 43932.250000000007 10.500000000000002 5200374.0000000009 4688664.0000000009 13703104.500000002 8608224.0000000019 5277941.0000000009 5657443.5000000009 2398265.0000000005 15266.000000000002 49193.250000000007 25282.500000000004 24795.541666666668 0.14835164835164838 5.5000000000000009 1907.5000000000002 66873.585000000021 175.50000000000003
decision_type=2 2 2 2 2 2 2 2 2 2 2 2 2 2 2 2 2 2 2 2 2 2 2 2 2 2 2 2 2 2
left_child=1 10 9 4 13 6 -5 17 15 16 12 20 -1 -4 21 -9 -3 18 -7 -20 -8 23 -15 25 -2 29 27 -27 -29 -14
right_child=24 2 3 5 -6 7 11 8 -10 -11 -12 -13 14 22 -16 -17 -18 -19 19 -21 -22 -23 -24 -25 -26 26 -28 28 -30 -31
leaf_value=0.0054600549556157677 -0.0010649845700158884 0.0034984043923514951 0.0043992417040994202 0.0094021247472609003 -0.0019202655876059769 -0.00068369174295722216 0.002334855432623881 0.01609222137166293 -0.00039839900028924017 0.0095016906861309942 -0.0031050940189515461 -0.0033600259991530381 0.00027536004685105607 -0.00070819971041359076 -0.0057976940370437421 -7.5686895842164156e-05 -0.030386136446102552 -0.0060281424510081122 -0.0054305628531468586 0.0072972786707490526 0.012577802016078122 -0.0037646607516208519 -0.010411020862355288 -0.0057468177198507281 -0.018128928233486476 0.0018309115053372739 0.0013638693183232646 -0.00024280266248084549 -0.018155694929011361 -0.0060294458083221883
leaf_weight=5865 3383 11648 2393 4236 2539 15691 4917 5591 10980 3454 16623 2471 117531 13674 5477 1629 660 7285 202 2309 772 3516 1001 2091 1826 1147 2103 673 1773 2457
leaf_count=5865 3383 11648 2393 4236 2539 15691 4917 5591 10980 3454 16623 2471 117531 13674 5477 1629 660 7285 202 2309 772 3516 1001 2091 1826 1147 2103 673 1773 2457
internal_value=0 0.000481312 0.0030228 0.00122432 -0.00738853 0.00423543 0.0139548 0.00147761 0.0081671 0.0116592 -0.000978128 0.00494022 -1.02854e-05 -0.00394661 -0.000615626 0.0215343 0.00669624 -0.00329929 0.000609224 0.0245211 0.0131103 -5.91946e-05 -0.00714347 0.000387665 -0.0119162 0.000719036 -0.0109614 -0.0201291 -0.0312794 0.00127352
internal_weight=0 250708 91452 75690 19607 56083 12396 43687 18200 15762 159256 8160 142633 17068 136768 7220 12308 25487 18202 2511 5689 131291 14675 127775 5209 125684 5696 3593 2446 119988
internal_count=255917 250708 91452 75690 19607 56083 12396 43687 18200 15762 159256 8160 142633 17068 136768 7220 12308 25487 18202 2511 5689 131291 14675 127775 5209 125684 5696 3593 2446 119988
is_linear=0
shrinkage=0.1


Tree=73
num_leaves=31
num_cat=0
split_feature=127 126 0 62 4 0 76 123 123 0 0 13 64 62 137 4 13 67 137 3 62 4 20 133 123 4 0 134 2 127
split_gain=80.2342 97.9619 98.4613 112.313 110.711 130.589 119.541 127.107 163.935 155.484 139.234 133.698 103.025 116.21 101.02 97.5578 96.262 94.762 93.5412 106.124 103.479 160.682 100.749 90.8649 89.7781 105.195 136.544 90.2673 94.3513 86.2769
threshold=0.14835164835164838 0.45227272727272733 329207.00000000006 274734.50000000006 599168.45500000007 18303523.500000004 5.5000000000000009 1455160.5000000002 897136.50000000012 5805505.5000000009 1215838.0000000002 4131566.0000000005 0.51282565336294295 2626447.5000000005 241716.00000000003 1025359.3900000001 2339262.5000000005 12.500000000000002 27.500000000000004 197301.05500000002 1507977.5000000002 177653.45000000004 2.5000000000000004 10.000000000000002 60952.000000000007 170850.91 2214.5000000000005 137268.00000000003 418655.32500000007 0.9640151515151516
decision_type=2 2 2 2 2 2 2 2 2 2 2 2 2 2 2 2 2 2 2 2 2 2 2 2 2 2 2 2 2 2
left_child=1 2 3 -1 5 6 7 8 14 11 -10 18 13 16 -4 -14 -6 24 20 -20 -9 -22 -21 -12 25 27 -27 28 -2 -26
right_child=17 -3 4 -5 12 -7 -8 9 10 -11 23 -13 15 -15 -16 -17 -18 -19 19 22 21 -23 -24 -25 29 26 -28 -29 -30 -31
leaf_value=0.0057223388626081121 0.00567882740692216 -0.0018559148749849542 0.0012249447032585794 0.025362010604656527 0.0047617051746989157 -0.02228594995398421 -0.0019798021136976382 -0.005964476015537159 0.0081020991155534745 0.0016909741169393562 0.0034877887218501382 -0.0027323400758304263 0.0032796040388017806 0.0039264469710002057 -0.0010194363778728119 -0.00042312951422539551 -0.0081042280671616007 -0.0078946817677318544 -0.0037281234251870833 0.0032904961905774253 0.0041297281377576161 0.00012160935354163659 -0.0013152247109087171 0.00066191910820639097 -0.0011257541045856633 -0.0025785105568585393 0.0010280480595906509 -0.004707459349798263 -0.0054028543887531593 1.1296208315341353e-05
leaf_weight=14670 11797 12413 21106 956 3610 1803 9162 235 776 1542 1378 787 11163 5370 7452 21031 1179 2840 425 538 340 977 5365 3608 41558 6232 16392 1264 430 49518
leaf_count=14670 11797 12413 21106 956 3610 1803 9162 235 776 1542 1378 787 11163 5370 7452 21031 1179 2840 425 538 340 977 5365 3608 41558 6232 16392 1264 430 49518
internal_value=0 0.00206275 0.00298539 0.0103566 0.00180822 -0.00113038 -0.000241432 0.0018989 0.00481284 -0.007897 0.0201993 -0.0131025 0.0056586 0.0144385 0.00170839 0.00288804 0.00311295 -0.001479 -0.00917735 -0.0145731 0.0128228 0.0237302 -0.0110983 0.0140668 -0.00107561 0.00314345 -0.0010242 0.0101325 0.0127625 -0.00274862
internal_weight=0 125886 113473 15626 97847 55494 53691 44529 34320 10209 5762 8667 42353 10159 28558 32194 4789 130031 7880 6328 1552 1317 5903 4986 127191 36115 22624 13491 12227 91076
internal_count=255917 125886 113473 15626 97847 55494 53691 44529 34320 10209 5762 8667 42353 10159 28558 32194 4789 130031 7880 6328 1552 1317 5903 4986 127191 36115 22624 13491 12227 91076
is_linear=0
shrinkage=0.1


Tree=74
num_leaves=31
num_cat=0
split_feature=99 0 90 17 18 94 20 1 6 26 134 53 75 2 62 123 4 134 4 13 92 22 4 92 13 84 6 4 64 2
split_gain=75.1934 73.8695 85.2024 75.553 92.3638 83.4676 89.3036 77.2539 73.8873 102.207 112.37 89.2399 117.666 98.8142 93.9647 90.3702 81.126 80.4376 121.042 99.4127 76.3685 71.1406 66.2434 107.832 67.556 66.8819 65.0938 63.8095 62.7273 61.9883
threshold=1.0000000180025095e-35 78371462.500000015 4.685151257114633 3.5000000000000004 1.0000000180025095e-35 3.1970394676121434 3.5000000000000004 159938.50000000003 47.083333333333343 550917.00000000012 24362.000000000004 6820.0000000000009 2.5000000000000004 3576176.3300000005 274734.50000000006 3791779.5000000005 599168.45500000007 1766262.0000000002 161399.10000000001 2674133.0000000005 12068.800000000001 4.5000000000000009 599168.45500000007 68725.583333333358 576738.00000000012 30.500000000000004 174.08333333333334 1798857.8400000001 0.068639083259193157 1329973.8800000001
decision_type=2 2 2 2 2 2 2 2 2 2 2 2 2 2 2 2 2 2 2 2 2 2 2 2 2 2 2 2 2 2
left_child=1 2 3 4 8 -6 -7 -5 17 10 11 13 -13 14 -10 -16 -17 18 21 -19 -20 28 23 25 -24 -9 -12 -15 -1 -26
right_child=-2 -3 -4 7 5 6 -8 22 9 -11 26 12 -14 27 15 16 -18 19 20 -21 -22 -23 24 -25 29 -27 -28 -29 -30 -31
leaf_value=0.0037507141639350652 0.034560529531327953 -0.019700710048807715 0.0047337538542646116 0.00096831575387448972 -0.001307740101482252 -0.0097069406669763499 0.0024068355933954491 -0.0013786545095465176 0.001869422824237832 -0.0050550090425607432 4.094070884898418e-05 0.0056754673348690891 -0.074535527622573455 -0.0017713373353391516 0.0043672540498332019 -0.0015492136042867196 0.0054265324632055247 0.0050943586639775832 -0.0003407914345788304 0.00065382581301307713 0.010573460078006199 0.0065354247388994761 0.004738267038077594 -0.013179077119428837 0.0020988510841902872 0.020616531983596028 -0.0038738999503968165 0.0023840925405695899 -0.00019595990893392923 -0.0028564809763958702
leaf_weight=5212 238 2022 8105 15791 35406 527 7580 25775 11653 3939 65956 481 321 1224 7328 595 166 4090 20357 6291 678 4071 2078 958 3783 300 4862 822 5382 9926
leaf_count=5212 238 2022 8105 15791 35406 527 7580 25775 11653 3939 65956 481 321 1224 7328 595 166 4090 20357 6291 678 4071 2078 958 3783 300 4862 822 5382 9926
internal_value=0 0.000232147 0.000383905 5.09332e-05 0.00103311 -0.00300247 0.00615041 -0.00308175 0.00225742 0.000695831 0.00136123 0.00750233 -0.0252576 0.0087082 0.0108762 0.0191567 -0.0136427 0.00555632 0.00330336 0.0133042 -0.00155851 0.0102771 -0.00528647 -0.0082922 -0.00013957 -0.00708161 -0.000597702 -0.0122109 0.0059595 -0.00268641
internal_weight=0 255679 253657 245552 186941 43513 8107 58611 143428 97347 93408 22590 802 21788 19742 8089 761 46081 35700 10381 21035 14665 42820 27033 15787 26075 70818 2046 10594 13709
internal_count=255917 255679 253657 245552 186941 43513 8107 58611 143428 97347 93408 22590 802 21788 19742 8089 761 46081 35700 10381 21035 14665 42820 27033 15787 26075 70818 2046 10594 13709
is_linear=0
shrinkage=0.1


Tree=75
num_leaves=31
num_cat=0
split_feature=127 124 92 127 123 4 1 134 129 2 126 0 62 4 76 137 123 13 92 4 123 123 0 0 1 20 123 138 137 1
split_gain=71.0309 93.4452 114.655 78.6074 74.4957 104.573 150.178 94.1529 81.9744 76.502 69.0167 80.2463 110.06 97.1585 101.23 104.79 97.4394 132.99 126.445 93.9485 91.2814 150.705 135.537 133.356 86.2301 90.8608 102.671 129.99 89.8349 81.8622
threshold=0.14835164835164838 16.500000000000004 17387.500000000004 1.4226190476190477 25009.000000000004 170850.91 2126.0000000000005 153340.00000000003 1.0000000180025095e-35 418655.32500000007 0.45227272727272733 329207.00000000006 274734.50000000006 603651.71000000008 5.5000000000000009 26.500000000000004 2000454.5000000002 1609380.5000000002 0.0045641976046208949 966586.27500000014 1506011.0000000002 897136.50000000012 1215838.0000000002 5805505.5000000009 20355031.000000004 11.500000000000002 459970.00000000006 20.500000000000004 2509592.5000000005 76775494.500000015
decision_type=2 2 2 2 2 2 2 2 2 2 2 2 2 2 2 2 2 2 2 2 2 2 2 2 2 2 2 2 2 2
left_child=10 4 3 -3 5 7 8 9 -7 -2 11 12 -1 14 15 -13 17 29 19 -18 21 24 -23 -22 25 -17 27 -27 -28 -15
right_child=1 2 -4 -5 -6 6 -8 -9 -10 -11 -12 13 -14 16 -16 20 18 -19 -20 -21 23 22 -24 -25 -26 26 28 -29 -30 -31
leaf_value=0.0050664681709451159 0.0069442250708113403 -0.0026605639313053604 -0.033886821842472097 0.010585309817700436 -0.00036771095891469503 -0.0031929577360960207 0.0016370965272232538 -0.0068096075484060051 0.0077617836647918661 -0.0086408638302561316 -0.0016202009032188825 0.0014447497705758125 0.022493719950276648 0.0069395987011609435 -0.0019034820686474494 -0.0010522544119628567 0.0038087861860542031 -0.0029766759254517441 0.0077878582643672563 0.00088848947538995311 -0.0012486524999831682 0.0068034544041247827 0.001271609904228403 0.0013064837163068342 -0.042515217669930341 0.0040756209690487833 -0.0041996302890235813 -0.0012722167635965899 0.0087685591719416367 -0.014787347213562141
leaf_weight=14670 8668 7719 884 487 94563 5258 10781 773 629 269 12413 6214 956 5966 9434 11428 4029 14283 3550 13251 7364 538 5228 1636 865 6760 1352 4938 233 778
leaf_count=14670 8668 7719 884 487 94563 5258 10781 773 629 269 12413 6214 956 5966 9434 11428 4029 14283 3550 13251 7364 538 5228 1636 865 6760 1352 4938 233 778
internal_value=0 -0.00140014 -0.0111784 -0.00749218 -0.000665199 0.00403394 -0.000771756 0.0122833 -0.0136171 0.0151793 0.00193229 0.00270672 0.00936123 0.00164401 -0.00108055 0.000833535 0.00528851 0.000486318 0.0101361 0.0066047 -0.00102846 0.00152054 0.0161248 -0.00990522 -0.00177192 -0.000685559 0.00493889 0.00817509 -0.0189457 0.01206
internal_weight=0 130031 9090 8206 120941 26378 16668 9710 5887 8937 125886 113473 15626 97847 55990 46556 41857 21027 20830 17280 40342 31342 5766 9000 25576 24711 13283 11698 1585 6744
internal_count=255917 130031 9090 8206 120941 26378 16668 9710 5887 8937 125886 113473 15626 97847 55990 46556 41857 21027 20830 17280 40342 31342 5766 9000 25576 24711 13283 11698 1585 6744
is_linear=0
shrinkage=0.1


Tree=76
num_leaves=31
num_cat=0
split_feature=128 0 0 13 0 4 4 0 20 20 3 92 20 13 123 0 126 123 2 0 94 0 4 0 0 0 62 4 5 134
split_gain=71.119 77.9639 237.936 174.879 130.568 160.796 164.267 121.443 128.46 118.497 194.259 213.51 196.809 146.215 142.595 151.492 147.162 129.687 152 117.358 116.529 134.462 115.627 122.78 234.226 210.15 109.699 109.604 108.333 109.37
threshold=0.27922077922077926 1412548.0000000002 1713562.0000000002 717804.00000000012 2669445.0000000005 428533.13000000006 293943.93500000006 3815675.5000000005 1.5000000000000002 24.500000000000004 1092303.5300000005 84746.000000000015 16.500000000000004 132.50000000000003 574758.00000000012 817102.50000000012 0.59166666666666667 23339.500000000004 1396407.9300000004 18303523.500000004 7059.406976744187 3099318.0000000005 446279.27500000008 12412037.500000002 7711609.5000000009 15979568.000000002 5710496.0000000009 100084.64000000001 5.5000000000000009 169673.50000000003
decision_type=2 2 2 2 2 2 2 2 2 2 2 2 2 2 2 2 2 2 2 2 2 2 2 2 2 2 2 2 2 2
left_child=1 3 27 9 -4 6 19 -8 -9 10 11 14 -12 -11 15 16 17 18 28 20 21 -6 -7 24 26 -25 -24 -3 -1 -30
right_child=-2 2 4 -5 5 22 7 8 -10 13 12 -13 -14 -15 -16 -17 -18 -19 -20 -21 -22 -23 23 25 -26 -27 -28 -29 29 -31
leaf_value=0.00053756945453182776 -0.0042302693197535995 -0.010038109953365874 0.0010394038861158133 0.0017831809502013775 -0.001028938750250129 0.0025528607537720488 -0.0021175721820663241 0.0074421795119322572 -0.0015504358552905992 -0.010113308463614953 0.0062285351255728563 -0.009039279764830592 -0.0034965178157839397 0.0028700801340255768 0.0042881489193822035 -0.0023414331904909962 -0.0060047864493670833 -0.00079720895597457098 -0.0083712920413692386 -0.038828777306719568 -0.013548381718394037 0.0012658700237248234 0.00015411880345523579 0.013992374672746655 -0.0055052087415466749 0.00015850518814679583 0.0097041955798934168 -0.0013380666927145859 0.0067620067831689057 -0.0037759260050285737
leaf_weight=18289 5937 667 19678 13984 3212 1696 4664 188 4377 479 2469 1261 774 17588 1403 6171 2707 36870 364 1042 1047 7106 36605 7376 15922 19982 1114 10233 10958 1754
leaf_count=18289 5937 667 19678 13984 3212 1696 4664 188 4377 479 2469 1261 774 17588 1403 6171 2707 36870 364 1042 1047 7106 36605 7376 15922 19982 1114 10233 10958 1754
internal_value=0 0.000440411 -0.0011906 0.0023526 5.44784e-05 -0.00135473 -0.0090298 -0.0191326 -0.00753769 0.000902653 -0.000694543 -0.00166983 0.0232974 0.00824196 -0.00101422 -0.00158905 -0.000281804 0.000625361 0.00535207 -0.00151478 0.00143013 0.0046557 0.000653345 0.000112263 -0.0026682 0.00556394 0.00162507 -0.0153558 0.0061064 0.013197
internal_weight=0 249980 134909 115071 124009 104331 21636 9229 4565 101087 83020 79777 3243 18067 78516 77113 70942 68235 31365 12407 11365 10318 82695 80999 53641 27358 37719 10900 31001 12712
internal_count=255917 249980 134909 115071 124009 104331 21636 9229 4565 101087 83020 79777 3243 18067 78516 77113 70942 68235 31365 12407 11365 10318 82695 80999 53641 27358 37719 10900 31001 12712
is_linear=0
shrinkage=0.1


Tree=77
num_leaves=31
num_cat=0
split_feature=124 66 66 0 62 20 138 136 3 84 93 94 2 3 93 67 1 127 26 137 20 99 134 137 75 137 134 4 29 138
split_gain=77.5699 72.9385 93.0493 77.8462 121.454 95.3986 70.1078 72.9603 70.1048 64.2883 63.9088 106.344 153.774 111.166 97.3599 82.2207 68.5355 65.8741 62.6231 62.4175 62.1362 61.7448 61.0593 60.957 64.2757 58.8485 130.856 72.6244 67.8865 72.2887
threshold=5.5000000000000009 145336.00000000003 4.5000000000000009 2624453.0000000005 974720.50000000012 24.500000000000004 24.500000000000004 3.5000000000000004 523766.42000000004 43.500000000000007 1.5000000000000002 8513.8333333333358 558678.3400000002 1111544.9450000001 1.0000000180025095e-35 11.500000000000002 81152.000000000015 1.4226190476190477 334484.00000000006 137390.00000000003 34.500000000000007 1.0000000180025095e-35 423356.50000000006 3061093.0000000005 168268.50000000003 820176.50000000012 957736.00000000012 1603717.3200000001 71772.000000000015 12.500000000000002
decision_type=2 2 2 2 2 2 2 2 2 2 2 2 2 2 2 2 2 2 2 2 2 2 2 2 2 2 2 2 2 2
left_child=6 2 10 4 -4 -6 7 9 -5 21 14 12 -12 16 18 -16 -13 -14 23 -9 -18 -1 -15 24 25 28 27 -27 29 -2
right_child=1 -3 3 8 5 -7 -8 19 -10 -11 11 13 17 22 15 -17 20 -19 -20 -21 -22 -23 -24 -25 -26 26 -28 -29 -30 -31
leaf_value=0.0003072285475691583 2.5660723701343412e-05 -0.0080497722822121306 0.0028037743754253165 -0.0021869024220968411 0.010953068792931902 -0.0036061992871585912 -0.0023345121167301364 0.0069159528728869185 0.0015654644159550425 0.0054635538472017631 0.0045245673727799755 0.0056922604061690864 -0.0026529905784867833 0.0046562593139916082 0.0023340174295312988 -0.0094950177008973971 -0.013279980658815405 0.0076655360990796678 -0.010552553083992895 0.0018912746480454824 -0.0030128069160358707 0.030982968101892539 -0.047951151596406241 -0.013545619672946853 -0.017160544888324015 0.0028086565186144774 -0.002882307798992212 -0.0081185343302890185 -0.012395789968292624 -0.0013634565480976581
leaf_weight=98084 51248 2650 4526 1143 1107 180 7095 2686 2679 4241 3474 288 4441 1009 13184 955 3087 348 1843 2784 832 234 369 6983 514 8852 8267 1263 943 20608
leaf_count=98084 51248 2650 4526 1143 1107 180 7095 2686 2679 4241 3474 288 4441 1009 13184 955 3087 348 1843 2784 832 234 369 6983 514 8852 8267 1263 943 20608
internal_value=0 -0.00140045 -0.0010852 0.00839312 0.0156816 0.0427881 0.00209919 0.00273161 -0.00269219 0.00213143 -0.00179585 -0.00821278 -0.00100824 -0.0188719 -0.00102085 0.00674883 -0.0269463 -0.0126271 -0.00211371 0.0139846 -0.0304064 0.00161144 0.00577917 -0.0017726 -0.00108672 -0.000887936 0.00416777 0.0117954 -0.00216452 -0.00181469
internal_weight=0 140793 138143 9635 5813 1287 115124 108029 3822 102559 128508 13848 8263 5585 114660 14139 4207 4789 100521 5470 3919 98318 1378 98678 91695 91181 18382 10115 72799 71856
internal_count=255917 140793 138143 9635 5813 1287 115124 108029 3822 102559 128508 13848 8263 5585 114660 14139 4207 4789 100521 5470 3919 98318 1378 98678 91695 91181 18382 10115 72799 71856
is_linear=0
shrinkage=0.1


Tree=78
num_leaves=31
num_cat=0
split_feature=92 21 138 3 4 0 20 92 138 13 123 4 134 94 13 123 94 123 138 52 137 64 4 63 0 4 134 94 4 66
split_gain=72.9091 74.9678 102.439 102.39 102.569 150.259 134.112 106.477 122.058 101.881 90.1581 113.155 99.2081 84.4063 85.9699 83.1025 82.719 80.5769 88.4106 103.101 91.6252 102.674 75.5349 84.2766 75.4642 99.1827 73.3664 155.087 71.2972 99.9676
threshold=358235.50000000006 8.5000000000000018 12.500000000000002 3167364.5500000003 599168.45500000007 15046034.000000002 39.500000000000007 109157.87500000001 36.500000000000007 4989435.0000000009 3046769.0000000005 12060.200000000003 1249350.5000000002 0.24000250000000004 1145609.0000000002 2000454.5000000002 20400.750000000004 3377486.5000000005 9.5000000000000018 937.50000000000011 386585.50000000006 0.83311029004815984 420616.39500000008 168.76576580421224 5956120.0000000009 367918.76500000001 4239346.0000000009 3268.0178571428573 49403.06500000001 15266.000000000002
decision_type=2 2 2 2 2 2 2 2 2 2 2 2 2 2 2 2 2 2 2 2 2 2 2 2 2 2 2 2 2 2
left_child=1 2 9 4 5 6 7 17 -9 26 11 -4 -12 14 -6 -16 -8 18 20 -20 22 -22 23 -3 25 -19 28 -28 -1 -30
right_child=-2 3 10 -5 13 -7 16 8 -10 -11 12 -13 -14 -15 15 -17 -18 24 19 -21 21 -23 -24 -25 -26 -27 27 -29 29 -31
leaf_value=0.002655956517213065 -0.019610789825051579 0.00080648416546537415 0.0060268444304256708 -0.0019104334022451597 0.0085643068074050099 -0.022276763310027904 0.0053614291045212649 -0.0098363578017145702 0.020056152934977436 -0.0056318173843441736 0.0051445948145601083 -0.0033477942441327152 -0.0016655208471910267 0.0054410014711254052 -0.0014605847569911497 0.0036007835874408093 -0.0032496525872511384 0.00025063447445116408 -0.00021658802501496924 -0.026109921569556591 0.013227361404616365 0.00049372007014262978 0.0074922804429840388 -0.0077438277896472009 0.0054785061085962476 -0.002282376791415412 0.0056118407052630449 -0.028124639440835337 -6.333302006698841e-06 -0.0047373832477153677
leaf_weight=10340 2397 8216 1785 11272 3616 1958 7412 778 111 5496 1584 20724 3967 10159 12757 8066 1475 424 22089 651 842 668 1339 559 131 797 5785 239 107769 2511
leaf_count=10340 2397 8216 1785 11272 3616 1958 7412 778 111 5496 1584 20724 3967 10159 12757 8066 1475 424 22089 651 842 668 1339 559 131 797 5785 239 107769 2511
internal_value=0 0.000351561 -0.000960903 0.00260463 0.00383238 0.000813252 0.00198071 -0.000694602 -0.0348798 0.000204369 -0.0064484 -0.00926332 0.00496595 0.00797301 0.00478848 0.0023169 0.0130001 0.000156296 0.00109842 -0.00252804 0.00819286 0.0311703 0.00476237 0.00138655 -0.0237899 -0.0315285 0.000782813 0.011553 0.000244929 -0.000499526
internal_weight=0 253520 160200 93320 82048 47450 45492 36605 889 132140 28060 22509 5551 34598 24439 20823 8887 35716 34364 22740 11624 1510 10114 8775 1352 1221 126644 6024 120620 110280
internal_count=255917 253520 160200 93320 82048 47450 45492 36605 889 132140 28060 22509 5551 34598 24439 20823 8887 35716 34364 22740 11624 1510 10114 8775 1352 1221 126644 6024 120620 110280
is_linear=0
shrinkage=0.1


Tree=79
num_leaves=31
num_cat=0
split_feature=127 124 92 2 20 1 126 0 62 25 65 66 93 134 13 66 123 0 84 21 6 64 11 92 123 20 94 138 124 124
split_gain=67.1335 80.2447 87.1855 74.8562 63.5148 62.2955 60.0577 65.2566 99.5913 80.6581 70.9225 65.5523 112.991 111.933 82.2051 80.7258 98.6258 132.416 77.4169 70.6322 75.4442 102.396 69.6998 58.6187 64.7664 74.1683 59.0042 57.6908 88.4662 201.735
threshold=0.14835164835164838 16.500000000000004 17387.500000000004 3350940.7750000004 4.5000000000000009 33353315.000000004 0.45227272727272733 329207.00000000006 274734.50000000006 42.000000000000007 3.5000000000000004 3.5000000000000004 1.5000000000000002 3527.5000000000005 169682.50000000003 15266.000000000002 274704.50000000006 2669445.0000000005 20.500000000000004 5.5000000000000009 38.083333333333343 0.89204651177911087 1.0000000180025095e-35 127550.50000000001 225.50000000000003 19.500000000000004 11965.138655462188 16.500000000000004 11.500000000000002 10.500000000000002
decision_type=2 2 2 2 2 2 2 2 2 2 2 2 2 2 2 2 2 2 2 2 2 2 2 2 2 2 2 2 2 2
left_child=6 3 -3 27 5 -5 7 8 10 11 23 12 13 19 18 16 -13 -18 -14 -9 -21 -22 -17 24 -1 -26 -27 28 29 -2
right_child=1 2 -4 4 -6 -7 -8 9 -10 -11 -12 15 14 -15 -16 22 17 -19 -20 20 21 -23 -24 -25 25 26 -28 -29 -30 -31
leaf_value=0.0088817219866064619 0.00014428292588733739 -0.0018757216182060409 -0.029660829298822446 0.016836840541340738 -0.0072043971734405028 -0.0063034287954066405 -0.0013075582020621202 -0.011305023157171211 0.019648271367685544 -0.003186313747245673 -0.14733851159961539 0.000405233210443956 -0.016020467150494863 7.4446295911125503e-05 -0.00070580278791574345 -0.0019425177403353047 0.012319195774588999 0.00091110713895488924 0.015001492294191699 0.0053703837555493742 0.0041299944587310806 -6.7273715629339741e-05 0.003566034419058828 -0.015376375624368326 -0.006005256763666967 0.011073411291727054 -0.014051954207068529 -0.0016192212037429753 0.0014940097748435744 -0.0074113889426125736
leaf_weight=10252 76208 8206 884 431 6069 590 12413 316 956 3594 285 3268 1658 60503 5156 4748 1732 2942 193 3040 2467 5429 2801 95 2692 1168 178 15301 16043 6299
leaf_count=10252 76208 8206 884 431 6069 590 12413 316 956 3594 285 3268 1658 60503 5156 4748 1732 2942 193 3040 2467 5429 2801 95 2692 1168 178 15301 16043 6299
internal_value=0 -0.00142295 -0.0104842 -0.000741898 -0.0107114 0.0123646 0.00181677 0.00253918 0.00854008 0.00158085 0.00650209 0.0021415 0.000971928 0.00215552 -0.0111486 0.00808805 0.015126 0.0244441 -0.0292261 0.0113141 0.0126609 0.0075072 0.000683708 0.00748078 0.00800127 -0.00272577 0.0164406 -0.000121055 0.00076593 -0.000555237
internal_weight=0 130031 9090 120941 7090 1021 125886 113473 15626 97847 14670 94253 78762 71755 7007 15491 7942 4674 1851 11252 10936 7896 7549 14385 14290 4038 1346 113851 98550 82507
internal_count=255917 130031 9090 120941 7090 1021 125886 113473 15626 97847 14670 94253 78762 71755 7007 15491 7942 4674 1851 11252 10936 7896 7549 14385 14290 4038 1346 113851 98550 82507
is_linear=0
shrinkage=0.1


Tree=80
num_leaves=31
num_cat=0
split_feature=29 0 63 4 123 63 137 20 52 6 64 63 20 94 18 7 20 134 3 0 0 124 124 138 134 124 20 92 137 20
split_gain=66.3266 65.0464 71.4247 98.0875 175.234 113.293 109.894 116.25 101.461 89.8 131.207 127.549 114.984 112.653 84.8712 101.26 99.2201 83.8507 75.6638 158.668 72.0406 69.879 155.603 117.463 161.269 115.002 87.6747 85.4609 83.4708 68.1597
threshold=989951.00000000012 65552849.500000007 5.8336218979305805 435164.26000000007 1539233.5000000002 4025.7954665290076 1216750.0000000002 25.500000000000004 0.01659710017911736 74.083333333333357 1.6119845263869812 1.229975109885951 21.500000000000004 3.1970394676121434 1.0000000180025095e-35 1.5000000000000002 22.500000000000004 5701.5000000000009 1001779.7750000001 12137945.500000002 3815675.5000000005 8.5000000000000018 11.500000000000002 4.5000000000000009 122286.00000000001 12.500000000000002 2.5000000000000004 43680.500000000007 56.500000000000007 13.500000000000002
decision_type=2 2 2 2 2 2 2 2 2 2 2 2 2 2 2 2 2 2 2 2 2 2 2 2 2 2 2 2 2 2
left_child=1 2 9 4 17 6 7 -5 -8 12 11 21 29 14 15 16 -14 -4 -15 -20 -6 -11 23 24 -23 -24 -26 -27 -25 -1
right_child=-2 -3 3 5 20 -7 8 -9 -10 10 -12 -13 13 18 -16 -17 -18 -19 19 -21 -22 22 25 28 26 27 -28 -29 -30 -31
leaf_value=0.00035727791183233314 -0.034208023252699282 -0.01437836190428734 0.003174543315058888 0.0083862363102829938 -0.0029777166692993044 0.00010037980922462109 0.022632260941066684 0.00089897539209087387 -0.0010950140318898907 8.8645060986150702e-05 -0.003262490280889679 0.0015111102747511315 -0.016494702481907608 0.0041600347239395393 -0.0039961550085002573 -0.0005653054144012182 0.018894568297572658 -0.00021594037479724217 -0.0042598439882180596 0.020333516718531588 -0.00011739237512699111 -0.0054883203392978811 0.0016108836129972303 0.0048535695074787277 -0.022540380879229632 -0.001113041046228266 -0.0066067892868827182 -0.034631031877380515 -0.0053881732394537975 0.0016249285981900067
leaf_weight=68330 593 3038 4767 6494 1565 11649 325 3903 5238 26795 22921 16036 136 4768 13698 8029 264 14085 2640 1087 703 2250 5745 975 1001 9739 642 866 2453 15182
leaf_count=68330 593 3038 4767 6494 1565 11649 325 3903 5238 26795 22921 16036 136 4768 13698 8029 264 14085 2640 1087 703 2250 5745 975 1001 9739 642 866 2453 15182
internal_value=0 0.000263504 0.000438655 0.00387761 -0.00125208 0.00780166 0.0132744 0.0193442 0.00193028 -0.000384589 -0.00275748 -0.000508671 0.00147455 -0.00376711 -0.00752526 0.000369873 0.0494756 0.00190733 0.00602179 -0.00465279 -0.0275136 -0.00297738 -0.00693645 -0.0190529 -0.0309391 -0.0015111 -0.0547571 -0.00768391 -0.00555432 0.00339655
internal_weight=0 255324 252286 48729 21120 27609 15960 10397 5563 203557 89423 66502 114134 30622 22127 8429 400 18852 8495 3727 2268 50466 23671 7321 3893 16350 1643 10605 3428 83512
internal_count=255917 255324 252286 48729 21120 27609 15960 10397 5563 203557 89423 66502 114134 30622 22127 8429 400 18852 8495 3727 2268 50466 23671 7321 3893 16350 1643 10605 3428 83512
is_linear=0
shrinkage=0.1


Tree=81
num_leaves=31
num_cat=0
split_feature=17 18 128 137 62 0 134 6 134 21 138 0 66 123 3 4 137 0 0 0 13 1 123 123 4 127 20 26 6 0
split_gain=64.4031 67.9458 63.1593 71.0002 87.4124 81.0222 62.5223 59.8885 94.9318 86.1514 96.2937 81.8999 80.8972 88.6486 77.6664 73.4575 114.279 69.0444 108.558 97.3345 89.2947 64.5355 70.914 119.275 82.6803 96.6954 76.1295 69.5179 77.0626 66.1698
threshold=3.5000000000000004 2.5000000000000004 0.29285714285714287 4688664.0000000009 6667027.0000000009 14195294.000000002 1253.5000000000002 110.08333333333336 3046915.5000000005 6.5000000000000009 4.5000000000000009 842225.50000000012 11923.000000000002 145288.50000000003 40927.520000000011 603651.71000000008 2509592.5000000005 12412037.500000002 8411159.5000000019 35498090.500000007 2844420.0000000005 27075595.500000004 1506011.0000000002 897136.50000000012 217437.46500000003 0.32051282051282054 11.500000000000002 1682253.0000000002 35.666666666666679 3465781.5000000005
decision_type=2 2 2 2 2 2 2 2 2 2 2 2 2 2 2 2 2 2 2 2 2 2 2 2 2 2 2 2 2 2
left_child=1 2 3 7 -5 -6 -4 9 -9 10 12 -11 -1 -14 -12 16 21 18 -17 20 -19 22 23 27 26 29 -25 -13 -29 -26
right_child=-2 -3 6 4 5 -7 -8 8 -10 11 14 15 13 -15 -16 17 -18 19 -20 -21 -22 -23 -24 24 25 -27 -28 28 -30 -31
leaf_value=0.00044995528929182437 -0.00060665187782840864 -0.0030413346617723658 0.0023119198804927069 -0.040705746339582884 0.016259012770081373 -0.0073271894524944876 -0.0066332638369694776 0.00021981850112071157 -0.0052593922441502572 0.0038572913273835496 0.0029452440363780144 -0.00052956855071539008 0.0010364350361310301 -0.010031586997168419 -0.0016832833881084365 0.0022810735351934488 0.0080490592540601955 0.018975732550858073 -0.0037189836507305566 0.0002566575900882384 0.008074811660195259 -0.023204075989131212 -0.00060437864310155338 0.0016015832390453258 0.0061645095044101971 0.0001860894617339397 -0.0014465167492190576 0.011445420936701471 0.0023660686375941899 0.0031749040067143852
leaf_weight=44251 60767 6553 1672 2648 845 2724 3321 30626 8064 17093 2323 13687 449 500 11960 14832 1042 2264 5190 4206 5984 794 7582 490 1396 1356 794 292 1224 988
leaf_count=44251 60767 6553 1672 2648 845 2724 3321 30626 8064 17093 2323 13687 449 500 11960 14832 1042 2264 5190 4206 5984 794 7582 490 1396 1356 794 292 1224 988
internal_value=0 0.00103928 0.0013871 0.00168888 -0.00881523 0.00139844 -0.00971006 0.00205702 -0.0014219 0.00302748 0.000151391 0.00518718 0.00241313 -0.0264754 -0.00700612 0.00350051 -9.86804e-05 0.00678594 0.00314944 0.0126323 0.0189453 -0.00128373 -0.000481106 0.00261061 0.0159688 0.0234854 -0.00592541 -0.00180376 0.0185146 0.0356122
internal_weight=0 195150 188597 183604 6217 3569 4993 177387 38690 138697 59483 79214 45200 949 14283 62121 29645 32476 20022 12454 8248 28603 27809 20227 5024 3740 1284 15203 1516 2384
internal_count=255917 195150 188597 183604 6217 3569 4993 177387 38690 138697 59483 79214 45200 949 14283 62121 29645 32476 20022 12454 8248 28603 27809 20227 5024 3740 1284 15203 1516 2384
is_linear=0
shrinkage=0.1


Tree=82
num_leaves=31
num_cat=0
split_feature=75 105 0 0 0 0 0 137 62 62 4 13 19 5 92 22 4 3 137 62 20 62 4 92 123 0 123 123 67 20
split_gain=62.2791 62.934 71.35 64.9044 86.7936 169.834 122.771 121.608 135.026 121.301 101.04 107.162 76.1496 68.5563 67.779 62.8782 68.0066 72.5014 83.5303 75.094 88.5163 70.6133 63.4268 147.953 94.6145 101.696 89.576 110.182 83.7525 78.8905
threshold=294728.00000000006 73390.000000000015 1412548.0000000002 48169781.000000007 12412037.500000002 7711609.5000000009 15487215.500000002 152291.50000000003 5511452.5000000009 5710496.0000000009 546571.81000000006 1539260.5000000002 1.0000000180025095e-35 11.500000000000002 695645.00000000012 6.5000000000000009 5696970.1000000006 1863894.7500000002 60618.500000000007 22949.000000000004 5.5000000000000009 576035.50000000012 599168.45500000007 11356.571428571429 3793857.5000000005 5805505.5000000009 3046769.0000000005 3046037.0000000005 11.500000000000002 13.500000000000002
decision_type=2 2 2 2 2 2 2 2 2 2 2 2 2 2 2 2 2 2 2 2 2 2 2 2 2 2 2 2 2 2
left_child=1 3 -3 4 5 9 -6 13 -9 12 -8 -12 14 -7 15 16 17 22 19 20 -19 -21 24 26 -1 28 27 -24 -26 -25
right_child=-2 2 -4 -5 6 7 10 8 -10 -11 11 -13 -14 -15 -16 -17 -18 18 -20 21 -22 -23 23 29 25 -27 -28 -29 -30 -31
leaf_value=1.5046790807238639e-05 -0.0068904239261211369 0.0081283083496980265 0.00027622246669209985 -0.011942776004033685 0.011075869336895749 0.004196702073805003 -0.010291973502330576 -0.018742128381416711 0.0016362200698368579 0.0088988332554838408 0.012339455494188046 0.00012865876598615601 -0.0014469972840689639 -0.00034083922265870648 -0.055408985275267476 0.0011519458581608294 0.08517130718762625 0.0022683396029095858 -0.014553146005822915 0.0070048971961074518 -0.0052533900441843143 -0.00036754481017131678 0.0002641728364164879 0.012880116611098237 -0.0023816545202709244 0.007716692621606386 0.0022516956556012618 -0.0077984501345838555 0.00063719124801170368 0.0028321218209490205
leaf_weight=122985 2632 1677 2326 4413 6778 908 2221 9022 2927 1199 2971 11672 19015 4698 754 23348 78 417 1935 878 1174 2716 19743 1289 1017 120 5548 376 244 836
leaf_count=122985 2632 1677 2326 4413 6778 908 2221 9022 2927 1199 2971 11672 19015 4698 754 23348 78 417 1935 878 1174 2716 19743 1289 1017 120 5548 376 244 836
internal_value=0 0.00030285 0.012742 0.0001031 0.000319717 -0.000295743 0.00607881 -0.00973328 -0.0154341 0.000517701 0.00151029 0.00452485 0.000329903 0.00241792 0.000954256 0.00107773 0.000367639 0.000321923 -0.00954093 -0.00292413 -0.0210118 0.00508295 0.000783441 0.00510241 -0.000181716 -0.0262107 0.00300301 -9.92098e-05 -0.0345819 0.0304601
internal_weight=0 253285 4003 249282 244869 221227 23642 17555 11949 203672 16864 14643 202473 5606 183458 182704 159356 159278 7120 5185 1591 3594 152158 27792 124366 1381 25667 20119 1261 2125
internal_count=255917 253285 4003 249282 244869 221227 23642 17555 11949 203672 16864 14643 202473 5606 183458 182704 159356 159278 7120 5185 1591 3594 152158 27792 124366 1381 25667 20119 1261 2125
is_linear=0
shrinkage=0.1


Tree=83
num_leaves=31
num_cat=0
split_feature=99 94 93 2 0 76 53 21 3 138 13 4 4 123 137 0 123 134 1 18 13 3 10 93 75 66 62 20 20 124
split_gain=59.0514 58.0673 113.657 83.8679 97.9251 79.108 78.2115 69.153 93.9214 88.2818 90.116 81.6521 137.717 133.983 95.9791 88.0965 88.7763 80.7785 74.657 73.982 72.3917 71.1716 84.7549 97.7575 76.9018 78.6093 85.9417 71.6922 161.902 129.156
threshold=1.0000000180025095e-35 72736.277777777796 1.5000000000000002 224355.98000000001 1460420.5000000002 10.500000000000002 0.13238719556927586 8.5000000000000018 2878447.2900000005 24.500000000000004 5725364.5000000009 599168.45500000007 158728.10500000001 266664.00000000006 2528313.5000000005 3052666.5000000005 2000454.5000000002 268059.00000000006 23581.500000000004 1.0000000180025095e-35 1462201.0000000002 43932.250000000007 1.5000000000000002 225.50000000000003 50526.000000000007 59224.000000000007 95570.000000000015 13.500000000000002 17.500000000000004 10.500000000000002
decision_type=2 2 2 2 2 2 2 2 2 2 2 2 2 2 2 2 2 2 2 2 2 2 2 2 2 2 2 2 2 2
left_child=1 7 3 -3 -5 -4 -6 9 11 10 21 12 13 -9 -14 19 20 -15 -10 -13 -17 -1 -23 24 25 27 -27 -24 29 -29
right_child=-2 2 5 4 6 -7 -8 8 18 -11 -12 15 14 17 -16 16 -18 -19 -20 -21 -22 22 23 -25 -26 26 -28 28 -30 -31
leaf_value=0.0035731556788937361 0.027688116593012548 -0.027506136606919959 -0.00095671692526242487 0.0062898746786558147 0.018522893308039065 -0.010588783592047478 -0.0072491513143800885 0.0017446261361934283 -0.0064048039489272186 -0.0044682874080504342 -0.0099286809932985776 0.011989011936614115 -0.0005258113519243866 0.01014387747973087 0.0079145817385964205 0.0061117510357604488 0.0053277270044034993 -0.0016422670070932234 -0.000958372313325333 0.001288463823310065 -0.0014967481536302452 -0.0027812962638228129 -5.1795357532391512e-05 -0.011567393142085193 -0.0085524395145118118 0.004446532018318977 -0.0076276765837296314 0.0062439784290274193 0.00047827106813165267 -0.0030733965307762068
leaf_weight=7637 238 103 1812 1173 244 2819 2174 13390 498 6407 4237 2904 27235 2993 807 4005 9220 498 13796 1666 11742 10452 97043 893 1039 419 1320 3019 25114 1020
leaf_count=7637 238 103 1812 1173 244 2819 2174 13390 498 6407 4237 2904 27235 2993 807 4005 9220 498 13796 1666 11742 10452 97043 893 1039 419 1320 3019 25114 1020
internal_value=0 0.000114247 -0.00810034 0.00498227 0.00753415 -0.0185359 -0.0039675 0.000390718 0.00262585 -0.000860083 -0.000376006 0.00405114 0.00136598 0.00850215 -0.00292993 0.00813503 0.0057985 0.02595 -0.00479875 0.0209 0.00123569 3.57751e-05 -0.000475895 0.000221332 0.000449629 0.000669684 -0.0204465 0.000960668 0.00530931 0.0238919
internal_weight=0 255679 8325 3694 3591 4631 2418 247354 88754 158600 152193 74460 44923 16881 28042 29537 24967 3491 14294 4570 15747 147956 140319 129867 128974 127935 1739 126196 29153 4039
internal_count=255917 255679 8325 3694 3591 4631 2418 247354 88754 158600 152193 74460 44923 16881 28042 29537 24967 3491 14294 4570 15747 147956 140319 129867 128974 127935 1739 126196 29153 4039
is_linear=0
shrinkage=0.1


Tree=84
num_leaves=31
num_cat=0
split_feature=29 17 18 138 63 64 64 123 123 137 64 4 20 4 1 137 4 0 92 123 123 66 29 138 141 20 3 0 137 137
split_gain=58.3437 57.4332 59.5463 60.781 79.4694 85.7915 70.9614 65.8442 121.941 112.454 120.427 96.1829 131.687 106.497 93.6352 86.2297 91.9695 70.581 73.559 69.6653 66.3996 77.0718 67.8905 64.9876 64.0124 60.4945 134.608 113.883 78.4573 102.729
threshold=621295.50000000012 3.5000000000000004 1.5000000000000002 12.500000000000002 2.0000006224177449 0.40043827234963891 5.1220539633499467 1252932.5000000002 987946.00000000012 386585.50000000006 0.052309608467900469 219618.78 23.500000000000004 173195.03500000003 2293318.0000000005 360028.50000000006 237076.33000000002 2624453.0000000005 79.02500000000002 1508041.0000000002 24.500000000000004 62350.000000000007 65934.000000000015 15.500000000000002 0.14835164835164838 7.5000000000000009 164559.56000000003 36300.500000000007 10140.500000000002 180184.50000000003
decision_type=2 2 2 2 2 2 2 2 2 2 2 2 2 2 2 2 2 2 2 2 2 2 2 2 2 2 2 2 2 2
left_child=1 2 3 7 6 -6 -5 8 9 15 -11 12 13 -9 17 20 -17 18 24 -19 -1 22 25 -7 -15 28 -27 -28 -22 -30
right_child=-2 -3 -4 4 5 23 -8 11 -10 10 -12 -13 -14 14 -16 16 -18 19 -20 -21 21 -23 -24 -25 -26 26 27 -29 29 -31
leaf_value=0.0024549652647572586 -0.024820597491216859 -0.00055669936903996343 -0.0012600963766497876 -0.00073017842119957885 0.0070343887790794632 -0.0033368290033011609 -0.0078782997869937966 0.0021759842482085511 0.0032038016887853378 0.0076400399536396442 0.00130443308067702 0.00017573690710981872 -0.0064474744120162145 -0.0020138973437679518 0.0004767684785592863 -0.012345478280838477 0.0032039404286103288 -0.00082276126960263013 -0.0030297451056838383 -0.003317348936478916 0.00017066693330189953 -0.0062607362400171011 -0.011862096449063608 0.00053552075451303066 0.00051577197853532877 0.0036077572805733428 -0.004271035048176104 0.00075064197947968911 -0.0033475533332047317 0.0023682766584688687
leaf_weight=15171 809 60635 17539 19722 1560 1370 4629 500 4887 1755 13432 27311 277 865 1041 187 147 305 347 691 25869 1431 518 31997 999 7467 1995 7056 4192 1213
leaf_count=15171 809 60635 17539 19722 1560 1370 4629 500 4887 1755 13432 27311 277 865 1041 187 147 305 347 691 25869 1431 518 31997 999 7467 1995 7056 4192 1213
internal_value=0 0.000261665 0.00109949 0.00165041 -0.000960777 0.00209647 -0.00534584 0.002966 0.00442236 0.0034905 0.0112407 -0.000876682 -0.0135914 -0.00968129 -0.0148194 0.00168652 -0.048994 -0.0232781 -0.0133211 -0.0453815 0.0019473 0.000180973 0.000858446 0.00102484 -0.00545127 0.00124872 0.00614418 -0.00205522 -0.00133691 -0.0122946
internal_weight=0 255108 194473 176934 59278 34927 24351 117656 85320 80433 15187 32336 5025 4748 4248 65246 334 3207 2211 996 64912 49741 48310 33367 1864 47792 16518 9051 31274 5405
internal_count=255917 255108 194473 176934 59278 34927 24351 117656 85320 80433 15187 32336 5025 4748 4248 65246 334 3207 2211 996 64912 49741 48310 33367 1864 47792 16518 9051 31274 5405
is_linear=0
shrinkage=0.1


Tree=85
num_leaves=31
num_cat=0
split_feature=0 90 63 62 4 63 123 13 92 2 4 62 123 0 4 138 134 21 20 1 13 62 134 134 4 138 0 4 52 137
split_gain=57.1298 61.1537 55.3172 81.2394 104.253 94.7297 90.0144 80.3028 77.8748 83.5204 112.549 102.732 95.6058 101.593 92.299 86.1549 114.998 116.364 84.0281 83.9348 117.051 111.788 100.713 88.4447 76.4228 100.937 73.8046 73.1459 72.0569 79.8951
threshold=97332164.500000015 18.009806881269871 5.8336218979305805 414259.50000000006 435164.26000000007 2830.8700000000003 1539233.5000000002 1009258.0000000001 109157.87500000001 1431702.3350000002 599168.45500000007 4041271.0000000005 3793857.5000000005 5805505.5000000009 365350.06000000006 16.500000000000004 1964313.5000000002 6.5000000000000009 60.500000000000007 229.50000000000003 1386718.5000000002 8255433.5000000009 432771.50000000006 8958.5000000000018 826873.32000000018 40.500000000000007 1412548.0000000002 1111609.2700000003 0.01659710017911736 1216750.0000000002
decision_type=2 2 2 2 2 2 2 2 2 2 2 2 2 2 2 2 2 2 2 2 2 2 2 2 2 2 2 2 2 2
left_child=1 2 8 -4 6 28 7 -5 9 10 12 -12 15 14 -14 18 17 -17 -1 27 23 -22 -23 -21 25 -10 -9 -11 -6 -30
right_child=-2 -3 3 4 5 -7 -8 26 24 19 11 -13 13 -15 -16 16 -18 -19 -20 20 21 22 -24 -25 -26 -27 -28 -29 29 -31
leaf_value=0.00010297208884976206 -0.019468543834760866 0.0041660999932981932 0.0032461687741424275 -0.0018613751989662098 0.020421410521230428 -0.00054864902914217859 -0.0017263637247564969 0.0046418221905548344 -0.01345760331585742 -0.010809397876719917 0.001222292821533663 0.0071988355548997969 1.6494383190319985e-05 0.0026008553284647992 -0.0025363573304329856 -0.0055064114307485134 -0.011751743248119209 -0.0001384786708352256 0.012352573539043414 -0.00077275187381484168 -0.0038808749006806198 0.0081356394353624181 -0.0097206365603575325 0.0052211312728479755 0.0016144363146269715 0.013067133470518133 8.352474273883068e-05 -0.00046473537322738962 0.0035340561824608141 -0.001023463826573834
leaf_weight=111638 1001 7106 9527 4283 466 11146 2264 577 2186 368 21035 2208 513 336 1061 3314 1389 15549 688 3678 23287 3196 2145 4047 1413 252 7224 353 8757 4910
leaf_count=111638 1001 7106 9527 4283 466 11146 2264 577 2186 368 21035 2208 513 336 1061 3314 1389 15549 688 3678 23287 3196 2145 4047 1413 252 7224 353 8757 4910
internal_value=0 0.000242278 -2.00021e-05 0.0029836 0.000990235 0.00485448 -0.00581798 -0.00238957 -0.000763191 -0.000484814 0.000519044 0.00694455 -0.00059145 -0.0228051 -0.0334608 -0.000271426 -0.00627501 -0.00423018 0.000810999 -0.00475572 -0.00408563 -0.00703325 0.00601484 0.00683793 -0.0148451 -0.0255696 0.00365074 -0.0385419 0.0102908 0.00897232
internal_weight=0 254916 247810 49154 39627 25279 14348 12084 198656 194805 157731 23243 134488 1910 1574 132578 20252 18863 112326 37074 36353 28628 5341 7725 3851 2438 7801 721 14133 13667
internal_count=255917 254916 247810 49154 39627 25279 14348 12084 198656 194805 157731 23243 134488 1910 1574 132578 20252 18863 112326 37074 36353 28628 5341 7725 3851 2438 7801 721 14133 13667
is_linear=0
shrinkage=0.1


Tree=86
num_leaves=31
num_cat=0
split_feature=127 127 0 4 4 127 0 2 124 13 3 22 20 4 2 4 127 4 4 13 3 134 123 62 4 4 20 4 21 4
split_gain=54.164 60.668 81.5636 121.01 79.2149 80.0477 70.7823 63.2681 63.0955 61.0181 59.0536 90.3409 113.87 134.953 129.515 68.5626 67.4949 58.2736 85.8673 75.837 58.2619 56.4946 63.1307 58.5651 54.8848 54.1296 84.0239 74.1776 54.0372 52.8185
threshold=0.17156862745098042 0.9640151515151516 233354.50000000003 1445428.5550000002 55532.410000000011 0.74166666666666681 250897.50000000003 3164130.2650000001 1.0000000180025095e-35 38699.500000000007 251830.99000000002 3.5000000000000004 1.5000000000000002 293943.93500000006 398764.50500000006 398277.70000000007 0.79285714285714304 100084.64000000001 119685.82000000001 298611.50000000006 171845.40500000003 551.50000000000011 1660.5000000000002 180943.00000000003 170850.91 127591.395 2.5000000000000004 100084.64000000001 3.5000000000000004 91160.010000000024
decision_type=2 2 2 2 2 2 2 2 2 2 2 2 2 2 2 2 2 2 2 2 2 2 2 2 2 2 2 2 2 2
left_child=-1 4 3 24 6 7 -2 28 -4 -5 20 12 13 -12 -14 -13 -16 19 -19 -10 25 -22 -23 -24 -3 27 -27 -7 -6 -21
right_child=1 2 8 9 5 10 -8 -9 17 -11 11 15 14 -15 16 -17 -18 18 -20 29 21 22 23 -25 -26 26 -28 -29 -30 -31
leaf_value=0.0003290183843607921 0.0074463329506066159 0.0084848668298079799 0.0030442474696560891 -0.0083845938357408195 -0.024566642151139684 -0.0055472264791040062 -0.000805801299603548 -0.0044139612703370861 -0.0076283356909968352 0.019465833324185673 -0.0095208594054119761 -0.0043418158883328645 0.0048431730187805076 0.0023673793696255404 -0.0049095475411621336 0.00018542965624647191 -0.014356564354925687 0.0063671469216503469 -0.00010571149983420688 0.00031026570689092204 0.0076606628683267286 -0.0075255619032663429 0.0019935240279088328 -0.001695197766771471 0.00063005170400882125 -0.021713279931618115 8.3589186844701402e-05 0.0087542019543172429 -0.00018335219773279836 -0.009435809360776615
leaf_weight=126193 2738 5046 958 581 149 1940 1960 4701 2670 101 330 1241 116 950 1298 3146 874 1314 44416 3517 486 326 1973 642 3735 357 285 523 43051 300
leaf_count=126193 2738 5046 958 581 149 1940 1960 4701 2670 101 330 1241 116 950 1298 3146 874 1314 44416 3517 486 326 1973 642 3735 357 285 523 43051 300
internal_value=0 -0.00130003 0.000938006 0.00949199 -0.00338968 -0.00433264 0.00913255 -0.00236275 -0.000584258 -0.0310847 -0.010846 -0.0166315 -0.0284481 -0.00456369 -0.04181 -0.00702086 -0.0473083 -0.00105083 0.000207371 -0.00992053 -0.00380021 0.00518944 -2.99204e-05 0.00514312 0.0126435 -0.0137221 -0.0395835 -0.00698116 -0.00116388 -0.000877516
internal_weight=0 129724 62638 9463 67086 62388 4698 47901 53175 682 14487 7955 3568 1280 2288 4387 2172 52217 45730 6487 6532 3427 2941 2615 8781 3105 642 2463 43200 3817
internal_count=255917 129724 62638 9463 67086 62388 4698 47901 53175 682 14487 7955 3568 1280 2288 4387 2172 52217 45730 6487 6532 3427 2941 2615 8781 3105 642 2463 43200 3817
is_linear=0
shrinkage=0.1


Tree=87
num_leaves=31
num_cat=0
split_feature=92 134 4 4 137 148 20 137 0 94 11 74 20 62 138 4 126 123 0 2 1 20 4 3 137 0 134 62 4 48
split_gain=51.7989 52.3384 58.6517 163.607 158.428 129.062 121.637 125.069 120.314 158.875 137.344 117.051 109.119 131.45 145.602 119.169 114.708 91.3409 119.498 106.279 166.906 107.802 111.427 134.621 102.733 98.383 91.9975 107.422 112.137 93.7138
threshold=695645.00000000012 54706099.500000007 413702.08000000007 299157.88500000007 899506.50000000012 54211.000000000007 20.500000000000004 1161785.0000000002 233354.50000000003 2469.3417816571368 1.0000000180025095e-35 1.0000000180025095e-35 12.500000000000002 1317817.5000000002 20.500000000000004 221711.19000000003 0.069047619047619066 574758.00000000012 1148832.5000000002 210698.96500000005 874036.00000000012 2.5000000000000004 100084.64000000001 85997.360000000015 65.500000000000014 1357652.0000000002 1683990.5000000002 1008633.5000000001 175590.51000000004 28.000000000000004
decision_type=2 2 2 2 2 2 2 2 2 2 2 2 2 2 2 2 2 2 2 2 2 2 2 2 2 2 2 2 2 2
left_child=1 2 3 4 5 8 7 -4 -1 12 11 -11 17 14 16 -15 -14 19 -19 21 24 -10 23 -23 -21 -22 27 -20 -29 -30
right_child=-2 -3 6 -5 -6 -7 -8 -9 9 10 -12 -13 13 15 -16 -17 -18 18 26 20 25 22 -24 -25 -26 -27 -28 28 29 -31
leaf_value=0.0018021437918259943 -0.037084874872232956 -0.013578913248661629 0.0015740730254041547 -0.0012377331225238012 0.0026895914321460016 -0.026137425938239024 -0.00054138358609337966 -0.0012576711266690833 -0.0054212397302285664 -0.00027160357477943323 0.018677373802434036 -0.0084261642124579487 0.0030902693271919689 -0.0019084097567662502 -0.0011951537390957065 0.00064333606057985417 -0.0012715027775025884 0.0029141917998625078 -0.0026073720624219289 -0.0012572339170199066 0.0053051970179217745 0.00018917334957799792 0.0028362945501886169 -0.0058753850695376642 -0.0059236825744899864 -0.00051445628621435955 0.0034365862079386738 0.0023804232300831509 -0.00076405266019341847 0.00070641018520533239
leaf_weight=34170 1427 2400 52135 19111 4002 553 43467 15767 4380 3256 430 6084 13917 2402 7126 1667 2433 2432 2267 2336 700 11614 3302 2119 3788 2955 781 668 4229 3999
leaf_count=34170 1427 2400 52135 19111 4002 553 43467 15767 4380 3256 430 6084 13917 2402 7126 1667 2433 2432 2267 2336 700 11614 3302 2119 3788 2955 781 668 4229 3999
internal_value=0 0.000236838 0.000376766 -0.000980188 0.000371505 -0.000294308 0.00209135 0.00473553 -6.66152e-05 -0.0021251 -0.0141021 -0.0166461 -0.000524682 0.00444428 0.0073203 -0.0121488 0.0125195 -0.0035282 0.00306672 -0.00656752 -0.0152053 -0.00262315 0.0009745 -0.00299129 -0.0252981 0.0017055 -0.00104731 -0.0033687 0.00158333 -0.00161569
internal_weight=0 254490 252090 140721 121610 117608 111369 67902 117055 82885 9770 9340 73115 27545 23476 4069 16350 45570 14376 31194 9779 21415 17035 13733 6124 3655 11944 11163 8896 8228
internal_count=255917 254490 252090 140721 121610 117608 111369 67902 117055 82885 9770 9340 73115 27545 23476 4069 16350 45570 14376 31194 9779 21415 17035 13733 6124 3655 11944 11163 8896 8228
is_linear=0
shrinkage=0.1


Tree=88
num_leaves=31
num_cat=0
split_feature=137 62 134 22 3 138 10 66 137 4 3 13 75 6 134 14 2 29 90 0 0 0 0 4 0 137 62 148 20 137
split_gain=50.0108 107.087 76.7128 60.3258 82.7738 107.421 113.455 98.6656 95.8222 152.737 163.446 96.0285 92.3359 76.6234 121.957 86.0816 77.7204 71.6931 71.5217 67.9512 124.799 67.7014 62.8352 59.7114 76.6073 68.7043 67.4518 62.1415 80.3097 74.3471
threshold=4688664.0000000009 5848705.0000000009 432771.50000000006 4.5000000000000009 40927.520000000011 4.5000000000000009 1.5000000000000002 8337.5000000000018 27.500000000000004 100084.64000000001 118293.53000000001 76497.000000000015 28751.000000000004 110.08333333333336 1920468.5000000002 3.5000000000000004 758871.59500000009 66609.000000000015 0.99094888525171398 485161.00000000006 574003.00000000012 286401.00000000006 737174.50000000012 413702.08000000007 3042654.5000000005 497665.50000000006 2066708.5000000002 54211.000000000007 26.500000000000004 1801.0000000000002
decision_type=2 2 2 2 2 2 2 2 2 2 2 2 2 2 2 2 2 2 2 2 2 2 2 2 2 2 2 2 2 2
left_child=3 -2 -3 4 22 6 -6 12 -7 11 -11 -10 17 15 23 -5 -16 -8 -9 21 -21 -13 -1 25 26 27 -25 28 29 -15
right_child=1 2 -4 13 5 8 7 18 9 10 -12 19 -14 14 16 -17 -18 -19 -20 20 -22 -23 -24 24 -26 -27 -28 -29 -30 -31
leaf_value=0.0071216481575105302 -0.047065013268905886 0.0087553803065694609 -0.010449969593513676 0.00077807914764774482 -0.005759225747752051 0.0014678985510481414 0.00028406226674863698 -0.0080829173623182867 -3.8013778173950499e-05 0.0046272843306304446 -0.0012455123697471017 -0.007901697581598156 -0.0081807000314887638 0.0004081695973657453 -0.010667314697911968 -0.0016994929711513437 -0.002794175100290475 -0.014545097302621031 0.013921678174292169 0.0049421815771224066 -0.0043945098347778931 -0.015318963642096041 -0.0022918508948602998 0.0032789509783709282 -5.8004366921089563e-05 0.0021918836139074886 0.013441196308558771 -0.025911673168303718 0.0030761623698137286 -0.0023480205823424418
leaf_weight=3694 3142 2668 2898 101013 4071 2804 62967 823 1330 1311 11458 1592 671 4365 2690 8338 8921 351 85 409 1044 1724 687 5284 7741 1444 647 262 3909 7574
leaf_count=3694 3142 2668 2898 101013 4071 2804 62967 823 1330 1311 11458 1592 671 4365 2690 8338 8921 351 85 409 1044 1724 687 5284 7741 1444 647 262 3909 7574
internal_value=0 -0.00731946 0.00101239 0.000391175 -0.00158579 -0.00223467 -0.000304883 0.000710961 -0.00837595 -0.0109393 -0.00472118 -0.0239577 0.00117543 0.00162553 -0.0019595 0.00302992 -0.0107097 0.00156648 -0.0320216 -0.0305842 -0.0125515 -0.0384857 0.0118391 0.00129415 0.00624914 -0.00256506 0.0148009 -0.00443807 -0.00363951 -0.0077128
internal_weight=0 8708 5566 247209 95021 90640 68968 64897 21672 18868 12769 6099 63989 152188 42837 109351 11611 63318 908 4769 1453 3316 4381 31226 13672 17554 5931 16110 15848 11939
internal_count=255917 8708 5566 247209 95021 90640 68968 64897 21672 18868 12769 6099 63989 152188 42837 109351 11611 63318 908 4769 1453 3316 4381 31226 13672 17554 5931 16110 15848 11939
is_linear=0
shrinkage=0.1


Tree=89
num_leaves=31
num_cat=0
split_feature=29 127 67 127 4 127 0 4 0 4 3 92 124 20 3 22 2 20 4 4 20 134 3 62 134 4 4 123 62 0
split_gain=48.6682 50.7174 61.9511 55.5848 68.9454 81.3518 64.7981 116.903 58.5517 54.1721 68.3459 61.121 53.3465 51.9442 51.8806 96.3551 98.5309 159.918 77.764 70.0267 75.171 55.5761 53.741 50.8895 49.5627 49.3869 57.4167 55.1765 51.174 47.0118
threshold=1595227.5000000002 0.14835164835164838 12.500000000000002 0.9640151515151516 55532.410000000011 0.74166666666666681 214838.00000000003 988422.12000000023 250897.50000000003 627995.59500000009 431627.75500000006 50.454872646733115 1.0000000180025095e-35 2.5000000000000004 251830.99000000002 3.5000000000000004 1288112.8050000004 4.5000000000000009 603651.71000000008 287027.89500000008 1.5000000000000002 551.50000000000011 283477.31500000006 25888.000000000004 1253.5000000000002 156087.40000000002 133151.39000000001 1660.5000000000002 227146.50000000003 83.500000000000014
decision_type=2 2 2 2 2 2 2 2 2 2 2 2 2 2 2 2 2 2 2 2 2 2 2 2 2 2 2 2 2 2
left_child=1 -1 3 4 8 -6 7 9 -3 10 23 13 -8 -12 21 16 17 19 -19 20 -16 -7 -17 -5 -13 26 -23 -27 -29 -9
right_child=-2 2 -4 6 5 14 12 29 -10 -11 11 24 -14 -15 15 22 -18 18 -20 -21 -22 25 -24 -25 -26 27 -28 28 -30 -31
leaf_value=0.00032782506511686016 -0.045293141286942708 0.0067109668462923995 -0.0057498756675826226 0.0066263782040589586 -0.0003292214935690541 0.0034841083546637065 0.0027694958806152806 0.017386550010538165 -0.00067409621333194283 0.023064563431310116 -0.018563319173250332 -0.0077051649040631781 -9.5294756600440718e-05 0.0044158573399988126 -0.0087265440499590934 -0.0046406576501135458 -0.0062298015399224974 -0.014985895358917936 -0.0022090773750462122 0.0017387509781714204 0.0054701750136812556 -0.0058075356801363005 -0.0004026921620884688 0.0018522326643859444 0.00048363394363547756 -0.0069816263187971739 -0.017685958876244291 0.0017243946912869875 -0.0017378694263423947 -0.007360704044365585
leaf_weight=125631 350 2713 2840 3503 47348 1383 963 64 1946 199 75 476 51434 592 323 456 584 839 460 1302 60 1698 3810 2469 197 329 402 2048 643 780
leaf_count=125631 350 2713 2840 3503 47348 1383 963 64 1946 199 75 476 51434 592 323 456 584 839 460 1302 60 1698 3810 2469 197 329 402 2048 643 780
internal_value=0 0.000157963 -0.00122723 -0.000900826 -0.00290203 -0.00378798 0.00128458 0.00946322 0.00882789 0.0134284 0.0120274 -0.00838277 -1.9549e-05 0.0130702 -0.0103875 -0.0158683 -0.027995 -0.0206434 -0.0470094 -0.000317363 -0.0379044 -0.00378505 -0.00572572 0.016607 -0.0296445 -0.00858971 -0.0203675 -0.000399844 0.00432638 -0.025824
internal_weight=0 255567 129936 127096 66344 61685 60752 8355 4659 7511 7312 1340 52397 667 14337 7834 3568 2984 1299 1685 383 6503 4266 5972 673 5120 2100 3020 2691 844
internal_count=255917 255567 129936 127096 66344 61685 60752 8355 4659 7511 7312 1340 52397 667 14337 7834 3568 2984 1299 1685 383 6503 4266 5972 673 5120 2100 3020 2691 844
is_linear=0
shrinkage=0.1


Tree=90
num_leaves=31
num_cat=0
split_feature=21 138 4 134 94 105 4 13 62 137 6 53 26 94 75 64 63 94 17 93 75 67 92 4 1 64 84 0 66 67
split_gain=48.9893 70.4046 80.7766 73.8103 117.941 72.6388 69.0839 67.1831 71.2559 62.3586 69.4893 57.5071 74.7717 70.8189 63.8712 53.2039 99.7409 65.6796 58.0301 52.6131 51.8799 50.1299 61.93 115.742 91.6465 82.6488 56.0149 55.2767 52.1443 59.0853
threshold=10.500000000000002 12.500000000000002 10395.520000000002 4239346.0000000009 7250.3333333333348 546872.00000000012 1938327.5650000002 1126906.0000000002 7488110.5000000009 959103.00000000012 46.083333333333336 0.09457258278636714 4077.5000000000005 35309.353171390023 2.5000000000000004 0.25721626382629126 1.3113856536122726 47210.500000000007 1.5000000000000002 1826.5000000000002 544843.00000000012 12.500000000000002 10893.283333333335 259875.83500000005 109210.00000000001 0.87605838998694396 540351.50000000012 1412548.0000000002 3.5000000000000004 7.5000000000000009
decision_type=2 2 2 2 2 2 2 2 2 2 2 2 2 2 2 2 2 2 2 2 2 2 2 2 2 2 2 2 2 2
left_child=1 3 -3 5 9 6 20 -8 -9 10 -5 12 19 -13 -15 16 -4 -17 -18 -2 21 22 26 24 -24 28 -1 -27 29 -25
right_child=11 2 15 4 -6 -7 7 8 -10 -11 -12 13 -14 14 -16 17 18 -19 -20 -21 -22 -23 23 25 -26 27 -28 -29 -30 -31
leaf_value=-5.9062723168246125e-06 0.0012054941082238616 0.0053663286704942921 -0.0015966006673322213 0.0066837587273389986 -0.019584087599028424 0.0069029578283338446 0.0017387656076248129 -0.016576380276581173 -0.00080668568767547919 -0.0016894370029062245 0.0022278746525763895 0.00088536600947655144 0.012681120976794556 -0.00037778664316838744 -0.015449590569898636 -0.0015717591297850888 0.0080878458039640427 -0.030492817020221899 0.0012657213382221725 -0.12003130237479953 -0.014057179610272778 -0.0029812158414043496 0.0085314322081472948 0.0031270564282128489 -0.0073701129848901016 0.012529247849456526 0.012597715223354551 0.0073310326617324955 0.013874548343376109 -0.0045292543592556685
leaf_weight=131206 816 2535 4312 3423 471 480 887 2401 1819 2920 4468 38464 1732 3445 1731 40354 1207 1008 2263 233 600 2291 897 1521 1445 1116 233 730 294 615
leaf_count=131206 816 2535 4312 3423 471 480 887 2401 1819 2920 4468 38464 1732 3445 1731 40354 1207 1008 2263 233 600 2291 897 1521 1445 1116 233 730 294 615
internal_value=0 -0.000571356 -0.00377491 0.000477685 0.00827167 -0.000122388 -0.000250024 -0.0116756 -0.016934 0.0104058 0.0150258 0.00301915 0.0169618 0.00213064 -0.00885088 -0.00467284 0.00291279 -0.00610003 0.015533 -0.0041077 0.00016396 0.000289402 0.000532862 0.00997173 -0.00789759 0.0197589 5.76117e-05 0.0357099 0.00764143 0.00220676
internal_weight=0 209496 51679 157817 11282 146535 146055 5107 4220 10811 7891 46421 2781 43640 5176 49144 7782 41362 3470 1049 140948 140348 138057 6618 2342 4276 131439 1846 2430 2136
internal_count=255917 209496 51679 157817 11282 146535 146055 5107 4220 10811 7891 46421 2781 43640 5176 49144 7782 41362 3470 1049 140948 140348 138057 6618 2342 4276 131439 1846 2430 2136
is_linear=0
shrinkage=0.1


Tree=91
num_leaves=31
num_cat=0
split_feature=1 90 63 1 0 64 20 138 52 137 63 13 5 2 5 123 4 4 137 4 134 0 62 123 0 0 137 63 123 0
split_gain=48.1241 48.8968 54.8802 115.465 85.1508 90.0145 107.939 87.1988 88.099 83.0944 82.4907 79.6539 75.5129 68.9392 68.4225 83.2625 67.1551 69.1856 65.7955 119.006 120.951 114.483 92.1211 83.3838 79.9044 145.861 78.6074 76.5714 72.8597 103.317
threshold=95957323.500000015 18.009806881269871 1.3113856536122726 5017066.0000000009 368517.50000000006 1.0698435494401173 15.500000000000002 20.500000000000004 0.026584851968954114 176421.00000000003 3.4536816863685602 13251858.000000002 15.500000000000002 3859168.5800000005 3.5000000000000004 25009.000000000004 130260.51000000001 100084.64000000001 3061093.0000000005 428533.13000000006 778130.50000000012 2435441.0000000005 524525.00000000012 3137.0000000000005 10919821.000000002 9439895.5000000019 900075.00000000012 8.147104648624298 2136371.0000000005 3308950.5000000005
decision_type=2 2 2 2 2 2 2 2 2 2 2 2 2 2 2 2 2 2 2 2 2 2 2 2 2 2 2 2 2 2
left_child=1 2 3 -1 16 6 9 8 -7 -6 -9 13 -11 -8 15 -10 17 -4 19 20 21 26 -21 -22 25 28 -16 -26 -24 -30
right_child=-2 -3 4 -5 5 7 11 10 14 12 -12 -13 -14 -15 18 -17 -18 -19 -20 22 23 -23 24 -25 27 -27 -28 -29 29 -31
leaf_value=-0.00015507057549979982 -0.016946783586576954 0.003807947438342678 0.0052745596856867754 -0.0050193374773577666 -0.00021818882214526465 0.0048120554929258043 0.0001361185677530743 -0.0052619994454312022 0.014897961800489965 0.0027213788730544352 -0.00033757066215076573 0.021779175044827938 0.012110549587776402 -0.010292750998920864 -0.00095468842202200998 -0.0081302188584990061 0.00020881784845067086 0.019045882314584241 -0.008863326322263455 0.0070286875351556121 -0.0044708141608999245 -0.0021419466121246037 -0.0010351076522010843 0.00086591648806575827 0.0024027209186801902 -0.0072458693215988529 0.0019659070854034003 0.007949434152078938 0.012860720098482967 0.0010823356192187739
leaf_weight=118547 1001 7101 4899 5216 2082 3260 9951 9161 308 4200 14025 1247 1413 1213 10911 137 4869 1486 7661 3299 1390 3002 9892 7526 7575 1941 968 4409 463 6764
leaf_count=118547 1001 7101 4899 5216 2082 3260 9951 9161 308 4200 14025 1247 1413 1213 10911 137 4869 1486 7661 3299 1390 3002 9892 7526 7575 1941 968 4409 463 6764
internal_value=0 0.000197572 -3.68715e-05 -0.00152675 0.00144954 0.000621983 0.00668745 -0.000693688 0.00107779 0.0159927 -0.00600415 0.000918083 0.0223215 -0.00175938 0.000288016 0.0393681 0.00974403 0.0164897 2.37247e-05 0.00117158 -0.00426348 -0.00978187 0.00493765 0.00494682 0.0032493 -0.000773569 -0.00537256 0.00964749 0.00217208 0.0098046
internal_weight=0 254916 247815 123763 124052 112798 20106 92692 69506 7695 23186 12411 5613 11164 66246 445 11254 6385 65801 58140 23797 14881 34343 8916 31044 19060 11879 11984 17119 7227
internal_count=255917 254916 247815 123763 124052 112798 20106 92692 69506 7695 23186 12411 5613 11164 66246 445 11254 6385 65801 58140 23797 14881 34343 8916 31044 19060 11879 11984 17119 7227
is_linear=0
shrinkage=0.1


Tree=92
num_leaves=31
num_cat=0
split_feature=0 0 0 4 62 13 137 62 0 3 6 92 19 22 148 20 123 75 105 22 76 4 4 4 20 0 123 134 94 62
split_gain=47.7701 77.7064 160.273 115.092 94.7093 90.616 88.0757 95.0021 75.1431 69.0165 61.5278 60.6559 62.1517 57.1998 101.743 57.0452 56.0938 53.074 51.7636 49.7137 61.1301 66.0331 128.106 100.434 134.953 170.995 102.645 92.3347 73.4782 73.1514
threshold=41389413.000000007 12412037.500000002 7905148.5000000009 536587.29000000015 5710496.0000000009 1231989.0000000002 497665.50000000006 6427431.5000000009 15487215.500000002 904460.82000000007 104.08333333333336 695645.00000000012 1.0000000180025095e-35 8.5000000000000018 59205.500000000007 19.500000000000004 312091.50000000006 544843.00000000012 546872.00000000012 4.5000000000000009 25.500000000000004 147019.31000000003 100084.64000000001 428533.13000000006 14.500000000000002 3042654.5000000005 2656444.0000000005 72925.000000000015 39831.750000000007 3293429.5000000005
decision_type=2 2 2 2 2 2 2 2 2 2 2 2 2 2 2 2 2 2 2 2 2 2 2 2 2 2 2 2 2 2
left_child=1 2 4 -3 11 -5 10 -8 -7 -2 -4 12 13 17 -15 -14 -17 18 19 -1 21 22 27 26 25 -25 -23 -21 -24 -27
right_child=9 3 6 5 -6 8 7 -9 -10 -11 -12 -13 15 14 -16 16 -18 -19 -20 20 -22 23 28 24 -26 29 -28 -29 -30 -31
leaf_value=-0.00014011892771615965 -0.050253415233642511 -0.0065653522564201212 0.00070772124732010333 0.013118442825500143 0.007483274522200079 0.010220389715805123 -0.022719091488174217 0.0020183655547281187 0.00091504266861597294 -0.0035513471850137537 -0.0041118116661486015 -0.043535737034659627 -0.0024225110742418067 0.021058174585831101 -0.0032338493717642166 0.0034481534814970907 -0.0015565312285692801 -0.012728746751200582 0.0051194935323044984 0.0026828509764128374 -0.0092349641579145044 -0.00018177685653955462 0.0067404049713461374 0.0064446589988526705 -4.5539977568130027e-05 -0.00086838065777088851 -0.001470765286102794 -0.0024822801194335775 -0.0079195901855026122 0.0034227941900366377
leaf_weight=84391 1020 2863 4825 2700 1347 5888 8049 1940 12769 5019 2273 813 12622 762 760 3522 3040 670 604 12713 1844 33896 6591 6366 22572 6152 1581 4657 393 3275
leaf_count=84391 1020 2863 4825 2700 1347 5888 8049 1940 12769 5019 2273 813 12622 762 760 3522 3040 670 604 12713 1844 33896 6591 6366 22572 6152 1581 4657 393 3275
internal_value=0 0.000345554 -0.000232178 0.00572828 0.000530623 0.00825221 -0.00954323 -0.0155953 0.00577426 -0.00865525 -0.0010262 0.000358819 0.000466192 0.00102164 0.0203288 -0.00495475 0.00260811 0.000863405 0.000965133 0.000869416 0.00237735 0.0027161 0.00723154 0.00122685 0.0047733 0.0118638 -0.0026083 0.00263266 0.0186695 0.00331301
internal_weight=0 249878 225658 24220 208571 21357 17087 9989 18657 6039 7098 207224 206411 187227 1522 19184 6562 185705 185035 184431 100040 98196 24354 73842 38365 15793 35477 17370 6984 9427
internal_count=255917 249878 225658 24220 208571 21357 17087 9989 18657 6039 7098 207224 206411 187227 1522 19184 6562 185705 185035 184431 100040 98196 24354 73842 38365 15793 35477 17370 6984 9427
is_linear=0
shrinkage=0.1


Tree=93
num_leaves=31
num_cat=0
split_feature=18 0 1 0 0 62 4 137 0 92 22 148 4 3 19 137 13 0 123 137 13 4 52 123 94 20 13 2 53 18
split_gain=46.5937 46.2364 104.853 100.599 98.6928 97.7184 91.9454 75.9202 58.268 55.966 52.0165 100.79 50.9862 48.3307 48.0524 59.1822 52.6617 78.4572 105.435 67.8324 55.163 79.6986 51.5749 46.1523 44.8415 45.2505 44.7494 108.599 86.5525 71.0587
threshold=2.5000000000000004 25492087.000000004 10833500.000000002 8888238.5000000019 10919821.000000002 5710496.0000000009 439070.7900000001 187956.00000000003 15979568.000000002 695645.00000000012 8.5000000000000018 93660.500000000015 966586.27500000014 8381905.0450000009 1.0000000180025095e-35 899506.50000000012 4989435.0000000009 5657443.5000000009 4945445.5000000009 1391213.0000000002 4382248.0000000009 912866.78000000014 0.0015041767220605048 60952.000000000007 2265.666666666667 7.5000000000000009 1661.5000000000002 403453.61000000004 2.9944869691999276 1.0000000180025095e-35
decision_type=2 2 2 2 2 2 2 2 2 2 2 2 2 2 2 2 2 2 2 2 2 2 2 2 2 2 2 2 2 2
left_child=1 2 3 5 -5 9 -3 -6 -4 10 13 -12 -7 14 16 24 20 19 -19 -18 26 22 -22 -13 -16 -26 27 28 -1 -29
right_child=-2 6 8 4 7 12 -8 -9 -10 -11 11 23 -14 -15 15 -17 17 18 -20 -21 21 -23 -24 -25 25 -27 -28 29 -30 -31
leaf_value=-0.01699519023665319 -0.002311153834327534 -0.047123719772735176 0.0069921122633478166 -0.006377913085508724 0.006221220052291177 0.010967493853936165 -0.002377461763758726 -0.0037015838184331074 0.0022975188382871716 -0.039657492087247809 0.018635855144263195 -0.019890831151673796 0.0039558032159268345 0.060553341206270907 -0.0011161765125416406 0.004019067139519667 -0.0031842534560156573 -0.011535000761874949 0.0053404286248873488 0.0081484638237895729 -0.019417237489779596 0.000912522405810412 0.0082592481914678228 0.0023285790740554054 -0.011076984262768394 -0.0021050636789143552 0.000208748636277733 -0.0034821766882315898 0.003601641679132195 0.0020054669472097031
leaf_weight=1269 8860 924 5830 6732 1205 499 10809 5659 9367 886 894 168 1250 102 13283 2124 890 2679 463 218 50 2360 1268 658 826 1323 165838 4706 4152 625
leaf_count=1269 8860 924 5830 6732 1205 499 10809 5659 9367 886 894 168 1250 102 13283 2124 890 2679 463 218 50 2360 1268 658 826 1323 165838 4706 4152 625
internal_value=0 0.000405746 0.000711214 0.000156588 -0.00817539 0.000705085 -0.00572089 0.000262243 0.0087449 0.000504063 0.000613038 0.0179298 0.0242418 0.000465717 0.00043098 -0.00456832 0.000906639 -0.0100959 -0.00202748 -0.0329759 0.00116603 0.0132871 0.0329849 -0.00725415 -0.00672233 -0.020124 0.000913578 -0.00533827 0.00462803 -0.0154728
internal_weight=0 247057 235324 220127 13596 206531 11733 6864 15197 204782 203896 1720 1749 202176 202074 17556 184518 4250 3142 1108 180268 3678 1318 826 15432 2149 176590 10752 5421 5331
internal_count=255917 247057 235324 220127 13596 206531 11733 6864 15197 204782 203896 1720 1749 202176 202074 17556 184518 4250 3142 1108 180268 3678 1318 826 15432 2149 176590 10752 5421 5331
is_linear=0
shrinkage=0.1


Tree=94
num_leaves=31
num_cat=0
split_feature=6 22 14 2 4 0 92 1 148 146 4 123 123 123 20 66 137 134 138 63 1 13 3 67 92 123 0 20 137 62
split_gain=45.9056 54.4371 65.7636 58.7157 71.3782 103.491 101.964 95.0193 93.0012 74.4661 70.6764 94.8309 67.6224 66.3472 64.8159 65.0901 63.9008 61.0214 56.9089 82.8014 55.5055 107.608 82.2251 59.4822 66.639 65.5061 84.2071 65.5725 61.9671 75.1611
threshold=182.08333333333337 5.5000000000000009 3.5000000000000004 4145134.6000000006 599168.45500000007 27328691.500000004 46082.500000000007 662761.50000000012 76496.500000000015 836443.50000000012 158728.10500000001 266664.00000000006 2000454.5000000002 2656444.0000000005 60.500000000000007 2.5000000000000004 168337.50000000003 268059.00000000006 8.5000000000000018 1.3113856536122726 1431132.0000000002 1781677.5000000002 271679.72500000003 12.500000000000002 10893.283333333335 460025.00000000006 882887.00000000012 1.0000000180025095e-35 899506.50000000012 414259.50000000006
decision_type=2 2 2 2 2 2 2 2 2 2 2 2 2 2 2 2 2 2 2 2 2 2 2 2 2 2 2 2 2 2
left_child=1 2 18 4 5 6 8 -6 9 10 11 -3 -9 -14 15 -12 -8 -13 19 20 23 -22 -23 24 25 27 -27 -1 29 -29
right_child=-2 3 -4 -5 7 -7 16 12 -10 -11 14 17 13 -15 -16 -17 -18 -19 -20 -21 21 22 -24 -25 -26 26 -28 28 -30 -31
leaf_value=0.0064109808973592149 -0.0021666651636794488 0.0017529455947720596 -0.0092527109448815315 -0.0011011647049301593 0.0092194983917046145 -0.042055746499704852 -0.0066685745066957557 0.0014982530605875276 -0.010661579920689709 0.012115843599590672 -0.00051449338815452153 0.008658052504820879 0.011299104778975933 0.0030683993986146407 0.0081914411342720456 0.00091177549879194837 0.0021843544967948963 -0.0013694991481302933 -0.00064899590756952081 0.0014886274364299457 -0.0020538595100011358 0.0023166660126617677 -0.0003265334699045577 -0.011690850542571286 0.0044162764834132472 0.0032649395815789076 0.00019881046328182081 -0.00026342334302185136 0.0018601392868765956 -0.0029707959585220768
leaf_weight=1367 8557 11345 1173 12249 1255 856 1638 19455 710 309 17166 2612 2210 6610 676 5213 564 461 51482 17835 5552 857 14976 595 3179 3279 8260 52672 1127 1677
leaf_count=1367 8557 11345 1173 12249 1255 856 1638 19455 710 309 17166 2612 2210 6610 676 5213 564 461 51482 17835 5552 857 14976 595 3179 3279 8260 52672 1127 1677
internal_value=0 0.000397113 -0.000660234 0.00247848 0.00358041 0.000908909 0.00163274 0.00733933 0.00282998 0.0035038 0.00310066 0.00859238 0.00614425 0.0134074 -0.000333713 -0.00125525 -0.0192956 0.0241751 -0.000490303 0.000780615 -0.000409965 -0.00488451 -0.000683916 0.000916163 0.00117797 0.000520006 0.0073895 -0.000874485 -0.00140764 -0.00188892
internal_weight=0 247360 164031 83329 71080 41550 40694 29530 38492 37782 37473 14418 28275 8820 23055 22379 2202 3073 162858 111376 93541 21385 15833 72156 71561 68382 11539 56843 55476 54349
internal_count=255917 247360 164031 83329 71080 41550 40694 29530 38492 37782 37473 14418 28275 8820 23055 22379 2202 3073 162858 111376 93541 21385 15833 72156 71561 68382 11539 56843 55476 54349
is_linear=0
shrinkage=0.1


Tree=95
num_leaves=31
num_cat=0
split_feature=99 25 134 4 4 4 4 22 4 137 2 148 13 124 134 64 63 93 0 20 20 2 134 20 0 13 4 94 2 123
split_gain=44.3781 43.6292 68.2279 106.152 114.653 106.995 99.4056 94.878 86.2639 144.042 96.8591 87.1018 81.756 81.8548 90.0212 87.3064 77.8005 118.685 100.319 77.5071 77.2822 76.1644 74.7851 72.5963 71.8953 70.9016 69.2688 68.1592 67.1538 81.3138
threshold=1.0000000180025095e-35 34.000000000000007 21743.000000000004 152521.07000000004 100084.64000000001 74361.420000000013 119685.82000000001 3.5000000000000004 420616.39500000008 3061093.0000000005 733772.41500000015 54211.000000000007 576738.00000000012 10.500000000000002 137268.00000000003 0.329957547435692 0.60295086744721649 1.5000000000000002 32479554.500000004 3.5000000000000004 22.500000000000004 565722.66500000015 923693.00000000012 4.5000000000000009 3851134.5000000005 13251858.000000002 949406.88000000012 76206.06666666668 3576176.3300000005 23339.500000000004
decision_type=2 2 2 2 2 2 2 2 2 2 2 2 2 2 2 2 2 2 2 2 2 2 2 2 2 2 2 2 2 2
left_child=1 2 3 4 5 -1 -6 20 10 12 11 27 16 14 15 -14 23 18 -18 -8 -5 -16 -15 -10 -12 28 -11 -4 29 -9
right_child=-2 -3 8 7 6 -7 19 25 9 26 24 -13 13 22 21 -17 17 -19 -20 -21 -22 -23 -24 -25 -26 -27 -28 -29 -30 -31
leaf_value=0.0026366438361566935 0.025120833194537919 -0.0016505656437455054 -0.00026402089530371822 -0.001165304404103762 0.015065454984953397 -0.0051345617167736007 -0.0066928634597567043 0.0025508490913456611 0.0027769027189968268 0.0091792698599440954 -0.0056117125858196571 -0.017450128425987938 -0.0037984127910902256 0.00092192851828974936 0.0026724450769957443 0.0007529137975745443 0.0087589293225508232 -0.0013810568613137394 -0.00065725393230966491 0.0034078754941196279 -0.011178670907735645 0.0013536072451552084 -0.0029023622332039925 -0.0036947153301346972 0.00062844209427981561 0.019744621166939959 -0.012979602164048698 -0.01070788215948229 -0.0012427310404042769 -7.7363689731584643e-05
leaf_weight=15730 238 11693 81763 7085 3438 3780 925 10284 1715 658 895 659 1948 8835 665 2388 4639 1752 1339 3494 885 37989 11387 1755 277 1527 11037 1144 5894 20099
leaf_count=15730 238 11693 81763 7085 3438 3780 925 10284 1715 658 895 659 1948 8835 665 2388 4639 1752 1339 3494 885 37989 11387 1755 277 1527 11037 1144 5894 20099
internal_value=0 8.75412e-05 0.000373512 0.00292927 0.00785623 0.00374872 0.0180557 -1.64264e-05 -0.00072064 0.00150848 -0.00298577 -0.00258539 0.00312993 0.0017347 0.00420273 -0.00946012 0.0110045 0.0165887 0.0232967 0.00813444 -0.00993189 0.00573535 -0.0035121 -0.00143508 -0.0315342 0.00207399 -0.00880836 -0.00229755 0.00118548 0.00308048
internal_weight=0 255679 243986 73141 27367 19510 7857 45774 170845 86107 84738 83566 74412 63212 42990 4336 11200 7730 5978 4419 7970 38654 20222 3470 1172 37804 11695 82907 36277 30383
internal_count=255917 255679 243986 73141 27367 19510 7857 45774 170845 86107 84738 83566 74412 63212 42990 4336 11200 7730 5978 4419 7970 38654 20222 3470 1172 37804 11695 82907 36277 30383
is_linear=0
shrinkage=0.1


Tree=96
num_leaves=31
num_cat=0
split_feature=127 127 127 123 0 4 124 1 123 62 49 0 4 4 3 4 134 10 67 123 1 1 0 4 3 3 26 126 0 62
split_gain=44.6792 49.8605 58.6169 79.399 55.8473 73.5149 52.6842 50.0974 48.1087 46.5552 67.0645 129.254 74.7733 61.8092 45.1706 81.9399 41.0528 39.9192 43.5891 39.7773 38.8966 57.1353 51.5423 48.7 39.9981 38.7706 38.3515 39.5835 51.7749 91.8045
threshold=0.17156862745098042 0.9640151515151516 0.79285714285714304 869746.50000000012 278361.00000000006 1445428.5550000002 1.0000000180025095e-35 188065.50000000003 23339.500000000004 2578968.5000000005 2.5000000000000004 36300.500000000007 49403.06500000001 149796.85000000001 1019560.3450000001 1111609.2700000003 3792241.0000000005 1.5000000000000002 5.5000000000000009 25009.000000000004 71.500000000000014 4501.5000000000009 76634.000000000015 161399.10000000001 863723.99500000011 1092303.5300000005 21388998.000000004 0.59166666666666667 321997.00000000006 161690.50000000003
decision_type=2 2 2 2 2 2 2 2 2 2 2 2 2 2 2 2 2 2 2 2 2 2 2 2 2 2 2 2 2 2
left_child=26 2 8 14 5 20 16 -8 9 10 11 12 -2 -12 -4 -16 -6 -10 -19 -7 25 23 -23 -22 -24 -3 27 28 29 -1
right_child=1 4 3 -5 6 19 7 -9 17 -11 13 -13 -14 -15 15 -17 -18 18 -20 -21 21 22 24 -25 -26 -27 -28 -29 -30 -31
leaf_value=0.0030321973332339438 0.0058972038890642287 0.015242374361796488 -0.0012573506134422098 -0.007935966269613277 0.0046743784961394983 -0.0071783759082626984 -0.0072619463794745048 -0.00011282314693763438 -0.0056509669492643966 0.0072201895016260845 0.005519327255426143 0.0009573983169370308 -0.013691990789223597 -6.495147617349924e-05 -0.0052636276027582052 0.0031851199755330798 -0.0024040919396590009 -0.00042368154103549893 -0.0051016733473141108 0.011944658512535076 0.014622003375596215 0.0083871692133809881 0.001730328461522257 -0.0015772970203433009 0.014431471512100492 -0.020567310936130068 -0.014160547524527601 -0.00097923123264018761 0.00023561521001301371 0.010855064816541927
leaf_weight=13537 205 425 4411 505 801 576 555 50462 3195 701 3964 1773 710 9752 232 160 132 39867 1611 127 436 2042 5484 1411 164 23 737 12128 97866 1925
leaf_count=13537 205 425 4411 505 801 576 555 50462 3195 701 3964 1773 710 9752 232 160 132 39867 1611 127 436 2042 5484 1411 164 23 737 12128 97866 1925
internal_value=0 -0.00121496 -0.00310936 -0.0131937 0.00081396 0.007397 -0.000540411 -0.000971068 -0.00224291 0.00226688 0.00118841 -0.013255 -0.0437797 0.00401897 -0.00922788 -0.0417588 0.0230081 -0.00396968 -0.00314003 -0.0238592 0.00959762 0.00824487 0.0120382 -0.00754854 0.00711552 0.0383947 0.0014279 0.00156152 0.0021426 0.00752002
internal_weight=0 129724 67086 5308 62638 10688 51950 51017 61778 17105 16404 2688 915 13716 4803 392 933 44673 41478 703 9985 9537 7690 1847 5648 448 126193 125456 113328 15462
internal_count=255917 129724 67086 5308 62638 10688 51950 51017 61778 17105 16404 2688 915 13716 4803 392 933 44673 41478 703 9985 9537 7690 1847 5648 448 126193 125456 113328 15462
is_linear=0
shrinkage=0.1


Tree=97
num_leaves=31
num_cat=0
split_feature=1 128 123 20 123 29 127 4 4 123 20 0 123 20 123 20 123 137 66 94 94 64 13 124 26 137 4 4 2 48
split_gain=42.5807 41.6194 42.5263 75.6244 44.4822 42.0353 42.7845 46.0845 113.027 105.363 109.94 100.849 130.648 159.577 110.488 99.7786 93.3753 88.2824 82.5588 78.8084 77.68 77.418 91.2638 76.7212 78.5066 69.2014 67.6327 81.4215 67.4714 66.806
threshold=95957323.500000015 0.27922077922077926 974727.50000000012 14.500000000000002 402.50000000000006 880308.50000000012 0.29285714285714287 221711.19000000003 175590.51000000004 185259.00000000003 25.500000000000004 2669445.0000000005 897136.50000000012 33.500000000000007 459970.00000000006 24.500000000000004 928809.00000000012 180184.50000000003 23.500000000000004 2469.3417816571368 4.9999965063549414 0.068639083259193157 1538633.0000000002 4.5000000000000009 60986.500000000007 187956.00000000003 398277.70000000007 293943.93500000006 709004.96000000008 22.000000000000004
decision_type=2 2 2 2 2 2 2 2 2 2 2 2 2 2 2 2 2 2 2 2 2 2 2 2 2 2 2 2 2 2
left_child=1 5 3 4 -3 6 7 8 9 17 15 12 14 16 -9 21 -14 20 -18 -12 -1 -11 -23 -10 29 -17 27 -13 -29 -25
right_child=-2 2 -4 -5 -6 -7 -8 11 23 10 19 26 13 -15 -16 25 18 -19 -20 -21 -22 22 -24 24 -26 -27 -28 28 -30 -31
leaf_value=0.0014513543943972529 -0.014673186272370665 0.0037566236126278666 -0.0097185070667000616 0.0045010751398358306 -0.0073495576888823926 -0.02526008188076001 -0.00015907254663339123 0.0018315301006110421 -0.00018087633696111532 0.003970645140766527 0.007522326474832486 0.0005411488485567034 0.013118269788821569 -0.0036716535970489832 -0.0072830559234209336 -0.0050586011724083786 0.0029388999758623423 -0.0050452522667453039 0.012069855662990563 -0.0022109583498486685 -0.0030113355182064244 -0.00012036963882138227 0.003762251298476002 -0.0025877681567375681 0.016605038161633039 0.0029683251528562129 0.00071626159460804752 -0.00078910530773279347 -0.0026027825309297647 -0.0008533360671518841
leaf_weight=14987 1001 761 535 1399 3215 667 125472 10049 4618 3099 2136 2543 489 752 904 514 3616 2464 521 443 9792 6913 205 1857 97 103 50278 3180 965 2342
leaf_count=14987 1001 761 535 1399 3215 667 125472 10049 4618 3099 2136 2543 489 752 904 514 3616 2464 521 443 9792 6913 205 1857 97 103 50278 3180 965 2342
internal_value=0 0.00015049 -0.00814344 -0.00546721 -0.0125032 0.000347341 0.000414677 0.00174108 -0.000613932 0.00162199 0.00887715 0.00333375 0.0102615 0.023026 0.00399409 0.00445997 0.0299711 -0.00195007 0.0250865 0.0274331 -0.00015497 0.0068183 0.00107461 -0.0108118 -0.0204305 -0.034592 0.0013477 -0.00809968 -0.016742 -0.0224851
internal_weight=0 254916 5910 5375 3976 249006 248339 122867 49570 40656 13413 73297 16331 5378 10953 10834 4626 27243 4137 2579 24779 10217 7118 8914 4296 617 56966 6688 4145 4199
internal_count=255917 254916 5910 5375 3976 249006 248339 122867 49570 40656 13413 73297 16331 5378 10953 10834 4626 27243 4137 2579 24779 10217 7118 8914 4296 617 56966 6688 4145 4199
is_linear=0
shrinkage=0.1


Tree=98
num_leaves=31
num_cat=0
split_feature=18 134 4 4 137 134 49 0 94 91 134 4 134 20 93 123 3 4 3 126 20 0 13 62 20 123 0 52 4 20
split_gain=39.1324 39.4092 41.6309 148.189 115.059 102.068 133.671 132.884 103.916 88.7737 75.7374 101.524 85.2018 74.7194 74.5003 87.721 124.406 69.1972 68.7385 67.3293 92.7066 87.2383 66.6047 105.849 97.4746 97.0713 121.335 78.0551 71.8802 68.8608
threshold=2.5000000000000004 54706099.500000007 398277.70000000007 311928.06500000006 827988.00000000012 11251.500000000002 2.5000000000000004 1533666.0000000002 83150.083333333343 1.0000000180025095e-35 824760.00000000012 192123.88000000003 8990211.5000000019 1.0000000180025095e-35 292.50000000000006 1508041.0000000002 201859.73500000002 12060.200000000003 94374.705000000016 0.14642857142857144 12.500000000000002 126226.50000000001 1162014.5000000002 10788.000000000002 13.500000000000002 1951615.5000000002 3042654.5000000005 3.060176174779782 754299.93000000005 1.5000000000000002
decision_type=2 2 2 2 2 2 2 2 2 2 2 2 2 2 2 2 2 2 2 2 2 2 2 2 2 2 2 2 2 2
left_child=1 2 3 4 5 6 17 9 10 -8 11 13 14 -7 15 18 -17 -1 -12 21 -21 -15 23 27 28 -24 -27 29 -25 -4
right_child=-2 -3 22 -5 -6 8 7 -9 -10 -11 12 -13 -14 19 -16 16 -18 -19 -20 20 -22 -23 25 24 -26 26 -28 -29 -30 -31
leaf_value=0.0037637050444387921 -0.0021579392206892401 -0.010662684759444785 0.0039811476702761505 -0.0012965721557191567 0.0018162553137541515 0.0090849325645593112 0.001424048342090724 -0.0017398681932973077 -0.017004442967349848 0.0066155221614515375 -0.0031830059631255698 -0.0013120107092140241 -0.015970666217998763 0.0052788346363416673 -0.0096551807056633708 -0.002599131246876159 0.0001912682358338709 -0.0015958766531873891 0.0017863113171351351 -0.0097863559920222006 1.4493464373410703e-05 -0.00030493100579782862 -0.0012527466679616668 0.0019853488908587835 0.00077674201518208332 0.004986833586865959 0.00038325270562251717 -0.018029563207514653 0.0089408326902158369 -0.00085424940471776631
leaf_weight=5004 8860 2375 1308 13803 4841 604 13502 846 780 6142 948 16153 753 4346 491 729 2587 16047 8934 1633 1937 34375 36516 5138 9085 2914 41372 129 4456 9309
leaf_count=5004 8860 2375 1308 13803 4841 604 13502 846 780 6142 948 16153 753 4346 491 729 2587 16047 8934 1633 1937 34375 36516 5138 9085 2914 41372 129 4456 9309
internal_value=0 0.000310411 0.000434842 -0.000746192 0.000376702 -0.000254669 0.00371485 0.00946455 -0.00247492 0.0111358 -0.00208956 -0.0036772 0.00440172 -0.00113269 0.00620317 0.00762609 -0.00644777 -0.00188162 0.0123487 -0.00163146 -0.0147721 -0.000419921 0.00187547 0.00594891 0.0104981 0.000392077 0.00353941 -0.00195858 0.0175277 -0.00101914
internal_weight=0 247057 244682 134455 120652 115811 41541 20490 74270 19644 73490 59048 14442 42895 13689 13198 3316 21051 9882 42291 3570 38721 110227 29425 18679 80802 44286 10746 9594 10617
internal_count=255917 247057 244682 134455 120652 115811 41541 20490 74270 19644 73490 59048 14442 42895 13689 13198 3316 21051 9882 42291 3570 38721 110227 29425 18679 80802 44286 10746 9594 10617
is_linear=0
shrinkage=0.1


Tree=99
num_leaves=31
num_cat=0
split_feature=92 2 53 1 20 22 138 0 4 148 20 90 62 148 20 4 6 63 137 66 64 52 0 0 62 0 0 14 134 138
split_gain=39.7667 89.0448 107.731 76.4661 54.4365 44.6978 63.8978 59.4882 96.093 123.08 119.348 83.7226 91.9186 75.8147 73.5603 69.266 75.5165 66.9082 78.4516 60.2684 54.3419 53.5372 52.5372 83.3918 101.106 66.1874 53.3904 50.7655 49.0916 64.7698
threshold=127550.50000000001 1724909.8699999999 0.36117186970798304 1224091.0000000002 43.500000000000007 5.5000000000000009 24.500000000000004 3308950.5000000005 398277.70000000007 54211.000000000007 24.500000000000004 0.6017549617925243 2149389.5000000005 67647.500000000015 21.500000000000004 599168.45500000007 42.083333333333336 168.76576580421224 11187.000000000002 4.5000000000000009 0.0475893027620004 0.053799581957213856 12412037.500000002 8411159.5000000019 4515480.0000000009 16968884.000000004 6546623.5000000009 3.5000000000000004 291381.50000000006 24.500000000000004
decision_type=2 2 2 2 2 2 2 2 2 2 2 2 2 2 2 2 2 2 2 2 2 2 2 2 2 2 2 2 2 2
left_child=5 2 -2 -3 -4 6 27 8 9 10 14 12 19 -13 17 16 -9 -7 -19 -10 -14 -17 23 24 -23 -24 -26 -1 -16 -30
right_child=1 3 4 -5 -6 7 -8 15 11 -11 -12 13 20 -15 28 21 -18 18 -20 -21 -22 22 25 -25 26 -27 -28 -29 29 -31
leaf_value=-2.2830732400797904e-05 0.010351635377403591 0.0078080432872441935 -0.0087808866351575601 -0.0027867762119901719 0.0082854068350049753 0.00044371915285543531 -0.0035573987079797181 0.0011258471024580172 0.00032963792346299019 -0.022845022988469885 0.0042408721229508116 0.020741046644952344 -0.0016413591910806381 0.0016146897695767674 -0.0023503182150254238 0.0053856670419972115 -0.0018308032761044321 -0.0071463741861002772 -0.00097813890324625072 0.0088816585010230986 0.0085013102335290188 -0.00061306375983082538 0.0083753718699358434 -0.005286169661230411 0.010512770434741282 0.00048453083671233803 0.0024700431691758729 -0.0084022877643481816 0.0029719577989382093 -0.0050820580411829091
leaf_weight=156710 407 407 2308 1611 269 16350 7183 1651 7205 428 7796 738 347 476 2077 1421 8182 413 1177 1350 1522 9163 5196 6327 1133 10933 1449 1059 398 231
leaf_count=156710 407 407 2308 1611 269 16350 7183 1651 7205 428 7796 738 347 476 2077 1421 8182 413 1177 1350 1522 9163 5196 6327 1133 10933 1449 1059 398 231
internal_value=0 -0.00874613 -0.0197183 0.00747837 -0.0272694 0.000258676 -0.000704835 0.00210753 0.00489416 0.0018018 0.00260276 0.0125653 0.00967079 0.0374189 -0.00137782 -0.000375828 -0.00780577 0.000940407 -0.018643 0.00528166 0.0297613 0.00167511 0.000884897 -0.00281777 0.00216798 0.00503361 0.0196464 -0.000284877 -0.016747 0.00772853
internal_weight=0 5002 2984 2018 2577 250915 164952 85963 40508 28870 28442 11638 10424 1214 20646 45455 9833 17940 1590 8555 1869 35622 34201 18072 11745 16129 2582 157769 2706 629
internal_count=255917 5002 2984 2018 2577 250915 164952 85963 40508 28870 28442 11638 10424 1214 20646 45455 9833 17940 1590 8555 1869 35622 34201 18072 11745 16129 2582 157769 2706 629
is_linear=0
shrinkage=0.1


Tree=100
num_leaves=31
num_cat=0
split_feature=92 124 2 4 1 92 21 137 13 0 148 146 3 13 0 0 0 5 134 134 76 20 20 138 138 20 64 64 137 137
split_gain=42.5532 49.644 41.4286 59.6386 107.655 77.1507 73.5636 70.8647 116.305 147.212 71.573 79.7626 70.5975 130.009 72.2634 70.5916 69.4305 66.7128 63.3821 61.6489 96.1141 86.8422 85.0602 92.9752 83.2756 87.6231 182.173 91.6747 78.8006 106.845
threshold=321945.50000000006 23.500000000000004 3995215.0200000005 599168.45500000007 27075595.500000004 19246.500000000004 10.500000000000002 2509592.5000000005 3794289.5000000005 5805505.5000000009 74330.000000000015 394000.00000000006 834300.71000000008 4296855.0000000009 12412037.500000002 5201346.5000000009 7186454.0000000009 1.5000000000000002 2.5000000000000004 24362.000000000004 8.5000000000000018 24.500000000000004 11.500000000000002 12.500000000000002 20.500000000000004 21.500000000000004 0.0074009508642693088 0.12528070932519728 363962.50000000006 360028.50000000006
decision_type=2 2 2 2 2 2 2 2 2 2 2 2 2 2 2 2 2 2 2 2 2 2 2 2 2 2 2 2 2 2
left_child=2 -2 3 4 7 6 12 8 10 -10 11 19 13 -5 16 -8 18 -9 -14 -1 22 -22 23 28 25 26 -24 -27 29 -21
right_child=1 -3 -4 5 -6 -7 15 17 9 -11 -12 -13 14 -15 -16 -17 -18 -19 -20 20 21 -23 24 -25 -26 27 -28 -29 -30 -31
leaf_value=0.00047052388835574225 -0.0015685101706474525 -0.049165132100808862 -0.0014104200673533849 0.00058231528628737155 -0.025800106925761557 0.0048177261174852312 0.0073648616455594083 -0.025788625999701355 -0.0022230946421591489 0.0027171671387212996 -0.0090727575899214059 0.010684173780238964 -0.0036001638456965249 0.0057828276470751729 0.0037786022603817585 0.0023122134124628426 -0.0061894669761338068 0.0052166821369625978 0.00017134423837563697 -0.00036794968536202018 -0.0070396019888910718 0.0006521580531406591 0.0077331614032819856 -0.0024700739811122294 -0.0013206197547663001 -0.0087454740953771589 0.00074299335850408412 0.00055201505394482982 0.00081450445352555649 -0.0087886239324145039
leaf_weight=61286 1904 740 16760 15003 1382 3475 3849 135 1368 538 860 449 2301 1681 9519 10427 8450 2169 18040 50147 3104 1736 2087 6583 5090 1536 10593 7398 7048 259
leaf_count=61286 1904 740 16760 15003 1382 3475 3849 135 1368 538 860 449 2301 1681 9519 10427 8450 2169 18040 50147 3104 1736 2087 6583 5090 1536 10593 7398 7048 259
internal_value=0 -0.012551 0.000201395 0.000541854 -0.000516481 0.00292444 0.00219503 -0.000279953 -0.00053057 -0.0250854 -0.000234688 -7.74101e-05 0.000534662 0.00596395 -0.00182979 0.0085911 -0.00432709 0.0171329 -0.00116198 -0.000197878 -0.0017853 -0.0155158 -0.00105293 -0.00303006 0.00368827 0.00639823 0.0117427 -0.00118717 -0.00174026 -0.00312509
internal_weight=0 2644 253273 236513 163768 72745 69270 162386 160082 1906 158176 157316 54994 16684 38310 14276 28791 2304 20341 156867 95581 4840 90741 64037 26704 21614 12680 8934 57454 50406
internal_count=255917 2644 253273 236513 163768 72745 69270 162386 160082 1906 158176 157316 54994 16684 38310 14276 28791 2304 20341 156867 95581 4840 90741 64037 26704 21614 12680 8934 57454 50406
is_linear=0
shrinkage=0.1


Tree=101
num_leaves=31
num_cat=0
split_feature=127 4 21 134 5 4 4 4 13 1 20 92 137 137 76 62 66 1 93 94 20 66 123 1 134 26 1 123 0 75
split_gain=41.7186 48.0317 52.0351 50.7027 64.7264 46.92 222.148 77.5989 89.4519 73.0958 67.492 66.2149 48.8637 44.6326 41.1886 39.2501 38.6898 133.688 87.9547 87.8972 94.3138 80.961 86.0667 87.1731 66.6543 67.0038 82.8498 60.2473 82.5982 71.8309
threshold=0.17156862745098042 52085.525000000001 3.5000000000000004 67260.500000000015 5.5000000000000009 100084.64000000001 119685.82000000001 74361.420000000013 509257.50000000006 23581.500000000004 6.5000000000000009 35235.000000000007 27.500000000000004 62828.500000000007 20.500000000000004 947274.00000000012 2.5000000000000004 23581.500000000004 1.5000000000000002 4.0000049082163551 28.500000000000004 13295.500000000002 274704.50000000006 3794370.5000000005 3527.5000000000005 564649.50000000012 1604719.5000000002 274704.50000000006 175232.00000000003 2.5000000000000004
decision_type=2 2 2 2 2 2 2 2 2 2 2 2 2 2 2 2 2 2 2 2 2 2 2 2 2 2 2 2 2 2
left_child=16 3 -3 14 -5 7 11 9 13 -4 12 -7 -11 -9 -2 -14 18 -18 24 -20 27 22 -19 -24 25 -1 -27 28 -21 -29
right_child=1 2 5 4 -6 6 -8 8 -10 10 -12 -13 15 -15 -16 -17 17 21 19 20 -22 -23 23 -25 -26 26 -28 29 -30 -31
leaf_value=0.0022311546960426367 0.0079205631761793075 -0.018839443188063312 0.0070579559694269548 0.0018427906986228093 -0.0039799717327797081 0.0069175603885671903 -0.00031103157756952522 -0.0068770843459821764 0.00085819654501366753 -0.0011154346480821032 0.0033614354299599247 -0.046092197945537185 -0.006291752701658871 -0.011722219463962132 -0.023249895341792226 0.0027756025434703415 -0.076575194895175017 0.0014625184931893022 0.0047251002185956705 -0.0028435708264930473 0.0011163186416977542 -0.00010566410003853983 0.0054047638362685231 0.00060758892394294781 4.4254092072620876e-05 -0.0052432553096002591 0.0008944475244490477 -0.0018465441857302056 -0.014604357679594915 0.0035866977915935852
leaf_weight=14988 2771 195 1414 2566 1662 3887 104252 3218 718 3666 1850 91 1861 1120 337 116 604 5380 1523 1745 2675 8597 2829 2228 73962 1090 4603 1382 3662 925
leaf_count=14988 2771 195 1414 2566 1662 3887 104252 3218 718 3666 1850 91 1861 1120 337 116 604 5380 1523 1745 2675 8597 2829 2228 73962 1090 4603 1382 3662 925
internal_value=0 -0.00119501 -0.00166611 0.00666447 -0.000463385 -0.00158374 -0.000879901 -0.00703931 -0.016934 -0.00142267 -0.00535797 0.0223131 -0.0107921 -0.0223453 0.0163609 -0.0234637 0.00135879 0.00543747 0.000607095 -0.00749122 -0.0107802 0.00690724 0.0128264 0.0221928 0.00162637 0.00664504 -0.00259056 -0.016391 -0.0221636 -0.0028614
internal_weight=0 129724 122388 7336 4228 122193 108230 13963 5056 8907 7493 3978 5643 4338 3108 1977 126193 19638 106555 11912 10389 19034 10437 5057 94643 20681 5693 7714 5407 2307
internal_count=255917 129724 122388 7336 4228 122193 108230 13963 5056 8907 7493 3978 5643 4338 3108 1977 126193 19638 106555 11912 10389 19034 10437 5057 94643 20681 5693 7714 5407 2307
is_linear=0
shrinkage=0.1


Tree=102
num_leaves=31
num_cat=0
split_feature=137 62 134 26 6 2 4 4 4 4 2 134 123 0 4 92 70 3 20 137 62 0 48 20 20 128 126 124 0 148
split_gain=38.8534 83.1125 46.0351 40.5816 94.1443 56.0717 50.2742 389.91 155.309 81.5929 112.074 162.305 81.7785 148.414 91.6478 154.665 87.5561 83.0024 81.343 90.1114 194.167 123.463 103.536 99.4174 127.964 113.295 94.4267 91.8842 86.0475 116.511
threshold=4688664.0000000009 5359034.5000000009 432771.50000000006 517994.50000000006 38.083333333333343 25210.865000000002 100084.64000000001 119685.82000000001 85378.435000000012 398277.70000000007 615070.21000000008 287.50000000000006 574758.00000000012 882887.00000000012 217437.46500000003 932.31578947368428 0.63961038961038974 143571.48500000002 24.500000000000004 391999.50000000006 220102.50000000003 1357652.0000000002 22.000000000000004 6.5000000000000009 21.500000000000004 0.13809523809523813 0.087121212121212141 12.500000000000002 2502937.0000000005 36284.500000000007
decision_type=2 2 2 2 2 2 2 2 2 2 2 2 2 2 2 2 2 2 2 2 2 2 2 2 2 2 2 2 2 2
left_child=3 -2 -3 5 -5 -1 8 -8 -7 10 11 -9 18 17 15 16 -15 -14 19 20 23 27 -23 25 -25 26 -13 -21 29 -20
right_child=1 2 -4 4 -6 6 7 9 -10 -11 -12 12 13 14 -16 -17 -18 -19 28 21 -22 22 -24 24 -26 -27 -28 -29 -30 -31
leaf_value=0.0070204947213134972 -0.046998334344442852 0.0062661725225740209 -0.0078382224431215348 0.0023804996491763606 -0.0036016524117261865 -0.0001519883382649967 0.0060010159484456885 0.0025875453138719529 -0.0064717627329073275 0.0004405377038974017 -0.0019190173538433419 -0.00082539828618205524 -0.015180574520416679 -0.00019381351341513954 0.00048264822324852429 -0.0047968990379583312 -0.003731341375268535 0.0044586612097542279 0.0033046327401458075 0.0052910515506568237 -0.0035400997223626386 -0.0013707331624218872 0.00087484894494760292 0.0019766768033924855 -0.010048921892916758 -0.016947868331386885 -0.010464317292171732 -0.0052421612788128326 -0.006158264374521734 -0.029098119100125327
leaf_weight=3329 2761 2817 3130 2458 7334 35564 7881 6532 4846 106692 6321 9574 136 9545 13348 468 376 1698 4765 1369 8283 2394 2529 6660 1335 950 909 377 1351 185
leaf_count=3329 2761 2817 3130 2458 7334 35564 7881 6532 4846 106692 6321 9574 136 9545 13348 468 376 1698 4765 1369 8283 2394 2529 6660 1335 950 909 377 1351 185
internal_value=0 -0.00648788 0.000168809 0.000308423 -0.00600046 0.000568626 0.00038536 0.00105476 -0.00282297 0.000130675 -0.00230305 -0.00119381 -0.00267657 0.00175484 -0.000362793 -0.00740598 -0.00475593 0.0291628 -0.00546204 -0.00737637 -0.00988791 0.0030596 -0.00504339 -0.00442226 0.00413211 -0.0104043 -0.00740756 0.0259067 0.00498306 0.0110881
internal_weight=0 8708 5947 247209 9792 237417 234088 193678 40410 185797 79105 72784 66252 25571 23737 10389 9921 1834 40681 34380 27711 6669 4923 19428 7995 11433 10483 1746 6301 4950
internal_count=255917 8708 5947 247209 9792 237417 234088 193678 40410 185797 79105 72784 66252 25571 23737 10389 9921 1834 40681 34380 27711 6669 4923 19428 7995 11433 10483 1746 6301 4950
is_linear=0
shrinkage=0.1


Tree=103
num_leaves=31
num_cat=0
split_feature=140 21 137 0 64 4 22 0 75 29 124 92 4 123 0 20 123 64 137 20 94 65 13 26 48 4 0 0 124 64
split_gain=39.5172 58.9908 48.7976 53.6472 63.5175 60.6716 53.7103 50.403 46.663 42.3393 42.1573 65.3307 59.1783 89.2246 89.5869 102.148 110.175 100.39 148.316 122.624 122.178 152.723 86.3248 89.871 82.6649 82.6122 74.0153 166.781 73.3201 72.7951
threshold=0.24305555555555558 5.5000000000000009 868.50000000000011 12412037.500000002 0.17503827160621613 2007132.1350000002 4.5000000000000009 21192252.500000004 483427.50000000006 1595227.5000000002 16.500000000000004 4681.6923076923085 428533.13000000006 1506011.0000000002 21192252.500000004 24.500000000000004 486954.00000000006 0.074839016242037162 176421.00000000003 21.500000000000004 1152.8469387755106 1.0000000180025095e-35 131883.00000000003 2910767.0000000005 56.000000000000007 446279.27500000008 2030286.5000000002 1249317.0000000002 11.500000000000002 0.043859588263119711
decision_type=2 2 2 2 2 2 2 2 2 2 2 2 2 2 2 2 2 2 2 2 2 2 2 2 2 2 2 2 2 2
left_child=8 -2 -3 4 6 -6 -4 -5 9 10 12 -12 13 14 15 16 17 18 19 -1 22 -22 23 -19 -15 -14 27 28 -18 -27
right_child=1 2 3 7 5 -7 -8 -9 -10 -11 11 -13 25 24 -16 -17 26 20 -20 -21 21 -23 -24 -25 -26 29 -28 -29 -30 -31
leaf_value=0.00050872984178416123 -0.01594719736583158 0.0013942045141704718 -0.0055530169749187898 0.0094717593851988205 -0.00026997345362867186 -0.020355852247519082 -0.0015316327279693233 -0.0048951673308623269 -0.0061054830760554962 -0.0432530468613491 -0.00026223447960423856 -0.010675786555518416 0.002374945610684652 -0.00070695640435384014 -0.027811231600926824 0.0023599216475470365 0.0012611883427281036 0.00087222049492661222 0.0099719164825670375 -0.014758499773884038 -0.019152097797474711 -0.0015547946501832236 -0.00086671785419486504 0.0085324224993591994 0.0014251494511068555 -0.00053374552767273967 0.0016956789547775651 -0.00073036064091258591 0.0043562407526436279 0.0014404232676789343
leaf_weight=34992 414 3003 2161 3721 16545 1695 3245 2665 1464 320 12468 2320 2681 10636 1017 15023 5554 8694 1205 1358 2252 4091 26673 444 833 17465 5360 6528 1117 59973
leaf_count=34992 414 3003 2161 3721 16545 1695 3245 2665 1464 320 12468 2320 2681 10636 1017 15023 5554 8694 1205 1358 2252 4091 26673 444 833 17465 5360 6528 1117 59973
internal_value=0 -0.00309164 -0.00262151 -0.00383685 -0.00603328 -0.00321169 -0.0155534 0.00429605 0.000594886 0.000712762 0.000765468 -0.00439181 0.00113588 -0.000217206 0.000626452 0.000891697 -0.000282359 -0.00189805 0.00186185 0.000717655 -0.00524775 -0.0180397 -0.00298198 0.00540624 -0.00862568 0.00326005 0.00665688 0.00263254 0.0137524 0.00266257
internal_weight=0 33449 33035 30032 23646 18240 5406 6386 222468 221004 220684 14788 205896 125777 114308 113291 98268 79709 37555 36350 42154 6343 35811 9138 11469 80119 18559 13199 6671 77438
internal_count=255917 33449 33035 30032 23646 18240 5406 6386 222468 221004 220684 14788 205896 125777 114308 113291 98268 79709 37555 36350 42154 6343 35811 9138 11469 80119 18559 13199 6671 77438
is_linear=0
shrinkage=0.1


Tree=104
num_leaves=31
num_cat=0
split_feature=99 1 22 138 137 137 3 10 75 66 138 20 137 90 52 94 52 123 93 94 6 62 20 0 123 63 140 123 138 52
split_gain=38.1101 36.4854 39.3667 76.3107 77.1055 82.5045 65.2455 73.826 72.9652 68.9438 75.3932 73.1603 59.7258 58.7373 58.6501 77.3237 71.8723 64.6992 64.659 65.217 71.696 57.314 83.9877 57.0846 58.2582 56.1678 56.0065 71.258 65.2719 56.403
threshold=1.0000000180025095e-35 95957323.500000015 4.5000000000000009 10.500000000000002 92133.500000000015 1165057.0000000002 43932.250000000007 1.5000000000000002 70671.500000000015 8337.5000000000018 4.5000000000000009 1.5000000000000002 64822.000000000007 0.99094888525171398 0.07056583310314897 76206.06666666668 0.99999118010231092 1669295.5000000002 7.5000000000000009 60324.750000000007 51.916666666666679 85615.500000000015 4.5000000000000009 321997.00000000006 237130.50000000003 0.93740892275709153 0.20714285714285716 26974.500000000004 14.500000000000002 0.19192220355308909
decision_type=2 2 2 2 2 2 2 2 2 2 2 2 2 2 2 2 2 2 2 2 2 2 2 2 2 2 2 2 2 2
left_child=1 2 6 4 12 25 23 21 9 10 -9 -12 -4 -11 18 16 -16 -17 19 20 -5 22 -8 -1 -25 -6 27 28 -23 -29
right_child=-2 -3 3 14 5 -7 7 8 -10 13 11 -13 -14 -15 15 17 -18 -19 -20 -21 -22 26 -24 24 -26 -27 -28 29 -30 -31
leaf_value=0.006547020523310066 0.022103480362941054 -0.012425419281755624 0.00039635779223375637 0.0074476172950251164 -0.0091607229157771204 0.00023630203504718673 -0.00033339436201291762 0.00012245888414904045 -0.017830838321279987 -0.006793500441112251 0.00060776905729799109 -0.0019676959182590536 -0.004222824360870331 0.014239604880960634 -0.010039794062444419 -0.018603190456196916 -8.6397475516821428e-05 0.013033230614192749 -0.0037618839346150175 0.0091955670552149524 0.00043650841546979957 0.0057237898703077763 -0.0090314930895151642 -0.0019482991056608224 0.0047391538294415895 0.0036829038354167704 -0.0087213702128984497 0.0015201029154937006 -0.0069453739352181689 -0.009993105129732921
leaf_weight=3122 238 1001 37543 2482 343 7252 1629 62843 317 816 3880 12305 1282 85 1491 2846 86430 515 2216 560 5165 1595 2707 2312 598 11230 994 820 367 933
leaf_count=3122 238 1001 37543 2482 343 7252 1629 62843 317 816 3880 12305 1282 85 1491 2846 86430 515 2216 560 5165 1595 2707 2312 598 11230 994 820 367 933
internal_value=0 5.64048e-05 0.000131296 0.00109288 0.00399945 0.00925153 -0.00147621 -0.0021562 -0.00119083 -0.00100093 -0.00068734 -0.00677356 0.00145288 -0.0285067 -0.000554674 -0.00136613 -0.000797082 -0.0162521 0.00655188 0.0106446 0.00823226 -0.0107208 -0.0190164 0.00858962 -0.00148662 0.0144921 -0.00308235 0.00255881 0.01565 -0.0120932
internal_weight=0 255679 254678 159355 57650 18825 95323 89291 80246 79929 79028 16185 38825 901 101705 91282 87921 3361 10423 8207 7647 9045 4336 6032 2910 11573 4709 3715 1962 1753
internal_count=255917 255679 254678 159355 57650 18825 95323 89291 80246 79929 79028 16185 38825 901 101705 91282 87921 3361 10423 8207 7647 9045 4336 6032 2910 11573 4709 3715 1962 1753
is_linear=0
shrinkage=0.1


Tree=105
num_leaves=31
num_cat=0
split_feature=127 123 0 137 63 134 127 127 4 2 20 20 20 20 4 13 3 4 0 2 3 2 4 2 75 62 20 20 13 3
split_gain=34.5019 47.5117 65.8364 67.6257 58.502 51.6908 49.6365 45.8748 45.7016 59.3944 57.2745 74.0975 50.351 46.5433 39.8641 36.9546 93.2752 64.7499 78.0966 118.778 49.8775 46.5836 37.2497 36.8459 36.4472 36.3552 38.0094 36.1535 34.9984 34.9401
threshold=0.17156862745098042 1252932.5000000002 1673869.5000000002 46582.500000000007 1.9999989541302445 2.5000000000000004 0.86507936507936523 0.79285714285714304 259875.83500000005 450882.61000000004 1.5000000000000002 2.5000000000000004 1.0000000180025095e-35 6.5000000000000009 299157.88500000007 469994.00000000006 251830.99000000002 691401.91500000015 100106.50000000001 1154796.0400000003 310522.91000000009 88057.285000000018 367918.76500000001 291382.16500000004 90186.000000000015 20266.000000000004 10.500000000000002 4.5000000000000009 33.500000000000007 834300.71000000008
decision_type=2 2 2 2 2 2 2 2 2 2 2 2 2 2 2 2 2 2 2 2 2 2 2 2 2 2 2 2 2 2
left_child=-1 6 -3 5 29 -4 7 15 13 12 -11 -12 -10 -9 -14 17 -17 18 19 20 -2 -20 -22 -7 -25 26 -19 -18 -8 -5
right_child=1 2 3 4 -6 23 28 8 9 10 11 -13 14 -15 -16 16 27 25 21 -21 22 -23 -24 24 -26 -27 -28 -29 -30 -31
leaf_value=0.00025079117368799524 0.0020132485134520262 -0.0025263568128134641 -0.010832030130787408 -0.001389945444869008 -0.0017320199038177984 -0.0052400951106249261 0.0072915131747952932 -0.0020861860442980443 0.0058448254857019809 0.002826612669465242 -0.0044745842885356799 -0.0032285104675565273 -0.0057796671442148506 0.005156640350636588 -0.019988600708401024 0.0016684339287231455 0.0013867758767655124 0.0029563183486263933 8.0541299990066764e-05 -0.0085537544494175832 -0.0041468172597898447 -0.0029438444303701199 0.00054292525452578119 0.00036792887010975162 -0.02098236878731824 0.0054150883838396521 -0.0010970347553993954 -0.0013423297629509541 0.00038683651364613116 -0.024066715867058087
leaf_weight=126193 9356 2519 390 1378 9711 49 854 2441 70 452 173 894 286 533 182 4417 3895 1301 3683 413 1510 12466 1636 12849 111 1416 1490 9864 43648 1737
leaf_count=126193 9356 2519 390 1378 9711 49 854 2441 70 452 173 894 286 533 182 4417 3895 1301 3683 413 1510 12466 1636 12849 111 1416 1490 9864 43648 1737
internal_value=0 -0.0010614 -0.00464843 -0.00316517 -0.00835543 0.00180313 -4.0354e-05 -0.00200839 -0.0111222 -0.0225824 -0.0124697 -0.025108 -0.0511349 -0.00319564 -0.0629663 -0.00111715 0.00250893 -0.00309808 -0.00477648 0.00101999 0.00276303 -0.00941216 -0.00812949 0.00287855 0.0032058 0.00849711 0.00187573 -0.00154993 0.0024573 -0.02028
internal_weight=0 129724 28744 26225 12826 13399 100980 56478 5031 2057 1519 1067 538 2974 468 51447 18176 33271 29064 12915 12502 16149 3146 13009 12960 4207 2791 13759 44502 3115
internal_count=255917 129724 28744 26225 12826 13399 100980 56478 5031 2057 1519 1067 538 2974 468 51447 18176 33271 29064 12915 12502 16149 3146 13009 12960 4207 2791 13759 44502 3115
is_linear=0
shrinkage=0.1


Tree=106
num_leaves=31
num_cat=0
split_feature=21 138 134 20 21 137 0 0 2 105 13 6 3 64 4 20 5 93 20 63 7 85 53 1 20 13 64 2 137 137
split_gain=34.8371 61.46 75.6268 75.8663 88.5924 68.7067 56.6881 73.3743 61.4647 61.0689 56.379 54.8385 53.9813 51.9555 49.8562 82.8823 49.2115 86.2994 52.545 55.9751 57.5284 51.3078 49.2117 48.7436 48.537 46.4383 46.3089 85.4673 79.5769 116.361
threshold=10.500000000000002 16.500000000000004 1045758.0000000001 5.5000000000000009 6.5000000000000009 4688664.0000000009 10919821.000000002 9757146.5000000019 7323194.3650000012 459534.00000000006 373276.50000000006 88.083333333333357 609796.08000000019 0.25721626382629126 1970788.4050000003 4.5000000000000009 10.500000000000002 1.5000000000000002 20.500000000000004 309.52919820760468 5.5000000000000009 12.500000000000002 0.064565531198321285 95957323.500000015 24.500000000000004 3951870.5000000005 0.54966371095304412 624777.15500000014 391999.50000000006 44666.500000000007
decision_type=2 2 2 2 2 2 2 2 2 2 2 2 2 2 2 2 2 2 2 2 2 2 2 2 2 2 2 2 2 2
left_child=1 5 3 10 -5 6 7 8 9 14 -3 23 -4 -6 26 -16 17 22 19 20 21 -18 -2 25 -20 -8 27 28 29 -1
right_child=16 2 12 4 13 -7 11 -9 -10 -11 -12 -13 -14 -15 15 -17 18 -19 24 -21 -22 -23 -24 -25 -26 -27 -28 -29 -30 -31
leaf_value=0.00018854833108082475 0.018407646876220287 -0.0044622752395777621 -0.0070963115743909056 -0.0054237926273255528 0.0037714166617127593 -0.011723159564588248 0.0078001766800297693 -0.0050766100256509628 0.060839367751577812 0.005447774191637578 0.004191355434740163 -0.0013897179289784846 -0.0042270640192934921 -0.00090540270150066054 0.0033337392570266938 -0.0095314359059688776 0.002151359870952232 -0.00020542586376815628 -0.0018232019470140527 -0.0013113786853526416 -0.013109085456245782 -0.007234665424912157 0.0056823942904740445 -0.0093913585466094858 0.00020820743504561536 0.0016985664662283685 0.00031477914018861468 -0.0010612829539377281 0.0039030218972493933 -0.0041271189914625769
leaf_weight=56302 687 474 1823 3109 2876 3674 5618 1819 97 543 2151 4283 6741 13675 504 1963 14106 3265 5055 4239 456 735 2510 405 15368 4414 70178 23592 2031 3224
leaf_count=56302 687 474 1823 3109 2876 3674 5618 1819 97 543 2151 4283 6741 13675 504 1963 14106 3265 5055 4239 456 735 2510 405 15368 4414 70178 23592 2031 3224
internal_value=0 -0.00044955 -0.00457134 -0.00150197 -0.00363399 0.000262206 0.000546381 8.6059e-07 0.000230138 0.000181387 0.0144658 0.00648533 -0.0125584 -0.000724578 6.61813e-05 -0.0140382 0.00257824 0.0106748 0.0012689 0.00497656 0.00779435 0.0088693 0.0223534 0.0103953 -0.00227773 0.0117684 0.000290196 -0.00127735 0.000683998 1.98627e-05
internal_weight=0 209496 30849 22285 19660 178647 174973 160253 158434 158337 2625 14720 8564 16551 157794 2467 46421 6462 39959 19536 15297 14841 3197 10437 20423 10032 155327 85149 61557 59526
internal_count=255917 209496 30849 22285 19660 178647 174973 160253 158434 158337 2625 14720 8564 16551 157794 2467 46421 6462 39959 19536 15297 14841 3197 10437 20423 10032 155327 85149 61557 59526
is_linear=0
shrinkage=0.1


Tree=107
num_leaves=31
num_cat=0
split_feature=0 4 0 0 4 13 0 6 62 3 13 64 62 13 4 52 4 134 13 22 4 14 88 22 4 4 62 123 20 1
split_gain=36.0964 70.1038 61.4252 111.779 66.1647 61.9923 53.1275 50.8785 49.4996 51.0346 50.5281 73.2855 75.5711 51.7101 65.3472 49.7532 47.8837 55.8078 57.8019 44.005 58.9163 56.7965 53.8102 50.3558 45.9507 75.7333 64.0044 61.5048 57.4602 50.0732
threshold=39460550.500000007 774598.47000000009 12412037.500000002 9168790.0000000019 536587.29000000015 1462201.0000000002 10919821.000000002 58.083333333333343 5710496.0000000009 1111544.9450000001 4989435.0000000009 0.10956603899885096 4793501.5000000009 4382248.0000000009 912866.78000000014 0.00064185080234900355 2836212.5900000003 497308.50000000006 5919845.5000000009 6.5000000000000009 3357581.6600000006 3.5000000000000004 503908.00000000006 8.5000000000000018 147019.31000000003 398277.70000000007 1526331.5000000002 266672.50000000006 13.500000000000002 2946814.0000000005
decision_type=2 2 2 2 2 2 2 2 2 2 2 2 2 2 2 2 2 2 2 2 2 2 2 2 2 2 2 2 2 2
left_child=2 -2 3 8 -4 7 -5 -6 10 -10 13 -12 -13 19 15 -15 17 -7 -19 20 21 -1 23 24 27 26 -26 -21 29 -27
right_child=1 -3 4 6 5 16 -8 -9 9 -11 11 12 -14 14 -16 -17 -18 18 -20 22 -22 -23 -24 -25 25 28 -28 -29 -30 -31
leaf_value=-2.71086321523801e-05 -0.028481386007930445 -0.0017808737630309324 -0.0039704194392056634 -0.0060678643875834437 0.016025732243894943 0.018390523565129626 -0.00096484264671767858 0.0059936060951003792 0.010370713944090656 0.0018943184692483683 -0.0024674222566990148 -0.036202276387660874 0.0032387167802659352 -0.013596893721377052 0.00083831395530569505 0.0065879473353474775 -0.0042447977604456177 0.0046789276616536089 -0.0041893928728529593 0.0027505037235896514 0.054775599665497332 -0.0029443157545749653 -0.0095347727709498963 0.010044578375595315 -0.00030261881336106556 0.0086340511364988905 -0.0016321488024696571 0.0091881418177440343 0.00047504402374226292 0.00050529080100893966
leaf_weight=170365 1232 5815 2822 6054 982 2609 4989 2128 491 1780 1054 2322 1883 63 2900 1405 3909 7331 3431 4020 151 5045 870 1396 6718 1681 1233 882 9383 973
leaf_count=170365 1232 5815 2822 6054 982 2609 4989 2128 491 1780 1054 2322 1883 63 2900 1405 3909 7331 3431 4020 151 5045 870 1396 6718 1681 1233 882 9383 973
internal_value=0 -0.00695641 0.000301188 -0.000202681 0.00519961 0.00718583 -0.0100143 0.0201831 0.000302176 0.0149875 0.000145119 -0.00953475 -0.00362465 0.000390942 0.011156 0.0283473 0.00484662 0.00769287 0.00451193 0.000158984 -0.000420477 -0.000474226 0.00390515 0.00471498 0.00367843 0.0015506 -0.00602308 0.0123547 0.00655337 0.0195444
internal_weight=0 7047 248870 225658 23212 20390 11043 3110 214615 2271 212344 5259 4205 207085 4368 1468 17280 13371 10762 202717 175561 175410 27156 26286 24890 19988 7951 4902 12037 2654
internal_count=255917 7047 248870 225658 23212 20390 11043 3110 214615 2271 212344 5259 4205 207085 4368 1468 17280 13371 10762 202717 175561 175410 27156 26286 24890 19988 7951 4902 12037 2654
is_linear=0
shrinkage=0.1


Tree=108
num_leaves=31
num_cat=0
split_feature=2 62 13 84 94 26 64 26 4 123 0 148 137 0 94 62 3 13 134 20 138 22 92 123 123 123 2 20 0 92
split_gain=34.6598 46.9184 71.0255 47.8877 58.9107 58.5847 90.5815 50.3452 50.0981 123.361 108.287 75.9194 72.4609 74.1214 101.854 87.0742 72.1332 93.5886 84.8033 106.165 79.3728 71.5588 67.4655 68.2589 84.9013 82.6388 70.0432 66.107 62.749 85.9344
threshold=3995215.0200000005 5511452.5000000009 5919845.5000000009 6.5000000000000009 455233.50000000006 517994.50000000006 16.905783449321849 1490634.0000000002 616442.51500000025 3794712.0000000005 5657443.5000000009 57688.500000000007 2509592.5000000005 2624453.0000000005 133.55000000000004 374275.50000000006 204262.44000000003 373276.50000000006 751006.00000000012 10.500000000000002 12.500000000000002 6.5000000000000009 11356.571428571429 3046769.0000000005 3046037.0000000005 3046928.5000000005 1269269.1400000004 10.500000000000002 2162799.0000000005 109157.87500000001
decision_type=2 2 2 2 2 2 2 2 2 2 2 2 2 2 2 2 2 2 2 2 2 2 2 2 2 2 2 2 2 2
left_child=1 2 3 4 5 8 -7 -8 9 11 -11 12 13 28 16 -16 17 -15 19 -18 -20 22 23 24 -10 -25 -27 -22 29 -1
right_child=-2 -3 -4 -5 -6 6 7 -9 21 10 -12 -13 -14 14 15 -17 18 -19 20 -21 27 -23 -24 25 -26 26 -28 -29 -30 -31
leaf_value=0.00011705305637944586 -0.0012540208643580188 0.0027997487564674355 -0.017428131304332916 0.0027524863157341508 -0.02807260260787561 -0.006043874197328717 -0.003386122233808431 0.001716955743573738 -0.00027471752734061725 -0.0030015133068214388 0.00089310041320920944 -0.0099731656375232815 0.0049959181076322566 -0.00035136345127750575 -0.016450607518514682 -0.00087208091409187176 -0.0021706810960800188 -0.0030073113194997903 0.00065301934240807457 -7.7509106386358293e-05 -0.012700712775454327 0.0043484522378766767 0.004718744189080192 0.0094239648276204548 -0.007153165120855765 0.0027758052865883773 0.00041319187224082013 -0.00030007822480696629 0.0013578855928128755 -0.0051591291563250156
leaf_weight=118913 17148 9586 2825 6789 1410 2983 1473 3261 32580 787 421 1000 1799 1021 816 2600 2102 878 12080 3395 1164 8583 2555 198 411 2612 7597 2814 5039 1077
leaf_count=118913 17148 9586 2825 6789 1410 2983 1473 3261 32580 787 421 1000 1799 1021 816 2600 2102 878 12080 3395 1164 8583 2555 198 411 2612 7597 2814 5039 1077
internal_value=0 0.00044196 0.000155272 0.000351937 9.61779e-05 0.000227862 -0.00832965 0.000270543 0.00054167 -0.000370876 -0.032203 -0.000122306 5.63835e-05 -0.000179912 -0.00494494 -0.0210776 -0.00259528 -0.0212793 -0.000949214 -0.0116697 0.00272065 0.00315043 0.00158493 0.000655229 -0.00157223 0.00771645 0.00647545 -0.00953091 0.000844141 0.000385052
internal_weight=0 238769 229183 226358 219569 218159 7717 4734 210442 155906 1208 154698 153698 151899 26870 3416 23454 1899 21555 5497 16058 54536 45953 43398 32991 10407 10209 3978 125029 119990
internal_count=255917 238769 229183 226358 219569 218159 7717 4734 210442 155906 1208 154698 153698 151899 26870 3416 23454 1899 21555 5497 16058 54536 45953 43398 32991 10407 10209 3978 125029 119990
is_linear=0
shrinkage=0.1


Tree=109
num_leaves=31
num_cat=0
split_feature=1 90 66 20 13 94 66 1 93 94 20 0 2 49 75 75 49 137 123 134 84 92 123 1 3 13 29 94 84 20
split_gain=34.585 35.0452 49.8931 48.2966 45.5024 48.6759 41.9886 69.0303 52.8759 94.208 98.3298 83.68 95.5245 69.7437 65.8129 96.4157 52.5963 46.689 58.7541 46.1881 46.0733 43.3013 93.2418 57.5932 42.4657 48.9426 42.4458 42.4213 41.0884 42.7985
threshold=76775494.500000015 4.434604705766481 161122.00000000003 12.500000000000002 4610171.5000000009 4105.1428571428578 5.5000000000000009 3098.5000000000005 1.5000000000000002 819.15094339622658 36.500000000000007 151541.50000000003 156297.83000000005 2.5000000000000004 1.0000000180025095e-35 19750.500000000004 2.5000000000000004 363962.50000000006 196006.50000000003 2206834.5000000005 20.500000000000004 4681.6923076923085 312091.50000000006 3075194.5000000005 226812.49000000002 177772.00000000003 92079.500000000015 4.9999965063549414 17.500000000000004 14.500000000000002
decision_type=2 2 2 2 2 2 2 2 2 2 2 2 2 2 2 2 2 2 2 2 2 2 2 2 2 2 2 2 2 2
left_child=1 2 6 -4 5 -3 8 16 14 13 11 -11 20 24 26 -16 -8 18 -17 28 -13 -9 -23 -24 25 27 -1 -10 29 -14
right_child=-2 4 3 -5 -6 -7 7 21 9 10 -12 12 19 -15 15 17 -18 -19 -20 -21 -22 22 23 -25 -26 -27 -28 -29 -30 -31
leaf_value=-1.7586632865245155e-05 -0.008937699194207083 0.0044267619679529682 0.0001733801248337372 -0.0085671921488442836 -0.0083525291791574762 -0.0041176454467121348 -0.076461253417651351 0.00064552367028787312 0.012683939675012202 0.00056021494394482569 0.0022163478897353705 -0.034278079932118781 -0.0010294331379162389 0.0024359164864711917 0.0019701951316315248 0.0003726836352326717 0.0049964195845918942 0.0029633555497343886 -0.0073604037210174798 -0.024403862672664475 0.047460968983727161 0.00098868867700768119 0.013410151245897232 0.001762940068695977 -0.0020636737629161545 0.009404925248745628 -0.0068035371071959901 -0.006282624327531839 0.025068660448197978 -0.0046368159832657655
leaf_weight=178178 2018 6455 1912 2272 750 1014 453 16799 667 2751 2771 1508 3064 3231 14494 911 226 1453 1237 513 47 1766 752 322 3433 535 1736 1329 199 3121
leaf_count=178178 2018 6455 1912 2272 750 1014 453 16799 667 2751 2771 1508 3064 3231 14494 911 226 1453 1237 513 47 1766 752 322 3433 535 1736 1329 199 3121
internal_value=0 0.000232054 1.71681e-05 -0.0108095 0.00665537 0.00901317 0.000204744 0.00455527 -0.000194907 -0.00471499 -0.00988756 -0.0140595 -0.0189902 0.00314595 0.000333988 0.00608264 -0.0267923 -0.00856195 -0.017927 -0.0139422 -0.0413796 0.00563908 0.0170593 0.0402941 -0.00326432 0.00656315 -0.000244188 -0.000636217 -0.0116225 -0.0130615
internal_weight=0 253899 245680 4184 8219 7469 241496 20318 221178 23169 13974 11203 8452 9195 198009 18095 679 3601 2148 6897 1555 19639 2840 1074 5964 2531 179914 1996 6384 6185
internal_count=255917 253899 245680 4184 8219 7469 241496 20318 221178 23169 13974 11203 8452 9195 198009 18095 679 3601 2148 6897 1555 19639 2840 1074 5964 2531 179914 1996 6384 6185
is_linear=0
shrinkage=0.1


Tree=110
num_leaves=31
num_cat=0
split_feature=6 134 21 137 3 0 76 3 0 13 0 0 4 4 137 63 141 4 93 2 20 3 93 64 62 64 88 93 20 53
split_gain=32.6202 48.7849 36.7334 55.7642 60.3849 56.2181 51.0627 48.5766 49.59 45.5348 43.6642 62.6851 60.3749 70.161 70.1741 64.7706 63.4632 56.0553 86.2631 48.9572 56.5059 48.7755 59.5181 46.3439 44.1955 56.8548 44.0022 42.9907 41.8206 41.542
threshold=184.08333333333337 1542602.5000000002 8.5000000000000018 2640952.5000000005 985577.59000000008 3003721.0000000005 20.500000000000004 2878447.2900000005 12137945.500000002 13251858.000000002 3308950.5000000005 3793943.0000000005 413702.08000000007 158728.10500000001 80005.000000000015 168.76576580421224 0.5590277777777779 100084.64000000001 24.500000000000004 791421.66000000015 7.5000000000000009 211218.50000000003 2.5000000000000004 0.49700188683546048 2149389.5000000005 0.0475893027620004 49161.000000000007 1.5000000000000002 49.500000000000007 3.0079004858747713
decision_type=2 2 2 2 2 2 2 2 2 2 2 2 2 2 2 2 2 2 2 2 2 2 2 2 2 2 2 2 2 2
left_child=2 -2 3 29 5 -5 7 9 -9 10 12 -12 13 17 15 21 -16 23 26 -14 -21 22 -15 -4 -22 -26 -19 -13 -17 -1
right_child=1 -3 6 4 -6 -7 -8 8 -10 -11 11 27 19 14 16 28 -18 18 -20 20 24 -23 -24 -25 25 -27 -28 -29 -30 -31
leaf_value=-5.653160128143986e-06 -0.0003131047605542406 -0.0091032129298823424 0.007127815916551406 -0.0061591155079030952 -0.021230780734213941 0.0035699870672095905 -0.0057413562747258631 -0.0016056783728924939 0.0017574773890748575 0.016626840840992019 -0.0027968484059771033 0.0010328132263713889 0.0057044444192852727 -0.0029627776462382194 0.0038223093300566386 -0.0041036894639950262 -3.5475008177910479e-05 0.0063184618188351308 -0.0039998521830333488 0.0081474224118903635 0.00049309309761143142 -0.00014664779779714342 0.0044078986441664749 -0.00051466532833976952 -0.0050473072011350652 0.0075424103820266016 -0.010987149380611627 -0.0010429273394418565 0.0090147091008383248 -0.0056496821318265614
leaf_weight=150214 5864 2116 3171 230 4021 1914 2575 6667 6803 824 2331 26998 1881 1036 1763 694 3670 3755 697 795 5866 7420 249 5881 299 1028 104 4833 79 2139
leaf_count=150214 5864 2116 3171 230 4021 1914 2575 6667 6803 824 2331 26998 1881 1036 1763 694 3670 3755 697 795 5866 7420 249 5881 299 1028 104 4833 79 2139
internal_value=0 -0.00617418 0.000321437 -0.000592751 -0.00991664 0.00363688 0.00194207 0.00235355 -0.00316635 0.0033669 0.00310141 0.00050083 0.0054157 0.00308278 -0.00165554 -0.00684948 0.0074054 0.0082748 0.0173215 0.0121573 0.00873947 -0.00438607 -0.0223734 0.00372146 0.00594334 0.0224238 0.0231694 0.00166003 -0.0345907 -0.000215457
internal_weight=0 7980 247937 158518 6165 2144 89419 86844 13470 73374 72550 34162 38388 28519 14911 9478 5433 13608 4556 9869 7988 8705 1285 9052 7193 1327 3859 31831 773 152353
internal_count=255917 7980 247937 158518 6165 2144 89419 86844 13470 73374 72550 34162 38388 28519 14911 9478 5433 13608 4556 9869 7988 8705 1285 9052 7193 1327 3859 31831 773 152353
is_linear=0
shrinkage=0.1


Tree=111
num_leaves=31
num_cat=0
split_feature=127 126 0 62 123 0 76 53 4 92 1 20 137 20 4 1 0 66 137 65 13 6 123 84 137 138 66 124 124 124
split_gain=33.0705 38.2066 49.4146 69.4202 57.85 148.715 92.5351 86.3491 78.9216 98.1783 97.441 92.9627 76.7595 71.9246 79.4176 106.941 70.976 62.1622 54.676 54.1787 54.0037 65.5974 65.6074 53.9641 48.8187 48.714 47.4771 46.9966 46.6309 46.1831
threshold=0.17156862745098042 0.59166666666666667 315804.50000000006 157690.00000000003 897136.50000000012 1116148.0000000002 9.5000000000000018 0.12395271730945578 217437.46500000003 84.010638297872347 2293318.0000000005 32.500000000000007 5.5000000000000009 24.500000000000004 175590.51000000004 1101577.0000000002 2624453.0000000005 23.500000000000004 853225.00000000012 3.5000000000000004 587928.50000000012 43.916666666666679 185259.00000000003 2746223.5000000005 134170.50000000003 28.500000000000004 2534.5000000000005 13.500000000000002 7.5000000000000009 11.500000000000002
decision_type=2 2 2 2 2 2 2 2 2 2 2 2 2 2 2 2 2 2 2 2 2 2 2 2 2 2 2 2 2 2
left_child=1 2 3 19 6 -6 12 -7 9 13 11 17 -4 14 15 -9 -17 18 25 -1 21 -14 -23 -22 -24 -10 -19 -3 -16 -12
right_child=-2 27 4 -5 5 7 -8 8 10 -11 29 -13 20 -15 28 16 -18 26 -20 -21 23 22 24 -25 -26 -27 -28 -29 -30 -31
leaf_value=0.0035845065463381734 -0.00017626343250720894 -0.0014722769249286283 0.0025225824503452899 0.0093879822075199296 0.0054206520765878174 0.0045308954947927372 -0.0048015223489008777 -0.0070701410132830815 0.0022252157176517137 -0.0020288761783101351 0.00059497375614039362 -0.0038872824334159738 0.0021508093901808621 -0.0042100065498480088 0.00026948827251469659 0.002974615410051307 -0.0023268717882409754 0.0096964596921711357 0.013960791207908579 -0.11651532722927871 -0.0012783456027143981 -0.0017437925118616651 0.00041464500851839947 0.0073316864512614766 0.0041580053612926271 -0.0056543846239027144 -0.0059628472569925907 0.0057524171257282266 -0.00098437997226831389 -0.00071156728050131854
leaf_weight=12890 129724 10938 5605 1759 636 2279 5536 81 3735 882 25272 657 6106 214 1642 431 59 384 176 284 15225 11060 3618 617 1245 286 101 1221 1479 11775
leaf_count=12890 129724 10938 5605 1759 636 2279 5536 81 3735 882 25272 657 6106 214 1642 431 59 384 176 284 15225 11060 3618 617 1245 286 101 1221 1479 11775
internal_value=0 0.00129502 0.0018632 0.00722581 0.00105514 0.00344511 -0.00138735 0.00282718 0.00190874 -0.010261 0.00328345 0.0159135 0.00016316 -0.00345645 -0.000189453 0.0340997 0.0516951 0.0208565 0.0169396 0.00473441 -0.00145334 0.00174899 -0.00163019 -0.00590632 0.00805012 0.0145517 0.0547524 -0.00403366 -0.00646279 0.00146328
internal_weight=0 126193 114034 14933 99101 50089 49012 49453 47174 4788 42386 5339 43476 3906 3692 571 490 4682 4197 13174 37871 22029 15923 15842 4863 4021 485 12159 3121 37047
internal_count=255917 126193 114034 14933 99101 50089 49012 49453 47174 4788 42386 5339 43476 3906 3692 571 490 4682 4197 13174 37871 22029 15923 15842 4863 4021 485 12159 3121 37047
is_linear=0
shrinkage=0.1


Tree=112
num_leaves=31
num_cat=0
split_feature=0 0 0 124 137 94 4 137 5 2 141 19 136 148 84 62 88 92 137 62 148 137 4 123 75 134 0 146 148 62
split_gain=33.1171 76.44 101.785 69.9461 93.6279 76.8827 68.5279 66.6677 78.251 74.4203 74.8015 63.3766 60.9895 60.1638 69.7948 56.4342 55.5405 53.9965 53.8353 51.4836 50.5499 48.3949 48.3534 48.2343 47.9293 51.0427 47.4994 46.7615 56.3115 46.2163
threshold=29641453.500000004 12412037.500000002 7031456.5000000009 10.500000000000002 1831793.0000000002 1772.5000000000002 774598.47000000009 820176.50000000012 1.0000000180025095e-35 2792435.0000000005 1.0000000180025095e-35 1.0000000180025095e-35 1.5000000000000002 322863.50000000006 235.00000000000003 6038198.5000000009 503908.00000000006 695645.00000000012 70903.500000000015 5848705.0000000009 158610.00000000003 3602353.5000000005 1798857.8400000001 4945445.5000000009 314662.00000000006 39.500000000000007 14649801.000000002 836443.50000000012 57688.500000000007 3851727.0000000005
decision_type=2 2 2 2 2 2 2 2 2 2 2 2 2 2 2 2 2 2 2 2 2 2 2 2 2 2 2 2 2 2
left_child=1 2 7 4 5 18 -2 11 -9 10 29 13 -12 14 17 -5 -16 24 20 -6 -4 -17 -15 -20 27 -26 -3 -1 -29 -10
right_child=6 26 3 15 19 -7 -8 8 9 -11 12 -13 -14 22 16 21 -18 -19 23 -21 -22 -23 -24 -25 25 -27 -28 28 -30 -31
leaf_value=7.5608421376154955e-05 -0.015272886360056727 0.0088229695173286382 0.0025014332440069804 -0.013266984786216286 -0.033544738176464819 -0.0040912087001188091 -0.00085211511786376093 -0.013787058722157115 0.0023845177967526145 -0.0060101057914673239 -0.0025142356747473848 -0.0013611109877895858 0.0011533467687327881 -0.015729428993542061 0.0092071882642122318 -0.0018733090685008947 -0.010242774158922793 -0.040738961096897078 -0.00031563934174885235 -0.00019620087970420033 -0.011598573609487055 0.014059941785816555 0.00019536674413816893 0.012466711282034304 0.0035342130414278369 -0.017731211089978896 0.0018549162843654267 0.014914347846317531 -1.9232024494811508e-05 0.0049201102517835715
leaf_weight=156225 2048 5063 2590 4879 3582 1081 7964 305 8944 2479 2127 16545 12126 319 1233 1161 144 583 5906 1923 78 580 236 337 171 522 15184 213 287 1082
leaf_count=156225 2048 5063 2590 4879 3582 1081 7964 305 8944 2479 2127 16545 12126 319 1233 1161 144 583 5906 1923 78 580 236 337 171 522 15184 213 287 1082
internal_value=0 0.000345313 -0.000182806 -0.00662568 -0.00295011 0.00281929 -0.0055219 0.000517284 0.00513885 0.00571294 0.0073981 -0.000191436 0.00274277 0.000418078 0.000532532 -0.0152299 0.0229486 0.000337173 0.00587448 -0.013422 0.0177643 0.000226462 -0.0324494 0.000793279 0.000449675 -0.0257911 0.00623133 0.000565705 0.0310984 0.0140161
internal_weight=0 245905 225658 22117 15497 9992 10012 203541 27063 26758 24279 176478 14253 159933 159378 6620 1377 158001 8911 5505 2668 1741 555 6243 157418 693 20247 156725 500 10026
internal_count=255917 245905 225658 22117 15497 9992 10012 203541 27063 26758 24279 176478 14253 159933 159378 6620 1377 158001 8911 5505 2668 1741 555 6243 157418 693 20247 156725 500 10026
is_linear=0
shrinkage=0.1


Tree=113
num_leaves=31
num_cat=0
split_feature=99 127 134 0 0 4 0 13 137 62 94 105 0 3 6 22 14 92 88 4 4 63 148 146 137 4 147 62 134 89
split_gain=31.0628 29.8057 29.4909 30.4976 86.7397 82.3239 50.6221 49.6708 46.863 54.6082 54.3417 42.3063 61.696 45.2288 41.1713 36.4075 45.5445 44.5666 57.3887 49.7894 44.2902 40.7152 48.904 84.2393 50.4601 46.0653 108.624 86.9944 49.8095 44.6793
threshold=1.0000000180025095e-35 2.7083333333333335 54706099.500000007 12412037.500000002 9168790.0000000019 536587.29000000015 15487215.500000002 1145609.0000000002 125907.50000000001 5511452.5000000009 18.457605344295995 546872.00000000012 1412548.0000000002 400056.61500000005 45.416666666666679 6.5000000000000009 3.5000000000000004 64985.500000000007 784819.50000000012 357311.61500000005 5696970.1000000006 2058.9063790760874 61404.500000000007 865359.50000000012 809999.50000000012 398277.70000000007 11.500000000000002 1526331.5000000002 4327.5000000000009 0.15605670474465214
decision_type=2 2 2 2 2 2 2 2 2 2 2 2 2 2 2 2 2 2 2 2 2 2 2 2 2 2 2 2 2 2
left_child=1 2 3 4 11 14 7 -7 10 -10 -6 15 -13 -14 -5 16 20 18 21 -19 -1 22 23 25 29 27 28 -17 -27 -24
right_child=-2 -3 -4 5 8 6 -8 -9 9 -11 -12 12 13 -15 -16 17 -18 19 -20 -21 -22 -23 24 -25 -26 26 -28 -29 -30 -31
leaf_value=-1.6606297886492037e-05 0.019603039277001248 0.027293809938401831 -0.0084679282927023099 0.0021774126264499927 0.0012611042192655075 0.018592624626909648 0.0016195673416693258 0.0065348740485648982 -0.013367799113619029 7.2907081118422931e-05 -0.0036428374768768812 0.0082151640579332108 -0.0033938478811017646 0.0034281367527817376 -0.010096968786353933 0.0011898928126561166 -0.0026474716631926841 -0.012051905029788864 -0.011404458283253028 -0.00077078699751480522 0.054446255395404701 -0.0014473630491213616 0.0082303529660670057 0.012869329440427728 0.0079305318513462463 -7.0375867193684459e-05 0.017049758933739306 -0.0012930619022642916 0.0034815982991867767 -0.0056913831984569301
leaf_weight=178831 238 41 2400 716 2368 440 18241 5916 5628 2303 740 298 144 242 2543 10320 5522 356 529 1812 96 3761 141 251 385 3242 858 1130 4900 1525
leaf_count=178831 238 41 2400 716 2368 440 18241 5916 5628 2303 740 298 144 242 2543 10320 5522 356 529 1812 96 3761 141 251 385 3242 858 1130 4900 1525
internal_value=0 0.000110202 9.65287e-05 0.00020109 -0.000184715 0.00332263 0.00530144 0.0129868 -0.0088292 -0.0129079 0.00157895 0.00026049 0.0250907 -0.00129781 -0.0116123 0.000180999 -0.000338473 0.00346125 0.00456724 -0.010334 -6.24215e-05 0.00521795 0.00681123 0.00827054 -0.00791784 0.00756382 0.0129171 0.00335598 0.0093508 -0.0154581
internal_weight=0 255679 255638 253238 225382 27856 24597 6356 11039 7931 3108 214343 684 386 3259 213659 184449 29210 27042 2168 178927 26513 22752 20701 2051 20450 9000 11450 8142 1666
internal_count=255917 255679 255638 253238 225382 27856 24597 6356 11039 7931 3108 214343 684 386 3259 213659 184449 29210 27042 2168 178927 26513 22752 20701 2051 20450 9000 11450 8142 1666
is_linear=0
shrinkage=0.1


Tree=114
num_leaves=31
num_cat=0
split_feature=140 21 92 138 3 1 76 127 62 124 127 127 3 22 4 20 4 4 20 3 4 134 2 3 0 2 0 4 0 4
split_gain=32.267 44.2447 36.7857 67.4725 93.1591 47.9404 41.3127 38.3395 36.6971 36.6323 35.9558 50.9697 54.4394 72.5276 71.5687 106.118 53.8522 49.3507 58.9726 47.8693 45.1267 38.1196 37.9227 37.9282 36.7698 36.5816 36.181 38.1561 46.2163 65.8983
threshold=0.30384615384615393 5.5000000000000009 97045.000000000015 39.500000000000007 1330855.7100000004 1224091.0000000002 9.5000000000000018 0.17156862745098042 81370.000000000015 12.500000000000002 0.86507936507936523 0.74166666666666681 251830.99000000002 3.5000000000000004 1058291.6250000002 4.5000000000000009 603651.71000000008 287027.89500000008 1.5000000000000002 323492.68000000011 470444.50500000006 551.50000000000011 816567.02000000002 467483.07000000007 1673869.5000000002 1916421.0750000002 4687514.0000000009 603651.71000000008 233354.50000000003 170850.91
decision_type=2 2 2 2 2 2 2 2 2 2 2 2 2 2 2 2 2 2 2 2 2 2 2 2 2 2 2 2 2 2
left_child=2 -2 7 4 6 8 9 -1 -6 -4 11 -9 21 14 15 17 19 18 -14 -17 -15 -13 23 -19 -25 -16 27 28 29 -12
right_child=1 -3 3 -5 5 -7 -8 10 -10 -11 26 12 13 20 25 16 -18 22 -20 -21 -22 -23 -24 24 -26 -27 -28 -29 -30 -31
leaf_value=0.00039144073157307377 -0.01372640402459064 -0.00057384889641749488 0.0010370068687998333 0.0053200682801283787 -0.012412956279974775 -0.0026248406256314419 -0.0068024765986484034 -8.8141110968563137e-05 0.0064894700339168101 -0.023950593644378151 0.0061369073525087137 0.0029321229996577495 -0.0075509794484595249 -0.0027593860052807506 -0.0048871860246291867 -0.0025521516473329797 -0.0017992470042107356 0.00066601133435085569 0.0045748316553232823 -0.013144671254904386 0.00098865004456626777 -0.001046672236748547 -0.0089309122138974805 0.0081909628504988011 -0.0057086985480661913 -0.00075098171515364286 -0.0010921464412198768 0.0024017762087436456 -6.2093029598497837e-05 -0.00054768610295212634
leaf_weight=103255 364 31050 789 336 42 1459 1784 44055 435 460 4847 1561 322 1510 408 189 526 914 60 654 2301 5744 118 230 29 89 14299 7422 27606 3059
leaf_count=103255 364 31050 789 336 42 1459 1784 44055 435 460 4847 1561 322 1510 408 189 526 914 60 654 2301 5744 118 230 29 89 14299 7422 27606 3059
internal_value=0 -0.00285239 0.000569415 -0.00765877 -0.0105914 0.00654667 -0.0215308 0.000768553 0.0340678 -0.00758251 -0.000479514 -0.00221823 -0.00732687 -0.013403 -0.0237113 -0.0179633 -0.0386105 -0.0010679 -0.032642 -0.0542773 -0.00383047 -0.00121326 0.00827469 0.0137107 0.0474903 -0.0588935 0.00130408 0.00275508 0.00139221 0.00813335
internal_weight=0 31414 224503 5305 4969 1936 3033 219198 477 1249 115943 58710 14655 7350 3539 3042 1369 1673 382 843 3811 7305 1291 1173 259 497 57233 42934 35512 7906
internal_count=255917 31414 224503 5305 4969 1936 3033 219198 477 1249 115943 58710 14655 7350 3539 3042 1369 1673 382 843 3811 7305 1291 1173 259 497 57233 42934 35512 7906
is_linear=0
shrinkage=0.1


Tree=115
num_leaves=31
num_cat=0
split_feature=138 64 148 93 62 20 137 0 6 0 2 105 0 134 0 13 134 26 92 22 88 140 64 137 63 3 134 63 94 148
split_gain=31.7017 42.9279 53.607 56.518 52.7371 56.7399 40.2358 46.7533 78.0976 54.2288 41.2891 40.8296 49.6099 39.8643 38.7698 45.9662 41.4629 38.7255 38.5513 41.5544 41.1803 39.6564 47.5886 59.5699 36.7045 36.4569 36.1693 65.2987 63.7088 46.2117
threshold=20.500000000000004 0.53057355513644511 95386.000000000015 2607.0000000000005 361878.50000000006 22.500000000000004 4688664.0000000009 10919821.000000002 61.083333333333336 9757146.5000000019 34513.755000000005 546872.00000000012 1282127.5000000002 29867271.500000004 97332164.500000015 4855571.0000000009 17.500000000000004 3675547.5000000005 1051325.0000000002 6.5000000000000009 841597.00000000012 0.87083333333333346 0.19733790366588691 29625.000000000004 1.9999989541302445 400056.61500000005 497308.50000000006 1721.4444444444446 575.07147296457435 119011.00000000001
decision_type=2 2 2 2 2 2 2 2 2 2 2 2 2 2 2 2 2 2 2 2 2 2 2 2 2 2 2 2 2 2
left_child=6 2 3 4 5 -2 7 9 14 10 -1 17 -13 -10 15 -9 -17 18 19 21 26 -12 23 -23 -8 -14 -21 28 29 -28
right_child=1 -3 -4 -5 -6 -7 24 8 13 -11 11 12 25 -15 -16 16 -18 -19 -20 20 -22 22 -24 -25 -26 -27 27 -29 -30 -31
leaf_value=0.0042144997523260175 -0.0071062970267198157 -0.0013127947913885234 -0.01209344242447119 -0.098867434174657487 0.0034412410630750424 0.0055161653111367673 -0.027071473870667131 0.0079999895342325773 0.0011625864048940616 -0.0038382971341269115 1.0645809442197396e-05 0.0076506877739502162 -0.0028538758145452148 -0.0074460595153823311 -0.0046205686282547289 0.010130200087626263 0.00044733211224148308 0.0089732786336954168 -0.040971050418797297 0.00039557540121076904 -0.010303156528085035 -0.00040135424271841029 -0.00047635069569332581 -0.0089736244276545415 -0.0033424817504712047 0.0037114475701611298 0.0066982644874848153 -0.0024485281692485025 0.00024761596635973216 0.00041537523812142931
leaf_weight=3564 856 29202 474 270 3428 865 1147 5947 9077 2646 152619 265 159 3023 607 878 4042 331 470 14992 428 1438 7250 1311 5253 242 2071 1020 1486 556
leaf_count=3564 856 29202 474 270 3428 865 1147 5947 9077 2646 152619 265 159 3023 607 878 4042 331 470 14992 428 1438 7250 1311 5253 242 2071 1020 1486 556
internal_value=0 -0.00265116 0.00513432 0.00795512 0.0102937 -0.00398952 0.000584382 0.000817588 0.00501903 0.000298616 0.000498489 0.000292703 0.025008 -0.000585855 0.0109297 0.0123035 0.00515312 0.000203231 0.000141635 0.000215028 0.00445172 -0.00032044 -0.0064214 -0.0176249 -0.00722883 0.00282104 0.00510449 0.0123496 0.0179664 0.0273269
internal_weight=0 35095 5893 5419 5149 1721 220822 214422 23574 190848 188202 184638 666 12100 11474 10867 4920 183972 183641 183171 20553 162618 9999 2749 6400 401 20125 5133 4113 2627
internal_count=255917 35095 5893 5419 5149 1721 220822 214422 23574 190848 188202 184638 666 12100 11474 10867 4920 183972 183641 183171 20553 162618 9999 2749 6400 401 20125 5133 4113 2627
is_linear=0
shrinkage=0.1


Tree=116
num_leaves=31
num_cat=0
split_feature=127 29 138 138 2 136 20 20 0 4 123 48 137 0 13 6 134 4 4 1 92 74 20 148 126 4 3 64 4 62
split_gain=29.7812 29.4386 29.2217 72.4368 42.4608 62.8177 63.4104 44.6123 62.4382 42.8106 88.971 79.9524 67.8291 83.3563 70.2554 66.1529 62.2885 84.3927 68.1582 61.0422 52.4119 59.0628 59.1026 52.884 50.3055 137.165 96.1843 105.752 71.8125 57.6406
threshold=2.7083333333333335 359506.00000000006 16.500000000000004 19.500000000000004 3761081.7550000008 2.5000000000000004 11.500000000000002 4.5000000000000009 5316261.5000000009 616442.51500000025 1506011.0000000002 46.000000000000007 386585.50000000006 1436604.5000000002 1641438.5000000002 43.916666666666679 1766262.0000000002 281836.28500000009 367918.76500000001 2702119.5000000005 84746.000000000015 1.0000000180025095e-35 35.500000000000007 52988.000000000007 0.13809523809523813 234194.79500000001 199756.63000000003 0.0001017495172294277 336290.6700000001 13023.000000000002
decision_type=2 2 2 2 2 2 2 2 2 2 2 2 2 2 2 2 2 2 2 2 2 2 2 2 2 2 2 2 2 2
left_child=1 2 4 -4 5 9 -7 8 -6 10 12 16 20 15 -15 -14 -12 -18 -19 -20 23 22 -22 24 -1 26 29 -28 -27 -26
right_child=-2 -3 3 -5 7 6 -8 -9 -10 -11 11 -13 13 14 -16 -17 17 18 19 -21 21 -23 -24 -25 25 28 27 -29 -30 -31
leaf_value=0.00021594722357054508 0.024727113130320569 -0.013700936536705894 -0.0037489275428427386 -0.00018500529231248937 0.043923233221856706 -0.00080841072959933003 0.0021840698927587721 -0.001577079826937511 0.002461725834387907 0.00082871389161932006 -0.00090614732814868005 0.00068005302652678263 0.00044906833638872493 -0.00085960848218731621 0.0027928313687907605 0.0033160662491019902 0.0033808738040045946 -0.0023938504389697472 0.0032543138497473697 -0.00036702170207871475 -0.00095053061469074394 -0.0063261580440827376 0.021904994428683058 -0.0066541787665146072 0.00012249420759817832 0.008925440823045654 -0.017651205974596886 -0.0012191411558032162 -0.0019328077737959472 -0.0029885473965958645
leaf_weight=84788 41 1034 5510 49269 144 3002 13030 11410 1483 42452 9917 2820 2097 4744 4016 2524 335 785 821 2494 285 990 103 899 4249 1228 791 778 1027 2851
leaf_count=84788 41 1034 5510 49269 144 3002 13030 11410 1483 42452 9917 2820 2097 4744 4016 2524 335 785 821 2494 285 990 103 899 4249 1228 791 778 1027 2851
internal_value=0 0.000131652 0.000199975 -0.00184644 0.000760301 0.00114494 0.00713025 -0.00475759 0.0107337 0.000583767 -0.000325543 -0.00702555 0.000707523 0.00738586 0.0016534 0.0182528 -0.0100502 -0.000198949 -0.00414203 0.00213219 -0.000204445 -0.0195693 0.0135007 7.17634e-05 0.000298512 -0.00608855 -0.0118036 -0.0342107 0.0158821 -0.00685194
internal_weight=0 255876 254842 54779 200063 187026 16032 13037 1627 170994 128542 17172 111370 13381 8760 4621 14352 4435 4100 3315 97989 1378 388 96611 95712 10924 8669 1569 2255 7100
internal_count=255917 255876 254842 54779 200063 187026 16032 13037 1627 170994 128542 17172 111370 13381 8760 4621 14352 4435 4100 3315 97989 1378 388 96611 95712 10924 8669 1569 2255 7100
is_linear=0
shrinkage=0.1


Tree=117
num_leaves=31
num_cat=0
split_feature=26 29 127 67 20 123 2 13 2 3 124 20 3 137 4 0 134 4 66 62 4 123 123 123 137 4 134 148 9 20
split_gain=29.6606 28.5881 29.9622 34.891 35.8468 34.4796 44.3809 49.6906 86.0699 76.5509 69.3516 62.3547 213.841 81.5828 55.2752 55.0195 41.9825 48.4377 40.2208 39.9338 60.3538 39.6405 47.9422 47.8599 40.5952 37.5963 58.7462 47.3228 46.2443 36.6391
threshold=21388998.000000004 1595227.5000000002 0.17156862745098042 12.500000000000002 18.500000000000004 60952.000000000007 56917.99500000001 413882.50000000006 1343809.7250000003 251830.99000000002 11.500000000000002 2.5000000000000004 153041.35500000004 87498.000000000015 190312.88500000004 1753903.5000000002 5.5000000000000009 556507.83000000019 67974.500000000015 1526331.5000000002 217437.46500000003 1369684.5000000002 486954.00000000006 266672.50000000006 899506.50000000012 57918.055000000008 180561.50000000003 264.00000000000006 2.5000000000000004 24.500000000000004
decision_type=2 2 2 2 2 2 2 2 2 2 2 2 2 2 2 2 2 2 2 2 2 2 2 2 2 2 2 2 2 2
left_child=1 2 -1 5 -5 25 -7 8 29 10 11 12 -9 14 -14 -16 17 -11 21 -17 -21 22 23 -13 -25 26 -4 -27 -29 -8
right_child=-2 -3 3 4 -6 6 7 9 -10 16 -12 18 13 -15 15 19 -18 -19 -20 20 -22 -23 -24 24 -26 27 -28 28 -30 -31
leaf_value=0.00026046789048550306 -0.010612500806946201 -0.033018958342428857 0.0059875229662481825 -0.0005962219689897196 -0.012178055556904719 0.0052373162195494599 -0.0020396681702265014 -0.015290361614602184 0.0026956440691131307 -0.0083845977716481418 0.0028419915194288501 0.0016502577564245779 0.0017464727178876423 -0.012094236010314653 -0.0017008542021935324 0.001670655923196629 -0.0002560128349924284 -0.0020771535658062668 -0.0077825468245027165 -0.0044513734964868575 0.0018173574356976537 -0.0016132157774366553 0.002093322250186195 -0.00043664624195049941 0.0010960520976735276 2.0818644621467543e-05 -0.0083097602930403136 0.011480066711544036 -0.01191762810774585 0.00092584836848706416
leaf_weight=125201 817 350 3112 1790 1049 1018 20505 488 2291 1323 2103 1367 983 163 1444 836 44753 2806 168 160 227 531 2995 3530 641 30594 385 1636 205 2446
leaf_count=125201 817 350 3112 1790 1049 1018 20505 488 2291 1323 2103 1367 983 163 1444 836 44753 2806 168 160 227 531 2995 3530 641 30594 385 1636 205 2446
internal_value=0 0.000205523 0.000244762 -0.000821384 -0.0117852 -0.000575734 -0.00161356 -0.00184904 -0.00561065 -0.000377343 0.00571306 0.00308771 -0.0068572 0.00111977 0.00421087 -0.00326022 -0.0023255 -0.0119737 0.00772084 0.0123467 -0.0142119 0.00861945 0.0102692 0.00475689 -0.000565095 0.00204622 0.0118975 0.000984104 0.0165552 -0.00745556
internal_weight=0 255100 254750 129549 2839 126710 90778 89760 25242 64518 15636 13533 4301 3813 3650 2667 48882 4129 9232 1223 387 9064 8533 5538 4171 35932 3497 32435 1841 22951
internal_count=255917 255100 254750 129549 2839 126710 90778 89760 25242 64518 15636 13533 4301 3813 3650 2667 48882 4129 9232 1223 387 9064 8533 5538 4171 35932 3497 32435 1841 22951
is_linear=0
shrinkage=0.1


Tree=118
num_leaves=31
num_cat=0
split_feature=128 123 20 123 123 146 92 4 0 4 0 0 4 105 0 93 123 137 62 1 20 127 2 123 20 137 64 3 1 2
split_gain=28.4402 38.6948 50.1061 36.5198 33.0195 36.9208 41.6866 34.4211 33.9632 32.0854 31.546 114.949 155.727 85.8544 69.2883 71.1404 67.7388 71.9607 88.9144 70.333 86.5568 101.607 71.4988 66.4978 65.4899 74.9515 61.5535 60.9595 60.8131 74.6382
threshold=0.27922077922077926 1008667.0000000001 14.500000000000002 23339.500000000004 402.50000000000006 1259.5000000000002 19246.500000000004 57918.055000000008 948626.50000000012 142964.84500000003 1282127.5000000002 1713562.0000000002 97378.23000000001 509209.00000000006 2669445.0000000005 4.5000000000000009 486954.00000000006 391999.50000000006 435535.00000000006 874036.00000000012 23.500000000000004 0.11805555555555557 384222.86000000004 2149476.0000000005 25.500000000000004 258065.00000000003 4.5496222792901486 506550.94500000007 2846002.5000000005 328793.66999999998
decision_type=2 2 2 2 2 2 2 2 2 2 2 2 2 2 2 2 2 2 2 2 2 2 2 2 2 2 2 2 2 2
left_child=10 2 4 -4 -2 6 7 -6 9 -9 13 12 -12 16 -13 28 17 18 26 27 21 22 -21 -17 25 -20 -1 -18 29 -16
right_child=1 -3 3 -5 5 -7 -8 8 -10 -11 11 14 -14 -15 15 23 19 -19 24 20 -22 -23 -24 -25 -26 -27 -28 -29 -30 -31
leaf_value=-6.6319507577883302e-05 0.002727707636731691 -0.0087981026419479136 0.0092806418018286339 -0.0014979521931371435 0.0019924010969739614 0.0071762555668512086 0.015350322928316344 -0.0081781815230607315 -0.0022023621490751435 -0.016594315421374784 -0.0083342761452757028 0.00070053769814508839 -0.00063792066317431867 0.0071631766593973634 -0.0021768241884548133 -0.0073898854029147421 0.0029651987984673465 0.0018622453098327586 -0.0019513021552421961 0.00072890791234783822 -0.0047281357186293588 -0.00031982090824597274 0.0054719322693720374 0.0015847168563600973 0.0016883440220718559 -0.0053739299986195841 0.0021482820908508382 -0.0012203439026641414 0.00022369773051977238 -0.00048049128216585355
leaf_weight=80963 761 511 682 737 512 244 83 803 658 946 1046 19678 13763 282 1171 5470 4522 4448 2406 604 930 3267 669 1272 1112 478 10483 998 83601 12817
leaf_count=80963 761 511 682 737 512 244 83 803 658 946 1046 19678 13763 282 1171 5470 4522 4448 2406 604 930 3267 669 1272 1112 478 10483 998 83601 12817
internal_value=0 -0.00670328 -0.00422578 0.0119224 -0.00994434 -0.0143397 -0.0173802 -0.0193673 -0.0243756 -0.0316616 0.000299653 -0.000705599 -0.00903271 0.001555 0.000288814 -0.000737753 0.00141485 0.000595007 1.55793e-05 0.00886653 0.000830225 0.00652361 0.0304895 -0.0106725 -0.0145855 -0.0225348 0.000653617 0.01683 -5.14035e-05 -0.00615416
internal_weight=0 5937 5426 1419 4007 3246 3002 2919 2407 1749 249980 138818 14809 111162 124009 104331 110880 99890 95442 10990 5470 4540 1273 6742 3996 2884 91446 5520 97589 13988
internal_count=255917 5937 5426 1419 4007 3246 3002 2919 2407 1749 249980 138818 14809 111162 124009 104331 110880 99890 95442 10990 5470 4540 1273 6742 3996 2884 91446 5520 97589 13988
is_linear=0
shrinkage=0.1


Tree=119
num_leaves=31
num_cat=0
split_feature=99 4 1 4 4 4 0 137 0 62 0 6 21 123 0 123 0 22 94 52 20 4 4 137 133 0 134 134 2 20
split_gain=27.2317 27.1447 48.5859 39.3597 307.921 130.258 105.255 101.674 93.8758 71.0828 117.896 78.2231 53.1021 52.5434 50.9279 85.6204 78.7442 56.116 46.987 44.401 43.2184 42.2342 76.2732 63.3529 88.0106 81.4931 71.1697 89.4539 79.6732 73.6131
threshold=1.0000000180025095e-35 10395.520000000002 28162.000000000004 100084.64000000001 119685.82000000001 74361.420000000013 485161.00000000006 57950.500000000007 817102.50000000012 318012.50000000006 307623.50000000006 28.166666666666675 7.5000000000000009 369565.00000000006 485161.00000000006 220455.50000000003 606491.00000000012 6.5000000000000009 32812.041666666679 10784.500000000002 1.5000000000000002 398277.70000000007 324951.71000000002 827988.00000000012 28.000000000000004 1491986.5000000002 638.50000000000011 824760.00000000012 615070.21000000008 25.500000000000004
decision_type=2 2 2 2 2 2 2 2 2 2 2 2 2 2 2 2 2 2 2 2 2 2 2 2 2 2 2 2 2 2
left_child=1 2 -1 5 8 9 7 -7 18 10 -3 -12 -9 19 15 -13 -16 -18 -5 20 -8 22 23 26 25 -25 28 29 -6 -28
right_child=-2 3 -4 4 21 6 13 12 -10 -11 11 14 -14 -15 16 -17 17 -19 -20 -21 -22 -23 -24 24 -26 -27 27 -29 -30 -31
leaf_value=-0.04728236513069109 0.017569159530795363 0.0020961282241105162 0.0048313797087001387 0.0082240016097644853 0.0019565670073634299 -0.0068285690911416902 -0.0054973622371454062 -0.016412589786613908 -0.00020773192895640058 0.0021638050011065116 0.0013164579317927806 -0.0090376270723071528 -0.0093319599999041932 0.0030211406028688216 0.0038960635817010926 -0.00070294128631915871 -0.0032133239207510472 0.0050613521741497474 -0.0072895246028048481 -0.085836185622119365 0.00021483833407711652 0.00024176416527716961 -0.0011670942981735436 0.0072635386206464612 0.0032308766033501378 -0.00073870918875612655 -0.00082997611275631997 0.00038581001906805626 -0.0033903708538490507 0.0017390243583826584
leaf_weight=393 238 15733 3661 6327 6707 5049 239 754 1573 4223 2779 3351 555 481 1310 2918 4248 701 184 117 2881 117818 12024 739 1430 2653 37232 13980 1849 3770
leaf_count=393 238 15733 3661 6327 6707 5049 239 754 1573 4223 2779 3351 555 481 1310 2918 4248 701 184 117 2881 117818 12024 739 1430 2653 37232 13980 1849 3770
internal_value=0 0.000110684 0.00822833 -2.01021e-05 0.000566239 -0.00268787 -0.0127151 -0.0205309 0.0196967 0.000177306 -0.00147874 -0.00772686 -0.0453666 0.000650292 -0.0110937 -0.0174645 -0.0047128 -0.0104836 0.0249934 -0.00393224 -0.00166425 -0.000214029 -0.00198128 -0.000689395 0.0103612 0.00158928 -0.00152804 -0.00284829 0.00695606 -0.00520356
internal_weight=0 255679 4054 251625 206286 45339 10076 6358 8084 35263 31040 15307 1309 3718 12528 6269 6259 4949 6511 3237 3120 198202 80384 68360 4822 3392 63538 54982 8556 41002
internal_count=255917 255679 4054 251625 206286 45339 10076 6358 8084 35263 31040 15307 1309 3718 12528 6269 6259 4949 6511 3237 3120 198202 80384 68360 4822 3392 63538 54982 8556 41002
is_linear=0
shrinkage=0.1


Tree=120
num_leaves=31
num_cat=0
split_feature=75 127 21 127 127 4 2 13 129 2 127 20 20 64 20 2 4 4 4 124 123 5 66 5 20 20 123 66 1 66
split_gain=27.2078 27.5659 35.9929 29.3674 58.2266 54.3779 84.9255 41.198 38.9438 43.5289 40.0856 37.4271 41.9368 35.6319 35.2047 48.4021 68.4866 32.2922 37.9963 31.0982 30.3719 41.9585 38.9893 32.9726 41.1305 33.4135 28.8633 28.7735 83.4917 59.5049
threshold=314662.00000000006 0.17156862745098042 3.5000000000000004 0.8047619047619049 0.79285714285714304 1058291.6250000002 1689600.0950000002 14.500000000000002 0.080128205128205135 3576176.3300000005 0.58114035087719318 1.5000000000000002 6.5000000000000009 0.011734914340412352 4.5000000000000009 709004.96000000008 263487.59500000003 179823.64500000005 133151.39000000001 1.0000000180025095e-35 28669.500000000004 3.5000000000000004 150618.00000000003 7.5000000000000009 44.500000000000007 20.500000000000004 2.5000000000000004 2.5000000000000004 23581.500000000004 15266.000000000002
decision_type=2 2 2 2 2 2 2 2 2 2 2 2 2 2 2 2 2 2 2 2 2 2 2 2 2 2 2 2 2 2
left_child=1 27 -3 4 8 11 -7 26 20 10 -10 -6 14 -12 17 16 -16 18 -13 -9 23 22 -22 24 25 -4 -5 -1 -29 -30
right_child=-2 2 3 7 5 6 -8 19 9 -11 13 12 -14 -15 15 -17 -18 -19 -20 -21 21 -23 -24 -25 -26 -27 -28 28 29 -31
leaf_value=0.00011568308784716494 -0.0041222532296580697 -0.011918106665749629 -0.00068076423811143307 -0.0034152647484762102 0.0012364748373848934 -0.005497583535089369 0.00078146584313145697 0.0018982820350827519 5.8861859221678057e-05 -0.0058754553501593199 0.0048229666243334805 -0.0028873184915616523 0.0010820824069981561 0.00096064651095025943 -0.0053861850381914603 0.0028060301617886391 -0.015369562213366869 -0.00068298253474732287 -0.017293224554881227 4.745563832195821e-05 -0.018885162757294342 -0.00066306521950378896 0.012022103085566019 0.0013077068406594351 0.009092953095925194 -0.0051956368299533647 0.011477123099873377 -0.055809036544688211 0.0017751486513132792 -9.9083836858326898e-05
leaf_weight=105360 2550 259 5608 82 979 241 168 1331 6692 1368 1985 367 661 3124 225 70 277 1045 201 61529 227 33030 22 7985 270 836 434 604 10409 7978
leaf_count=105360 2550 259 5608 82 979 241 168 1331 6692 1368 1985 367 661 3124 225 70 277 1045 201 61529 227 33030 22 7985 270 836 434 604 10409 7978
internal_value=0 0.000250574 -0.000773458 -0.000698547 -0.00218545 -0.0135263 -0.0481833 0.000835401 -0.00140018 0.00341682 0.00537429 -0.00982054 -0.0156222 0.0120446 -0.0222988 -0.0436142 -0.0544768 -0.0147399 -0.0339317 0.000604401 -0.00272235 -0.00439449 -0.0452903 0.00106344 -0.00410167 -0.00570379 0.0289763 0.00131302 0.00489593 0.00609767
internal_weight=0 253367 129016 128757 65381 4234 409 63376 61147 13169 11801 3825 2846 5109 2185 572 502 1613 568 62860 47978 33279 249 14699 6714 6444 516 124351 18991 18387
internal_count=255917 253367 129016 128757 65381 4234 409 63376 61147 13169 11801 3825 2846 5109 2185 572 502 1613 568 62860 47978 33279 249 14699 6714 6444 516 124351 18991 18387
is_linear=0
shrinkage=0.1


Tree=121
num_leaves=31
num_cat=0
split_feature=127 99 6 134 84 66 118 75 0 1 3 4 13 3 20 63 4 53 62 3 0 1 13 93 137 134 1 63 124 4
split_gain=26.4715 25.9151 24.7576 42.1496 32.0846 44.0676 43.8272 35.4526 32.294 45.2822 54.4895 47.5521 57.3624 44.3728 40.9061 37.96 38.558 39.9296 36.3327 73.657 50.6362 77.1858 101.664 60.0741 59.442 98.3027 68.6919 52.5362 51.1784 62.2572
threshold=2.7083333333333335 1.0000000180025095e-35 184.08333333333337 1542602.5000000002 6.5000000000000009 145336.00000000003 0.6515151515151516 705404.50000000012 41389413.000000007 10833500.000000002 2509128.3050000002 536587.29000000015 1462201.0000000002 1031648.6650000002 4.5000000000000009 3.6568093459927238 1798857.8400000001 2.9944869691999276 5511452.5000000009 1019560.3450000001 5316261.5000000009 4268041.0000000009 4989435.0000000009 14.500000000000002 35554.000000000007 351993.50000000006 3075194.5000000005 1.9999989541302445 11.500000000000002 100084.64000000001
decision_type=2 2 2 2 2 2 2 2 2 2 2 2 2 2 2 2 2 2 2 2 2 2 2 2 2 2 2 2 2 2
left_child=1 2 4 -4 5 7 -7 8 9 10 18 -11 -13 -10 -12 -16 17 -17 20 -20 21 28 23 -23 25 -22 -26 -28 -1 -30
right_child=-2 -3 3 -5 -6 6 -8 -9 13 11 14 12 -14 -15 15 16 -18 -19 19 -21 24 22 -24 -25 26 -27 27 -29 29 -31
leaf_value=-5.9318413242281936e-05 0.022246332134465495 0.015800675268931096 -0.00024617177442743022 -0.0079573048412559643 0.0021709504162678475 -0.0041761104843618295 0.005522263154975191 -0.011645037273525772 -0.029786906547277871 -0.0028140645840605272 0.007355983825371607 0.0090293303335495789 0.0024627276243988309 -0.0016923724009665353 -0.0040034337604150988 0.0076055154651308412 0.00049845071070264702 -0.002030826663844988 0.0069124625634297988 0.00069439333285286199 -0.0024570753579604135 0.0054734599576964742 -0.0016457947922450923 -0.009846305643150921 -0.0045395496431435353 0.0027377713304659241 -0.01095412805620477 -0.00083007886803266023 -0.0022118432955651637 0.00095314449632155455
leaf_weight=137989 41 238 5861 2116 7676 3787 178 822 902 2721 374 2766 12819 3750 3714 257 3657 963 1122 3294 410 2793 490 256 475 2391 3497 16887 5384 28287
leaf_count=137989 41 238 5861 2116 7676 3787 178 822 902 2721 374 2766 12819 3750 3714 257 3657 963 1122 3294 410 2793 490 256 475 2391 3497 16887 5384 28287
internal_value=0 0.000129273 9.85656e-05 -0.00538484 0.000275183 7.16214e-05 -0.0103833 0.000247258 0.000319713 0.000486163 7.45702e-05 0.00525818 0.00738778 -0.00792932 -0.00755517 -0.00896456 -0.00316379 -0.0185582 0.000411063 0.00938256 0.000211836 0.000798243 0.0154166 0.0222111 -0.00413043 0.00954779 -0.00596717 -0.00509117 0.000496867 0.00399232
internal_weight=0 255876 255638 7977 247661 239985 3965 236020 235198 230546 212240 18306 15585 4652 8965 8591 4877 1220 203275 4416 198859 175199 3539 3049 23660 2801 20859 20384 171660 33671
internal_count=255917 255876 255638 7977 247661 239985 3965 236020 235198 230546 212240 18306 15585 4652 8965 8591 4877 1220 203275 4416 198859 175199 3539 3049 23660 2801 20859 20384 171660 33671
is_linear=0
shrinkage=0.1


Tree=122
num_leaves=31
num_cat=0
split_feature=127 138 134 123 3 2 13 0 76 93 21 137 4 134 133 0 137 137 22 6 48 4 94 137 134 2 53 1 134 26
split_gain=26.4758 25.4096 41.2889 44.4305 36.0069 34.5925 41.3366 37.1981 34.7464 45.7035 43.8805 42.5343 70.1805 55.1132 80.1996 67.3494 61.5817 67.852 102.011 60.5015 54.5088 81.0529 57.022 53.4705 52.9137 57.3936 51.8785 51.6912 62.4495 64.6983
threshold=2.7083333333333335 20.500000000000004 2011694.5000000002 2000454.5000000002 641413.40500000014 38821.315000000002 15876.500000000002 350098.00000000006 16.500000000000004 6.5000000000000009 10.500000000000002 1165057.0000000002 1133463.7350000003 413815.50000000006 10.000000000000002 1412548.0000000002 391999.50000000006 12200.500000000002 4.5000000000000009 61.916666666666679 22.000000000000004 367918.76500000001 8236.5000000000018 2509592.5000000005 268059.00000000006 337009.34000000008 2.9996252575169682 1160920.0000000002 186244.50000000003 439675.50000000006
decision_type=2 2 2 2 2 2 2 2 2 2 2 2 2 2 2 2 2 2 2 2 2 2 2 2 2 2 2 2 2 2
left_child=1 5 3 -3 -4 6 -1 -8 10 -10 11 13 23 15 -15 16 17 18 -7 26 21 -16 -22 -13 -20 -26 -18 -17 29 -29
right_child=-2 2 4 -5 -6 8 7 -9 9 -11 -12 12 -14 14 20 27 19 -19 24 -21 22 -23 -24 -25 25 -27 -28 28 -30 -31
leaf_value=-0.0044656439190141131 0.020021698921018946 -0.00052200502295547918 -0.006494257773864154 0.0029024594197767928 -0.0032878892378701789 -0.00026390863881297944 0.011739212722036508 0.0014003865019267426 0.00050656893280476289 -0.01095827002065297 0.00084040152609579351 -0.0010771794583673631 -0.0096463812763353043 0.00096697289922094149 -0.0020313908909814367 -0.0025733544640091626 -0.0017191022393187707 -0.001001409599657066 0.0024192931279336367 0.003231021596499563 0.00041767553292779966 0.00027186597259868999 -0.0089336451151356775 0.002735180811119853 -0.0078664531895199629 0.001618115725841569 0.001237149707283849 -0.00098864516858237052 0.00042949532846256792 0.0019427899357771458
leaf_weight=1149 41 23947 1794 3663 5691 42959 1262 1990 2388 2619 29262 6627 10420 21481 2998 864 473 19327 15387 1751 27001 4327 1261 5623 505 359 2208 12300 4607 1633
leaf_count=1149 41 23947 1794 3663 5691 42959 1262 1990 2388 2619 29262 6627 10420 21481 2998 864 473 19327 15387 1751 27001 4327 1261 5623 505 359 2208 12300 4607 1633
internal_value=0 0.000122646 -0.00237679 -0.000590895 -0.00896446 0.000519953 0.00929689 0.0150576 0.000341437 -0.00789202 0.000536471 -4.10862e-05 -0.00409408 0.000535186 0.00302533 -0.000852949 0.000387452 -0.000259736 0.00141957 0.0118559 0.000112793 -0.00757471 0.00210525 0.00103747 0.00816815 -0.0159123 0.00241361 -0.00615674 -0.00504254 -0.00837985
internal_weight=0 255876 35095 27610 7485 220781 4401 3252 216380 5007 211373 182111 22670 159441 57068 102373 82969 78537 59210 4432 35587 7325 28262 12250 16251 864 2681 19404 18540 13933
internal_count=255917 255876 35095 27610 7485 220781 4401 3252 216380 5007 211373 182111 22670 159441 57068 102373 82969 78537 59210 4432 35587 7325 28262 12250 16251 864 2681 19404 18540 13933
is_linear=0
shrinkage=0.1


Tree=123
num_leaves=31
num_cat=0
split_feature=127 117 2 124 64 1 20 127 20 2 13 20 92 4 4 4 13 20 94 22 134 137 62 49 138 5 62 4 137 5
split_gain=26.5138 24.244 33.1708 27.4465 54.7158 68.9967 46.5145 71.3985 64.7044 82.8288 97.1738 45.852 45.2687 44.3855 205.28 97.5111 104.574 71.9265 84.5727 65.8937 60.2829 54.9633 70.265 50.2567 47.6593 50.2982 49.7879 78.1258 60.3142 58.3795
threshold=2.7083333333333335 0.10555555555555557 351612.0400000001 4.5000000000000009 6.9301033437793541e-06 897557.00000000012 4.5000000000000009 0.54195804195804198 2.5000000000000004 219775.07000000004 172369.50000000003 1.0000000180025095e-35 97045.000000000015 100084.64000000001 124762.79000000002 72921.170000000013 558150.50000000012 4.5000000000000009 6419.9011627906984 4.5000000000000009 351993.50000000006 61.500000000000007 64521.500000000007 2.5000000000000004 10.500000000000002 3.5000000000000004 1407013.5000000002 217437.46500000003 187956.00000000003 11.500000000000002
decision_type=2 2 2 2 2 2 2 2 2 2 2 2 2 2 2 2 2 2 2 2 2 2 2 2 2 2 2 2 2 2
left_child=1 3 -3 12 5 6 7 11 9 10 -9 -5 -1 15 -15 17 19 21 -19 23 -20 -6 -23 -17 26 -26 28 29 -16 -28
right_child=-2 2 -4 4 13 -7 -8 8 -10 -11 -12 -13 -14 14 24 16 -18 18 20 -21 -22 22 -24 -25 25 -27 27 -29 -30 -31
leaf_value=0.00028481055779439046 0.018019529028917049 -0.023825180944135896 0.0018474773838547667 0.0060735434443468074 0.00069882845334425794 -0.001829811871331382 -0.0019190637081036189 -0.00068684087458785741 0.0036869352235493289 0.0014653432807021924 -0.024876106843841197 -0.012057588340479541 -0.0032291370035847562 0.0042520785283099638 0.00039256718791431028 -0.030369246980189214 0.0022783285253840271 0.0048418000538290526 -0.0096264304670994789 -0.0041640735054018886 0.014744246542381489 0.0042048390752669196 -0.0051876105930963147 -0.0058473987759474662 0.010469735531867232 -0.0004382934854638851 -0.00037662624705381552 9.7721036595632634e-05 0.0025399871183497975 -0.0022373419541628246
leaf_weight=107071 41 452 321 257 2690 5130 5957 1208 2761 2874 496 1248 1331 5117 18490 433 507 4096 1083 2023 133 574 2698 1520 247 63253 1155 15774 6231 746
leaf_count=107071 41 452 321 257 2690 5130 5957 1208 2761 2874 496 1248 1331 5117 18490 433 507 4096 1083 2023 133 574 2698 1520 247 63253 1155 15774 6231 746
internal_value=0 6.51356e-05 -0.0176178 0.000118718 -0.000772919 -0.00564353 -0.00217965 0.0024212 0.00649003 -0.00080192 -0.0182707 -0.0174201 0.00132537 -7.15337e-06 0.000697803 -0.00497379 -0.0174489 -1.31754e-05 0.00844881 -0.0229028 -0.0147091 -0.00755261 -0.0162584 -0.0360051 -0.000247462 -0.00198091 0.00234886 -0.00170392 0.00524651 -0.0208552
internal_weight=0 255876 773 255103 146701 19931 14801 8844 7339 4578 1704 1505 108402 126770 111013 15757 4483 11274 5312 3976 1216 5962 3272 1953 105896 63500 42396 17675 24721 1901
internal_count=255917 255876 773 255103 146701 19931 14801 8844 7339 4578 1704 1505 108402 126770 111013 15757 4483 11274 5312 3976 1216 5962 3272 1953 105896 63500 42396 17675 24721 1901
is_linear=0
shrinkage=0.1


Tree=124
num_leaves=31
num_cat=0
split_feature=127 0 4 0 0 0 0 62 13 64 62 4 4 13 3 6 137 13 0 2 4 123 3 53 20 62 2 7 26 94
split_gain=26.5102 23.9414 62.1812 54.1316 69.9506 40.7873 38.7247 35.6742 35.861 65.3029 56.6638 35.9439 49.9988 35.2921 42.3403 34.9435 36.9176 34.539 62.0541 46.3239 38.4661 75.0083 37.5854 37.2627 83.1408 65.2394 39.5567 35.8082 34.8627 36.8296
threshold=2.7083333333333335 29641453.500000004 462724.89500000008 12412037.500000002 9439895.5000000019 10919821.000000002 14649801.000000002 5710496.0000000009 4989435.0000000009 0.10120825952627867 4865371.0000000009 306049.48000000004 616442.51500000025 3678959.5000000005 889686.19500000018 53.916666666666679 1216750.0000000002 4296855.0000000009 5422254.5000000009 2552806.9750000006 661811.28500000015 19950.000000000004 849030.14500000014 3.0913774380309742 12.500000000000002 95570.000000000015 151703.31000000003 3.5000000000000004 2910767.0000000005 0.011115427003818045
decision_type=2 2 2 2 2 2 2 2 2 2 2 2 2 2 2 2 2 2 2 2 2 2 2 2 2 2 2 2 2 2
left_child=1 3 -3 4 7 -6 -5 8 17 11 -11 -10 -13 -9 -15 16 -4 23 19 20 21 -19 -22 28 26 -26 -25 -24 29 -1
right_child=-2 2 15 6 5 -7 -8 13 9 10 -12 12 -14 14 -16 -17 -18 18 -20 -21 22 -23 27 24 25 -27 -28 -29 -30 -31
leaf_value=-7.969568000035747e-05 0.016217576126025344 -0.035607072134025322 0.0063225939787223684 0.0071965005400466357 -0.0053715402182175969 -0.00058751415523354837 0.0013161125278674302 -0.0048819352374476436 0.0014148684312816641 -0.027311168002902165 0.0030566305190655955 -0.0024949465527909775 -0.0023016946458718434 0.0099687770521925748 0.0024942522827750002 -0.0050904834636178904 -0.0091613999509478471 0.011259533305718664 -0.00066591841371665961 -0.0038881445016782038 0.010131347841108175 -0.0083036735403533152 0.0013509685674430562 0.019331364021324363 -0.017197280858722585 -0.0013302275204224966 0.00044503122461941208 0.013707102947339431 0.0036505713516150535 0.00055155430758124617
leaf_weight=146337 41 786 2532 5063 5060 4989 15184 170 77 2596 1798 572 402 330 2003 5749 945 80 2956 383 486 182 815 434 1329 3189 1596 363 1274 48196
leaf_count=146337 41 786 2532 5063 5060 4989 15184 170 77 2596 1798 572 402 330 2003 5749 945 80 2956 383 486 182 815 434 1329 3189 1596 363 1274 48196
internal_value=0 7.05092e-05 -0.00472292 0.000265706 -0.000178795 -0.00833411 0.00521888 0.000201376 6.19454e-05 -0.00794913 -0.00259315 -0.0303413 -0.035541 0.0120703 0.0152756 -0.00242268 0.00549085 0.000272042 0.00826814 0.0205518 0.026868 -0.00874727 0.0324757 6.39947e-05 -0.00735662 -0.0149098 0.00945377 0.0228224 0.000312148 0.000204166
internal_weight=0 255876 10012 245864 225617 10049 20247 215568 213065 5445 4394 1051 974 2503 2333 9226 3477 207620 5265 2309 1926 262 1664 202355 6548 4518 2030 1178 195807 194533
internal_count=255917 255876 10012 245864 225617 10049 20247 215568 213065 5445 4394 1051 974 2503 2333 9226 3477 207620 5265 2309 1926 262 1664 202355 6548 4518 2030 1178 195807 194533
is_linear=0
shrinkage=0.1


Tree=125
num_leaves=31
num_cat=0
split_feature=127 1 148 148 4 2 147 134 146 64 66 63 105 86 94 4 137 1 5 134 0 128 17 67 62 1 2 129 5 123
split_gain=26.5178 26.2722 24.4171 66.402 96.1988 57.2712 51.0075 51.0015 49.21 40.2264 39.0562 38.9909 40.4956 44.5893 35.9066 35.4611 32.1856 38.0866 32.9639 30.9178 30.1964 28.1489 31.8488 61.4066 48.2609 60.7079 42.1359 33.8134 50.6284 81.0066
threshold=2.7083333333333335 76775494.500000015 40.500000000000007 54211.000000000007 367918.76500000001 394564.31500000006 24.500000000000004 2286513.5000000005 81069.000000000015 194065.49709476592 145336.00000000003 0.93740892275709153 145836.50000000003 613970.00000000012 63305.000000000007 276588.46000000002 809999.50000000012 831520.50000000012 25.000000000000004 5896592.0000000009 1753903.5000000002 0.27922077922077926 3.5000000000000004 10.500000000000002 116770.00000000001 2036377.5000000002 1876175.4000000001 0.080128205128205135 5.5000000000000009 897136.50000000012
decision_type=2 2 2 2 2 2 2 2 2 2 2 2 2 2 2 2 2 2 2 2 2 2 2 2 2 2 2 2 2 2
left_child=1 2 10 4 9 20 16 8 -6 -4 21 12 13 14 -12 -13 17 -7 19 -19 -5 22 23 -1 -25 -26 -27 28 29 -24
right_child=-2 -3 3 5 7 6 -8 -9 -10 -11 11 15 -14 -15 -16 -17 -18 18 -20 -21 -22 -23 27 24 25 26 -28 -29 -30 -31
leaf_value=9.2288626289396965e-05 0.014595818513422809 -0.0071410517133978502 0.0021065610336884403 -0.029874490696477851 0.012413636869365453 0.011122680180170956 -0.0066498995591515175 0.0025762587719193992 0.022956977230157445 -0.01823643208130479 0.0087904578063315846 -0.0070766207865933239 -0.0018379014747376132 -0.0073825620711503561 -0.0062627590384004327 -0.0035803427767303166 0.0073972930229355867 -0.0040963576548169482 0.010757033465575017 0.0029164868796049959 -0.0029433896825269978 -0.0025678674613505482 -0.0018294905866113255 2.3238596963648385e-05 0.0072832030087730537 -0.00027204004363491928 0.0071836160857125979 0.00087498531465997678 -0.00021318849652471883 -0.0067682886820666643
leaf_weight=169072 41 2018 2439 275 1308 364 1739 581 177 159 511 592 585 120 83 2558 2078 1627 296 918 278 5527 10031 2836 1667 1562 880 8591 36607 397
leaf_count=169072 41 2018 2439 275 1308 364 1739 581 177 159 511 592 585 120 83 2558 2078 1627 296 918 278 5527 10031 2836 1667 1562 880 8591 36607 397
internal_value=0 5.89806e-05 0.000149324 0.0045069 0.013894 -0.00127281 0.0011673 0.0299989 0.0398266 0.00108684 -7.14045e-05 -0.00935418 0.00522393 0.0212058 0.032438 -0.0153659 0.00605715 -0.000227754 -0.00412975 -0.0078033 -0.0322573 0.000102728 0.00027101 0.000930181 0.0101459 0.0170713 0.00702867 -0.0018148 -0.0028685 -0.00901557
internal_weight=0 255876 253858 12239 4664 7575 7022 2066 1485 2598 241619 4449 1299 714 594 3150 5283 3205 2841 2545 553 237170 231643 176017 6945 4109 2442 55626 47035 10428
internal_count=255917 255876 253858 12239 4664 7575 7022 2066 1485 2598 241619 4449 1299 714 594 3150 5283 3205 2841 2545 553 237170 231643 176017 6945 4109 2442 55626 47035 10428
is_linear=0
shrinkage=0.1


Tree=126
num_leaves=31
num_cat=0
split_feature=127 105 0 92 146 105 138 4 4 88 105 105 75 63 0 13 92 123 64 137 2 64 6 2 92 1 138 63 5 0
split_gain=26.5209 25.6488 55.9589 58.23 52.6651 38.6096 37.9596 29.0227 28.345 28.871 36.9876 27.7341 25.3893 25.3758 52.8321 46.6662 45.8771 44.8291 42.9316 77.7563 86.4776 57.6023 70.0915 66.9281 55.6799 50.1165 54.1082 66.7676 74.4374 72.4685
threshold=2.7083333333333335 73460.500000000015 1412548.0000000002 127550.50000000001 287673.00000000006 31769.000000000004 8.5000000000000018 385899.98000000004 536587.29000000015 4278286.0000000009 2069849.5000000002 21415.000000000004 705404.50000000012 1.229975109885951 350098.00000000006 4989435.0000000009 97045.000000000015 282104.50000000006 1.2882180335427325 134170.50000000003 720957.33500000008 0.043859588263119711 34.083333333333336 1186527.2000000002 11.000001538187034 1431132.0000000002 8.5000000000000018 3.171518200697736 11.500000000000002 2569806.5000000005
decision_type=2 2 2 2 2 2 2 2 2 2 2 2 2 2 2 2 2 2 2 2 2 2 2 2 2 2 2 2 2 2
left_child=1 5 3 -3 8 11 -7 -5 -4 10 -10 12 13 15 17 16 -1 -15 19 24 -21 23 -23 -22 -16 -20 -27 29 -29 -28
right_child=-2 2 4 7 -6 6 -8 -9 9 -11 -12 -13 -14 14 18 -17 -18 -19 25 20 21 22 -24 -25 -26 26 27 28 -30 -31
leaf_value=-5.6761906177860215e-05 0.013136236662080528 0.0071433613598511749 -0.0025454534821286747 -0.023287498583435831 0.016637687185054408 7.7063172441750214e-05 -0.011319793597679973 -0.0010076825826846991 0.00077724805457574661 -0.0043394402022115088 0.0079894415567181021 0.0064721093660413233 -0.0075248005296130321 0.0017352709199007555 0.00028002558082293807 -0.0030414654410815256 -0.0041224920226181835 0.0095458821768576348 -0.00089987158251288168 0.0025717370016677373 -0.0017192684978586217 -0.0028096625686846355 0.003815193619700342 0.00059464825760937332 -0.0017680254880347885 0.0012574984687866294 0.0033799590701589863 0.0044128945284234227 1.8901557289467138e-05 -0.0032215815137761547
leaf_weight=119119 41 1420 901 52 241 835 914 206 1220 283 167 629 1038 9800 4060 3615 2322 683 17882 4278 1050 2439 7660 1872 2755 13465 1344 4594 32022 19010
leaf_count=119119 41 1420 901 52 241 835 914 206 1220 283 167 629 1038 9800 4060 3615 2322 683 17882 4278 1050 2439 7660 1872 2755 13465 1344 4594 32022 19010
internal_value=0 5.43321e-05 0.00754578 0.0219976 -0.00107804 -7.94725e-05 -0.0148854 -0.0217054 -0.00526801 0.00244442 0.00838362 2.42606e-05 -2.87144e-05 3.66164e-05 0.001057 -0.000966287 -0.000632998 0.00784667 0.000423932 0.0041636 0.00772775 0.00367509 0.00725275 -0.00868998 -0.00488353 -0.000597144 0.000603135 -0.00074433 0.00180807 -0.005336
internal_weight=0 255876 4490 1678 2812 251386 1749 258 2571 1670 1387 249637 249008 247970 122914 125056 121441 10483 112431 24114 17299 13021 10099 2922 6815 88317 70435 56970 36616 20354
internal_count=255917 255876 4490 1678 2812 251386 1749 258 2571 1670 1387 249637 249008 247970 122914 125056 121441 10483 112431 24114 17299 13021 10099 2922 6815 88317 70435 56970 36616 20354
is_linear=0
shrinkage=0.1


Tree=127
num_leaves=31
num_cat=0
split_feature=127 138 64 26 61 137 7 1 5 75 137 147 88 4 63 92 4 20 7 123 3 64 1 140 63 67 124 1 76 90
split_gain=23.3873 22.8086 32.35 33.4912 35.8637 32.2836 30.1129 35.0792 45.3418 56.4958 34.8298 33.4399 31.1779 39.7963 30.9631 33.1832 41.8188 36.1025 39.6045 38.7028 54.5712 72.2505 32.2892 29.7635 29.2694 28.6158 32.2795 36.2997 70.1109 42.1339
threshold=2.7083333333333335 24.500000000000004 0.51282565336294295 143926.00000000003 2.5000000000000004 2528424.5000000005 4.5000000000000009 15831.500000000002 10.500000000000002 2.5000000000000004 4688664.0000000009 5.5000000000000009 376058.00000000006 391575.01500000007 309.52919820760468 54179.388888888898 350203.43000000005 20.500000000000004 5.5000000000000009 2843289.0000000005 467483.07000000007 1.1941618703790089 1832049.0000000002 1.0208333333333335 2.0000006224177449 12.500000000000002 1.0000000180025095e-35 252945.00000000003 9.5000000000000018 0.99980536321693625
decision_type=2 2 2 2 2 2 2 2 2 2 2 2 2 2 2 2 2 2 2 2 2 2 2 2 2 2 2 2 2 2
left_child=1 6 3 4 -3 -6 10 -8 9 -9 23 14 13 -13 15 17 -17 18 19 20 21 22 -10 25 -4 26 27 -1 29 -29
right_child=-2 2 24 -5 5 -7 7 8 11 -11 -12 12 -14 -15 -16 16 -18 -19 -20 -21 -22 -23 -24 -25 -26 -27 -28 28 -30 -31
leaf_value=0.0037582669449498954 0.011822612995872478 -0.0013879176994814803 -0.0047207203260737889 0.0099644748567537661 0.0012324103208443923 0.015846982388242472 -0.007447655258909976 0.0048806217732070192 0.0071345212956584027 -0.0011534831230031017 -0.0085837220742603481 -0.0022660138509923212 -0.0010412363157475512 0.01210581567723284 -0.0011474835697661233 -0.0098114585983653541 -0.00083847619684545996 9.6671389666136994e-06 -0.045292892553114479 -0.00047276767590062417 0.0057990123111817844 -0.00092806205266026624 -0.00065956331834262109 -0.0031133732964572836 -0.0007204475017481061 -0.0023328617358013364 -2.1012214954629906e-05 0.00021174028632112707 -0.0053294487372828178 0.0038567349334467371
leaf_weight=10404 41 2008 5062 349 859 332 878 3625 930 1773 4334 415 786 1007 6635 305 1751 8661 95 1357 3418 1993 198 2227 13529 3143 162720 12897 2075 2110
leaf_count=10404 41 2008 5062 349 859 332 878 3625 930 1773 4334 415 786 1007 6635 305 1751 8661 95 1357 3418 1993 198 2227 13529 3143 162720 12897 2075 2110
internal_value=0 7.74609e-05 -0.00299028 0.00575992 0.00255085 0.0162991 0.00036803 0.00312733 0.003653 0.0120337 -9.88735e-05 0.00201099 0.013814 0.0226486 0.000982658 0.00306427 -0.00892153 0.00454414 0.00939165 0.0101639 0.0133532 0.00379304 0.0240173 9.76186e-05 -0.00466021 0.000230014 0.000386398 0.00355608 0.000719946 0.00310219
internal_weight=0 255876 22139 3548 3199 1191 233737 33827 32949 5398 199910 27551 2208 1422 25343 18708 2056 16652 7991 7896 6539 3121 1128 195576 18591 193349 190206 27486 17082 15007
internal_count=255917 255876 22139 3548 3199 1191 233737 33827 32949 5398 199910 27551 2208 1422 25343 18708 2056 16652 7991 7896 6539 3121 1128 195576 18591 193349 190206 27486 17082 15007
is_linear=0
shrinkage=0.1


Tree=128
num_leaves=31
num_cat=0
split_feature=4 1 2 13 123 0 4 13 0 126 63 137 1 20 20 138 92 4 123 94 26 137 75 138 0 0 0 137 4 62
split_gain=22.6406 62.4702 59.6037 79.9219 56.9325 58.366 74.4575 55.9529 106.488 77.1695 66.8594 75.0436 53.7502 52.0627 51.8424 60.5777 62.2954 58.6752 66.9612 107.194 69.6231 73.4726 57.8785 56.7446 56.3142 110.521 75.0435 91.4786 70.3473 58.4403
threshold=599168.45500000007 27075595.500000004 1431702.3350000002 4382248.0000000009 3793857.5000000005 5956120.0000000009 365350.06000000006 1609380.5000000002 42866.000000000007 0.054093567251461992 1.9999989541302445 83051.500000000015 14634268.000000002 16.500000000000004 25.500000000000004 8.5000000000000018 61038.000000000007 12060.200000000003 549912.00000000012 1867.5000000000002 2910767.0000000005 134170.50000000003 1.5000000000000002 36.500000000000007 3465781.5000000005 3815675.5000000005 3003721.0000000005 104833.00000000001 317192.07500000001 1721183.0000000002
decision_type=2 2 2 2 2 2 2 2 2 2 2 2 2 2 2 2 2 2 2 2 2 2 2 2 2 2 2 2 2 2
left_child=1 4 3 -2 14 6 13 8 9 -4 11 -9 -13 -6 15 16 -1 23 19 20 -19 -22 -21 -17 26 -26 27 29 -28 -20
right_child=2 -3 7 -5 5 -7 -8 10 -10 -11 -12 12 -14 -15 -16 17 -18 18 24 22 21 -23 -24 -25 25 -27 28 -29 -30 -31
leaf_value=0.00013570443031137857 0.00075661678473222256 -0.015484386598056066 -0.002111203139607787 0.0046053087330671927 -0.00035705428040902211 0.0015671875869629566 -0.0017150479626735543 -8.6023759002209092e-05 0.0027610086986816999 0.0014682933241995618 -8.3782483985261893e-05 -0.019859347576021459 0.012014530793720769 0.0015544791070953739 0.0011197090050675818 0.0068215685842636601 -0.0031680942517500151 -0.0010793524476949508 0.00010928109237442475 -0.0026450012435376234 0.007214646630947257 -0.0043189837288461277 -0.030360054086196575 -0.024899625036886499 -0.0034689161614587152 -0.00012241019424093791 0.004788840174751576 0.0030246308719643861 0.0005529739821778447 -0.0014585857121183678
leaf_weight=90298 27012 1382 2191 4025 395 428 1285 5070 12548 783 34939 4598 517 129 22384 2145 1431 23359 5024 1627 548 311 1455 245 875 5578 602 2482 641 1610
leaf_count=90298 27012 1382 2191 4025 395 428 1285 5070 12548 783 34939 4598 517 129 22384 2145 1431 23359 5024 1627 548 311 1455 245 875 5578 602 2482 641 1610
internal_value=0 -0.000616242 0.00134539 0.00490952 -0.000436578 -0.0162798 -0.0241367 -0.000478635 0.0047003 -0.0123132 -0.00226011 -0.0093895 -0.0179354 0.00763359 -0.000215918 -0.00093888 0.000551635 -0.00387904 -0.00470586 -0.00776333 -0.00552795 0.0224321 -0.0253287 0.0113815 0.000258972 -0.00707396 0.00482692 0.00168402 0.0278766 -0.00444331
internal_weight=0 164234 91683 31037 162852 2237 1809 60646 15522 2974 45124 10185 5115 524 160615 138231 91729 46502 44112 27300 24218 859 3082 2390 16812 6453 10359 9116 1243 6634
internal_count=255917 164234 91683 31037 162852 2237 1809 60646 15522 2974 45124 10185 5115 524 160615 138231 91729 46502 44112 27300 24218 859 3082 2390 16812 6453 10359 9116 1243 6634
is_linear=0
shrinkage=0.1


Tree=129
num_leaves=31
num_cat=0
split_feature=126 124 2 4 13 4 20 2 0 2 20 1 2 123 20 123 127 0 62 123 0 4 26 92 123 0 123 6 84 6
split_gain=23.4015 36.5729 32.1837 94.1737 63.5616 48.0386 44.7691 44.7805 54.5352 43.8463 49.7796 44.1857 43.282 63.3812 51.1271 32.551 28.7269 46.9183 65.5712 51.6177 94.3734 60.3562 77.7947 77.0507 71.4498 59.762 107.285 85.7649 64.0173 57.2047
threshold=0.44722222222222224 13.500000000000002 1451578.7150000001 215309.44500000004 602568.50000000012 1038701.65 2.5000000000000004 955955.15000000014 286401.00000000006 110757.29500000001 25.500000000000004 12889.500000000002 269540.55500000005 748826.50000000012 2.5000000000000004 78112.500000000015 0.17156862745098042 300031.50000000006 197823.00000000003 897136.50000000012 1148832.5000000002 217437.46500000003 93416.500000000015 88.60923185341791 1499637.0000000002 817102.50000000012 207591.50000000003 50.083333333333343 8.5000000000000018 152.08333333333337
decision_type=2 2 2 2 2 2 2 2 2 2 2 2 2 2 2 2 2 2 2 2 2 2 2 2 2 2 2 2 2 2
left_child=16 2 3 4 9 -4 -5 -8 -9 -2 -11 -12 14 -14 -6 -7 17 18 -1 25 -21 22 23 -22 29 26 27 -19 -27 -23
right_child=1 -3 5 6 12 15 7 8 -10 10 11 -13 13 -15 -16 -17 -18 19 -20 20 21 24 -24 -25 -26 28 -28 -29 -30 -31
leaf_value=0.0030008009446963247 0.0003010383549436391 0.0041947306464261789 -0.011092434886647766 0.016962401769952933 -0.013899764275459948 0.0017590701632293722 0.00378213967056796 -0.021305262108896796 -0.00088285741291754664 -0.0071149531244916638 0.048757981405089607 -0.0014827362036326621 0.0018379042823943672 -0.0062633024588531379 0.0050219278481691059 -0.0058699130833653086 -0.00011955008593145662 0.0026142140065568949 0.0099457323782631071 0.0040993326278960466 -0.00018672866963089323 0.0034387108847935555 0.015194020702519392 -0.0019994267294404884 0.00027538790493108811 -0.0010751994284315281 0.0025917651175531133 -0.0029730398011631911 0.0020764873398957497 -0.0020129132691528912
leaf_weight=12765 891 1458 405 134 41 663 2444 76 776 1861 154 437 339 133 316 3470 128692 4110 1083 694 3959 6092 94 945 37073 28158 7013 7064 3418 1159
leaf_count=12765 891 1458 405 134 41 663 2444 76 776 1861 154 437 339 133 316 3470 128692 4110 1083 694 3959 6092 94 945 37073 28158 7013 7064 3418 1159
internal_value=0 -0.00395265 -0.00574991 -0.0017718 -0.0118638 -0.012414 0.0105033 0.00819976 -0.0115418 -0.0180104 -0.024914 0.000369972 0.0129228 -0.00694912 0.039196 -0.00919324 0.000310591 0.00146933 0.00692385 0.000712316 0.00298102 0.00246576 -0.0079517 -0.00967899 0.00364044 -0.00156793 0.0029983 -0.00308636 -0.00419796 0.0127189
internal_weight=0 13598 12140 7602 4172 4538 3430 3296 852 3343 2452 591 829 472 357 4133 242319 113627 13848 99779 50016 49322 4998 4904 44324 49763 18187 11174 31576 7251
internal_count=255917 13598 12140 7602 4172 4538 3430 3296 852 3343 2452 591 829 472 357 4133 242319 113627 13848 99779 50016 49322 4998 4904 44324 49763 18187 11174 31576 7251
is_linear=0
shrinkage=0.1


Tree=130
num_leaves=31
num_cat=0
split_feature=1 22 3 66 14 93 138 62 21 20 62 138 4 134 134 4 20 117 20 20 2 5 29 126 62 2 123 92 62 123
split_gain=23.6734 26.1553 44.7081 56.1082 50.6682 53.2616 44.605 62.6429 50.5855 54.2045 72.8836 49.8637 44.1418 102.379 69.4192 46.9016 42.7029 42.0885 43.6854 67.8836 60.1192 47.8198 44.0334 44.0092 60.3265 127.669 64.0518 42.3342 42.1851 45.1721
threshold=76775494.500000015 4.5000000000000009 42661.645000000011 8337.5000000000018 2.5000000000000004 4675.5000000000009 4.5000000000000009 274705.50000000006 6.5000000000000009 1.5000000000000002 912496.00000000012 16.500000000000004 100084.64000000001 42545.500000000007 38349.500000000007 55532.410000000011 37.500000000000007 0.10555555555555557 9.5000000000000018 16.500000000000004 633300.53500000015 3.5000000000000004 52092.000000000007 0.069047619047619066 267781.00000000006 1799587.3900000004 568566.50000000012 243.83055555555558 1008633.5000000001 123.50000000000001
decision_type=2 2 2 2 2 2 2 2 2 2 2 2 2 2 2 2 2 2 2 2 2 2 2 2 2 2 2 2 2 2
left_child=1 2 -1 4 6 -6 16 11 9 10 -9 12 13 15 -14 -8 17 18 28 20 21 -20 -23 24 25 26 -21 -25 29 -4
right_child=-2 -3 3 -5 5 -7 7 8 -10 -11 -12 -13 14 -15 -16 -17 -18 -19 19 23 -22 22 -24 27 -26 -27 -28 -29 -30 -31
leaf_value=0.0022003597346713201 -0.0067095796011626078 0.00020188851296440991 0.002233677946147239 -0.0042823477964415331 -0.0090804422686966198 0.0067055453075318908 0.0036097378705294281 0.0045466484425008835 0.0036593860655422883 -0.0010109502373105374 -0.0002073130103098453 -0.0078025397653920473 -0.0036984094836087114 -0.0087295517048264545 0.0028505411939456849 -0.007218609426988376 -0.0049052473434833379 -0.014983709071195653 -0.0076152797748058722 0.0077141950176162766 -0.005918347545851077 0.0059397623757103226 -0.017043114073577826 -0.0014086519879165317 -0.00014595183212892494 -0.00085205766548689186 0.016124909603244739 0.022614604404788886 0.0006286118065747349 -0.00038867872471341108
leaf_weight=5157 2018 158398 6190 1347 1524 329 1286 1005 1597 7163 2288 1726 1269 1709 1324 889 1974 500 151 1775 366 2429 55 4398 4143 1189 198 188 6115 37217
leaf_count=5157 2018 158398 6190 1347 1524 329 1286 1005 1597 7163 2288 1726 1269 1709 1324 889 1974 500 151 1775 366 2429 55 4398 4143 1189 198 188 6115 37217
internal_value=0 0.000221512 -0.00108562 -0.00160256 -0.00129597 -0.0176589 -0.000948034 -0.00505925 -0.000471518 -0.00300335 0.00761572 -0.0118002 -0.00777543 -0.0145207 0.00232817 -0.000129166 0.000296984 0.000737599 0.000961939 0.00571092 0.0191504 0.0244254 0.0277468 0.00231913 0.00713937 0.0175415 0.0331402 -0.00535901 -0.00046615 -0.00156162
internal_weight=0 253899 95501 90344 88997 1853 87144 20256 12053 10456 3293 8203 6477 3884 2593 2175 66888 64914 64414 14892 3001 2635 2484 11891 7305 3162 1973 4586 49522 43407
internal_count=255917 253899 95501 90344 88997 1853 87144 20256 12053 10456 3293 8203 6477 3884 2593 2175 66888 64914 64414 14892 3001 2635 2484 11891 7305 3162 1973 4586 49522 43407
is_linear=0
shrinkage=0.1


Tree=131
num_leaves=31
num_cat=0
split_feature=138 0 62 137 93 61 20 134 123 0 20 4 21 0 134 124 137 92 1 0 2 1 26 138 6 134 6 4 13 13
split_gain=21.9691 34.2226 43.5824 34.1204 33.0036 31.2688 52.2569 33.1542 48.0347 40.1999 36.0629 60.8627 39.6566 39.0132 49.5239 37.0501 34.0952 30.8805 30.7556 34.7122 30.4497 42.216 30.1784 29.1064 28.3481 27.7427 99.2194 38.093 51.8811 46.4725
threshold=20.500000000000004 7711609.5000000009 4968732.5000000009 155000.50000000003 31.500000000000004 1.5000000000000002 5.5000000000000009 200283.00000000003 549912.00000000012 293391.00000000006 24.500000000000004 680869.93500000006 11.500000000000002 2502937.0000000005 323058.50000000006 8.5000000000000018 1165057.0000000002 4681.6923076923085 8756475.0000000019 23920545.500000004 59178.610000000008 854288.00000000012 564649.50000000012 28.500000000000004 34.083333333333336 5176328.0000000009 88.083333333333357 2176261.2400000002 13251858.000000002 1126906.0000000002
decision_type=2 2 2 2 2 2 2 2 2 2 2 2 2 2 2 2 2 2 2 2 2 2 2 2 2 2 2 2 2 2
left_child=25 2 4 -4 5 6 -2 8 9 17 11 12 16 14 -12 -16 -9 -7 -3 -20 -8 -22 -10 -14 -11 27 -27 28 -1 -29
right_child=1 18 3 -5 -6 7 20 10 22 24 13 -13 23 -15 15 -17 -18 -19 19 -21 21 -23 -24 -25 -26 26 -28 29 -30 -31
leaf_value=4.7615191969979312e-05 0.0012117410576061749 -0.0089923084757892909 -0.0034470654061765716 0.013613281691857418 -0.014133634222727258 0.0056345195880302072 0.00011123892335702587 -0.0085248993091768671 0.0022664127773307468 0.0078955819241208047 -0.0036324857016130311 0.00043182002928434662 -0.0001443741165359689 -0.0034661341798414946 -0.00070839735254579544 0.010510366696044091 0.0020547721690826761 -0.013341296403832038 0.00095526315489333777 -0.012761084733027728 -0.012661055355805174 -0.0031890485411684173 -0.0060363326151298274 -0.0073489632380014562 -0.0011342166682295097 0.0039449579051393574 -0.0025514715727204874 0.003765735460507489 0.012654101786721085 -0.0087750241508663066
leaf_weight=192671 836 3236 85 574 909 1655 396 877 4273 174 357 2766 919 845 252 680 125 131 4683 2332 677 480 388 299 7146 11811 7785 752 966 6837
leaf_count=192671 836 3236 85 574 909 1655 396 877 4273 174 357 2766 919 845 252 680 125 131 4683 2332 677 480 388 299 7146 11811 7785 752 966 6837
internal_value=0 -0.00218711 -0.000181224 0.025192 -0.0008726 -0.000142579 -0.0109801 0.00109699 0.00396217 -0.000263872 -0.00444302 -0.00909901 -0.0214315 0.00643549 0.0173829 0.0295142 -0.0361672 0.0131874 -0.00704851 -0.00332829 -0.0218314 -0.0300234 0.0122184 -0.00930898 -0.00354584 0.000506359 0.00409815 0.000156579 0.000428961 -0.00679338
internal_weight=0 35095 24844 659 24185 23276 2389 20887 13767 9106 7120 4986 2220 2134 1289 932 1002 1786 10251 7015 1553 1157 4661 1218 7320 220822 19596 201226 193637 7589
internal_count=255917 35095 24844 659 24185 23276 2389 20887 13767 9106 7120 4986 2220 2134 1289 932 1002 1786 10251 7015 1553 1157 4661 1218 7320 220822 19596 201226 193637 7589
is_linear=0
shrinkage=0.1


Tree=132
num_leaves=31
num_cat=0
split_feature=6 134 84 94 94 62 124 92 4 94 53 2 123 66 93 92 67 65 0 62 1 62 20 5 123 62 26 93 26 134
split_gain=21.8654 35.8357 27.9059 33.8284 29.5601 34.6565 35.2882 30.2156 88.3376 78.5537 63.68 63.531 56.9408 53.0956 64.0737 46.6523 42.7854 67.5891 41.0949 38.8278 38.1864 34.0745 41.356 33.3941 32.9685 32.7127 31.6119 30.4745 29.8808 28.2967
threshold=182.08333333333337 1542602.5000000002 13.500000000000002 178297.63636363638 240504.30000000002 122717.50000000001 23.500000000000004 9938.6666666666697 263487.59500000003 9014.6897321428587 2.8833530020670275 2485677.8350000004 414009.50000000006 1.5000000000000002 18728.500000000004 109157.87500000001 7.5000000000000009 1.5000000000000002 2961595.5000000005 1089751.0000000002 188065.50000000003 1847819.0000000002 13.500000000000002 5.5000000000000009 312091.50000000006 3293429.5000000005 11780.000000000002 28.500000000000004 29353.000000000004 13059.500000000002
decision_type=2 2 2 2 2 2 2 2 2 2 2 2 2 2 2 2 2 2 2 2 2 2 2 2 2 2 2 2 2 2
left_child=2 -2 4 -4 7 -6 -7 9 10 -1 21 16 15 14 26 23 20 -18 19 -15 -10 22 -9 -12 -19 -13 27 -11 -14 -25
right_child=1 -3 3 -5 5 6 -8 8 11 13 12 25 28 18 -16 -17 17 24 -20 -21 -22 -23 -24 29 -26 -27 -28 -29 -30 -31
leaf_value=4.3602511960446198e-05 -0.00016657011557015268 -0.0065015973510823338 0.0014855427565376497 0.027185820013951159 -0.019753568030149118 0.00012046197215851429 -0.028959515266688031 0.016798313298381929 0.01856698685604689 -0.0056368172010637348 -0.054657465404400946 -0.010102060143651248 -0.012248698163162812 0.0004290720962260373 0.017834837866856402 -0.024849088651888368 -0.0014123685500185756 0.0016088703301395894 -0.0057061373347968188 0.007927930816735318 0.0044069359702749106 0.010697114684621594 -0.0010007069333461004 0.0038645947847335774 0.010219647239914307 0.0023083653340793208 -0.068724494448115389 -0.0213359948376457 0.0043554095751921606 -0.0034442815545544184
leaf_weight=220087 6270 2287 6739 383 297 1766 649 363 748 1162 130 681 254 1732 128 154 1402 514 942 120 2800 73 724 1080 484 1123 386 461 38 1940
leaf_count=220087 6270 2287 6739 383 297 1766 649 363 748 1162 130 681 254 1732 128 154 1402 514 942 120 2800 73 724 1080 484 1123 386 461 38 1940
internal_value=0 -0.00481952 0.000322134 0.00649096 0.000139255 -0.0102418 -0.00627753 0.000257783 0.0050416 -8.13338e-06 -0.00568753 0.0116241 -0.0122596 -0.0124907 -0.0243558 -0.00851869 0.0166097 0.00629762 -0.00341563 0.00523376 0.0235853 0.0146858 0.0102442 -0.00589132 0.0261879 -0.00481402 -0.0287266 -0.0226091 -0.0545878 -0.00375509
internal_weight=0 8557 247360 7122 240238 2712 2415 237526 12508 225018 4756 7752 3596 4931 2137 3304 5948 2400 2794 1852 3548 1160 1087 3150 998 1804 2009 1623 292 3020
internal_count=255917 8557 247360 7122 240238 2712 2415 237526 12508 225018 4756 7752 3596 4931 2137 3304 5948 2400 2794 1852 3548 1160 1087 3150 998 1804 2009 1623 292 3020
is_linear=0
shrinkage=0.1


Tree=133
num_leaves=31
num_cat=0
split_feature=22 65 5 0 0 13 4 63 20 0 62 148 90 6 137 0 137 124 114 62 137 62 6 4 92 4 148 3 94 90
split_gain=21.1645 41.5522 37.2357 58.5273 44.4536 61.5259 50.1445 63.8719 50.8016 46.3144 85.5554 51.3838 58.4226 45.5189 40.2801 57.1098 51.6011 42.5563 36.5941 36.5622 35.8536 35.3682 35.3557 34.7521 80.3084 57.4167 72.1663 70.3664 52.4393 50.8745
threshold=5.5000000000000009 2.5000000000000004 10.500000000000002 17330.000000000004 882887.00000000012 803767.50000000012 435164.26000000007 185.94827586206898 20.500000000000004 3042654.5000000005 2149389.5000000005 433548.00000000006 4.434604705766481 110.08333333333336 820176.50000000012 1829141.0000000002 304010.00000000006 15.500000000000002 121518.50000000001 1996605.5000000002 82133.000000000015 2626447.5000000005 43.083333333333343 365350.06000000006 61038.000000000007 192123.88000000003 29222.000000000004 235715.00500000003 9014.6897321428587 0.017177204213890403
decision_type=2 2 2 2 2 2 2 2 2 2 2 2 2 2 2 2 2 2 2 2 2 2 2 2 2 2 2 2 2 2
left_child=1 18 3 -2 5 23 7 14 9 10 11 12 -8 -11 16 -16 17 -6 -1 -17 -9 -15 -5 24 25 26 28 -27 -4 -25
right_child=2 -3 4 22 6 -7 8 20 -10 13 -12 -13 -14 21 15 19 -18 -19 -20 -21 -22 -23 -24 29 -26 27 -28 -29 -30 -31
leaf_value=-5.54075554433777e-05 -0.011681731307314386 -0.012468914059453752 0.0039974885842617436 0.0057832870887033483 -0.00049107414678605692 0.0060911916684010421 0.0010012234162469988 -0.0037438114710805245 -0.00076556193906145435 0.0017697189786968208 0.0085869428097529264 -0.012655545790335369 0.014620016896003216 -0.0050050382056275435 0.0063481338943966216 -0.0004753007459730894 -0.0027379200478950109 0.0033277567851530705 -0.004866001821294064 0.0051999404957444543 -0.0011120055665133309 0.0011599531782496397 0.001593712195587535 0.0010480191612770909 -0.0086910755866839145 -0.0040248186639312731 -0.036664571002766988 0.00091222966629489358 -0.0035800307100961708 0.012878395206291119
leaf_weight=164163 673 342 6761 2091 9736 282 2534 1062 21487 13008 586 137 371 4073 408 1271 1247 655 1642 273 781 3986 8943 3163 423 1277 191 2245 1247 859
leaf_count=164163 673 342 6761 2091 9736 282 2534 1062 21487 13008 586 137 371 4073 408 1271 1247 655 1642 273 781 3986 8943 3163 423 1277 191 2245 1247 859
internal_value=0 -0.000529485 0.00137616 0.00663529 0.000587453 0.00520613 -0.000645494 -0.00558041 0.00100365 0.0040974 0.0145331 0.00779309 0.0106155 0.00230024 -0.00321131 0.0100821 -0.00544096 -0.00313424 -0.000457662 0.00128937 -0.0230498 -0.00360529 0.00838151 0.00439835 0.00173008 0.00327493 0.00786217 -0.00740387 0.00931108 0.0124549
internal_weight=0 166147 89770 11707 78063 16448 61615 15433 46182 24695 3628 3042 2905 21067 13590 1952 11638 10391 165805 1544 1843 8059 11034 16166 12144 11721 8199 3522 8008 4022
internal_count=255917 166147 89770 11707 78063 16448 61615 15433 46182 24695 3628 3042 2905 21067 13590 1952 11638 10391 165805 1544 1843 8059 11034 16166 12144 11721 8199 3522 8008 4022
is_linear=0
shrinkage=0.1


Tree=134
num_leaves=31
num_cat=0
split_feature=99 134 6 0 4 0 0 6 13 134 62 13 64 3 138 142 2 3 123 92 1 134 137 0 137 62 105 0 3 0
split_gain=21.5776 20.9547 24.9422 23.6532 64.4385 56.3962 37.866 36.9558 63.0225 53.1356 31.4928 32.7459 59.4606 52.1768 38.0981 33.3318 32.5342 30.2683 44.6937 30.0481 30.0217 28.9756 27.8733 27.3291 39.5468 28.6649 27.2112 38.1295 29.3774 26.8782
threshold=1.0000000180025095e-35 54706099.500000007 52.083333333333336 12412037.500000002 556507.83000000019 9439895.5000000019 10919821.000000002 84.083333333333357 5042749.0000000009 167035.50000000003 5710496.0000000009 4989435.0000000009 0.10956603899885096 1302849.0050000001 29.500000000000004 0.65833333333333344 1724909.8699999999 834300.71000000008 987946.00000000012 1404901.1666666667 9058064.0000000019 5896592.0000000009 168337.50000000003 11537036.000000002 954098.50000000012 9363187.5000000019 459534.00000000006 1282127.5000000002 400056.61500000005 32479554.500000004
decision_type=2 2 2 2 2 2 2 2 2 2 2 2 2 2 2 2 2 2 2 2 2 2 2 2 2 2 2 2 2 2
left_child=1 3 -3 5 -5 10 17 8 -6 29 11 15 21 -14 -15 19 22 18 -7 26 -19 -13 -12 24 -8 -26 -1 -28 -29 -10
right_child=-2 2 -4 4 7 6 23 -9 9 -11 16 12 13 14 -16 -17 -18 20 -20 -21 -22 -23 -24 -25 25 -27 27 28 -30 -31
leaf_value=7.0558135264265566e-05 0.013337134186848129 0.001474752968933979 -0.013831747889066694 -0.0046549279609052084 0.007366387682315745 -0.0061805532698426726 0.0063300990086285315 8.1396665176525221e-05 0.014235549710479179 -0.0019024666803507896 -0.0028172424591549894 -0.0018689273635833833 0.0032001791283734708 -0.028574610361734365 0.019840003692804517 -0.001493550029503283 0.0013458783080799953 -0.015163561957495532 0.0015262927819533314 -0.040557867167604483 -0.0011688099811615338 0.0048307065664833677 0.0073203912553895098 -0.0027069085178541342 -0.011351135971545068 0.008497325486480356 0.0058480092042883626 -0.002611498802175679 0.0030407366664475855 -0.012173529989653754
leaf_weight=201494 238 1017 1383 3443 5801 739 887 10160 2338 5787 94 1039 2119 1785 473 4797 1897 2691 831 433 799 25 509 2992 995 112 290 172 250 327
leaf_count=201494 238 1017 1383 3443 5801 739 887 10160 2338 5787 94 1039 2119 1785 473 4797 1897 2691 831 433 799 25 509 2992 995 112 290 172 250 327
internal_value=0 9.33227e-05 -0.00920677 0.000181448 0.00293051 -0.00015826 -0.00748193 0.00473673 0.00802165 0.00251273 0.000183344 5.23013e-05 -0.00760572 -0.00245157 -0.0130284 0.00025317 0.0113417 -0.0135763 -0.00204491 0.000448204 -0.0187638 -0.0288085 0.0315754 -0.00129711 0.00777179 -0.00483432 0.000504554 0.0200195 0.000835776 0.0141967
internal_weight=0 255679 2400 253279 27856 225423 10046 24413 14253 8452 215377 212877 5441 4377 2258 207436 2500 5060 1570 202639 3490 1064 603 4986 1994 1107 202206 712 422 2665
internal_count=255917 255679 2400 253279 27856 225423 10046 24413 14253 8452 215377 212877 5441 4377 2258 207436 2500 5060 1570 202639 3490 1064 603 4986 1994 1107 202206 712 422 2665
is_linear=0
shrinkage=0.1


Tree=135
num_leaves=31
num_cat=0
split_feature=0 29 20 4 3 92 1 64 20 134 92 4 4 92 134 137 64 5 123 0 2 62 13 7 126 13 4 64 123 134
split_gain=20.7642 20.8925 29.7777 23.0568 57.3788 72.7671 54.413 54.2328 74.7893 53.9565 51.6443 50.8175 107.41 60.3872 55.3342 67.996 82.9147 58.254 102.702 78.9548 73.075 67.7839 54.553 52.2062 50.4125 59.054 52.0994 50.3804 48.3875 56.8335
threshold=97332164.500000015 621295.50000000012 26.500000000000004 599168.45500000007 498401.03000000009 6262.0000000000009 33353315.000000004 0.074839016242037162 5.5000000000000009 3838016.0000000005 25092.500000000004 367918.76500000001 357311.61500000005 127550.50000000001 8958.5000000000018 827988.00000000012 0.83311029004815984 5.5000000000000009 60952.000000000007 1249317.0000000002 624777.15500000014 576035.50000000012 4498447.0000000009 5.5000000000000009 0.13809523809523813 21326.000000000004 287027.89500000008 0.85284097815674687 3677.5000000000005 240453.50000000003
decision_type=2 2 2 2 2 2 2 2 2 2 2 2 2 2 2 2 2 2 2 2 2 2 2 2 2 2 2 2 2 2
left_child=1 3 -3 4 6 7 11 8 9 -6 -7 12 13 14 17 23 -17 18 -1 20 21 24 -21 -16 26 -26 -19 -18 -29 -30
right_child=-2 2 -4 -5 5 10 -8 -9 -10 -11 -12 -13 -14 -15 15 16 27 19 -20 22 -22 -23 -24 -25 25 -27 -28 28 29 -31
leaf_value=6.409219489060258e-05 -0.0070802437473566297 -0.026495547799242382 0.012205519931814025 0.00042150374236424873 0.0013657713825967906 0.0060066249405395181 -0.031186573145286636 -0.00067007148003923021 -0.0025701391904543189 -0.0058895948793562308 -0.00010629692477481864 0.00079883045890186914 -0.0024755963305888896 -0.0155978833704095 -0.00024314170814672132 0.017104921040644431 -0.0048734364280370104 0.0039947644853904228 -0.031971042138140518 -0.00058024027494272396 -0.0080564045309508368 0.0036451985794177348 0.0055631436569731482 -0.053609892538049292 0.0059680868569747195 -0.0048823374500183373 -0.0038392365992481851 -0.0042168051252953892 0.004113617893419623 0.00024611201159617052
leaf_weight=21911 1001 563 246 90013 1150 1024 639 10514 4023 144 2289 15109 1779 484 80314 224 56 12198 270 3905 219 1764 90 61 1156 1391 462 244 847 1827
leaf_count=21911 1001 563 246 90013 1150 1024 639 10514 4023 144 2289 15109 1779 484 80314 224 56 12198 270 3905 219 1764 90 61 1156 1391 462 244 847 1827
internal_value=0 0.000190282 -0.0158544 0.000241363 -0.000464137 -0.00560957 0.000215437 -0.00842995 -0.0166605 0.00425145 0.00786747 0.000344363 -0.000297349 4.33346e-05 0.000177758 -0.00132622 0.0129736 0.00307615 -0.000505736 0.00682644 0.00976948 0.0105101 -0.00583708 -0.00189519 0.00835766 -0.00447894 0.0109402 0.00855451 0.0103576 0.0142475
internal_weight=0 254916 809 254107 164094 19144 144950 15831 5317 1294 3313 144311 129202 127423 126939 83573 3198 43366 22181 21185 17190 16971 3995 80375 15207 2547 12660 2974 2918 2674
internal_count=255917 254916 809 254107 164094 19144 144950 15831 5317 1294 3313 144311 129202 127423 126939 83573 3198 43366 22181 21185 17190 16971 3995 80375 15207 2547 12660 2974 2918 2674
is_linear=0
shrinkage=0.1


Tree=136
num_leaves=31
num_cat=0
split_feature=127 21 123 2 13 3 4 124 64 124 137 123 0 20 137 20 123 138 4 2 67 1 5 48 134 64 4 13 129 0
split_gain=20.8688 30.2868 30.5835 35.4368 36.5124 61.2844 60.1427 53.2737 47.698 57.5232 100.615 49.6325 46.3348 50.5768 50.0841 65.2845 50.3694 47.031 46.6026 43.0689 41.4879 39.1657 38.5184 37.4521 36.6524 36.5459 34.9014 60.9207 47.9097 47.8086
threshold=0.17156862745098042 3.5000000000000004 60952.000000000007 56917.99500000001 413882.50000000006 251830.99000000002 367918.76500000001 11.500000000000002 8159.8016374220579 10.500000000000002 152291.50000000003 193304.00000000003 335497.50000000006 2.5000000000000004 125907.50000000001 2.5000000000000004 293184.50000000006 7.5000000000000009 59524.12000000001 82432.74500000001 7.5000000000000009 1277927.5000000002 3.5000000000000004 28.000000000000004 72925.000000000015 0.67206707659703191 190312.88500000004 1661.5000000000002 0.080128205128205135 100106.50000000001
decision_type=2 2 2 2 2 2 2 2 2 2 2 2 2 2 2 2 2 2 2 2 2 2 2 2 2 2 2 2 2 2
left_child=-1 -2 26 -4 6 7 12 8 9 11 -11 24 13 23 16 -16 -14 -17 -18 -15 22 -9 -7 -5 -6 -8 29 28 -28 -3
right_child=1 2 3 4 5 20 25 21 -10 10 -12 -13 14 19 15 17 18 -19 -20 -21 -22 -23 -24 -25 -26 -27 27 -29 -30 -31
leaf_value=0.00018049451941830983 -0.010596848762661808 0.0036921928080241085 0.0043820837917107891 -0.00062920314736969463 -0.0011906959463847901 -0.016933693406812344 -0.00076434119691677952 0.0039057773560812973 0.0022220960814114689 -0.012800342206088526 0.0016660206186402352 0.00014220265891250474 -0.005871730509519113 0.0071894413243051014 -0.012965444187119852 0.007008014943275665 0.00048628834366939435 9.1047798808702152e-05 -0.0031636240291752953 -0.0003742591951902741 -0.0037292408062309722 -0.00014711035553367896 -0.00024383769028965378 -0.0079412594662052749 0.0054818018959205995 0.0024770163489918375 -0.0017145831284964995 0.00061732706762686763 0.0061117860581947799 -0.00042654079701289762
leaf_weight=126193 259 9127 1024 1936 105 181 3015 1554 581 549 581 11408 3163 885 138 273 1684 938 2153 6773 3022 563 46854 1892 373 2721 5774 15554 612 6032
leaf_count=126193 259 9127 1024 1936 105 181 3015 1554 581 549 581 11408 3163 885 138 273 1684 938 2153 6773 3022 563 46854 1892 373 2721 5774 15554 612 6032
internal_value=0 -0.000773545 -0.000705203 -0.00167928 -0.00188667 -0.000640025 -0.00509315 0.0048081 0.00251062 0.00125927 -0.0203014 0.00330903 -0.00770114 -0.00358044 -0.0133701 0.00427303 -0.0167702 0.0116992 -0.00906847 0.00111114 -0.00235031 0.0195643 -0.00162058 -0.0129661 0.0348777 0.00392525 0.00171997 -0.000829546 -0.00905331 0.00540994
internal_weight=0 129724 129465 92366 91342 65771 25571 15714 13597 13016 1130 11886 19835 11486 8349 1349 7000 1211 3837 7658 50057 2117 47035 3828 478 5736 37099 21940 6386 15159
internal_count=255917 129724 129465 92366 91342 65771 25571 15714 13597 13016 1130 11886 19835 11486 8349 1349 7000 1211 3837 7658 50057 2117 47035 3828 478 5736 37099 21940 6386 15159
is_linear=0
shrinkage=0.1


Tree=137
num_leaves=31
num_cat=0
split_feature=127 3 4 13 22 62 134 63 64 62 137 138 138 0 1 20 124 3 63 93 0 29 64 137 20 137 21 20 137 2
split_gain=20.4641 19.9589 48.6791 50.9127 40.1081 60.3243 36.7881 31.2463 43.9068 30.0233 40.4117 30.411 57.2716 40.7714 73.167 32.5915 32.5085 35.1871 49.5557 31.0625 38.6044 33.5933 32.0531 68.9982 66.6717 59.8033 107.989 92.0538 59.0904 65.1385
threshold=2.7083333333333335 2666895.3250000007 1798857.8400000001 15876.500000000002 8.5000000000000018 40.500000000000007 735.50000000000011 10.473115339826579 98.548293404964738 5511452.5000000009 5124418.5000000009 16.500000000000004 19.500000000000004 5422254.5000000009 4189584.0000000005 22.500000000000004 11.500000000000002 641413.40500000014 4.1798313712367081 97013.500000000015 1024006.5000000001 94261.000000000015 0.85284097815674687 64.500000000000014 9.5000000000000018 46582.500000000007 6.5000000000000009 3.5000000000000004 307211.00000000006 720957.33500000008
decision_type=2 2 2 2 2 2 2 2 2 2 2 2 2 2 2 2 2 2 2 2 2 2 2 2 2 2 2 2 2 2
left_child=1 4 3 -3 9 -6 -5 -4 -9 10 11 19 -13 14 15 -14 17 18 -15 21 -21 22 25 -24 -25 -1 27 -27 -28 -30
right_child=-2 2 7 6 5 -7 -8 8 -10 -11 -12 12 13 16 -16 -17 -18 -19 -20 20 -22 -23 23 24 -26 26 28 -29 29 -31
leaf_value=0.00010042107998280425 0.0088844310789187309 -0.011834540858718184 -0.0024312181370098607 -0.00024172410487564137 -0.0038480414124097738 0.0083668263240245129 -0.002163705942354707 0.016595681705101454 0.00025815087738565449 0.0019903924839098325 -0.034721561726663588 -0.0041479003514370586 -0.00045337107693212966 -0.0068091792622738279 0.0062927182419952842 0.0013123197940572151 -0.010295438466653817 0.00070394376658444919 0.00024695640976422076 0.0049239069769732805 -0.0015807650423402726 -0.0058406782785249342 -0.0004835188704281118 3.3799580177739445e-06 0.0012610647354848793 -0.0001284781179371919 -0.0026493072963875599 -0.0052159169418679709 0.0022500257266018257 -0.00040197425213821464
leaf_weight=80768 41 291 9865 1811 769 2146 655 900 5663 8975 1317 4483 18306 1278 1220 8720 2876 5360 1198 1197 592 1851 14199 28950 34680 2548 3443 4246 3011 4558
leaf_count=80768 41 291 9865 1811 769 2146 655 900 5663 8975 1317 4483 18306 1278 1220 8720 2876 5360 1198 1197 592 1851 14199 28950 34680 2548 3443 4246 3011 4558
internal_value=0 7.72594e-05 -0.00302489 -0.0153209 0.000328705 0.0119862 -0.0106528 -0.000961338 0.00438559 0.000183345 -4.30923e-05 5.98335e-05 -0.00231498 -0.00108328 0.000908932 -0.000172422 -0.00633646 -0.00299905 -0.0128585 0.000632833 0.0137441 0.000501245 0.000641868 0.00215889 0.00356541 -0.000555897 -0.00580177 -0.0157164 0.000315206 0.00525575
internal_weight=0 255876 19185 2757 236691 2915 2466 16428 6563 233776 224801 223484 43441 38958 28246 27026 10712 7836 2476 180043 1789 178254 176403 77829 63630 98574 17806 6794 11012 7569
internal_count=255917 255876 19185 2757 236691 2915 2466 16428 6563 233776 224801 223484 43441 38958 28246 27026 10712 7836 2476 180043 1789 178254 176403 77829 63630 98574 17806 6794 11012 7569
is_linear=0
shrinkage=0.1


Tree=138
num_leaves=31
num_cat=0
split_feature=4 4 4 0 62 0 0 0 124 0 4 90 14 26 1 3 6 3 137 1 94 138 1 64 64 20 134 92 4 48
split_gain=22.0683 236.756 115.734 68.487 57.1443 70.3832 91.7568 141.72 94.3104 70.2544 50.2135 46.0152 44.4862 42.754 69.8831 41.1254 39.2364 38.9865 50.1078 38.4225 37.979 33.9106 33.8586 33.2773 33.2101 61.0322 72.9106 63.3395 49.8787 93.4227
threshold=100084.64000000001 119685.82000000001 91160.010000000024 817102.50000000012 318012.50000000006 278361.00000000006 485161.00000000006 625271.50000000012 8.5000000000000018 416364.00000000006 78060.760000000024 26.332799641629119 1.5000000000000002 1555596.5000000002 1191228.0000000002 49814.030000000006 79.083333333333343 102148.15000000001 286203.00000000006 1832049.0000000002 43444.684523809534 28.500000000000004 440946.00000000006 0.052309608467900469 0.11707813770450502 23.500000000000004 4749.5000000000009 760.20833333333337 367918.76500000001 28.000000000000004
decision_type=2 2 2 2 2 2 2 2 2 2 2 2 2 2 2 2 2 2 2 2 2 2 2 2 2 2 2 2 2 2
left_child=2 3 4 12 5 10 8 16 9 15 -1 13 17 14 21 -7 -8 -2 -19 23 -14 -9 -5 -4 25 -3 -27 -28 29 -26
right_child=1 24 19 22 -6 6 7 11 -10 -11 -12 -13 20 -15 -16 -17 -18 18 -20 -21 -22 -23 -24 -25 28 26 27 -29 -30 -31
leaf_value=0.0021346220757089362 0.0070799266410132263 -8.7281455621719545e-05 -0.0056497136286113086 -0.0063883607842916803 0.0013887970210562095 0.00055570160885973772 0.007434694826480715 -0.00016669377928346663 -0.0077467602674161865 -0.0084583142769049068 -0.0063386411433875136 0.0076824136271118589 0.0052895395199252428 0.00059244508972304284 -0.0068617314951125684 -0.0033629960876356614 0.0013446332036953779 0.010436850653313635 -0.0071838343095645468 0.0067315697581668797 -0.039901265171261018 -0.0062353522974098454 7.2943033407465565e-05 -0.0074279763170769569 -0.00063334370724436374 -0.00040259611159266444 -0.0057613720147394916 -0.0002652009825670112 0.00056666049233360387 0.00036304007745471909
leaf_weight=16367 569 49839 1121 43 5576 4810 1696 3216 2311 1580 1962 360 3345 2369 1458 3191 1026 2400 122 201 79 472 1530 1684 26073 6288 2693 1190 92089 20257
leaf_count=16367 569 49839 1121 43 5576 4810 1696 3216 2311 1580 1962 360 3345 2369 1458 3191 1026 2400 122 201 79 472 1530 1684 26073 6288 2693 1190 92089 20257
internal_value=0 0.000548785 -0.00180406 0.0173196 -0.000572001 -0.00186915 -0.00561796 0.00114863 -0.0116477 -0.00727401 0.00273049 -0.00565034 0.0218412 -0.0073234 -0.0124411 -0.00346872 0.0208187 0.0305383 0.0252038 -0.0208194 0.01399 -0.00511392 -0.00140774 -0.0238458 -0.000134797 -0.0020996 -0.00915904 -0.0199333 0.00071702 -0.00195926
internal_weight=0 206517 49400 8088 46394 40818 22489 10597 11892 9581 18329 7875 6515 7515 5146 8001 2722 3091 2522 3006 3424 3688 1573 2805 198429 60010 10171 3883 138419 46330
internal_count=255917 206517 49400 8088 46394 40818 22489 10597 11892 9581 18329 7875 6515 7515 5146 8001 2722 3091 2522 3006 3424 3688 1573 2805 198429 60010 10171 3883 138419 46330
is_linear=0
shrinkage=0.1


Tree=139
num_leaves=31
num_cat=0
split_feature=127 88 105 92 4 13 4 4 4 62 0 5 0 3 138 0 20 2 13 0 126 18 94 0 22 13 0 0 94 13
split_gain=20.4618 20.3185 49.0513 19.9901 20.0978 33.7365 31.3897 198.482 85.3363 56.7391 89.4992 62.8805 92.0733 54.6716 52.1204 50.3657 48.8517 46.4786 41.3137 48.3332 40.522 38.0534 37.5772 36.4226 36.3071 38.548 36.2454 63.7226 35.2104 33.3194
threshold=2.7083333333333335 4278286.0000000009 2069849.5000000002 1773896.0000000002 10395.520000000002 35738.000000000007 100084.64000000001 117376.83500000001 91160.010000000024 253799.00000000003 269547.50000000006 4.5000000000000009 485161.00000000006 42661.645000000011 28.500000000000004 842225.50000000012 38.500000000000007 99512.240000000005 422907.00000000006 497976.50000000006 0.080128205128205135 1.0000000180025095e-35 11.647063750733226 358894.50000000006 4.5000000000000009 131883.00000000003 1713562.0000000002 1082792.5000000002 2346.5000000000005 509257.50000000006
decision_type=2 2 2 2 2 2 2 2 2 2 2 2 2 2 2 2 2 2 2 2 2 2 2 2 2 2 2 2 2 2
left_child=1 2 3 4 5 -1 8 15 9 10 17 14 23 -14 22 18 -16 -6 19 20 28 -19 24 -13 -12 -26 27 29 -8 -11
right_child=-2 -3 -4 -5 6 -7 7 -9 -10 26 11 12 13 -15 16 -17 -18 21 -20 -21 -22 -23 -24 -25 25 -27 -28 -29 -30 -31
leaf_value=-0.0026642540008105231 0.0080047161165890286 -0.0043868437575637744 0.0083309675349412474 -0.035753270342104536 0.0024191822244416187 0.005310175837158493 0.011840761720007011 -8.3747118221735091e-06 -0.0053466962995265994 0.00072398836413491987 -0.00023572565350939991 -0.0053066108582052966 -0.0064795087807514758 0.0021775704336667312 -0.01811238103246986 -2.7687011750598955e-05 -0.0010691085108543372 -0.00034949243578186184 0.0050133538814742112 -0.0030196424270738879 -6.6037951464803515e-05 -0.011916601121209647 -0.0035692419580237167 -0.011486916890069776 0.00423007580604059 -0.0025947284896416746 0.00646392128312228 -0.0051620431719081742 0.0021194939904090717 0.0036616398978831957
leaf_weight=1436 41 507 223 456 10883 2609 2847 198215 3006 7342 6050 2528 753 1827 546 1340 586 4233 918 373 783 1391 1544 1313 1259 539 604 327 829 609
leaf_count=1436 41 507 223 456 10883 2609 2847 198215 3006 7342 6050 2528 753 1827 546 1340 586 4233 918 373 783 1391 1544 1313 1259 539 604 327 829 609
internal_value=0 8.13444e-05 0.00012105 8.00768e-05 0.00011753 0.00711012 4.68106e-06 0.000530584 -0.00237667 -0.00122062 -0.00310705 -0.00821224 -0.016011 -0.00140009 -0.00345398 0.0169707 -0.0237247 0.0021336 0.0210395 0.0173449 0.0202375 -0.00524789 -0.00101079 -0.0258252 0.00179482 0.0142715 0.00588418 0.00415864 0.0246372 0.00593793
internal_weight=0 255876 255369 255146 254690 4045 250645 205305 45340 42334 33452 16945 6421 2580 10524 7090 1132 16507 5750 4832 4459 5624 9392 3841 7848 1798 8882 8278 3676 7951
internal_count=255917 255876 255369 255146 254690 4045 250645 205305 45340 42334 33452 16945 6421 2580 10524 7090 1132 16507 5750 4832 4459 5624 9392 3841 7848 1798 8882 8278 3676 7951
is_linear=0
shrinkage=0.1


Tree=140
num_leaves=31
num_cat=0
split_feature=127 140 17 92 62 117 94 1 137 52 75 13 62 64 4 2 26 94 137 138 5 2 20 62 0 30 4 123 71 20
split_gain=20.4648 19.9773 24.6817 34.4117 36.1303 29.1354 26.5286 55.4282 43.4224 42.5058 46.0963 35.7586 33.3809 34.8343 31.6897 66.9004 63.5934 42.3902 36.0443 30.2593 30.1721 29.7582 28.4336 37.1359 45.226 30.6543 33.4503 36.5652 27.7181 25.8264
threshold=2.7083333333333335 0.92261904761904778 2.5000000000000004 137972.50000362468 2656612.5000000005 0.12916666666666668 0.011115427003818045 2729483.0000000005 307211.00000000006 4060.3181818181824 2.5000000000000004 98434.000000000015 5277941.0000000009 0.0012429907534434708 224078.58000000002 333263.07000000001 123358.50000000001 2265.666666666667 433943.50000000006 24.500000000000004 5.5000000000000009 3250046.9300000002 15.500000000000002 331588.50000000006 1713562.0000000002 7.5000000000000009 311928.06500000006 2036382.5000000002 0.3888888888888889 6.5000000000000009
decision_type=2 2 2 2 2 2 2 2 2 2 2 2 2 2 2 2 2 2 2 2 2 2 2 2 2 2 2 2 2 2
left_child=1 2 5 -4 -5 6 28 9 -9 11 20 19 13 -10 15 17 18 -13 -17 21 -11 -8 23 -16 29 26 -26 -28 -1 -25
right_child=-2 -3 3 4 -6 -7 7 8 12 10 -12 14 -14 -15 22 16 -18 -19 -20 -21 -22 -23 -24 24 25 -27 27 -29 -30 -31
leaf_value=9.4663129373047619e-05 0.007204244504930124 -0.00067572719476171347 -0.0001189859964698932 -0.0049450494627272246 0.0091519682342107167 -0.023477228961304688 0.0014513207558910835 -0.0012726639258830075 -0.0012769125610981951 -0.045590476494953576 -0.067302456636119626 0.004287196987895237 0.0068007751816950629 0.0012681795581699963 0.0027164577796913066 -0.0021763755913926761 0.0077175862508235358 0.0005446305028803611 0.010426766928890925 -0.023269352066830038 0.0067446112898544019 -0.0084058701385309239 0.0016923654501924488 0.0020987090324711528 -0.001928221342800302 -0.0091647509596546033 0.003106873509751753 0.0085762660671156541 0.016655190114201447 0.0092010748206987937
leaf_weight=112445 41 21060 96191 2170 387 233 5763 3802 323 48 267 2151 999 2281 1131 603 65 2443 31 123 275 151 1497 112 99 63 321 148 79 615
leaf_count=112445 41 21060 96191 2170 387 233 5763 3802 323 48 267 2151 999 2281 1131 603 65 2443 31 123 275 151 1497 112 99 63 321 148 79 615
internal_value=0 7.61288e-05 0.000340746 -0.00086273 -0.0123123 0.00121414 0.00127474 0.00434514 -0.00280152 0.00767225 -0.0186662 0.00868685 0.00506474 -0.000897087 0.0125843 0.00751289 -0.0213089 0.0118983 -0.0309667 0.00269643 0.00674713 0.00371744 0.0193185 0.0258686 0.0370158 0.0174275 0.024768 0.0359176 0.000638667 0.0540175
internal_weight=0 255876 234816 98748 2557 136068 135835 23311 7405 15906 590 15316 3603 2604 9279 5293 699 4594 634 6037 323 5914 3986 2489 1358 631 568 469 112524 727
internal_count=255917 255876 234816 98748 2557 136068 135835 23311 7405 15906 590 15316 3603 2604 9279 5293 699 4594 634 6037 323 5914 3986 2489 1358 631 568 469 112524 727
is_linear=0
shrinkage=0.1


Tree=141
num_leaves=31
num_cat=0
split_feature=128 123 20 123 10 0 0 3 10 2 127 29 48 134 92 52 3 94 62 141 13 94 123 124 64 63 64 20 123 5
split_gain=21.5709 32.843 38.9162 25.9325 28.1106 25.2516 37.251 64.2096 25.0998 20.6025 20.5895 28.1873 26.0356 40.1868 32.1689 38.2888 37.8645 43.6059 31.3145 30.5092 28.8591 28.5597 53.9623 35.2216 45.5495 35.9724 31.1462 28.9411 35.373 75.4161
threshold=0.27922077922077926 1008667.0000000001 14.500000000000002 12741.500000000002 1.5000000000000002 505.50000000000006 17330.000000000004 147640.41 1.5000000000000002 1234692.0650000002 0.29285714285714287 3.5000000000000004 6.0000000000000009 735.50000000000011 3000.3636363636365 0.057044299227188351 279138.96000000008 6034.0714285714294 267781.00000000006 0.12916666666666668 94748.500000000015 80024.64285714287 2000375.0000000002 5.5000000000000009 0.00085460633959584813 6560.3830911662599 4399.0265052258064 22.500000000000004 869746.50000000012 7.5000000000000009
decision_type=2 2 2 2 2 2 2 2 2 2 2 2 2 2 2 2 2 2 2 2 2 2 2 2 2 2 2 2 2 2
left_child=10 2 5 -4 -5 8 7 -7 -2 -3 12 -12 14 19 -1 18 17 -17 20 -14 -16 23 -23 25 -25 26 27 28 -15 -30
right_child=1 9 3 4 -6 6 -8 -9 -10 -11 11 -13 13 21 15 16 -18 -19 -20 -21 -22 22 -24 24 -26 -27 -28 -29 29 -31
leaf_value=-0.00055206906765591882 -0.011603592627951964 -0.011903778127807654 0.0090565386041812218 -0.010952834781695375 0.0022607839882922143 -0.0034385538422654796 -0.001867366475763736 -0.029519348709581408 0.0060890444439783758 -0.0050057728107766987 -7.1257346683051867e-05 -0.0027499226211754966 0.0015350007319848901 0.00077430381868623952 0.017702595267507792 0.018042630025703145 0.0018836040875493067 -0.012022990215016493 0.0081599971244697977 0.00023414363552092576 -0.0046754223853712864 -0.0033422981883909995 0.013831512204929642 -0.0024463789719523458 7.9018552791619887e-05 -0.0008949142671809524 0.0079347726413834703 -0.00035594571175282533 0.0094862786068976423 0.0010971260424065628
leaf_weight=29359 97 190 598 212 609 515 2610 388 397 321 122420 3540 2374 19029 541 215 2228 743 703 2431 319 2727 423 1252 42633 2076 1145 7328 284 8210
leaf_count=29359 97 190 598 212 609 515 2610 388 397 321 122420 3540 2374 19029 541 215 2228 743 703 2431 319 2727 423 1252 42633 2076 1145 7328 284 8210
internal_value=0 -0.00586402 -0.00358153 0.0106497 -0.000887721 -0.00862126 -0.0115981 -0.0291049 0.0125482 -0.0301004 0.000234819 -0.000665715 0.00114944 0.00204184 -0.001203 0.00643288 0.000143736 -0.0164815 0.0192526 0.0109394 0.00645521 0.0015395 -0.00780449 0.00189863 -3.22531e-05 0.00412433 0.00486252 0.00432934 0.00581629 0.0111822
internal_weight=0 5937 5426 1419 821 4007 3513 903 494 511 249980 125960 124020 89912 34108 4749 3186 958 1563 4805 860 85107 3150 81957 43885 38072 35996 34851 27523 8494
internal_count=255917 5937 5426 1419 821 4007 3513 903 494 511 249980 125960 124020 89912 34108 4749 3186 958 1563 4805 860 85107 3150 81957 43885 38072 35996 34851 27523 8494
is_linear=0
shrinkage=0.1


Tree=142
num_leaves=31
num_cat=0
split_feature=127 26 7 138 138 138 64 137 134 93 6 4 124 124 138 134 20 64 137 62 48 64 124 92 64 94 134 4 48 123
split_gain=20.4735 18.894 19.4243 33.4987 50.5542 73.5975 81.0568 45.9353 45.4893 62.1181 37.8955 33.1958 35.5577 96.5015 171.637 94.7751 100.648 54.9264 64.4165 39.7395 37.3537 48.2375 36.3829 47.7475 51.3228 46.3365 43.6873 46.6467 37.5369 43.7354
threshold=2.7083333333333335 26397834.000000004 4.5000000000000009 12.500000000000002 15.500000000000002 14.500000000000002 1.4673567206438938 392003.50000000006 4239346.0000000009 39.500000000000007 44.083333333333343 1970788.4050000003 11.500000000000002 10.500000000000002 5.5000000000000009 36279.500000000007 2.5000000000000004 1.2882180335427325 539923.00000000012 492983.00000000006 46.000000000000007 11278.298554491261 12.500000000000002 21042.000000000004 0.0062605841003712916 137186.33333333334 122286.00000000001 100084.64000000001 56.000000000000007 1252932.5000000002
decision_type=2 2 2 2 2 2 2 2 2 2 2 2 2 2 2 2 2 2 2 2 2 2 2 2 2 2 2 2 2 2
left_child=1 2 3 8 5 -5 7 -7 11 10 -10 12 13 20 15 -15 -17 -16 -19 -20 -1 -22 25 26 -25 28 -24 -28 29 -14
right_child=-2 -3 -4 4 -6 6 -8 -9 9 -11 -12 -13 22 14 17 16 -18 18 19 -21 21 -23 23 24 -26 -27 27 -29 -30 -31
leaf_value=-5.4472397201358545e-05 0.0064909457891054014 -0.0077423015057087596 0.00041365779590815156 -0.00039118822841003036 -0.00032340813643055855 -0.0049123895029483909 -0.015715091132501739 0.0061588930979125473 0.0043941322425018626 -0.0077579319054294606 0.0012724323979948382 -0.0033189604823992361 0.0014686863976332218 -0.0034668344989693236 0.002724241203980782 -0.016130500495220391 -0.0032250423305704191 -0.0072136598166663976 0.007411065753477857 -0.0010722410903340098 0.00063183482651465702 0.0020603119345322827 0.0010352704114049013 -0.034905220562128594 -0.0038671707221353152 0.007634245216665181 -0.0067840979349298005 -0.00043917032937503128 0.0034788225857359137 -0.00042947072175820116
leaf_weight=96516 41 675 44564 3955 43471 1478 1221 255 4471 791 7125 4810 7311 2024 2936 1188 741 454 165 735 11669 769 7672 167 407 342 641 4164 1513 3646
leaf_count=96516 41 675 44564 3955 43471 1478 1221 255 4471 791 7125 4810 7311 2024 2936 1188 741 454 165 735 11669 769 7672 167 407 342 641 4164 1513 3646
internal_value=0 6.10414e-05 0.000105235 -0.000296054 -0.00254524 -0.0104911 -0.0224335 -0.00852927 0.000411024 0.0062321 0.00808162 -7.66044e-05 0.000198131 -0.000542477 -0.010975 -0.0260074 -0.0418681 0.00287657 -0.0137856 0.00170602 0.0002468 0.00540466 0.00355416 -0.000162005 -0.0283622 0.00733966 0.00113534 -0.00634171 0.00634372 0.00430494
internal_weight=0 255876 255201 210637 50380 6909 2954 1733 160257 12387 11596 147870 143060 117197 8243 3953 1929 4290 1354 900 108954 12438 25863 13051 574 12812 12477 4805 12470 10957
internal_count=255917 255876 255201 210637 50380 6909 2954 1733 160257 12387 11596 147870 143060 117197 8243 3953 1929 4290 1354 900 108954 12438 25863 13051 574 12812 12477 4805 12470 10957
is_linear=0
shrinkage=0.1


Tree=143
num_leaves=31
num_cat=0
split_feature=127 88 105 0 92 146 4 90 4 105 138 105 94 0 85 4 64 63 20 138 4 0 6 6 137 64 63 20 92 14
split_gain=20.4618 19.2934 19.912 43.9077 40.7266 40.069 25.9056 25.7054 26.1208 25.3882 28.3737 22.8939 22.4376 31.1612 23.3829 21.6953 21.0039 43.8255 52.1692 61.673 58.6778 55.4731 36.9616 36.9328 34.8629 32.3661 46.1314 32.2257 56.6965 39.6618
threshold=2.7083333333333335 4832981.0000000009 73460.500000000015 1412548.0000000002 127550.50000000001 287673.00000000006 375216.2950000001 1.5292436117926071 494332.5400000001 31769.000000000004 8.5000000000000018 21415.000000000004 11020.357142857145 17442071.500000004 8.5000000000000018 94218.125000000015 57.667011286857225 309.52919820760468 9.5000000000000018 24.500000000000004 357311.61500000005 2624453.0000000005 87.083333333333357 40.166666666666671 1500000.5000000002 2410.9491289931989 2830.8700000000003 57.500000000000007 7.7542683961316942e-05 2.5000000000000004
decision_type=2 2 2 2 2 2 2 2 2 2 2 2 2 2 2 2 2 2 2 2 2 2 2 2 2 2 2 2 2 2
left_child=1 2 9 4 -4 7 -6 8 -5 11 -11 16 13 -9 -15 -13 27 18 20 24 -18 -22 -23 -21 -20 -19 -27 29 -29 -1
right_child=-2 -3 3 5 6 -7 -8 12 -10 10 -12 15 -14 14 -16 -17 17 25 19 23 21 22 -24 -25 -26 26 -28 28 -30 -31
leaf_value=6.9538658178942174e-06 0.0058418512101948671 -0.0068791479849687372 0.0060308506865605184 -0.0031356759527994119 -0.016997705506156643 0.01517451446523653 -0.00040896758477992901 0.0040409428111489731 6.0168026332940722e-05 0.00010634899086152329 -0.0091522121391803459 -0.0029854547460662628 -0.0091023917289608427 0.0028915570618164967 -0.0077344539797181699 0.0088350780703322137 -0.0034204807849764307 -0.0015712449359204296 0.0029152440866070163 0.013238792297773637 0.014142417530384539 0.0040702805136792813 -0.0069056016277468492 -0.0010763224614834391 -0.003212656960410887 0.0051236476473151887 -9.7191164368530151e-05 -0.00085626053238979443 0.0048859846215907167 -0.00075710806380068591
leaf_weight=159979 41 303 1420 622 48 236 210 483 548 835 910 200 139 316 313 429 1211 3617 8994 149 246 2159 1484 3683 1085 1954 18723 4462 3466 37652
leaf_count=159979 41 303 1420 622 48 236 210 483 548 835 910 200 139 316 313 429 1211 3617 8994 149 246 2159 1484 3683 1085 1954 18723 4462 3466 37652
internal_value=0 8.12094e-05 0.000111108 0.00683078 0.0194949 -0.00116712 -0.0170543 -0.00500125 -0.0156562 -4.83679e-06 -0.0120248 7.92333e-05 0.00496379 0.00969873 -0.00497035 0.0191332 3.10746e-05 0.00203263 0.00562881 0.00880064 -0.00302283 0.00296273 -0.000140835 -0.00199788 0.0129062 -0.00078152 0.000745084 -0.000390592 0.00586082 -0.000641369
internal_weight=0 255876 255573 4335 1678 2657 258 2421 1170 251238 1745 249493 1251 1112 629 629 248864 43305 19011 13911 5100 3889 3643 3832 10079 24294 20677 205559 7928 197631
internal_count=255917 255876 255573 4335 1678 2657 258 2421 1170 251238 1745 249493 1251 1112 629 629 248864 43305 19011 13911 5100 3889 3643 3832 10079 24294 20677 205559 7928 197631
is_linear=0
shrinkage=0.1


Tree=144
num_leaves=31
num_cat=0
split_feature=134 2 134 6 0 62 137 5 137 148 92 85 64 62 0 133 62 4 137 134 6 4 0 0 0 0 4 4 4 2
split_gain=19.8724 30.2046 20.0928 89.9819 31.5064 65.8602 44.2395 59.3704 50.7608 53.3555 48.6034 47.3599 45.7603 57.5944 69.3635 46.1249 50.7049 44.6949 44.1106 43.8642 40.9666 40.5362 38.6153 57.1625 43.1695 90.0101 57.7483 68.9329 41.9573 41.2052
threshold=46192968.000000007 1657710.5 5402520.5000000009 104.08333333333336 7031456.5000000009 4623948.5000000009 827988.00000000012 1.0000000180025095e-35 509104.00000000006 318889.50000000006 321945.50000000006 5.5000000000000009 0.0012429907534434708 2888020.5000000005 3238501.5000000005 14.000000000000002 2025293.0000000002 281836.28500000009 2354355.0000000005 443280.00000000006 44.083333333333343 503376.815 4234256.5000000009 4176507.0000000005 5201346.5000000009 5657443.5000000009 413702.08000000007 653116.43500000017 774598.47000000009 7323194.3650000012
decision_type=2 2 2 2 2 2 2 2 2 2 2 2 2 2 2 2 2 2 2 2 2 2 2 2 2 2 2 2 2 2
left_child=2 -2 4 -4 6 18 8 -8 9 10 11 22 -9 14 15 -14 17 -17 20 -19 -6 -16 23 29 -24 26 -26 -28 -25 -1
right_child=1 -3 3 -5 5 -7 7 12 -10 -11 -12 -13 13 -15 21 16 -18 19 -20 -21 -22 -23 24 28 25 -27 27 -29 -30 -31
leaf_value=-2.5421977073918399e-05 -0.026476493142447002 -0.0015297306782102284 0.0033963775216116158 -0.0035048831675458915 0.0024148874107267405 0.00018109567287234453 -0.012604022244992208 -0.001221120052241413 -0.0011621645949401024 -0.010523014791952617 -0.0072181367891240083 0.0040013785385389052 0.00042108922415412813 0.0040648109143877646 -0.0051513627186782276 0.002309947039656752 0.015318306320689676 -0.00025528834938081741 -0.029885618024496675 0.0092477130764163622 -0.002893925634750816 -0.00059587422120913969 0.0010969728395985379 -0.0022666172126481151 0.0014566658505718248 0.0019742276410977646 -0.0037477532075180751 -0.00023307659741886866 0.011344801065704964 0.056280559823020784
leaf_weight=154496 689 2533 13028 6768 1447 18493 305 965 6157 501 1344 1966 6197 5775 964 1504 228 2049 3954 531 5826 7999 5908 605 487 3264 1016 724 118 76
leaf_count=154496 689 2533 13028 6768 1447 18493 305 965 6157 501 1344 1966 6197 5775 964 1504 228 2049 3954 531 5826 7999 5908 605 487 3264 1016 724 118 76
internal_value=0 -0.00774954 0.000153861 0.00321242 -0.000106111 -0.00314721 0.000338726 0.00414741 -0.000232959 8.91549e-05 0.000185186 0.000336123 0.00465782 0.00547469 0.0028736 0.00838556 0.0163277 0.0137655 -0.00918891 0.00577823 -0.00456722 -0.00358911 0.00015414 -0.000258218 0.00577192 -0.000611445 -0.0161116 -0.0246308 -0.0283108 -0.000127003
internal_weight=0 3222 252695 19796 232899 29720 203179 26517 176662 170505 170004 168660 26212 25247 19472 10509 4312 4084 11227 2580 7273 8963 166694 155295 11399 5491 2227 1740 723 154572
internal_count=255917 3222 252695 19796 232899 29720 203179 26517 176662 170505 170004 168660 26212 25247 19472 10509 4312 4084 11227 2580 7273 8963 166694 155295 11399 5491 2227 1740 723 154572
is_linear=0
shrinkage=0.1


Tree=145
num_leaves=31
num_cat=0
split_feature=1 75 7 123 76 66 90 105 88 0 105 1 92 4 124 137 140 64 5 21 67 17 138 30 53 92 94 94 20 137
split_gain=18.243 19.3868 23.5468 37.8648 22.6561 22.5847 38.0148 30.7273 41.7636 35.096 29.6498 29.6367 28.7568 41.6045 28.715 28.0058 22.9726 26.5245 25.0489 22.998 36.8802 34.3777 39.0858 37.1038 34.144 44.2354 59.0025 50.5704 49.6742 47.279
threshold=76775494.500000015 70671.500000000015 2.5000000000000004 196006.50000000003 16.500000000000004 145336.00000000003 1318876.7371001428 73460.500000000015 1939.5000000000002 1282127.5000000002 31892.000000000004 109210.00000000001 27881.500000000004 367918.76500000001 14.500000000000002 217818.50000000003 0.92261904761904778 0.15372551166261941 6.5000000000000009 6.5000000000000009 12.500000000000002 4.5000000000000009 10.500000000000002 5.5000000000000009 0.1882568652076754 4371.0000000000009 0.011115427003818045 1152.8469387755106 36.500000000000007 307211.00000000006
decision_type=2 2 2 2 2 2 2 2 2 2 2 2 2 2 2 2 2 2 2 2 2 2 2 2 2 2 2 2 2 2
left_child=1 5 3 -3 -4 7 14 10 9 12 16 -12 15 -14 -7 -9 19 18 -18 20 -1 22 23 -21 -24 26 -26 -28 -29 -27
right_child=-2 2 4 -5 -6 6 -8 8 -10 -11 11 -13 13 -15 -16 -17 17 -19 -20 21 -22 -23 24 -25 25 29 27 28 -30 -31
leaf_value=-7.2325669615141977e-05 -0.0054701736649287016 -0.00071162544251287543 -0.0004273406027661688 -0.016426548920428063 -0.010950892305981364 -0.001402824229729691 0.0069161003256537406 0.0061677511343376738 0.010909275700171603 -0.0019710545206896575 0.014219025617706117 -0.0060411071921677587 -0.014485267900215579 0.0013340730390050664 -0.011737962598613774 -0.016355934890391093 -0.0085992192676636586 -0.00026988348062376399 -0.0014999028458232535 0.000924794186345292 -0.030856160642291776 -0.00056625923144359481 0.0020712846796613225 -0.0021318520948041793 -4.9730136992789542e-05 -0.0061598755400222895 0.00271896705932205 -0.0021821995822668637 0.0033272168691713677 0.0003911134869542643
leaf_weight=85843 2018 335 3582 225 324 4210 571 803 701 818 114 1270 92 285 666 27 436 16355 3330 36502 152 18038 7688 2889 55298 2713 3930 2385 1716 2601
leaf_count=85843 2018 335 3582 225 324 4210 571 803 701 818 114 1270 92 285 666 27 436 16355 3330 36502 152 18038 7688 2889 55298 2713 3930 2385 1716 2601
internal_value=0 0.000140481 -0.00638992 -0.0255669 -0.00364054 0.000257405 -0.00611105 0.000399581 0.010957 0.00367451 0.000280293 -0.0143144 0.0145123 -0.00839035 -0.00896986 0.024915 0.000364499 -0.00286962 -0.0104359 0.000660618 -0.000615241 0.00148087 0.00211381 0.00467213 0.000793582 8.57747e-05 0.000821129 0.0088306 0.0010625 -0.00867772
internal_weight=0 253899 4466 560 3906 249433 5447 243986 2726 2025 241260 1384 1207 377 4876 830 239876 20121 3766 219755 85995 133760 115722 39391 76331 68643 63329 8031 4101 5314
internal_count=255917 253899 4466 560 3906 249433 5447 243986 2726 2025 241260 1384 1207 377 4876 830 239876 20121 3766 219755 85995 133760 115722 39391 76331 68643 63329 8031 4101 5314
is_linear=0
shrinkage=0.1


Tree=146
num_leaves=31
num_cat=0
split_feature=4 2 26 0 4 64 0 62 20 137 13 123 20 13 1 123 20 20 0 0 138 0 0 126 4 0 2 64 137 13
split_gain=17.9825 70.7368 55.0283 54.2332 51.5455 68.2865 86.4572 101.576 101.948 59.1255 54.4102 48.8352 52.9841 101.486 71.1747 51.493 71.8261 70.6295 63.6699 95.1287 73.3863 70.7742 55.5501 54.6517 106.116 79.5098 67.6804 65.3426 85.2301 68.347
threshold=428533.13000000006 696865.64000000001 89309.000000000015 27328691.500000004 446279.27500000008 0.10120825952627867 3308950.5000000005 2456883.5000000005 13.500000000000002 509104.00000000006 2197943.0000000005 1506011.0000000002 2.5000000000000004 1538633.0000000002 1528308.5000000002 460025.00000000006 24.500000000000004 1.0000000180025095e-35 882887.00000000012 1713562.0000000002 28.500000000000004 1460420.5000000002 340532.50000000006 0.22649572649572652 234194.79500000001 882887.00000000012 104058.61500000001 0.074839016242037162 197818.00000000003 165481.00000000003
decision_type=2 2 2 2 2 2 2 2 2 2 2 2 2 2 2 2 2 2 2 2 2 2 2 2 2 2 2 2 2 2
left_child=1 3 -3 11 -2 -6 7 8 9 10 -7 15 13 14 -13 16 17 -1 -17 21 -21 -20 -18 27 25 26 -25 28 -19 -29
right_child=4 2 -4 -5 5 6 -8 -9 -10 -11 -12 12 -14 -15 -16 18 22 23 19 20 -22 -23 -24 24 -26 -27 -28 29 -30 -31
leaf_value=0.0058052654940093486 0.0017955480950514514 -0.0017429614907978315 0.0023952164932709813 -0.023911333447885853 -0.00062546238280797002 0.0057820760068193998 0.00010947718593137258 0.0088783258216665138 0.0001159231294957881 0.0011813548256012344 -0.0098031932969893931 0.0019771940400590011 -0.00062670890034550715 0.0010035058962976158 -0.0066109505158293757 0.0024503295844356511 0.0044171682921508209 0.00032159032723382279 0.00011294429147756444 0.0012234573686164263 -0.0087539332247200986 -0.0012453971386628061 0.00026776006113413689 -4.480475660795236e-06 0.0070469714455815751 0.0020930783615794777 -0.0058366778930604383 0.00033083313019289699 0.0081609715078154732 -0.0008889920253224437
leaf_weight=1092 3072 5349 824 806 25359 3879 65711 896 11476 2279 240 101 7566 2473 298 3658 6554 33087 7748 7871 232 2841 11877 1333 908 530 3870 15431 943 27613
leaf_count=1092 3072 5349 824 806 25359 3879 65711 896 11476 2279 240 101 7566 2473 298 3658 6554 33087 7748 7871 232 2841 11877 1333 908 530 3870 15431 943 27613
internal_value=0 -0.000672916 -0.011144 -0.000200525 0.0010153 0.000657984 0.00202406 0.00800966 0.00636261 0.0164773 0.0236279 -4.7277e-05 -0.00661963 0.00494429 -0.0418546 0.000498971 -0.000443177 -0.00167282 0.00485089 0.00248975 0.0106449 -0.00375081 0.00521482 -0.00200242 -0.0107068 -0.0157375 -0.0194961 -0.00125242 0.00202227 -0.00384134
internal_weight=0 143005 6173 136832 112912 109840 84481 18770 17874 6398 4119 136026 10438 2872 399 125588 103238 84807 22350 18692 8103 10589 18431 83715 6641 5733 5203 77074 34030 43044
internal_count=255917 143005 6173 136832 112912 109840 84481 18770 17874 6398 4119 136026 10438 2872 399 125588 103238 84807 22350 18692 8103 10589 18431 83715 6641 5733 5203 77074 34030 43044
is_linear=0
shrinkage=0.1


Tree=147
num_leaves=31
num_cat=0
split_feature=123 0 4 94 4 137 2 142 13 63 105 138 21 0 1 0 52 20 93 134 124 0 13 5 136 4 20 62 4 63
split_gain=18.4242 53.9774 50.5682 84.7699 41.6305 45.7648 27.114 26.3484 29.3427 72.7139 32.8427 28.4251 28.6946 28.6678 34.4354 46.3458 39.9447 35.5732 33.9958 33.76 43.7903 31.4247 42.5773 26.0845 40.821 32.0775 37.4402 35.0892 34.6076 34.0029
threshold=4945445.5000000009 5657443.5000000009 1480555.3500000003 638.26190476190493 616442.51500000025 79.500000000000014 851220.22000000009 0.65833333333333344 4989435.0000000009 1.9999989541302445 2069849.5000000002 24.500000000000004 11.500000000000002 6867184.0000000009 1745813.5000000002 1953375.5000000002 0.077989818355630278 9.5000000000000018 2115.5000000000005 482004.50000000006 8.5000000000000018 2806928.0000000005 2794117.0000000005 10.500000000000002 3.5000000000000004 439070.7900000001 20.500000000000004 1526331.5000000002 224078.58000000002 7877.6155872361351
decision_type=2 2 2 2 2 2 2 2 2 2 2 2 2 2 2 2 2 2 2 2 2 2 2 2 2 2 2 2 2 2
left_child=7 4 3 -3 5 6 -2 8 10 -10 11 12 -1 14 15 19 17 -16 -19 -13 -21 -18 -23 24 -14 27 29 -25 -29 -27
right_child=1 2 -4 -5 -6 -7 -8 -9 9 -11 -12 13 23 -15 16 -17 21 18 -20 20 -22 22 -24 25 -26 26 -28 28 -30 -31
leaf_value=4.3854553990356238e-05 -0.0080180458222830816 0.0051250855206473565 0.00060260987272786615 -0.0013362303909876029 0.0021904609875446424 -0.0040295742396680963 0.00057854837959604168 -0.0013024626799811978 -0.015099745661326304 -0.00041823821692974498 0.0079346288227393653 -0.001206705893541571 0.0014073109915963889 -0.0065599205297278479 -0.012733478528487018 -0.005865337050702718 0.0038016058437895443 0.0051584035570787284 -0.038534001951408006 -0.0082415301775429859 0.010035881999040994 -0.0059569818911118901 0.0018494986539810744 0.00020618108256070198 0.012680617663399436 0.0041607665902622954 0.00014369192199286673 -0.0029126274136563532 -0.00066323322249911727 -0.00084055971114216366
leaf_weight=183097 48 1526 4707 697 125 225 123 5958 2854 13319 168 7802 1445 3946 96 438 936 1467 152 147 300 1641 1532 7607 565 5402 6653 252 1313 1376
leaf_count=183097 48 1526 4707 697 125 225 123 5958 2854 13319 168 7802 1445 3946 96 438 936 1467 152 147 300 1641 1532 7607 565 5402 6653 252 1313 1376
internal_value=0 0.00500418 0.00733791 0.019768 -0.0260376 -0.0419192 -0.00292398 -4.24701e-05 0.00011894 -0.00399603 0.00041298 0.000380149 0.000714335 -0.00338069 -0.00132552 -0.0053142 0.00462394 0.017443 0.02095 -0.00363111 0.0230959 -0.000726417 -0.00547616 0.00392009 0.0148369 0.0029493 0.00606241 -0.00160938 -0.0152459 0.0112933
internal_weight=0 7451 6930 2223 521 396 171 248466 242508 16173 226335 226167 207710 18457 14511 8687 5824 1715 1619 8249 447 4109 3173 24613 2010 22603 13431 9172 1565 6778
internal_count=255917 7451 6930 2223 521 396 171 248466 242508 16173 226335 226167 207710 18457 14511 8687 5824 1715 1619 8249 447 4109 3173 24613 2010 22603 13431 9172 1565 6778
is_linear=0
shrinkage=0.1


Tree=148
num_leaves=31
num_cat=0
split_feature=133 126 21 13 64 138 94 5 93 22 20 22 20 21 0 138 94 76 137 141 13 20 137 136 1 4 64 63 4 20
split_gain=17.8685 17.8941 18.1633 30.7159 33.5567 30.3341 27.9997 27.976 48.8576 46.6715 46.6095 41.3066 41.3989 35.0905 32.4906 31.1131 34.608 32.6062 30.9754 47.4923 30.8676 54.1825 30.1079 64.0553 48.6687 56.0277 58.2573 47.673 40.3828 85.1805
threshold=84.000000000000014 1.1180555555555558 8.5000000000000018 5919845.5000000009 0.0074009508642693088 24.500000000000004 1772.5000000000002 10.500000000000002 3.5000000000000004 5.5000000000000009 9.5000000000000018 5.5000000000000009 38.500000000000007 12.500000000000002 17330.000000000004 14.500000000000002 3552.4065934065939 9.5000000000000018 258065.00000000003 1.0000000180025095e-35 1025878.5000000001 24.500000000000004 92133.500000000015 1.5000000000000002 2946814.0000000005 428533.13000000006 13.111560403783848 0.93740892275709153 420616.39500000008 22.500000000000004
decision_type=2 2 2 2 2 2 2 2 2 2 2 2 2 2 2 2 2 2 2 2 2 2 2 2 2 2 2 2 2 2
left_child=1 2 3 5 -5 -1 -7 8 13 -9 18 12 -12 14 -4 22 17 -17 -10 -20 21 -18 23 24 25 -11 -27 -24 29 -25
right_child=-2 -3 7 4 -6 6 -8 9 10 15 11 -13 -14 -15 -16 16 20 -19 19 -21 -22 -23 27 28 -26 26 -28 -29 -30 -31
leaf_value=8.4172427802607297e-06 -0.0021913900912618463 -0.0075990089280580271 -0.016316531326143607 0.0009248779449524847 -0.012791334087147145 -0.0018541397302633861 -0.036070142157850163 -0.010374923787843559 0.0085221915260782263 0.00073443073316442782 -0.032773317051832777 -0.0011876670027538784 0.0046413102468451772 0.020004853834579256 0.0020194250100139532 -0.00013791690240639879 -0.020522266687466206 0.0074917306674032128 0.0072012723404913217 -0.012781846530267453 -0.00098122667168013596 -0.0027327129178802202 -0.0087527708300005457 -0.0023524521259846213 -0.00051701311071470355 0.0038508652751391573 0.014584001927939065 0.0019131480147660529 -9.3252688294489916e-06 0.0026773695178291313
leaf_weight=148715 2103 277 146 506 3615 6190 123 336 710 5802 512 3934 178 158 11086 36089 544 916 127 127 2954 1687 521 2922 4217 2115 282 13086 4979 960
leaf_count=148715 2103 277 146 506 3615 6190 123 336 710 5802 512 3934 178 158 11086 36089 544 916 127 127 2954 1687 521 2922 4217 2115 282 13086 4979 960
internal_value=0 0.000172011 0.000199764 -0.000452063 -0.00897292 -0.000225559 -0.00701478 0.00129882 0.00497494 0.000492553 -0.00268379 -0.00685381 -0.0294218 0.00873235 0.00807404 0.000654675 -0.00117227 -0.00010019 0.0173185 -0.0126512 -0.00882364 -0.017702 0.00286425 0.000514871 0.00515012 0.00964021 0.0225012 0.00653793 -0.00598002 -0.0136254
internal_weight=0 253814 253537 159149 4121 155028 6313 94388 16978 77410 5588 4624 690 11390 11232 77074 42190 37005 964 254 5185 2231 34884 21277 12416 8199 2397 13607 8861 3882
internal_count=255917 253814 253537 159149 4121 155028 6313 94388 16978 77410 5588 4624 690 11390 11232 77074 42190 37005 964 254 5185 2231 34884 21277 12416 8199 2397 13607 8861 3882
is_linear=0
shrinkage=0.1


Tree=149
num_leaves=31
num_cat=0
split_feature=127 3 4 13 134 4 2 5 137 13 64 123 0 84 148 94 124 124 138 134 137 5 92 4 0 137 20 64 123 4
split_gain=17.7112 17.9277 52.1865 48.6581 34.5142 33.0611 51.1509 47.6152 42.7149 41.9122 51.5856 41.8175 41.3919 41.8799 44.9091 39.8657 38.0655 84.8774 135.413 96.9984 89.6052 59.3756 58.4886 56.2569 49.5954 54.366 49.0679 70.4014 63.821 57.0745
threshold=2.7083333333333335 2666895.3250000007 1798857.8400000001 15876.500000000002 735.50000000000011 599168.45500000007 1021241.3400000002 1.5000000000000002 3842039.0000000005 3794289.5000000005 0.068639083259193157 4945445.5000000009 14649801.000000002 43.500000000000007 86227.000000000015 243.00235000000004 11.500000000000002 10.500000000000002 6.5000000000000009 137268.00000000003 4.5000000000000009 10.500000000000002 4416.5000000000009 350203.43000000005 2761999.0000000005 900075.00000000012 22.500000000000004 1.4178912880071384 112606.00000000001 158728.10500000001
decision_type=2 2 2 2 2 2 2 2 2 2 2 2 2 2 2 2 2 2 2 2 2 2 2 2 2 2 2 2 2 2
left_child=1 5 3 -3 -5 6 8 -8 9 12 -11 -7 13 14 16 -13 17 -1 19 -19 -20 -21 -18 -24 25 26 27 28 -22 -30
right_child=-2 2 -4 4 -6 11 7 -9 -10 10 -12 15 -14 -15 -16 -17 22 18 20 21 24 -23 23 -25 -26 -27 -28 -29 29 -31
leaf_value=2.8895444579657428e-05 0.0049637721776265636 -0.010579841691617561 -0.0002872245702926435 -0.00036909091441995195 -0.0020551613539921314 0.00043387359029593012 0.023187000109190777 -0.0031022155740169904 0.0056120089128613333 -0.0011242400620466249 0.00071385854449492706 0.0046124723142510369 -0.0053649200676996415 0.0050801679841059461 -0.010584770302402352 -0.0012089202215837425 0.00081499745315385128 -0.0044627094642943682 0.0075099507004285256 -0.015885005468828862 -0.0084195473454185214 -0.0031872513006673559 -0.0042217826666767653 0.0034483508200887081 -0.0080288358076009911 0.0021838424098515725 0.0024173186508211113 -0.004425826792358852 0.0034064025796781919 -0.0031605017045610085
leaf_weight=117034 41 291 16428 1811 655 69209 393 3598 579 986 572 2387 3202 1287 550 909 21597 2289 876 889 1398 358 2469 681 703 478 1848 607 1069 723
leaf_count=117034 41 291 16428 1811 655 69209 393 3598 579 986 572 2387 3202 1287 550 909 21597 2289 876 889 1398 358 2469 681 703 478 1848 607 1069 723
internal_value=0 0.00012325 -0.00281682 -0.0155481 -0.0109845 0.000361557 -0.000423829 -0.0116064 -0.000145233 -0.000243581 -0.0165649 0.00214005 -8.26994e-05 0.00015 -5.48117e-07 0.0131449 0.000101976 -0.000590794 -0.00889201 -0.0250926 -0.0014543 -0.0475322 0.00369283 -0.0090368 -0.00531827 -0.00243003 -0.005172 -0.0116763 -0.00573649 0.00675663
internal_weight=0 255876 19185 2757 2466 236691 164186 3991 160195 159616 1558 72505 158058 154856 153569 3296 153019 128272 11238 3536 7702 1247 24747 3150 6826 6123 5645 3797 3190 1792
internal_count=255917 255876 19185 2757 2466 236691 164186 3991 160195 159616 1558 72505 158058 154856 153569 3296 153019 128272 11238 3536 7702 1247 24747 3150 6826 6123 5645 3797 3190 1792
is_linear=0
shrinkage=0.1


Tree=150
num_leaves=31
num_cat=0
split_feature=127 99 29 22 20 18 7 134 20 134 2 2 3 137 138 20 134 126 134 124 2 123 127 3 117 18 128 4 4 20
split_gain=17.7216 17.7083 17.0613 16.8031 49.2244 109.801 63.7898 57.1371 56.4392 71.6836 75.4717 68.0242 65.4558 46.4197 41.9962 48.5664 42.2326 33.6501 42.8171 39.5923 43.6209 37.0511 46.3558 33.3273 38.9596 33.3638 32.5317 33.7552 60.6904 47.4808
threshold=2.7083333333333335 1.0000000180025095e-35 1404566.0000000002 3.5000000000000004 23.500000000000004 1.0000000180025095e-35 1.5000000000000002 5701.5000000000009 13.500000000000002 463121.50000000006 1103773.2000000002 633300.53500000015 42661.645000000011 4.5000000000000009 18.500000000000004 21.500000000000004 61732.000000000007 0.96666666666666679 5224.5000000000009 6.5000000000000009 219775.07000000004 223.50000000000003 0.84523809523809534 229582.84500000003 0.18465909090909094 1.0000000180025095e-35 0.29285714285714287 503376.815 406973.37000000005 5.5000000000000009
decision_type=2 2 2 2 2 2 2 2 2 2 2 2 2 2 2 2 2 2 2 2 2 2 2 2 2 2 2 2 2 2
left_child=1 2 3 4 8 6 -6 -7 12 11 -11 14 -1 17 15 -10 -17 21 -19 20 -20 22 23 24 -14 -25 27 28 -23 -29
right_child=-2 -3 -4 -5 5 7 -8 -9 9 10 -12 -13 13 -15 -16 16 -18 18 19 -21 -22 26 -24 25 -26 -27 -28 29 -30 -31
leaf_value=0.0053258910479458523 0.0044673949598639075 0.012871763673956156 -0.020449896959900973 7.4837770499414097e-05 0.018010395518187883 -0.0056912420411859782 -0.00041737118608829867 -0.02364344723710874 0.0046839528191600982 0.0057986565235587321 -0.0036800547541273598 -0.005687724956382173 0.0051181937058908614 -0.0089672202457671494 -0.024733499437128017 0.001576095801985089 -0.019360698761765563 -0.0083780002241251577 0.002664882967650595 -0.0047126898214076215 0.011098996173587807 -0.0006342953485738306 0.012047327210740796 -0.0030916591412490195 -0.046283198699750283 0.0045708233846134538 -0.010877755765391206 -0.0010049395054803039 0.0015806373389038427 -0.006579492392758503
leaf_weight=981 41 238 415 216442 131 636 686 484 2270 733 252 629 2703 622 162 324 178 48 185 166 267 17552 353 1619 55 336 893 3995 2174 347
leaf_count=981 41 238 415 216442 131 636 686 484 2270 733 252 629 2703 622 162 324 178 48 185 166 267 17552 353 1619 55 336 893 3995 2174 347
internal_value=0 0.000103935 7.85517e-05 0.000111494 -0.00180539 -0.0173435 0.0105328 -0.0376783 -0.000988504 0.00944118 0.0333187 0.00284018 -0.00245724 -0.00325405 0.00923781 0.0121301 -0.016017 -0.00270596 0.0195267 0.0265931 0.0419321 -0.00319909 0.00459819 0.00198026 0.00906017 -0.00800767 -0.0047816 -0.00408621 -0.00232919 -0.0120684
internal_weight=0 255876 255638 255223 38781 1937 817 1120 36844 4548 985 3563 32296 31315 2934 2772 502 30693 666 618 452 30027 5066 4713 2758 1955 24961 24068 19726 4342
internal_count=255917 255876 255638 255223 38781 1937 817 1120 36844 4548 985 3563 32296 31315 2934 2772 502 30693 666 618 452 30027 5066 4713 2758 1955 24961 24068 19726 4342
is_linear=0
shrinkage=0.1


Tree=151
num_leaves=31
num_cat=0
split_feature=126 124 2 4 13 4 20 2 136 20 20 3 17 20 1 2 20 140 64 123 4 0 4 6 123 0 74 123 136 62
split_gain=19.8299 30.506 29.6028 63.8087 49.062 45.6151 39.8047 44.5127 52.3872 39.2226 37.641 51.7794 37.5732 34.3452 37.8225 33.3574 40.5785 26.1077 29.0608 28.6719 24.9758 22.7791 24.318 22.4169 22.3308 22.2324 21.5515 21.4104 21.3117 20.7891
threshold=0.44722222222222224 13.500000000000002 1503791.7500000002 215309.44500000004 602568.50000000012 1038701.65 2.5000000000000004 955955.15000000014 1.0000000180025095e-35 1.0000000180025095e-35 2.5000000000000004 204262.44000000003 1.0000000180025095e-35 25.500000000000004 12889.500000000002 219775.07000000004 20.500000000000004 0.3172619047619048 0.086988772285694335 1767852.5000000002 712186.58000000019 5422254.5000000009 1025359.3900000001 127.08333333333336 78112.500000000015 269547.50000000006 1.0000000180025095e-35 1660.5000000000002 1.5000000000000002 414259.50000000006
decision_type=2 2 2 2 2 2 2 2 2 2 2 2 2 2 2 2 2 2 2 2 2 2 2 2 2 2 2 2 2 2
left_child=-1 2 3 4 9 -4 20 17 -9 -2 -6 -12 -13 15 -15 16 28 19 -19 23 -5 22 -3 -8 -7 -26 -10 -17 29 -11
right_child=1 21 5 6 10 24 7 8 26 13 11 12 -14 14 -16 27 -18 18 -20 -21 -22 -23 -24 -25 25 -27 -28 -29 -30 -31
leaf_value=4.9170737792446459e-05 0.012186719829991179 0.002479646445894987 -0.009610459126453131 -0.0041720754566545873 -0.011204906170287104 0.00095495035989283459 0.0054929810060466606 -0.015595706222257477 -0.0034154654015767743 -0.0042124572521887059 0.0031932270463151079 -0.0060622436187357243 0.0010792398060858644 0.042117440907673914 -0.0011320136213869292 0.0011109759100303984 0.0030282256430480994 -0.015762109829933171 0.0014512437585558248 -0.01786763636162237 0.01569482659935386 -0.0064751552920311317 0.0098032705228835674 -0.0067153817202247404 -0.0052950423390304563 -0.0051160797871717236 0.012983594591918453 -0.0063693084603919431 -0.031872494709707148 -0.0050469670122800419
leaf_weight=242319 130 886 384 27 58 655 1692 150 628 1281 454 108 209 155 567 63 183 140 511 39 114 248 324 62 90 3357 119 743 113 108
leaf_count=242319 130 886 384 27 58 655 1692 150 628 1281 454 108 209 155 567 63 183 140 511 39 114 248 324 62 90 3357 119 743 113 108
internal_value=0 -0.00362354 -0.00526498 -0.00148454 -0.00982592 -0.0117152 0.00850979 0.00631332 -0.0127394 -0.0152261 0.0119507 0.0177951 -0.0132183 -0.0174049 0.00179927 -0.0229711 -0.0149677 0.0133061 -0.00384665 0.0195339 0.0605551 0.0100439 0.0157026 0.0214195 -0.00862989 -0.0118462 -0.0019101 -0.0397029 -0.0203844 -0.0169869
internal_weight=0 13598 12140 7654 4172 4486 3482 3341 897 3343 829 771 317 3213 722 2491 1685 2444 651 1793 141 1458 1210 1754 4102 3447 747 806 1502 1389
internal_count=255917 13598 12140 7654 4172 4486 3482 3341 897 3343 829 771 317 3213 722 2491 1685 2444 651 1793 141 1458 1210 1754 4102 3447 747 806 1502 1389
is_linear=0
shrinkage=0.1


Tree=152
num_leaves=31
num_cat=0
split_feature=127 97 97 13 61 3 96 20 21 13 1 123 123 123 64 2 20 2 4 129 123 20 13 1 4 64 63 2 134 124
split_gain=17.7299 16.9575 34.4421 32.5529 25.5142 22.048 27.7871 21.7024 20.1942 27.4711 32.5346 29.2863 77.372 69.4734 50.133 76.5794 50.2761 71.0356 43.8003 43.0665 43.0165 61.2971 82.7355 59.9379 49.2037 42.1868 43.4864 41.8799 48.5544 43.1582
threshold=2.7083333333333335 8.5000000000000018 1.0000000180025095e-35 265837.00000000006 1.5000000000000002 213354.40000000005 286714.50000000006 22.500000000000004 8.5000000000000018 6357101.0000000009 10833500.000000002 3046769.0000000005 3046928.5000000005 3046037.0000000005 0.081473310714080246 1269269.1400000004 18.500000000000004 615070.21000000008 1058291.6250000002 0.095454545454545472 1506011.0000000002 2.5000000000000004 1538633.0000000002 1509666.5000000002 173195.03500000003 31328.481037702852 11.632957963329282 1476435.6800000002 2286513.5000000005 4.5000000000000009
decision_type=2 2 2 2 2 2 2 2 2 2 2 2 2 2 2 2 2 2 2 2 2 2 2 2 2 2 2 2 2 2
left_child=1 2 8 4 -3 6 -4 -7 9 11 -11 13 -13 20 16 -16 17 -14 19 -19 -1 22 23 -22 -24 26 -23 28 -26 -30
right_child=-2 3 5 -5 -6 7 -8 -9 -10 10 -12 12 14 -15 15 -17 -18 18 -20 -21 21 25 24 -25 27 -27 -28 -29 29 -31
leaf_value=-2.2512587749747849e-05 0.0040157383900982727 -0.0042334804712870992 0.011576390222792554 -0.012777661436566458 0.0079502291477988006 -0.0004231683932634173 -0.014192951294040924 0.012177510830702953 0.00023685851651463461 -0.020433571658121142 -0.00011837794332103524 0.0083506132403093451 0.00029980370478820411 -0.0061423027913329962 0.0029245962681651691 0.00064275704065872583 0.0015216503275362831 -0.002171635434576282 0.00068271287305073406 0.0029989671133821309 0.0020039133648281893 -0.0015091217795679774 0.0033469587341299124 -0.0056542454232235391 0.00036166950271043129 0.00017043676037874482 -0.0019748999906807111 -0.0045867051378875659 0.0070586689786982853 0.00097576156461107177
leaf_weight=122198 41 666 975 559 188 1574 24 362 94261 1576 1891 176 1471 381 2326 6874 920 1602 374 131 76 9183 90 334 2886 2152 1603 192 456 375
leaf_count=122198 41 666 975 559 188 1574 24 362 94261 1576 1891 176 1471 381 2326 6874 920 1602 374 131 76 9183 90 334 2886 2152 1603 192 456 375
internal_value=0 8.8466e-05 0.000149129 -0.0108362 0.00144389 0.0109193 0.0229849 0.00469326 2.34557e-05 -0.000670238 -0.00947304 -0.000471803 0.0039105 -0.000906319 0.00306401 0.0072941 -0.00558801 -0.010949 -0.0227221 -0.0294201 -0.000789888 -0.00544983 0.00473307 -0.0380488 0.00911931 -0.00891995 -0.0114706 0.0074362 0.00978867 0.031088
internal_weight=0 255876 254463 1413 854 2935 999 1936 251528 157267 3467 153800 13874 139926 13698 9200 4498 3578 2107 1733 139545 17347 4409 410 3999 12938 10786 3909 3717 831
internal_count=255917 255876 254463 1413 854 2935 999 1936 251528 157267 3467 153800 13874 139926 13698 9200 4498 3578 2107 1733 139545 17347 4409 410 3999 12938 10786 3909 3717 831
is_linear=0
shrinkage=0.1


Tree=153
num_leaves=31
num_cat=0
split_feature=88 84 64 85 66 62 148 94 75 134 137 62 26 94 0 3 0 0 0 0 3 52 66 1 26 67 94 26 4 1
split_gain=16.4905 19.1626 27.3486 32.6076 27.0602 28.7733 25.6227 26.8837 25.5326 37.5757 36.5448 46.385 32.8851 23.912 23.3985 32.379 28.4552 54.6528 35.9514 35.3785 30.1819 31.5683 27.3555 64.597 60.6641 45.509 39.2892 34.0473 32.9559 40.9547
threshold=5182537.0000000009 2066166.5000000002 0.034438097534421244 8.5000000000000018 145336.00000000003 64521.500000000007 93660.500000000015 87177.500000000015 70671.500000000015 127.50000000000001 6548.5000000000009 89924.000000000015 550917.00000000012 9566.2500000000018 48169781.000000007 1134432.2250000003 12412037.500000002 9757146.5000000019 14649801.000000002 10919821.000000002 400056.61500000005 0.023422928498477311 2.5000000000000004 12889.500000000002 50.500000000000007 10.500000000000002 240504.30000000002 3255046.0000000005 476280.85000000003 269069.50000000006
decision_type=2 2 2 2 2 2 2 2 2 2 2 2 2 2 2 2 2 2 2 2 2 2 2 2 2 2 2 2 2 2
left_child=1 4 3 13 8 6 7 -6 14 12 11 -11 -10 -3 16 -16 17 22 -18 -19 -20 -22 27 24 -24 28 -27 -1 29 -25
right_child=-2 2 -4 -5 5 -7 -8 -9 9 10 -12 -13 -14 -15 15 -17 18 19 20 -21 21 -23 23 25 -26 26 -28 -29 -30 -31
leaf_value=-1.1685419919393869e-05 -0.013827788504667994 0.0033568517064403421 0.005721213975500618 -0.0048872390094600654 0.0038087513827336655 -0.0036664851086940413 -0.0091190958268497057 -0.012925146680243855 0.0044321479282431351 0.00049074531982451486 -0.0027822882938848032 -0.016623360818357337 -0.0076471636464292905 -0.012818594979075202 -0.02260628591897822 -0.0013160885474025276 0.0063743432851817387 -0.004650549119813596 -0.0058332397410778784 -0.00063098058070458767 0.01716020905418434 0.0011391046336674871 -0.00020148836433368043 0.0055506680025477761 -0.055032726973055959 0.0018960858767108867 -0.011265841993738946 0.003814938577536676 0.0027953816855287856 -0.00046840462985846265
leaf_weight=188395 172 987 1538 966 882 3580 164 64 884 282 1137 640 319 96 843 3086 4546 3738 1219 4599 609 15544 826 2466 539 5278 259 817 2775 8667
leaf_count=188395 172 987 1538 966 882 3580 164 64 884 282 1137 640 319 96 843 3086 4546 3738 1219 4599 609 15544 826 2466 539 5278 259 817 2775 8667
internal_value=0 0.000134739 0.00739237 -0.000172627 3.14972e-05 -0.00749343 0.00657314 0.0128991 0.000174109 -0.00861459 -0.0168184 -0.0316129 0.0054267 0.0117415 0.000291505 -0.00736325 0.000416675 7.18973e-05 0.00385154 -0.00786861 0.00177974 0.00292479 0.000387102 0.00382845 -0.0172 0.0053046 0.0129719 8.61472e-06 0.00225215 -0.000178151
internal_weight=0 255745 3587 2049 252158 4690 1110 946 247468 3262 2059 922 1203 1083 244206 3929 240277 218359 21918 8337 17372 16153 210022 20810 1365 19445 5537 189212 13908 11133
internal_count=255917 255745 3587 2049 252158 4690 1110 946 247468 3262 2059 922 1203 1083 244206 3929 240277 218359 21918 8337 17372 16153 210022 20810 1365 19445 5537 189212 13908 11133
is_linear=0
shrinkage=0.1


Tree=154
num_leaves=31
num_cat=0
split_feature=148 148 4 134 146 147 137 64 146 147 92 137 105 64 0 20 128 4 105 126 64 84 128 137 13 2 71 127 29 2
split_gain=17.3862 53.2556 61.9021 45.9408 43.4081 39.6437 37.7784 33.7007 30.5093 25.5138 24.0969 23.6852 23.2478 23.0073 22.9266 26.2775 20.9289 20.2966 20.1702 19.9898 19.9319 28.1154 18.4542 23.9664 29.2364 25.6419 19.5178 18.0463 34.0712 32.4647
threshold=40.500000000000007 59205.500000000007 391575.01500000007 2286513.5000000005 84786.500000000015 25.500000000000004 809999.50000000012 194065.49709476592 32721.500000000004 11.500000000000002 1404901.1666666667 433943.50000000006 66671.000000000015 2.4946074809692416 2063560.5000000002 11.500000000000002 0.087121212121212141 2836212.5900000003 31932.500000000004 1.267857142857143 0.31463011403565871 1868992.0000000002 0.34848484848484856 885837.00000000012 1126906.0000000002 733772.41500000015 0.3888888888888889 0.27922077922077926 3.5000000000000004 398764.50500000006
decision_type=2 2 2 2 2 2 2 2 2 2 2 2 2 2 2 2 2 2 2 2 2 2 2 2 2 2 2 2 2 2
left_child=10 2 7 4 8 6 20 11 9 -4 19 12 18 -10 15 -7 -11 -8 -2 22 -3 -22 26 24 -24 -25 27 -1 29 -29
right_child=1 5 3 -5 -6 14 17 -9 13 16 -12 -13 -14 -15 -16 -17 -18 -19 -20 -21 21 -23 23 25 -26 -27 -28 28 -30 -31
leaf_value=0.00015476146544659566 0.00058654143627717681 -0.002703671438088329 0.0037913758261034457 0.0010419268991460728 0.019148614865758543 -0.0016597919663331158 0.010884612212888547 -0.016671542284180826 -0.003837404663584819 0.01522746174866698 -0.029290166207378388 0.011023117509647818 0.012419404619378717 0.014436480301712747 -0.0046723241844317089 -0.02551635429055692 -0.0061215453221172859 0.002365769125908912 -0.02095287891576323 -0.011064239425581513 -0.00087448475207383553 0.012733171519005682 -0.0030767963286332024 0.0074914873603947676 -0.010534398192583734 -0.0013815553850963257 0.011069874441098174 0.00020166256467080146 -0.0029722462475795354 -0.00036043491266067877
leaf_weight=116941 2041 2331 362 643 183 86 851 164 207 661 542 158 206 62 1636 144 40 1449 161 178 1111 373 2586 200 268 421 123 51391 3131 67267
leaf_count=116941 2041 2331 362 643 183 86 851 164 207 661 542 158 206 62 1636 144 40 1449 161 178 1111 373 2586 200 268 421 123 51391 3131 67267
internal_value=0 0.00369323 0.0119133 0.0245706 0.034076 -0.00134117 0.00255212 0.00190792 0.0278019 0.0354152 -7.84375e-05 0.0047168 0.0022558 -0.00228339 -0.0140997 -0.0436623 0.0465484 0.0126751 -0.000749493 -3.13644e-05 -0.00355084 0.00550818 -6.7578e-06 -0.00724168 -0.0111155 0.0105618 9.85009e-05 7.79822e-05 -0.00077398 -0.000502285
internal_weight=0 12869 4888 2158 1515 7981 6115 2730 1332 1063 243048 2566 2408 269 1866 230 701 2300 2202 242506 3815 1484 242328 3475 2854 621 238853 238730 121789 118658
internal_count=255917 12869 4888 2158 1515 7981 6115 2730 1332 1063 243048 2566 2408 269 1866 230 701 2300 2202 242506 3815 1484 242328 3475 2854 621 238853 238730 121789 118658
is_linear=0
shrinkage=0.1


Tree=155
num_leaves=31
num_cat=0
split_feature=127 2 4 13 0 137 22 62 63 62 92 62 148 93 63 140 92 4 94 1 52 93 65 137 123 94 66 75 123 1
split_gain=17.7287 17.4324 48.2584 32.2695 33.0751 31.8407 27.0036 37.6721 25.7184 24.0802 23.2597 33.0395 22.4865 25.9188 21.4295 20.2458 20.5109 65.5967 56.2981 51.6077 56.8398 49.7419 54.2354 43.5306 36.1048 35.222 45.3467 41.7485 39.8374 37.3713
threshold=2.7083333333333335 4374542.8200000012 1798857.8400000001 13251858.000000002 22508511.500000004 1012402.0000000001 8.5000000000000018 40.500000000000007 135014.9925612204 9363187.5000000019 321945.50000000006 2333994.5000000005 517542.50000000006 274.50000000000006 6.7270513188759642 1.5739495798319332 6262.0000000000009 226145.81000000003 7479.7979797979806 109210.00000000001 0.12619223291271073 2115.5000000000005 1.0000000180025095e-35 83051.500000000015 12741.500000000002 65914.500000000015 6.5000000000000009 2.5000000000000004 318017.50000000006 132695.00000000003
decision_type=2 2 2 2 2 2 2 2 2 2 2 2 2 2 2 2 2 2 2 2 2 2 2 2 2 2 2 2 2 2
left_child=1 3 -3 6 -5 -4 10 -8 12 14 15 -12 13 -9 -7 16 18 19 -1 24 -21 22 23 -20 -18 26 29 -27 -29 -19
right_child=-2 2 5 4 -6 9 7 8 -10 -11 11 -13 -14 -15 -16 -17 17 25 21 20 -22 -23 -24 -25 -26 27 -28 28 -30 -31
leaf_value=3.7023940908165191e-05 0.0036513765843464497 -0.0015073459905733792 0.0012240911296601542 0.012891455172438039 -0.00902970107754455 -0.01840470670934078 -0.0030410845369093667 0.011129895452680328 -0.00085678533713842155 0.00028631107382914855 -0.0069779512103120616 0.0078819380350652942 0.0029892808253723538 -0.012026093546507367 -0.00064253951532524669 -0.0031441242254731218 0.010876065755177933 0.0096408166933917849 -0.016002971922849142 0.0023704953475055441 -0.005457078379380826 0.013280209546376138 -0.0014003743711038443 -0.0013079880519904386 -0.0061168268336797343 0.0012545136830457132 0.0075218344558280331 -0.016197948655292751 0.0061285461129867037 0.0011351079077064092
leaf_weight=213381 41 1410 5594 1210 388 2198 813 1229 678 2769 1738 526 563 134 1159 1668 1153 1117 1178 846 3264 225 3129 620 511 3113 831 653 244 3534
leaf_count=213381 41 1410 5594 1210 388 2198 813 1229 678 2769 1738 526 563 134 1159 1668 1153 1117 1178 846 3264 225 3129 620 511 3113 831 653 244 3534
internal_value=0 9.0756e-05 -0.00345825 0.00028272 0.0144463 -0.00135544 0.000188863 0.00901538 0.0148823 -0.00633625 6.19959e-05 -0.0100256 0.0207787 0.0277232 -0.0120304 0.000158987 0.000237308 0.00378109 -1.02486e-05 -0.00462354 -0.0106391 -0.0103397 -0.0124395 -0.0262802 0.0102346 0.00889364 0.0141036 0.00177126 -0.017237 0.0102591
internal_weight=0 255876 13130 242746 1598 11720 241148 3417 2604 6126 237731 2264 1926 1363 3357 235467 233799 15266 218533 5774 4110 5152 4927 1798 1664 9492 5482 4010 897 4651
internal_count=255917 255876 13130 242746 1598 11720 241148 3417 2604 6126 237731 2264 1926 1363 3357 235467 233799 15266 218533 5774 4110 5152 4927 1798 1664 9492 5482 4010 897 4651
is_linear=0
shrinkage=0.1


Tree=156
num_leaves=31
num_cat=0
split_feature=4 4 4 0 94 4 92 126 137 62 0 0 0 0 4 2 124 0 1 123 90 20 137 7 20 13 3 4 123 20
split_gain=15.5548 193.842 70.1715 59.4699 50.9091 47.9567 47.5933 43.3027 39.3461 38.8478 44.2156 61.5439 118.268 81.86 41.9145 52.811 40.9951 38.3401 36.0703 39.9418 35.3932 33.9133 33.6752 40.1089 33.3659 40.4797 32.9786 32.4584 58.5903 49.2453
threshold=100084.64000000001 124762.79000000002 91160.010000000024 817102.50000000012 43444.684523809534 105981.27000000002 109157.87500000001 0.23303167420814483 227775.50000000003 318012.50000000006 278361.00000000006 485161.00000000006 625271.50000000012 426985.00000000006 49403.06500000001 165707.42500000002 8.5000000000000018 928330.00000000012 401448.50000000006 7781.0000000000009 26.332799641629119 3.5000000000000004 204322.50000000003 3.5000000000000004 10.500000000000002 24078.000000000004 73043.955000000002 398277.70000000007 2267078.5000000005 44.500000000000007
decision_type=2 2 2 2 2 2 2 2 2 2 2 2 2 2 2 2 2 2 2 2 2 2 2 2 2 2 2 2 2 2
left_child=2 3 6 4 5 -2 9 8 -7 10 14 13 -13 16 24 -16 22 -5 19 -4 -14 -10 26 -24 -1 -26 -12 28 29 -3
right_child=1 27 18 17 -6 7 -8 -9 21 -11 11 12 20 -15 15 -17 -18 -19 -20 -21 -22 -23 23 -25 25 -27 -28 -29 -30 -31
leaf_value=0.0053818093512959303 0.00804407594165415 -0.00020146005052133553 -0.0038682756656180928 -0.0014954886696769032 -0.0074172426093248034 0.0067278313224580222 -0.025656986335730145 -0.0010706680660984569 0.0025953538252644977 0.0011547027022271283 0.00011308001626981757 0.0048508932221070777 -0.00096882748412924777 -0.0085870857551844319 8.8929019354000446e-05 -0.019062884634579592 -0.0052273126802821375 0.00082506083844067222 -0.00022237910818103751 -0.013714626800578734 0.0061827909293118485 -0.005421204074043718 -0.02657882173797026 0.00068396268241706088 -0.015207509250240303 0.0046345105039996785 -0.0093610193190016185 0.00018296488681980759 -0.000687670702322473 0.0028051424151468596
leaf_weight=3701 1700 71280 756 563 140 4861 173 988 108 5551 7048 2690 7448 1643 10170 759 1991 1452 1155 1095 360 295 195 177 1335 2347 806 117992 3705 3433
leaf_count=3701 1700 71280 756 563 140 4861 173 988 108 5551 7048 2690 7448 1643 10170 759 1991 1452 1155 1095 360 295 195 177 1335 2347 806 117992 3705 3433
internal_value=0 0.000476333 -0.001499 0.013982 0.0178098 0.0188622 -0.000539639 0.0148127 0.0184182 -0.000343689 -0.00141474 -0.00439877 0.00117777 -0.0093349 0.00222859 -0.00170365 -0.00600332 -0.00138991 -0.0163055 -0.0249586 -0.00505221 -0.0116082 -0.00288697 -0.0322861 0.00804947 0.00130958 -0.0014945 -0.000218651 -0.00179554 -0.00118684
internal_weight=0 206517 49400 10107 8092 7952 46394 6252 5264 46221 40670 22358 10498 11860 18312 10929 10217 2015 3006 1851 7808 403 8226 372 7383 3682 7854 196410 78418 74713
internal_count=255917 206517 49400 10107 8092 7952 46394 6252 5264 46221 40670 22358 10498 11860 18312 10929 10217 2015 3006 1851 7808 403 8226 372 7383 3682 7854 196410 78418 74713
is_linear=0
shrinkage=0.1


Tree=157
num_leaves=31
num_cat=0
split_feature=126 124 20 1 2 4 4 4 124 20 94 2 20 13 2 2 4 134 137 49 134 4 123 1 0 3 3 2 136 138
split_gain=16.5516 27.3715 25.9015 22.6827 59.0956 40.4201 51.8875 39.7582 40.5129 30.7086 30.2435 28.2853 36.9171 26.5249 23.3186 23.8327 23.244 22.5459 20.5942 19.9981 28.1472 22.4917 19.4041 56.3374 40.8419 25.8886 19.6482 25.9905 19.3144 17.1613
threshold=0.44722222222222224 13.500000000000002 1.0000000180025095e-35 542488.00000000012 1476435.6800000002 234194.79500000001 470444.50500000006 988422.12000000023 10.500000000000002 32.500000000000007 6656.6176470588243 231459.30000000002 20.500000000000004 6305.0000000000009 1451578.7150000001 2142404.3500000001 1058291.6250000002 7547.5000000000009 2975934.0000000005 2.5000000000000004 214119.00000000003 243595.37500000003 919120.00000000012 1019770.5000000001 1050754.5000000002 1019560.3450000001 215877.93000000002 340140.13500000001 2.5000000000000004 20.500000000000004
decision_type=2 2 2 2 2 2 2 2 2 2 2 2 2 2 2 2 2 2 2 2 2 2 2 2 2 2 2 2 2 2
left_child=29 2 -2 5 22 9 -7 8 -8 11 14 12 28 -11 -9 -16 18 -13 -6 -3 21 -21 -5 -24 -25 26 -26 -28 -4 -1
right_child=1 19 3 4 16 6 7 10 -10 13 -12 17 -14 -15 15 -17 -18 -19 -20 20 -22 -23 23 24 25 -27 27 -29 -30 -31
leaf_value=9.3129835917561891e-05 0.0099911003588107235 -0.0027037204568737933 -0.004523565393356588 0.0019853852893426719 -0.010490084045314006 0.0093188377433952706 -0.01541325485942361 0.012459803764619476 0.0024711157256826453 0.041180790217157752 -0.014286923794900342 -0.001372703365523853 0.002594174068652011 -0.0013776164919214518 -0.001618128540773959 0.0014177273871136453 -0.0040058127838823896 -0.0054947595843307662 0.00083791269977285729 0.0018530854430133027 -0.0017040465727227617 0.01192907559747541 -0.014889246278521208 0.0081881535055464694 -0.010817826421827985 0.013657419448641817 0.0023750600329388132 -0.0012877661844407948 -0.033669673138700063 -0.00047899024782406107
leaf_weight=208542 147 452 1475 2847 249 562 162 51 69 134 37 294 258 320 77 221 3780 571 81 225 378 403 95 41 44 38 27 490 70 33777
leaf_count=208542 147 452 1475 2847 249 562 162 51 69 134 37 294 258 320 77 221 3780 571 81 225 378 403 95 41 44 38 27 490 70 33777
internal_value=0 -0.00331295 -0.00486777 -0.00537915 -0.00212717 -0.0111951 0.00458008 -0.0154416 -0.0482555 -0.0171524 0.00419577 -0.0212436 -0.0141118 0.00688998 0.0133098 0.00261642 -0.0103099 -0.0361091 -0.035762 0.00963325 0.0174835 0.0304609 0.00726176 -0.00722374 0.00344288 -0.0031662 -0.00857687 -0.00311727 -0.0199592 0.000272464
internal_weight=0 13598 12140 11993 7692 4301 1179 617 231 3122 386 2668 1803 454 349 298 4110 865 330 1458 1006 628 3582 735 640 599 561 517 1545 242319
internal_count=255917 13598 12140 11993 7692 4301 1179 617 231 3122 386 2668 1803 454 349 298 4110 865 330 1458 1006 628 3582 735 640 599 561 517 1545 242319
is_linear=0
shrinkage=0.1


Tree=158
num_leaves=31
num_cat=0
split_feature=92 127 3 4 13 4 3 127 123 1 123 1 4 4 92 134 5 123 137 64 64 0 2 2 7 53 21 126 84 148
split_gain=15.2384 15.1806 15.2659 45.8238 39.162 30.6013 46.2661 44.0608 53.2365 40.0942 38.4777 51.764 38.3353 91.5097 47.9018 43.3854 55.1075 72.8623 52.1396 60.0857 54.2144 49.4738 66.3236 49.2756 46.7454 46.2409 42.9811 42.2644 38.273 39.3299
threshold=1773896.0000000002 2.7083333333333335 2666895.3250000007 1798857.8400000001 27114.500000000004 599168.45500000007 498401.03000000009 0.54772727272727284 3791779.5000000005 33353315.000000004 2656444.0000000005 5643068.5000000009 367918.76500000001 324951.71000000002 109157.87500000001 6287.5000000000009 5.5000000000000009 60952.000000000007 1000030.5000000001 0.83311029004815984 0.87605838998694396 1249317.0000000002 624777.15500000014 275685.07500000007 5.5000000000000009 0.61399165462357008 6.5000000000000009 0.13809523809523813 722044.50000000012 86227.000000000015
decision_type=2 2 2 2 2 2 2 2 2 2 2 2 2 2 2 2 2 2 2 2 2 2 2 2 2 2 2 2 2 2
left_child=1 2 5 4 -4 6 9 10 -9 12 -8 -12 13 14 15 16 17 -1 24 -20 -21 22 27 -22 28 -23 -15 -18 29 -17
right_child=-2 -3 3 -5 -6 -7 7 8 -10 -11 11 -13 -14 26 -16 18 21 -19 19 20 23 25 -24 -25 -26 -27 -28 -29 -30 -31
leaf_value=8.3053992931102322e-05 -0.027437581405837897 0.0032970719473721824 -0.0087153951804735952 -0.00027576211814610562 -0.00085740298907517577 0.00054620800326401488 0.00083663437139882559 -0.0014013588875427122 -0.0049804705232747775 -0.024417800255254862 -0.0008239845591808217 0.0030346933305833157 0.00068769855195057958 -0.002624543714669221 -0.011462818749818172 -0.00012800402194459493 0.0034330346690208957 -0.028116266987005901 0.016375816646424752 -0.0042005891957780112 -0.0024270624223265008 0.0034433845296507866 -0.0089066100133353178 0.0032723584644547238 -0.045497533515731652 -0.00078598486020146289 -0.00038399868621683979 -0.00044554921810124865 0.0067447613494695776 -0.013005104803984389
leaf_weight=20907 456 41 361 16278 2368 72248 7041 8719 331 696 2707 322 15139 2630 520 81340 12656 257 173 55 137 500 201 590 59 2912 3285 2379 332 277
leaf_count=20907 456 41 361 16278 2368 72248 7041 8719 331 696 2707 322 15139 2630 520 81340 12656 257 173 55 137 500 201 590 59 2912 3285 2379 332 277
internal_value=0 0.000131647 0.00012188 -0.00260467 -0.0145966 0.000341088 -0.000413669 -0.00503746 -0.0101012 0.000195845 -0.000486622 -0.0099111 0.000311293 -0.000246526 0.000336369 0.000464646 0.00317828 -0.000314048 -0.000837565 0.0223934 0.0105956 0.0071418 0.00957928 0.0178377 -0.00110809 -0.00374254 -0.0123967 0.0103421 -0.00104403 -0.00118187
internal_weight=0 255461 255420 19007 2729 236413 164165 19120 9050 145045 10070 3029 144349 129210 123295 122775 39812 21164 82963 955 782 18648 15236 727 82008 3412 5915 15035 81949 81617
internal_count=255917 255461 255420 19007 2729 236413 164165 19120 9050 145045 10070 3029 144349 129210 123295 122775 39812 21164 82963 955 782 18648 15236 727 82008 3412 5915 15035 81949 81617
is_linear=0
shrinkage=0.1


Tree=159
num_leaves=31
num_cat=0
split_feature=140 123 4 4 4 92 1 137 1 20 94 0 1 20 62 134 20 13 137 62 4 26 94 5 123 6 0 0 2 94
split_gain=15.2885 16.9953 16.0362 167.273 60.2787 34.9498 33.0287 37.297 32.5711 38.4897 40.9114 34.5132 37.4879 32.4753 35.1894 39.4512 52.219 63.116 48.877 47.3327 40.8897 38.91 49.9452 55.3562 36.5547 34.4235 34.3399 48.2807 33.4701 34.2139
threshold=1.0208333333333335 2149476.0000000005 100084.64000000001 117376.83500000001 91160.010000000024 109157.87500000001 401448.50000000006 39311.500000000007 587941.50000000012 8.5000000000000018 27797.611036551021 511668.50000000006 440946.00000000006 1.0000000180025095e-35 253799.00000000003 67260.500000000015 2.5000000000000004 187351.50000000003 234997.50000000003 7175.5000000000009 56698.305000000008 1.5000000000000002 10.500009506064872 1.5000000000000002 9.5000000000000018 49.083333333333343 1713562.0000000002 1082792.5000000002 146954.95000000004 9295.0000000000018
decision_type=2 2 2 2 2 2 2 2 2 2 2 2 2 2 2 2 2 2 2 2 2 2 2 2 2 2 2 2 2 2
left_child=2 -2 4 8 5 13 7 -6 9 -4 11 -11 -13 -1 15 18 25 -18 20 -20 24 -22 23 -23 -15 -17 27 -16 -24 -30
right_child=1 -3 3 -5 6 -7 -8 -9 -10 10 -12 12 -14 14 26 16 17 -19 19 -21 21 22 28 -25 -26 -27 -28 -29 29 -31
leaf_value=0.0045807745428432245 -0.0029537242584993686 0.001003158677843974 0.0071679702623007602 9.6048302696940896e-06 -0.0070942229457620076 -0.02219585952373633 -0.00016128982681370421 -0.01248681799387974 0.00020092535688747933 0.005163152673617822 -0.023189417601822051 -0.0041771896734036362 0.0035389106524756908 0.00023763827380671732 0.00084823646145686387 -0.0012279182180739757 -0.0036245882241083302 0.00065997204825153373 0.0015258030203853413 -0.019501999465951127 -0.00041323554654355555 0.0062093658064298791 -0.023255453984024285 -0.019647032727178049 0.0043264212700592887 -0.0079945432873389961 0.0057831600750902568 -0.0049320470235486823 -0.026649012645329907 0.0063295533774905509
leaf_weight=641 3002 1523 2437 195224 1297 172 1152 544 1451 2733 109 188 134 11197 7908 1361 4594 5309 233 322 4997 574 410 289 4704 2004 613 322 351 122
leaf_count=641 3002 1523 2437 195224 1297 172 1152 544 1451 2733 109 188 134 11197 7908 1361 4594 5309 233 322 4997 574 410 289 4704 2004 613 322 351 122
internal_value=0 -0.00564751 0.000217213 0.000610776 -0.00140361 -0.000511202 -0.0151559 -0.0234658 0.0157412 0.0192003 0.011925 0.0140729 -0.0168927 -0.000342787 -0.000658986 -0.00203132 -0.00638054 -0.00272358 0.000456097 -0.0288628 0.0011747 -0.00535083 -0.0182018 -0.00109381 0.00394192 -0.0171428 0.00500027 0.00329956 -0.0349224 -0.016796
internal_weight=0 4525 251392 202276 49116 46123 2993 1841 7052 5601 3164 3055 322 45951 45310 36467 13268 9903 23199 555 22644 6743 1746 863 15901 3365 8843 8230 883 473
internal_count=255917 4525 251392 202276 49116 46123 2993 1841 7052 5601 3164 3055 322 45951 45310 36467 13268 9903 23199 555 22644 6743 1746 863 15901 3365 8843 8230 883 473
is_linear=0
shrinkage=0.1


Tree=160
num_leaves=31
num_cat=0
split_feature=124 134 94 137 133 1 21 76 62 2 62 62 2 65 126 7 2 117 20 134 4 4 2 53 15 138 0 6 30 20
split_gain=15.489 33.5503 56.9552 61.689 64.4358 41.3409 53.6856 88.5346 42.7148 55.9271 55.1734 53.1383 48.9681 42.3231 45.4853 41.3814 48.4989 40.6245 38.0738 36.5373 35.3407 35.3393 48.4166 45.8491 35.1301 34.7982 36.3397 34.5699 33.9603 33.4029
threshold=4.5000000000000009 824760.00000000012 10471.750000000002 2354355.0000000005 10.000000000000002 295855.50000000006 6.5000000000000009 7.5000000000000009 405004.00000000006 254801.19500000004 398369.00000000006 1507977.5000000002 313638.0400000001 3.5000000000000004 0.19375000000000003 1.5000000000000002 418655.32500000007 0.12916666666666668 2.5000000000000004 17286.500000000004 330812.06500000006 100084.64000000001 328793.66999999998 2.8833530020670275 1.0000000180025095e-35 32.500000000000007 817102.50000000012 25.916666666666671 8.5000000000000018 10.500000000000002
decision_type=2 2 2 2 2 2 2 2 2 2 2 2 2 2 2 2 2 2 2 2 2 2 2 2 2 2 2 2 2 2
left_child=1 5 3 4 -3 13 7 8 10 11 27 24 -11 14 15 16 17 -1 -16 25 -18 29 -23 -24 -10 26 -8 -7 -6 -17
right_child=-2 2 -4 -5 28 6 19 -9 9 12 -12 -13 -14 -15 18 21 20 -19 -20 -21 -22 22 23 -25 -26 -27 -28 -29 -30 -31
leaf_value=0.0015162511673413983 -9.8155796962646387e-05 0.0015845297664340398 -0.0051718485684809374 -0.0053422514856085847 0.00044789149056648745 0.0005803572107274446 0.0039905281242925998 -0.01355977098102123 -0.0024823828294227449 0.00083571367283464453 0.0031794374761846991 0.00309449128984296 -0.0020057414524862669 -0.093243405074559887 0.0032421620442924268 0.0048815236955704671 -0.014815177913204023 -0.023587456863657576 -0.0032001034240003671 -0.00041382770313060937 -0.0011790941546421429 0.0086259372924856418 0.035481432729845011 0.0005671603881818682 -0.0012880279587718314 -0.0025083812142665317 0.00037962994781773064 -0.0010751692753913744 -0.01058558054142824 -0.0010389391156931272
leaf_weight=6954 146744 11573 1488 4576 13707 4224 3481 613 833 1080 357 32 3188 335 815 4032 324 244 3610 14931 2591 2815 384 3973 520 1749 10002 6206 189 4347
leaf_count=6954 146744 11573 1488 4576 13707 4224 3481 613 833 1080 357 32 3188 335 815 4032 324 244 3610 14931 2591 2815 384 3973 520 1749 10002 6206 189 4347
internal_value=0 0.00100807 0.00375882 0.00470462 0.0066253 -0.000109125 -0.00196142 -0.006446 -0.00505465 -0.0120959 -0.00136464 -0.0295565 -0.00642979 0.00276552 0.00315907 0.00477352 -0.000205906 0.00420105 -0.00620442 0.000573983 -0.011088 0.0080117 0.0131643 0.00656006 -0.0325688 0.00401983 0.00574131 -0.00268778 0.00203506 0.00360134
internal_weight=0 109173 31533 30045 25469 77640 47216 17053 16440 5653 10787 1385 4268 30424 30089 25664 10113 7198 4425 30163 2915 15551 7172 4357 1353 15232 13483 10430 13896 8379
internal_count=255917 109173 31533 30045 25469 77640 47216 17053 16440 5653 10787 1385 4268 30424 30089 25664 10113 7198 4425 30163 2915 15551 7172 4357 1353 15232 13483 10430 13896 8379
is_linear=0
shrinkage=0.1


Tree=161
num_leaves=31
num_cat=0
split_feature=97 97 13 76 61 3 96 20 21 5 22 20 64 21 138 0 4 0 137 0 137 123 136 134 123 136 13 62 20 127
split_gain=15.1236 27.464 25.635 23.7269 22.3634 18.7332 35.1883 17.9429 17.7399 31.5697 38.1397 34.8496 57.4843 40.875 29.8699 26.6161 31.9045 47.6437 40.7293 76.1863 69.2311 66.6767 52.8175 64.3473 43.5714 38.7473 59.9766 47.2325 42.7553 38.9234
threshold=8.5000000000000018 1.0000000180025095e-35 265837.00000000006 9.5000000000000018 1.5000000000000002 242579.66 294184.00000000006 3.5000000000000004 8.5000000000000018 10.500000000000002 5.5000000000000009 13.500000000000002 0.057677196946196531 10.500000000000002 37.500000000000007 368517.50000000006 398277.70000000007 3238501.5000000005 80005.000000000015 2721493.0000000005 5.5000000000000009 1004425.5000000001 2.5000000000000004 454409.00000000006 1008667.0000000001 1.5000000000000002 2659796.0000000005 2789465.5000000005 5.5000000000000009 0.13392857142857145
decision_type=2 2 2 2 2 2 2 2 2 2 2 2 2 2 2 2 2 2 2 2 2 2 2 2 2 2 2 2 2 2
left_child=1 8 4 5 -2 6 -3 -4 -1 11 -11 14 -13 -14 -10 -12 18 25 20 21 -17 -20 23 -22 -23 27 28 29 -27 -18
right_child=2 3 7 -5 -6 -7 -8 -9 9 10 15 12 13 -15 -16 16 17 -19 19 -21 22 24 -24 -25 -26 26 -28 -29 -30 -31
leaf_value=-9.2510832022069114e-05 -0.004088599327808873 0.010098722258905436 -0.00049997659478191302 -0.0135642233563271 0.0073305924676754664 0.0042480834914567179 -0.012723921445107457 -0.018379361873028018 0.0044739377108520828 -0.0090714991511102946 0.0013903649232753557 -0.0015162959745766667 0.00050457927347842275 0.0052454514751295095 -0.0052819515174969203 0.0010047963284705453 0.0071468037421284483 -0.00012145640432146277 0.00096741217802060364 -0.0015875323011212451 -0.002336780525731952 0.010876156256885566 -0.00033579998386351427 0.00023021282083670355 -0.0042941623220709001 0.01607912359953631 0.0050726381822979519 -0.010042274542224776 -0.00035626125636341045 0.0016464124851485588
leaf_weight=157267 666 1002 167 230 188 1674 29 392 2827 349 8715 3199 6526 4072 312 1965 1208 39867 4985 2388 3363 204 5177 1054 38 264 806 111 5698 1174
leaf_count=157267 666 1002 167 230 188 1674 29 392 2827 349 8715 3199 6526 4072 312 1965 1208 39867 4985 2388 3363 204 5177 1054 38 264 806 111 5698 1174
internal_value=0 0.000153778 -0.0102205 0.00977121 0.00067688 0.012393 0.022997 -0.0268688 4.15732e-05 0.00112601 0.000269951 0.00503663 0.00287293 0.00641924 0.0145468 0.000419413 -0.00024463 0.00110558 -0.00370416 0.00197419 -0.00744503 0.00873493 -0.0109475 -0.0189802 0.0599958 0.00756682 0.00364107 0.0182245 0.000179825 0.0211958
internal_weight=0 254504 1413 2935 854 2705 1031 559 251569 94302 77366 16936 13797 10598 3139 77017 68302 49128 19174 7615 11559 5227 9594 4417 242 9261 6768 2493 5962 2382
internal_count=255917 254504 1413 2935 854 2705 1031 559 251569 94302 77366 16936 13797 10598 3139 77017 68302 49128 19174 7615 11559 5227 9594 4417 242 9261 6768 2493 5962 2382
is_linear=0
shrinkage=0.1


Tree=162
num_leaves=31
num_cat=0
split_feature=114 118 86 1 20 117 2 92 3 5 17 129 22 123 2 20 3 3 3 2 2 20 1 4 2 127 5 17 13 13
split_gain=15.8197 31.1812 25.7638 23.8912 26.7064 22.8134 20.3673 19.9113 19.5158 18.1728 17.047 22.7607 62.9565 63.3969 39.1792 60.506 63.6478 37.7541 57.57 44.8865 37.4583 36.9084 41.3087 33.7256 32.4926 30.8891 31.7563 29.4645 29.3868 26.4467
threshold=86925.500000000015 0.5590277777777779 741070.50000000012 2470309.5000000005 10.500000000000002 0.087121212121212141 104058.61500000001 84746.000000000015 1275461.2400000002 7.5000000000000009 2.5000000000000004 0.080128205128205135 3.5000000000000004 3019105.0000000005 337009.34000000008 4.5000000000000009 523766.42000000004 633095.67500000016 474866.0450000001 1451578.7150000001 429864.12500000006 1.5000000000000002 28162.000000000004 293943.93500000006 3576176.3300000005 0.58114035087719318 8.5000000000000018 3.5000000000000004 955102.50000000012 698.50000000000011
decision_type=2 2 2 2 2 2 2 2 2 2 2 2 2 2 2 2 2 2 2 2 2 2 2 2 2 2 2 2 2 2
left_child=1 10 6 4 -2 9 -3 -8 -5 -6 -1 12 13 14 29 17 20 18 21 28 -17 22 23 -16 25 -13 -27 -22 -19 -12
right_child=3 2 -4 8 5 -7 7 -9 -10 -11 11 24 -14 -15 15 16 -18 19 -20 -21 27 -23 -24 -25 -26 26 -28 -29 -30 -31
leaf_value=0.0001190693783637124 -0.0058962451877548451 -0.0060905470460261403 -0.012734615181752363 0.0045391849293375834 0.013582472451549844 -0.015212950012014104 0.010255522634092861 -0.0050013829810262311 -0.0023270914108228127 -8.7098598360091373e-05 0.0020333607764474906 -2.5212685587439056e-05 -8.2060415134277794e-05 -0.0043886602167423124 -0.0040009627213742471 -0.0029715504531643263 -0.00168749378589428 -0.0051766200200715345 0.0056575307470189632 0.0026206947156064715 -0.0056139724730445307 0.0024542317759992964 -0.0058610908028081015 0.0074023598494129877 -0.0047514313992976787 0.0030974220729091313 0.00026180569630417186 -0.012750046738763655 0.0031848898898629453 -0.0015911299720886283
leaf_weight=149339 1163 227 53 547 122 157 1325 69 501 800 1424 5264 78780 201 200 249 956 370 261 188 313 497 562 301 1287 3014 1973 423 31 5320
leaf_count=149339 1163 227 53 547 122 157 1325 69 501 800 1424 5264 78780 201 200 249 956 370 261 188 313 497 562 301 1287 3014 1973 423 31 5320
internal_value=0 0.000186469 0.0137892 -0.00679281 -0.012619 -0.00128796 0.0160324 0.0205557 0.0056712 0.00471228 9.5731e-05 -0.000903435 -0.00143908 -0.00842078 -0.00741245 -0.0148107 -0.0279508 -0.00422769 0.00289061 -0.0262352 -0.0457906 -0.00438218 -0.0148997 0.00597904 0.00327829 0.00515862 0.0107983 -0.0571333 -0.0451372 -0.00263935
internal_weight=0 252627 1674 3290 2242 1079 1621 1394 1048 922 250953 101614 90076 11296 11095 4351 1941 2410 1821 589 985 1560 1063 501 11538 10251 4987 736 401 6744
internal_count=255917 252627 1674 3290 2242 1079 1621 1394 1048 922 250953 101614 90076 11296 11095 4351 1941 2410 1821 589 985 1560 1063 501 11538 10251 4987 736 401 6744
is_linear=0
shrinkage=0.1


Tree=163
num_leaves=31
num_cat=0
split_feature=25 134 49 0 65 137 0 62 4 4 2 0 21 53 94 62 5 52 0 93 140 13 63 137 3 93 26 2 4 66
split_gain=15.224 17.5448 40.8683 67.2718 40.3703 38.364 56.912 51.9455 48.8312 65.2761 43.8973 42.6797 36.145 36.2951 52.6091 51.5131 43.9592 38.2628 36.7103 37.1304 36.0907 35.1261 34.0237 34.3231 33.8704 33.7757 41.8761 33.0793 33.2024 30.6153
threshold=66.000000000000014 212.50000000000003 2.5000000000000004 26011.500000000004 1.5000000000000002 3842039.0000000005 737174.50000000012 3851727.0000000005 228584.28000000006 37620.810000000005 124694.79500000001 6386650.0000000009 6.5000000000000009 3.0913774380309742 106979.00000000001 974720.50000000012 9.5000000000000018 0.00079772810963771974 1673869.5000000002 2790.5000000000005 0.24305555555555558 1409372.5000000002 3.0318257091494281 467873.00000000006 323492.68000000011 38945.000000000007 11780.000000000002 673960.02500000002 100084.64000000001 97383.500000000015
decision_type=2 2 2 2 2 2 2 2 2 2 2 2 2 2 2 2 2 2 2 2 2 2 2 2 2 2 2 2 2 2
left_child=1 2 3 4 -1 6 8 -7 9 -5 25 -9 21 14 16 -15 17 18 29 -20 -10 -8 23 -19 -4 26 -11 28 -12 -14
right_child=-2 -3 24 5 -6 7 12 11 20 10 27 -13 13 15 -16 -17 -18 22 19 -21 -22 -23 -24 -25 -26 -27 -28 -29 -30 -31
leaf_value=-0.0027360553866057932 -0.0020800327510873576 -3.60875009715822e-05 0.0033143307402858204 0.0041621136275099783 -0.016863538078817571 -0.024090522606269496 -0.0014316113558529658 0.0073894883333097241 0.0098541350756229194 -0.0010524092943829944 -0.0026268197280993281 0.0054134216089795741 -0.0046854812069692334 -0.019398521455572585 0.0070828830247006321 -0.00072950053582019128 -0.0025685648242384051 0.0064718700204365251 0.0013862910642823017 -0.013702289112706746 -0.0061957810947949835 -0.011958243916073634 0.0074341270016256124 -0.00069440036576446621 0.00023170984992930993 0.0071298253295090991 -0.027563627892202541 -0.010610656178551382 0.0053894081868276419 0.0025465800421103271
leaf_weight=2298 2550 208300 5123 6322 732 354 1751 597 1061 406 1535 2237 1248 640 675 3144 3365 315 2822 334 142 397 767 987 5755 139 673 174 833 241
leaf_count=2298 2550 208300 5123 6322 732 354 1751 597 1061 406 1535 2237 1248 640 675 3144 3365 315 2822 334 142 397 767 987 5755 139 673 174 833 241
internal_value=0 0.000160874 0.00194989 0.000251277 -0.0139734 0.00163453 0.000449925 0.0120281 0.00593488 0.00366262 -0.00677104 0.0165396 -0.00325964 -0.00147063 0.00149326 -0.0098939 -0.000316779 0.00435862 -0.000679697 0.00542663 0.024978 -0.0153679 0.0156699 0.00582742 0.00728856 -0.0223805 -0.0283574 0.00070825 0.0038005 -0.0136223
internal_weight=0 253367 45067 34189 3030 31159 27971 3188 11285 10082 3760 2834 16686 14538 10754 3784 10079 6714 4645 3156 1203 2148 2069 1302 10878 1218 1079 2542 2368 1489
internal_count=255917 253367 45067 34189 3030 31159 27971 3188 11285 10082 3760 2834 16686 14538 10754 3784 10079 6714 4645 3156 1203 2148 2069 1302 10878 1218 1079 2542 2368 1489
is_linear=0
shrinkage=0.1


Tree=164
num_leaves=31
num_cat=0
split_feature=124 123 128 20 123 123 2 4 4 137 3 48 62 3 13 4 20 0 1 7 2 93 4 0 0 4 134 92 137 63
split_gain=15.6918 26.1818 38.8311 34.7042 43.6643 42.1173 78.3965 40.6535 75.0712 36.8441 36.4107 33.3866 31.1458 30.6263 41.6751 30.2272 50.331 42.2552 41.468 33.0745 31.89 31.6056 29.5783 54.7475 52.0323 33.8658 29.4847 28.8063 28.2229 28.0545
threshold=4.5000000000000009 974718.50000000012 0.31666666666666671 20.500000000000004 1408433.5000000002 1767852.5000000002 368395.32500000007 610262.95500000019 912866.78000000014 210025.50000000003 153041.35500000004 22.000000000000004 1539222.5000000002 323492.68000000011 1583585.5000000002 402061.9150000001 3.5000000000000004 4310569.5000000009 2729483.0000000005 3.5000000000000004 586759.44500000018 96.500000000000014 599168.45500000007 3916664.5000000005 5805505.5000000009 435164.26000000007 824760.00000000012 11.000001538187034 33484.500000000007 2.7745099343474995
decision_type=2 2 2 2 2 2 2 2 2 2 2 2 2 2 2 2 2 2 2 2 2 2 2 2 2 2 2 2 2 2
left_child=1 -1 3 4 13 10 -7 9 -9 11 -6 -5 -11 14 26 16 17 20 19 -17 -8 -18 23 25 29 -20 -3 -24 -26 -25
right_child=-2 2 -4 7 5 6 15 8 -10 12 -12 -13 -14 -15 -16 18 21 -19 22 -21 -22 -23 27 24 28 -27 -28 -29 -30 -31
leaf_value=1.1897051784862339e-05 -9.9944445742061741e-05 0.00050452253922691061 -0.009980767805673918 -0.0022643695072519961 0.0027859950563216443 0.0037152731527175576 0.0028851514315447082 0.0043314070935453917 -0.0014531466948730421 -0.014593827496974576 -0.00058668051175211205 -0.00030836893278895995 0.0051222830594587834 0.0017804509340672238 0.019108595434362413 0.0017236346986093103 -0.00058362822207632607 0.0053652083128363894 -0.0012400098609932175 0.0091156436793406754 -0.0048462152160591715 0.0073867487993873691 0.0014776748181380085 -0.0023433648927550228 0.0088335860589925652 0.0018431767749281494 0.0023771319986384308 0.013482007509496574 -0.00024777585579227585 -0.00069410028656297746
leaf_weight=80570 146744 1476 140 1201 32 168 214 1726 6042 48 2591 975 285 3085 134 508 1923 90 166 205 49 41 4641 540 73 314 1344 214 137 241
leaf_count=80570 146744 1476 140 1201 32 168 214 1726 6042 48 2591 975 285 3085 134 508 1923 90 166 205 49 41 4641 540 73 314 1344 214 137 241
internal_value=0 0.000985548 0.00358465 0.00384306 0.00646797 0.00301302 0.00610321 -0.000801944 0.00277252 -0.0118687 -0.00820733 -0.0166092 0.0191084 0.0134174 0.0206949 0.00488745 -0.00501964 0.029745 0.00814852 0.0310109 0.0095057 -0.0112681 0.00557172 -0.00685082 -0.0202772 0.0208691 0.0181058 0.00933558 0.0239119 -0.0321591
internal_weight=0 109173 28603 28463 18186 12147 9524 10277 7768 2509 2623 2176 333 6039 2954 9356 2317 353 7039 713 263 1964 6326 1471 991 480 2820 4855 210 781
internal_count=255917 109173 28603 28463 18186 12147 9524 10277 7768 2509 2623 2176 333 6039 2954 9356 2317 353 7039 713 263 1964 6326 1471 991 480 2820 4855 210 781
is_linear=0
shrinkage=0.1


Tree=165
num_leaves=31
num_cat=0
split_feature=1 0 0 0 62 6 137 4 94 62 137 134 134 63 64 4 14 146 148 3 123 6 123 0 142 124 134 124 138 137
split_gain=15.1852 18.6952 56.8044 46.6861 40.4179 38.1024 36.9863 36.691 47.8669 39.1393 42.6368 38.1284 34.0509 44.2054 31.7834 30.8318 30.5579 28.7153 46.4242 29.218 27.6204 27.361 24.4957 35.9504 23.0829 22.5838 43.4303 39.5423 140.377 68.6865
threshold=76775494.500000015 12412037.500000002 7711609.5000000009 14649801.000000002 5038895.0000000009 69.916666666666686 168337.50000000003 843960.15000000002 1867.5000000000002 7107107.5000000009 5903965.5000000009 1845765.5000000002 388235.00000000006 1.959136478461837 0.34320359007586781 616442.51500000025 1.5000000000000002 1406916.5000000002 167824.00000000003 8381905.0450000009 4945445.5000000009 35.666666666666679 4410847.5000000009 10396435.500000002 0.60952380952380969 11.500000000000002 1357392.0000000002 10.500000000000002 5.5000000000000009 5.5000000000000009
decision_type=2 2 2 2 2 2 2 2 2 2 2 2 2 2 2 2 2 2 2 2 2 2 2 2 2 2 2 2 2 2
left_child=1 2 4 -3 17 -5 12 8 22 11 16 -9 13 -6 -14 -15 -11 19 -19 24 -13 -8 -4 -24 25 27 -27 -1 -29 -30
right_child=-2 3 7 5 6 -7 21 9 -10 10 -12 20 14 15 -16 -17 -18 18 -20 -21 -22 -23 23 -25 -26 26 -28 28 29 -31
leaf_value=1.8314683902642652e-05 -0.0048434902580480887 0.0057083147284507701 0.00033123632904985545 0.0024391850212694965 0.00068562838289010545 -0.0016917949904550424 -0.00027076397498426719 -0.025858023677341559 -0.0040077797903660464 0.0016334671609218089 0.017373345118142949 -0.0045533009479785669 0.0063356227407350835 -0.0034778641105973201 0.00027679283518259603 -0.0011601394879305338 -0.0024189586445877878 0.0083904512818662024 -0.0024203822428417151 0.035984741319963411 0.011158471273196269 0.0078126618689884405 0.0064367766415788777 -8.6233586381379013e-05 -0.0010800665396563508 0.00053332567602606235 -0.0013612486643102884 -0.0061409630006272102 0.0067852160832907911 -0.00033632923353725964
leaf_weight=141577 2018 5063 4748 11401 264 11777 362 3810 852 655 519 5528 132 271 499 173 1387 361 336 98 125 1238 225 241 4666 39749 4385 3995 854 8608
leaf_count=141577 2018 5063 4748 11401 264 11777 362 3810 852 655 519 5528 132 271 499 173 1387 361 336 98 125 1238 225 241 4666 39749 4385 3995 854 8608
internal_value=0 0.000137588 -0.000165975 0.00256319 0.000302411 0.000662902 0.0119461 -0.00554033 0.00080032 -0.00873914 0.00222796 -0.0117072 -0.000316723 -0.0153714 0.0165751 -0.0346392 -0.00427698 0.000135178 0.020398 6.59238e-05 -0.00649606 0.0222085 0.0043912 0.0262699 3.96782e-05 0.000202559 0.00219835 -0.00036559 -0.00554571 0.00109082
internal_weight=0 253899 225658 28241 207568 23178 2939 18090 6066 12024 2561 9463 1339 708 631 444 2042 204629 697 203932 5653 1600 5214 466 203834 199168 44134 155034 13457 9462
internal_count=255917 253899 225658 28241 207568 23178 2939 18090 6066 12024 2561 9463 1339 708 631 444 2042 204629 697 203932 5653 1600 5214 466 203834 199168 44134 155034 13457 9462
is_linear=0
shrinkage=0.1


Tree=166
num_leaves=31
num_cat=0
split_feature=84 0 148 4 9 4 148 5 137 134 94 137 7 146 64 85 64 6 94 26 1 11 87 66 113 17 67 62 123 92
split_gain=14.6272 37.2531 28.453 31.0589 26.7919 55.0912 66.9419 35.6497 41.1289 33.5969 27.1499 22.8099 28.0089 25.4403 21.2697 31.8518 25.279 23.6768 23.4264 21.1189 19.5068 19.2581 20.3451 23.3685 27.5578 22.6124 41.6898 26.114 39.4707 31.2268
threshold=722044.50000000012 3238501.5000000005 318889.50000000006 1792282.3350000002 1.5000000000000002 263487.59500000003 59205.500000000007 8.5000000000000018 497665.50000000006 2383499.0000000005 11.647063750733226 64.500000000000014 3.5000000000000004 458403.00000000006 0.034438097534421244 4.5000000000000009 1.0974030749438251 45.416666666666679 7250.3333333333348 6.5000000000000009 5802356.0000000009 1.5000000000000002 2.5000000000000004 161122.00000000003 1.0000000180025095e-35 3.5000000000000004 10.500000000000002 8832.5000000000018 19950.000000000004 68725.583333333358
decision_type=2 2 2 2 2 2 2 2 2 2 2 2 2 2 2 2 2 2 2 2 2 2 2 2 2 2 2 2 2 2
left_child=2 -2 4 -4 21 7 9 -6 11 10 19 -9 -13 -14 15 18 -16 -17 -3 -7 -11 22 23 25 -25 26 -1 28 -28 -29
right_child=1 14 3 -5 5 6 -8 8 -10 20 -12 12 13 -15 16 17 -18 -19 -20 -21 -22 -23 -24 24 -26 -27 27 29 -30 -31
leaf_value=3.2611302230223239e-05 0.0098151524380129251 0.0061883087892406598 -0.010102586137698003 -0.001235423319419243 0.0081688751759196737 0.017614700477059281 0.00071969536685649875 -0.0038655205650418595 0.01854452878165495 -0.026739362017345621 0.0064997407289208017 -0.013795668493800074 -0.010565270978113711 0.0068370380021008648 0.011517808451451041 0.0041180410396665758 0.00080957276835097848 -0.0034148229894629813 -0.010001959683218764 -0.0042850088712078375 0.0035003101626202094 0.0046777702203816334 0.0088187479386667416 -0.0030588105687966907 0.0039907026229398746 -0.00034473835174664508 0.00031590921883670631 0.0021974011874001677 -0.025252855807255972 -0.00074369521110353304
leaf_weight=175111 262 524 556 891 228 460 2409 298 77 42 596 364 182 73 1007 99 1950 1859 86 43 275 571 84 3789 200 56406 1990 4330 101 1054
leaf_count=175111 262 524 556 891 228 460 2409 298 77 42 596 364 182 73 1007 99 1950 1859 86 43 275 571 84 3789 200 56406 1990 4330 101 1054
internal_value=0 0.00505216 -3.31885e-05 -0.0140152 4.81681e-05 0.00725978 0.0131651 -0.0112246 -0.0194048 0.0304203 0.038693 -0.0252993 -0.0362423 -0.0108277 0.00330498 -0.003353 0.00908708 -0.00956924 0.0166001 0.055802 0.0017398 -0.000101223 -0.000144315 -0.000161325 -0.00775214 -3.46274e-05 0.000506016 0.00781963 -0.00166469 0.0115031
internal_weight=0 5787 250130 1447 248683 5047 3825 1222 994 1416 1099 917 619 255 5525 2568 2957 1958 610 503 317 243636 243065 242981 3989 238992 182586 7475 2091 5384
internal_count=255917 5787 250130 1447 248683 5047 3825 1222 994 1416 1099 917 619 255 5525 2568 2957 1958 610 503 317 243636 243065 242981 3989 238992 182586 7475 2091 5384
is_linear=0
shrinkage=0.1


Tree=167
num_leaves=31
num_cat=0
split_feature=148 148 63 84 4 0 148 64 2 64 134 106 147 0 5 92 1 94 2 134 92 84 5 147 128 123 19 4 92 2
split_gain=14.6606 42.4758 49.7887 32.4654 32.1871 45.9817 28.5133 26.8729 24.1856 23.5354 22.5623 22.2519 23.4803 23.789 20.1018 19.641 19.0266 18.1428 18.7508 25.409 17.7071 16.6133 16.4424 17.7992 16.429 21.036 28.031 26.3207 23.0728 20.3373
threshold=264.00000000000006 30197.500000000004 0.60295086744721649 3883563.5000000005 219618.78 2721493.0000000005 2741378.0000000005 0.0052298712570356789 978645.80000000005 0.99999973095888417 1249350.5000000002 9.5000000000000018 24.500000000000004 1412548.0000000002 10.500000000000002 466840.00000000006 4788937.5000000009 4105.1428571428578 890570.50000000012 109872.00000000001 1773896.0000000002 9868109.0000000019 17.000000000000004 19.500000000000004 0.34848484848484856 550.50000000000011 1.5000000000000002 74361.420000000013 8447.8940476190492 384222.86000000004
decision_type=2 2 2 2 2 2 2 2 2 2 2 2 2 2 2 2 2 2 2 2 2 2 2 2 2 2 2 2 2 2
left_child=20 4 11 7 9 10 21 -4 -7 -2 17 12 -3 -14 -9 -16 22 18 -6 -20 24 -5 -10 -24 -1 26 27 -26 29 -27
right_child=1 2 3 6 5 8 -8 14 16 -11 -12 -13 13 -15 15 -17 -18 -19 19 -21 -22 -23 23 -25 25 28 -28 -29 -30 -31
leaf_value=1.1274188880583402e-05 0.0046007501501148518 -0.0018659629349188655 0.0045053398006081654 0.019698723926298539 0.015666686184320221 -0.0045653455762024748 -0.023937694188629122 0.011048330710245274 0.01889827859725942 -0.0072142728621018412 -0.025958650608290241 -0.038938650307594372 -0.025927312341221521 -0.0064872234683107212 -0.00099314735015187494 0.030451418827296007 0.0026596214548249121 0.00026033080527716512 0.0015196771865244793 0.031281855685697232 -0.030010738479726309 0.010793911802839196 -0.0078625794863796308 0.015944976098902535 -0.0049873731490567069 -0.0011225604149482039 -0.0074549037869855121 0.0089084111418134548 0.01001736715533106 -0.0061392465100814815
leaf_weight=239526 1139 1510 368 277 614 295 120 172 48 426 25 77 125 243 5482 198 407 120 194 54 355 574 50 39 116 1379 236 204 153 1391
leaf_count=239526 1139 1510 368 277 614 295 120 172 48 426 25 77 125 243 5482 198 407 120 194 54 355 574 50 39 116 1379 236 204 153 1391
internal_value=0 0.00343575 -0.000116084 0.00373097 0.0129594 0.0219036 0.0207369 0.00107618 0.00461296 0.00240922 0.0363096 -0.0142666 -0.0121063 -0.0347563 -0.00057211 -0.00159201 0.0171158 0.0386979 0.0437693 0.0205626 -6.81986e-05 0.0271718 0.0493501 0.0239083 -3.55958e-05 -0.00685816 0.010971 0.0302535 -0.0102495 -0.0123376
internal_weight=0 12557 9146 7191 3411 1846 971 6220 839 1565 1007 1955 1878 368 5852 5680 544 982 862 248 243360 851 137 89 243005 3479 556 320 2923 2770
internal_count=255917 12557 9146 7191 3411 1846 971 6220 839 1565 1007 1955 1878 368 5852 5680 544 982 862 248 243360 851 137 89 243005 3479 556 320 2923 2770
is_linear=0
shrinkage=0.1


Tree=168
num_leaves=31
num_cat=0
split_feature=19 29 127 127 127 123 13 129 124 123 123 2 13 0 3 20 134 2 4 3 67 64 123 4 93 2 3 20 0 137
split_gain=14.0214 14.0664 14.7837 26.0347 45.5355 43.5243 33.3315 33.1352 30.3146 29.899 35.7984 32.7725 46.5726 29.5297 40.3403 29.4204 28.3041 35.4749 49.0055 47.2556 61.8568 44.2575 27.5755 26.1797 28.0814 25.9566 34.9587 28.2289 26.7026 41.1523
threshold=1.5000000000000002 1595227.5000000002 0.29285714285714287 0.8047619047619049 0.79285714285714304 869746.50000000012 33.500000000000007 0.080128205128205135 7.5000000000000009 908.50000000000011 68262.000000000015 2881458.0800000005 27114.500000000004 1491986.5000000002 381537.58000000002 24.500000000000004 275062.50000000006 481411.86000000004 336290.6700000001 681779.87000000011 10.500000000000002 32.73456010847147 17101.500000000004 1871388.1900000002 40.500000000000007 59178.610000000008 57872.230000000003 4.5000000000000009 4687514.0000000009 827988.00000000012
decision_type=2 2 2 2 2 2 2 2 2 2 2 2 2 2 2 2 2 2 2 2 2 2 2 2 2 2 2 2 2 2
left_child=1 2 -1 4 7 -6 15 -4 -7 16 11 13 23 14 22 -5 17 -8 -19 -20 21 -21 -11 24 -13 -12 27 -27 29 -28
right_child=-2 -3 3 6 5 8 9 -9 -10 10 25 12 -14 -15 -16 -17 -18 18 19 20 -22 -23 -24 -25 -26 26 28 -29 -30 -31
leaf_value=0.00015662770848740796 -0.001442340279843435 -0.02298141960678626 -0.00044824009203123797 0.0061686124738936131 -0.0015133790007647808 -0.0072672435111959914 0.00050398129621149047 0.00087903003828944122 -0.0020259879153012557 0.0056155830070362183 0.0029415469656454366 -0.0088202959689765263 0.0062308982044581018 -0.00025562322676423609 0.0048821766395131172 -0.013160981165370414 -0.0090190949836814662 -0.0058936551527586818 0.0045757153881349306 -0.0080922664898265047 0.0028959364628279131 0.042506240712458676 0.00045945861410738868 0.0016433990617862192 0.0068766672088732012 -0.0028527724151892198 7.8929955794320063e-05 0.0020571197106071804 -0.0011311313464118734 0.001499013038656344
leaf_weight=125448 4095 350 47258 893 3774 259 1491 11152 202 2026 1068 389 502 1909 1143 41 357 469 270 450 337 33 2822 29 40 2588 28114 460 14192 3756
leaf_count=125448 4095 350 47258 893 3774 259 1491 11152 202 2026 1068 389 502 1909 1143 41 357 469 270 450 337 33 2822 29 40 2588 28114 460 14192 3756
internal_value=0 0.000192184 0.000220066 -0.000544918 -0.00199062 -0.0120033 0.000884042 -0.00126466 -0.0410094 0.000603576 0.00112923 0.00698934 -0.0104574 0.00910946 0.0125607 0.0196353 -0.00850519 -0.00538686 -0.0159338 -0.00430399 -0.0162518 -0.0391936 0.00857627 -0.0335169 -0.039733 9.4502e-05 -0.000240902 -0.0106128 0.000445422 0.00205213
internal_weight=0 251822 251472 126024 62645 4235 63379 58410 461 62445 59038 8860 960 7900 5991 934 3407 3050 1559 1090 820 483 4848 458 429 50178 49110 3048 46062 31870
internal_count=255917 251822 251472 126024 62645 4235 63379 58410 461 62445 59038 8860 960 7900 5991 934 3407 3050 1559 1090 820 483 4848 458 429 50178 49110 3048 46062 31870
is_linear=0
shrinkage=0.1


Tree=169
num_leaves=31
num_cat=0
split_feature=134 4 2 124 124 7 123 94 20 4 21 17 134 0 53 13 62 4 13 0 1 64 3 134 20 92 1 134 0 0
split_gain=14.3836 14.8857 49.3459 34.5121 59.9005 111.598 98.4118 48.8083 47.4416 46.1245 45.9171 48.1149 40.5432 39.6743 34.8829 32.9737 98.4756 41.0279 69.7283 39.5133 49.5278 37.7844 40.1365 44.4795 38.9612 40.9427 34.4642 39.1725 49.6034 33.4324
threshold=63603133.500000007 599168.45500000007 1021241.3400000002 11.500000000000002 10.500000000000002 1.5000000000000002 34861.500000000007 11340.120689655174 34.500000000000007 57918.055000000008 8.5000000000000018 2.5000000000000004 630615.00000000012 2379456.0000000005 84.500000000000014 1162014.5000000002 22949.000000000004 859558.52000000014 4296855.0000000009 3465781.5000000005 2164335.0000000005 0.10120825952627867 1001779.7750000001 31727.500000000004 13.500000000000002 8447.8940476190492 146975.50000000003 180561.50000000003 5074910.5000000009 12412037.500000002
decision_type=2 2 2 2 2 2 2 2 2 2 2 2 2 2 2 2 2 2 2 2 2 2 2 2 2 2 2 2 2 2
left_child=1 2 3 4 -1 6 -6 -5 -9 -7 11 12 14 -12 -11 16 -3 18 19 20 -17 22 23 -18 26 -26 -23 -28 -29 -19
right_child=-2 15 -4 7 5 9 -8 8 -10 10 13 -13 -14 -15 -16 17 21 29 -20 -21 -22 24 -24 -25 25 -27 27 28 -30 -31
leaf_value=-1.5941967544852443e-05 -0.0058421692787433257 -0.00062192217802263874 -0.0021951057608445368 0.00069421047198901277 4.2506604132697139e-05 0.0027246728788915099 -0.021928606972323284 -0.0050219475911014383 0.0017846351035297704 2.1102064300736714e-05 0.0019344333668083512 -0.0066529151123270458 -0.010982730901143168 -0.0045773812214674713 -0.03649038130181774 0.00012125328787127338 -0.0091903754095204997 -0.0010185941859524928 0.0032143724070744064 -0.00038589797333177245 0.0042399391424347227 0.018198743253445282 0.0019630766797372745 0.0042022443300027473 0.0033626389239983278 -0.0052324705792759834 0.0006041396314423748 0.010020505285883833 0.0069996667660003897 0.0011187868808512304
leaf_weight=123399 1611 7779 4039 22321 371 1923 596 1844 1089 2782 2451 2095 328 784 126 3363 495 32778 2929 10087 2210 158 2121 269 4329 704 1420 997 2201 18318
leaf_count=123399 1611 7779 4039 22321 371 1923 596 1844 1089 2782 2451 2095 328 784 126 3363 495 32778 2929 10087 2210 158 2121 269 4329 704 1420 997 2201 18318
internal_value=0 0.000167489 -0.000399521 -0.000124138 -0.000759482 -0.00767653 -0.0401827 0.00326857 -0.00885925 -0.00467973 -0.00782168 -0.013525 -0.005881 0.00157697 -0.0021218 0.00119983 0.00472808 0.000163247 0.00418611 0.00153737 0.00829528 0.0101573 9.73224e-05 -0.0195553 0.0131161 0.00697675 0.0195858 0.0180145 0.0241517 -0.00130029
internal_weight=0 254306 164148 160109 134855 11456 967 25254 2933 10489 8566 5331 3236 3235 2908 90158 20473 69685 18589 15660 5573 12694 2885 764 9809 5033 4776 4618 3198 51096
internal_count=255917 254306 164148 160109 134855 11456 967 25254 2933 10489 8566 5331 3236 3235 2908 90158 20473 69685 18589 15660 5573 12694 2885 764 9809 5033 4776 4618 3198 51096
is_linear=0
shrinkage=0.1


Tree=170
num_leaves=31
num_cat=0
split_feature=0 1 0 137 62 137 64 62 63 4 7 134 0 4 3 123 48 4 94 124 0 0 4 4 137 48 4 2 62 62
split_gain=14.9276 40.0433 39.4318 41.4062 36.9567 71.8717 49.5766 34.8636 33.3922 32.8545 32.8354 32.6815 31.47 33.5178 79.5314 31.4144 32.4497 31.2552 30.3865 27.1675 25.8106 47.9799 68.648 58.6957 45.3533 47.3416 50.1567 43.6725 37.2551 35.0411
threshold=25492087.000000004 10833500.000000002 7711609.5000000009 1161785.0000000002 4041271.0000000005 2609130.5000000005 0.094150663070044632 6427431.5000000009 1.9999989541302445 367918.76500000001 4.5000000000000009 109872.00000000001 5422254.5000000009 712186.58000000019 849030.14500000014 2267078.5000000005 56.000000000000007 774598.47000000009 3440.2424242424245 9.5000000000000018 3389786.0000000005 3774205.0000000005 435164.26000000007 343291.75000000006 827988.00000000012 28.000000000000004 281836.28500000009 7323194.3650000012 2066708.5000000002 3046931.0000000005
decision_type=2 2 2 2 2 2 2 2 2 2 2 2 2 2 2 2 2 2 2 2 2 2 2 2 2 2 2 2 2 2
left_child=1 2 4 18 20 6 8 -5 11 10 -10 -6 13 -8 -15 -14 -17 -2 19 -4 24 22 23 29 27 -26 -27 -1 -28 -22
right_child=17 -3 3 7 5 -7 12 -9 9 -11 -12 -13 15 14 -16 16 -18 -19 -20 -21 21 -23 -24 -25 25 26 28 -29 -30 -31
leaf_value=1.2860492237654065e-05 -0.0067205808954662778 0.0019958404929472985 0.0010221112340478399 -0.01356015673793547 0.00089089092282770312 0.0079136725158165614 -0.0034541420299893789 0.00082491607276224954 -0.0020366083434632809 -0.0019489612181887641 0.0018027259140116674 -0.0046794427853687065 -0.0082616193501512166 0.013695266612781046 0.0037360522790783946 0.00039264091855403105 0.0078340348710040919 -0.00031850473369448022 -0.0047563972514777847 -0.0018586886394650337 -0.00083885082114593503 -0.00010872776125924044 -0.00060552385353820491 -0.0049784060330756719 0.00030662593690110524 0.0027032141893889947 0.00069753817642887784 0.052672166661453648 0.010940497236131514 -0.0038173739250314102
leaf_weight=152042 2548 16136 6833 7284 550 1712 202 2502 52 784 83 167 294 208 881 3137 161 9475 790 2781 1132 30087 3167 590 8625 1184 2119 76 190 125
leaf_count=152042 2548 16136 6833 7284 550 1712 202 2502 52 784 83 167 294 208 881 3137 161 9475 790 2781 1132 30087 3167 590 8625 1184 2119 76 190 125
internal_value=0 0.000273192 -6.78632e-05 -0.00428676 0.000342506 0.00690901 0.00212035 -0.00895617 -0.0129457 -0.0255649 0.02 0.00322872 0.00716807 0.020559 0.0274986 0.00235525 0.00514744 -0.00333623 0.00010529 0.00165447 7.13626e-05 -0.00239002 -0.0114467 -0.0267686 0.000597416 0.00648511 0.0163068 0.000128392 0.00772597 -0.0145554
internal_weight=0 243894 227758 20190 207568 8231 6519 9786 1636 919 135 717 4883 1291 1089 3592 3298 12023 10404 9614 199337 35101 5014 1847 164236 12118 3493 152118 2309 1257
internal_count=255917 243894 227758 20190 207568 8231 6519 9786 1636 919 135 717 4883 1291 1089 3592 3298 12023 10404 9614 199337 35101 5014 1847 164236 12118 3493 152118 2309 1257
is_linear=0
shrinkage=0.1


Tree=171
num_leaves=31
num_cat=0
split_feature=97 94 138 126 4 4 137 2 134 20 64 2 4 140 21 137 20 127 134 62 137 123 20 20 20 0 1 123 13 2
split_gain=14.4563 19.7319 13.8865 37.5826 36.7285 79.4739 65.6041 67.9146 66.4159 51.9368 39.256 43.8618 41.2714 39.0169 45.2951 37.5158 36.1326 35.1056 33.9231 31.9347 32.2946 29.3615 47.5768 30.7175 31.8166 34.539 28.5369 27.4625 26.9635 50.1211
threshold=12.500000000000002 23977.593750000004 8.5000000000000018 0.093073593073593086 234194.79500000001 324951.71000000002 134170.50000000003 228291.51000000004 9620.0000000000018 3.5000000000000004 0.15372551166261941 1086305.5800000001 1087477.9100000001 0.3172619047619048 5.5000000000000009 268.50000000000006 1.5000000000000002 0.54195804195804198 126696.50000000001 492983.00000000006 6.5000000000000009 549912.00000000012 2.5000000000000004 1.0000000180025095e-35 22.500000000000004 233354.50000000003 484509.50000000006 112606.00000000001 1661.5000000000002 429864.12500000006
decision_type=2 2 2 2 2 2 2 2 2 2 2 2 2 2 2 2 2 2 2 2 2 2 2 2 2 2 2 2 2 2
left_child=2 -2 3 28 6 13 7 15 16 -7 12 26 -11 17 -15 21 -9 -6 -8 -10 -21 23 -23 -5 25 -25 -12 -18 29 -1
right_child=1 -3 -4 4 5 9 18 8 19 10 11 -13 -14 14 -16 -17 27 -19 -20 20 -22 22 -24 24 -26 -27 -28 -29 -30 -31
leaf_value=0.00068574636947773551 -0.0024978731737755134 -0.034107710386391009 -0.00012598542193242379 0.0085771676989432333 0.0080190958549869254 0.0021466485836331788 0.00040183161645074452 -0.017200114098847807 -0.010329201651387739 -0.0056789074926642293 0.02041178611130947 -0.0028341472598238274 8.931330427377774e-05 -0.045130046899179155 0.0029528085491176493 -0.0083986333768756426 0.0015604243005844067 -0.0057723688532928669 0.0028971347369386082 0.0042084685632923901 -0.0026058987379248728 -0.018288838237267891 0.00533641908593252 -0.00089062514692885843 0.0038565142517887896 -0.0036712742696971114 0.0033544853549326136 -0.0050167006486134258 0.00026401215027145982 -0.0015957469790486394
leaf_weight=5837 498 83 120289 292 1130 1392 711 103 1259 2167 106 2457 1220 60 97 414 945 160 364 89 124 39 138 2847 357 954 942 230 105901 4712
leaf_count=5837 498 83 120289 292 1130 1392 711 103 1259 2167 106 2457 1220 60 97 414 945 160 364 89 124 39 138 2847 357 954 942 230 105901 4712
internal_value=0 -0.0156604 0.000131505 0.000827507 -0.00334694 0.000895003 -0.00800275 -0.011198 -0.0238389 -0.002882 -0.00644048 0.000978495 -0.0141179 0.0225182 -0.0245511 -0.0043021 -0.00716036 0.0282468 0.0151549 -0.0383193 -0.00250961 -0.00172162 0.0382206 -0.00331034 -0.00551206 -0.0081929 0.0181071 -0.00218203 0.00149416 -0.00332712
internal_weight=0 581 255336 135047 18597 9731 8866 7791 2750 8284 6892 3505 3387 1447 157 5041 1278 1290 1075 1472 213 4627 177 4450 4158 3801 1048 1175 116450 10549
internal_count=255917 581 255336 135047 18597 9731 8866 7791 2750 8284 6892 3505 3387 1447 157 5041 1278 1290 1075 1472 213 4627 177 4450 4158 3801 1048 1175 116450 10549
is_linear=0
shrinkage=0.1


Tree=172
num_leaves=31
num_cat=0
split_feature=0 0 3 0 4 0 2 20 4 0 13 62 1 0 0 62 6 20 20 148 138 3 123 4 20 0 134 137 3 136
split_gain=14.452 88.0334 61.3862 51.7718 49.146 84.9166 77.4956 76.4095 68.8547 58.9415 48.1407 53.0489 47.975 46.0297 73.5286 79.5415 53.2345 44.7657 56.9713 49.4226 48.2937 45.0936 44.969 67.7864 43.6044 41.8733 41.7812 41.55 45.4088 40.5098
threshold=1412548.0000000002 1753903.5000000002 97106.665000000023 2669445.0000000005 435164.26000000007 3815675.5000000005 696865.64000000001 1.5000000000000002 439070.7900000001 3999934.5000000005 413882.50000000006 435535.00000000006 1160920.0000000002 3541225.0000000005 3052666.5000000005 2105914.5000000005 52.083333333333336 24.500000000000004 20.500000000000004 12169.000000000002 36.500000000000007 235715.00500000003 17101.500000000004 754299.93000000005 8.5000000000000018 3238501.5000000005 304531.50000000006 45.500000000000007 28584.385000000006 1.0000000180025095e-35
decision_type=2 2 2 2 2 2 2 2 2 2 2 2 2 2 2 2 2 2 2 2 2 2 2 2 2 2 2 2 2 2
left_child=10 2 -2 -3 5 6 13 -7 -6 -9 11 17 -4 14 16 24 -5 18 20 -19 22 -21 -1 27 -16 -17 -8 29 -29 -24
right_child=1 3 12 4 8 7 26 9 -10 -11 -12 -13 -14 -15 15 25 -18 19 -20 21 -22 -23 23 -25 -26 -27 -28 28 -30 -31
leaf_value=0.00061637361724741001 -0.008090584546572922 0.00059060584993318461 -0.0021309621289153239 -0.0017687697792978031 0.0021632401896052689 0.0047748271466601933 -0.0018652866719319633 0.0021690327199585819 4.7732511886211529e-05 -0.00022618455006973909 0.00053468530866015442 -0.0036255679655227691 -0.00038255614921231166 -0.0011823271407570316 -0.0033362583863267349 0.0055581390445899465 -0.00020459433680376283 0.0012900303351026988 -0.0038001855866826501 -0.025255120522866603 -0.026815917617776776 0.0014708090853198658 -0.00071943604240924945 0.0035103450396993976 0.001582129565565157 0.00086343413493341508 -0.0072757812940713379 0.0098109022786005539 -0.0018492931156310012 0.0016665569403992648
leaf_weight=33441 539 18987 2266 2018 698 232 1167 721 82583 10877 30350 962 9261 2118 598 426 2404 15058 4025 273 317 216 13240 1428 955 593 216 366 15678 3904
leaf_count=33441 539 18987 2266 2018 698 232 1167 721 82583 10877 30350 962 9261 2118 598 426 2404 15058 4025 273 317 216 13240 1428 955 593 216 366 15678 3904
internal_value=0 -0.000587503 -0.00874336 0.000202337 -0.000662001 -0.00482856 -0.0113765 0.00098042 0.00045492 -0.000156249 0.000918934 -0.00025494 -0.00720099 -0.00802871 -0.00411749 0.00932684 -0.0119372 5.33911e-07 -0.00104496 0.00486918 -0.00036435 -0.0264182 -0.000182968 -0.00270948 -0.00491817 0.0310368 -0.0334333 -0.0036274 -0.00728499 -0.000204495
internal_weight=0 136659 12066 124593 105606 22325 10495 11830 83281 11598 119258 88908 11527 9112 6994 2572 4422 87946 72399 15547 68374 489 68057 34616 1553 1019 1383 33188 16044 17144
internal_count=255917 136659 12066 124593 105606 22325 10495 11830 83281 11598 119258 88908 11527 9112 6994 2572 4422 87946 72399 15547 68374 489 68057 34616 1553 1019 1383 33188 16044 17144
is_linear=0
shrinkage=0.1


Tree=173
num_leaves=31
num_cat=0
split_feature=148 148 3 4 134 146 94 49 147 137 4 148 0 66 4 64 1 75 2 1 134 76 89 141 122 4 142 66 124 123
split_gain=13.8158 38.0022 35.4456 34.7739 40.2806 28.0735 26.8394 26.259 25.3826 30.614 23.5981 23.3497 22.7971 22.5891 21.8987 20.5438 19.2576 19.2183 18.6949 17.2433 25.4136 19.5984 17.3578 17.1445 25.5965 18.6732 18.1223 15.8334 15.5665 29.5448
threshold=264.00000000000006 83412.000000000015 232420.45500000002 231337.55500000002 2286513.5000000005 865359.50000000012 4105.1428571428578 2.5000000000000004 28.500000000000004 762032.50000000012 2836212.5900000003 29222.000000000004 783755.50000000012 620096.50000000012 1234649.1400000004 0.99999973095888417 5533437.5000000009 4033.5000000000005 2485677.8350000004 874036.00000000012 227879.00000000003 7.5000000000000009 0.61569813096654402 1.3273809523809526 1.0000000180025095e-35 100084.64000000001 0.22649572649572652 23.500000000000004 4.5000000000000009 974718.50000000012
decision_type=2 2 2 2 2 2 2 2 2 2 2 2 2 2 2 2 2 2 2 2 2 2 2 2 2 2 2 2 2 2
left_child=28 3 7 5 6 11 13 -3 9 19 -11 15 -8 17 -14 23 -6 -5 -15 22 21 -21 -4 25 -25 -2 -27 -13 29 -1
right_child=1 2 8 4 16 -7 12 -9 -10 10 -12 27 14 18 -16 -17 -18 -19 -20 20 -22 -23 -24 24 -26 26 -28 -29 -30 -31
leaf_value=-3.4649460880209484e-05 -0.002057553905036813 0.0047273548689669327 0.022213633272836743 0.011449311270103393 -0.019458200449025326 0.0067766306425665612 0.0086459493972504495 -0.02213203244859592 -0.0076351837808857244 0.0096449190229555906 0.0015628676184750835 -0.017091216721104398 -0.0075916095273994011 -0.010300604069392663 0.0082811269222755942 -0.0069598535547129251 0.0012789564562381451 8.550476514751612e-05 0.0043748241287561457 -0.012092717237674388 -0.00064091273918514971 -0.00086495657002840236 0.001288119868137493 0.011357146541636651 -0.015178542126123906 0.013767266344288043 -0.0082484299907968246 -0.0015287659484274014 -0.00012563715986838367 0.00045663135741667843
leaf_weight=76937 396 57 69 1404 73 228 137 212 989 981 1741 218 166 124 58 411 845 179 54 350 2562 177 273 43 84 542 27 157 138528 27895
leaf_count=76937 396 57 69 1404 73 228 137 212 989 981 1741 218 166 124 58 411 845 179 54 350 2562 177 273 43 84 542 27 157 138528 27895
internal_value=0 0.00333612 -0.00124802 0.00993795 0.01678 6.15411e-05 0.0243511 -0.036883 9.41504e-05 0.00248423 0.0104035 -0.00396135 -0.000488254 0.0294431 -0.020141 0.00160831 -0.000721019 0.0332409 -0.00433229 -0.00379853 -0.0061574 -0.0261564 0.0175071 0.00878081 -0.0257584 0.0133264 0.0249312 -0.0262845 -6.53829e-05 0.000853993
internal_weight=0 12557 7411 5146 3040 2106 2122 269 7142 6153 2722 1878 361 1761 224 1503 918 1583 178 3431 3089 527 342 1092 127 965 569 375 243360 104832
internal_count=255917 12557 7411 5146 3040 2106 2122 269 7142 6153 2722 1878 361 1761 224 1503 918 1583 178 3431 3089 527 342 1092 127 965 569 375 243360 104832
is_linear=0
shrinkage=0.1


Tree=174
num_leaves=31
num_cat=0
split_feature=4 13 4 4 4 94 62 0 93 20 7 4 29 138 4 137 2 127 62 65 0 3 0 13 20 0 137 141 0 64
split_gain=13.6784 20.7512 16.4565 149.127 49.7277 40.6172 33.744 53.9987 42.1681 48.6139 39.9386 34.2431 32.9627 33.6051 31.5523 32.138 32.0188 31.2325 28.8251 27.769 30.4989 39.2879 41.8728 38.1981 34.9219 31.2012 26.9587 26.2786 25.6143 28.282
threshold=8695.345000000003 35738.000000000007 100084.64000000001 117376.83500000001 94218.125000000015 55045.913636363643 253799.00000000003 250897.50000000003 97013.500000000015 3.5000000000000004 1.5000000000000002 76119.525000000009 2320.0000000000005 24.500000000000004 103084.49500000001 304010.00000000006 135325.98500000004 0.13392857142857145 333245.50000000006 2.5000000000000004 1953375.5000000002 91340.465000000011 1000111.0000000001 519668.00000000006 12.500000000000002 918209.50000000012 180184.50000000003 0.65227272727272745 1753903.5000000002 0.48235853530180001
decision_type=2 2 2 2 2 2 2 2 2 2 2 2 2 2 2 2 2 2 2 2 2 2 2 2 2 2 2 2 2 2
left_child=1 -1 4 5 6 14 7 11 9 10 -9 -2 13 -11 -4 -16 -17 -12 -18 20 21 22 23 25 27 -8 -15 -23 29 -6
right_child=2 -3 3 -5 28 -7 19 8 -10 12 17 -13 -14 26 15 16 18 -19 -20 -21 -22 24 -24 -25 -26 -27 -28 -29 -30 -31
leaf_value=-0.0010293627974244934 0.0015655986113918498 0.0048362058963724586 0.0074669635440023814 -2.0802273800937294e-05 -0.0047582833297042937 -0.0096987345086591691 0.00085858284257820392 -0.0008789766863585458 0.0021954275678504427 -0.00011628269408803238 -0.0034470462309529773 -0.0043372460175170602 -0.019183567021050452 -0.0019718045219969892 0.0034605915080503629 0.0046930532570860998 -0.0027569416488208692 -0.0081481295817176225 0.00017740402313928577 0.0096219112084834253 0.0055522680774140595 -0.0015426501437684893 -0.0092238347588622736 0.0036176537088718043 0.00028205495576418162 -0.0041009560507352166 -0.011493170150390974 -0.015691326928234616 0.0059151504145580312 -0.0058690807317595796
leaf_weight=1214 13695 1848 998 199425 1101 158 6625 1441 1168 10109 1533 2586 306 2253 5318 74 272 1517 272 253 601 319 114 289 646 116 464 285 142 775
leaf_count=1214 13695 1848 998 199425 1101 158 6625 1441 1168 10109 1533 2586 306 2253 5318 74 272 1517 272 253 601 319 114 289 646 116 464 285 142 775
internal_value=0 0.00671869 -5.32255e-06 0.000376819 -0.00170843 0.0146265 -0.00100941 -0.00242632 -0.00607871 -0.00729826 -0.0162794 0.00178915 -0.00422679 -0.00345293 0.0157689 0.013003 -0.00858156 -0.0227614 -0.0169766 0.00436406 0.00344506 0.00188697 0.0047487 0.00572362 -0.0144684 0.00419736 -0.0133263 -0.0317543 -0.0170606 -0.0201602
internal_weight=0 3062 252855 206517 46338 7092 44320 35072 18791 17623 4491 16281 13132 12826 6934 5936 618 3050 544 9248 8995 8394 7144 7030 1250 6741 2717 604 2018 1876
internal_count=255917 3062 252855 206517 46338 7092 44320 35072 18791 17623 4491 16281 13132 12826 6934 5936 618 3050 544 9248 8995 8394 7144 7030 1250 6741 2717 604 2018 1876
is_linear=0
shrinkage=0.1


Tree=175
num_leaves=31
num_cat=0
split_feature=99 21 138 137 2 3 20 2 3 3 75 70 123 22 29 4 48 1 2 0 62 134 0 20 1 2 129 127 4 2
split_gain=13.6669 13.8703 41.7373 48.8673 39.9813 44.1658 37.2097 34.9868 55.4684 33.6573 31.2527 29.8013 50.0071 45.0074 42.6813 38.3563 37.2111 41.0558 42.4641 81.2889 40.8088 35.1503 56.1829 42.4434 51.7404 40.5568 33.2053 35.2613 33.0609 45.4616
threshold=1.0000000180025095e-35 6.5000000000000009 4.5000000000000009 624125.00000000012 291382.16500000004 258733.12500000003 37.500000000000007 991192.97499999998 633095.67500000016 42661.645000000011 5.5000000000000009 0.5634920634920636 19950.000000000004 3.5000000000000004 66609.000000000015 44500.605000000003 22.000000000000004 309358.50000000006 333263.07000000001 2569806.5000000005 1507977.5000000002 824760.00000000012 1514643.5000000002 29.500000000000004 602081.50000000012 254801.19500000004 0.080128205128205135 0.60555555555555574 243595.37500000003 605399.24000000011
decision_type=2 2 2 2 2 2 2 2 2 2 2 2 2 2 2 2 2 2 2 2 2 2 2 2 2 2 2 2 2 2
left_child=1 2 6 7 -5 -6 11 9 -9 -4 -8 13 -13 15 16 -1 17 -15 19 20 21 22 23 -19 -25 -24 -17 -28 -20 -30
right_child=-2 -3 3 4 5 -7 10 8 -10 -11 -12 12 -14 14 -16 26 -18 18 28 -21 -22 -23 25 24 -26 -27 27 -29 29 -31
leaf_value=0.0036775310769121107 0.0098754247301483626 0.00011562346853047912 0.0008880607542475883 -0.0057240213757942075 0.0061658349393618117 -0.0086791176891867564 -0.0038036555719042145 0.0064026049692988253 0.00038648648912582574 -0.0010462453700363472 -0.024153437565462253 0.00043229794954698704 -0.0031632998103090504 0.0017558936063127419 -0.0093997121763895533 -0.00044362323800536539 0.0010735721481134807 -0.00048873851204289664 0.001437760369633163 -0.0024977683256423014 0.0015376772518743056 0.0018996399310079904 -0.0033214437025760896 -0.0016704697963162653 0.0067640391228762087 -0.0013349567016240106 0.00015566244779044984 0.0051044779300518876 -0.0020654748509715522 0.00086564786350639984
leaf_weight=1205 238 164751 3582 281 221 1529 1639 313 2834 13417 161 1558 1195 4693 361 31229 12675 3210 663 362 159 271 232 130 170 448 3026 1169 911 3284
leaf_count=1205 238 164751 3582 281 221 1529 1639 313 2834 13417 161 1558 1195 4693 361 31229 12675 3210 663 362 159 271 232 130 170 448 3026 1169 911 3284
internal_value=0 3.26906e-05 -0.000958735 -0.00473099 -0.0195152 -0.013893 0.000258082 -0.00324054 0.00644494 -0.0050336 -0.0139302 0.00063954 -0.00954864 0.00107644 0.00412843 -0.00122066 0.00458165 0.00112796 -0.00254265 -0.00902959 -0.00545401 -0.00722835 -0.00948584 -0.00438906 0.0315812 -0.0357942 -0.00181749 0.006536 0.00410988 0.000830288
internal_weight=0 255679 90928 22177 2031 1750 68751 20146 3147 16999 1800 66951 2753 64198 27569 36629 27208 14533 9840 4982 4620 4461 4190 3510 300 680 35424 4195 4858 4195
internal_count=255917 255679 90928 22177 2031 1750 68751 20146 3147 16999 1800 66951 2753 64198 27569 36629 27208 14533 9840 4982 4620 4461 4190 3510 300 680 35424 4195 4858 4195
is_linear=0
shrinkage=0.1


Tree=176
num_leaves=31
num_cat=0
split_feature=88 105 89 22 148 64 93 4 134 66 20 64 62 22 3 90 66 17 92 1 53 20 1 4 1 126 63 138 137 137
split_gain=13.6632 18.65 24.5227 13.6893 24.0559 27.8907 20.6819 17.1278 16.9658 15.032 30.8619 26.0643 21.3103 21.0031 20.5441 23.5504 18.6759 34.3999 40.3568 23.8841 36.5607 26.687 38.8694 24.1487 25.8269 23.2601 20.8763 20.7942 24.0651 32.1124
threshold=4832981.0000000009 2069849.5000000002 2.7607046938049113 8.5000000000000018 161977.00000000003 0.034438097534421244 1422.5000000000002 367918.76500000001 1467973.5000000002 145336.00000000003 14.500000000000002 1.6119845263869812 85615.500000000015 4.5000000000000009 201859.73500000002 0.33399857822201323 2.5000000000000004 1.5000000000000002 7140.5000000000009 10313.000000000002 2.9999970238454616 12.500000000000002 227834.50000000003 764827.66500000015 3876813.5000000005 0.069047619047619066 9046.0192307692323 8.5000000000000018 1087111.5000000002 1133350.0000000002
decision_type=2 2 2 2 2 2 2 2 2 2 2 2 2 2 2 2 2 2 2 2 2 2 2 2 2 2 2 2 2 2
left_child=1 3 -3 9 6 -6 7 -5 -7 16 11 -11 -13 -12 -14 -16 -1 18 -18 20 -19 22 25 27 -25 -21 -23 28 -24 -30
right_child=-2 2 -4 4 5 8 -8 -9 -10 10 13 12 14 -15 15 -17 17 19 -20 21 -22 26 23 24 -26 -27 -28 -29 29 -31
leaf_value=-3.5203993180510376e-05 -0.0052637892427126465 0.0054853090371784763 -0.00092704301969777087 0.0012110525855078659 -0.0099329130691625748 -0.0010297208142048488 -0.0082111282463573059 0.0071275952871634757 0.0089771522922659774 0.00094566567061272675 -0.014540252225637533 0.01688403822054926 -0.0099545482645878782 -0.0066984071419312931 0.0035163583532435115 -0.0058226045873917666 0.00089982609253501855 -0.06593493745309624 0.010128598126366108 0.0070450760867096568 0.00064457369078165796 0.0011110888324170135 -0.0012390545746348569 0.0098167369869947268 -0.00022723398490238634 -0.0032456806077766132 -0.003633352281394356 -0.0046409118138110005 0.0083286203813888356 -0.0008501944312829465
leaf_weight=222728 303 245 126 452 632 1372 152 1012 899 2403 115 25 89 1742 286 482 4824 497 376 1518 676 7661 4561 204 503 178 398 925 209 324
leaf_count=222728 303 245 126 452 632 1372 152 1012 899 2403 115 25 89 1742 286 482 4824 497 376 1518 676 7661 4561 204 503 178 398 925 209 324
internal_value=0 7.47618e-05 0.0224793 4.21963e-05 0.00549713 5.35283e-05 0.0152761 0.0189213 0.00522431 -5.61224e-05 -0.00540722 0.000417615 -0.0142851 -0.0157113 -0.01694 -0.0116693 5.59191e-05 0.0027783 0.00992684 0.000672688 -0.0131145 0.00165396 -0.00228237 -0.00569375 0.0117894 0.0112465 0.00576759 -0.00774735 -0.00524269 0.0148635
internal_weight=0 255614 371 255243 4519 2903 1616 1464 2271 250724 5142 3285 882 1857 857 768 245582 22854 5200 17654 1173 16481 8422 6726 707 1696 8059 6019 5094 533
internal_count=255917 255614 371 255243 4519 2903 1616 1464 2271 250724 5142 3285 882 1857 857 768 245582 22854 5200 17654 1173 16481 8422 6726 707 1696 8059 6019 5094 533
is_linear=0
shrinkage=0.1


Tree=177
num_leaves=31
num_cat=0
split_feature=0 0 3 123 1 20 127 4 0 0 20 0 64 137 137 4 134 26 66 92 4 0 4 20 4 134 0 0 48 1
split_gain=13.884 55.2964 84.8597 47.1357 56.1278 65.6021 62.5724 58.9999 50.5843 43.9302 42.1738 41.9843 40.7021 40.4622 55.6219 48.5932 50.7492 75.0244 43.9079 65.5222 40.2403 67.2384 70.5425 65.8472 59.9162 47.6839 44.832 53.026 62.0214 54.1691
threshold=1249317.0000000002 1753903.5000000002 78411.085000000021 486954.00000000006 874036.00000000012 18.500000000000004 0.11805555555555557 215309.44500000004 928330.00000000012 1116148.0000000002 6.5000000000000009 2669445.0000000005 6759.3608334768733 789565.00000000012 1391213.0000000002 272076.34500000009 240453.50000000003 27804.000000000004 2.5000000000000004 0.00028162077094068179 435164.26000000007 3815675.5000000005 357311.61500000005 1.5000000000000002 439070.7900000001 12782270.000000002 2851293.0000000005 3465781.5000000005 28.000000000000004 1604719.5000000002
decision_type=2 2 2 2 2 2 2 2 2 2 2 2 2 2 2 2 2 2 2 2 2 2 2 2 2 2 2 2 2 2
left_child=3 2 -2 12 -5 6 9 -7 -8 -6 -11 -3 -1 18 15 16 17 -15 -4 -20 21 22 26 -23 -22 -25 -13 28 29 -28
right_child=1 11 13 4 5 7 8 -9 -10 10 -12 20 -14 14 -16 -17 -18 -19 19 -21 24 23 -24 25 -26 -27 27 -29 -30 -31
leaf_value=-6.8946183437335053e-06 -0.0068471668335391622 0.00053430177603484147 -0.00074158235496937699 0.001962339767869956 0.0042811265628674546 -0.0043722277787792696 -0.0024632057579175213 -0.001094997460246002 0.00088971710310524184 -0.0061981065879102622 0.0019360336811448159 -0.001407302641623739 0.003267623896927585 0.0065983760222795146 -0.0025869092497183238 -0.00034612449457055742 -0.0002555578945865053 -0.0037457188390202624 -0.001686232118951913 0.0042975197136199579 0.0019509570165439619 0.0041904138918042559 -0.001448814101490877 0.00018943288069661059 2.9944923092802957e-05 -0.010689299782563744 -0.0019530748092059264 -0.00081868995098009236 0.002112197588709972 0.00037253659658962907
leaf_weight=101978 724 18987 12025 5582 723 424 771 883 1960 125 230 1729 1590 637 374 1102 368 122 609 1097 698 232 3387 10405 82583 1193 449 1588 1342 2000
leaf_count=101978 724 18987 12025 5582 723 424 771 883 1960 125 230 1729 1590 637 374 1102 368 122 609 1097 698 232 3387 10405 82583 1193 449 1588 1342 2000
internal_value=0 -0.000608035 -0.00594779 0.000873591 0.00719302 -0.000373 0.00626025 -0.0197043 -0.00179233 0.0266606 -0.00214836 0.00012303 0.000220828 -0.00446285 0.00696837 0.0129562 0.0275565 0.0423324 -0.00662988 0.00838332 -0.00065533 -0.00442552 -0.0102521 0.000743541 0.000355339 -0.000311644 -0.00459274 -9.00989e-05 0.00633592 -0.00313246
internal_weight=0 141651 17058 114266 10698 5116 3809 1307 2731 1078 355 124593 103568 16334 2603 2229 1127 759 13731 1706 105606 22325 10495 11830 83281 11598 7108 5379 3791 2449
internal_count=255917 141651 17058 114266 10698 5116 3809 1307 2731 1078 355 124593 103568 16334 2603 2229 1127 759 13731 1706 105606 22325 10495 11830 83281 11598 7108 5379 3791 2449
is_linear=0
shrinkage=0.1


Tree=178
num_leaves=31
num_cat=0
split_feature=14 20 12 3 21 13 114 118 20 123 123 123 123 20 4 3 4 13 123 6 4 4 138 94 64 134 20 62 134 2
split_gain=14.0412 21.2791 21.8699 16.4245 15.9664 26.4153 23.8454 33.3505 25.8228 22.6771 67.6846 64.4379 36.5016 43.9497 84.5468 43.18 50.8062 44.3084 54.4347 40.925 38.1448 45.7847 36.482 36.1912 35.3182 47.6571 38.6022 60.6008 55.9688 53.517
threshold=3.5000000000000004 6.5000000000000009 1.5000000000000002 602962.78000000014 8.5000000000000018 5919845.5000000009 89027.500000000015 0.60769230769230786 11.500000000000002 3046769.0000000005 3046928.5000000005 3046037.0000000005 1506011.0000000002 5.5000000000000009 173195.03500000003 1077203.8650000002 215309.44500000004 1538633.0000000002 1526394.5000000002 25.916666666666671 152521.07000000004 224078.58000000002 16.500000000000004 4508.2500000000009 0.54966371095304412 3015259.5000000005 5.5000000000000009 1413440.5000000002 824760.00000000012 779363.07000000007
decision_type=2 2 2 2 2 2 2 2 2 2 2 2 2 2 2 2 2 2 2 2 2 2 2 2 2 2 2 2 2 2
left_child=4 2 3 -2 5 6 7 9 -8 11 -11 12 22 14 -14 16 17 18 -16 -18 -15 -22 24 -24 25 -1 29 28 -28 -26
right_child=1 -3 -4 -5 -6 -7 8 -9 -10 10 -12 -13 13 20 15 -17 19 -19 -20 -21 21 -23 23 -25 26 -27 27 -29 -30 -31
leaf_value=-0.0001054018682072222 -0.0098493044789636289 -0.00042143048468796737 0.0086628016429856937 -0.0032260355748888279 0.00026404034363226029 -0.0039592271069479384 -0.0058087553511787515 0.0116089870639835 0.00053745713729904667 0.0082496085745723206 0.00037624906405051722 -0.0056193442442739033 0.0033175074435548347 0.0013377650904429885 0.0016141933144848228 -0.0052896766766270089 0.0025042647708226964 -0.00024547765491743785 -0.0046758305056378655 0.00023401745794446587 -0.0027679871708150942 -0.00163187549598256 -0.00091595332007662347 -0.033560889480083754 -0.00029995871552123044 -0.011747529569429951 0.00077884434339595696 -0.0013355776465372527 0.0034768102213975556 0.0041942100013539372
leaf_weight=61944 357 12197 107 193 82866 4126 1094 686 782 167 13442 370 123 139 87 1014 813 2062 319 5416 478 6826 11235 366 20674 263 17556 2268 2362 5585
leaf_count=61944 357 12197 107 193 82866 4126 1094 686 782 167 13442 370 123 139 87 1014 813 2062 319 5416 478 6826 11235 366 20674 263 17556 2268 2362 5585
internal_value=0 -0.00314605 -0.0206768 -0.0287241 0.000245314 -0.000337601 -0.000128813 7.52631e-06 -0.011335 -9.07867e-05 0.00380615 -0.000469867 -0.00035935 -0.00466182 -0.000273959 -0.00131749 0.000959412 -0.0111831 -0.0413793 0.00577043 -0.0104592 -0.0114468 0.000248682 -0.00508641 0.000808024 -0.000768585 0.00283251 0.00590352 0.00766711 0.000237839
internal_weight=0 12854 657 550 243063 160197 156071 154195 1876 153509 13609 139900 139530 17277 9834 9711 8697 2468 406 6229 7443 7304 122253 11601 110652 62207 48445 22186 19918 26259
internal_count=255917 12854 657 550 243063 160197 156071 154195 1876 153509 13609 139900 139530 17277 9834 9711 8697 2468 406 6229 7443 7304 122253 11601 110652 62207 48445 22186 19918 26259
is_linear=0
shrinkage=0.1


Tree=179
num_leaves=31
num_cat=0
split_feature=4 1 1 138 66 13 84 148 22 7 4 93 88 67 88 4 138 138 138 92 123 124 3 134 93 48 64 20 4 123
split_gain=13.6339 20.5288 25.5937 21.8046 19.5879 14.9263 13.9959 13.4897 15.4584 19.4326 18.3549 17.9523 17.6588 17.1687 16.3023 16.2789 15.5762 37.5541 40.9067 33.3055 34.2336 29.9691 26.1121 25.6694 51.688 28.2824 41.1273 32.5581 28.2049 29.6065
threshold=10395.520000000002 28162.000000000004 728553.00000000012 36.500000000000007 69.500000000000014 33038.500000000007 145.00000000000003 2806840.5000000005 8.5000000000000018 3.5000000000000004 3148294.8400000003 1272.5000000000002 5182537.0000000009 12.500000000000002 71955.000000000015 203280.08500000002 12.500000000000002 15.500000000000002 14.500000000000002 102.03225806451614 595954.50000000012 8.5000000000000018 274857.26000000007 5402520.5000000009 11.500000000000002 46.000000000000007 6759.3608334768733 10.500000000000002 44500.605000000003 138735.00000000003
decision_type=2 2 2 2 2 2 2 2 2 2 2 2 2 2 2 2 2 2 2 2 2 2 2 2 2 2 2 2 2 2
left_child=1 4 3 5 -1 -3 -4 8 12 -10 11 13 16 14 15 -11 23 18 19 20 22 -20 -18 25 -25 28 -27 -28 29 -2
right_child=7 2 6 -5 -6 -7 -8 -9 9 10 -12 -13 -14 -15 -16 -17 17 -19 21 -21 -22 -23 -24 24 -26 26 27 -29 -30 -31
leaf_value=0.0060236581463362976 0.00075240732660568637 0.0025409765474532445 -0.0018783930357338893 -0.0034861277320090258 -0.092837488757993039 0.0084255278900609472 0.026493727904031178 -0.024227416185499309 -0.010750198643174436 -0.00034115704404469316 -0.001165432798920385 -0.0073471829114184041 -0.011750917788570027 -0.001725650785140931 0.0044249921276227509 0.010488468382268822 -0.0027636738595132378 -0.00011989697192045236 -0.010326507194537472 0.0046761791494932424 -0.0045544948662895463 -0.002175958308838555 0.0028282759225950029 0.0029188527849805749 -0.0065823177162740226 0.0003513065608929147 0.0018695281197840302 -0.0002148162473319744 -9.5042538575407242e-05 0.0032410227247400948
leaf_weight=213 5401 626 856 431 180 1714 34 213 150 139 1443 164 77 361 1696 589 1041 69493 1113 651 923 2645 1507 8954 1102 21807 1170 615 129143 1466
leaf_count=213 5401 626 856 431 180 1714 34 213 150 139 1443 164 77 361 1696 589 1041 69493 1113 651 923 2645 1507 8954 1102 21807 1170 615 129143 1466
internal_value=0 0.00583012 0.00816163 0.0129002 -0.015889 0.0167072 -0.0065917 -1.55587e-05 5.73296e-06 0.00578673 0.00699554 0.0115176 -0.000100525 0.013411 0.016441 0.0289581 -8.56007e-05 -0.00126144 -0.00780391 -0.000924382 -0.00481723 -0.0153498 0.00116 0.000450644 0.005351 0.000141888 0.00333815 0.0179317 -0.000412528 0.00583242
internal_weight=0 4054 3661 2771 393 2340 890 251863 251650 4542 4392 2949 247108 2785 2424 728 247031 77373 7880 4122 3471 3758 2548 169658 10056 159602 23592 1785 136010 6867
internal_count=255917 4054 3661 2771 393 2340 890 251863 251650 4542 4392 2949 247108 2785 2424 728 247031 77373 7880 4122 3471 3758 2548 169658 10056 159602 23592 1785 136010 6867
is_linear=0
shrinkage=0.1


Tree=180
num_leaves=31
num_cat=0
split_feature=0 4 0 0 0 0 137 6 0 137 1 2 4 62 93 123 0 63 104 124 20 4 0 13 20 123 13 106 0 140
split_gain=14.8894 34.1834 27.9478 46.8577 36.4518 29.4794 25.9001 27.9165 25.6199 26.3048 22.5507 21.1889 46.2594 35.9172 34.3858 42.5537 32.3944 53.0042 30.6288 32.3398 32.2985 29.45 26.4401 25.8941 24.381 79.8352 50.4001 42.1715 38.3687 38.3098
threshold=29641453.500000004 774598.47000000009 12412037.500000002 9439895.5000000019 10919821.000000002 14649801.000000002 1242003.5000000002 51.083333333333336 11537036.000000002 954098.50000000012 95957323.500000015 3576176.3300000005 1798857.8400000001 5710496.0000000009 37.500000000000007 9479.5000000000018 542283.00000000012 4623.977777777779 1.0000000180025095e-35 20.500000000000004 4.5000000000000009 3148294.8400000003 4310569.5000000009 3811241.5000000005 24.500000000000004 459970.00000000006 2844420.0000000005 6.0000000000000009 5074910.5000000009 0.27922077922077926
decision_type=2 2 2 2 2 2 2 2 2 2 2 2 2 2 2 2 2 2 2 2 2 2 2 2 2 2 2 2 2 2
left_child=2 -2 3 11 -5 -4 7 10 9 -6 -3 13 14 24 15 -13 -17 -18 19 20 21 -14 -23 -21 -1 27 -27 29 -28 -26
right_child=1 6 5 4 8 -7 -8 -9 -10 -11 -12 12 18 -15 -16 16 17 -19 -20 23 -22 22 -24 -25 25 26 28 -29 -30 -31
leaf_value=-2.497422254805759e-05 -0.0083795857410726704 0.0080360425587556079 0.0051812480918068454 -0.0040888784494811595 0.0054082685624422984 0.0007420685203708866 -0.008707224583565187 -0.0012605423463608379 -0.0019964852698134638 -0.0016534085363615336 -0.0018915338412799354 -0.0082507821135328202 -0.0026106129537591528 0.0035620022383228925 0.0036150813901516992 0.0060721837702940344 -0.00088103764865987255 -0.015576319586066027 0.022555982592121219 0.0014442880778889667 -0.0018673177646180374 0.051376169388474703 0.0010016479555312264 0.019769430761033803 0.0019790405167309125 -0.0016962559034895391 0.0022535530934900245 -0.014352597257049671 -0.00085095242444119257 -0.00034388238458738321
leaf_weight=166536 2048 1513 5063 5060 888 15184 1855 4102 2994 1107 494 442 104 1560 387 313 1745 84 45 1729 4432 110 118 81 19794 5928 2649 226 4348 4978
leaf_count=166536 2048 1513 5063 5060 888 15184 1855 4102 2994 1107 494 442 104 1560 387 313 1745 84 45 1729 4432 110 118 81 19794 5928 2649 226 4348 4978
internal_value=0 -0.0036941 0.000239989 -7.93445e-05 -0.00675413 0.00379905 -0.000731003 0.00241147 -0.000688633 0.0080902 0.0120758 0.000231751 -0.00436303 0.000445634 -0.0147296 -0.018893 -0.0130636 -0.0181509 0.000290105 -0.000272702 -0.00459592 0.0254881 0.0456032 0.0111062 0.0003303 0.00261867 -0.00376225 0.00591786 0.0019855 0.00631018
internal_weight=0 10012 245905 225658 10049 20247 7964 6109 4989 1995 2007 215609 9590 206019 2971 2584 2142 1829 6619 6574 4764 332 228 1810 204459 37923 12925 24998 6997 24772
internal_count=255917 10012 245905 225658 10049 20247 7964 6109 4989 1995 2007 215609 9590 206019 2971 2584 2142 1829 6619 6574 4764 332 228 1810 204459 37923 12925 24998 6997 24772
is_linear=0
shrinkage=0.1


Tree=181
num_leaves=31
num_cat=0
split_feature=134 6 123 52 48 2 123 4 4 142 2 3 4 3 61 137 134 6 134 0 5 1 6 4 140 137 64 5 62 20
split_gain=14.0268 24.3044 14.1519 33.2139 26.0756 23.2984 22.0235 43.6954 21.1835 18.7205 18.6414 18.6269 16.8415 33.7566 30.1159 42.774 18.2233 17.1214 15.8295 24.5305 29.2482 21.5554 15.7766 14.9472 14.8078 29.6627 38.019 57.2344 27.361 25.6195
threshold=46192968.000000007 52.083333333333336 4945239.5000000009 0.0070797275231922413 38.000000000000007 851220.22000000009 4043867.5000000005 610262.95500000019 616442.51500000025 0.60952380952380969 1762500.6850000003 4234505.2200000007 616442.51500000025 950524.7300000001 1.5000000000000002 204322.50000000003 4878820.5000000009 41.916666666666679 253952.50000000003 12137945.500000002 9.5000000000000018 12081506.000000002 31.583333333333336 843960.15000000002 0.3172619047619048 900.50000000000011 0.17503827160621613 8.5000000000000018 220102.50000000003 35.500000000000007
decision_type=2 2 2 2 2 2 2 2 2 2 2 2 2 2 2 2 2 2 2 2 2 2 2 2 2 2 2 2 2 2
left_child=2 -2 6 -4 5 -5 9 -8 -6 24 22 12 14 16 -7 17 -14 -16 19 20 -15 -22 -9 -12 -1 -26 27 29 -29 -27
right_child=1 -3 3 4 8 11 7 10 -10 -11 23 -13 13 18 15 -17 -18 -19 -20 -21 21 -23 -24 -25 25 26 -28 28 -30 -31
leaf_value=8.4525685895105884e-05 0.0024310734967107452 -0.0096179610599357989 0.011654400879448079 -0.0054693797278767284 -7.9956946005377744e-05 0.00078945583081883701 -0.010445078664076035 0.0022117084198231812 0.0076014197664937555 -0.00098646497188664174 -0.01060393683296983 -0.010989712579501321 0.0067723641890089954 0.0017105034260972874 -6.5092977485569015e-05 0.0033203554432803765 0.0022047087474678542 -0.0035951016404488553 -0.0020601859506041765 0.007747994918716139 -0.0013068262086703697 -0.0041689412132837724 -0.0001931967967928956 -0.0046656759323797222 0.0011419998918956286 -0.0023492352221082444 -0.00022180842006140901 -0.0060193602930670633 0.00096748734082672269 -0.012607244357761185
leaf_weight=211145 1294 1928 463 75 266 182 90 142 368 5654 33 753 233 290 82 123 266 306 2669 1733 557 126 250 2031 2599 1330 17547 646 1946 790
leaf_count=211145 1294 1928 463 75 266 182 90 142 368 5654 33 753 233 290 82 123 266 306 2669 1733 557 126 250 2031 2599 1330 17547 646 1946 790
internal_value=0 -0.00646684 0.000173163 0.00418626 0.00268446 0.00101582 3.361e-05 -0.00921844 0.0221475 0.000131086 -0.00671062 0.00158398 0.00329214 0.00503156 -0.0114516 -0.0238926 0.0299116 -0.0401824 0.00272177 0.00811134 -0.00459534 -0.0158928 0.0132805 -0.0105074 0.000267317 -0.00204126 -0.00322164 -0.0111969 -0.00122965 -0.0233833
internal_weight=0 3222 252695 8492 8029 7395 244203 2546 634 241657 2456 7320 6567 5874 693 511 499 388 5375 2706 973 683 392 2064 236003 24858 22259 4712 2592 2120
internal_count=255917 3222 252695 8492 8029 7395 244203 2546 634 241657 2456 7320 6567 5874 693 511 499 388 5375 2706 973 683 392 2064 236003 24858 22259 4712 2592 2120
is_linear=0
shrinkage=0.1


Tree=182
num_leaves=31
num_cat=0
split_feature=124 123 128 0 76 0 53 62 13 76 79 6 4 126 0 20 7 4 3 66 17 20 2 2 18 137 64 13 137 4
split_gain=13.0029 26.2293 30.0918 27.8837 49.3233 35.3351 59.3889 40.6637 33.3434 35.4958 31.0453 30.7226 41.469 29.98 47.0107 44.4173 71.0158 48.8473 34.3982 48.3036 34.2119 32.377 30.5917 30.0951 29.6345 28.0867 40.7067 35.8034 26.6916 26.3451
threshold=4.5000000000000009 974718.50000000012 0.31666666666666671 368517.50000000006 8.5000000000000018 485161.00000000006 3.0040415671861473 195218.00000000003 187351.50000000003 5.5000000000000009 0.47338935574229696 34.083333333333336 210450.535 1.0000000180025095e-35 6483.5000000000009 22.500000000000004 1.5000000000000002 221711.19000000003 304977.97000000003 52.500000000000007 1.5000000000000002 1.5000000000000002 99512.240000000005 1503791.7500000002 1.5000000000000002 4.5000000000000009 0.49700188683546048 844265.50000000012 1444376.5000000002 435164.26000000007
decision_type=2 2 2 2 2 2 2 2 2 2 2 2 2 2 2 2 2 2 2 2 2 2 2 2 2 2 2 2 2 2
left_child=1 3 -3 13 5 6 -5 11 9 -9 25 12 -7 14 18 17 20 22 19 -1 -17 -16 -15 -19 -22 26 27 -10 -13 -30
right_child=-2 2 -4 4 -6 7 -8 8 10 -11 -12 28 -14 15 21 16 -18 23 -20 -21 24 -23 -24 -25 -26 -27 -28 -29 29 -31
leaf_value=0.0016958221873070835 -8.6174330989843449e-05 0.00044283891480620765 -0.0081320411518872576 -0.0021131440888305874 -0.0036596254204510439 0.0029955478367681091 0.019005354621579235 0.0055060110269296988 0.0027975669790302193 -0.014243250855426727 0.0019337148492257655 0.00052817566170650922 6.3020007282981526e-05 0.0040707306203704441 -0.00098612627082510511 -0.023298438747041055 0.00017584229552152221 0.0088456888077733439 -0.002059891279725706 -0.082921881126522975 -0.0095452975748625667 0.0025796351807854112 -0.0029900125639673817 -0.0003031359760768919 0.017499552058384174 -0.00043960214186286031 -0.0033703678850036979 -0.0025835129524216741 -0.021843161181382287 -0.0075044381948340946
leaf_weight=3062 146744 28463 140 5734 3874 2274 115 930 388 124 1687 10225 1815 726 2870 154 700 910 2643 280 399 17126 2345 602 49 20562 408 215 54 299
leaf_count=3062 146744 28463 140 5734 3874 2274 115 930 388 124 1687 10225 1815 726 2870 154 700 910 2643 280 399 17126 2345 602 49 20562 408 215 54 299
internal_value=0 0.000913082 0.00351454 -1.04567e-05 -0.00151523 -0.000579735 -0.00782751 0.000507775 -0.00200076 0.0153957 -0.00278906 0.00466626 0.0120275 0.00228943 0.00374924 -0.00415532 -0.0204547 0.000475233 -0.00402593 0.00271595 -0.0456386 0.00607643 -0.00676881 0.0151885 -0.0316617 -0.00381069 -0.0200831 -0.00357761 0.00182071 -0.0252145
internal_weight=0 109173 28603 80570 48704 44830 5849 38981 24314 1054 23260 14667 4089 31866 25981 5885 1302 4583 5985 3342 602 19996 3071 1512 448 21573 1011 603 10578 353
internal_count=255917 109173 28603 80570 48704 44830 5849 38981 24314 1054 23260 14667 4089 31866 25981 5885 1302 4583 5985 3342 602 19996 3071 1512 448 21573 1011 603 10578 353
is_linear=0
shrinkage=0.1


Tree=183
num_leaves=31
num_cat=0
split_feature=119 133 123 6 134 84 94 0 13 1 4 137 1 94 148 92 134 0 1 146 1 148 89 7 62 137 3 1 87 147
split_gain=15.0592 12.6524 13.3968 24.5223 18.1931 12.3255 29.2769 28.135 27.6924 23.9107 30.4687 27.8437 22.7517 22.1972 21.1244 20.8537 20.3542 19.1354 18.7501 20.1596 30.9096 23.7018 26.0454 28.5392 25.9441 23.0478 19.1315 23.84 18.668 17.3014
threshold=1.0000000180025095e-35 84.000000000000014 987946.00000000012 222.25000000000003 78556.000000000015 15.500000000000002 201618.00000000003 7711609.5000000009 443301.50000000006 18051756.000000004 536587.29000000015 120840.50000000001 132695.00000000003 1498677.0000000002 318889.50000000006 144.01448701298702 14327540.000000002 10919821.000000002 76775494.500000015 394000.00000000006 18051756.000000004 164868.50000000003 2.8619503497657433 3.5000000000000004 477973.50000000006 57950.500000000007 8381905.0450000009 3075194.5000000005 2.5000000000000004 38.500000000000007
decision_type=2 2 2 2 2 2 2 2 2 2 2 2 2 2 2 2 2 2 2 2 2 2 2 2 2 2 2 2 2 2
left_child=1 5 4 -4 -3 13 8 -8 9 10 11 12 15 14 18 -7 -16 -10 19 26 21 22 -21 25 -23 -24 28 -28 29 -1
right_child=-2 2 3 -5 -6 6 7 -9 17 -11 -12 -13 -14 -15 16 -17 -18 -19 -20 20 -22 24 23 -25 -26 -27 27 -29 -30 -31
leaf_value=6.886516758606485e-06 -0.028673236415198346 3.3108426062455901e-05 0.004167279376886923 -0.0019347440200209066 -0.0069472206586525635 7.707656319372075e-05 0.053089813637369525 0.013320324011502783 -0.0023791701747160918 -0.003966689398201018 0.0086199522192195212 -0.02264102998870229 0.0048964611471969737 -0.026224065813252963 -0.0086633263149898509 -0.02755292335689279 0.0048323201483694515 0.00092579702352848516 -0.0056977700975345165 0.0085808609750169761 -0.0024127148477879781 -0.0069143500060152591 0.0010429942199230214 0.0096229015805003679 0.0028595218082601223 -0.016455488583229823 0.035347246681692535 0.0091669832210837139 0.0082402389438925201 0.012421085606999472
leaf_weight=240053 62 575 228 489 811 286 129 307 1959 459 501 44 873 469 692 65 245 3445 1379 504 701 202 255 163 236 54 57 430 79 165
leaf_count=240053 62 575 228 489 811 286 129 307 1959 459 501 44 873 469 692 65 245 3445 1379 504 701 202 255 163 236 54 57 430 79 165
internal_value=0 0.000101544 -0.00762303 0.00347392 -0.0133637 0.000165562 0.00401151 0.0292147 0.00257171 0.011953 0.0172299 0.00898049 0.0117901 3.92656e-05 8.0835e-05 -0.00971148 -0.0149053 -0.00129606 0.000138319 0.000204332 0.00992478 0.0184367 0.0271099 0.0102294 -0.000889873 -0.00762992 0.000118949 0.0199192 7.88209e-05 6.28369e-05
internal_weight=0 255855 2103 717 1386 253752 8068 436 7632 2228 1769 1268 1224 245684 245215 351 937 5404 244278 242899 2115 1414 976 472 438 309 240784 487 240297 240218
internal_count=255917 255855 2103 717 1386 253752 8068 436 7632 2228 1769 1268 1224 245684 245215 351 937 5404 244278 242899 2115 1414 976 472 438 309 240784 487 240297 240218
is_linear=0
shrinkage=0.1


Tree=184
num_leaves=31
num_cat=0
split_feature=97 94 124 61 138 13 29 123 30 134 0 64 124 124 4 127 141 137 137 3 6 48 123 4 124 124 7 0 138 67
split_gain=11.8338 21.0416 12.203 24.3037 44.4263 42.3097 23.7183 52.2185 34.2455 26.0961 56.9333 44.4062 38.3811 37.5994 82.1572 44.5992 35.1874 63.696 62.3763 56.6647 38.773 38.6885 34.0492 38.7592 33.6824 60.613 82.6377 88.9081 43.7937 35.2094
threshold=12.500000000000002 23977.593750000004 4.5000000000000009 3.5000000000000004 32.500000000000007 181690.50000000003 52092.000000000007 3955978.5000000005 8.5000000000000018 1207507.0000000002 1606491.5000000002 57.667011286857225 9.5000000000000018 7.5000000000000009 494332.5400000001 0.5590277777777779 0.32142857142857145 155000.50000000003 27.500000000000004 782474.33000000019 65.083333333333357 14.000000000000002 274704.50000000006 163299.65000000005 11.500000000000002 10.500000000000002 1.5000000000000002 36300.500000000007 6.5000000000000009 19.500000000000004
decision_type=2 2 2 2 2 2 2 2 2 2 2 2 2 2 2 2 2 2 2 2 2 2 2 2 2 2 2 2 2 2
left_child=2 -2 3 -1 5 -5 9 8 -8 13 -11 12 -12 14 15 -4 17 24 -18 21 -20 -19 -22 -24 25 28 27 -27 29 -15
right_child=1 -3 6 4 -6 -7 7 -9 -10 10 11 -13 -14 16 -16 -17 18 19 20 -21 22 -23 23 -25 -26 26 -28 -29 -30 -31
leaf_value=6.8111351651478633e-05 -0.0024622494349154089 -0.033427884608329704 0.00044758516278800011 0.0069085939272893644 -0.0026670222014340884 0.0012176810252615411 -0.0010195541444743877 0.004598781507690386 -0.01364457992936401 -0.0031266301552505976 -0.00028732779610196602 0.0005095072165988868 -0.003115523833926426 0.00028690859081887955 0.013603120646939838 -0.0051493742310250836 0.0010073246237037475 0.0010806669416380888 -0.0007774981888068566 0.00049970719105125148 -0.0010647984892914459 0.0026376397570292854 0.0017650787359221544 0.00011144309193550622 0.0006556201656674782 -0.00022561899196791302 -0.0014238875977010193 -0.019374716936215775 -0.0015163203541076254 0.003018268984177867
leaf_weight=100478 498 83 1044 1639 1370 5106 766 321 795 1026 14367 12538 8745 13108 365 2150 5974 4596 17721 6245 10830 3444 2659 18377 14492 379 3159 595 2819 228
leaf_count=100478 498 83 1044 1639 1370 5106 766 321 795 1026 14367 12538 8745 13108 365 2150 5974 4596 17721 6245 10830 3444 2659 18377 14492 379 3159 595 2819 228
internal_value=0 -0.0141863 0.000101527 0.000905155 0.00616928 0.00950389 -0.000493175 -0.0116471 -0.0192007 -0.000348265 -0.00265344 -0.00198504 -0.00458453 0.000433218 -0.00967472 -0.0148109 0.000777053 0.00272857 -0.000946301 0.00835062 -0.00210928 0.0139014 -2.40186e-05 0.00232141 0.000419459 -0.00221069 -0.0130172 -0.0384826 0.000553971 0.00294777
internal_weight=0 581 255336 108593 8115 6745 146743 1882 1561 144861 36676 35650 23112 108185 3559 3194 104626 49065 55561 14285 49587 8040 31866 21036 34780 20288 4133 974 16155 13336
internal_count=255917 581 255336 108593 8115 6745 146743 1882 1561 144861 36676 35650 23112 108185 3559 3194 104626 49065 55561 14285 49587 8040 31866 21036 34780 20288 4133 974 16155 13336
is_linear=0
shrinkage=0.1


Tree=185
num_leaves=31
num_cat=0
split_feature=138 134 137 3 2 7 75 3 137 29 134 64 20 1 48 62 134 64 6 20 18 7 62 4 3 62 134 4 123 93
split_gain=12.867 20.3869 30.5918 41.1223 29.8223 46.9583 44.2476 42.4675 42.1611 40.9863 40.6341 35.7577 41.7483 66.7957 31.1887 75.659 64.4512 61.4887 50.3128 45.7304 58.0129 50.0129 43.9973 51.1442 42.5418 55.9463 39.9356 40.3718 39.892 39.5088
threshold=20.500000000000004 212.50000000000003 3061093.0000000005 889686.19500000018 978645.80000000005 5.5000000000000009 467768.50000000006 650608.15500000014 2509592.5000000005 92079.500000000015 64409.000000000007 0.391968391968392 17.500000000000004 132695.00000000003 22.000000000000004 324867.00000000006 3015259.5000000005 0.99649300169938781 37.916666666666679 7.5000000000000009 1.0000000180025095e-35 3.5000000000000004 318012.50000000006 263487.59500000003 213354.40000000005 634097.00000000012 327537.00000000006 156087.40000000002 3794712.0000000005 5.5000000000000009
decision_type=2 2 2 2 2 2 2 2 2 2 2 2 2 2 2 2 2 2 2 2 2 2 2 2 2 2 2 2 2 2
left_child=1 -1 4 -4 5 6 8 10 9 14 -6 -9 13 -13 15 28 17 29 -18 20 21 22 -16 -24 25 -19 27 -21 -3 -17
right_child=-2 2 3 -5 7 -7 -8 11 -10 -11 -12 12 -14 -15 19 16 18 24 -20 26 -22 -23 23 -25 -26 -27 -28 -29 -30 -31
leaf_value=0.00049288607399291292 -0.00042926375991700247 0.00020054274440627353 0.0068045608597341323 -0.0080126148931899625 -0.0011282541434507313 -0.040701937621597122 -0.013616300393672905 -0.00045957162117664022 0.0031780312660469705 -0.0070618613179034284 0.0051887816944209859 0.019802908667660685 -4.9198455164356508e-05 0.0018451440584780878 -0.00032623784720959837 -0.00027696789379014745 0.0044963505497442107 -0.00082950193307515139 -0.0013540850726174267 0.0015696355529632668 -0.0032126877661197819 -0.0055156051960578729 0.00081039842802046135 -0.00033483645529013706 -0.00068952059477827622 -0.0021398281575709353 0.0014463510340392322 -0.00029435315106646404 -0.0028059781707723604 0.0035287625518292346
leaf_weight=36644 35095 33214 748 8702 311 98 286 14367 1738 609 820 228 15972 18652 21436 10104 1284 2362 1336 6339 3994 1286 8451 5009 9104 1526 6858 8670 163 511
leaf_count=36644 35095 33214 748 8702 311 98 286 14367 1738 609 820 228 15972 18652 21436 10104 1284 2362 1336 6339 3994 1286 8451 5009 9104 1526 6858 8670 163 511
internal_value=0 0.000370177 -5.84081e-05 -0.00560018 0.000241314 -0.000589909 -0.000535346 0.00229466 -0.000444726 -0.000664585 0.0214532 0.00185441 0.00358498 0.00676833 -0.000535034 -0.00216868 -0.0061879 -0.00783937 0.00869237 0.00103439 -0.000968549 0.000293967 0.00100769 0.00548868 -0.0124525 -0.0212089 0.00471436 0.00182562 0.000989552 -0.00219318
internal_weight=0 220822 184178 9450 174728 124378 124280 50350 123994 122256 1131 49219 34852 18880 121647 59604 26227 23607 2620 62043 40176 36182 34896 13460 12992 3888 21867 15009 33377 10615
internal_count=255917 220822 184178 9450 174728 124378 124280 50350 123994 122256 1131 49219 34852 18880 121647 59604 26227 23607 2620 62043 40176 36182 34896 13460 12992 3888 21867 15009 33377 10615
is_linear=0
shrinkage=0.1


Tree=186
num_leaves=31
num_cat=0
split_feature=72 138 3 4 124 124 7 1 137 93 4 92 75 64 75 94 92 1 123 62 2 13 134 3 3 20 5 64 0 20
split_gain=11.7183 11.4887 34.9242 32.007 31.3257 60.3423 82.4121 83.4632 47.8989 36.4033 35.2838 87.8911 57.2059 54.2119 39.2279 55.3405 53.903 36.3994 52.7373 37.5953 35.7432 31.7211 29.3109 29.0883 29.9727 29.3004 28.9223 31.538 27.968 32.0223
threshold=0.12916666666666668 8.5000000000000018 1863894.7500000002 1792282.3350000002 11.500000000000002 10.500000000000002 1.5000000000000002 87613.500000000015 92133.500000000015 85.500000000000014 375216.2950000001 15001.793906810037 2099.0000000000005 0.71637627775297497 1.0000000180025095e-35 53266.250000000007 5724.5000000000009 1191228.0000000002 460025.00000000006 2188253.0000000005 1799587.3900000004 1162014.5000000002 84839.500000000015 238947.47000000003 211218.50000000003 5.5000000000000009 17.000000000000004 0.020056176492182134 5805505.5000000009 59.500000000000007
decision_type=2 2 2 2 2 2 2 2 2 2 2 2 2 2 2 2 2 2 2 2 2 2 2 2 2 2 2 2 2 2
left_child=1 2 4 -4 5 28 7 -7 10 26 11 13 14 17 -12 16 -16 18 -6 -19 -17 22 -10 24 -15 -25 -8 -28 29 -1
right_child=-2 -3 3 -5 8 6 9 -9 21 -11 12 -13 -14 23 15 20 -18 19 -20 -21 -22 -23 -24 25 -26 -27 27 -29 -30 -31
leaf_value=5.1291071076008957e-05 -0.0037482225305539157 -0.00011488169633704258 -0.0018351439374171765 -0.00035293096809834725 0.0015719925378744337 -0.0016616750636570421 -0.0017954931284548392 -0.018807520860176591 0.0019315835780064239 0.0096829518978129355 0.00095896080021949941 -0.0078894500774044536 -0.010125492922955403 -0.0010592104372740812 0.0026404736096369372 -0.0012721025655543406 0.015218265995911454 -0.00076134153181503181 0.0036682291627669001 0.0048152947911259221 0.0077031800400009344 0.0010417149013615173 0.006261971436864063 -0.0038903159529004722 0.0026317352915986082 -0.00081967573610410352 -0.011141534504685587 0.010440789543532676 0.0013832088643341289 0.0059048845353950859
leaf_weight=88777 249 120473 2508 8409 4595 465 4770 509 452 315 4476 699 268 1296 476 489 390 1294 753 71 138 960 793 585 313 975 72 243 9529 575
leaf_count=88777 249 120473 2508 8409 4595 465 4770 509 452 315 4476 699 268 1296 476 489 390 1294 753 71 138 960 793 585 313 975 72 243 9529 575
internal_value=0 8.28463e-05 0.00071564 -0.00470722 0.001192 0.000517053 -0.00891356 -0.0356872 0.00492652 -0.00408439 0.00310959 -0.000407032 0.00907549 0.00201693 0.0111048 0.0251414 0.0415234 0.00710587 0.010826 -0.00746946 0.00251492 0.0187847 0.0293169 -0.00876316 0.000670557 -0.0184932 -0.00612793 0.0232198 0.00112496 0.000575743
internal_weight=0 255668 135195 10917 124278 105255 6374 974 19023 5400 16818 10581 6237 9882 5969 1493 866 6713 5348 1365 627 2205 1245 3169 1609 1560 5085 315 98881 89352
internal_count=255917 255668 135195 10917 124278 105255 6374 974 19023 5400 16818 10581 6237 9882 5969 1493 866 6713 5348 1365 627 2205 1245 3169 1609 1560 5085 315 98881 89352
is_linear=0
shrinkage=0.1


Tree=187
num_leaves=31
num_cat=0
split_feature=123 52 0 1 133 134 6 13 137 2 141 123 0 137 48 141 2 62 90 0 0 20 4 3 123 4 2 62 13 13
split_gain=12.0426 27.0283 20.1305 45.8858 43.6883 60.0772 61.3405 37.3284 31.0957 46.0189 40.8856 36.5603 31.8146 30.2662 36.1366 33.7847 30.8797 30.1761 28.956 28.1452 49.1662 40.7313 29.5835 26.9907 26.7683 27.4348 27.0109 26.7195 43.2528 32.4198
threshold=4945239.5000000009 0.0070797275231922413 4897904.0000000009 4268041.0000000009 42.000000000000007 2806059.0000000005 44.083333333333343 3951870.5000000005 827988.00000000012 2552806.9750000006 0.25833333333333336 225.50000000000003 1551547.5000000002 624125.00000000012 18.000000000000004 0.12916666666666668 11638765.99 3808988.5000000005 0.048791129986885569 4234256.5000000009 4176507.0000000005 7.5000000000000009 691401.91500000015 186998.65000000005 425517.50000000006 103084.49500000001 248539.35500000004 3594392.5000000005 160828.00000000003 2794117.0000000005
decision_type=2 2 2 2 2 2 2 2 2 2 2 2 2 2 2 2 2 2 2 2 2 2 2 2 2 2 2 2 2 2
left_child=2 -2 3 8 5 27 7 -7 13 10 12 -12 -10 16 -15 -16 19 -6 -11 20 -1 -22 -23 -13 25 -14 -27 28 -4 -29
right_child=1 -3 4 -5 17 6 -8 -9 9 18 11 23 24 14 15 -17 -18 -19 -20 -21 21 22 -24 -25 -26 26 -28 29 -30 -31
leaf_value=-6.2847499377958437e-06 0.010139504803771106 0.00047588091397533783 0.0020901178263057932 0.0025233419828185944 -0.0053052161995730263 0.0039335833993104702 -0.00012544946546553249 4.9805251935430839e-05 0.0044716948853647069 -0.0074973383745470914 -0.0046061078079582566 0.0050793971559964218 0.0092536441959607859 -0.0017914038876623386 0.0021909090399918965 -0.00091497441691317438 0.03091369582865508 0.00017336358938154774 0.016344040709124607 0.00071004679229707114 -0.0038778886338820874 -0.00089605620024260299 0.014177670476381569 0.00038570779225309288 0.0034566516705357153 -0.0018002729971937203 0.00024852164694621966 -0.0014790462845054274 -0.0047174036315411789 0.00014513339798631224
leaf_weight=159236 463 8295 1503 2074 5688 5256 19918 2521 1332 1326 718 107 80 1910 432 1167 61 2608 56 3824 274 363 104 8693 2110 73 3415 1410 9008 11892
leaf_count=159236 463 8295 1503 2074 5688 5256 19918 2521 1332 1326 718 107 80 1910 432 1167 61 2608 56 3824 274 363 104 8693 2110 73 3415 1410 9008 11892
internal_value=0 0.00371948 -5.3806e-05 0.000456079 -0.00165118 -0.000566469 0.00260035 0.010132 0.000290504 0.0042508 0.00571656 0.0014482 0.011512 -0.000133279 -0.00932266 0.00176843 6.35061e-05 -0.00838592 -0.013279 3.70148e-05 -0.000165648 -0.0258646 -0.00790606 0.00321852 0.00824909 0.002969 0.00164101 -0.00424955 -0.00801783 -0.00127192
internal_weight=0 8758 247159 187355 59804 51508 27695 7777 185281 17910 16528 9518 7010 167371 3509 1599 163862 8296 1382 163801 159977 741 467 8800 5678 3568 3488 23813 10511 13302
internal_count=255917 8758 247159 187355 59804 51508 27695 7777 185281 17910 16528 9518 7010 167371 3509 1599 163862 8296 1382 163801 159977 741 467 8800 5678 3568 3488 23813 10511 13302
is_linear=0
shrinkage=0.1


Tree=188
num_leaves=31
num_cat=0
split_feature=18 17 127 21 124 92 62 4 124 0 124 2 124 7 13 133 134 0 17 93 124 4 3 129 4 3 2 20 137 13
split_gain=12.2752 13.6637 12.0804 23.1181 23.2692 21.4833 34.6661 30.4736 20.7767 39.7094 39.222 38.9371 37.8791 74.0627 75.6882 30.4011 30.3267 27.9037 25.9632 31.1256 24.5602 25.906 24.2799 22.1178 25.3879 50.6949 53.3873 50.8336 79.1022 46.0478
threshold=3.5000000000000004 1.5000000000000002 1.0000000180025095e-35 3.5000000000000004 16.500000000000004 21042.000000000004 8832.5000000000018 255832.92000000004 11.500000000000002 5201346.5000000009 12.500000000000002 3350940.7750000004 10.500000000000002 1.5000000000000002 55414.000000000007 56.000000000000007 316967.00000000006 797567.00000000012 1.5000000000000002 130.50000000000003 15.500000000000002 324951.71000000002 701207.93000000005 0.080128205128205135 190312.88500000004 178923.98000000001 373461.88500000007 2.5000000000000004 83051.500000000015 1126906.0000000002
decision_type=2 2 2 2 2 2 2 2 2 2 2 2 2 2 2 2 2 2 2 2 2 2 2 2 2 2 2 2 2 2
left_child=2 -2 -1 -4 8 -6 -7 -8 12 10 11 16 23 14 -14 18 -10 -18 -15 -20 -12 -22 -23 24 25 27 -27 28 -5 -29
right_child=1 -3 3 4 5 6 7 -9 9 -11 20 -13 13 15 -16 -17 17 -19 19 -21 21 22 -24 -25 -26 26 -28 29 -30 -31
leaf_value=0.00013870784908723123 -0.0057670151674800163 -0.00041050318499561268 -0.010793823815086067 -0.0012186102421789524 -0.00074882421689870249 -0.030003741559144721 0.0070159823720252219 -0.010181575853511073 0.0010658604843740702 -0.0030107312215148507 -0.0015023539317614355 -0.0051131177357012086 -0.0003035578035933906 0.0019548917086696263 -0.016256281147935713 -0.0063514971256210728 0.0061101748907626211 0.0014826545774337333 -0.0018216585679141418 0.0071308091442287211 -0.00085841747828959217 0.0042637935178344646 0.0010802329084909615 0.0011505570490623572 -0.00028998530255854824 0.0026195217182899623 -0.0027411977006797021 0.00053681645141789858 -0.0091138906390857873 -0.0023441779984083679
leaf_weight=123865 1004 1854 269 4476 8225 119 123 575 7564 4056 4364 370 393 1324 503 1012 411 2406 5330 348 1182 685 1108 9668 54149 2783 505 16604 287 355
leaf_count=123865 1004 1854 269 4476 8225 119 123 575 7564 4056 4364 370 393 1324 503 1012 411 2406 5330 348 1182 685 1108 9668 54149 2783 505 16604 287 355
internal_value=0 -0.00642137 0.000169179 -0.000507346 -0.000446243 -0.00533804 -0.0208039 -0.0122987 -7.72859e-05 0.00268832 0.00469339 0.00854055 -0.000703939 -0.00691984 -0.0341865 -0.00387131 0.0096767 0.0185335 -0.00152978 -0.00447024 -0.000942358 0.00606407 0.0136407 -8.04387e-05 -0.000631902 0.00200322 0.0135752 0.000251598 -0.00887661 0.00281529
internal_weight=0 2858 253059 129194 128925 9042 817 698 119883 22146 18090 10751 97737 8910 896 8014 10381 2817 7002 5678 7339 2975 1793 88827 79159 25010 3288 21722 4763 16959
internal_count=255917 2858 253059 129194 128925 9042 817 698 119883 22146 18090 10751 97737 8910 896 8014 10381 2817 7002 5678 7339 2975 1793 88827 79159 25010 3288 21722 4763 16959
is_linear=0
shrinkage=0.1


Tree=189
num_leaves=31
num_cat=0
split_feature=4 4 4 0 137 94 0 0 0 0 134 5 20 93 0 20 64 0 0 52 0 20 1 126 1 124 20 20 62 26
split_gain=12.3511 132.075 45.465 75.527 43.1148 38.3932 32.5109 63.545 101.634 52.1686 34.5397 44.9689 41.4659 33.7243 43.3178 41.4652 34.0059 32.6733 32.5571 31.2196 30.2691 29.1177 26.9132 32.7187 30.1502 35.2908 26.6009 38.3501 38.8857 30.0467
threshold=100084.64000000001 117376.83500000001 74361.420000000013 485161.00000000006 57950.500000000007 43444.684523809534 817102.50000000012 485161.00000000006 426985.00000000006 1713562.0000000002 56359.500000000007 5.5000000000000009 1.5000000000000002 4.5000000000000009 1215838.0000000002 46.500000000000007 5.9727469098641528 625271.50000000012 350098.00000000006 11480.928571428574 574003.00000000012 1.0000000180025095e-35 602081.50000000012 0.080128205128205135 662761.50000000012 7.5000000000000009 10.500000000000002 28.500000000000004 161690.50000000003 59.500000000000007
decision_type=2 2 2 2 2 2 2 2 2 2 2 2 2 2 2 2 2 2 2 2 2 2 2 2 2 2 2 2 2 2
left_child=2 5 6 4 -4 22 7 8 10 13 26 12 21 14 -8 16 -15 -9 -13 20 -5 -12 23 -2 -24 -26 -1 28 29 -28
right_child=1 -3 3 19 -6 -7 9 17 -10 -11 11 18 -14 15 -16 -17 -18 -19 -20 -21 -22 -23 24 -25 25 -27 27 -29 -30 -31
leaf_value=0.0026501291916303238 0.0052886476565537251 -1.0920339731481744e-05 -0.0043806376373043852 0.0064474010536279104 -0.0077321560004925518 -0.0062813959284560468 -0.0014403315194613687 0.0043440952519073987 -0.0061654960882853828 0.00058380268193191102 0.0026330977731571894 -0.0021146409782369703 0.0015523909032673533 -0.0026731590837261766 -0.0077218838194579283 0.012923137259233511 0.0044212947753899529 0.00042477828947548807 -0.0080880751674231362 -0.048978708285941072 0.00011015892766581549 -0.0052700134257955391 -0.0024062110057411767 0.00023781215714762107 -0.00027081213696405056 0.0032249908208051917 0.0026422670041958973 0.003577522080414286 0.0050141352264581945 -0.0085305384509017489
leaf_weight=8698 4587 199425 5050 554 1310 212 1333 2899 1709 3369 518 3217 3573 870 539 139 193 2430 841 117 3047 1754 146 972 814 361 847 2730 639 3024
leaf_count=8698 4587 199425 5050 554 1310 212 1333 2899 1709 3369 518 3217 3573 870 539 139 193 2430 841 117 3047 1754 146 972 814 361 847 2730 639 3024
internal_value=0 0.00040135 -0.00135884 -0.00735131 -0.0139703 0.0138116 0.00017699 0.00144985 -0.000483644 -0.0063185 0.00107833 -0.00355975 0.00205508 -0.0157387 -0.0241317 -0.00266733 -0.00938364 0.0114457 -0.0116471 0.00397107 0.00562281 -0.00850738 0.0151032 0.0181521 0.00227294 0.00759833 0.00396018 -0.000517697 -0.00618018 -0.00995282
internal_weight=0 206517 49400 10078 6360 7092 39322 32879 27550 6443 25841 9903 5845 3074 1872 1202 1063 5329 4058 3718 3601 2272 6880 5559 1321 1175 15938 7240 4510 3871
internal_count=255917 206517 49400 10078 6360 7092 39322 32879 27550 6443 25841 9903 5845 3074 1872 1202 1063 5329 4058 3718 3601 2272 6880 5559 1321 1175 15938 7240 4510 3871
is_linear=0
shrinkage=0.1


Tree=190
num_leaves=31
num_cat=0
split_feature=1 76 20 126 4 95 20 67 62 26 2 127 123 4 92 76 123 20 94 2 0 76 75 20 4 127 127 94 53 0
split_gain=11.623 53.1917 45.8416 56.4545 39.096 50.1412 38.8618 38.4299 38.3983 37.9107 34.6935 39.9526 41.632 32.4517 31.9017 28.5321 61.8949 89.2344 42.3373 47.6365 35.4537 32.1677 29.7226 28.0101 27.4198 35.2818 31.6344 26.9943 26.6808 38.4897
threshold=165656.00000000003 7.5000000000000009 10.500000000000002 0.10263157894736843 311928.06500000006 1.0000000180025095e-35 3.5000000000000004 5.5000000000000009 22949.000000000004 1.5000000000000002 720957.33500000008 0.74166666666666681 71893.000000000015 616442.51500000025 7805.6276737967919 8.5000000000000018 196006.50000000003 34.500000000000007 748.20833333333337 1762500.6850000003 1460420.5000000002 11.500000000000002 178888.00000000003 2.5000000000000004 330812.06500000006 0.79285714285714304 0.9640151515151516 166996.09375000003 98233.250000000015 694610.50000000012
decision_type=2 2 2 2 2 2 2 2 2 2 2 2 2 2 2 2 2 2 2 2 2 2 2 2 2 2 2 2 2 2
left_child=1 4 3 7 5 -1 10 13 24 -4 -6 -12 23 -3 -15 -2 17 18 -17 21 -21 -20 -18 -13 25 -8 -27 -19 -23 -30
right_child=15 2 9 -5 6 -7 8 -9 -10 -11 11 12 -14 14 -16 16 22 27 19 20 -22 28 -24 -25 -26 26 -28 -29 29 -31
leaf_value=0.00033444272755140948 1.2079396099206277e-05 0.011173236747268424 0.0041888660853461827 -0.0049199868360163953 0.0043836072032252468 0.012619327584565987 -0.0018072491727323837 -1.6748288886558883e-05 0.0010766583931010861 -0.0094788503090907257 0.0015890906803256611 -0.0033946295209574375 -0.016057150220855559 -0.0094291089619209893 0.0211125288056053 -0.0010967015830342728 0.00056592743749151353 0.0032106862649206704 -0.033259169009886992 0.0069554801859019605 -0.0044637537962930914 -0.0058325091647707548 -0.012314866234270559 0.0023224980090626244 -0.0013267450018316655 -0.011908401957469917 -0.0034654541396685781 -0.01778256700196262 0.018594089943969539 -0.035197286409914756
leaf_weight=23911 197369 1949 2330 319 945 795 282 547 1277 1695 1296 500 79 41 186 1895 6771 1946 488 182 301 3587 339 151 6121 107 190 158 78 82
leaf_count=23911 197369 1949 2330 319 945 795 282 547 1277 1695 1296 500 79 41 186 1895 6771 1946 488 182 301 3587 339 151 6121 107 190 158 78 82
internal_value=0 0.00155397 0.00947968 0.018744 -1.69864e-05 0.00218735 -0.00499145 0.0234068 -0.00862746 0.00247789 0.00477109 -0.00260912 -0.02132 0.0293631 0.0651465 -0.000253195 -0.00433844 -0.00998624 -0.0156932 -0.0207642 0.00898976 -0.0241576 0.00258588 -0.0130009 -0.0116564 -0.0324566 -0.0565103 0.00795114 -0.0210124 0.0189419
internal_weight=0 42721 7067 3042 35654 24706 10948 2723 7977 4025 2971 2026 730 2176 227 213196 15827 8717 6613 4718 483 4235 7110 651 6700 579 297 2104 3747 160
internal_count=255917 42721 7067 3042 35654 24706 10948 2723 7977 4025 2971 2026 730 2176 227 213196 15827 8717 6613 4718 483 4235 7110 651 6700 579 297 2104 3747 160
is_linear=0
shrinkage=0.1


Tree=191
num_leaves=31
num_cat=0
split_feature=84 0 148 4 86 64 85 64 119 20 148 4 3 0 0 2 146 148 90 7 124 1 4 13 0 124 137 94 62 137
split_gain=11.9907 26.5771 20.5194 27.2214 18.8609 17.0018 23.4179 20.1777 15.9282 15.7263 15.6077 17.5383 18.3253 18.0728 17.4086 26.8495 21.9126 25.9896 26.4252 22.6297 20.5213 17.7161 46.6151 41.8425 28.9147 50.4428 47.3985 36.3445 30.2559 29.1426
threshold=540351.50000000012 3238501.5000000005 467695.00000000006 610262.95500000019 11152.500000000002 0.034438097534421244 4.5000000000000009 1.0974030749438251 1.0000000180025095e-35 22.500000000000004 318889.50000000006 1792282.3350000002 2467736.9000000008 3621133.5000000005 41389413.000000007 1657710.5 394000.00000000006 164868.50000000003 96.927551402637107 3.5000000000000004 8.5000000000000018 12266007.000000002 599168.45500000007 1108695.5000000002 6867184.0000000009 10.500000000000002 1559979.5000000002 1807.044117647059 6038198.5000000009 2509592.5000000005
decision_type=2 2 2 2 2 2 2 2 2 2 2 2 2 2 2 2 2 2 2 2 2 2 2 2 2 2 2 2 2 2
left_child=8 2 3 4 -2 6 -3 -7 10 -6 14 -12 13 -13 16 -16 21 18 -18 -20 -19 24 -23 -24 29 26 27 -26 -27 -1
right_child=1 5 -4 -5 9 7 -8 -9 -10 -11 11 12 -14 -15 15 -17 17 20 19 -21 -22 22 23 -25 25 28 -28 -29 -30 -31
leaf_value=2.3551653891340511e-06 0.0097801739632904748 0.0031559466084231328 -0.022778356422271044 0.020381886430177638 -0.0023750069071850071 0.0087091344782430861 -0.002160169974559091 0.00048781668877583744 -0.040018136222139261 0.0052839639533740195 -0.0077274857411121058 0.017186973556874863 -0.0050321146190288619 0.0021662757233287255 -0.015167477034259802 -0.00090603353593108346 0.0067744516978101646 -0.0042356418953908371 -0.00045738168217779183 0.0085145929753331368 0.0032289689207494693 -0.0033589588646058214 0.01147001090787525 0.0024853332869571258 0.001136590802134532 -0.0082411803134318177 -0.0052538565937502394 -0.0023683397473069911 -0.00018673572936931394 0.0019932063584107147
leaf_weight=192661 34 611 32 119 133 1045 1974 2010 51 42 533 50 527 235 1114 3574 458 379 546 221 246 2851 1249 11057 9865 5364 8189 989 2413 7345
leaf_count=192661 34 611 32 119 133 1045 1974 2010 51 42 533 50 527 235 1114 3574 458 379 546 221 246 2851 1249 11057 9865 5364 8189 989 2413 7345
internal_value=0 0.00447629 0.0308194 0.0382764 0.0165385 0.00279481 -0.00317393 0.00784529 -4.74616e-05 0.00329724 -3.6056e-05 -0.0107793 -0.00152768 0.0189005 2.20867e-05 -0.00601397 0.000138138 0.0109801 0.0194462 0.00809673 -0.00561357 5.52491e-05 0.00336528 0.00603458 -0.000165934 -0.00324916 -0.000477701 0.00385576 -0.0100354 0.000247514
internal_weight=0 6000 360 328 209 5640 2585 3055 249917 175 249866 1345 812 285 248521 4688 243833 1850 1225 767 625 241983 15157 12306 226826 26820 19043 10854 7777 200006
internal_count=255917 6000 360 328 209 5640 2585 3055 249917 175 249866 1345 812 285 248521 4688 243833 1850 1225 767 625 241983 15157 12306 226826 26820 19043 10854 7777 200006
is_linear=0
shrinkage=0.1


Tree=192
num_leaves=31
num_cat=0
split_feature=21 138 137 3 3 20 137 2 4 3 1 138 137 134 137 20 134 1 64 117 1 62 2 138 66 5 29 4 3 20
split_gain=11.9286 36.8006 38.3886 41.834 34.4084 32.1561 30.2054 29.167 45.6597 29.2663 27.1157 26.4298 37.7176 69.9416 42.0106 34.9269 27.5311 25.3565 39.7399 24.9602 24.4904 27.1674 25.2785 27.6297 23.571 29.5794 32.7417 30.8151 38.6039 37.242
threshold=6.5000000000000009 4.5000000000000009 665785.50000000012 220652.70500000002 258733.12500000003 37.500000000000007 1012402.0000000001 991192.97499999998 635769.33500000008 42661.645000000011 874036.00000000012 24.500000000000004 137390.00000000003 67260.500000000015 27.500000000000004 14.500000000000002 1600568.0000000002 2531265.5000000005 0.49700188683546048 0.25833333333333336 175872.50000000003 187717.50000000003 44213.17500000001 17.500000000000004 5357.5000000000009 7.5000000000000009 52092.000000000007 485681.52000000008 490323.88000000006 2.5000000000000004
decision_type=2 2 2 2 2 2 2 2 2 2 2 2 2 2 2 2 2 2 2 2 2 2 2 2 2 2 2 2 2 2
left_child=1 5 7 6 10 19 -4 9 -9 20 -5 12 14 -14 -11 16 -16 18 -10 24 -3 22 23 -22 25 27 -27 29 -29 -1
right_child=-2 2 3 4 -6 -7 -8 8 17 11 -12 -13 13 -15 15 -17 -18 -19 -20 -21 21 -23 -24 -25 -26 26 -28 28 -30 -31
leaf_value=-0.00069648917646404358 0.00010700409384163438 0.0028224550157584186 -0.0069077197597405618 -0.010443693797758015 -0.0069069685309203436 -0.0051182288246994787 0.012711838128729265 0.0061345263418481066 -0.0011192127859875618 0.00030271127861075512 0.0061333238065147981 -0.0041430229638291126 -0.0039733544740836457 0.0014392596603630921 -0.0019394744050316452 0.00019635652777849757 -0.0088901069542982585 -0.00092719944715431441 0.0053701779231330928 -0.030887861405321227 0.002028261686262689 0.0059166078452237651 -0.0099432396572974868 -0.003364736522628098 -0.0024340995915330889 0.00043947271401840738 -0.0061632677412987169 -0.0038041048661260277 -0.00053095874654971419 0.0004780667538719419
leaf_weight=12258 164813 1424 215 22 1528 1815 22 324 510 2439 208 612 1039 1987 5892 1347 135 1758 566 138 914 189 212 843 1324 27331 400 465 6576 18611
leaf_count=12258 164813 1424 215 22 1528 1815 22 324 510 2439 208 612 1039 1987 5892 1347 135 1758 566 138 914 189 212 843 1324 27331 400 465 6576 18611
internal_value=0 -0.000842648 -0.00438495 -0.0176183 -0.0123014 0.000297685 -0.0570575 -0.00307741 0.00574945 -0.00471396 0.0237582 -0.00685302 -0.00588523 0.00387528 -0.00889505 -0.012658 -0.0159116 0.00168378 0.0137744 0.000652934 0.00331858 -0.00339825 -0.00687446 -0.00293864 0.000740487 0.00100694 0.00348894 -0.000808629 -0.00677828 0.000553006
internal_weight=0 91104 22186 1995 1758 68918 237 20191 3158 17033 230 13451 12839 3026 9813 7374 6027 2834 1076 67103 3582 2158 1969 1757 66965 65641 27731 37910 7041 30869
internal_count=255917 91104 22186 1995 1758 68918 237 20191 3158 17033 230 13451 12839 3026 9813 7374 6027 2834 1076 67103 3582 2158 1969 1757 66965 65641 27731 37910 7041 30869
is_linear=0
shrinkage=0.1


Tree=193
num_leaves=31
num_cat=0
split_feature=4 4 2 64 0 62 20 1 64 26 123 134 52 64 20 4 86 63 137 52 6 2 62 0 62 137 138 138 2 94
split_gain=11.8297 52.9121 40.5496 39.5892 55.2501 86.3329 67.0825 46.4281 35.959 35.0155 38.1616 34.1836 33.9885 31.6067 31.289 47.9713 46.4695 34.1564 30.6967 47.917 47.8067 32.4099 45.9481 57.8247 31.9866 29.6468 38.1448 29.5386 35.0682 29.3783
threshold=435164.26000000007 439070.7900000001 696865.64000000001 0.10120825952627867 3541225.0000000005 2456883.5000000005 3.5000000000000004 3218844.5000000005 1.9094445268845548 89309.000000000015 40.500000000000007 12782270.000000002 0.17684592285387768 11.905265788275466 4.5000000000000009 1071634.5300000003 501853.50000000006 1.0026594156371094 1831793.0000000002 0.01659710017911736 51.916666666666679 1086305.5800000001 4515480.0000000009 7905148.5000000009 3159280.0000000005 459926.50000000006 4.5000000000000009 6.5000000000000009 2710929.8950000009 1807.044117647059
decision_type=2 2 2 2 2 2 2 2 2 2 2 2 2 2 2 2 2 2 2 2 2 2 2 2 2 2 2 2 2 2
left_child=2 -2 11 14 5 6 13 8 -6 10 -4 -1 -11 25 16 -16 17 -3 20 24 -9 -21 -23 -24 -20 26 -5 28 -8 -22
right_child=1 3 9 4 7 -7 27 18 -10 12 -12 -13 -14 -15 15 -17 -18 -19 19 21 29 22 23 -25 -26 -27 -28 -29 -30 -31
leaf_value=5.7393413962356658e-06 0.0019207035570823769 0.00054260788375927818 0.00095731062144453782 -0.00020050639849646861 -0.00037175859433140324 0.0062036927513162247 0.0033762140227343476 0.0020173079595729114 -0.0033150484682046345 0.006300475333549437 -0.0014690693316198778 -0.0093545874557978258 -0.0023587221708398221 0.035753091768429106 -0.0012166717076772986 0.00029632561659893571 -0.0099950224647068053 -0.0067744842404541443 -0.012159427944956348 0.0018304002242214403 0.00037652834486119895 -0.010602459323065873 0.012922756453679152 -0.0017426421777748226 0.012281876294186402 0.00052280294918251086 0.0072118080798574255 -0.00010942696183803564 -0.00044431885592886736 -0.0025217801365240919
leaf_weight=136278 1011 8327 1141 434 2207 1310 3165 10830 1860 391 4593 1164 465 199 10904 5987 233 229 173 2424 23607 8923 890 10149 832 980 1055 11701 1664 2791
leaf_count=136278 1011 8327 1141 434 2207 1310 3165 10830 1860 391 4593 1164 465 199 10904 5987 233 229 173 2424 23607 8923 890 10149 832 980 1055 11701 1664 2791
internal_value=0 0.00089586 -0.000474774 0.0006882 0.00172565 0.00624843 0.00455357 0.000291749 -0.0100514 -0.00813746 -0.0109539 -0.000107368 0.0107285 0.0192672 -0.00275356 -0.00527147 0.00208544 0.00328538 0.000985683 -0.00185323 0.00276942 -0.00281222 -0.00413813 0.000175292 0.019508 0.0161772 0.025067 0.00217873 0.00875897 0.000474127
internal_weight=0 111885 144032 110874 85194 20508 19198 64686 4067 6590 5734 137442 856 2668 25680 16891 8789 8556 60619 23391 37228 22386 19962 11039 1005 2469 1489 16530 4829 26398
internal_count=255917 111885 144032 110874 85194 20508 19198 64686 4067 6590 5734 137442 856 2668 25680 16891 8789 8556 60619 23391 37228 22386 19962 11039 1005 2469 1489 16530 4829 26398
is_linear=0
shrinkage=0.1


Tree=194
num_leaves=31
num_cat=0
split_feature=134 49 0 20 4 128 147 2 137 140 62 75 94 79 0 4 52 92 137 62 2 2 15 20 94 3 21 62 63 26
split_gain=12.6742 23.9086 38.7551 27.0444 26.9845 36.4531 29.3112 25.1667 24.9812 40.597 34.8157 34.1842 55.2196 50.2298 46.3044 49.5366 30.9457 29.9674 28.7536 36.3769 31.8484 28.5415 26.5799 26.2378 25.6626 24.4878 36.7423 24.458 24.4107 46.4544
threshold=429.50000000000006 2.5000000000000004 26011.500000000004 7.5000000000000009 206080.59500000006 0.069047619047619066 38.500000000000007 224355.98000000001 3842039.0000000005 0.069047619047619066 3851727.0000000005 2.5000000000000004 710.07142857142867 0.54065934065934085 737174.50000000012 224078.58000000002 0.1099155111085133 24134.007142857146 168337.50000000003 331588.50000000006 673960.02500000002 758871.59500000009 1.0000000180025095e-35 29.500000000000004 36558.961538461546 329470.86500000005 7.5000000000000009 100001.50000000001 4.0636447635595028 47310.000000000007
decision_type=2 2 2 2 2 2 2 2 2 2 2 2 2 2 2 2 2 2 2 2 2 2 2 2 2 2 2 2 2 2
left_child=1 2 3 -1 7 6 -6 -3 9 11 -10 14 -13 17 15 18 -11 -14 20 -20 24 -17 -23 -15 -4 -18 -27 -24 -16 -30
right_child=-2 4 8 -5 5 -7 -8 -9 10 16 -12 12 13 23 28 21 25 -19 19 -21 -22 22 27 -25 -26 26 -28 -29 29 -31
leaf_value=0.00058506721757122643 -3.6686021072605413e-05 0.0019041519187986912 0.0032900509522695298 -0.0059368433845626402 -3.1265464251239997e-05 0.0061998782640590912 0.01458474391023022 0.0030163784715848021 -0.019284262242130579 -0.00037375857923898086 0.0046900389713834482 0.0012753518937496545 -0.036154266242192194 -0.0060705523526186599 -0.00035028202868131567 0.018948106750956234 0.00049420192898297355 -0.0062082413543576923 -0.0053040167957619571 0.0053985281718461177 -0.0097185625566375937 0.011939077698836432 -0.0018329334820034499 0.0054849916957450829 0.017107774617759287 -0.026695171253772979 -0.0048065880545504255 0.0080460282273540473 0.0071516722055032485 0.00020721110931378741
leaf_weight=1119 204828 3716 4810 2076 8371 546 36 1670 379 3140 2883 3544 788 1416 8056 204 529 320 849 324 133 315 285 425 146 305 1273 268 656 2507
leaf_count=1119 204828 3716 4810 2076 8371 546 36 1670 379 3140 2883 3544 788 1416 8056 204 529 320 849 324 133 315 285 425 146 305 1273 268 656 2507
internal_value=0 0.00152481 0.000173535 -0.0103504 0.00498805 0.00162335 -2.79811e-06 0.0105811 0.00117559 0.00028023 0.0094905 0.0019558 -0.00428914 -0.0143987 0.00414134 0.0103202 -0.00771792 -0.0312216 0.00691981 -0.0071944 0.0101731 0.0301835 0.0222732 -0.00427393 0.011469 -0.017093 -0.0233349 0.00906601 0.000102122 0.00754641
internal_weight=0 51089 36750 3195 14339 8953 8407 5386 33555 30293 3262 25046 6493 2949 18553 7334 5247 1108 6262 1173 5089 1072 868 1841 4956 2107 1578 553 11219 3163
internal_count=255917 51089 36750 3195 14339 8953 8407 5386 33555 30293 3262 25046 6493 2949 18553 7334 5247 1108 6262 1173 5089 1072 868 1841 4956 2107 1578 553 11219 3163
is_linear=0
shrinkage=0.1


Tree=195
num_leaves=31
num_cat=0
split_feature=126 124 20 79 2 4 64 1 2 123 0 0 20 123 140 13 137 4 48 2 2 63 1 0 62 49 134 2 134 26
split_gain=11.8205 23.5717 20.4094 17.4366 24.0379 27.0765 22.2908 20.3137 28.9795 33.2826 35.388 31.6818 26.6339 21.6438 20.0331 21.0976 19.9568 17.9504 28.862 25.7194 35.8583 18.2806 17.8237 22.5689 18.7379 17.0717 24.1396 18.9184 16.7393 16.4218
threshold=0.44722222222222224 13.500000000000002 1.0000000180025095e-35 0.54065934065934085 1451578.7150000001 1003616.3550000001 0.0023599140958150814 526896.00000000012 955955.15000000014 928809.00000000012 1000111.0000000001 1215838.0000000002 4.5000000000000009 185259.00000000003 0.24305555555555558 943001.50000000012 433943.50000000006 234194.79500000001 10.000000000000002 720957.33500000008 2142404.3500000001 2364.3798611111119 831520.50000000012 1382892.5000000002 262722.00000000006 2.5000000000000004 214119.00000000003 424159.25500000006 132714.50000000003 269195.50000000006
decision_type=2 2 2 2 2 2 2 2 2 2 2 2 2 2 2 2 2 2 2 2 2 2 2 2 2 2 2 2 2 2
left_child=-1 2 -2 7 6 -6 -5 17 9 13 -11 -12 16 14 15 -9 -10 21 19 -19 -21 -4 23 -15 -24 -3 27 -27 -16 -17
right_child=1 25 3 4 5 -7 -8 8 12 10 11 -13 -14 22 28 29 -18 18 -20 20 -22 -23 24 -25 -26 26 -28 -29 -30 -31
leaf_value=4.4529559395178887e-05 0.007157645654073886 -0.001958060916037042 -0.002835293607232026 -0.001857109968456055 -0.0074017254562840119 -4.8515911191016064e-05 0.0052751234747033214 -0.0029775086150961158 0.0037315110164571675 -0.014373090748368553 0.0042146783267417573 -0.0031896824880233094 -0.0048728688363254063 0.00057200087233245489 -0.010335970929260025 0.0040534471796218703 -0.002335854276458904 0.0031767876966203321 0.0052718203783045006 -0.0083432035331560666 0.00025312314707128805 -0.008548699141184047 0.0068826384156661317 -0.0039334226962445601 0.0036570515941930387 0.0020322375045691344 -0.0014121189180725526 0.010856676238752687 0.0053328813367284518 -0.0051315471378998063
leaf_weight=242319 147 452 2659 243 103 499 645 198 195 73 69 260 3910 416 193 340 235 265 331 201 163 43 150 42 660 239 378 389 51 49
leaf_count=242319 147 452 2659 243 103 499 645 198 195 73 69 260 3910 416 193 340 235 265 331 201 163 43 150 42 660 239 378 389 51 49
internal_value=0 -0.00276462 -0.00420749 -0.00466143 0.00546207 -0.00996429 0.01592 -0.00609759 -0.00287995 0.00569385 -0.0206661 -0.00669024 -0.00782075 0.0107423 -0.00180123 0.00820912 0.0158018 -0.0121085 -0.000362625 -0.0129408 -0.0301942 -0.0162817 0.0189629 0.00319586 0.027878 0.00924939 0.0165026 0.0285206 -0.0258835 0.0217347
internal_weight=0 13598 12140 11993 1490 602 888 10503 6841 2501 402 329 4340 2099 831 587 430 3662 960 629 364 2702 1268 458 810 1458 1006 628 244 389
internal_count=255917 13598 12140 11993 1490 602 888 10503 6841 2501 402 329 4340 2099 831 587 430 3662 960 629 364 2702 1268 458 810 1458 1006 628 244 389
is_linear=0
shrinkage=0.1


Tree=196
num_leaves=31
num_cat=0
split_feature=1 4 2 0 124 141 137 64 134 7 4 148 2 20 123 75 4 1 29 88 26 137 48 63 13 4 137 92 62 18
split_gain=11.4853 13.1733 40.5542 29.4426 27.0357 27.7173 41.9552 49.0489 26.8067 48.5539 43.3066 41.008 40.788 40.3221 67.929 38.5803 37.374 50.2159 35.8652 34.5961 34.0283 30.151 29.1417 75.1238 55.2323 55.2658 53.1511 49.9104 37.516 30.7507
threshold=76775494.500000015 599168.45500000007 1021241.3400000002 556704.00000000012 7.5000000000000009 0.63961038961038974 509104.00000000006 0.094150663070044632 429.50000000000006 5.5000000000000009 100084.64000000001 370.50000000000006 328793.66999999998 44.500000000000007 19950.000000000004 314662.00000000006 69208.255000000019 1573941.0000000002 92079.500000000015 27770.500000000004 2.5000000000000004 2509592.5000000005 22.000000000000004 3.0318257091494281 469994.00000000006 259875.83500000005 1087111.5000000002 79.02500000000002 235610.50000000003 1.0000000180025095e-35
decision_type=2 2 2 2 2 2 2 2 2 2 2 2 2 2 2 2 2 2 2 2 2 2 2 2 2 2 2 2 2 2
left_child=1 2 8 -4 5 -3 7 -7 10 15 16 12 -12 -14 -15 18 -1 20 21 -17 -18 22 23 -10 29 26 27 -26 -25 -24
right_child=-2 4 3 -5 -6 6 -8 -9 9 -11 11 -13 13 14 -16 19 17 -19 -20 -21 -22 -23 24 28 25 -27 -28 -29 -30 -31
leaf_value=0.00035146158466847749 -0.0038299919035634567 0.00021631242222003625 0.00018573031496938288 -0.0029146310652017589 -3.0742390660914999e-05 -0.0012770408034920022 0.00093648987411314448 0.0049462087145355441 -5.5343929013749564e-05 -0.036348971191477598 0.0032967179484071131 0.01869081442613937 -1.9896401450118842e-05 0.0091392758463503063 -0.00022052946733892577 -0.025862941606262346 -0.00090423229948610739 0.0052183440089740079 -0.0063677058257452408 0.00088330044221049701 -0.0098885181630554552 0.0037884790999824303 -0.00011780930395026701 0.00098733757952910181 0.00071386418423807774 -6.6229684265962216e-05 0.014802808509160065 -0.0013086556280331358 -0.00097316634919264336 -0.0024909662269010815
leaf_weight=16231 2018 17932 1401 2638 58682 979 7420 4796 47425 129 4211 367 8825 562 786 196 1269 375 501 128 1553 735 29441 1868 14395 14576 94 1050 9976 5358
leaf_count=16231 2018 17932 1401 2638 58682 979 7420 4796 47425 129 4211 367 8825 562 786 196 1269 375 501 128 1553 735 29441 1868 14395 14576 94 1050 9976 5358
internal_value=0 0.000173112 -0.000359775 -0.010256 0.00114675 0.00352903 0.00700772 0.0133994 -0.000110037 -0.000784422 0.00237354 0.00645862 0.00561641 0.00219036 0.018299 -0.000721514 -0.000728118 -0.0106107 -0.000632485 -0.0351843 -0.0151794 -0.000525392 -0.000644915 -0.00224809 0.000818849 0.00395444 0.00810345 0.00764718 -0.00937218 -0.00189469
internal_weight=0 253899 164090 4039 89809 31127 13195 5775 160051 125872 34179 14751 14384 10173 1348 125743 19428 3197 125419 324 2822 124918 124183 59269 64914 30115 15539 15445 11844 34799
internal_count=255917 253899 164090 4039 89809 31127 13195 5775 160051 125872 34179 14751 14384 10173 1348 125743 19428 3197 125419 324 2822 124918 124183 59269 64914 30115 15539 15445 11844 34799
is_linear=0
shrinkage=0.1


Tree=197
num_leaves=31
num_cat=0
split_feature=94 20 1 4 20 123 2 62 64 4 2 4 94 64 61 94 66 94 84 93 124 14 63 137 105 1 134 94 134 136
split_gain=11.9059 59.8868 53.2925 52.5426 60.6826 55.6309 52.5353 52.1756 49.0689 62.7634 46.1169 47.6729 70.8977 44.3616 40.0881 39.7408 35.9088 38.6525 33.8347 33.2916 30.6814 29.9718 33.88 29.815 29.3398 29.0357 39.5416 28.5389 32.8223 30.1492
threshold=0.24000250000000004 46.500000000000007 2766695.5000000005 367918.76500000001 16.500000000000004 2136371.0000000005 595288.90500000014 1793175.0000000002 0.043859588263119711 1798857.8400000001 323812.45500000002 100084.64000000001 45251.424369747903 625.79601481370025 2.5000000000000004 1152.8469387755106 16.500000000000004 45251.424369747903 17.500000000000004 914.50000000000011 13.500000000000002 1.5000000000000002 1.0000010659321685 32011.000000000004 26794.000000000004 61908.000000000007 700833.50000000012 1867.5000000000002 3527.5000000000005 1.5000000000000002
decision_type=2 2 2 2 2 2 2 2 2 2 2 2 2 2 2 2 2 2 2 2 2 2 2 2 2 2 2 2 2 2
left_child=19 2 3 10 5 14 -6 13 9 21 11 -2 25 18 16 -10 -5 -18 -4 -1 -12 22 -9 -16 -19 -13 27 -27 -29 -30
right_child=1 -3 7 4 6 -7 -8 8 15 -11 20 12 -14 -15 23 -17 17 24 -20 -21 -22 -23 -24 -25 -26 26 -28 28 29 -31
leaf_value=-3.7225783409411409e-05 -0.00038395808348911655 0.0023343737283445078 -0.012125330895331613 0.0015901926822987759 0.018020507628791198 0.0077444581277679673 -0.0010735639342439338 0.00060197054750672579 0.0035762662711468305 0.0060187441522908279 -0.0010766511302011561 0.010912433037724512 -0.0046758137047737498 0.001860303870904717 -0.033950324369529931 8.4878016020791176e-05 0.014238134138646838 0.0035016281785400904 -0.00041891678631051922 -0.066926138616304795 0.0010392583440951705 -0.0013143157390081203 -0.00068564150059939231 -0.00039314753309978149 -0.0057935483230798571 0.0029232527503663939 0.0084090416454814867 0.0076772426763771807 0.00031440207766657573 -0.0048450253182014489
leaf_weight=192975 12926 9290 3008 5122 166 369 3766 440 1222 257 8269 1347 675 746 85 3795 766 213 1013 318 1428 2265 310 185 92 1525 568 406 1843 527
leaf_count=192975 12926 9290 3008 5122 166 369 3766 440 1222 257 8269 1347 675 746 85 3795 766 213 1013 318 1428 2265 310 185 92 1525 568 406 1843 527
internal_value=0 0.00126879 -2.18379e-05 0.00177787 0.00775853 0.0134546 -0.00213867 -0.00557397 -0.000779947 -0.0103072 -0.000403324 0.00236181 0.00907931 -0.01391 0.0112985 0.00543356 0.0129429 0.0295953 -0.0180651 -0.000317753 -0.00605421 -0.0143508 0.0029759 -0.0264204 -0.000511129 0.0124218 0.00882701 0.00555212 -0.000485404 -0.00498593
internal_weight=0 62624 53334 40278 10764 6832 3932 13056 8289 3272 29514 19817 6891 4767 6463 5017 6193 1071 4021 193293 9697 3015 750 270 305 6216 4869 4301 2776 2370
internal_count=255917 62624 53334 40278 10764 6832 3932 13056 8289 3272 29514 19817 6891 4767 6463 5017 6193 1071 4021 193293 9697 3015 750 270 305 6216 4869 4301 2776 2370
is_linear=0
shrinkage=0.1


Tree=198
num_leaves=31
num_cat=0
split_feature=21 138 75 70 123 66 92 3 117 137 0 2 4 53 3 138 5 75 52 94 52 14 76 63 1 2 21 6 13 20
split_gain=11.2653 29.2301 27.5323 27.8989 37.9948 42.6405 30.4501 27.8362 27.9294 27.1117 26.1834 25.9296 36.2958 25.4998 25.2651 23.6535 30.7963 38.6733 47.7023 31.1188 34.7123 30.385 37.0265 33.933 32.8833 28.764 27.9343 28.4923 28.0549 35.3039
threshold=6.5000000000000009 4.5000000000000009 70671.500000000015 0.5634920634920636 123.50000000000001 76866.500000000015 792.70738636363649 42661.645000000011 0.25833333333333336 340875.50000000006 378495.50000000006 991192.97499999998 635769.33500000008 2.9649014778325129 42661.645000000011 8.5000000000000018 11.500000000000002 2.5000000000000004 2044.1250000000002 57565.222222222226 0.057044299227188351 2.5000000000000004 8.5000000000000018 2.7085338219655646 124618.50000000001 3859168.5800000005 11.500000000000002 64.083333333333357 131883.00000000003 21.500000000000004
decision_type=2 2 2 2 2 2 2 2 2 2 2 2 2 2 2 2 2 2 2 2 2 2 2 2 2 2 2 2 2 2
left_child=1 2 3 6 13 -6 7 -1 -9 11 -4 14 -13 -5 -3 21 17 19 -19 26 -21 22 23 25 -24 -2 27 28 29 -17
right_child=15 9 10 4 5 -7 -8 8 -10 -11 -12 12 -14 -15 -16 16 -18 18 -20 20 -22 -23 24 -25 -26 -27 -28 -29 -30 -31
leaf_value=0.0033679961591916554 0.0012941026152268221 0.00069729432602855246 0.004044886260029701 -0.0024048307516722528 -0.0012586446445786385 -0.010946781479838678 0.0044723718868372453 4.536100633269207e-05 -0.030681056084849324 -0.0031802769931105683 -0.011835240371576662 0.0053065040937126419 0.00033103311197124792 0.0069361860909236284 -0.00081258975802826121 0.0047271782612693432 -0.00018173812193756912 -0.00093732469449976956 -0.053641166885104563 0.0089404276456479023 0.00056241652828009083 -0.00011249597612420547 0.0080771906391121449 -0.00011019712734165171 -0.0016012217359039238 -0.0016490097172572262 0.0055932736721346563 -0.0005168272806397948 0.00050221454776661349 -0.00036029900074723291
leaf_weight=1099 21083 3581 147 563 1624 289 1163 63088 132 2446 364 323 2740 449 13096 1453 89174 2222 422 486 511 22827 709 7223 3798 1033 1763 6898 4561 650
leaf_count=1099 21083 3581 147 563 1624 289 1163 63088 132 2446 364 323 2740 449 13096 1453 89174 2222 422 486 511 22827 709 7223 3798 1033 1763 6898 4561 650
internal_value=0 -0.000820797 0.000195497 0.000368246 -0.009187 -0.0174766 0.000795066 0.000505096 0.000230808 -0.00397778 -0.0229302 -0.00274725 0.00570963 0.00648291 -0.00430049 0.000564865 -0.000302391 0.00335682 -0.00786269 0.00517426 0.0222932 0.00221971 0.00412128 0.00541763 -0.00431754 0.00736118 0.00406055 0.00252122 0.00718455 0.0167399
internal_weight=0 91104 68918 68407 2925 1913 65482 64319 63220 22186 511 19740 3063 1012 16677 164813 108140 18966 2644 16322 997 56673 33846 29339 4507 22116 15325 13562 6664 2103
internal_count=255917 91104 68918 68407 2925 1913 65482 64319 63220 22186 511 19740 3063 1012 16677 164813 108140 18966 2644 16322 997 56673 33846 29339 4507 22116 15325 13562 6664 2103
is_linear=0
shrinkage=0.1


Tree=199
num_leaves=31
num_cat=0
split_feature=0 0 0 0 4 134 6 0 26 0 85 13 94 87 148 146 148 62 0 0 137 138 136 137 141 140 20 4 62 137
split_gain=12.0094 29.354 46.2411 30.1624 25.714 29.1217 28.6473 23.0769 28.4315 21.3436 20.2651 31.2017 25.1184 22.1428 22.7325 30.0149 25.7466 23.6592 43.7144 58.4018 59.1332 52.1009 46.5049 43.8973 69.5501 54.5549 53.5659 80.1036 57.7219 58.1325
threshold=25492087.000000004 12412037.500000002 9439895.5000000019 10919821.000000002 536587.29000000015 11541894.000000002 70.083333333333357 13342000.000000002 1.5000000000000002 11537036.000000002 5.5000000000000009 399592.50000000006 188852.25000000003 2.5000000000000004 320185.50000000006 1406916.5000000002 63494.000000000007 3293429.5000000005 3465781.5000000005 3792648.5000000005 134170.50000000003 10.500000000000002 3.5000000000000004 128468.00000000001 0.32142857142857145 0.3172619047619048 3.5000000000000004 74361.420000000013 1889340.5000000002 241716.00000000003
decision_type=2 2 2 2 2 2 2 2 2 2 2 2 2 2 2 2 2 2 2 2 2 2 2 2 2 2 2 2 2 2
left_child=1 2 10 -4 -3 7 -7 -6 -9 -5 13 -12 -13 14 15 17 -17 18 23 -20 22 -22 -21 -1 25 -25 27 -26 29 -28
right_child=-2 4 3 9 5 6 -8 8 -10 -11 11 12 -14 -15 -16 16 -18 -19 19 20 21 -23 -24 24 26 -27 28 -29 -30 -31
leaf_value=-8.5018773722774453e-05 -0.0014766839213697482 -0.0021348331458407757 -0.0039053429476973768 0.0029589705632381948 0.0086312913106179508 0.014240612940197251 0.0046910369057496133 3.8698728944641662e-05 0.010476941229128301 -0.0017749989259184806 0.0037002642543907463 -0.0013036218222046659 0.019169815980405236 0.00741666366405698 -0.0070181437327524465 0.0076584903196371141 0.00039361770505155536 0.00036220430560474234 -0.0016790259337783873 0.00017860688785311282 0.00060960406171838304 -0.0047773142369811122 0.0050209705203150632 0.0015572098566577635 -0.01955468305609424 -0.00034741626819522755 0.000724407864161048 0.0015658525406475937 0.0027587978737070615 -0.0010821067844072089
leaf_weight=124157 12023 2170 5060 1995 1742 921 1556 10189 1658 2994 1548 1473 128 70 455 245 391 21211 3953 8910 4605 8922 750 11293 135 3471 6076 3969 2103 11744
leaf_count=124157 12023 2170 5060 1995 1742 921 1556 10189 1658 2994 1548 1473 128 70 455 245 391 21211 3953 8910 4605 8922 750 11293 135 3471 6076 3969 2103 11744
internal_value=0 0.000230313 -8.15564e-05 -0.00671227 0.00408948 0.00546953 0.0154416 0.00365183 0.00207162 -0.0011948 0.000227485 0.00819079 -0.00159718 0.000109456 9.09222e-05 0.000138858 0.0218302 7.35681e-05 -0.000279903 -0.00399572 -0.00208037 -0.00634794 0.00389556 0.000338989 0.00327539 0.00867709 -4.38319e-05 0.0103594 -0.00218683 -0.00403592
internal_weight=0 243894 225658 10049 18236 16066 2477 13589 11847 4989 215609 3149 1601 212460 212390 211935 636 211299 190088 27140 23187 13527 9660 162948 38791 14764 24027 4104 19923 17820
internal_count=255917 243894 225658 10049 18236 16066 2477 13589 11847 4989 215609 3149 1601 212460 212390 211935 636 211299 190088 27140 23187 13527 9660 162948 38791 14764 24027 4104 19923 17820
is_linear=0
shrinkage=0.1


end of trees

feature_importances:
pg_card_sum=680
pg_est_startup_sum=637
Parallel_Seq_Scan_in_card=328
Seq_Scan_in_card=322
pg_table_id_sum=316
Partial_Aggregate_in_percentage=264
pg_est_cost_sum=262
Hash_Join_in_card=209
pg_card_max=199
Nested_Loop_out_percentage=193
pg_est_cost_max=177
pg_scan_act_card_sum=175
Hash_Join_out_percentage=150
Parallel_Seq_Scan_in_size=140
Parallel_Seq_Scan_compare_percentage=131
Seq_Scan_in_size=130
Nested_Loop_in_percentage=127
pg_est_width_avg=115
Hash_Join_right_percentage=94
Nested_Loop_right_card=75
Aggregate_in_percentage=74
Parallel_Seq_Scan_like_percentage=70
Index_Scan_in_card=67
pg_workers_planned_sum=66
pg_pipeline_root_act_card=65
pg_pipeline_num_ops=64
Sort_in_percentage=60
Index_Only_Scan_in_card=58
Parallel_Index_Only_Scan_in_card=45
Parallel_Seq_Scan_in_expression_percentage=42
pg_num_scan=37
Index_Scan_in_size=37
Merge_Join_out_percentage=35
pg_filter_like_count=33
Bitmap_Heap_Scan_in_card=30
Gather_in_percentage=29
Materialize_out_card=26
Seq_Scan_like_percentage=25
Gather_out_percentage=24
pg_scan_has_filter=23
Finalize_Aggregate_out_size=23
Finalize_Aggregate_in_percentage=23
Index_Only_Scan_in_size=23
pg_num_agg=22
Seq_Scan_const=19
pg_filter_compare_count=18
Merge_Join_in_card=16
Seq_Scan_compare_percentage=16
Sort_out_card=16
Index_Only_Scan_const=15
Partial_Aggregate_out_size=13
Materialize_out_size=12
pg_filter_and_count=11
Parallel_Bitmap_Heap_Scan_like_percentage=11
Parallel_Seq_Scan_or_exp_percentage=11
Sort_out_size=10
Parallel_Index_Scan_like_percentage=9
Parallel_Seq_Scan_const=9
pg_filter_in_count=8
Hash_Join_const=8
Aggregate_out_size=6
Parallel_Bitmap_Heap_Scan_in_size=6
Seq_Scan_in_expression_percentage=5
pg_num_temp=4
Bitmap_Heap_Scan_in_size=4
Index_Only_Scan_compare_percentage=4
Index_Scan_const=4
Materialize_in_percentage=4
Merge_Join_right_percentage=4
Nested_Loop_const=4
Index_Scan_compare_percentage=3
Merge_Join_const=3
Parallel_Index_Scan_in_card=3
Parallel_Index_Scan_compare_percentage=3
pg_num_sort=2
Index_Only_Scan_in_expression_percentage=2
Parallel_Bitmap_Heap_Scan_in_card=2
Parallel_Index_Only_Scan_in_size=2
Parallel_Index_Scan_in_expression_percentage=2
pg_num_select=1
pg_filter_or_count=1
Index_Only_Scan_or_exp_percentage=1
Parallel_Bitmap_Heap_Scan_const=1
Parallel_Index_Only_Scan_const=1
Parallel_Index_Scan_const=1

parameters:
[boosting: gbdt]
[objective: mape]
[metric: mape]
[tree_learner: serial]
[device_type: cpu]
[data_sample_strategy: bagging]
[data: ]
[valid: ]
[num_iterations: 100]
[learning_rate: 0.1]
[num_leaves: 31]
[num_threads: 0]
[seed: 0]
[deterministic: 0]
[force_col_wise: 0]
[force_row_wise: 0]
[histogram_pool_size: -1]
[max_depth: -1]
[min_data_in_leaf: 20]
[min_sum_hessian_in_leaf: 0.001]
[bagging_fraction: 1]
[pos_bagging_fraction: 1]
[neg_bagging_fraction: 1]
[bagging_freq: 0]
[bagging_seed: 3]
[feature_fraction: 1]
[feature_fraction_bynode: 1]
[feature_fraction_seed: 2]
[extra_trees: 0]
[extra_seed: 6]
[early_stopping_round: 0]
[early_stopping_min_delta: 0]
[first_metric_only: 0]
[max_delta_step: 0]
[lambda_l1: 0]
[lambda_l2: 0]
[linear_lambda: 0]
[min_gain_to_split: 0]
[drop_rate: 0.1]
[max_drop: 50]
[skip_drop: 0.5]
[xgboost_dart_mode: 0]
[uniform_drop: 0]
[drop_seed: 4]
[top_rate: 0.2]
[other_rate: 0.1]
[min_data_per_group: 100]
[max_cat_threshold: 32]
[cat_l2: 10]
[cat_smooth: 10]
[max_cat_to_onehot: 4]
[top_k: 20]
[monotone_constraints: ]
[monotone_constraints_method: basic]
[monotone_penalty: 0]
[feature_contri: ]
[forcedsplits_filename: ]
[refit_decay_rate: 0.9]
[cegb_tradeoff: 1]
[cegb_penalty_split: 0]
[cegb_penalty_feature_lazy: ]
[cegb_penalty_feature_coupled: ]
[path_smooth: 0]
[interaction_constraints: ]
[verbosity: -1]
[saved_feature_importance_type: 0]
[use_quantized_grad: 0]
[num_grad_quant_bins: 4]
[quant_train_renew_leaf: 0]
[stochastic_rounding: 1]
[linear_tree: 0]
[max_bin: 255]
[max_bin_by_feature: ]
[min_data_in_bin: 3]
[bin_construct_sample_cnt: 200000]
[data_random_seed: 1]
[is_enable_sparse: 1]
[enable_bundle: 1]
[use_missing: 1]
[zero_as_missing: 0]
[feature_pre_filter: 1]
[pre_partition: 0]
[two_round: 0]
[header: 0]
[label_column: ]
[weight_column: ]
[group_column: ]
[ignore_column: ]
[categorical_feature: ]
[forcedbins_filename: ]
[precise_float_parser: 0]
[parser_config_file: ]
[objective_seed: 5]
[num_class: 1]
[is_unbalance: 0]
[scale_pos_weight: 1]
[sigmoid: 1]
[boost_from_average: 1]
[reg_sqrt: 0]
[alpha: 0.9]
[fair_c: 1]
[poisson_max_delta_step: 0.7]
[tweedie_variance_power: 1.5]
[lambdarank_truncation_level: 30]
[lambdarank_norm: 1]
[label_gain: ]
[lambdarank_position_bias_regularization: 0]
[eval_at: ]
[multi_error_top_k: 1]
[auc_mu_weights: ]
[num_machines: 1]
[local_listen_port: 12400]
[time_out: 120]
[machine_list_filename: ]
[machines: ]
[gpu_platform_id: -1]
[gpu_device_id: -1]
[gpu_use_dp: 0]
[num_gpu: 1]

end of parameters

pandas_categorical:null
