tree
version=v4
num_class=1
num_tree_per_iteration=1
label_index=0
max_feature_idx=152
objective=mape
feature_names=pg_card_sum pg_card_max pg_est_cost_sum pg_est_cost_max pg_est_startup_sum pg_workers_planned_sum pg_est_width_avg pg_num_scan pg_num_join pg_num_sort pg_num_agg pg_num_temp pg_num_select pg_scan_act_card_sum pg_scan_has_filter pg_filter_and_count pg_filter_or_count pg_filter_compare_count pg_filter_like_count pg_filter_in_count pg_table_id_sum pg_pipeline_num_ops pg_pipeline_root_act_card Aggregate_const Aggregate_out_card Aggregate_out_size Aggregate_in_percentage Aggregate_out_percentage Bitmap_Heap_Scan_const Bitmap_Heap_Scan_in_card Bitmap_Heap_Scan_in_size Bitmap_Heap_Scan_out_percentage Bitmap_Heap_Scan_like_percentage Bitmap_Heap_Scan_compare_percentage Bitmap_Heap_Scan_in_expression_percentage Bitmap_Heap_Scan_or_exp_percentage Bitmap_Heap_Scan_empty_output Bitmap_Index_Scan_const Bitmap_Index_Scan_in_card Bitmap_Index_Scan_in_size Bitmap_Index_Scan_out_percentage Bitmap_Index_Scan_like_percentage Bitmap_Index_Scan_compare_percentage Bitmap_Index_Scan_in_expression_percentage Bitmap_Index_Scan_or_exp_percentage Bitmap_Index_Scan_empty_output Finalize_Aggregate_const Finalize_Aggregate_out_card Finalize_Aggregate_out_size Finalize_Aggregate_in_percentage Finalize_Aggregate_out_percentage Gather_const Gather_in_percentage Gather_out_percentage Gather_Merge_const Gather_Merge_in_percentage Gather_Merge_out_percentage Hash_const Hash_out_card Hash_out_size Hash_in_percentage Hash_Join_const Hash_Join_in_card Hash_Join_right_percentage Hash_Join_out_percentage Index_Only_Scan_const Index_Only_Scan_in_card Index_Only_Scan_in_size Index_Only_Scan_out_percentage Index_Only_Scan_like_percentage Index_Only_Scan_compare_percentage Index_Only_Scan_in_expression_percentage Index_Only_Scan_or_exp_percentage Index_Only_Scan_empty_output Index_Scan_const Index_Scan_in_card Index_Scan_in_size Index_Scan_out_percentage Index_Scan_like_percentage Index_Scan_compare_percentage Index_Scan_in_expression_percentage Index_Scan_or_exp_percentage Index_Scan_empty_output Materialize_const Materialize_out_card Materialize_out_size Materialize_in_percentage Merge_Join_const Merge_Join_in_card Merge_Join_right_percentage Merge_Join_out_percentage Nested_Loop_const Nested_Loop_in_percentage Nested_Loop_right_card Nested_Loop_out_percentage Parallel_Bitmap_Heap_Scan_const Parallel_Bitmap_Heap_Scan_in_card Parallel_Bitmap_Heap_Scan_in_size Parallel_Bitmap_Heap_Scan_out_percentage Parallel_Bitmap_Heap_Scan_like_percentage Parallel_Bitmap_Heap_Scan_compare_percentage Parallel_Bitmap_Heap_Scan_in_expression_percentage Parallel_Bitmap_Heap_Scan_or_exp_percentage Parallel_Bitmap_Heap_Scan_empty_output Parallel_Index_Only_Scan_const Parallel_Index_Only_Scan_in_card Parallel_Index_Only_Scan_in_size Parallel_Index_Only_Scan_out_percentage Parallel_Index_Only_Scan_like_percentage Parallel_Index_Only_Scan_compare_percentage Parallel_Index_Only_Scan_in_expression_percentage Parallel_Index_Only_Scan_or_exp_percentage Parallel_Index_Only_Scan_empty_output Parallel_Index_Scan_const Parallel_Index_Scan_in_card Parallel_Index_Scan_in_size Parallel_Index_Scan_out_percentage Parallel_Index_Scan_like_percentage Parallel_Index_Scan_compare_percentage Parallel_Index_Scan_in_expression_percentage Parallel_Index_Scan_or_exp_percentage Parallel_Index_Scan_empty_output Parallel_Seq_Scan_const Parallel_Seq_Scan_in_card Parallel_Seq_Scan_in_size Parallel_Seq_Scan_out_percentage Parallel_Seq_Scan_like_percentage Parallel_Seq_Scan_compare_percentage Parallel_Seq_Scan_in_expression_percentage Parallel_Seq_Scan_or_exp_percentage Parallel_Seq_Scan_empty_output Partial_Aggregate_const Partial_Aggregate_out_card Partial_Aggregate_out_size Partial_Aggregate_in_percentage Partial_Aggregate_out_percentage Seq_Scan_const Seq_Scan_in_card Seq_Scan_in_size Seq_Scan_out_percentage Seq_Scan_like_percentage Seq_Scan_compare_percentage Seq_Scan_in_expression_percentage Seq_Scan_or_exp_percentage Seq_Scan_empty_output Sort_const Sort_out_card Sort_out_size Sort_in_percentage Sort_out_percentage Other_const Other_in_percentage Other_out_percentage
feature_infos=[1:5844180183] [1:5840371957] [1.04:89395628.579999998] [1.04:49132844.630000003] [0:89395628.359999999] [0:4] [0:226.5] [0:1] [0:1] [0:1] [0:1] [0:1] [0:1] [0:36281144] [0:1] [0:6] [0:3] [0:13] [0:6] [0:4] [0:26] [1:3] none [0:1] [0:1] [0:128] [0:170928744] [0:1] [0:1] [0:4473856] [0:31] [0:1] [0:1] [0:1] [0:1] [0:0.33333333333333331] none none none none none none none none none none [0:1] [0:1] [0:96] [0:2] [0:1] [0:1] [0:170125] [0:408300] [0:1] [0:26045] [0:62507] none none none none [0:1] [0:36281144] [0:7028191] [0:178498658] [0:1] [0:8532042] [0:24] [0:1] [0:1] [0:1] [0:1] [0:0.20000000000000001] none [0:1] [0:11569924] [0:40] [0:1] [0:1] [0:1] [0:1] [0:0.33333333333333331] none [0:1] [0:10515200] [0:49] [0:10515200] [0:1] [0:10719820] [0:10719820] [0:4370454134] [0:1] [0:664926] [0:1546269] [0:20899712] [0:1] [0:1449395] [0:32] [0:1] [0:1] [0:1] [0:1] [0:0.33333333333333331] none [0:1] [0:6752417] [0:16] [0:1] [0:1] [0:1] [0:0.40000000000000002] [0:0.33333333333333331] none [0:1] [0:5807800] [0:31] [0:1] [0:1] [0:1] [0:1] [0:0.33333333333333331] none [0:1] [0:15117143] [0:112] [0:1] [0:1] [0:1] [0:1] [0:0.33333333333333331] none [0:1] [0:1] [0:96] [0:5840937035] [0:1] [0:1] [0:36281144] [0:230] [0:1] [0:1] [0:1] [0:1] [0:0.33333333333333331] none [0:1] [0:5081691] [0:134] [0:5081691] [0:5081691] none none none
tree_sizes=2920 3091 3109 3070 3096 3104 3098 3071 3085 3108 3103 3122 3094 3102 3106 3078 3126 3108 3094 3107 3103 3111 3123 3108 3110 3114 3092 3102 3118 3113 3095 3116 3068 3106 3123 3097 3102 3108 3107 3093 3111 3111 3095 3074 3136 3081 3112 3110 3089 3087 3096 3138 3122 3121 3147 3085 3077 3103 3097 3050 3052 3100 3095 3043 3078 3076 3092 3085 3087 3084 3073 3018 3033 3047 3008 3043 3030 3072 3083 3068 3058 3044 3048 3034 3015 3078 2960 3067 3021 3061 3024 3029 2974 2977 2990 2995 2962 3029 3059 2996 3034 3027 2985 3025 3073 3096 2973 3014 3001 3010 3010 2971 3062 3031 2980 2964 3004 3045 2978 3090 2887 2981 2900 2952 3024 3023 3055 3055 2943 3011 3102 3035 2974 3012 3020 2951 3064 3023 3038 3052 2908 2971 3027 3036 2952 3019 3015 2967 3040 3045 3094 3018 2973 2945 2962 2979 2960 3020 2961 2954 2975 2969 3074 2920 3015 2968 2998 2941 2996 2970 2938 3008 3063 3004 2975 2991 3011 3038 2978 3082 3006 3074 2942 3051 3053 3005 2939 2986 2975 2966 2970 2992 2992 2908 3020 2940 2920 2934 2935 3013

Tree=0
num_leaves=31
num_cat=0
split_feature=1 10 3 64 137 4 122 4 3 6 6 6 2 64 134 4 0 62 123 63 122 6 137 138 1 13 3 2 20 3
split_gain=51128.2 11748 14900 3717.33 3396.54 2966.91 2721.01 2373.19 2078.64 1845.98 1513.33 1389.47 1471.65 1245.61 1224.43 1022.5 944.724 1355.12 1102.46 805.153 821.43 717.146 681.61 601.35 758.912 725.393 575.108 538.087 629.601 584.956
threshold=543718.00000000012 1.0000000180025095e-35 127474.70000000001 1.0003341740906577 46883.000000000007 20649.610000000004 1.0000000180025095e-35 7124.4500000000007 97876.345000000016 5.7500000000000009 4.5833333333333348 5.7500000000000009 59452.885000000009 0.22589412861281036 12256244.000000002 1.0000000180025095e-35 2057541.0000000002 575205.50000000012 979022.00000000012 0.99745579803532225 1.0000000180025095e-35 4.8333333333333348 538162.50000000012 4.5000000000000009 392007.50000000006 400017.00000000006 237406.67500000002 1830.7700000000002 1.0000000180025095e-35 1423.6600000000003
decision_type=2 2 2 2 2 2 2 2 2 2 2 2 2 2 2 2 2 2 2 2 2 2 2 2 2 2 2 2 2 2
left_child=1 2 4 7 5 6 15 8 16 -4 22 -9 -13 -7 -3 21 17 18 -2 20 -12 -1 -10 24 27 -26 -5 29 -29 -6
right_child=3 14 9 26 23 13 -8 11 10 -11 19 12 -14 -15 -16 -17 -18 -19 -20 -21 -22 -23 -24 -25 25 -27 -28 28 -30 -31
leaf_value=1.1106702038047127 1.0966683355937328 1.4082833886146546 1.0126674180291646 0.99437901546304241 1.1121166825294495 1.1121362209320069 1.1941845893859864 0.94620918479573479 1.0122998696119856 1.0583320655380253 1.0494777907025308 1.04320495705959 1.0237682808018449 1.072524994861997 1.1066532033712373 1.1818997502326964 1.0725441354328922 1.1452740669250487 1.0877065101396293 1.0683327477341855 0.99858251751048521 1.195470929145813 1.0804588871740464 1.1126419901847839 1.0206611723265442 1.1184313654899598 0.87328954935073844 1.1969207882881165 1.0909078451334069 1.0431641136059389
leaf_weight=69805 23600 462224 17667 30917 3608 17319 75505 17584 7128 50733 5651 4971 68064 9383 14777 174873 26193 18420 2371 20730 3020 42804 1132 49531 2386 1320 28434 7938 26684 3416
leaf_count=69805 23600 462224 17667 30917 3608 17319 75505 17584 7128 50733 5651 4971 68064 9383 14777 174873 26193 18420 2371 20730 3020 42804 1132 49531 2386 1320 28434 7938 26684 3416
internal_value=1.12402 1.134 1.12408 1.08424 1.13025 1.13438 1.13675 1.09079 1.10079 1.08039 1.08181 1.07885 1.08493 1.10221 1.1455 1.13231 1.11091 1.11979 1.10508 1.09244 1.06685 1.12488 1.044 1.11328 1.10496 1.0616 1.06227 1.10882 1.11394 1.08358
internal_weight=0 1.02997e+06 552972 258215 484572 389689 362987 198864 108245 68400 37661 90619 73035 26702 477001 287482 70584 44391 25971 29401 8671 112609 8260 94883 45352 3706 59351 41646 34622 7024
internal_count=1288188 1029973 552972 258215 484572 389689 362987 198864 108245 68400 37661 90619 73035 26702 477001 287482 70584 44391 25971 29401 8671 112609 8260 94883 45352 3706 59351 41646 34622 7024
is_linear=0
shrinkage=1


Tree=1
num_leaves=31
num_cat=0
split_feature=1 10 3 64 137 3 6 4 122 4 6 134 64 2 4 3 0 62 123 0 2 4 137 4 64 2 13 2 2 20
split_gain=46471.8 11244.9 12458.8 3746.69 2916.86 2341.34 2936.03 2174.52 2426.46 2072.65 1601.19 1356.35 1048.79 930.57 899.797 814.896 775.335 958.75 1046.31 610.282 1122.24 597.95 940.017 595.878 522.044 496.099 535.728 493.355 781.203 539.947
threshold=526211.50000000012 1.0000000180025095e-35 113402.68500000001 1.0003341740906577 46883.000000000007 89748.030000000013 5.7500000000000009 20649.610000000004 1.0000000180025095e-35 8752.7500000000018 5.7500000000000009 6840994.5000000009 0.52703536339751877 59452.885000000009 0.42500000000000004 173889.84000000005 2139430.5000000005 667327.50000000012 1087596.0000000002 399269.00000000006 13675.200000000003 0.29500000000000004 509042.00000000006 3.4650000000000003 0.18630831984762283 1.3050000000000004 4.5000000000000009 1830.7700000000002 1441.8400000000004 1.0000000180025095e-35
decision_type=2 2 2 2 2 2 2 2 2 2 2 2 2 2 2 2 2 2 2 2 2 2 2 2 2 2 2 2 2 2
left_child=1 2 4 5 7 9 -7 8 14 16 -4 -3 -9 -11 25 -12 17 18 -2 27 -21 22 -8 -22 -19 26 -1 28 -6 -29
right_child=3 11 10 -5 19 6 21 12 -10 13 15 -13 -14 -15 -16 -17 -18 24 -20 20 23 -23 -24 -25 -26 -27 -28 29 -30 -31
leaf_value=0.060608864343192063 -0.019657932573273838 0.26130002379417422 -0.088924579373973786 -0.15740661964372121 -0.0076810586452484182 -0.13045976323054898 -0.11289785257818008 -0.01078219175338746 0.067632229328155519 -0.072606299068722457 -0.012412512113041585 -0.0077454199197958488 -0.045244945984036035 -0.040874786134408314 0.055536071062088022 -0.070674920352538834 -0.048234961209838903 0.025067553520202648 -0.034843065047547153 -0.10042970582011533 0.11282828450202942 -0.088275996083464411 -0.0070975129083929722 -0.024376387700275608 -0.006416133819168124 0.015482867276694257 -0.031018136081920101 0.087321919202804577 -0.07316400759515844 -0.023640050325916481
leaf_weight=6680 27896 454516 20236 59860 6173 26770 3014 17146 72966 5076 15790 22485 7405 9159 151414 39785 22099 10858 2047 2356 2498 85832 1759 8507 6655 114671 10855 11418 3388 58874
leaf_count=6680 27896 454516 20236 59860 6173 26770 3014 17146 72966 5076 15790 22485 7405 9159 151414 39785 22099 10858 2047 2356 2498 85832 1759 8507 6655 114671 10855 11418 3388 58874
internal_value=0 0.00964667 -9.58639e-05 -0.0376057 0.00592016 -0.0310702 -0.0401854 0.00979816 0.0117801 -0.0183015 -0.0377383 0.0208835 -0.0189883 -0.0530673 0.00759607 -0.0289687 -0.0111864 -0.00398162 -0.0148519 -0.00993635 -0.0297175 -0.0315885 -0.0660382 -0.0163078 0.0146039 0.00156824 -0.0140968 -0.00662657 -0.0279391 -0.00372768
internal_weight=0 1.02716e+06 550162 261025 474351 201165 117375 381137 356586 83790 75811 477001 24551 14235 283620 55575 69555 47456 29943 93214 13361 90605 4773 11005 17513 132206 17535 79853 9561 70292
internal_count=1288188 1027163 550162 261025 474351 201165 117375 381137 356586 83790 75811 477001 24551 14235 283620 55575 69555 47456 29943 93214 13361 90605 4773 11005 17513 132206 17535 79853 9561 70292
is_linear=0
shrinkage=0.1


Tree=2
num_leaves=31
num_cat=0
split_feature=1 10 3 64 122 4 4 0 3 3 6 2 4 134 6 6 92 6 63 123 64 123 4 122 63 14 64 2 5 20
split_gain=41698.3 11089.3 10779.3 3300.94 2460.52 2449.77 2081.38 1794.12 1750.35 1530.77 1364.41 1550.55 1347.78 1342.22 1309.9 1227.11 949.353 775.729 747.478 1767.42 1308.33 622.9 611.271 643.547 544.969 497.568 490.995 470.785 464.281 450.918
threshold=543718.00000000012 1.0000000180025095e-35 87991.065000000017 1.0003341740906577 1.0000000180025095e-35 12770.470000000001 7124.4500000000007 146903.50000000003 119579.48500000002 180010.91500000004 5.7500000000000009 59452.885000000009 1.0000000180025095e-35 5085604.0000000009 5.7500000000000009 5.166666666666667 0.0023320287018917161 4.8333333333333348 0.99745579803532225 1117957.0000000002 0.18630831984762283 1087596.0000000002 1.0000000180025095e-35 1.0000000180025095e-35 12212.699557522126 1.0000000180025095e-35 0.52703536339751877 10709.490000000003 1.5000000000000002 6.5000000000000009
decision_type=2 2 2 2 2 2 2 2 2 2 2 2 2 2 2 2 2 2 2 2 2 2 2 2 2 2 2 2 2 2
left_child=1 2 4 6 7 -6 8 12 18 16 -8 -12 17 -3 -10 -11 -4 25 19 -2 -20 -22 23 -16 28 -1 -7 -27 -9 -13
right_child=3 13 9 -5 5 26 10 24 14 15 11 29 -14 -15 22 -17 -18 -19 20 -21 21 -23 -24 -25 -26 27 -28 -29 -30 -31
leaf_value=-0.030026458352690522 -0.033447053202103116 0.23854450261592863 -0.027271512011403355 -0.14252728092428804 0.071856347799301154 -0.0042483646869659443 -0.14730468707446473 0.029074877034111424 -0.095758074457137354 -0.1065892783921103 -0.06555454133997661 -0.081690522339013721 0.059095521155409642 -0.0019542053165796827 0.00056088522260038247 -0.064850102137476315 0.0069557531688541731 0.053789353185676153 0.01878663206100464 -0.042577319296715425 -0.0018079849304611041 -0.040506782485645654 -0.058451113823087569 -0.10555695820994773 -0.036051018251209543 0.0084391395890944139 -0.039470923448418384 -0.06711874425455587 -0.025815324531538654 -0.085293881974711869
leaf_weight=42143 33015 448700 26417 59351 64884 6576 17584 9557 6207 12399 4971 47357 165365 28301 894 38746 12624 53971 17049 4070 11628 12834 20317 2231 1743 42696 4761 2698 68392 20707
leaf_count=42143 33015 448700 26417 59351 64884 6576 17584 9557 6207 12399 4971 47357 165365 28301 894 38746 12624 53971 17049 4070 11628 12834 20317 2231 1743 42696 4761 2698 68392 20707
internal_value=0 0.0092903 -0.00034683 -0.0356509 0.00581661 0.0222375 -0.0294741 0.00257881 -0.0201135 -0.0319743 -0.0406554 -0.0346346 0.00605051 0.0204623 -0.0408175 -0.0433569 -0.0170626 -0.00111359 -0.0123033 -0.022621 -0.00308575 -0.0179069 -0.0300017 -0.0711759 -0.0107898 -0.00692724 -0.0206513 0.000337061 -0.00955321 -0.0306969
internal_weight=0 1.02997e+06 552972 258215 462786 76221 198864 386565 108245 90186 90619 73035 306873 477001 29649 51145 39041 141508 78596 37085 41511 24462 23442 3125 79692 87537 11337 45394 77949 68064
internal_count=1288188 1029973 552972 258215 462786 76221 198864 386565 108245 90186 90619 73035 306873 477001 29649 51145 39041 141508 78596 37085 41511 24462 23442 3125 79692 87537 11337 45394 77949 68064
is_linear=0
shrinkage=0.1


Tree=3
num_leaves=31
num_cat=0
split_feature=0 10 3 64 4 122 4 63 123 0 6 137 134 6 3 64 3 4 2 2 6 13 13 2 0 20 13 146 4 4
split_gain=37122.5 11002.4 9789.05 3028.59 2329.01 2361.33 1866.82 1700.2 3205.26 1742.43 1536.18 1381.66 1289.02 1252.69 1594.2 1166.66 886.44 1073.4 1006.66 678.021 644.957 616.202 507.204 490.547 479.094 455.836 443.514 429.604 418.776 381.603
threshold=800000.50000000012 1.0000000180025095e-35 129651.87000000001 1.0416322033437833 24799.965 1.0000000180025095e-35 7124.4500000000007 0.99745579803532225 1117957.0000000002 1989630.0000000002 5.166666666666667 46883.000000000007 4809163.0000000009 5.7500000000000009 41479.170000000006 0.13508579002615126 72581.990000000005 11787.065000000002 142075.32500000004 1.3050000000000004 5.7500000000000009 142.50000000000003 824193.50000000012 155473.35000000001 1096847.5000000002 6.5000000000000009 4.5000000000000009 800120.00000000012 2018.2000000000003 82.620000000000019
decision_type=2 2 2 2 2 2 2 2 2 2 2 2 2 2 2 2 2 2 2 2 2 2 2 2 2 2 2 2 2 2
left_child=1 2 4 6 5 11 7 8 22 -9 -4 19 -3 -8 -15 -6 17 -7 -18 26 23 28 -2 -11 -5 27 -1 -16 -12 -26
right_child=3 12 10 24 15 16 13 9 -10 20 21 -13 -14 14 25 -17 18 -19 -20 -21 -22 -23 -24 -25 29 -27 -28 -29 -30 -31
leaf_value=0.055162647097718565 -0.066654413045129299 0.21585172303915023 -0.086590372746788657 -0.038893599000044493 -0.017096348228265688 0.074557526183128373 -0.13461308393952764 0.015855279302597048 -0.079070570313793803 -0.019614814831526897 0.0016158942335776723 -0.018775446713099192 -0.00026587183648512091 -0.059800398677334492 -0.077766595294395446 -0.043520787315926603 -0.014695446419715874 -0.0047546791315078666 0.034855146479606636 0.029073817823980597 -0.033677778205463978 -0.06054326848909411 -0.035580725008650303 -0.059373594848726535 -0.038360963753332381 -0.077435752609099698 -0.026966839092287722 0.05171397573578769 -0.047355859123225423 -0.15770118625374591
leaf_weight=6680 7327 446840 17706 6175 18236 57417 17376 23096 8390 2491 9389 95443 30161 4821 42422 10971 5654 8428 5552 276354 34066 30219 23887 2559 2563 20323 10855 2091 14090 46606
leaf_count=6680 7327 446840 17706 6175 18236 57417 17376 23096 8390 2491 9389 95443 30161 4821 42422 10971 5654 8428 5552 276354 34066 30219 23887 2559 2563 20323 10855 2091 14090 46606
internal_value=0 0.00870148 -0.000714485 -0.0346089 0.004273 0.00598852 -0.0285801 -0.0193877 -0.0355838 -0.00907737 -0.0353308 0.00282306 0.0198939 -0.0393339 -0.0333419 -0.0231208 0.0219833 0.0264082 -0.0040166 0.00621792 -0.0219371 -0.0269083 -0.0208346 -0.0552876 -0.0551809 -0.0292166 -0.0128503 -0.0348822 -0.0147554 -0.0584781
internal_weight=0 1.044e+06 566994 244193 495590 466383 188849 101816 39604 62212 71404 389332 477001 87033 69657 29207 77051 65845 11206 293889 39116 53698 31214 5050 55344 64836 17535 44513 23479 49169
internal_count=1288188 1043995 566994 244193 495590 466383 188849 101816 39604 62212 71404 389332 477001 87033 69657 29207 77051 65845 11206 293889 39116 53698 31214 5050 55344 64836 17535 44513 23479 49169
is_linear=0
shrinkage=0.1


Tree=4
num_leaves=31
num_cat=0
split_feature=1 10 3 3 6 4 63 64 0 62 134 4 4 6 64 4 137 3 122 62 64 20 90 4 123 6 20 6 123 62
split_gain=33276.2 7760.59 7211.8 6834.03 3229.97 1795.55 1578.03 1289.18 1288.5 1515.77 1271.03 1249.41 1503.87 938.977 858.994 839.773 1088.94 785.335 1393.13 690.007 683.927 635.326 619.22 616.235 614.847 605.079 576.608 570.232 566.266 532.325
threshold=278243.50000000006 1.0000000180025095e-35 87991.065000000017 173889.84000000005 5.7500000000000009 8752.7500000000018 29396.088888888891 1.0003341740906577 2528452.0000000005 323395.50000000006 3350422.0000000005 26222.835000000003 1.0000000180025095e-35 7.5833333333333348 0.19361765252659038 0.29500000000000004 269666.50000000006 68469.880000000019 1.0000000180025095e-35 1908092.0000000002 0.085304537682669004 2.5000000000000004 0.74518287706535602 3273.5200000000009 2.5000000000000004 11.833333333333334 2.5000000000000004 4.8333333333333348 277975.00000000006 1260781.5000000002
decision_type=2 2 2 2 2 2 2 2 2 2 2 2 2 2 2 2 2 2 2 2 2 2 2 2 2 2 2 2 2 2
left_child=1 3 5 11 -4 6 8 15 9 21 -3 12 17 -5 -7 16 -6 18 27 -10 -13 -2 -17 -11 -14 -16 -27 -1 -23 -8
right_child=2 10 4 13 7 14 29 -9 19 23 -12 20 24 -15 25 22 -18 -19 -20 -21 -22 28 -24 -25 -26 26 -28 -29 -30 -31
leaf_value=-0.016448984440280534 -0.031127957186099869 0.20026530523657798 -0.11396198324459852 -0.074310892909135701 -0.083321478961446788 -0.010112261209563173 -0.0017759553863672475 -0.13450466044367315 -0.054687429348588827 0.022893089118003852 0.0089021128233596879 -0.008584780331686177 0.036775838705095952 -0.04341375885647495 -0.026289796196275257 -0.057266690790836051 -0.0024185194094741959 -0.017316464147198739 0.05987084800481797 -0.030275213126537828 -0.052755778988918069 -0.016328513791154915 -0.16306656468637204 -0.0071075264386907594 0.057578855102062225 -0.055179714757237611 -0.028501484689853092 0.038434131580147857 0.031078788583278661 -0.032236216139830666
leaf_weight=90906 26822 435965 49891 18840 3343 9066 854 30968 7036 36792 41036 12765 197513 26002 16900 88252 1815 8159 12985 7507 7736 29328 5826 10569 34610 5713 1527 61670 5388 2404
leaf_count=90906 26822 435965 49891 18840 3343 9066 854 30968 7036 36792 41036 12765 197513 26002 16900 88252 1815 8159 12985 7507 7736 29328 5826 10569 34610 5713 1527 61670 5388 2404
internal_value=0 0.0103792 -0.0260852 0.00127666 -0.0398087 -0.0106291 -0.00520426 -0.0315188 -0.0033912 0.000342387 0.0193708 0.00518241 0.00639911 -0.035858 -0.0313279 -0.0259602 -0.0652473 -0.000637451 0.000855144 -0.0313485 -0.0189035 -0.0100077 -0.0238062 0.0137906 0.0116652 -0.0411845 -0.0653732 -0.00182091 -0.00107654 -0.0738993
internal_weight=0 948187 340001 471186 180095 159906 126700 130204 123442 108899 477001 426344 405843 44842 33206 99236 5158 173720 165561 14543 20501 61538 94078 47361 232123 24140 7240 152576 34716 3258
internal_count=1288188 948187 340001 471186 180095 159906 126700 130204 123442 108899 477001 426344 405843 44842 33206 99236 5158 173720 165561 14543 20501 61538 94078 47361 232123 24140 7240 152576 34716 3258
is_linear=0
shrinkage=0.1


Tree=5
num_leaves=31
num_cat=0
split_feature=0 3 10 3 6 4 1 123 64 134 63 4 3 64 4 137 4 4 3 4 90 3 122 3 6 14 3 137 6 62
split_gain=30326.7 8193.01 6305.73 4739.1 2874.5 2158.79 1624.84 2119.65 1287.15 1244.59 1177.16 1021.65 964.685 958.462 943.461 1088.04 794.916 1216.81 683.645 673.521 585.561 570.955 1011.88 547.047 536.451 500.347 487.444 1502.39 477.95 463.762
threshold=179724.00000000003 87991.065000000017 1.0000000180025095e-35 173889.84000000005 5.7500000000000009 9708.4100000000017 1261114.0000000002 75590.000000000015 1.130526998209149 3350422.0000000005 5088.6225326661115 1.0000000180025095e-35 33856.720000000008 0.39370658522612806 0.29500000000000004 175484.00000000003 0.83000000000000018 11787.065000000002 109187.73500000002 43048.525000000001 0.40827819044499442 65688.385000000024 1.0000000180025095e-35 180010.91500000004 4.8333333333333348 1.0000000180025095e-35 12163.075000000003 392013.50000000006 6.5833333333333348 1566144.5000000002
decision_type=2 2 2 2 2 2 2 2 2 2 2 2 2 2 2 2 2 2 2 2 2 2 2 2 2 2 2 2 2 2
left_child=2 5 3 11 18 6 7 26 14 -4 29 21 -9 -7 15 -6 -5 -18 -3 -13 23 22 24 -16 25 -1 27 -2 -19 -8
right_child=1 4 9 16 8 13 10 12 -10 -11 -12 19 -14 -15 20 -17 17 28 -20 -21 -22 -23 -24 -25 -26 -27 -28 -29 -30 -31
leaf_value=-0.027277827048412046 -0.026832886303769444 -0.028088750543668464 0.18023877471292016 -0.072158961548202546 -0.074046549434792969 -0.017827942528208362 -0.033929891852724055 0.068926028023481384 -0.1188458085638682 0.0080119015410237138 -0.031515806621539959 0.042037707312277343 0.0043594023648686232 -0.03641225166534675 -0.018465268047187927 -0.0020220760889762658 -0.0023060593345545113 -0.09010747173688656 -0.10951001243839315 -0.024145859299276748 -0.13907173987958299 -0.014946898421821415 0.060848732839345936 -0.070448153162454119 0.043795392189222904 0.003275029604250035 -0.0026353742317815898 -0.08437224653153623 -0.065839236906519799 -0.006781485457646801
leaf_weight=43010 28099 6264 435965 3257 3543 16045 14879 21902 31607 41036 1986 208952 21459 21394 33008 1831 12345 8617 46807 9687 6390 8680 10491 61449 56832 44668 55631 2289 13860 16205
leaf_count=43010 28099 6264 435965 3257 3543 16045 14879 21902 31607 41036 1986 208952 21459 21394 33008 1831 12345 8617 46807 9687 6390 8680 10491 61449 56832 44668 55631 2289 13860 16205
internal_value=0 -0.022316 0.0110604 0.00213137 -0.0371324 -0.00816591 -0.00317692 0.00187934 -0.029518 0.0189298 -0.0229585 0.00548215 0.0199073 -0.0298134 -0.0242465 -0.0650727 -0.0315111 -0.0270923 -0.0569075 0.00995489 -0.0220709 -0.000492369 0.000905268 -0.020089 -0.00127173 -0.00617704 -0.0072083 -0.0173936 -0.0409459 -0.0181896
internal_weight=0 390788 897400 420399 190899 199889 162450 129380 137828 477001 33070 382320 43361 37439 106221 5374 38079 34822 53071 218639 100847 163681 155001 94457 144510 87678 86019 30388 22477 31084
internal_count=1288188 390788 897400 420399 190899 199889 162450 129380 137828 477001 33070 382320 43361 37439 106221 5374 38079 34822 53071 218639 100847 163681 155001 94457 144510 87678 86019 30388 22477 31084
is_linear=0
shrinkage=0.1


Tree=6
num_leaves=31
num_cat=0
split_feature=0 10 4 0 3 137 4 6 3 64 63 134 62 3 20 63 6 62 123 64 4 5 3 123 122 12 6 62 137 6
split_gain=27373.8 9264.04 6469.99 2790.84 1953.54 1882.09 1837.72 1518.16 1465.63 1349.23 1300.42 1239.76 1185.29 988.798 970.881 968.339 902.027 740.894 1197.91 820.345 716.314 706.909 670.329 1263.43 869.952 588.315 571.875 510.308 508.828 487.257
threshold=800000.50000000012 1.0000000180025095e-35 17994.575000000004 2786344.0000000005 249927.69500000004 3.5000000000000004 9708.4100000000017 5.7500000000000009 41479.170000000006 0.38710193439720558 24853.218487394963 1993809.5000000002 1833822.5000000002 195522.54000000004 1.0000000180025095e-35 0.073956581616016301 4.166666666666667 277931.00000000006 1339068.5000000002 0.089811937072460282 0.8450000000000002 1.5000000000000002 59078.220000000008 524.50000000000011 1.0000000180025095e-35 1.0000000180025095e-35 5.7500000000000009 1218420.0000000002 1041187.0000000001 6.5833333333333348
decision_type=2 2 2 2 2 2 2 2 2 2 2 2 2 2 2 2 2 2 2 2 2 2 2 2 2 2 2 2 2 2
left_child=1 2 4 6 5 15 10 -5 -8 13 17 -3 28 -4 -14 22 -10 18 -2 -19 -6 -7 24 -24 -1 -18 -11 -12 -9 -15
right_child=3 11 9 7 20 21 8 12 16 26 27 -13 14 29 -16 -17 25 19 -20 -21 -22 -23 23 -25 -26 -27 -28 -29 -30 -31
leaf_value=0.038894152701533673 -0.017483428476855589 0.1680109959507346 -0.014415204220702957 -0.1113945019283263 -0.077274706439386012 0.099747560418444445 -0.046095855550488223 -0.11936587784869573 -0.078720827714102146 -0.081009810219510606 0.00026274049642884846 0.016873463359291654 -0.13276139556390054 -0.090859121075280769 -0.05567184349233685 0.0470029908889978 -0.048634355806868923 0.019606525633834606 -0.032118281342715889 -0.0047134927933183872 -0.024342228952593234 -0.0075286657137175698 0.0093517998165475683 -0.014955138063744534 0.05691017513005734 0.028807354682749156 -0.045160113103555589 -0.026769303114622969 -0.074907549691713524 -0.066501486204901331
leaf_weight=96323 28292 422952 34406 34618 2946 40041 4536 20826 9626 7795 777 54049 8866 7027 45864 65056 39230 11173 2891 27878 8868 222936 23271 9706 18857 3156 16919 2566 3894 12843
leaf_count=96323 28292 422952 34406 34618 2946 40041 4536 20826 9626 7795 777 54049 8866 7027 45864 65056 39230 11173 2891 27878 8868 222936 23271 9706 18857 3156 16919 2566 3894 12843
internal_value=0 0.00817224 -0.000467914 -0.029019 0.00382979 0.00482636 -0.0190098 -0.0404373 -0.0325655 -0.0270194 -0.00859147 0.0184425 -0.0328221 -0.0182002 -0.0246134 0.0118084 -0.0278112 -0.00569102 -0.0171848 0.00348696 -0.0363392 -0.000834443 0.0073427 -0.00522818 0.0109419 -0.0215354 -0.0463876 -0.0695278 -0.0509962 -0.0359613
internal_weight=0 1.044e+06 566994 244193 488004 476190 130125 114068 56548 78990 73577 477001 79450 54276 54730 213213 52012 70234 31183 39051 11814 262977 148157 32977 115180 42386 24714 3343 24720 19870
internal_count=1288188 1043995 566994 244193 488004 476190 130125 114068 56548 78990 73577 477001 79450 54276 54730 213213 52012 70234 31183 39051 11814 262977 148157 32977 115180 42386 24714 3343 24720 19870
is_linear=0
shrinkage=0.1


Tree=7
num_leaves=31
num_cat=0
split_feature=0 3 10 3 6 4 63 62 0 64 134 123 64 4 137 4 123 3 137 6 4 6 3 4 62 64 90 94 6 20
split_gain=24788.3 7343.42 5293.16 3426.08 2661.56 2174.92 1445.75 1430.15 1429.38 1292.77 1222.39 1187.56 1054.95 821.209 817.654 761.435 692.717 1019.99 634.823 630.01 623.49 570.749 554.439 534.572 518.923 499.432 467.456 461.377 457.278 723.113
threshold=146903.50000000003 119579.48500000002 1.0000000180025095e-35 198366.82500000004 4.5833333333333348 8752.7500000000018 29396.088888888891 100016.00000000001 1920625.0000000002 0.21740050118376419 1924172.5000000002 1824821.0000000002 1.130526998209149 0.42500000000000004 150060.00000000003 1.0000000180025095e-35 57757.500000000007 33856.720000000008 200.50000000000003 6.5833333333333348 12088.715000000002 6.416666666666667 264857.90000000008 124.72500000000001 1260781.5000000002 0.28571704475410514 0.40827819044499442 1.9999951229028483 11.833333333333334 2.5000000000000004
decision_type=2 2 2 2 2 2 2 2 2 2 2 2 2 2 2 2 2 2 2 2 2 2 2 2 2 2 2 2 2 2
left_child=2 5 3 15 -3 6 7 11 18 -7 -4 16 13 14 -6 -1 -2 -18 -9 22 -17 -19 27 -20 -8 -10 -15 -5 -11 -30
right_child=1 4 10 19 12 9 24 8 25 28 -12 -13 -14 26 -16 20 17 21 23 -21 -22 -23 -24 -25 -26 -27 -28 -29 29 -31
leaf_value=-0.00082862362375808469 -0.02952858633684027 -0.093653126692448199 0.15151850536445022 -0.026130760970305367 -0.059357633813979627 -0.010422372803946596 -0.0033391709756677539 0.030410289682465154 0.0045695101267536464 -0.021757268482802683 0.015574965804948172 -0.034765033977304953 -0.10590042547048842 -0.047181299619201297 0.009573240952124841 0.043284380799394673 0.058950738792378915 0.0039276849315411644 0.12040776729266381 -0.031990967936235085 -0.0068188094447801609 -0.015632523169814085 -0.078896673006510709 -0.0062966544721664783 -0.023441334991221145 -0.022946895252548737 -0.12372075994643211 0.016800056765582161 -0.045125820561502175 -0.022933280688414007
leaf_weight=158958 83028 42741 422178 2897 2794 20095 1055 40481 7489 25436 54823 1928 29395 84870 916 181914 6176 3665 4325 17914 30900 2620 8066 16785 2423 17785 5630 1287 6853 2761
leaf_count=158958 83028 42741 422178 2897 2794 20095 1055 40481 7489 25436 54823 1928 29395 84870 916 181914 6176 3665 4325 17914 30900 2620 8066 16785 2423 17785 5630 1287 6853 2761
internal_value=0 -0.0190614 0.0107333 0.00227932 -0.0352484 -0.00797627 -0.00284818 -0.00164268 0.00768651 -0.0254366 0.0178568 -0.00996135 -0.0278103 -0.0226498 -0.068762 0.00490914 -0.00839248 0.0135931 0.0159038 -0.0301333 0.00882042 -0.0147681 -0.0476099 0.00184501 -0.0667219 -0.0123385 -0.0207595 -0.0180712 -0.0370299 -0.0556087
internal_weight=0 409251 878937 401936 166346 242905 187760 184282 86865 55145 477001 97417 123605 94210 3710 371772 95489 12461 61591 30164 212814 6285 12250 21110 3478 25274 90500 4184 35050 9614
internal_count=1288188 409251 878937 401936 166346 242905 187760 184282 86865 55145 477001 97417 123605 94210 3710 371772 95489 12461 61591 30164 212814 6285 12250 21110 3478 25274 90500 4184 35050 9614
is_linear=0
shrinkage=0.1


Tree=8
num_leaves=31
num_cat=0
split_feature=0 10 4 64 64 137 62 123 3 3 3 62 4 64 6 4 62 64 6 20 6 134 127 63 123 62 123 2 3 4
split_gain=22154.4 8884.98 5959.6 2475.58 1724.14 1647.07 1527.25 1615.89 1376.29 1354.5 1291.47 1268.03 1205.6 1182.92 1171.29 899.284 586.983 571.237 555.5 539.503 533.007 531.39 456.167 445.889 414.342 387.876 353.341 348.296 398.044 1235.25
threshold=1280385.0000000002 1.0000000180025095e-35 12088.715000000002 1.130526998209149 0.68553851024129075 30660.000000000004 892204.00000000012 2500989.5000000005 180010.91500000004 252275.21500000003 189461.23000000001 25.500000000000004 642125.13500000013 0.27720881234407313 5.7500000000000009 0.8450000000000002 824113.50000000012 0.98471623664977137 6.5833333333333348 1.5000000000000002 4.166666666666667 5085604.0000000009 0.88194444444444453 34881.909259259271 1087596.0000000002 1461695.5000000002 2585512.0000000005 1.3050000000000004 64694.055000000008 0.42500000000000004
decision_type=2 2 2 2 2 2 2 2 2 2 2 2 2 2 2 2 2 2 2 2 2 2 2 2 2 2 2 2 2 2
left_child=1 2 5 6 10 9 7 16 13 11 -4 22 21 -8 -10 -11 -2 -13 -12 26 -6 -3 27 -5 -15 -19 -16 -1 -29 -30
right_child=3 12 4 23 20 -7 8 -9 14 15 18 17 -14 24 19 -17 -18 25 -20 -21 -22 -23 -24 -25 -26 -27 -28 28 29 -31
leaf_value=-0.017147506198051565 -0.057342917521722464 0.13910241265576398 -0.0080298967844709464 -0.11031625510471776 -0.067565596896727184 -0.016521929545810023 0.008423229283368661 -0.053051855608196613 -0.1012249679488476 -0.064150015476825403 -0.073459731530835362 0.05042520165545919 0.012906426724911114 -0.0087618886850764355 -0.024663659939255341 -0.010075479014134971 -0.040380876321911258 0.01499065391547917 -0.052812063359703246 -0.053248076592860974 -0.037238882126718303 -0.019503521385669333 0.030280140406654856 -0.037627341989247387 -0.030126837645928162 -0.014046553359166486 -0.11517856123796291 0.020232921856628838 -0.015139651897727585 0.011433071999241663
leaf_weight=17535 34632 411029 54027 41537 8836 122906 21466 4464 10358 3023 9372 68307 56588 15115 2483 7201 2979 55828 17986 34322 22524 9384 7701 4614 16959 517 3497 193116 10708 19174
leaf_count=17535 34632 411029 54027 41537 8836 122906 21466 4464 10358 3023 9372 68307 56588 15115 2483 7201 2979 55828 17986 34322 22524 9384 7701 4614 16959 517 3497 193116 10708 19174
internal_value=0 0.00684097 -0.00106524 -0.029949 -0.0218565 0.00356724 -0.023578 -0.0396582 -0.0170849 0.0067987 -0.0141802 0.00778328 0.0170968 -0.00590563 -0.0288997 -0.0291105 -0.0329067 0.0160125 -0.0318826 -0.0211911 -0.041778 0.0189413 0.00365094 -0.050142 -0.0180658 0.00855893 -0.0489096 0.0028839 0.00395096 -0.0067894
internal_weight=0 1.09576e+06 618761 192426 112745 506016 146275 42075 104200 383110 81385 372886 477001 53540 50660 10224 37611 124652 27358 40302 31360 420413 248234 46151 32074 56345 5980 240533 222998 29882
internal_count=1288188 1095762 618761 192426 112745 506016 146275 42075 104200 383110 81385 372886 477001 53540 50660 10224 37611 124652 27358 40302 31360 420413 248234 46151 32074 56345 5980 240533 222998 29882
is_linear=0
shrinkage=0.1


Tree=9
num_leaves=31
num_cat=0
split_feature=0 10 3 0 4 3 4 122 63 2 3 62 20 123 6 6 4 6 64 2 3 0 12 13 3 4 14 63 124 64
split_gain=19631.2 7049.24 4652.92 2589.88 1646.64 1424.79 1356.76 1394.16 1169.17 1156.55 1044.41 1018.37 1070.62 1000.89 934.304 909.948 782.959 738.596 712.765 666.468 638.265 1116.04 551.635 537.029 515.363 506.783 497.658 482.126 1092.38 564.781
threshold=800000.50000000012 1.0000000180025095e-35 159396.17000000001 2978889.0000000005 9708.4100000000017 41479.170000000006 31416.910000000003 1.0000000180025095e-35 34881.909259259271 591987.56000000017 25201.920000000002 1566144.5000000002 1.0000000180025095e-35 2945829.5000000005 5.7500000000000009 6.5833333333333348 1.0000000180025095e-35 4.166666666666667 0.10264011052872198 7941.5150000000012 12163.075000000003 340879.50000000006 1.0000000180025095e-35 3279619.0000000005 255235.25500000003 44377.215000000004 1.0000000180025095e-35 0.12771754778298194 7.5000000000000009 0.05314435975223631
decision_type=2 2 2 2 2 2 2 2 2 2 2 2 2 2 2 2 2 2 2 2 2 2 2 2 2 2 2 2 2 2
left_child=1 2 6 4 8 -6 7 16 27 -3 -9 13 -13 23 -14 24 19 -7 -8 26 21 -21 -19 -5 25 -4 -1 28 -2 -29
right_child=3 9 15 11 5 17 18 10 -10 -11 -12 12 14 -15 -16 -17 -18 22 -20 20 -22 -23 -24 -25 -26 -27 -28 29 -30 -31
leaf_value=-0.016578902042381157 -0.010764385934408136 0.12464705115092976 -0.0037713965237557837 -0.11788660818710886 -0.034032036452240531 -0.057859841478334187 -0.011577569288997829 0.062648454928469113 -0.017578619113777488 0.014794022921133389 0.0049080336237794066 -0.097071688529503375 -0.079860802843745846 -0.048737206625623079 -0.040638233659979407 -0.025430660395163902 0.016198446273938606 -0.036571114606000842 -0.043701930281312501 -0.049201297745088524 -0.01189784114312952 -0.072036047997114938 0.034407465994383872 -0.061480425241677933 -0.0681877591978894 -0.067539083999057101 0.022706839469371222 0.015967904951486169 -0.02555716714081956 -0.0016578660703987251
leaf_weight=70539 26385 412526 5738 28831 4539 10425 17533 36115 3130 64475 44325 12146 14200 3863 44812 37163 224482 41202 10689 10667 18813 2576 3206 4310 13498 4027 70829 9825 2638 34681
leaf_count=70539 26385 412526 5738 28831 4539 10425 17533 36115 3130 64475 44325 12146 14200 3863 44812 37163 224482 41202 10689 10667 18813 2576 3206 4310 13498 4027 70829 9825 2638 34681
internal_value=0 0.00739059 -0.000146299 -0.0241048 -0.0149217 -0.0274234 0.00298242 0.00423948 -0.00523916 0.0163494 0.0162466 -0.0356541 -0.0286569 -0.0491097 -0.023092 -0.0263752 0.00181214 -0.0229664 -0.018324 -0.00323465 -0.016253 -0.0330713 -0.0173431 -0.0434947 -0.0418855 -0.0243861 -0.000282669 -0.00269116 -0.0127186 0.00384786
internal_weight=0 1.044e+06 566994 244193 136031 59372 506568 478346 76659 477001 80440 108162 71158 37004 59012 60426 397906 54833 28222 173424 32056 13243 44408 33141 23263 9765 141368 73529 29023 44506
internal_count=1288188 1043995 566994 244193 136031 59372 506568 478346 76659 477001 80440 108162 71158 37004 59012 60426 397906 54833 28222 173424 32056 13243 44408 33141 23263 9765 141368 73529 29023 44506
is_linear=0
shrinkage=0.1


Tree=10
num_leaves=31
num_cat=0
split_feature=0 3 10 3 6 4 0 123 2 63 64 64 63 123 64 6 3 2 12 6 2 136 6 20 3 2 137 20 134 62
split_gain=17547 6074.7 3936.06 2320.07 2181.97 1635.85 1326.56 2013.29 1269.71 1190.03 1137.67 863.379 758.945 1278.34 804.859 673.727 609.091 685.356 575.674 528.681 524.046 516.1 500.49 691.723 573.324 488.995 588.523 1378.17 487.606 452.483
threshold=146903.50000000003 156540.11000000002 1.0000000180025095e-35 252275.21500000003 5.166666666666667 8752.7500000000018 1452401.0000000002 57757.500000000007 333407.9150000001 34881.909259259271 0.20002170837844593 1.0000128766417722 0.30346105781564531 1925415.0000000002 0.046874996392831658 4.8333333333333348 82324.425000000017 11730.030000000001 1.0000000180025095e-35 4.8333333333333348 33907.750000000007 1.0000000180025095e-35 11.833333333333334 2.5000000000000004 52790.730000000003 14762.040000000003 392013.50000000006 1.0000000180025095e-35 16092966.500000002 575205.50000000012
decision_type=2 2 2 2 2 2 2 2 2 2 2 2 2 2 2 2 2 2 2 2 2 2 2 2 2 2 2 2 2 2
left_child=2 5 3 16 -3 6 7 25 -4 12 -7 18 13 -8 -14 -5 17 19 -6 -1 -9 -18 24 -24 -12 26 -2 -28 -10 -26
right_child=1 4 8 15 11 10 9 20 28 -11 22 -13 14 -15 -16 -17 21 -19 -20 -21 -22 -23 23 -25 29 -27 27 -29 -30 -31
leaf_value=-0.0080577703079284472 -0.027987738684035191 -0.084299967439161475 0.13299123351752626 -0.054020257118167783 -0.051067760446291903 -0.0062971645298759947 -0.030021531895123216 0.048877432326256409 0.027923647537894558 -0.021914799856299738 -0.0026920809803871039 -0.087057320640364783 0.012747152938053487 -0.0327167704492368 -0.0097876666078482791 -0.035437878173000766 -0.0010898529027971485 0.032508385602806715 0.013966937792988687 0.039884770337914134 0.008450900135246589 -0.02628647400769404 -0.034899013307787621 -0.017913750494284113 -0.041637168311653802 0.00086396845877338431 0.13805227788109115 -0.061030782626501773 -0.029328027639434453 -0.022098156474336918
leaf_weight=102325 36465 36329 343156 5755 69653 25104 13429 18375 121799 2166 11247 25586 6545 2813 35862 14361 34303 94261 6232 140549 26686 10382 7419 3076 12010 56350 1315 3040 12046 9549
leaf_count=102325 36465 36329 343156 5755 69653 25104 13429 18375 121799 2166 11247 25586 6545 2813 35862 14361 34303 94261 6232 140549 26686 10382 7419 3076 12010 56350 1315 3040 12046 9549
internal_value=0 -0.0157299 0.00933794 0.00204785 -0.0328296 -0.00704941 -0.0025436 0.00274175 0.0154808 -0.0149047 -0.020424 -0.0253003 -0.0122164 -0.0305976 -0.00517639 -0.0310523 0.00379172 0.0052458 -0.0199442 0.00243693 0.0202129 -0.00717894 -0.0302434 -0.0492513 -0.0241626 -0.00536022 -0.013695 -0.0484398 0.00721971 -0.0337109
internal_weight=0 409251 878937 401936 137800 271451 203046 142231 477001 60815 68405 101471 58649 16242 42407 20116 381820 337135 75885 242874 45061 44685 43301 10495 32806 97170 40820 4355 133845 21559
internal_count=1288188 409251 878937 401936 137800 271451 203046 142231 477001 60815 68405 101471 58649 16242 42407 20116 381820 337135 75885 242874 45061 44685 43301 10495 32806 97170 40820 4355 133845 21559
is_linear=0
shrinkage=0.1


Tree=11
num_leaves=31
num_cat=0
split_feature=0 10 4 64 4 2 64 62 123 2 3 123 64 3 6 62 137 2 20 3 122 3 3 13 0 63 134 8 124 20
split_gain=15643.5 6524.68 4203.68 2247.51 1353.57 1646.1 1266.66 1212.27 1783.49 1208.26 1193.89 1077.53 922.978 882.2 783.098 688.858 678.447 700.057 823.349 697.31 973.758 538.588 637.262 1007.9 483.478 481.731 444.249 417.921 509.186 413.782
threshold=1327176.5000000002 1.0000000180025095e-35 11046.410000000002 1.4590032456994486 0.42500000000000004 155473.35000000001 0.6387436957922098 824162.50000000012 2500989.5000000005 319798.12000000005 198366.82500000004 2.5000000000000004 0.27720881234407313 204581.42000000001 5.166666666666667 824113.50000000012 1550.5000000000002 129.22500000000002 2.5000000000000004 54331.740000000005 1.0000000180025095e-35 7661.8700000000017 12163.075000000003 345053.00000000006 38825.500000000007 34881.909259259271 6840994.5000000009 1.0000000180025095e-35 4.5000000000000009 1.5000000000000002
decision_type=2 2 2 2 2 2 2 2 2 2 2 2 2 2 2 2 2 2 2 2 2 2 2 2 2 2 2 2 2 2
left_child=1 2 4 7 5 16 13 8 15 -3 12 24 -9 -4 -12 27 19 18 -18 20 -1 -19 23 -23 -6 -5 -11 28 -2 -16
right_child=3 9 6 25 11 -7 -8 10 -10 26 14 -13 -14 -15 29 -17 17 21 -20 -21 -22 22 -24 -25 -26 -27 -28 -29 -30 -31
leaf_value=0.010192313334879178 -0.0097007177777186093 0.1209092370120871 -0.0064651200884577389 -0.086414083107414885 0.030047528716472451 -0.0331186319167023 -0.031192363288308961 0.0074925050223277005 -0.038790046520614768 0.027498754513553703 -0.086034910429222275 0.029929762600295142 -0.015415540361009429 -0.051092486703032153 -0.067563736837151347 -0.032357394411533603 -0.071409426663094674 0.0066591767687253283 -0.025113135757776708 -0.0077058909939796034 0.037074978095095613 -0.045119009164749382 -0.010423100446082552 -0.059648861370344246 -0.00057708323136476116 -0.027880703822310612 -0.016640618184531265 -0.078132428061289214 -0.019150570279933544 -0.043945197936017963
leaf_weight=85236 13684 338679 60034 39039 110724 5100 34697 24113 4464 116505 9347 58079 35039 24560 5980 1974 4768 65937 7579 11914 16096 10592 24930 2570 98917 4531 21817 18604 1428 31251
leaf_count=85236 13684 338679 60034 39039 110724 5100 34697 24113 4464 116505 9347 58079 35039 24560 5980 1974 4768 65937 7579 11914 16096 10592 24930 2570 98917 4531 21817 18604 1428 31251
internal_value=0 0.00596003 -0.000789767 -0.0251542 0.00321681 -0.0023264 -0.0176651 -0.0192018 -0.0339939 0.0147579 -0.0135841 0.00807679 -0.00415461 -0.0110657 -0.0255591 -0.0265405 -0.00107836 -0.00644041 -0.0289533 0.0044319 0.00712255 -0.00376839 -0.0132351 -0.031036 0.00473757 -0.0450842 0.00688254 -0.0231789 -0.0108259 -0.0190623
internal_weight=0 1.09873e+06 621733 189454 502442 234722 119291 145884 40154 477001 105730 267720 59152 84594 46578 35690 229622 116376 12347 113246 101332 104029 38092 13162 209641 43570 138322 33716 15112 37231
internal_count=1288188 1098734 621733 189454 502442 234722 119291 145884 40154 477001 105730 267720 59152 84594 46578 35690 229622 116376 12347 113246 101332 104029 38092 13162 209641 43570 138322 33716 15112 37231
is_linear=0
shrinkage=0.1


Tree=12
num_leaves=31
num_cat=0
split_feature=1 3 10 6 3 0 123 3 2 62 63 4 64 0 5 124 6 136 64 137 6 134 64 4 4 6 137 2 4 20
split_gain=13746 5954.03 2515.82 1930.46 1423.66 1330.11 1297.51 1494.27 1277.01 1136.51 849.803 818.127 1112.33 770.264 668.344 836.944 625.276 622.775 569.054 551.74 528.654 433.046 412.607 395.402 394.952 538.843 1053.36 645.899 487.707 455.096
threshold=57952.500000000007 156540.11000000002 1.0000000180025095e-35 9.8333333333333339 264857.90000000008 2978889.0000000005 47374.000000000007 20409.820000000003 216530.95500000005 1566144.5000000002 37075.431286549712 3273.5200000000009 0.50986240473180511 60004.500000000007 3.0000000000000004 4.5000000000000009 4.166666666666667 1.0000000180025095e-35 0.49999967422076647 40.500000000000007 4.8333333333333348 6840994.5000000009 0.52703536339751877 17994.575000000004 9201.5250000000033 11.833333333333334 400140.00000000006 60511.555000000008 29305.660000000003 1.0000000180025095e-35
decision_type=2 2 2 2 2 2 2 2 2 2 2 2 2 2 2 2 2 2 2 2 2 2 2 2 2 2 2 2 2 2
left_child=2 5 4 16 -1 6 10 -8 -4 17 13 14 23 -2 15 -9 -3 -7 -5 -12 -6 -10 -11 -13 29 28 -27 -28 -26 -15
right_child=1 3 8 18 20 9 7 11 21 22 19 12 -14 24 -16 -17 -18 -19 -20 -21 -22 -23 -24 -25 25 26 27 -29 -30 -31
leaf_value=0.010806004504609057 -0.060467585949348493 -0.068248952371173371 0.1236238209707905 -0.015646789533620989 -0.046393908483651332 -0.048614065300328871 0.045894108087224453 0.0047392328206822942 0.025779506395595189 0.011176860106188936 -0.0097067433764097179 0.023789350608482085 -0.020056614183422611 0.019075814311566599 0.010483107200183518 -0.013117938642913302 -0.057359775040736007 -0.045362878752117801 -0.060076517864881579 -0.015504883774701161 -0.03084179843242071 -0.01450820975845362 -0.021227975784919181 -0.013531020729820487 0.0086124617401740385 -0.015753764833417467 -0.025852954961724246 -0.0020009981604923789 -0.014617060750004669 -0.010741934950254222
leaf_weight=324573 2302 36737 280445 36957 4333 8835 22314 5969 174148 7084 3529 8156 11573 23945 28479 4810 51494 5250 18818 1963 10659 22408 12376 7636 11156 8710 4475 1309 21299 126446
leaf_count=324573 2302 36737 280445 36957 4333 8835 22314 5969 174148 7084 3529 8156 11573 23945 28479 4810 51494 5250 18818 1963 10659 22408 12376 7636 11156 8710 4475 1309 21299 126446
internal_value=0 -0.0122862 0.00915679 -0.0292335 0.00257806 -0.0048369 -0.00268486 0.00740318 0.01384 -0.0237027 -0.00705859 -9.83504e-05 -0.0133712 -0.00599106 0.00915357 -0.0120549 -0.0384391 -0.0453381 -0.0146712 -0.0458648 -0.0275498 0.00765961 -0.00804311 0.00388809 -0.00532019 -0.0133271 -0.0293582 -0.0624399 -0.00616774 -0.00282061
internal_weight=0 471622 816566 144006 339565 327616 294071 88937 477001 33545 205134 66623 27365 199642 39258 10779 88231 14085 55775 5492 14992 196556 19460 15792 197340 46949 14494 5784 32455 150391
internal_count=1288188 471622 816566 144006 339565 327616 294071 88937 477001 33545 205134 66623 27365 199642 39258 10779 88231 14085 55775 5492 14992 196556 19460 15792 197340 46949 14494 5784 32455 150391
is_linear=0
shrinkage=0.1


Tree=13
num_leaves=31
num_cat=0
split_feature=0 10 4 64 2 6 62 123 3 137 3 62 64 4 6 64 4 64 3 62 1 20 123 63 3 64 134 64 8 124
split_gain=12536.3 5145.13 3572.36 1831.5 1336.87 1138.06 1060.56 1704.37 954.484 916.343 853.576 803.201 718.004 682.266 673.39 655.18 711.238 630.897 578.635 555.251 483.456 464.021 558.76 438.928 425.239 377.175 373.035 355.771 350.48 337.123
threshold=1366986.0000000002 1.0000000180025095e-35 48486.020000000011 1.4590032456994486 196767.88500000004 4.166666666666667 824162.50000000012 2500989.5000000005 237406.67500000002 30660.000000000004 242615.96000000002 25.500000000000004 0.10264011052872198 0.83000000000000018 5.166666666666667 0.30345678077554378 4469.0500000000011 0.033399034766090956 59078.220000000008 824113.50000000012 221757.50000000003 1.5000000000000002 2585512.0000000005 34881.909259259271 295396.96000000002 0.22589412861281036 1128011.5000000002 1.3920034988274268e-06 1.0000000180025095e-35 4.5000000000000009
decision_type=2 2 2 2 2 2 2 2 2 2 2 2 2 2 2 2 2 2 2 2 2 2 2 2 2 2 2 2 2 2
left_child=1 2 9 6 -3 17 7 19 12 10 11 -1 -8 -12 -10 -13 -17 24 -5 28 -18 22 -16 -20 -4 -15 -6 -7 29 -2
right_child=3 4 5 18 26 27 8 -9 14 -11 13 15 -14 25 21 16 20 -19 23 -21 -22 -23 -24 -25 -26 -27 -28 -29 -30 -31
leaf_value=0.0039997750228105032 -0.0079933042531977663 0.11459710553020558 -0.0034839714749254919 0.0043495129018251101 0.026332357827851195 -0.012687652155107988 0.0075273459851422919 -0.030026273717001464 -0.08241016308427182 -0.010945030010660356 -0.040485181860549779 0.035791118468480931 -0.011844476978044693 0.0036738528645768455 -0.0095612685254395646 0.017128231679635821 0.0058225364036441187 -0.06428918938258868 -0.079246432019187407 -0.026704010388384065 -0.0096281819108508422 -0.036591623949327731 -0.10126666327128341 -0.023868510972050203 -0.06327819903358578 -0.016412145419389415 0.0017556679892922755 -0.050534990779855953 -0.069091811958087154 -0.015877441576640627
leaf_weight=267673 13006 267413 3894 2626 149062 18229 20891 4464 8212 134124 2970 53023 47136 9467 1945 65872 13709 8689 36258 1847 13751 23969 2476 4356 2054 5700 60526 25565 17907 1374
leaf_count=267673 13006 267413 3894 2626 149062 18229 20891 4464 8212 134124 2970 53023 47136 9467 1945 65872 13709 8689 36258 1847 13751 23969 2476 4356 2054 5700 60526 25565 17907 1374
internal_value=0 0.00540374 -0.000567705 -0.0226337 0.0132244 -0.0241091 -0.0171882 -0.031356 -0.0119617 0.00186135 0.00410234 0.00503251 -0.00495573 -0.0171315 -0.0249828 0.0109891 0.00594602 -0.0482494 -0.040671 -0.0237568 -0.00757446 -0.0176878 -0.0474559 -0.0436125 -0.0231564 -0.00854882 0.00724453 -0.0160409 -0.0207063 -0.00907974
internal_weight=0 1.10172e+06 624720 186467 477001 58431 143227 38598 104629 566289 432165 414028 68027 18137 36602 146355 93332 14637 43240 34134 27460 28390 4421 40614 5948 15167 209588 43794 32287 14380
internal_count=1288188 1101721 624720 186467 477001 58431 143227 38598 104629 566289 432165 414028 68027 18137 36602 146355 93332 14637 43240 34134 27460 28390 4421 40614 5948 15167 209588 43794 32287 14380
is_linear=0
shrinkage=0.1


Tree=14
num_leaves=31
num_cat=0
split_feature=0 10 4 1 4 6 62 123 137 2 3 4 122 63 4 4 64 64 137 52 3 2 20 20 20 13 13 13 3 20
split_gain=10890.3 4683.46 3111.12 1624.25 1345.65 1054.95 994.562 853.108 782.819 1352.78 750.687 1250.83 918.453 691.139 776.534 649.809 634.391 607.471 567.945 550.055 538.672 935.235 733.665 671.352 646.477 612 1695.01 497.154 468.028 434.086
threshold=1366986.0000000002 1.0000000180025095e-35 44377.215000000004 3333704.5000000005 186773.25500000003 4.166666666666667 3753197.5000000005 3691005.5000000005 3569.5000000000005 129.22500000000002 54331.740000000005 0.42500000000000004 1.0000000180025095e-35 34881.909259259271 12770.470000000001 4798.9600000000019 0.20380081257421126 0.0346995057958202 1041187.0000000001 2.9632290702139378e-07 1423.6600000000003 1830.7700000000002 1.0000000180025095e-35 2.5000000000000004 1.0000000180025095e-35 824193.50000000012 384845.00000000006 3779517.5000000005 41479.170000000006 1.5000000000000002
decision_type=2 2 2 2 2 2 2 2 2 2 2 2 2 2 2 2 2 2 2 2 2 2 2 2 2 2 2 2 2 2
left_child=1 2 8 13 -3 17 7 27 10 -10 12 -12 -1 14 -2 -14 -8 -4 29 28 -11 24 -23 25 -22 26 -24 -5 -16 -18
right_child=3 4 5 6 -6 -7 16 -9 9 20 11 -13 15 -15 19 -17 18 -19 -20 -21 21 22 23 -25 -26 -27 -28 -29 -30 -31
leaf_value=0.013959729790989407 -0.0037121809863027988 0.10461058337745355 -0.02150007700384883 -0.083253960402215083 0.018620377156760393 -0.033111544562383466 -0.0098645949423361648 -0.028958679431323599 -0.066561554188580591 0.027230662800683626 -0.011645461538807966 0.001942252305006731 0.038780237631252712 -0.013369706169250137 -0.022899345056999684 0.002193673190775014 -0.10162098645811496 -0.05701520290441791 0.03202226487942119 0.032165870532240473 -0.057367673581676062 0.033799709884428632 -0.012701409449613517 -0.0034075977928169411 -0.01903868228179937 0.058087963575544889 -0.029284731498579644 -0.026334609807588255 -0.038028929115263288 -0.089572775125148829
leaf_weight=201395 61222 260753 6201 31130 216248 46155 16973 3434 5517 51008 17059 77748 46955 2735 2035 20226 6441 8931 3524 2549 2313 23857 30755 74695 2161 2902 6842 3756 41519 11149
leaf_count=201395 61222 260753 6201 31130 216248 46155 16973 3434 5517 51008 17059 77748 46955 2735 2035 20226 6441 8931 3524 2549 2313 23857 30755 74695 2161 2902 6842 3756 41519 11149
internal_value=0 0.00511594 -0.000581301 -0.021016 0.0125775 -0.0219783 -0.0322175 -0.0435918 0.00174614 -0.00327755 0.00451179 -0.0031382 0.00721222 -0.0132397 -0.0119747 0.0173372 -0.0207736 -0.0448918 -0.0323449 -0.0217768 -0.00189271 -0.00502975 -0.00358179 -0.00688742 -0.0500322 -0.0172552 -0.0206704 -0.0389105 -0.0244192 -0.0396859
internal_weight=0 1.10172e+06 624720 186467 477001 61287 76407 38320 563433 200050 363383 94807 268576 110060 107325 67181 38087 15132 21114 46103 194533 143525 139051 115194 4474 40499 37597 34886 43554 17590
internal_count=1288188 1101721 624720 186467 477001 61287 76407 38320 563433 200050 363383 94807 268576 110060 107325 67181 38087 15132 21114 46103 194533 143525 139051 115194 4474 40499 37597 34886 43554 17590
is_linear=0
shrinkage=0.1


Tree=15
num_leaves=31
num_cat=0
split_feature=1 3 7 0 3 6 3 123 3 62 63 0 64 4 62 6 64 124 64 6 2 3 123 18 2 4 134 62 137 2
split_gain=9530.82 4429.55 1902.53 1318.37 1302.76 1193.55 1071.66 982.541 1257.74 719.973 690.561 674.571 660.454 864.136 686.18 776.968 539.83 488.514 442.695 433.185 410.901 418.656 403.426 377.612 337.393 337.299 336.139 330.989 330.3 325.621
threshold=57952.500000000007 201317.41 1.0000000180025095e-35 3083852.5000000005 144444.87000000002 5.166666666666667 284038.20000000007 44677.500000000007 20409.820000000003 1566144.5000000002 37075.431286549712 60004.500000000007 0.5577773074671154 3273.5200000000009 93360.500000000015 6.416666666666667 1.0000128766417722 1.0000000180025095e-35 0.05314435975223631 4.8333333333333348 1.3050000000000004 82324.425000000017 3691005.5000000005 1.0000000180025095e-35 11730.030000000001 17414.049999999999 16092966.500000002 1724108.0000000002 5.5000000000000009 1664.0400000000002
decision_type=2 2 2 2 2 2 2 2 2 2 2 2 2 2 2 2 2 2 2 2 2 2 2 2 2 2 2 2 2 2
left_child=2 3 4 7 -1 -3 20 10 -9 17 11 29 14 -14 15 23 -7 -5 -11 -8 -4 24 -19 -10 -22 -16 -6 -12 -23 -2
right_child=1 5 6 9 26 16 19 8 12 18 27 -13 13 -15 25 -17 -18 22 -20 -21 21 28 -24 -25 -26 -27 -28 -29 -30 -31
leaf_value=0.091428787582432808 -0.052413700195148599 -0.060782369696673416 -0.018941023372941183 -0.039375787743336069 0.018240364670294218 -0.033343451165267088 -0.040217752006240233 0.036383263336133113 0.0069663938897197497 0.015018288118163768 -0.010630890490018991 -0.0066778155117823389 0.0065349146657218251 -0.017330131572416984 0.010901077073354261 -0.012428529629784021 -0.055538148683940192 -0.063595448593529141 -0.017171402231502691 -0.028507027692745941 0.013347821492590995 -0.00085959553189270035 -0.024039326701598945 -0.014454857066570171 0.028284575181937589 -0.0030539798912603794 -0.024946890902801867 -0.011541740854985261 -0.021383868701338807 0.018085027423529666
leaf_weight=280944 1726 31598 16772 9049 197885 62521 3991 22327 5498 4519 4133 205781 9851 12205 28292 7078 23022 6981 20708 9281 188841 31801 1753 1513 67047 10390 12072 2080 7932 597
leaf_count=280944 1726 31598 16772 9049 197885 62521 3991 22327 5498 4519 4133 205781 9851 12205 28292 7078 23022 6981 20708 9281 188841 31801 1753 1513 67047 10390 12072 2080 7932 597
internal_value=0 -0.00998715 0.00786794 -0.00441606 0.0117994 -0.0268459 0.00194166 -0.00214986 0.00619203 -0.0208275 -0.0059314 -0.00495059 -2.31059e-05 -0.0145551 0.00605066 -0.0128439 -0.020711 -0.0362375 -0.00996463 -0.0258892 0.00312405 0.00398791 -0.0531081 0.0107515 0.00547081 0.0129325 0.00584034 -0.0387834 -0.00556224 -0.0585366
internal_weight=0 471622 816566 354481 490901 117141 325665 311471 97154 43010 214317 208104 74827 22056 52771 14089 85543 17783 25227 13272 312393 295621 8734 7011 255888 38682 209957 6213 39733 2323
internal_count=1288188 471622 816566 354481 490901 117141 325665 311471 97154 43010 214317 208104 74827 22056 52771 14089 85543 17783 25227 13272 312393 295621 8734 7011 255888 38682 209957 6213 39733 2323
is_linear=0
shrinkage=0.1


Tree=16
num_leaves=31
num_cat=0
split_feature=0 10 4 3 0 64 63 3 6 4 2 137 4 62 123 6 13 123 6 4 64 137 137 134 3 8 126 137 2 13
split_gain=8297.64 3710.2 2504.33 1431.99 1382.55 1003.93 942.452 794.874 738.756 706.736 875.691 928.523 842.238 665.895 869.823 663.493 659.421 631.184 603.839 498.763 481.943 427.669 600.825 381.127 354.327 353.664 334.861 330.048 300.912 395.715
threshold=1500038.0000000002 1.0000000180025095e-35 49938.620000000003 102167.71000000001 6971452.0000000009 0.013999917086816921 34881.909259259271 258658.83500000005 4.166666666666667 1.0000000180025095e-35 62911.175000000003 3.5000000000000004 8752.7500000000018 892204.00000000012 1925415.0000000002 6.416666666666667 6757541.0000000009 2.5000000000000004 1.6666666666666667 13211.900000000003 0.046874996392831658 800324.00000000012 842832.00000000012 716274.00000000012 219376.04500000001 1.0000000180025095e-35 1.0000000180025095e-35 3025875.5000000005 1.3050000000000004 1550.5000000000002
decision_type=2 2 2 2 2 2 2 2 2 2 2 2 2 2 2 2 2 2 2 2 2 2 2 2 2 2 2 2 2 2
left_child=1 2 9 -3 6 24 7 13 -7 10 11 -1 17 14 19 -9 27 -11 -16 -2 -15 -14 -23 -5 -4 -26 -12 -6 -13 -30
right_child=4 3 5 23 16 8 -8 15 -10 12 26 28 21 20 18 -17 -18 -19 -20 -21 -22 22 -24 -25 25 -27 -28 -29 29 -31
leaf_value=0.022395586023279335 -0.0067326789511718641 0.090821913844331137 0.0032039823433076282 0.023918415713617948 -0.094388001395634857 -0.049305315587663961 -0.016140030832513225 -0.06291870869210027 -0.042562026684349774 0.010213818645815576 -0.0081097103663575892 -0.019816043519954529 -0.0029263844027365149 0.0079316906617726401 0.0040410311885515178 -0.032263831531803615 -0.026466342521492388 0.021022781261483117 -0.021449772818573607 -0.025057740559449516 -0.006599265646775352 -0.015696920954183246 0.002469886630492225 -0.0011203646768213726 0.070964993007485044 -0.049635283970197536 -0.032950366134682982 0.017676969952345401 0.01678488394414648 -0.016029225289809757
leaf_weight=28474 18671 224664 16986 186049 34806 9388 3475 13380 19150 225217 15551 13112 71521 17959 651 15746 7505 56929 3256 8077 52204 2411 2015 66288 2362 12727 3605 1747 40813 113449
leaf_count=28474 18671 224664 16986 186049 34806 9388 3475 13380 19150 225217 15551 13112 71521 17959 651 15746 7505 56929 3256 8077 52204 2411 2015 66288 2362 12727 3605 1747 40813 113449
internal_value=0 0.00458743 -0.000426898 0.0112491 -0.0186986 -0.0197569 -0.0136267 -0.0122523 -0.0334008 0.00161752 -0.00291447 -0.000918542 0.00433859 -0.00804845 -0.0203437 -0.0268035 -0.0340577 0.00685475 -0.0644183 -0.0139058 -0.00267652 -0.00500903 -0.0351745 0.00607916 -0.00761753 -0.018769 -0.0233205 -0.0396012 -0.00375853 -0.00252236
internal_weight=0 1.11071e+06 633710 477001 177477 60613 133419 129944 28538 573097 215004 195848 358093 100818 30655 29126 44058 282146 3907 26748 70163 75947 4426 252337 32075 15089 19156 36553 167374 154262
internal_count=1288188 1110711 633710 477001 177477 60613 133419 129944 28538 573097 215004 195848 358093 100818 30655 29126 44058 282146 3907 26748 70163 75947 4426 252337 32075 15089 19156 36553 167374 154262
is_linear=0
shrinkage=0.1


Tree=17
num_leaves=31
num_cat=0
split_feature=0 10 0 3 4 4 0 136 64 63 6 122 3 12 63 124 20 123 127 20 4 127 2 3 6 4 3 6 20 146
split_gain=7283.91 2363.34 2223.64 1477.21 1400.13 1171.06 961.354 770.225 764.317 711.607 744.015 674.339 619.363 604.36 518.602 945.834 499.6 463.024 412.481 408.949 405.733 398.335 385.516 380.716 518.374 367.629 352.847 340.942 424.725 310.765
threshold=399269.00000000006 1.0000000180025095e-35 4228174.5000000009 82324.425000000017 156781.45000000004 3273.5200000000009 403335.50000000006 1.0000000180025095e-35 1.0416322033437833 34881.909259259271 3.8333333333333335 1.0000000180025095e-35 42464.335000000006 1.0000000180025095e-35 0.24937372193997462 8.5000000000000018 20.500000000000004 1925415.0000000002 0.88194444444444453 7.5000000000000009 1.0000000180025095e-35 0.27922077922077926 91453.700000000026 337111.98000000004 5.166666666666667 1.9450000000000001 59988.000000000007 4.166666666666667 1.0000000180025095e-35 200373.00000000003
decision_type=2 2 2 2 2 2 2 2 2 2 2 2 2 2 2 2 2 2 2 2 2 2 2 2 2 2 2 2 2 2
left_child=1 3 5 11 -3 6 -2 23 21 10 -8 20 -13 16 15 17 -7 18 -12 -16 -1 27 -14 -5 -25 -23 -11 -4 -29 -22
right_child=2 4 8 7 -6 13 9 -9 -10 26 14 12 22 -15 19 -17 -18 -19 -20 -21 29 25 -24 24 -26 -27 -28 28 -30 -31
leaf_value=-0.0064780561318602513 -0.040048409384881765 0.081787978380308157 -0.040558962785560794 -0.001127797269941766 0.014239608018980034 -0.012217619442201524 0.012273646914929737 -0.026341482485138491 -0.078156819596728544 0.0035267989374766968 -0.0065787070386456635 0.040173100900943282 -0.010005686772266121 0.031433577638863418 0.0070509504514913784 -0.026166236500317498 -0.050948611132691252 -0.016466704467872361 0.011087011704559635 -0.022079931854298258 0.017333222957636441 -0.017937422982679266 0.016471116667727537 -0.042373190351272218 -0.013705707454435495 -0.041225807189049751 -0.009681099577801798 -0.053298874488117445 -0.014132808990400147 -0.087679684350090381
leaf_weight=163864 2499 237653 7223 48154 239348 103895 6741 24327 29165 659 40574 36080 7804 5217 50202 1836 8602 1753 2192 7253 197144 2188 6317 3885 8099 10324 2885 5679 24657 1969
leaf_count=163864 2499 237653 7223 48154 239348 103895 6741 24327 29165 659 40574 36080 7804 5217 50202 1836 8602 1753 2192 7253 197144 2188 6317 3885 8099 10324 2885 5679 24657 1969
internal_value=0 0.00556791 -0.0119547 0.000746874 0.0105976 -0.0070575 4.60116e-05 -0.0113033 -0.0264363 0.00138987 0.00280388 0.00321026 0.0140734 -0.0140934 0.00071337 -0.00715551 -0.0156364 -0.00425468 -0.00218991 0.00706203 0.00170785 -0.0189406 -0.00368149 -0.00522975 -0.021179 -0.034394 -0.0427185 -0.0137926 -0.00914354 0.00474085
internal_weight=0 974644 313544 497643 477001 234308 116594 84465 79236 114095 110551 413178 50201 117714 103810 46355 112497 44519 42766 57455 362977 50071 14121 60138 11984 12512 3544 37559 30336 199113
internal_count=1288188 974644 313544 497643 477001 234308 116594 84465 79236 114095 110551 413178 50201 117714 103810 46355 112497 44519 42766 57455 362977 50071 14121 60138 11984 12512 3544 37559 30336 199113
is_linear=0
shrinkage=0.1


Tree=18
num_leaves=31
num_cat=0
split_feature=1 3 20 3 0 6 63 3 6 4 0 2 3 123 137 64 3 62 62 123 4 5 4 1 0 4 64 62 124 6
split_gain=6355.55 3070.31 1313.57 1117.55 882.313 831.489 720.022 701.113 638.973 676.815 589.569 518.357 569.343 787.402 480.699 480.671 467.006 362.273 1109.26 1064.04 427.44 391.104 356.263 476.457 346.897 371.398 344.37 339.62 344.323 338.542
threshold=57952.500000000007 214420.92000000001 1.0000000180025095e-35 97876.345000000016 6971452.0000000009 6.5833333333333348 37075.431286549712 167137.90000000002 3.5833333333333335 44377.215000000004 60004.500000000007 367681.26000000007 32849.775000000009 44677.500000000007 23.500000000000004 0.4026155992236779 269089.71500000003 824162.50000000012 824113.50000000012 1925415.0000000002 49938.620000000003 3.0000000000000004 49938.620000000003 5185173.0000000009 838158.50000000012 18551.470000000005 0.15155559997783938 293.50000000000006 8.5000000000000018 4.8333333333333348
decision_type=2 2 2 2 2 2 2 2 2 2 2 2 2 2 2 2 2 2 2 2 2 2 2 2 2 2 2 2 2 2
left_child=2 4 3 14 6 16 8 -4 9 -2 -10 12 13 -12 -1 -7 22 18 19 20 27 -22 23 -3 25 -15 -19 28 -14 -21
right_child=1 5 7 -5 -6 15 -8 -9 10 -11 11 -13 17 24 -16 -17 -18 26 -20 29 21 -23 -24 -25 -26 -27 -28 -29 -30 -31
leaf_value=0.073271961303996089 0.01011467403189663 0.0062004777889742985 0.007069448628096775 0.012879341016749769 -0.059126454346714624 -0.015813728209190914 -0.0095310651064171217 -0.017150380671098232 -0.039540432329341013 -0.021513487439217521 -0.0051595326745926141 0.022932666762077777 -0.0090101155222724882 0.024633506744373836 0.0025187244481109207 -0.04323213096773193 -0.066660020598924508 0.0059956440221595082 -0.015265080030478793 -0.0012667079524523964 -0.0060527878650939735 -0.033560686579118787 -0.046722208682007049 -0.033507152798092098 -0.014909954422354455 -0.025407963855373073 -0.0053876594422587187 0.0017697120135043822 -0.015249235193588407 -0.021414158590779456
leaf_weight=253153 15982 5437 247181 262625 8997 36150 6794 26939 2398 2147 115551 4748 38793 26551 26668 24681 37516 23883 3204 857 8203 13144 4686 1664 2159 608 39988 43247 2156 2078
leaf_count=253153 15982 5437 247181 262625 8997 36150 6794 26939 2398 2147 115551 4748 38793 26551 26668 24681 37516 23883 3204 857 8203 13144 4686 1664 2159 608 39988 43247 2156 2078
internal_value=0 -0.00797194 0.00660859 0.00945977 -0.00351837 -0.0225897 -0.00272908 0.00096651 -0.00209548 0.0161795 -0.00310689 -0.00274257 -0.00322859 0.00141167 0.013857 -0.0147673 -0.0322412 -0.0070578 -0.0104932 -0.0087804 -0.00712883 -0.0197675 -0.0148779 -0.000754966 0.0160479 0.0191149 -0.00105086 -0.00392444 -0.0104513 -0.0681712
internal_weight=0 471622 816566 542446 361488 110134 352491 274120 345697 18129 327568 325170 320422 144869 279821 60831 49303 175553 111682 108478 105543 21347 11787 7101 29318 27159 63871 84196 40949 2935
internal_count=1288188 471622 816566 542446 361488 110134 352491 274120 345697 18129 327568 325170 320422 144869 279821 60831 49303 175553 111682 108478 105543 21347 11787 7101 29318 27159 63871 84196 40949 2935
is_linear=0
shrinkage=0.1


Tree=19
num_leaves=31
num_cat=0
split_feature=0 10 4 3 6 0 63 63 124 4 13 4 3 4 137 63 6 64 64 6 64 6 123 123 134 0 6 20 2 3
split_gain=5556.93 2893.98 2127 1351.68 1181.67 636.799 555.804 542.708 653.324 524.372 523.172 473.645 844.722 796.035 742.724 496.849 477.28 456.343 451.395 437.329 430.621 413.865 393.161 368.055 352.611 334.312 323.597 540.603 471.66 327.731
threshold=2722724.5000000005 1.0000000180025095e-35 68708.730000000025 83696.250000000015 4.166666666666667 6971452.0000000009 41813.629629629642 0.7694675277295594 7.5000000000000009 12770.470000000001 6757541.0000000009 1.0000000180025095e-35 62759.910000000011 4059.4650000000006 3.5000000000000004 20241.452380952385 4.8333333333333348 0.031443996463642938 0.4026155992236779 5.7500000000000009 0.4026155992236779 6.8333333333333348 6355.5000000000009 132522.50000000003 686840.00000000012 715535.50000000012 11.833333333333334 2.5000000000000004 55908.655000000006 219376.04500000001
decision_type=2 2 2 2 2 2 2 2 2 2 2 2 2 2 2 2 2 2 2 2 2 2 2 2 2 2 2 2 2 2
left_child=1 2 11 -3 17 6 7 8 -2 19 -7 12 14 15 -1 22 -15 -4 -18 20 -9 -17 -13 26 -5 -24 29 28 -28 -20
right_child=5 3 4 24 -6 10 -8 9 -10 -11 -12 13 -14 16 -16 21 18 -19 23 -21 -22 -23 25 -25 -26 -27 27 -29 -30 -31
leaf_value=0.015424714855787204 -0.027317139657558789 0.071696613394421682 -0.016382365943270541 0.01949080078853993 -0.027101565415266638 -0.072648009103443628 -0.027924766445069998 0.026030781138936056 -0.022203923553903094 -0.03276891145555013 -0.017617884814986148 0.011552587905375139 -0.010123608719818992 0.0064586166105814581 -0.0088683905667544978 0.0014081821346976816 -0.00074602388489336535 -0.047391679398455476 0.0025175010458905328 -0.0063755389802950509 0.0036035875963071565 -0.0089081283215445648 0.033147315995539599 -0.015937854065137314 -0.0035683528975212655 0.0025888292412606056 -0.018336179902205103 0.0021265111486880013 -0.0078288969251211014 -0.012548265458549132
leaf_weight=29212 12592 201317 5646 204981 49569 36553 1505 1420 2018 23448 7505 215878 22608 21258 170520 1801 63761 10042 19791 28038 4015 2504 30355 9668 70703 24355 4483 5995 3149 3498
leaf_count=29212 12592 201317 5646 204981 49569 36553 1505 1420 2018 23448 7505 215878 22608 21258 170520 1801 63761 10042 19791 28038 4015 2504 30355 9668 70703 24355 4483 5995 3149 3498
internal_value=0 0.00328747 -0.00083353 0.00928402 -0.0180178 -0.0195603 -0.0138326 -0.0125673 -0.0297601 -0.00815436 -0.0290552 0.000949753 -0.00276113 0.00297948 -0.000687386 0.00604137 -0.0034162 -0.0419375 -0.00605945 -0.000121157 0.0258404 -0.0276639 0.00657762 -0.0135422 0.00473507 0.0141495 -0.00899338 -0.0212331 -0.0388859 -0.00183162
internal_weight=0 1.17109e+06 694093 477001 65257 117094 73036 71531 14610 56921 44058 628836 222340 406496 199732 274893 131603 15688 110345 33473 5435 4305 270588 46584 275684 54710 36916 13627 7632 23289
internal_count=1288188 1171094 694093 477001 65257 117094 73036 71531 14610 56921 44058 628836 222340 406496 199732 274893 131603 15688 110345 33473 5435 4305 270588 46584 275684 54710 36916 13627 7632 23289
is_linear=0
shrinkage=0.1


Tree=20
num_leaves=31
num_cat=0
split_feature=0 3 20 3 0 6 6 4 3 13 20 0 64 137 64 63 123 6 4 137 137 62 123 6 137 6 3 137 20 3
split_gain=4806.33 2535.04 919.238 1075.08 880.067 740.154 626.356 549.702 530.405 457.304 448.293 872.639 385.439 382.673 381.767 993.649 611.924 522.294 510.558 420.852 694.114 362.55 350.052 340.656 314.459 311.593 326.319 1240.26 443.02 436.765
threshold=47659.500000000007 252275.21500000003 1.0000000180025095e-35 186245.56000000003 5377289.0000000009 6.416666666666667 3.8333333333333335 44377.215000000004 170643.14000000004 113.50000000000001 1.0000000180025095e-35 60004.500000000007 0.49999967422076647 56809.000000000007 0.25603948407725058 0.3532546784539875 1925415.0000000002 4.8333333333333348 4059.4650000000006 842832.00000000012 823836.50000000012 1761009.5000000002 130205.50000000001 4.166666666666667 2786319.0000000005 4.166666666666667 180.88000000000002 2968.5000000000005 10.500000000000002 55391.275000000001
decision_type=2 2 2 2 2 2 2 2 2 2 2 2 2 2 2 2 2 2 2 2 2 2 2 2 2 2 2 2 2 2
left_child=2 4 3 -1 6 -3 7 -2 25 21 11 13 -7 -11 15 16 -12 -18 23 20 22 -8 -20 -16 -6 26 27 -4 -29 -28
right_child=1 5 8 -5 24 12 9 -9 -10 10 14 -13 -14 -15 18 -17 17 -19 19 -21 -22 -23 -24 -25 -26 -27 29 28 -30 -31
leaf_value=0.047299185605639393 0.0091766514079844787 -0.050107678905792687 -0.0073891075551107748 0.004981744293801338 -0.033937009883841178 -0.016435237387583502 -0.011705351742927084 -0.016793219538740779 -0.0151478517281397 -0.0027521133087143033 -0.007362637782348129 0.019771345827066369 -0.043512189383576275 -0.040213980049996954 0.015945351367596939 0.010280539408616441 0.0019075126415632722 -0.017152100172308164 -0.007423493609653057 0.0037314751471207333 -0.012975426486764649 -0.0077387194943423004 -0.016415976026272133 -0.0040334094005886282 0.045078425917595692 0.019137008064171002 0.035628548793502191 -0.065814117738098893 -0.046908458818053875 -0.0096823531887860973
leaf_weight=359095 16860 40655 41229 180505 22470 28028 33387 2677 24686 1502 101160 32249 17337 1950 5463 74452 768 1887 27784 9654 3288 2242 18029 57821 2594 139364 27203 2566 1162 10121
leaf_count=359095 16860 40655 41229 180505 22470 28028 33387 2677 24686 1502 101160 32249 17337 1950 5463 74452 768 1887 27784 9654 3288 2242 18029 57821 2594 139364 27203 2566 1162 10121
internal_value=0 -0.00649441 0.00602953 0.00834024 -0.00326474 -0.0221223 -0.00210081 0.0153516 0.000967812 -0.00301829 -0.00187601 0.00871771 -0.013341 -0.0390682 -0.00313541 -0.000185352 -0.00650786 -0.0538983 -0.00744468 -0.0141574 -0.0179101 -0.0137908 -0.0147249 -0.00121238 -0.0214302 0.00251642 -0.00236325 -0.00810134 -0.0633372 0.0045483
internal_weight=0 502257 785931 539600 416237 86020 391173 19537 246331 371636 336007 35701 45365 3452 300306 178267 103815 2655 122039 58755 49101 35629 45813 63284 25064 221645 82281 44957 3728 37324
internal_count=1288188 502257 785931 539600 416237 86020 391173 19537 246331 371636 336007 35701 45365 3452 300306 178267 103815 2655 122039 58755 49101 35629 45813 63284 25064 221645 82281 44957 3728 37324
is_linear=0
shrinkage=0.1


Tree=21
num_leaves=31
num_cat=0
split_feature=0 10 4 4 0 64 63 4 127 6 4 3 137 6 13 6 127 4 4 64 3 4 124 6 137 2 20 64 5 1
split_gain=4250.35 1908 1504.83 1328.56 854.872 733.03 646.862 543.001 510.427 498.183 460.664 763.662 553.625 426.662 415.549 407.777 634.695 678.277 373.609 358.343 347.932 330.805 316.945 313.461 326.058 599.288 428.494 299.42 343.341 350.41
threshold=1600002.0000000002 1.0000000180025095e-35 50942.850000000006 102766.00000000001 6971452.0000000009 0.044261815576053652 37075.431286549712 105225.99000000001 0.88194444444444453 4.166666666666667 1.0000000180025095e-35 39814.720000000008 3.5000000000000004 7.5833333333333348 6757541.0000000009 5.7500000000000009 0.13392857142857145 0.8650000000000001 883.62000000000012 0.21100643607872807 219376.04500000001 4059.4650000000006 7.5000000000000009 4.166666666666667 400140.00000000006 59452.885000000009 1.5000000000000002 0.66739173577047162 3.0000000000000004 566374.50000000012
decision_type=2 2 2 2 2 2 2 2 2 2 2 2 2 2 2 2 2 2 2 2 2 2 2 2 2 2 2 2 2 2
left_child=1 2 8 -3 6 20 7 15 10 -9 11 12 -1 -7 -6 22 -17 -18 -12 -19 -4 -10 -2 -20 27 26 -26 -25 -29 -30
right_child=4 3 5 -5 14 13 -8 9 21 -11 18 -13 -14 -15 -16 16 17 19 23 -21 -22 -23 -24 24 25 -27 -28 28 29 -31
leaf_value=0.025736966939869377 0.0014673950170015647 0.068150839036407798 0.0060010206152287275 0.011272887087380879 -0.061550487101580079 -0.038577101840376896 -0.010127512035799625 -0.066943526795596744 0.017361428612233422 -0.044119870892773791 0.01432765497249975 -0.01024664846046941 -0.0078667749854341405 -0.026071268289417422 -0.012308210258987337 -0.0034954357435439489 -0.014867025848869364 0.0014263028487349284 0.0070689553258117543 -0.020453732480270683 -0.034106104992142804 -0.0012056288837556629 0.033160724525336541 0.0047526814578438886 0.022239005455998575 0.0044951057065242333 -0.01332689349144822 0.024534241069119569 -0.010991094030256124 0.010750285357472916
leaf_weight=20337 22631 176506 17961 300495 36553 15786 3271 6268 22781 14709 165726 21863 166387 10830 7505 57934 2822 6655 24184 11937 17575 10518 1308 82121 914 4876 4152 10490 38810 4283
leaf_count=20337 22631 176506 17961 300495 36553 15786 3271 6268 22781 14709 165726 21863 166387 10830 7505 57934 2822 6655 24184 11937 17575 10518 1308 82121 914 4876 4152 10490 38810 4283
internal_value=0 0.00330024 -0.000269604 0.00808691 -0.0136043 -0.0150545 -0.00945577 -0.0083003 0.00132175 -0.0229686 0.000586264 -0.00310415 -0.00103371 -0.0276031 -0.0256132 -0.00532126 -0.00877249 -0.0234832 0.00288028 -0.0165494 -0.00565576 0.0133403 0.00611814 -0.000415923 -0.00216657 -0.0196472 -0.0437341 -0.000885898 -0.006701 -0.0106504
internal_weight=0 1.1166e+06 639594 477001 171593 62152 127535 124264 577442 20977 544143 208587 186724 26616 44058 103287 79348 21414 335556 18592 35536 33299 23939 169830 145646 9942 5066 135704 53583 43093
internal_count=1288188 1116595 639594 477001 171593 62152 127535 124264 577442 20977 544143 208587 186724 26616 44058 103287 79348 21414 335556 18592 35536 33299 23939 169830 145646 9942 5066 135704 53583 43093
is_linear=0
shrinkage=0.1


Tree=22
num_leaves=31
num_cat=0
split_feature=0 10 4 3 0 64 63 4 127 63 124 64 5 6 137 3 4 4 13 6 134 122 127 3 8 21 6 4 0 2
split_gain=3584.77 1665.62 1264.19 1253.84 718.327 634.123 535.944 476.993 429.797 407.541 687.997 591.467 382.599 356.798 350.729 502.651 535.73 389.591 332.399 320.882 308.746 300.074 288.23 283.176 290.307 295.207 274.936 274.472 263.05 259.195
threshold=1600002.0000000002 1.0000000180025095e-35 50942.850000000006 72581.990000000005 6667181.0000000009 0.041032330811635494 41668.22401433692 175082.11000000002 0.84523809523809534 0.43544912162420707 5.5000000000000009 0.0346995057958202 1.5000000000000002 7.5833333333333348 6.5000000000000009 44779.850000000013 0.42500000000000004 149.18500000000003 6757541.0000000009 4.166666666666667 367462.50000000006 1.0000000180025095e-35 0.88194444444444453 228713.19000000003 1.0000000180025095e-35 2.5000000000000004 5.7500000000000009 4059.4650000000006 4.5000000000000009 1.3050000000000004
decision_type=2 2 2 2 2 2 2 2 2 2 2 2 2 2 2 2 2 2 2 2 2 2 2 2 2 2 2 2 2 2
left_child=1 2 8 -3 6 23 7 9 12 10 22 26 28 -7 15 21 -17 -18 -6 -9 -5 -14 -2 -4 -25 -26 -11 -10 -1 -16
right_child=4 3 5 20 18 13 -8 19 27 11 -12 -13 14 -15 29 16 17 -19 -20 -21 -22 -23 -24 24 25 -27 -28 -29 -30 -31
leaf_value=-0.044469529558923783 -0.022434353537873361 0.058759976171585397 0.0047599759679314646 0.01607753359708939 -0.051882163802482111 -0.034709936494945207 -0.0094075139195510509 -0.077507077476562963 0.015387373667849164 0.018430565105747958 -0.013447476886089466 -0.0051875021583911041 0.013560054580037173 -0.023426639770670065 -0.015870718842344918 -0.0077325770049685248 0.011991632360158473 -0.0050503939816134436 -0.011208227248987184 -0.056169353710126102 -0.0040795463361845028 0.016819436078832874 0.0076548181799783793 0.080332704736597441 -0.048682103525351718 0.023196200239705641 0.0078006427638733838 -0.0010686735066884334 0.047309295474972007 -0.0035949583111045944
leaf_weight=7676 17411 178258 18738 214611 39280 15850 3057 4224 22878 2272 3032 69712 95623 10901 8904 16070 26650 40010 7526 8603 84132 42270 1364 2334 12896 1433 15112 10520 64500 242341
leaf_count=7676 17411 178258 18738 214611 39280 15850 3057 4224 22878 2272 3032 69712 95623 10901 8904 16070 26650 40010 7526 8603 84132 42270 1364 2334 12896 1433 15112 10520 64500 242341
internal_value=0 0.00306016 -0.000275236 0.00753248 -0.0124645 -0.0138265 -0.00850195 -0.00746341 0.00118333 -0.00531508 -0.0175406 -0.00225408 0.000507372 -0.0254463 -0.000529776 0.00237959 -0.00378277 0.000168316 -0.0230289 -0.025703 0.00357209 0.00607675 -0.0104027 -0.00504595 -0.0145303 -0.0198574 0.0142482 0.0121945 0.00728798 -0.00308455
internal_weight=0 1.1166e+06 639594 477001 171593 62152 124787 121730 577442 108903 21807 87096 544044 26751 471868 220623 82730 66660 46806 12827 298743 137893 18775 35401 16663 14329 17384 33398 72176 251245
internal_count=1288188 1116595 639594 477001 171593 62152 124787 121730 577442 108903 21807 87096 544044 26751 471868 220623 82730 66660 46806 12827 298743 137893 18775 35401 16663 14329 17384 33398 72176 251245
is_linear=0
shrinkage=0.1


Tree=23
num_leaves=31
num_cat=0
split_feature=0 3 3 13 6 13 0 6 4 13 0 4 6 4 62 64 6 123 6 4 13 2 123 20 3 137 1 124 127 3
split_gain=3155.13 1875.15 745.775 851.179 661.971 566.978 555.823 542.981 418.7 360.885 429.096 349.729 332.845 321.039 381.595 920.508 597.626 548.084 530.103 366.449 388.125 598.209 464.277 325.766 295.132 1023.47 406.68 272.09 442.596 271.368
threshold=34259.500000000007 269089.71500000003 198366.82500000004 1.0000000180025095e-35 6.416666666666667 308.50000000000006 5377289.0000000009 3.8333333333333335 78310.125000000015 5052624.5000000009 5953635.5000000009 30354.815000000006 4.166666666666667 48486.020000000011 293.50000000000006 0.11497918743407093 5.7500000000000009 1925415.0000000002 5.7500000000000009 2.9450000000000007 461172.50000000006 53728.750000000007 462130.00000000006 1.0000000180025095e-35 180.88000000000002 2968.5000000000005 4000.5000000000005 8.5000000000000018 0.62019230769230782 55391.275000000001
decision_type=2 2 2 2 2 2 2 2 2 2 2 2 2 2 2 2 2 2 2 2 2 2 2 2 2 2 2 2 2 2
left_child=2 6 3 8 -3 -4 7 11 -1 10 -6 -2 24 14 17 23 -17 27 -19 -18 -21 -22 -23 -16 25 -5 -27 28 -9 -26
right_child=1 4 5 12 9 -7 -8 13 -10 -11 -12 -13 -14 -15 15 16 19 18 -20 20 21 22 -24 -25 29 26 -28 -29 -30 -31
leaf_value=0.0625713545767657 0.0084010485122238739 -0.043911657473185782 0.0015370094673374359 -0.0048784397289579062 -0.016114765038484653 -0.024365638158939912 -0.022831197891667012 -0.012582917750689768 0.021290015009263821 0.035085812523579091 -0.063758436638909385 -0.0069877052108316658 0.018229439888168521 -0.013643763106836113 0.033377250817367109 0.0068404811343561458 0.010365055336344598 0.0017417302899201668 -0.014368295694204003 -0.0027245914315875311 -0.015403050464906688 0.0062007554926706331 -0.011793627586950829 0.014613879728244811 0.031061935402138419 -0.056288199190660027 -0.035749007948434733 -0.013553509483153637 0.006082677402836122 -0.006606310128065074
leaf_weight=157792 16752 37631 181651 47970 24620 6945 26871 129760 163872 5757 10192 3819 154234 46548 3482 17667 16606 909 2211 84369 7296 10124 14905 53145 33273 2903 2510 4025 9665 10684
leaf_count=157792 16752 37631 181651 47970 24620 6945 26871 129760 163872 5757 10192 3819 154234 46548 3482 17667 16606 909 2211 84369 7296 10124 14905 53145 33273 2903 2510 4025 9665 10684
internal_value=0 -0.00501875 0.00504893 0.00684355 -0.0193073 -0.000405825 -0.00252548 -0.00163605 0.0102514 -0.0104462 -0.0142816 0.014209 0.00248631 -0.00244948 -0.00142332 0.0013348 -0.00274348 -0.00532979 -0.0467941 -0.00503403 -0.00701191 -0.0163291 -0.00898431 0.0122075 -0.00209229 -0.00708889 -0.0483083 -0.00442795 -0.00368797 0.00397577
internal_weight=0 526354 761834 573238 78200 188596 448154 421283 321664 40569 34812 20571 251574 400712 354164 207594 150967 146570 3120 133300 116694 32325 25029 56627 97340 53383 5413 143450 139425 43957
internal_count=1288188 526354 761834 573238 78200 188596 448154 421283 321664 40569 34812 20571 251574 400712 354164 207594 150967 146570 3120 133300 116694 32325 25029 56627 97340 53383 5413 143450 139425 43957
is_linear=0
shrinkage=0.1


Tree=24
num_leaves=31
num_cat=0
split_feature=0 20 4 3 3 0 13 137 6 137 63 6 127 2 137 5 1 137 64 3 122 18 3 0 8 6 4 64 0 64
split_gain=2679.89 1301.57 990.967 739.669 514.276 482.881 509.694 420.169 414.818 393.761 386.819 427.135 431.042 386.205 380.32 372.413 355.959 406.39 355.639 350.13 435.601 393.878 350.504 327.509 306.623 302.22 300.656 289.399 277.213 303.783
threshold=1600002.0000000002 1.0000000180025095e-35 85273.780000000013 75714.640000000014 264857.90000000008 20.500000000000004 66172.000000000015 56809.000000000007 6.5833333333333348 789550.00000000012 49392.827777777784 5.7500000000000009 0.11805555555555557 367681.26000000007 62902.000000000007 3.0000000000000004 855016.50000000012 823836.50000000012 0.49999967422076647 43612.075000000004 1.0000000180025095e-35 1.0000000180025095e-35 14962.415000000003 60004.500000000007 1.0000000180025095e-35 4.166666666666667 81905.890000000014 0.35804487186057515 452808.50000000006 0.79687328988671435
decision_type=2 2 2 2 2 2 2 2 2 2 2 2 2 2 2 2 2 2 2 2 2 2 2 2 2 2 2 2 2 2
left_child=1 3 14 5 10 -1 7 -7 -4 -8 11 13 -13 26 19 -14 17 -16 25 20 -3 -21 -22 -9 -23 -6 -2 -17 -24 -30
right_child=4 2 8 -5 18 6 9 23 -10 -11 -12 12 15 -15 16 27 -18 -19 -20 21 22 24 28 -25 -26 -27 -28 -29 29 -31
leaf_value=0.046249140383737598 0.0023399476066011736 0.0054790742917579134 -0.030694870577858607 0.0061259157610064731 -0.026237976346231817 0.0018586872900852739 0.049859042895655216 -0.033788116940274414 -0.017543513538561737 -0.1578257710034589 -0.01565005561629252 -0.0052836295548303802 -0.010821759031374403 0.028933759123810479 -0.011266033005470912 0.00011703566406763298 0.018938158044552199 -0.010892950507359851 -0.05338539674648788 -0.00041716842342448546 0.036318539202826815 -0.025106456523245696 0.016896343385340008 0.0022263219476952359 -0.0048393110268757818 -0.012895472563860564 -0.027968343281216543 -0.021056734699633428 0.0045834268104389068 -0.0099092803651656299
leaf_weight=194564 22528 222089 15548 313935 7091 64912 19530 1950 16766 1331 1423 65766 2841 1411 74798 6572 12195 4066 28242 100880 15628 7178 23791 1476 11712 20694 2369 12656 8564 5682
leaf_count=194564 22528 222089 15548 313935 7091 64912 19530 1950 16766 1331 1423 65766 2841 1411 74798 6572 12195 4066 28242 100880 15628 7178 23791 1476 11712 20694 2369 12656 8564 5682
internal_value=0 0.00268112 -0.000983135 0.00586228 -0.0107419 0.00956243 0.00346996 -0.000706526 -0.017941 0.0171516 -0.00693008 -0.0062841 -0.00963197 0.00489348 0.00014304 -0.021725 -0.00568364 -0.00814225 -0.0186045 0.00148448 0.00344532 -0.00303008 0.0115307 -0.0348376 -0.0162824 -0.010572 0.00200908 -0.0167317 0.00635048 -0.00468176
internal_weight=0 1.1166e+06 518897 597698 171593 283763 89199 68338 32314 20861 115566 114143 87835 26308 486583 22069 91059 78864 56027 395524 275754 119770 53665 3426 18890 27785 24897 19228 38037 14246
internal_count=1288188 1116595 518897 597698 171593 283763 89199 68338 32314 20861 115566 114143 87835 26308 486583 22069 91059 78864 56027 395524 275754 119770 53665 3426 18890 27785 24897 19228 38037 14246
is_linear=0
shrinkage=0.1


Tree=25
num_leaves=31
num_cat=0
split_feature=0 20 4 3 4 64 2 3 137 6 63 146 63 4 123 137 3 4 1 137 122 4 64 6 84 137 3 5 2 20
split_gain=2325.02 1276.4 1116.45 674.84 501.562 487.54 467.885 744.818 495.143 465.254 406.354 372.459 326.21 421.367 285.711 284.992 348.336 416.602 330.983 465.464 329.904 378.053 358.606 282.351 282.211 283.928 271.92 255.228 250.523 247.323
threshold=3083852.5000000005 1.0000000180025095e-35 105225.99000000001 63686.200000000004 7.1100000000000003 0.39370658522612806 1830.7700000000002 1423.6600000000003 45.500000000000007 6.5833333333333348 0.58520363636363648 132498.50000000003 60306.167777777788 9708.4100000000017 4742489.5000000009 62902.000000000007 59078.220000000008 0.29500000000000004 855016.50000000012 823836.50000000012 1.0000000180025095e-35 4469.0500000000011 0.75824356455028397 1.6666666666666667 73440.500000000015 800324.00000000012 239939.38500000004 1.5000000000000002 346714.57000000001 2.5000000000000004
decision_type=2 2 2 2 2 2 2 2 2 2 2 2 2 2 2 2 2 2 2 2 2 2 2 2 2 2 2 2 2 2
left_child=1 3 15 6 -5 10 7 -1 -9 -4 14 24 13 -7 23 16 20 28 19 -17 -3 -22 -23 -2 25 -8 -6 -12 -18 -20
right_child=5 2 9 4 26 12 11 8 -10 -11 27 -13 -14 -15 -16 18 17 -19 29 -21 21 22 -24 -25 -26 -27 -28 -29 -30 -31
leaf_value=0.0099646409190397925 0.0065815782442785326 0.0035620564349456043 -0.03644666080971877 -0.0074610938901631119 0.013504624525864917 -0.0076471228438323288 0.041154999866152675 0.09319446878260472 -0.038099027419128677 -0.021860011736868745 -0.039736058481728335 -0.074523427200115108 -0.023261783809766345 -0.046334980361183567 -0.035188823976395986 -0.010206220272443008 -0.0048658580600214442 -0.00089174217439897958 0.028523857969868296 -0.010685519390514943 0.011795559153026103 0.0061742334242599122 -0.0079189383424266967 -0.014868809541075246 -0.053062908293555533 -0.14270284517366952 -0.00064110961539002274 0.0062091802070965039 -0.04200944819711791 -0.0023442727458673966
leaf_weight=33457 513 234138 16413 3915 205863 24008 201498 1192 2518 19146 2408 2575 1924 37044 536 76104 16117 108828 8359 5582 48985 14779 7484 15150 2810 1318 149682 23649 1448 20745
leaf_count=33457 513 234138 16413 3915 205863 24008 201498 1192 2518 19146 2408 2575 1924 37044 536 76104 16117 108828 8359 5582 48985 14779 7484 15150 2810 1318 149682 23649 1448 20745
internal_value=0 0.00211357 -0.00124623 0.00532506 0.00256532 -0.0133976 0.00936803 -0.000967276 -0.0434784 -0.0184119 -0.00508811 0.011213 -0.0189732 -0.0176955 -0.0175254 -0.000121225 0.00103971 -0.00337529 -0.00464571 -0.00790825 0.00286699 0.00882524 -0.00197988 -0.0150687 0.0116863 0.0121224 0.00295729 0.00264386 -0.0176657 0.00451122
internal_weight=0 1.18296e+06 578128 604828 359460 105232 245368 37167 3710 35559 42256 208201 62976 61052 16199 542569 431779 126393 110790 81686 305386 71248 22263 15663 205626 202816 355545 26057 17565 29104
internal_count=1288188 1182956 578128 604828 359460 105232 245368 37167 3710 35559 42256 208201 62976 61052 16199 542569 431779 126393 110790 81686 305386 71248 22263 15663 205626 202816 355545 26057 17565 29104
is_linear=0
shrinkage=0.1


Tree=26
num_leaves=31
num_cat=0
split_feature=1 3 5 63 6 137 3 2 4 6 3 4 3 64 0 0 63 64 123 123 20 4 2 62 138 3 2 3 20 1
split_gain=2038.43 1038.66 856.261 627.419 583.9 575.002 621.729 534.983 494.044 481.168 369.219 366.634 513.064 444.464 435.953 356.976 391.592 831.227 515.493 357.124 405.647 361.503 325.164 457.62 324.423 304.168 456.282 738.698 306.142 300.052
threshold=83055.000000000015 277971.11500000005 1.5000000000000002 37075.431286549712 5.7500000000000009 4.5000000000000009 269089.71500000003 375307.25000000006 72410.925000000003 6.416666666666667 82324.425000000017 31416.910000000003 97876.345000000016 0.31460109124143304 5000732.5000000009 6667181.0000000009 0.38304868288329103 0.15155559997783938 1925415.0000000002 227262.50000000003 1.5000000000000002 2436.7650000000003 57051.945000000007 397531.00000000006 4.5000000000000009 67366.590000000011 11730.030000000001 9658.6600000000017 4.5000000000000009 543718.00000000012
decision_type=2 2 2 2 2 2 2 2 2 2 2 2 2 2 2 2 2 2 2 2 2 2 2 2 2 2 2 2 2 2
left_child=2 3 8 4 7 6 -4 11 -1 -3 24 12 25 29 -14 16 18 -18 -6 20 -19 -21 23 -22 -7 26 27 28 -2 -13
right_child=1 9 5 -5 15 10 -8 -9 -10 -11 -12 13 14 -15 -16 -17 17 19 -20 21 22 -23 -24 -25 -26 -27 -28 -29 -30 -31
leaf_value=0.062562707418432242 0.075368871824933223 -0.037457669474933987 0.01187248667461447 -0.0070420835397033178 -0.011823080538712762 -0.011344540652183391 -0.011387448090956338 0.027691614906048281 0.012010461715534639 -0.019155017464136677 -0.019861594332544197 -0.017151593193905339 0.0095538816714811296 -0.015361436468126852 -0.0039088097851634855 -0.034449137754507086 0.010558760403814586 0.0078438701856768846 -0.011110879075442255 -0.0039834557067533628 -0.0072060651107216213 -0.01510815275252957 0.0018102199691624457 -0.012074900816912348 0.012511464223386427 -0.0073049641677624625 0.0083604568724250372 -0.037296771837182073 -0.027743183991741405 0.016630002021062223
leaf_weight=159058 8168 34461 302941 7509 70493 83055 63323 2196 162157 36577 11828 3279 10019 7935 3679 12736 61347 20743 2274 24228 20601 19419 24650 5797 65777 10410 37769 2980 8885 3894
leaf_count=159058 8168 34461 302941 7509 70493 83055 63323 2196 162157 36577 11828 3279 10019 7935 3679 12736 61347 20743 2274 24228 20601 19419 24650 5797 65777 10410 37769 2980 8885 3894
internal_value=0 -0.00477819 0.00360971 -0.00264656 -0.00205227 0.0011289 0.00331675 0.00448229 0.00767925 -0.0158511 -0.00385884 0.00337752 0.00601765 -0.0109363 0.0236788 -0.00452406 -0.00369064 -0.00114919 -0.009865 -0.00614792 -0.00181104 -0.0132813 -0.0066027 -0.014315 -0.00250741 0.00247102 0.00530489 -0.00689456 0.00113272 0.00710378
internal_weight=0 440049 848139 369011 361502 526924 366264 99214 321215 71038 160660 97018 81910 15108 13698 262288 249552 176785 72767 115438 71791 43647 51048 26398 148832 68212 57802 20033 17053 7173
internal_count=1288188 440049 848139 369011 361502 526924 366264 99214 321215 71038 160660 97018 81910 15108 13698 262288 249552 176785 72767 115438 71791 43647 51048 26398 148832 68212 57802 20033 17053 7173
is_linear=0
shrinkage=0.1


Tree=27
num_leaves=31
num_cat=0
split_feature=1 5 3 137 64 3 18 2 62 92 13 137 6 3 123 4 128 6 3 20 6 1 4 146 84 64 4 123 67 134
split_gain=1758.65 990.011 598.899 510.241 482.656 437.608 417.288 398.757 396.679 387.578 384.6 326.977 326.731 289.851 279.699 265.971 257.354 225.403 607.548 218.107 345.327 231.97 229.284 206.951 208.804 201.14 282.409 212.995 204.882 208.083
threshold=1661610.0000000002 1.5000000000000002 337111.98000000004 3.5000000000000004 0.39370658522612806 51600.62000000001 1.0000000180025095e-35 68399.000000000015 1885021.0000000002 4.2081356808165708e-05 1.5000000000000002 1402.5000000000002 6.5833333333333348 301686.60000000003 4742489.5000000009 456211.39500000008 0.06458333333333334 5.7500000000000009 378415.85500000004 1.0000000180025095e-35 7.8333333333333348 1922218.5000000002 12770.470000000001 193713.00000000003 217428.50000000003 0.30345678077554378 3273.5200000000009 128202.50000000001 12.500000000000002 6840994.5000000009
decision_type=2 2 2 2 2 2 2 2 2 2 2 2 2 2 2 2 2 2 2 2 2 2 2 2 2 2 2 2 2 2
left_child=1 7 3 5 8 23 16 9 14 -1 -4 19 -12 -13 -2 17 25 18 -10 20 21 -6 -21 24 -3 28 -27 -28 29 -7
right_child=4 2 10 -5 11 6 -8 -9 15 -11 12 13 -14 -15 -16 -17 -18 -19 -20 22 -22 -23 -24 -25 -26 26 27 -29 -30 -31
leaf_value=0.060008072758628919 -0.0067433585928166513 0.013938667919799653 -0.012253800575852611 -0.0034417774282923816 0.0042041716015103125 0.0046629975036041049 -0.01238315659673217 0.0091531892600730559 0.021198512637632956 -0.021330859338709929 -0.04049800114050401 0.0047526798617382017 -0.020354798527475904 -0.04978581738150905 -0.030504104888831068 -0.044362559429491279 -0.023275995193598277 0.0017217152661484049 -0.014598216627420797 -0.0086558949242987876 -0.024197928597247283 -0.0096148489618181898 -0.050374868639114716 -0.082457102823479844 -0.058190768220543136 0.0030634398716289039 -0.0022284223088366415 -0.01483414988207964 -0.099316256361428171 -0.047770834043824366
leaf_weight=149969 35611 206502 45397 280483 544 193956 13782 182197 3353 12403 7681 12604 7250 9072 536 1529 2615 33088 2084 18093 5971 4967 19958 1101 1508 12304 7156 8497 1915 6062
leaf_count=149969 35611 206502 45397 280483 544 193956 13782 182197 3353 12403 7681 12604 7250 9072 536 1529 2615 33088 2084 18093 5971 4967 19958 1101 1508 12304 7156 8497 1915 6062
internal_value=0 0.00202333 8.53757e-05 0.000870645 -0.00958353 0.00293718 8.08034e-05 0.00650144 -0.00405204 0.010105 -0.00949335 -0.0155028 -0.0234158 -0.00525928 -0.011647 0.00280209 0.00108296 0.0044255 0.0232952 -0.0199854 -0.0320653 -0.0140137 -0.0163403 0.00630136 0.00653023 0.0014378 -0.00651185 -0.0154227 0.0025384 0.00285007
internal_weight=0 1.14078e+06 796209 735881 147410 455398 246287 344569 76201 162372 60328 71209 14931 21676 36147 40054 232505 38525 5437 49533 11482 5511 38051 209111 208010 229890 27957 15653 201933 200018
internal_count=1288188 1140778 796209 735881 147410 455398 246287 344569 76201 162372 60328 71209 14931 21676 36147 40054 232505 38525 5437 49533 11482 5511 38051 209111 208010 229890 27957 15653 201933 200018
is_linear=0
shrinkage=0.1


Tree=28
num_leaves=31
num_cat=0
split_feature=0 3 3 3 137 13 1 63 6 51 0 6 4 2 13 46 123 21 4 122 63 64 124 20 123 123 0 64 5 2
split_gain=1523.86 891.093 460.716 641.579 994.013 464.003 445.269 424.613 476.647 424.359 353.865 297.388 273.946 253.25 232.427 227.508 226.404 224.437 282.546 387.771 295.571 580.434 467.373 362.047 273.431 243.607 208.865 293.512 277.042 515.59
threshold=34259.500000000007 289387.75500000006 80941.825000000012 180.88000000000002 3142.5000000000005 5.5000000000000009 4000.5000000000005 37075.431286549712 3.8333333333333335 1.0000000180025095e-35 8662104.5000000019 6.416666666666667 107459.47000000002 452513.92500000005 5052624.5000000009 1.0000000180025095e-35 5050696.5000000009 2.5000000000000004 13747.185000000003 1.0000000180025095e-35 0.033123230251036653 0.017141916867365086 8.5000000000000018 1.5000000000000002 375009.50000000006 277975.00000000006 789643.50000000012 0.60349190882071768 3.0000000000000004 13104.415000000003
decision_type=2 2 2 2 2 2 2 2 2 2 2 2 2 2 2 2 2 2 2 2 2 2 2 2 2 2 2 2 2 2
left_child=2 7 3 4 -1 -4 -6 8 13 11 17 12 -3 -2 16 -5 -13 18 20 -20 22 -22 -10 24 -23 -24 27 -25 -29 -30
right_child=1 9 5 15 6 -7 -8 -9 10 -11 -12 14 -14 -15 -16 -17 -18 -19 19 -21 21 23 25 26 -26 -27 -28 28 29 -31
leaf_value=0.0030728146913725275 0.004472061105772627 -0.01322765647205767 0.0043068193088613427 0.020427675289170957 -0.050642947198820037 -0.0092682766069030094 -0.033697924664554998 -0.0054510517130821681 -0.004122760742410708 0.020008939757783555 -0.040150394826978186 -0.025048777591633927 -0.065092890164895043 0.02907517906948022 0.052609870528717712 0.043385254028122947 -0.058808983863353072 0.0307125999396516 -0.0022000544252971633 -0.012782966500683996 0.026516330353653861 0.018330570195535769 -0.0079377802800351567 0.015038541188396938 -0.0015791754774866452 -0.018268214824811405 -0.0048486965028350041 0.030539439983619146 -0.042268599484613686 0.0014269587649481542
leaf_weight=82727 22791 15230 305323 254544 3050 23633 3224 7901 136027 4012 9749 26840 18753 447 4289 89333 1664 7081 59997 30233 19078 25678 2079 27774 15516 2181 46837 10731 13242 18224
leaf_count=82727 22791 15230 305323 254544 3050 23633 3224 7901 136027 4012 9749 26840 18753 447 4289 89333 1664 7081 59997 30233 19078 25678 2079 27774 15516 2181 46837 10731 13242 18224
internal_value=0 -0.00350048 0.00349621 0.00563995 -0.00192745 0.000675226 -0.0403026 -0.00187857 -0.00147299 -0.0139385 -0.0022365 -0.0158363 -0.0223919 0.0124722 -0.00904287 0.00759852 -0.0123086 -0.00179377 -0.00210041 -0.00703822 -0.000696547 0.00201973 -0.00412522 3.03058e-05 0.00809097 -0.0367412 -0.0028124 0.000647245 -0.00460726 -0.00933912
internal_weight=0 526354 761834 432878 89001 328956 6274 455566 447665 70788 424427 66776 33983 23238 32793 343877 28504 414678 407597 90230 317367 177080 140287 158002 41194 4260 116808 69971 42197 31466
internal_count=1288188 526354 761834 432878 89001 328956 6274 455566 447665 70788 424427 66776 33983 23238 32793 343877 28504 414678 407597 90230 317367 177080 140287 158002 41194 4260 116808 69971 42197 31466
is_linear=0
shrinkage=0.1


Tree=29
num_leaves=31
num_cat=0
split_feature=0 20 4 3 3 1 63 3 1 137 95 3 18 127 4 64 146 134 6 123 52 134 84 63 118 3 4 4 5 0
split_gain=1270.87 818.124 904.25 566.666 324.34 311.327 274.18 253.562 334.398 446.945 243.454 264.605 365.198 308.061 265.347 224.613 220.231 221.102 220.16 463.838 279.679 215.388 215.314 215.051 194.54 190.976 200.688 188.05 186.967 281.491
threshold=5146134.5000000009 1.0000000180025095e-35 175082.11000000002 55391.275000000001 1967.4650000000004 800029.00000000012 1.000124719381392 1423.6600000000003 60005.000000000007 7.5000000000000009 1.0000000180025095e-35 58366.775000000001 1.0000000180025095e-35 0.60769230769230786 3695.4750000000004 2.3175666445371648 131265.00000000003 241177.00000000003 5.7500000000000009 2804592.5000000005 2.9632290702139378e-07 532290.00000000012 73440.500000000015 10304.277777777779 0.51923076923076927 337111.98000000004 13.455000000000002 0.42500000000000004 1.5000000000000002 4.5000000000000009
decision_type=2 2 2 2 2 2 2 2 2 2 2 2 2 2 2 2 2 2 2 2 2 2 2 2 2 2 2 2 2 2
left_child=1 3 10 4 7 16 21 -1 9 -9 11 13 18 24 -15 -2 17 22 19 23 -20 27 -6 -13 28 -21 -27 -5 29 -3
right_child=15 2 -4 6 5 -7 -8 8 -10 -11 -12 12 -14 14 -16 -17 -18 -19 20 25 -22 -23 -24 -25 -26 26 -28 -29 -30 -31
leaf_value=0.0092073825325879721 -0.014214984186608041 -0.086238640501192412 -0.041240097608031885 -0.0074174521573295727 0.042139052198483996 -0.058445053269406494 -0.003502862471118303 0.066264751540104624 0.069493337993423651 -0.034814134149007886 0.03800023374819566 0.0014804443107828914 -0.01255544881933578 0.010218011461942967 -0.0021745439701501557 -0.040452957851940675 -0.063827828089454267 0.00018230201907156742 -0.0041036653012211325 0.0069851902034355033 0.025759484679671686 -0.0059028341423922551 -0.053327635854109538 -0.02231042214296744 0.050511772312498308 -0.016222752796236035 0.046727049036368914 0.0091150686752488937 -0.0023597635970085242 0.032962482691450794
leaf_weight=33536 43184 4659 24539 1565 155732 2814 16576 1605 3032 2676 4190 36988 30257 26275 10823 21339 1878 17877 116643 2407 8205 86715 1891 1106 2777 329 182 283283 293258 51847
leaf_count=33536 43184 4659 24539 1565 155732 2814 16576 1605 3032 2676 4190 36988 30257 26275 10823 21339 1878 17877 116643 2407 8205 86715 1891 1106 2777 329 182 283283 293258 51847
internal_value=0 0.00127036 -0.00130416 0.00386729 0.00790884 0.00973268 0.00156567 -0.000136435 -0.0170081 -0.0350041 -0.000521789 -0.0006936 -0.00368941 0.000814282 0.00948224 -0.0131293 0.0102562 0.0106207 -0.00184631 0.00451042 -0.00393447 0.00212704 0.0118161 0.00156707 -9.78494e-05 0.0429354 -0.0125879 0.00345546 -0.000307164 0.00495994
internal_weight=0 1.22366e+06 614485 609180 221041 180192 388139 40849 7313 4281 589946 585756 196117 389639 37098 64523 177378 175500 165860 41012 124848 371563 157623 38094 352541 2918 511 284848 349764 56506
internal_count=1288188 1223665 614485 609180 221041 180192 388139 40849 7313 4281 589946 585756 196117 389639 37098 64523 177378 175500 165860 41012 124848 371563 157623 38094 352541 2918 511 284848 349764 56506
is_linear=0
shrinkage=0.1


Tree=30
num_leaves=31
num_cat=0
split_feature=0 4 6 20 5 64 6 63 4 1 3 123 137 2 3 137 62 13 76 64 20 3 2 3 6 3 4 64 137 0
split_gain=1123.12 558.313 631.487 592.617 523.853 453.602 443.859 427.391 389.159 380.844 373.955 360.746 359.142 318.453 680.948 296.573 344.232 287.101 286.587 273.59 262.907 254.031 252.444 225.741 556.261 340.607 443.783 303.806 251.392 226.633
threshold=126758.50000000001 48486.020000000011 7.5833333333333348 5.5000000000000009 1.5000000000000002 0.48848258908378223 7.8333333333333348 0.04070897583182017 56676.715000000004 10931159.000000002 337111.98000000004 1925415.0000000002 4.5000000000000009 11730.030000000001 9658.6600000000017 824193.50000000012 1564584.5000000002 308.50000000000006 10.500000000000002 0.029806360224991744 1.0000000180025095e-35 19700.530000000002 1.3050000000000004 97876.345000000016 5.7500000000000009 344292.25500000006 35.685000000000009 2.153960090072895 2927972.5000000005 2394566.0000000005
decision_type=2 2 2 2 2 2 2 2 2 2 2 2 2 2 2 2 2 2 2 2 2 2 2 2 2 2 2 2 2 2
left_child=4 2 3 9 8 7 19 11 18 13 12 -4 -6 14 -2 16 -7 -12 -1 -3 -18 -15 -14 28 25 27 -27 -25 -23 -29
right_child=1 6 5 -5 10 15 -8 -9 -10 -11 17 -13 22 21 -16 -17 20 -19 -20 -21 -22 23 -24 24 -26 26 -28 29 -30 -31
leaf_value=0.056768628903655374 0.01431801264614453 -0.0055781302914166865 -0.0086738558450272125 -0.0061009600702548019 0.0072902091871382526 -0.0064759127311749282 -0.0082796722419565538 0.0036806049078225603 0.0088112992661972377 -0.038249675673931449 -0.012196245869304302 -0.0085634198650123873 -0.014031834966344857 0.020086484003525175 -0.032376030324926336 0.041079505928509355 -0.012594326031587786 -0.034980256963329327 -0.052253495858524568 -0.030408392592899531 -0.022080241578410358 0.002105069495482512 -0.0029308095515188696 0.012010826095384489 -0.0016854991405797215 -0.026840654245071899 0.024979233157936681 0.015613522979608135 -0.097020253905035506 -0.0017603630859842298
leaf_weight=133456 12216 12798 48864 38510 328305 43959 50891 56669 185583 5595 43970 2323 10602 19396 2855 3476 4670 4585 3530 35731 11663 44510 153609 10331 12586 774 1005 2152 639 2935
leaf_count=133456 12216 12798 48864 38510 328305 43959 50891 56669 185583 5595 43970 2323 10602 19396 2855 3476 4670 4585 3530 35731 11663 44510 153609 10331 12586 774 1005 2152 639 2935
internal_value=0 -0.00370788 -0.00170255 0.00295743 0.00257376 -0.00587053 -0.0102658 -0.00191753 0.00576349 0.00655307 0.000672143 -0.00854097 0.00149759 0.00785453 -0.00564333 -0.0125566 -0.014194 -0.00770076 0.0098063 -0.0171081 -0.0265902 0.0100111 -0.00232062 0.00737086 0.0141288 0.0258203 -0.0156108 0.0306008 0.00291294 0.0105965
internal_weight=0 424548 325128 153504 863640 171624 99420 107856 322569 114994 541071 51187 492516 109399 15071 63768 60292 48555 136986 48529 16333 94328 164211 74932 29783 17197 1779 15418 45149 5087
internal_count=1288188 424548 325128 153504 863640 171624 99420 107856 322569 114994 541071 51187 492516 109399 15071 63768 60292 48555 136986 48529 16333 94328 164211 74932 29783 17197 1779 15418 45149 5087
is_linear=0
shrinkage=0.1


Tree=31
num_leaves=31
num_cat=0
split_feature=0 0 3 3 13 6 63 1 6 64 88 2 3 123 20 4 63 4 64 123 134 6 126 123 6 90 64 2 137 6
split_gain=989.151 557.613 480.772 376.293 273.592 299.261 267.483 441.117 245.533 241.503 273.955 290.654 211.561 240.598 203.021 349.436 232.446 408.665 295.078 265.299 215.748 195.451 191.88 202.819 306.086 184.971 184.797 172.283 165.385 161.791
threshold=3083852.5000000005 1.5000000000000002 501084.28500000009 53609.845000000008 1.5000000000000002 6.5833333333333348 10304.277777777779 543718.00000000012 9.4166666666666696 0.33974926062870064 401872.00000000006 68399.000000000015 119579.48500000002 1761009.5000000002 1.0000000180025095e-35 160252.07000000001 0.11475371961840207 754.69000000000017 0.10264011052872198 227262.50000000003 532290.00000000012 5.7500000000000009 0.061111111111111116 515439.00000000006 8.8333333333333339 0.94900642257671863 0.909489760016291 150057.07500000004 8092.0000000000009 5.7500000000000009
decision_type=2 2 2 2 2 2 2 2 2 2 2 2 2 2 2 2 2 2 2 2 2 2 2 2 2 2 2 2 2 2
left_child=1 3 6 -1 -4 -6 14 -8 -9 10 11 -2 13 -11 20 16 22 29 -19 21 25 -20 23 -16 27 -3 -21 -25 -23 -18
right_child=9 2 4 -5 5 -7 7 8 -10 12 -12 -13 -14 -15 15 -17 17 18 19 26 -22 28 -24 24 -26 -27 -28 -29 -30 -31
leaf_value=0.050847698913709487 -0.089635104793880038 0.0090414274246987791 -0.012798983411384281 0.009477199172850349 -0.04127027460781519 -0.018499051972558581 -0.01463149764127581 0.0022342439308306867 -0.0051705296693626782 0.0091230952255082608 -0.056490909609223941 0.00042913826810210104 -0.021575737458399392 -0.010814490461526124 -0.0037976605590983371 -0.026375757077919362 0.013848652416992492 0.0094984561892489383 0.0060231277213405295 -0.0029393645152164427 -0.0050719780550378072 0.0036258546392078372 -0.011699547666807327 0.0057682109191921679 -0.0066962036065797608 -0.038892420056518592 -0.008940564256553955 -0.0048068835058980419 -0.0052334528058664382 0.010665767769648938
leaf_weight=79169 596 238694 26199 185040 6248 5037 4369 4675 1171 6800 3213 37169 50834 6620 273949 15728 7725 40886 15275 15885 75869 34830 8070 5638 1042 1785 9435 731 53393 72113
leaf_count=79169 596 238694 26199 185040 6248 5037 4369 4675 1171 6800 3213 37169 50834 6620 273949 15728 7725 40886 15275 15885 75869 34830 8070 5638 1042 1785 9435 731 53393 72113
internal_value=0 0.00128412 0.000119842 0.00533274 -0.0109719 -0.0239892 0.000591624 -0.0154962 0.00246848 -0.00883313 -0.00283436 -0.000449436 -0.0126588 -0.00149103 0.00078029 -0.000372638 5.61156e-05 0.00229266 -0.000483023 -0.00283223 0.00280189 -0.000587597 -0.0018722 -0.00143614 0.0148876 0.00426874 -0.0120074 0.0231078 -0.00239582 0.00819268
internal_weight=0 1.18296e+06 918747 264209 37484 11285 881263 10215 5846 105232 40978 37765 64254 13420 871048 554700 538972 249542 169704 128818 316348 103498 289430 281360 7411 240479 25320 6369 88223 79838
internal_count=1288188 1182956 918747 264209 37484 11285 881263 10215 5846 105232 40978 37765 64254 13420 871048 554700 538972 249542 169704 128818 316348 103498 289430 281360 7411 240479 25320 6369 88223 79838
is_linear=0
shrinkage=0.1


Tree=32
num_leaves=31
num_cat=0
split_feature=0 1 4 2 137 6 2 2 1 128 6 3 62 3 3 138 64 1 20 127 3 21 123 5 137 20 4 64 3 3
split_gain=839.109 533.606 519.69 557.353 474.922 383.82 317.119 305.084 303.678 250.372 250.351 563.353 398.249 362.098 268.584 262.681 254.655 254.4 492.457 251.113 236.943 219.379 211.312 290.977 196.881 194.662 193.947 189.303 187.455 187.28
threshold=5146134.5000000009 1550.5000000000002 91932.375000000015 129.22500000000002 3142.5000000000005 7.8333333333333348 101722.89500000002 1.655 4000.5000000000005 0.06458333333333334 5.7500000000000009 121500.42000000001 138406.50000000003 344292.25500000006 24625.215000000004 7.5000000000000009 1.0416322033437833 543718.00000000012 1.5000000000000002 0.86607142857142871 63686.200000000004 2.5000000000000004 7194.5000000000009 1.5000000000000002 400140.00000000006 5.5000000000000009 1.1450000000000002 0.80000003998798774 539301.19000000006 22812.785000000003
decision_type=2 2 2 2 2 2 2 2 2 2 2 2 2 2 2 2 2 2 2 2 2 2 2 2 2 2 2 2 2 2
left_child=1 6 3 4 -3 28 7 -1 -6 10 11 15 13 -13 17 19 25 22 -19 20 -5 -16 23 -12 27 -14 -15 -25 -4 -11
right_child=-2 2 5 9 8 -7 -8 -9 -10 29 14 12 16 26 21 -17 -18 18 -20 -21 -22 -23 -24 24 -26 -27 -28 -29 -30 -31
leaf_value=-0.0069096382649890048 -0.017083738040640808 -0.014832014503018019 -0.015210157443344334 0.0027664308358389847 -0.04437956892314808 -0.0066653970612324497 0.0020214492050105283 0.022252425253417665 -0.036476508694232683 0.01281796058654865 0.072129822763268209 0.0054496695824503699 0.026414994049063958 -0.022879605412503889 -0.0026434126553080799 0.0075078463628129553 0.006388393555309309 0.065444587053878012 -0.039192688500819584 0.0053408509306385413 -0.0054220220132321422 0.027258594082612633 0.015865270737799666 0.0047833993397722839 0.069410422561339738 0.013512234715396563 0.001369391167447479 -0.015134664281025046 -0.047548458277598848 -0.023045954970819894
leaf_weight=31203 64523 8317 20172 97976 3006 30982 324540 265783 2778 1664 25756 8360 2743 1013 194167 1521 4304 3479 4443 8838 19457 7203 21789 90517 1491 1151 855 27837 7519 4801
leaf_count=31203 64523 8317 20172 97976 3006 30982 324540 265783 2778 1664 25756 8360 2743 1013 194167 1521 4304 3479 4443 8838 19457 7203 21789 90517 1491 1151 855 27837 7519 4801
internal_value=0 0.000986742 -0.00113484 -0.000169556 -0.019791 -0.0100759 0.00304215 0.00540343 -0.0417978 0.000353113 0.000594932 0.00410692 0.0204535 0.00729153 -0.000768328 0.00174995 0.0368746 0.0020935 -0.0154171 0.00125235 2.89657e-05 -0.00325983 0.00292222 0.00154776 -0.000524658 0.0554039 -0.032513 -0.000979583 -0.0186311 -0.0192056
internal_weight=0 1.22366e+06 602139 543466 14101 58673 621526 296986 5784 529365 522900 146218 18426 10228 376682 127792 8198 175312 7922 126271 117433 201370 167390 145601 119845 3894 1868 118354 27691 6465
internal_count=1288188 1223665 602139 543466 14101 58673 621526 296986 5784 529365 522900 146218 18426 10228 376682 127792 8198 175312 7922 126271 117433 201370 167390 145601 119845 3894 1868 118354 27691 6465
is_linear=0
shrinkage=0.1


Tree=33
num_leaves=31
num_cat=0
split_feature=64 3 123 3 4 4 92 137 4 123 138 63 20 20 2 1 64 6 124 84 6 63 1 62 13 4 1 1 3 5
split_gain=739.912 631.903 598.39 400.71 542.327 434.509 376.365 357.533 298.14 297.158 296.445 293.209 272.348 499.868 306.987 264.385 250.757 234.749 245.518 226.419 216.331 213.788 334.395 221.533 213.75 204.245 248.172 215.751 319.92 210.48
threshold=0.6234636399685608 308060.61000000004 227262.50000000003 57438.510000000009 0.42500000000000004 0.42500000000000004 4.2081356808165708e-05 8092.0000000000009 2436.7650000000003 1260781.5000000002 8.5000000000000018 0.49280771199517237 3.5000000000000004 2.5000000000000004 346714.57000000001 414437.50000000006 1.130526998209149 5.7500000000000009 7.5000000000000009 95985.000000000015 5.7500000000000009 10304.277777777779 543718.00000000012 1908092.0000000002 1925415.0000000002 428.01000000000005 21477.000000000004 543718.00000000012 28106.410000000003 3.0000000000000004
decision_type=2 2 2 2 2 2 2 2 2 2 2 2 2 2 2 2 2 2 2 2 2 2 2 2 2 2 2 2 2 2
left_child=3 2 21 4 9 12 -6 17 16 19 -3 -9 13 14 -5 -8 -4 18 -7 -1 24 25 -23 -24 -10 26 -2 29 -29 -27
right_child=1 10 8 5 6 7 15 11 20 -11 -12 -13 -14 -15 -16 -17 -18 -19 -20 -21 -22 22 23 -25 -26 27 -28 28 -30 -31
leaf_value=-0.00088232118405473514 0.0021204533058441833 -0.043209252144619771 -0.0042334238253102672 -0.0012127705357492817 0.019862151638698668 0.0066891620380706554 -0.0021745630890448011 -0.033533702920108668 -0.0094292705732341997 0.0089652993595067919 0.03493329621759951 -0.0038701003487091705 -0.0017872006236921757 -0.037694908463585051 -0.023097149326507527 -0.030425141783829643 0.043116348096749177 0.00034029665031125593 0.02836704515246067 -0.058454722124404779 -0.019143485430102247 -0.012681778876128647 0.002232354893763808 -0.0037487394136129556 0.010300731633179551 0.018014869472532925 0.032911188585210825 -0.028164309469966647 0.0063075887028217099 -0.0063292925620558327
leaf_weight=214282 13474 26822 23011 8442 257698 58935 44563 11795 5498 773 1835 23875 22561 2561 1827 2170 748 418640 1771 1032 16322 4241 4842 2204 1741 15011 11013 3209 31430 55862
leaf_count=214282 13474 26822 23011 8442 257698 58935 44563 11795 5498 773 1835 23875 22561 2561 1827 2170 748 418640 1771 1032 16322 4241 4842 2204 1741 15011 11013 3209 31430 55862
internal_value=0 -0.00495909 -0.00285691 0.00144131 0.00343042 -0.000439789 0.00614988 0.000296746 -0.0125898 -0.000400847 -0.0187946 -0.00936199 -0.011158 -0.0227907 -0.0129335 -0.00210677 -0.00468536 0.00101549 0.00682691 -0.000623041 -0.0205607 0.000402862 -0.0127986 0.000555118 -0.00617236 0.00154906 0.00977696 -0.000360448 0.00610775 -0.00352177
internal_weight=0 217263 188606 1.07092e+06 520518 550407 304431 515016 47320 216087 28657 35670 35391 12830 10269 46733 23759 479346 60706 215314 23561 141286 11287 7046 7239 129999 24487 105512 34639 70873
internal_count=1288188 217263 188606 1070925 520518 550407 304431 515016 47320 216087 28657 35670 35391 12830 10269 46733 23759 479346 60706 215314 23561 141286 11287 7046 7239 129999 24487 105512 34639 70873
is_linear=0
shrinkage=0.1


Tree=34
num_leaves=31
num_cat=0
split_feature=0 5 3 2 20 1 0 4 95 64 4 123 4 137 1 64 2 122 92 6 62 84 4 18 124 123 2 6 20 62
split_gain=645.518 447.524 316.745 259.064 221.091 211.314 247.86 221.869 209.671 216.467 308.622 306.911 268.207 308.011 265.026 374.715 263.728 348.372 234.524 210.264 251.467 209.838 205.89 201.345 206.958 300.878 194.099 193.308 250.086 233.056
threshold=6420193.0000000009 1.5000000000000002 501084.28500000009 44882.055000000008 1.5000000000000002 105218.50000000001 150240.00000000003 0.28500000000000009 1.0000000180025095e-35 0.57777903326403335 0.42500000000000004 227262.50000000003 124.72500000000001 400140.00000000006 543718.00000000012 10709.519401969001 24122.055000000004 1.0000000180025095e-35 26.872983870967747 5.7500000000000009 859631.00000000012 38828.000000000007 10.755000000000001 1.0000000180025095e-35 4.5000000000000009 547268.50000000012 340306.98000000004 8.4166666666666696 6.5000000000000009 1908092.0000000002
decision_type=2 2 2 2 2 2 2 2 2 2 2 2 2 2 2 2 2 2 2 2 2 2 2 2 2 2 2 2 2 2
left_child=1 3 8 5 -5 -1 7 -7 9 10 16 14 -12 18 15 22 17 21 -14 -15 -21 -3 -11 24 25 -18 -27 28 29 -16
right_child=-2 2 -4 4 -6 6 -8 -9 -10 11 12 -13 13 19 27 -17 23 -19 -20 20 -22 -23 -24 -25 -26 26 -28 -29 -30 -31
leaf_value=0.048984265904049806 -0.018154643544014994 -0.0033312174688916122 -0.02048157654943383 0.0087239961337802104 -0.010235850956576503 -0.11611227746065425 0.0012666201533474198 -0.0018089370693441964 0.029077919124991226 0.020149521722910759 0.014805228347534638 -0.0060671712932473983 0.0040389505091133595 0.015873002987411702 0.0098574025625382949 -0.013672939398981022 -0.0064482651103077828 0.011548780636906475 -0.012310737768214569 -0.017809856945108064 -0.0038879687388221826 -0.054871498533052149 -0.0048165160339155248 -0.018556674896183178 -0.0040229642548898379 0.0039428023660287815 -0.0089044069426020764 -0.0020806712994290094 -0.01482797571774022 -0.00068341086729119998
leaf_weight=119212 50180 162565 39090 201917 18381 999 9426 805 4622 9898 76559 37654 337566 1374 15450 3862 20852 9991 26639 7712 8720 929 72073 12091 11490 4439 335 13174 5086 5097
leaf_count=119212 50180 162565 39090 201917 18381 999 9426 805 4622 9898 76559 37654 337566 1374 15450 3862 20852 9991 26639 7712 8720 929 72073 12091 11490 4439 335 13174 5086 5097
internal_value=0 0.000761585 -0.00043381 0.00378558 0.00169429 0.00731747 -0.00579625 -0.0397556 -2.81931e-05 -0.000144575 0.000637293 -0.00342662 0.00212051 0.00103785 -0.00103643 -0.00413702 -0.00241697 -0.000584203 0.0016657 -0.0118042 -0.0149465 -0.00169196 -0.00270285 -0.00887862 -0.00522765 -0.000227537 0.0224182 0.00582141 0.0108812 0.0157954
internal_weight=0 1.23801e+06 887268 350740 220298 130442 11230 1804 848178 843556 681262 162294 458570 382011 124640 85833 222692 173485 364205 17806 16432 163494 81971 49207 37116 25626 4774 38807 25633 20547
internal_count=1288188 1238008 887268 350740 220298 130442 11230 1804 848178 843556 681262 162294 458570 382011 124640 85833 222692 173485 364205 17806 16432 163494 81971 49207 37116 25626 4774 38807 25633 20547
is_linear=0
shrinkage=0.1


Tree=35
num_leaves=31
num_cat=0
split_feature=0 1 4 2 137 8 6 1 3 1 52 137 64 137 134 4 2 3 137 2 4 0 13 124 64 137 64 123 2 20
split_gain=579.312 401.739 492.249 467.84 420.748 330.122 294.733 427.206 305.214 294.156 277.527 272.461 306.156 271.198 256.309 240.024 260.861 229.676 306.393 242.485 233.85 225.456 302.781 221.439 209.538 204.597 195.377 262.428 216.28 193.616
threshold=10917235.500000002 1550.5000000000002 175082.11000000002 129.22500000000002 3142.5000000000005 1.0000000180025095e-35 5.7500000000000009 526211.50000000012 53609.845000000008 4000.5000000000005 1.7108539604084195e-06 5927.5000000000009 0.860000634562328 1380009.5000000002 252762.00000000003 0.42500000000000004 144490.54500000004 45946.840000000004 392013.50000000006 128900.28000000001 87618.815000000017 815218.50000000012 824193.50000000012 7.5000000000000009 1.0003341740906577 8092.0000000000009 0.21100643607872807 3333704.5000000005 452513.92500000005 1.5000000000000002
decision_type=2 2 2 2 2 2 2 2 2 2 2 2 2 2 2 2 2 2 2 2 2 2 2 2 2 2 2 2 2 2
left_child=1 14 3 4 -3 -4 7 17 21 29 11 15 -13 23 -1 16 -10 18 -5 -19 -21 -8 -23 -9 -2 -14 -17 -28 -29 -6
right_child=24 2 5 6 9 -7 8 13 10 -11 -12 12 25 -15 -16 26 -18 19 -20 20 -22 22 -24 -25 -26 -27 27 28 -30 -31
leaf_value=0.0098156149046957353 -0.008137191569158533 -0.013196008571570257 0.086468530049092496 0.0058108652105006492 0.0184657878387532 -0.035365774543984145 0.0043335267031182406 0.0048401490299654348 -0.0020971929288964085 -0.032407503959514777 0.031738333423856534 -0.0077285647842898174 0.056051572940830297 -0.011494785947806528 -0.0046113515513053647 -0.002339207722751585 -0.014125506970003377 -0.011306735770344335 -0.021246489513985101 0.0048312706566803901 -0.0125892055024205 -0.0083094918056265225 0.0036872847317340196 0.025419343704816445 -0.050798883874618062 0.0094527503127686263 -0.004336037229728933 -0.035611589587006408 -0.021131578698640682 -0.041229546729971589
leaf_weight=503039 11207 8317 3929 78046 250 30200 213943 45338 5318 2778 6723 26050 872 8088 118487 63987 2596 14526 2401 9939 3268 15543 13240 2390 15356 16733 55818 2231 4819 2756
leaf_count=503039 11207 8317 3929 78046 250 30200 213943 45338 5318 2778 6723 26050 872 8088 118487 63987 2596 14526 2401 9939 3268 15543 13240 2390 15356 16733 55818 2231 4819 2756
internal_value=0 0.000589016 -0.00116936 -0.000511245 -0.0185128 -0.0128545 -8.23652e-05 0.00352211 -0.0014639 -0.0392264 -0.00452195 -0.00527348 0.00159252 0.0106276 0.00239994 -0.00749755 -0.0243937 -0.000144016 0.00256136 -0.00799169 0.00181483 0.000868731 -0.00744037 0.0134971 -0.0143335 0.0117794 -0.00644346 -0.0104027 -0.0285822 -0.0609058
internal_weight=0 1.26162e+06 640099 605970 14101 34129 591869 163996 427873 5784 185147 178424 43655 55816 621526 134769 7914 108180 80447 27733 13207 242726 28783 47728 26563 17605 126855 62868 7050 3006
internal_count=1288188 1261625 640099 605970 14101 34129 591869 163996 427873 5784 185147 178424 43655 55816 621526 134769 7914 108180 80447 27733 13207 242726 28783 47728 26563 17605 126855 62868 7050 3006
is_linear=0
shrinkage=0.1


Tree=36
num_leaves=31
num_cat=0
split_feature=3 10 64 137 4 4 1 137 2 21 97 2 6 4 6 2 3 122 2 2 124 2 4 6 3 64 124 128 137 3
split_gain=506.584 392.763 297.477 328.014 280.854 256.209 251.907 210.934 203.654 199.399 176.213 173.028 170.116 208.942 165.001 225.638 179.929 186.545 295.114 182.681 189.7 201.696 157.438 154.496 148.752 297.375 142.883 141.188 138.341 135.259
threshold=237406.67500000002 1.0000000180025095e-35 0.21100643607872807 40.500000000000007 0.8450000000000002 209990.68500000003 12721980.500000002 2968.5000000000005 47352.535000000011 2.5000000000000004 1.0000000180025095e-35 353299.68500000006 5.7500000000000009 111683.07500000001 3.5833333333333335 236678.345 54331.740000000005 1.0000000180025095e-35 24122.055000000004 382404.93000000005 10.500000000000002 101722.89500000002 13747.185000000003 24.750000000000004 189461.23000000001 0.0016357794225057547 11.500000000000002 0.080128205128205135 538162.50000000012 378415.85500000004
decision_type=2 2 2 2 2 2 2 2 2 2 2 2 2 2 2 2 2 2 2 2 2 2 2 2 2 2 2 2 2 2
left_child=1 6 3 4 11 7 10 -4 -3 12 14 26 13 29 15 28 17 -16 -19 20 27 -22 -5 -9 -23 -26 -2 -18 -1 -6
right_child=2 8 5 22 9 -7 -8 23 -10 -11 -12 -13 -14 -15 16 -17 19 18 -20 -21 21 24 -24 -25 25 -27 -28 -29 -30 -31
leaf_value=0.0015950511176235438 -0.00030903767357456593 0.028088294241632283 -0.011716075754525899 0.041735085313409172 0.026547020859580828 -0.060653986985620072 -0.06004169565894573 0.0010490229753192073 0.0081603998324569112 0.025263833933039027 0.030035591802862978 -0.022359073351622863 -0.0041805860855077094 0.0057822067440330641 -0.00039506853289720259 0.015809392520590375 -0.001404789813290278 0.01985045149504381 0.0013028304714821171 0.0085909078469466136 -0.014920993606088291 -0.0028616791097824065 -0.03395802562091476 0.090218246467391044 -0.047093452210247369 -6.6353150164304988e-05 -0.023386382673122156 -0.019121830053198331 0.021429339340065891 0.0073884814489549103
leaf_weight=23714 2660 88934 30387 1243 2102 11978 2951 14584 247317 5218 4170 1720 150463 19400 391699 2039 168947 17707 50145 9414 3130 14081 13726 365 1652 1901 505 2527 629 2880
leaf_count=23714 2660 88934 30387 1243 2102 11978 2951 14584 247317 5218 4170 1720 150463 19400 391699 2039 168947 17707 50145 9414 3130 14081 13726 365 1652 1901 505 2527 629 2880
internal_value=0 0.00123748 -0.00372311 -0.00190228 -0.000749906 -0.0100744 -0.000120451 -0.00663771 0.004043 -0.000108053 3.92261e-06 -0.0244088 -0.00068293 0.00706571 -0.000120371 0.00763483 -0.000429803 0.000662938 0.00550376 -0.00292009 -0.00358615 -0.0126135 -0.0161403 0.0030873 -0.00846114 -0.0267453 -0.0105348 -0.00249302 0.0049583 0.0253331
internal_weight=0 1.03096e+06 257231 199917 184948 57314 694706 45336 336251 180063 691755 4885 174845 24382 687585 26382 661203 459551 67852 201652 192238 20764 14969 14949 17634 3553 3165 171474 24343 4982
internal_count=1288188 1030957 257231 199917 184948 57314 694706 45336 336251 180063 691755 4885 174845 24382 687585 26382 661203 459551 67852 201652 192238 20764 14969 14949 17634 3553 3165 171474 24343 4982
is_linear=0
shrinkage=0.1


Tree=37
num_leaves=31
num_cat=0
split_feature=0 5 3 21 76 2 6 2 13 136 6 93 23 1 0 4 0 2 20 20 4 6 128 134 20 6 20 20 52 137
split_gain=437.005 326.961 256.368 234.071 222.107 225.642 192.522 238.345 177.614 175.56 293.168 175.251 162.801 162.044 227.98 209.727 160.535 511.858 324.704 301.674 181.741 158.177 157.734 146.958 146.071 187.085 265.831 218.807 206.964 207.07
threshold=12335682.000000002 1.5000000000000002 289387.75500000006 2.5000000000000004 8.5000000000000018 39459.590000000004 3.5833333333333335 427289.59000000003 6757541.0000000009 1.0000000180025095e-35 16.166666666666668 3403.5000000000005 1.0000000180025095e-35 100206.00000000001 150240.00000000003 0.28500000000000009 1560.5000000000002 129.22500000000002 2.5000000000000004 1.5000000000000002 0.28500000000000009 5.166666666666667 0.07417582417582419 6840994.5000000009 20.500000000000004 6.166666666666667 7.5000000000000009 13.500000000000002 8.0916102272937052e-07 901390.00000000012
decision_type=2 2 2 2 2 2 2 2 2 2 2 2 2 2 2 2 2 2 2 2 2 2 2 2 2 2 2 2 2 2
left_child=1 4 6 9 5 13 7 -3 -2 -4 -11 12 -7 -1 15 -15 23 18 19 -18 -21 -10 24 -8 25 26 -19 28 29 -27
right_child=8 2 3 -5 -6 11 16 -9 21 10 -12 -13 -14 14 -16 -17 17 22 -20 20 -22 -23 -24 -25 -26 27 -28 -29 -30 -31
leaf_value=0.047881307697718083 -0.044947397282630711 0.0026001069588583599 -0.0070760834867253045 0.022783874842321299 -0.047087118780386093 0.0022367885604298965 0.0046669266997058315 0.023125481585818564 -0.065811464096392297 -0.032561787364291404 0.051006645338378336 -0.029196551453473052 0.43041661038936241 -0.10518748676589565 0.0035225383127755676 -0.00012952182681820191 -0.010459810379606322 0.0032700164665633415 -0.0210134711904774 -0.038425063544926558 -0.045112750799042534 0.036588379764630238 -0.015524584247115225 -0.049982334097408002 -0.012613751123966732 -0.0032706820670277549 -0.0088311189834958566 0.040617058596695732 0.046273830523192186 0.016801359340169443
leaf_weight=108609 17846 25130 80493 4486 4583 204976 270704 453 1382 17272 1525 1454 21381 1027 8885 866 1752 149785 6834 2727 525 4426 6073 4372 22589 251045 29173 21548 6358 9909
leaf_count=108609 17846 25130 80493 4486 4583 204976 270704 453 1382 17272 1525 1454 21381 1027 8885 866 1752 149785 6834 2727 525 4426 6073 4372 22589 251045 29173 21548 6358 9909
internal_value=0 0.000465059 -0.000533197 -0.00521243 0.0030552 0.00334389 6.70574e-05 0.00860369 -0.0132537 -0.00622192 -0.0149234 0.0014984 0.00172069 0.00686541 -0.00482964 -0.0363385 -0.00021172 -0.00126478 -0.0218151 -0.0411697 -0.0591916 0.0019358 -0.000774782 0.00173425 -0.000576431 -0.000197192 0.00234348 -0.00177122 -0.00255264 -0.00298696
internal_weight=0 1.26453e+06 912753 103776 351781 347198 808977 25583 23654 99290 18797 227811 226357 119387 10778 1893 783394 508318 11838 5004 3252 5808 496480 275076 490407 467818 178958 288860 267312 260954
internal_count=1288188 1264534 912753 103776 351781 347198 808977 25583 23654 99290 18797 227811 226357 119387 10778 1893 783394 508318 11838 5004 3252 5808 496480 275076 490407 467818 178958 288860 267312 260954
is_linear=0
shrinkage=0.1


Tree=38
num_leaves=31
num_cat=0
split_feature=1 3 13 4 2 6 3 2 4 4 0 123 53 63 2 124 0 64 62 146 137 0 20 20 4 0 63 62 64 6
split_gain=366.298 283.886 231.263 388.853 236.727 321.168 380.255 438.04 300.499 234.131 222.645 221.338 264.933 242.338 218.827 216.517 180.318 173.393 164.648 163.661 163.912 690.087 202.297 182.713 251.932 212.734 165.518 158.858 155.559 224.729
threshold=16154824.500000002 59988.000000000007 3.5000000000000004 215617.54500000001 97483.180000000008 5.7500000000000009 360328.31500000006 256010.95500000005 0.43500000000000005 89329.000000000015 1.5000000000000002 233094.00000000003 2.8007888672954069e-06 0.83975771992818682 1.3050000000000004 12.500000000000002 146903.50000000003 0.27720881234407313 57950.500000000007 200373.00000000003 3569.5000000000005 4017.5000000000005 1.0000000180025095e-35 5.5000000000000009 8752.7500000000018 304481.00000000006 0.90990416786883033 549088.50000000012 1.0003341740906577 7.8333333333333348
decision_type=2 2 2 2 2 2 2 2 2 2 2 2 2 2 2 2 2 2 2 2 2 2 2 2 2 2 2 2 2 2
left_child=1 10 -3 4 15 6 7 -6 -8 -9 -1 13 -13 18 -12 -4 -15 -11 -7 20 23 22 -22 -16 25 26 -25 -26 -23 -30
right_child=-2 2 3 -5 5 11 8 9 -10 17 14 12 -14 16 19 -17 -18 -19 -20 -21 21 28 -24 24 27 -27 -28 -29 29 -31
leaf_value=0.028381440829063111 -0.048241547439042035 0.0011029585089690431 -0.0043136940013348375 -0.035780105309983858 0.00097275547222362116 -0.0038438336647073079 -0.021569373526731786 0.015014398993538467 -0.0058222310822327724 0.019097164098273531 -0.011556140564991458 -0.0061032634897490341 0.04191369889990898 -0.005173615274159566 0.0062892360719656098 -0.020667478352144351 0.0080042658835046375 -0.015367522482277129 -0.020377841126954517 -0.06983808776461356 0.045644159607871396 0.0013270076785749929 -0.033090628986716358 -0.0022877612724091058 -0.021148122217862178 -0.011434833037291849 0.035928155943317601 0.015248450141765783 0.0056253724287975938 -0.024676119019461359
leaf_weight=87712 12910 379043 36855 23003 29783 21604 1272 10662 6244 1142 14706 70586 3936 12999 262945 858 40713 1959 3807 1550 380 181077 2797 33729 6536 11092 14505 1062 4765 7956
leaf_count=87712 12910 379043 36855 23003 29783 21604 1272 10662 6244 1142 14706 70586 3936 12999 262945 858 40713 1959 3807 1550 380 181077 2797 33729 6536 11092 14505 1062 4765 7956
internal_value=0 0.00033839 -0.00113772 -0.00340147 -0.00222242 -0.000881143 0.00598971 0.00957486 -0.0147819 0.0243289 0.00184645 -0.00316458 -0.00707549 0.000518906 0.00109145 -0.00950291 0.00432548 0.000144122 -0.00752718 0.00142633 0.00152179 -0.000760816 -0.0469896 0.0028848 -0.00178025 0.000415475 0.00328708 -0.0189247 -2.97063e-06 -0.0106921
internal_weight=0 1.27528e+06 644466 265423 242420 204707 51062 43546 7516 13763 630812 153645 74522 79123 543100 37713 53712 3101 25411 528394 526844 196975 3177 329869 66924 59326 48234 7598 193798 12721
internal_count=1288188 1275278 644466 265423 242420 204707 51062 43546 7516 13763 630812 153645 74522 79123 543100 37713 53712 3101 25411 528394 526844 196975 3177 329869 66924 59326 48234 7598 193798 12721
is_linear=0
shrinkage=0.1


Tree=39
num_leaves=31
num_cat=0
split_feature=3 1 64 6 4 137 137 4 4 6 2 2 2 13 13 1 4 20 67 2 3 3 20 0 20 124 124 6 138 5
split_gain=334.822 249.436 231.005 269.634 201.409 215.085 185.514 297.18 224.087 226.879 179.533 173.601 156.213 184.348 154.501 160.606 153.709 153.251 147.193 144.687 424.274 374.351 259.144 227.619 238.667 226.723 238.195 223.753 194.086 177.552
threshold=219376.04500000001 30657.000000000004 0.21100643607872807 24.750000000000004 156781.45000000004 3025875.5000000005 50.500000000000007 0.8450000000000002 138883.90500000003 5.7500000000000009 367681.26000000007 319798.12000000005 1.3050000000000004 4.5000000000000009 113.50000000000001 12721980.500000002 13747.185000000003 5.5000000000000009 12.500000000000002 11730.030000000001 9658.6600000000017 19700.530000000002 1.0000000180025095e-35 624493.00000000012 3.5000000000000004 10.500000000000002 11.500000000000002 20.833333333333339 7.5000000000000009 3.0000000000000004
decision_type=2 2 2 2 2 2 2 2 2 2 2 2 2 2 2 2 2 2 2 2 2 2 2 2 2 2 2 2 2 2
left_child=1 12 6 4 5 11 7 -2 9 -9 14 -4 13 -1 -3 19 -8 -18 -14 20 29 22 -21 -24 28 -23 27 -27 -25 -16
right_child=2 10 3 -5 -6 -7 16 8 -10 -11 -12 -13 18 -15 15 -17 17 -19 -20 21 -22 25 23 24 -26 26 -28 -29 -30 -31
leaf_value=0.04086182189125738 -0.0084526956475089801 -0.0045391683770236472 0.0013454130242261759 0.054669162870718602 -0.043892970191091583 0.1195229651436117 0.039388555780830753 0.01545218291037246 -0.0032017495987299418 0.0041954215227571973 0.011186999489129429 -0.011850228567303805 0.0077882763664937297 -0.011769940168867288 0.0011422073573044255 -0.048264021002992853 -0.036691208415445736 -0.0057278020019029376 -0.077732672543718462 0.050754151276592802 -0.02849989348664483 0.00021718998588549367 0.011993094991193632 0.0070637562857049779 -0.042129182990150428 -0.025923525236641033 -0.0026580613753524438 0.053373401434011952 -0.01379322142090165 -0.024102215030324881
leaf_weight=6680 5365 42040 12262 1395 17138 1614 1384 6055 166422 24123 5778 30863 575760 10855 66860 2353 8150 7044 2678 6579 5064 186744 33548 7269 2544 5563 22699 863 1789 20707
leaf_count=6680 5365 42040 12262 1395 17138 1614 1384 6055 166422 24123 5778 30863 575760 10855 66860 2353 8150 7044 2678 6579 5064 186744 33548 7269 2544 5563 22699 863 1789 20707
internal_value=0 0.000991225 -0.00290851 -0.00822948 -0.00920966 -0.00567854 -0.001368 -0.000533264 0.000100408 0.00802864 -0.00090596 -0.00701992 0.00229767 -0.007001 -0.0011559 -0.00049052 -0.0115373 -0.0144434 0.00257955 -0.000320422 -0.00372677 0.00085871 0.00849929 0.00579748 -0.00627627 -0.000972214 -0.00917842 -0.0261752 0.00132475 -0.00209927
internal_weight=0 1.00637e+06 281815 63272 61877 44739 218543 201965 196600 30178 410400 43125 595973 17535 404622 362582 16578 15194 578438 360229 92631 267598 51729 45150 11602 215869 29125 6426 9058 87567
internal_count=1288188 1006373 281815 63272 61877 44739 218543 201965 196600 30178 410400 43125 595973 17535 404622 362582 16578 15194 578438 360229 92631 267598 51729 45150 11602 215869 29125 6426 9058 87567
is_linear=0
shrinkage=0.1


Tree=40
num_leaves=31
num_cat=0
split_feature=0 5 3 92 3 2 6 51 95 92 26 4 64 88 64 63 123 123 1 64 4 64 20 6 2 64 137 3 3 4
split_gain=283.379 220.977 193.297 258.507 190.363 157.288 155.467 165.391 138.315 134.529 131.964 131.814 124.936 189.971 120.033 326.398 261.615 230.895 224.614 251.78 218.146 215.953 202.898 217.946 341.705 184.923 184.196 264.77 251.989 246.395
threshold=10917235.500000002 1.5000000000000002 2175.4000000000005 2.9941195732434265e-05 501084.28500000009 1.0750000000000004 6.5833333333333348 1.0000000180025095e-35 1.0000000180025095e-35 1.0238095238095239 2.5000000000000004 332954.23500000004 1.0003341740906577 406180.50000000006 0.30345678077554378 0.26022745802275121 227262.50000000003 4742489.5000000009 543718.00000000012 10709.519401969001 2436.7650000000003 1.130526998209149 5.5000000000000009 5.7500000000000009 216530.95500000005 0.00041011205052152844 10003.500000000002 10730.365000000002 55391.275000000001 11046.410000000002
decision_type=2 2 2 2 2 2 2 2 2 2 2 2 2 2 2 2 2 2 2 2 2 2 2 2 2 2 2 2 2 2
left_child=1 2 5 10 8 -1 7 -6 14 -5 -4 -8 13 -2 15 17 18 -3 19 26 21 -18 23 24 -17 -25 28 -28 -16 -29
right_child=12 4 3 9 6 -7 11 -9 -10 -11 -12 -13 -14 -15 16 22 20 -19 -20 -21 -22 -23 -24 25 -26 -27 27 29 -30 -31
leaf_value=-0.06838549304236495 0.0058862688274312191 -0.00090272514383477368 0.0044379313922436213 -0.030943821823565379 -0.027891227695933808 0.18345012730248356 0.024856558255562503 0.004225608146690085 0.023643965670466862 -0.0018831245926937681 0.44073994972856917 -0.0182522143501886 -0.034903908311087382 -0.079529467475878246 0.012292211629784933 0.0037067702819305382 -0.0017502799229081878 -0.015739796034040809 0.0024900960484710087 -0.011035034161886715 -0.0082717687678472308 0.041492374844664955 8.7639471167877411e-05 0.027425037410790089 0.019470602760448145 0.0065368579365933863 -0.029652510019010415 0.0089740907034063008 -0.004408815091339913 -0.0062196722340631316
leaf_weight=667 9684 545406 270520 6871 11388 39588 5501 4270 4662 5994 27939 21043 15356 1523 32545 3230 26442 478 49066 3862 32302 709 44473 6040 2432 55318 17942 10837 22537 9563
leaf_count=667 9684 545406 270520 6871 11388 39588 5501 4270 4662 5994 27939 21043 15356 1523 32545 3230 26442 478 49066 3862 32302 709 44473 6040 2432 55318 17942 10837 22537 9563
internal_value=0 0.000339018 0.00246828 0.00162513 -0.000483581 0.00898902 -0.00704222 -0.0149448 -0.000164644 -0.0122542 0.00222339 -0.00238059 -0.0100978 -0.00206998 -0.000257423 0.00040239 -0.00236498 -0.000604635 -9.25488e-05 -0.00287472 -0.00795889 -0.00135182 0.00533291 0.00880796 0.0275805 0.00707567 -0.00184038 -0.00716243 0.00186423 0.000630795
internal_weight=0 1.26162e+06 351579 311324 910046 40255 42202 15658 867844 12865 298459 26544 26563 11207 863182 657377 205805 545884 146352 97286 59453 27151 111493 67020 5662 61358 93424 38342 55082 20400
internal_count=1288188 1261625 351579 311324 910046 40255 42202 15658 867844 12865 298459 26544 26563 11207 863182 657377 205805 545884 146352 97286 59453 27151 111493 67020 5662 61358 93424 38342 55082 20400
is_linear=0
shrinkage=0.1


Tree=41
num_leaves=31
num_cat=0
split_feature=1 3 17 21 20 6 0 4 2 118 0 13 6 138 20 3 3 5 2 6 20 64 2 20 1 124 64 18 13 13
split_gain=256.792 207.428 188.09 193.303 189.049 233.397 164.938 160.87 157.936 134.32 134.394 338.933 162.023 237.647 151.142 305.413 219.529 302.363 190.221 169.336 189.484 166.746 160.358 517.583 141.247 127.116 212.686 126.865 127.98 246.673
threshold=21392660.000000004 61516.810000000005 2.5000000000000004 2.5000000000000004 2.5000000000000004 5.7500000000000009 1.5000000000000002 167079.36500000002 1.3050000000000004 0.51923076923076927 126758.50000000001 100008.00000000001 4.166666666666667 6.5000000000000009 1.0000000180025095e-35 19294.195000000003 5461.8300000000008 1.0000000180025095e-35 59452.885000000009 7.5833333333333348 7.5000000000000009 0.909489760016291 11730.030000000001 1.5000000000000002 1.5000000000000002 4.5000000000000009 1.130526998209149 1.0000000180025095e-35 1494937.0000000002 1108791.0000000002
decision_type=2 2 2 2 2 2 2 2 2 2 2 2 2 2 2 2 2 2 2 2 2 2 2 2 2 2 2 2 2 2
left_child=1 6 3 4 5 25 -1 27 -8 10 24 12 13 -12 15 -13 17 -16 -17 20 22 -21 23 -18 -10 -3 -27 28 29 -6
right_child=-2 2 -4 -5 7 -7 8 -9 9 -11 11 14 -14 -15 16 18 19 -19 -20 21 -22 -23 -24 -25 -26 26 -28 -29 -30 -31
leaf_value=0.023653030889356597 -0.047291170465303956 0.0044463833042303613 -0.0047514681020302428 0.017086428132251825 -0.0005679331724096681 -0.0014259006731150105 -0.0093372464546981563 -0.022352764138118177 -0.046302110682449896 0.040307324121911139 -0.0032001500336987566 0.0627600996448823 -0.012308661733332487 0.0074465818677399266 -0.093371330322094534 -0.029197491359051777 -0.026674142041425764 -0.018328775205843275 0.011223072134209278 -0.00013931908824172363 -0.0054318406462863685 -0.0072970661198132787 0.0059659998170689069 0.08032483488772571 0.0073208560737331842 0.022312640913752999 -0.0034845264177227665 -0.0095258239089017118 -0.0035087947202198677 0.0087144547143087059
leaf_weight=89502 10725 55588 24327 12232 54926 390923 14706 22034 9721 2946 6756 8710 27966 687 978 3067 2578 5994 2474 57548 11172 12685 37274 4532 341436 1824 1433 21384 44249 7811
leaf_count=89502 10725 55588 24327 12232 54926 390923 14706 22034 9721 2946 6756 8710 27966 687 978 3067 2578 5994 2474 57548 11172 12685 37274 4532 341436 1824 1433 21384 44249 7811
internal_value=0 0.00024778 -0.00103048 -0.000687928 -0.000941564 8.47601e-05 0.00151806 -0.00401068 0.000871555 0.00115179 0.00103422 -0.00116771 -0.00995064 0.00316147 0.000947726 0.0107343 -0.000102794 -0.0173752 -0.00761994 0.000854549 0.00497987 -0.00240868 0.00790991 -0.00585271 0.0021781 0.00595619 0.0251574 -0.00265574 -0.00125027 0.0016544
internal_weight=0 1.27746e+06 636731 612404 600172 449768 640732 150404 551230 536524 533578 182421 35409 7443 147012 14251 132761 6972 5541 125789 55556 70233 44384 7110 351157 58845 3257 128370 106986 62737
internal_count=1288188 1277463 636731 612404 600172 449768 640732 150404 551230 536524 533578 182421 35409 7443 147012 14251 132761 6972 5541 125789 55556 70233 44384 7110 351157 58845 3257 128370 106986 62737
is_linear=0
shrinkage=0.1


Tree=42
num_leaves=31
num_cat=0
split_feature=0 5 3 92 3 2 4 6 64 123 2 4 84 123 138 123 123 64 63 62 4 62 4 4 124 64 64 62 2 62
split_gain=223.754 178.346 167.461 189.524 157.884 139.889 136.412 320.724 245.03 389.417 228.703 485.934 202.85 190.586 185.34 180.969 169.608 160.01 159.876 188.322 162.098 155.634 155.053 268.365 352.32 230.704 225.205 170.019 146.504 285.767
threshold=12335682.000000002 1.5000000000000002 2175.4000000000005 2.9941195732434265e-05 501084.28500000009 1.2050000000000003 0.42500000000000004 5.7500000000000009 0.20002170837844593 3333704.5000000005 236678.345 81905.890000000014 95985.000000000015 114770.00000000001 6.5000000000000009 4742489.5000000009 128202.50000000001 0.4299642866419161 0.17272336814431904 22.500000000000004 45745.470000000008 1883946.5000000002 16845.165000000005 22026.025000000005 10.500000000000002 0.0002550135164327419 0.00052260761985004078 621836.50000000012 13104.415000000003 68373.000000000015
decision_type=2 2 2 2 2 2 2 2 2 2 2 2 2 2 2 2 2 2 2 2 2 2 2 2 2 2 2 2 2 2
left_child=1 2 5 -4 6 -1 12 10 18 16 14 13 15 -12 21 -3 28 -13 19 -9 -21 -8 26 24 -24 -26 -20 -28 29 -10
right_child=-2 4 3 -5 -6 -7 7 8 9 -11 11 17 -14 -15 -16 -17 -18 -19 22 20 -22 -23 23 -25 25 -27 27 -29 -30 -31
leaf_value=-0.061591239021309585 -0.022851537116032605 -0.0021371953611961591 0.0059858048563576462 -0.016640484047688694 -0.01329140140461766 0.16564522827554795 0.0024931550030318889 0.00085461126587320639 -0.0048165835058231691 -0.023518221868456902 0.0067324246254938606 0.014655986891150254 -0.049173887882086709 0.017488194127972 0.0038531664352130812 -0.013944400525992143 -0.0046948671007967331 -0.016403910216534735 0.027699286928484713 0.0010972826637017043 -0.045060820323230832 -0.0046952030493100398 0.012147574740313562 0.0039128688135912169 0.012619152832097759 -0.037848453715808215 0.019205358858647693 -0.00079489212943322234 0.0009832994010663882 -0.033186733461221668
leaf_weight=857 23654 221478 298655 12871 42693 39398 63150 274486 26565 7063 5815 10304 999 6047 1902 483 48606 4615 6513 2828 3509 3529 1418 17039 328 1756 37399 24555 93171 6502
leaf_count=857 23654 221478 298655 12871 42693 39398 63150 274486 26565 7063 5815 10304 999 6047 1902 483 48606 4615 6513 2828 3509 3529 1418 17039 328 1756 37399 24555 93171 6502
internal_value=0 0.00028447 0.00219744 0.00141313 -0.000452799 0.00826701 -0.000161461 0.000573524 -0.000352029 -0.00335686 0.00592852 0.0137653 -0.00229462 0.0288719 0.00286825 -0.00209226 -0.00242693 0.00175414 0.00112594 -4.4601e-05 -0.0170879 0.00199025 0.00481904 -0.00280096 -0.0280135 -0.0541772 0.00710515 0.00524561 -0.000494299 -0.00621268
internal_weight=0 1.26453e+06 351781 311526 912753 40255 870060 647100 551738 181907 95362 26781 222960 11862 68581 221961 174844 14919 369831 280823 6337 66679 89008 20541 3502 2084 68467 61954 126238 33067
internal_count=1288188 1264534 351781 311526 912753 40255 870060 647100 551738 181907 95362 26781 222960 11862 68581 221961 174844 14919 369831 280823 6337 66679 89008 20541 3502 2084 68467 61954 126238 33067
is_linear=0
shrinkage=0.1


Tree=43
num_leaves=31
num_cat=0
split_feature=3 20 90 13 137 2 3 4 3 21 137 64 4 6 62 3 17 133 6 6 3 4 123 137 2 124 48 20 88 13
split_gain=200.573 172.533 185.559 165.385 297.749 190.759 290.905 191.673 181.951 163.567 134.069 127.77 288.124 177.43 158.061 140.486 133.448 138.242 128.507 126.963 274.548 214.298 210.699 171.02 125.374 143.118 125.207 137.984 123.695 115.072
threshold=219376.04500000001 1.0000000180025095e-35 0.89112034721996747 66172.000000000015 45221.000000000007 229242.18000000002 19294.195000000003 0.42500000000000004 1423.6600000000003 2.5000000000000004 146903.50000000003 0.0002550135164327419 204814.05000000002 24.750000000000004 575205.50000000012 751547.7350000001 3.5000000000000004 34.000000000000007 7.8333333333333348 5.7500000000000009 602946.1100000001 44377.215000000004 718603.50000000012 3025875.5000000005 375307.25000000006 15.500000000000002 6.0000000000000009 2.5000000000000004 1398196.5000000002 1566144.5000000002
decision_type=2 2 2 2 2 2 2 2 2 2 2 2 2 2 2 2 2 2 2 2 2 2 2 2 2 2 2 2 2 2
left_child=1 2 3 4 -1 6 10 -8 -6 11 -5 16 13 19 -14 -16 17 24 -17 20 21 22 -13 -21 25 26 27 -2 -3 -29
right_child=9 28 -4 5 8 -7 7 -9 -10 -11 -12 12 14 -15 15 18 -18 -19 -20 23 -22 -23 -24 -25 -26 -27 -28 29 -30 -31
leaf_value=0.0048920401825813592 0.010447909304492686 -0.00040331550013595827 -0.030594711116169144 0.031143480704679139 0.027442092448604682 0.015563153224452684 -0.019415905079091019 0.0015336216045386932 -0.025027046473172433 0.017504804694603939 0.075853745068408363 0.0040985302867720718 -0.058620935458680537 0.048612765585276912 0.00084169480001752286 -0.065460976864466058 -0.010786092478997871 -0.017552752478046506 0.054449228474838351 -0.0068016937340605547 -0.051985276969348432 -0.0035111343402926725 0.019686179127413158 0.074981550589933735 0.0049182581530589076 -0.02755722526340041 -0.013843734301469901 -0.0040200933039439132 -0.069287171272224266 -0.018934164591789295
leaf_weight=409517 15447 562541 2709 11434 1183 2467 2597 6231 3710 6203 3496 4911 9784 1960 7423 3869 1656 20401 640 45849 3523 6547 2671 2352 104690 371 37152 5313 488 1053
leaf_count=409517 15447 562541 2709 11434 1183 2467 2597 6231 3710 6203 3496 4911 9784 1960 7423 3869 1656 20401 640 45849 3523 6547 2671 2352 104690 371 37152 5313 488 1053
internal_value=0 0.000747251 0.00222279 0.00238321 0.00189584 0.0100845 0.00733624 -0.00705404 -0.0226263 -0.00227106 0.0158451 -0.00263249 -0.00573659 -0.00252633 -0.0157614 -0.00803589 -0.00113902 -0.000885266 -0.0219581 -0.00340879 0.00384696 0.0100744 0.0215186 -0.00606597 8.02875e-05 -0.00359204 -0.00320247 0.00281135 -0.000414631 -0.00957792
internal_weight=0 1.00637e+06 443344 440635 414410 26225 23758 8828 4893 281815 14930 275612 89529 67813 21716 11932 186083 184427 4509 65853 17652 14129 7582 48201 164026 59336 58965 21813 563029 6366
internal_count=1288188 1006373 443344 440635 414410 26225 23758 8828 4893 281815 14930 275612 89529 67813 21716 11932 186083 184427 4509 65853 17652 14129 7582 48201 164026 59336 58965 21813 563029 6366
is_linear=0
shrinkage=0.1


Tree=44
num_leaves=31
num_cat=0
split_feature=1 26 3 128 21 18 6 3 3 4 0 64 8 123 4 64 2 0 2 3 6 20 64 137 5 6 14 62 140 3
split_gain=193.162 166.302 157.112 165.844 130.843 128.78 161.002 193.447 252.118 236.234 388.502 293.031 229.33 155.94 143.536 200.749 178.969 136.947 128.301 295.894 234.033 315.447 255.195 228.134 189.728 357.297 169.792 166.917 259.291 155.399
threshold=21392660.000000004 2.5000000000000004 61516.810000000005 0.07417582417582419 2.5000000000000004 1.0000000180025095e-35 5.7500000000000009 627852.56500000006 97876.345000000016 81905.890000000014 146903.50000000003 0.24999978033642647 1.0000000180025095e-35 333316.50000000006 12770.470000000001 1.080650315380532 971206.93000000005 3709734.5000000005 11730.030000000001 7954.5350000000008 8.4166666666666696 5.5000000000000009 0.909489760016291 45.500000000000007 3.0000000000000004 4.8333333333333348 1.0000000180025095e-35 25.500000000000004 1.0000000180025095e-35 1967.4650000000004
decision_type=2 2 2 2 2 2 2 2 2 2 2 2 2 2 2 2 2 2 2 2 2 2 2 2 2 2 2 2 2 2
left_child=1 2 18 4 5 6 7 8 -4 10 -10 -11 -9 -8 15 -15 -16 -12 19 24 21 27 -22 -21 25 26 -1 28 -20 -28
right_child=-2 -3 3 -5 -6 -7 13 12 9 11 17 -13 -14 14 16 -17 -18 -19 20 23 22 -23 -24 -25 -26 -27 29 -29 -30 -31
leaf_value=-0.011135843566897534 -0.039093812559364373 0.39679474145787319 -0.0029257682311981427 -0.01475825616994615 0.013310323105300696 -0.0063995627398779984 -0.0014357693877907586 0.010307053456472559 -0.0018221076959189621 0.013102190298554995 0.010380627888524728 -0.015461531727834259 -0.042359758432194708 -0.0016297603835556008 -0.018364016365112642 0.02686175815655233 0.046295560368311339 0.0039783874893626449 0.0085376721201545942 0.0043950326367370174 0.0022697330697624665 -0.0047946654386843875 -0.00773881565490622 -0.02554028171043142 -0.013629093074267785 0.051641270989055667 -0.0031427979289574666 0.0061477448309626981 -0.094868919569182489 0.056253920968696816
leaf_weight=51541 10725 28296 20170 4862 12726 36393 407710 5585 8643 24946 10100 7635 4778 37233 25402 1402 2873 11469 95297 8584 156943 28134 19012 12405 55833 96003 41069 45321 1708 15390
leaf_count=51541 10725 28296 20170 4862 12726 36393 407710 5585 8643 24946 10100 7635 4778 37233 25402 1402 2873 11469 95297 8584 156943 28134 19012 12405 55833 96003 41069 45321 1708 15390
internal_value=0 0.000186009 1.42869e-05 -0.00111198 -0.000967028 -0.00117834 -0.000808815 0.00298812 0.00459721 0.00772155 0.0140911 0.00181514 -0.00989375 -0.00155542 -0.00602983 -0.00206755 -0.0114439 0.0212694 0.00113101 -0.000457455 0.00241872 0.00505949 -0.000139573 -0.0118784 0.000465109 0.00187876 -0.00206696 0.0069721 0.00463132 0.00172144
internal_weight=0 1.27746e+06 1.24917e+06 621927 617065 604339 567946 93326 82963 62793 30212 32581 10363 474620 66910 38635 28275 21569 627240 280825 346415 170460 175955 20989 259836 204003 108000 142326 97005 56459
internal_count=1288188 1277463 1249167 621927 617065 604339 567946 93326 82963 62793 30212 32581 10363 474620 66910 38635 28275 21569 627240 280825 346415 170460 175955 20989 259836 204003 108000 142326 97005 56459
is_linear=0
shrinkage=0.1


Tree=45
num_leaves=31
num_cat=0
split_feature=64 4 63 0 123 6 4 3 2 122 2 137 1 1 133 126 4 64 88 3 124 3 3 2 4 6 20 62 6 134
split_gain=171.961 254.49 254.245 252.223 222.516 218.605 203.201 179.414 198.226 192.308 159.075 421.351 197.674 158.376 155.688 155.436 154.039 248.918 150.537 144.216 142.391 139.076 136.911 146.802 180.173 133.941 121.957 118 106.518 106.39
threshold=0.38710193439720558 4059.4650000000006 0.4076126660525205 373.50000000000006 104120.50000000001 4.166666666666667 178659.27500000002 23385.970000000005 35505.140000000007 1.0000000180025095e-35 129.22500000000002 3142.5000000000005 4000.5000000000005 526211.50000000012 34.000000000000007 1.0000000180025095e-35 5690.9700000000012 1.130526998209149 1160966.5000000002 27306.545000000002 10.500000000000002 21032.425000000003 64694.055000000008 626752.20000000007 13747.185000000003 5.166666666666667 1.5000000000000002 57950.500000000007 5.7500000000000009 252762.00000000003
decision_type=2 2 2 2 2 2 2 2 2 2 2 2 2 2 2 2 2 2 2 2 2 2 2 2 2 2 2 2 2 2
left_child=2 5 3 14 6 -2 13 9 20 -4 11 -5 26 -3 -1 18 17 -6 27 -15 -9 -18 -23 24 25 -24 -13 -12 -29 -16
right_child=1 4 7 10 16 -7 -8 8 -10 -11 15 12 -14 19 29 -17 21 -19 -20 -21 -22 22 23 -25 -26 -27 -28 28 -30 -31
leaf_value=0.0051959544683134245 0.0049362568686874058 -0.0035385769409443514 0.025307532122016887 -0.0069085951308144105 -0.021337657733161472 -0.00053589154275431874 -0.031365967213642577 -0.0097703745188888694 0.0021438248590053004 0.034357796865667735 -0.001057246359976894 0.011237121422324593 -0.029356554761357612 -0.069768693497697862 0.0023072013824433136 -0.0093125766683320975 -0.0089665170848070019 0.024378439480401446 -0.042285620773154391 0.0032746661257587852 -0.027192217910168195 0.00078828346158972117 0.016689647000856567 0.0024211611223838724 -0.022453461085024329 -0.0048456923669305575 -0.031195004668619138 0.0072161131295702787 -0.027600783119237662 -0.017791213828776999
leaf_weight=509849 15893 35958 35699 14770 2855 100629 9950 1027 99985 12247 277214 250 2778 752 33348 8551 436 477 4113 37331 684 7604 1291 7052 21327 2522 2756 1236 2666 36938
leaf_count=509849 15893 35958 35699 14770 2855 100629 9950 1027 99985 12247 277214 250 2778 752 33348 8551 436 477 4113 37331 684 7604 1291 7052 21327 2522 2756 1236 2666 36938
internal_value=0 -0.00232798 0.000620295 -1.79645e-05 -0.0054142 0.00105046 -0.00240619 0.00443542 0.00205789 0.00947829 -0.00229924 -0.0108041 -0.0336838 -0.000603081 0.0012181 -0.00170421 -0.0112136 -0.0318762 -0.00130594 0.003891 -0.0316919 -0.00950235 -0.00888694 -0.0117376 -0.0153142 0.00470718 -0.0514557 -0.00102806 -0.0182969 -0.00319404
internal_weight=0 244077 1.04411e+06 894469 127555 116522 83991 149642 101696 47946 314334 20554 5784 74041 580135 293780 43564 3332 285229 38083 1711 40232 39796 32192 25140 3813 3006 281116 3902 70286
internal_count=1288188 244077 1044111 894469 127555 116522 83991 149642 101696 47946 314334 20554 5784 74041 580135 293780 43564 3332 285229 38083 1711 40232 39796 32192 25140 3813 3006 281116 3902 70286
is_linear=0
shrinkage=0.1


Tree=46
num_leaves=31
num_cat=0
split_feature=0 26 63 64 88 6 20 0 4 53 4 2 20 67 137 20 6 64 137 76 3 136 137 93 6 1 123 2 3 0
split_gain=154.33 140.873 135.427 117.728 135.784 108.895 329.555 223.446 231.189 228.64 216.504 248.838 185.315 171.127 169.96 264.518 167.909 183.621 163.513 152.255 150.22 255.306 203.144 176.121 164.636 229.675 138.248 138.064 131.151 126.309
threshold=14800030.500000002 2.5000000000000004 49392.827777777784 1.0003341740906577 505633.00000000006 8.4166666666666696 7.5000000000000009 309977.50000000006 12088.715000000002 1.0438191103924396e-06 0.42500000000000004 346714.57000000001 8.5000000000000018 12.500000000000002 1499925.0000000002 2.5000000000000004 24.750000000000004 66.521494226488599 3142.5000000000005 9.5000000000000018 295396.96000000002 1.0000000180025095e-35 200085.00000000003 25.500000000000004 4.8333333333333348 3333704.5000000005 1884780.0000000002 16978.025000000005 36092.490000000005 6420193.0000000009
decision_type=2 2 2 2 2 2 2 2 2 2 2 2 2 2 2 2 2 2 2 2 2 2 2 2 2 2 2 2 2 2
left_child=1 2 5 4 -2 6 10 8 -7 16 11 14 18 19 -1 -16 27 -18 -8 -10 22 -22 23 24 25 29 -26 -9 -25 -12
right_child=3 -3 -4 -5 -6 7 12 9 13 -11 20 -13 -14 -15 15 -17 17 -19 -20 -21 21 -23 -24 28 26 -27 -28 -29 -30 -31
leaf_value=-0.00048307022564841873 0.011418512283737055 0.35659567186525448 -0.006548672591809847 -0.035076190001316121 -0.077857390847523814 0.010171363778866982 -0.021390945230534399 -0.034906933376669107 -0.0026483508687831451 0.034633993951328788 0.0052272179257621077 -0.01376683334123463 -0.0046878992629675771 -0.12742535776716468 0.0657891269034514 -0.077063418957689006 0.014586118806970595 0.083049300619037592 -0.048078998793317222 -0.046961175954610766 0.0028016685091662554 -0.023912488564888291 0.010163974015558786 0.00047176454643722555 0.0036902352463517698 0.012837844361325297 -0.0058380122017994479 -0.0045188233922991766 -0.031174094217620147 -0.010354547822790747
leaf_weight=163121 7560 28296 5790 11703 1186 143056 5364 4701 307399 4619 72456 1649 90201 1507 236 919 5737 338 2417 3303 54835 9179 19604 4381 214520 5743 12266 102323 3548 231
leaf_count=163121 7560 28296 5790 11703 1186 143056 5364 4701 307399 4619 72456 1649 90201 1507 236 919 5737 338 2417 3303 54835 9179 19604 4381 214520 5743 12266 102323 3548 231
internal_value=0 0.000176799 1.75236e-05 -0.00858038 0.000196654 8.91351e-05 0.000964089 -0.000919718 8.44453e-05 -0.00480324 0.00189608 -0.00113718 -0.00438811 -0.00144095 -0.000749181 -0.0389744 -0.00569387 0.0104785 -0.0191952 -0.0012779 0.00316458 -0.00127171 0.00401802 0.0033998 0.00378205 0.0077314 0.00241623 -0.00661187 -0.0113141 0.0062103
internal_weight=0 1.26774e+06 1.23944e+06 20449 8746 1.23365e+06 660670 572983 455265 117718 562688 165925 97982 312209 164276 1155 113099 6075 7781 310702 396763 64014 332749 313145 305216 78430 226786 107024 7929 72687
internal_count=1288188 1267739 1239443 20449 8746 1233653 660670 572983 455265 117718 562688 165925 97982 312209 164276 1155 113099 6075 7781 310702 396763 64014 332749 313145 305216 78430 226786 107024 7929 72687
is_linear=0
shrinkage=0.1


Tree=47
num_leaves=31
num_cat=0
split_feature=64 123 4 63 0 4 3 2 122 124 123 2 137 1 134 63 1 62 4 128 62 4 88 4 1 2 0 0 20 5
split_gain=153.547 204.678 201.598 200.991 203.08 156.574 150.932 169.911 166.12 163.399 135.929 137.274 353.521 171.072 132.846 132.668 137.569 170.303 153.357 122.14 125.595 225.281 125.427 110.038 200.511 154.327 172.913 178.713 174.101 136.665
threshold=0.35804487186057515 132522.50000000003 209990.68500000003 0.26022745802275121 373.50000000000006 1592.9950000000001 23385.970000000005 36531.375000000007 1.0000000180025095e-35 10.500000000000002 4742489.5000000009 129.22500000000002 3142.5000000000005 4000.5000000000005 252762.00000000003 14823.454545454546 526211.50000000012 1760537.5000000002 24.105000000000004 0.07417582417582419 22.500000000000004 64086.105000000003 1160966.5000000002 428.01000000000005 21477.000000000004 99461.150000000009 146903.50000000003 30196322.500000004 8.5000000000000018 3.0000000000000004
decision_type=2 2 2 2 2 2 2 2 2 2 2 2 2 2 2 2 2 2 2 2 2 2 2 2 2 2 2 2 2 2
left_child=3 2 15 4 14 -3 8 9 -5 -8 11 12 -6 -14 -1 23 18 -18 -17 20 22 -22 -13 24 29 -25 -27 28 -28 -2
right_child=1 5 -4 6 10 -7 7 -9 -10 -11 -12 19 13 -15 -16 16 17 -19 -20 -21 21 -23 -24 25 -26 26 27 -29 -30 -31
leaf_value=0.005505198557633895 0.10660689097249652 -3.7800205687055222e-05 -0.031125564282065171 0.022582773067839138 -0.0064066180715846967 -0.0067858027402369018 -0.0059294301145338627 0.0019449708711232782 0.030791830129920462 -0.026291219265804491 -0.012130920220745247 -0.00062486722180630236 -0.026089799342321991 -0.026206319318104854 -0.0048824194363213287 -0.023891061502445771 0.002674631916059371 -0.0017463660894529228 -0.0058137478544903927 -0.017469434901521187 0.0056409319001271474 -0.032307379598789911 -0.036882885625936779 -0.002570507201895016 0.027710031130068959 -0.0051682537002221765 0.0087063317555941336 -0.047161262679395848 -0.0041162548426206457 -0.014528986211010642
leaf_weight=461611 4064 24801 8486 35588 14770 50050 1171 99121 11972 757 536 271791 3006 2778 118487 502 4037 3599 3201 3594 5416 6787 4154 75371 11147 10354 28224 2787 9216 10810
leaf_count=461611 4064 24801 8486 35588 14770 50050 1171 99121 11972 757 536 271791 3006 2778 118487 502 4037 3599 3201 3594 5416 6787 4154 75371 11147 10354 28224 2787 9216 10810
internal_value=0 -0.00221591 -0.000314459 0.00055889 -7.82472e-06 -0.00658013 0.00396404 0.00177768 0.00860934 -0.0276242 -0.00206144 -0.00197509 -0.00987391 -0.0308312 0.00109964 0.000466406 -0.00996805 -0.00229766 -0.0257852 -0.00141859 -0.00119008 -0.0111179 -0.000751044 0.00124494 0.00716504 2.18797e-05 0.00429482 0.00726113 0.00907965 -0.00043424
internal_weight=0 246649 171798 1.04154e+06 892930 74851 148609 101049 47560 1928 312832 312296 20554 5784 580098 163312 11339 7636 3703 291742 288148 12203 275945 151973 26021 125952 50581 40227 37440 14874
internal_count=1288188 246649 171798 1041539 892930 74851 148609 101049 47560 1928 312832 312296 20554 5784 580098 163312 11339 7636 3703 291742 288148 12203 275945 151973 26021 125952 50581 40227 37440 14874
is_linear=0
shrinkage=0.1


Tree=48
num_leaves=31
num_cat=0
split_feature=3 128 137 20 20 138 5 1 20 3 134 1 13 76 4 13 20 64 6 4 0 1 62 62 3 6 2 2 20 20
split_gain=135.538 136.634 129.565 153.215 202.808 272.026 204.676 201.045 158.218 178.596 145.378 168.124 305.212 111.963 161.885 107.137 104.947 102.96 250.886 159.185 155.222 256.532 327.592 174.423 105.579 102.776 275.201 303.436 543.959 153.927
threshold=53609.845000000008 0.06458333333333334 6.5000000000000009 14.500000000000002 7.5000000000000009 8.5000000000000018 1.5000000000000002 397531.00000000006 8.5000000000000018 2590.6550000000002 498461.50000000006 75916.000000000015 142.50000000000003 10.500000000000002 10428.575000000003 34800.500000000007 20.500000000000004 2.5321379275379416 24.750000000000004 111683.07500000001 17823204.500000004 526211.50000000012 997018.00000000012 509023.50000000006 110809.84500000002 11.833333333333334 14762.040000000003 8806.0550000000021 1.0000000180025095e-35 1.0000000180025095e-35
decision_type=2 2 2 2 2 2 2 2 2 2 2 2 2 2 2 2 2 2 2 2 2 2 2 2 2 2 2 2 2 2
left_child=2 17 10 4 6 8 -4 -5 9 -6 11 13 -13 -1 -15 -7 -9 -2 19 20 21 23 -23 -19 -25 26 27 -8 -29 -28
right_child=1 -3 3 7 5 15 25 16 -10 -11 -12 12 -14 14 -16 -17 -18 18 -20 -21 -22 22 -24 24 -26 -27 29 28 -30 -31
leaf_value=0.015519747495719383 -0.00053091617450058421 -0.012857536217753807 0.032801193059109883 0.091489685835691045 -0.034210510508230353 -0.046382406927370987 -0.0018823107643869215 -0.0063582987850709432 -0.033943631552796859 -0.067764273917885365 -0.020464609952373626 -0.035469568494753502 0.00098186664394743777 -0.0047866492910672246 -0.062235792824185177 0.049092335273542169 -0.068474326565447732 -0.0040255804801395722 0.026989987170263963 -0.027908159826772302 -0.036160742031440464 0.011355556161551369 -0.0010472908434489151 -0.02762367372250615 -0.012568762305963075 -0.006515698384694713 -0.0040149841721045746 0.09138114402476645 -0.024321826735417135 0.013147988257035594
leaf_weight=231457 621739 5534 29553 15875 3558 6075 115188 989 12636 2271 6338 11257 68009 8145 1474 5202 737 15800 771 13190 6541 12535 15221 586 441 38381 6759 1535 6584 23807
leaf_count=231457 621739 5534 29553 15875 3558 6075 115188 989 12636 2271 6338 11257 68009 8145 1474 5202 737 15800 771 13190 6541 12535 15221 586 441 38381 6759 1535 6584 23807
internal_value=0 -0.000933458 0.00112382 -0.000500779 -0.0011319 -0.00888605 -9.21462e-05 0.00851899 -0.0163599 -0.0299888 0.00246233 0.00275905 -0.00123617 0.00407269 -0.00649866 0.00335161 -0.0238937 -0.000807359 -0.00459158 -0.00527136 -0.00274435 -0.000633766 0.00527247 -0.0103761 -0.05031 -0.00128314 -0.000128397 -0.00223396 -0.0209189 0.00836572
internal_weight=0 692358 595830 269150 251549 29742 221807 17601 18465 5829 326680 320342 79266 241076 9619 11277 1726 686824 65085 64314 51124 44583 27756 16827 1027 192254 153873 123307 8119 30566
internal_count=1288188 692358 595830 269150 251549 29742 221807 17601 18465 5829 326680 320342 79266 241076 9619 11277 1726 686824 65085 64314 51124 44583 27756 16827 1027 192254 153873 123307 8119 30566
is_linear=0
shrinkage=0.1


Tree=49
num_leaves=31
num_cat=0
split_feature=26 3 118 0 3 137 0 13 134 2 3 6 5 64 64 138 20 128 20 20 6 13 63 5 137 20 2 2 20 76
split_gain=135.777 113.957 119.525 110.692 147.69 362.933 211.116 144.966 140.147 139.064 238.007 166.193 158.342 151.04 139.925 130.727 124.185 109.656 106.268 106.051 99.1568 95.0386 118.564 166.401 226.699 220.162 190.4 111.385 96.1891 94.359
threshold=2.5000000000000004 53609.845000000008 0.51923076923076927 34259.500000000007 180.88000000000002 3142.5000000000005 4017.5000000000005 1720.5000000000002 498461.50000000006 11730.030000000001 7954.5350000000008 7.5833333333333348 3.0000000000000004 0.68553851024129075 0.92309249344932198 4.5000000000000009 3.5000000000000004 0.06458333333333334 1.5000000000000002 5.5000000000000009 18.583333333333339 384845.00000000006 0.3532546784539875 1.0000000180025095e-35 99996.500000000015 9.5000000000000018 1830.7700000000002 1441.8400000000004 1.5000000000000002 10.500000000000002
decision_type=2 2 2 2 2 2 2 2 2 2 2 2 2 2 2 2 2 2 2 2 2 2 2 2 2 2 2 2 2 2
left_child=1 2 3 4 5 -1 18 -5 29 10 12 15 21 -14 20 19 -15 -3 -7 -11 -13 22 23 24 -9 -26 27 -25 -29 -6
right_child=-2 17 -4 7 8 6 -8 9 -10 11 -12 14 13 16 -16 -17 -18 -19 -20 -21 -22 -23 -24 26 25 -27 -28 28 -30 -31
leaf_value=0.00061416716163567413 0.32038159432422253 -0.0009980654900289931 0.038833047057941529 -0.019792850196918253 0.01350984082696809 0.012958927313327862 -0.015165572312597186 0.024349529966609662 -0.018418148957136272 0.0051103010587300714 -0.020769673951837368 -0.00064189199209943397 0.0033681627702266681 -0.039427230534048126 -0.0056237362234675681 0.033464878178388273 -0.016571632188390119 -0.01157178259597842 -0.025705888844638765 -0.0034508060256019935 0.023993040342961881 0.091899941951197217 0.041503057924484568 -0.0087197110264716216 -0.091025228527250424 0.28970665347769564 0.017872389735259241 -0.022621939730754954 -0.0088459328816829982 -0.032863050151059107
leaf_weight=82721 28296 671322 2717 20381 233751 261 3212 1518 6338 40031 12678 44925 10314 3218 16813 5380 9296 5534 2801 10387 10330 2823 13237 7920 1109 351 28684 2326 1577 7937
leaf_count=82721 28296 671322 2717 20381 233751 261 3212 1518 6338 40031 12678 44925 10314 3218 16813 5380 9296 5534 2801 10387 10330 2823 13237 7920 1109 351 28684 2326 1577 7937
internal_value=0 -0.000143129 0.000881589 0.000783619 0.00195707 -0.00153766 -0.0247258 -0.000841866 0.00321102 -0.000103784 -0.00300069 0.00204967 -0.00103756 -0.00811855 -0.00112257 0.0061469 -0.0155032 -0.00102581 -0.0435135 0.00456576 0.00130803 0.00167711 0.000785843 -0.00173662 -0.0245511 -0.0526845 -5.93462e-05 -0.0107382 -0.0245647 0.00359596
internal_weight=0 1.25989e+06 583036 580319 337021 88995 6274 243298 248026 222917 95051 127866 82373 22828 72068 55798 12514 676856 3062 50418 55255 59545 56722 43485 2978 1460 40507 11823 3903 241688
internal_count=1288188 1259892 583036 580319 337021 88995 6274 243298 248026 222917 95051 127866 82373 22828 72068 55798 12514 676856 3062 50418 55255 59545 56722 43485 2978 1460 40507 11823 3903 241688
is_linear=0
shrinkage=0.1


Tree=50
num_leaves=31
num_cat=0
split_feature=26 88 64 63 62 4 6 123 6 127 127 123 2 4 1 3 4 2 0 123 20 6 6 3 6 62 13 5 64 3
split_gain=132.649 104.167 105.212 224.768 200.787 190.615 172.873 161.246 145.23 132.051 173.564 173.098 170.778 130.054 137.243 125.811 239.579 133.697 121.404 252.285 174.295 113.631 107.329 105.801 105.133 107.541 131.145 120.213 103.494 101.261
threshold=6.5000000000000009 1013010.5000000001 0.25603948407725058 0.11475371961840207 22.500000000000004 4059.4650000000006 24.750000000000004 121982.50000000001 4.166666666666667 0.84523809523809534 0.78888888888888908 4742489.5000000009 86847.955000000016 232838.41500000004 526211.50000000012 26464.000000000004 12770.470000000001 39459.590000000004 1500038.0000000002 2160483.5000000005 1.0000000180025095e-35 6.5833333333333348 10.41666666666667 27306.545000000002 13.833333333333334 997018.00000000012 1000003.5000000001 1.5000000000000002 66.521494226488599 118129.10500000003
decision_type=2 2 2 2 2 2 2 2 2 2 2 2 2 2 2 2 2 2 2 2 2 2 2 2 2 2 2 2 2 2
left_child=1 2 3 4 9 8 7 13 -4 10 11 -1 -12 14 -7 16 -9 -17 -5 -20 -21 -11 -19 -16 25 -25 -27 -28 -8 -6
right_child=-2 -3 5 18 29 6 28 15 -10 21 12 -13 -14 -15 23 17 -18 22 19 20 -22 -23 -24 24 -26 26 27 -29 -30 -31
leaf_value=-0.00020038366395915832 0.28950475087719701 -0.029924808852105269 0.0038149051683330822 0.0086655935884350065 0.010518937686709195 -0.0035680465306738305 0.015084329786703043 -0.0087455260080044461 -0.00033222943201414171 0.0052941175720261982 -0.00095542596838195685 -0.013064313743973495 -0.012945114717254194 -0.031235553406709152 -0.058599046155826708 0.0058237181063292009 0.0049261799268830453 -0.0058570536667842182 -0.0044043467498047165 0.010298740558510202 0.0052330188946588356 0.00048027886839063923 -0.019184786514401517 0.0071230002277949955 -0.0034662709343110387 -0.0056224142082987637 -0.054417969593930221 0.014559187379197239 0.065123669529920922 -0.031771991160506823
leaf_weight=830877 27968 4481 16622 89386 1452 38567 2110 1719 109023 5837 2577 294 1764 7694 765 564 264 35262 22997 2486 21183 6865 8683 17351 4809 8946 562 9762 415 6903
leaf_count=830877 27968 4481 16622 89386 1452 38567 2110 1719 109023 5837 2577 294 1764 7694 765 564 264 35262 22997 2486 21183 6865 8683 17351 4809 8946 562 9762 415 6903
internal_value=0 -0.000153757 -9.94474e-05 0.000371819 -0.000227898 -0.00187732 -0.00445048 -0.00493555 0.000938077 -7.59456e-05 -0.000229789 -0.000125628 -0.0201734 -0.00242951 -0.001246 -0.00970355 -0.0343488 -0.00860553 0.00414758 1.33145e-05 0.00726086 0.0100435 -0.00922643 0.00269511 0.00337554 0.00520101 5.88782e-05 0.00773825 0.0214739 -0.0156544
internal_weight=0 1.26022e+06 1.25574e+06 992621 856569 263118 137473 134948 125645 848214 835512 831171 4341 88456 80762 46492 1983 44509 136052 46666 23669 12702 43945 42195 41430 36621 19270 10324 2525 8355
internal_count=1288188 1260220 1255739 992621 856569 263118 137473 134948 125645 848214 835512 831171 4341 88456 80762 46492 1983 44509 136052 46666 23669 12702 43945 42195 41430 36621 19270 10324 2525 8355
is_linear=0
shrinkage=0.1


Tree=51
num_leaves=31
num_cat=0
split_feature=26 95 1 6 20 0 4 6 20 4 64 52 4 2 137 20 123 2 20 140 3 138 4 64 4 137 93 127 2 2
split_gain=130.211 101.372 94.7486 83.8357 247.347 156.303 223.073 195.445 169.257 157.113 143.203 141.574 135.867 197.893 156.575 240.561 127.678 176.439 249.472 158.161 116.724 115.657 114.281 331.262 156.913 153.274 116.168 113.851 105.482 105.533
threshold=6.5000000000000009 1.0000000180025095e-35 21392660.000000004 8.4166666666666696 6.5000000000000009 195875.50000000003 14920.300000000001 24.750000000000004 1.0000000180025095e-35 22026.025000000005 66.521494226488599 2.3171353092949215e-06 0.42500000000000004 346714.57000000001 1499925.0000000002 2.5000000000000004 547268.50000000012 20108.600000000002 1.0000000180025095e-35 0.080128205128205135 800416.81000000017 11.500000000000002 48486.020000000011 2.9213202628254822e-05 242793.49000000002 392013.50000000006 27.500000000000004 0.76388888888888895 185314.32000000004 312322.94000000006
decision_type=2 2 2 2 2 2 2 2 2 2 2 2 2 2 2 2 2 2 2 2 2 2 2 2 2 2 2 2 2 2
left_child=1 2 3 4 12 6 -5 11 -8 -10 -9 -7 13 14 16 -16 17 -1 -19 -20 21 -6 26 -24 25 -25 -14 -15 -18 -30
right_child=-2 -3 -4 5 20 7 8 10 9 -11 -12 -13 22 27 15 -17 28 18 19 -21 -22 -23 23 24 -26 -27 -28 -29 29 -31
leaf_value=0.0006507215203673145 0.26055427578947737 0.02052093360001277 -0.026376412779099037 0.010563402535796886 -0.003296939584277488 -0.0046196038422477992 -0.0027135614347879589 0.014199983408356903 -0.03607275633239692 -0.0077078225526525483 0.063821606783359505 0.021486335715079199 0.0035629308285727323 -0.0081761884240152804 0.059445637468135762 -0.069152741607585874 0.0024176389714830751 -0.082501631553568863 -0.00085337173952605748 -0.067468671725930796 -0.045423442216500499 -0.05315950646274259 0.0068023121894726481 -0.009546659463139099 -0.050685829515295037 0.010013071687750841 -0.012860974634794648 -0.017898044717581392 -0.0063843050740208275 0.012390408283186461
leaf_weight=133734 27968 4926 10615 133117 112257 127511 285594 7471 4786 11947 352 4137 203795 1356 236 923 6275 3740 14658 723 2190 476 151745 17009 6906 4558 7574 295 788 526
leaf_count=133734 27968 4926 10615 133117 112257 127511 285594 7471 4786 11947 352 4137 203795 1356 236 923 6275 3740 14658 723 2190 476 151745 17009 6906 4558 7574 295 788 526
internal_value=0 -0.000142866 -0.00019905 -0.000118818 0.000641555 -0.00100464 -7.14728e-05 -0.00391808 -0.00157335 -0.0113485 0.0114384 -0.00483062 0.00151616 -0.000907407 -0.000555497 -0.0371787 -0.000290942 -0.000919506 -0.00990461 -0.00427214 -0.00358098 -0.00313678 0.00252655 0.000676456 -0.00922108 -0.00502028 0.00410398 -0.035353 0.0123694 -0.0133942
internal_weight=0 1.26022e+06 1.25529e+06 1.24468e+06 669764 574915 435444 139471 302327 16733 7823 131648 554841 163254 161603 1159 160444 152855 19121 15381 114923 112733 391587 180218 28473 21567 211369 1651 7589 1314
internal_count=1288188 1260220 1255294 1244679 669764 574915 435444 139471 302327 16733 7823 131648 554841 163254 161603 1159 160444 152855 19121 15381 114923 112733 391587 180218 28473 21567 211369 1651 7589 1314
is_linear=0
shrinkage=0.1


Tree=52
num_leaves=31
num_cat=0
split_feature=26 88 64 63 62 123 3 20 6 4 123 124 127 127 3 20 0 62 13 5 2 2 1 62 64 1 13 6 62 64
split_gain=128.13 86.3266 91.5024 215.348 169.739 154.488 141.375 132.954 137.071 185.381 124.721 116.538 115.589 126.417 153.679 107.057 106.541 137.491 97.8008 116.038 181.323 170.608 181.821 183.501 216.007 160.383 156.327 151.346 138.894 135.666
threshold=6.5000000000000009 1000101.0000000001 0.20002170837844593 0.11475371961840207 69.500000000000014 121982.50000000001 751547.7350000001 14.500000000000002 8.4166666666666696 48486.020000000011 4742489.5000000009 9.5000000000000018 0.86607142857142871 0.78888888888888908 360328.31500000006 1.5000000000000002 1500038.0000000002 1979316.0000000002 2786319.0000000005 3.0000000000000004 13104.415000000003 44882.055000000008 526211.50000000012 2609154.0000000005 0.75824356455028397 68373.000000000015 44.500000000000007 5.7500000000000009 1001163.0000000001 2.153960090072895
decision_type=2 2 2 2 2 2 2 2 2 2 2 2 2 2 2 2 2 2 2 2 2 2 2 2 2 2 2 2 2 2
left_child=1 2 3 4 10 6 18 8 9 -7 12 -11 13 -1 -15 -5 -17 -18 19 29 25 28 26 24 27 -21 -23 -24 -22 -4
right_child=-2 -3 5 15 -6 7 -8 -9 -10 11 -12 -13 -14 14 -16 16 17 -19 -20 20 21 22 23 -25 -26 -27 -28 -29 -30 -31
leaf_value=-0.00017656543694381661 0.2344988482105296 -0.025680780994607869 0.049328827804603792 0.011514226839645234 -0.022778382735175677 0.0011493935774389557 -0.041471013576748678 -0.020641098230076732 -0.0072406114278291125 -0.023529791382700949 -0.0093508516122752742 0.031528177256364434 0.0033104876792693326 -0.003908403936433236 -0.016411723023199484 0.0070802189639857628 -0.0046107062438564663 0.0039691085221204101 0.063614893822115645 -0.011953070115825205 0.011637058191666584 -0.0089515271575180584 0.01180313499482055 -0.0046762168161209585 0.0041609827583046774 -0.026723417708564789 -0.002392275213518846 -0.005088253036078471 -0.052686832970374922 -0.002747271503763327
leaf_weight=831152 27968 4735 17596 24409 7766 38794 5778 7840 29863 8785 534 1101 12398 4162 244 61806 13440 24893 4356 22135 21819 6477 1206 6516 33846 6738 37574 10088 608 13561
leaf_count=831152 27968 4735 17596 24409 7766 38794 5778 7840 29863 8785 534 1101 12398 4162 244 61806 13440 24893 4356 22135 21819 6477 1206 6516 33846 6738 37574 10088 608 13561
internal_value=0 -0.000131486 -8.0658e-05 0.000371129 -0.000193998 -0.00169385 -8.75608e-05 -0.00519526 -0.00395578 -0.000683795 -5.92991e-05 -0.0129083 -2.88741e-05 -0.000171094 -0.0170651 0.00425632 0.00280885 -0.00133293 0.000399964 3.8013e-05 -0.00113688 0.000599379 -0.00124023 0.00278479 0.00504927 -0.00824081 -0.00596013 -0.00692594 0.00844989 0.00558149
internal_weight=0 1.26022e+06 1.25548e+06 980804 856256 274681 188298 86383 78543 48680 848490 9886 847956 835558 4406 124548 100139 38333 182520 178164 147007 118134 95707 51656 45140 28873 44051 11294 22427 31157
internal_count=1288188 1260220 1255485 980804 856256 274681 188298 86383 78543 48680 848490 9886 847956 835558 4406 124548 100139 38333 182520 178164 147007 118134 95707 51656 45140 28873 44051 11294 22427 31157
is_linear=0
shrinkage=0.1


Tree=53
num_leaves=31
num_cat=0
split_feature=26 63 64 4 0 3 0 6 20 20 20 137 4 2 137 20 6 127 93 4 64 4 137 1 2 140 2 20 123 14
split_gain=126.187 103.731 131.474 116.604 80.2482 89.0103 100.276 77.2806 173.785 136.359 131.293 120.953 117.723 154.398 152.061 223.323 103.951 101.38 98.2062 100.977 261.947 130.682 108.453 97.8837 112.816 234.26 121.947 121.443 143.384 108.648
threshold=6.5000000000000009 20241.452380952385 28504.261843062381 9708.4100000000017 12335682.000000002 859867.9850000001 93859512.500000015 8.4166666666666696 7.5000000000000009 14.500000000000002 8.5000000000000018 3142.5000000000005 0.42500000000000004 346714.57000000001 1726819.0000000002 2.5000000000000004 8.8333333333333339 0.76388888888888895 27.500000000000004 55155.075000000004 2.9213202628254822e-05 242793.49000000002 392013.50000000006 946929.00000000012 20108.600000000002 1.0000000180025095e-35 121230.76000000002 1.0000000180025095e-35 434.50000000000006 1.0000000180025095e-35
decision_type=2 2 2 2 2 2 2 2 2 2 2 2 2 2 2 2 2 2 2 2 2 2 2 2 2 2 2 2 2 2
left_child=1 4 3 -3 7 6 -6 8 12 -9 11 -10 13 14 23 -16 -11 -15 19 -14 -21 22 -22 24 29 26 27 -26 -29 -1
right_child=-2 2 -4 -5 5 -7 -8 9 10 16 -12 -13 18 17 15 -17 -18 -19 -20 20 21 -23 -24 -25 25 -27 -28 28 -30 -31
leaf_value=-0.0049346248793706356 0.21104896338947665 -0.009457563258219415 -0.0010182597099352125 0.0055064120536986874 -0.0076635831688760987 -0.055606818190743118 0.077516080534968196 -0.0019671224951046009 -0.016708724946578702 -0.092661202315887425 -0.0028917507910451771 -0.03818822165549645 0.0035733126616304569 -0.0071717273722245491 0.053876668077821745 -0.066596763310311377 0.033491088031568063 -0.014451740324204154 -0.01291801399867938 0.0062839996788672803 -0.0085590896538823569 -0.046425403541034305 0.0087620370216938814 0.0016836565247367154 -0.066125731260930742 -0.082448769504417388 0.0037758156078684271 0.0075157159488419174 -0.0060089794402321097 0.0052713285625427993
leaf_weight=58614 27968 1049 9524 388 18256 4442 624 547147 5347 271 89776 2416 214156 1350 229 793 23635 290 8283 146696 12165 6006 4123 8525 2406 1842 3462 5572 6855 75978
leaf_count=58614 27968 1049 9524 388 18256 4442 624 547147 5347 271 89776 2416 214156 1350 229 793 23635 290 8283 146696 12165 6006 4123 8525 2406 1842 3462 5572 6855 75978
internal_value=0 -0.000129059 -0.00981479 -0.0380101 -4.40765e-05 -0.00585496 -0.00285839 6.64688e-05 0.000807877 -0.000783778 -0.00308613 -0.0155628 0.00148935 -0.000742943 -0.000438145 -0.038891 0.0066089 -0.031274 0.00243556 0.00266846 0.000840928 -0.00925837 -0.00460924 -0.000197422 -0.00077218 -0.00775308 -0.00433068 -0.00827496 -0.00429356 0.000272268
internal_weight=0 1.26022e+06 10961 1437 1.24926e+06 23322 18880 1.22594e+06 654884 571053 97539 7763 557345 165916 164276 1022 23906 1640 391429 383146 168990 22294 16288 163254 154729 20137 18295 14833 12427 134592
internal_count=1288188 1260220 10961 1437 1249259 23322 18880 1225937 654884 571053 97539 7763 557345 165916 164276 1022 23906 1640 391429 383146 168990 22294 16288 163254 154729 20137 18295 14833 12427 134592
is_linear=0
shrinkage=0.1


Tree=54
num_leaves=31
num_cat=0
split_feature=26 63 64 4 89 95 67 4 13 62 4 64 3 20 64 6 13 2 62 123 0 2 75 94 133 4 4 84 76 20
split_gain=124.422 86.6363 114.101 98.4836 80.5724 75.3731 70.5421 77.2815 69.3117 98.796 141.873 129.459 112.942 100.862 92.9493 89.4412 88.7444 87.286 82.168 80.9213 79.2145 74.7963 72.7888 97.8149 76.3979 83.559 170.755 146.907 141.977 142.761
threshold=6.5000000000000009 20241.452380952385 28504.261843062381 9708.4100000000017 16640.000000000004 1.0000000180025095e-35 12.500000000000002 14212.935000000003 1494937.0000000002 2442484.5000000005 4469.0500000000011 0.0015054579363904031 402254.5450000001 2.5000000000000004 1.0003341740906577 26.583333333333339 6752411.0000000009 59452.885000000009 4524620.5000000009 3321494.0000000005 1500038.0000000002 452513.92500000005 17.500000000000004 1683.3181818181822 34.000000000000007 0.42500000000000004 149.18500000000003 95985.000000000015 9.5000000000000018 7.5000000000000009
decision_type=2 2 2 2 2 2 2 2 2 2 2 2 2 2 2 2 2 2 2 2 2 2 2 2 2 2 2 2 2 2
left_child=1 4 3 -3 5 6 8 -8 18 10 12 16 14 -13 17 20 -11 -10 22 -15 -12 -22 24 -24 25 27 -27 -1 -28 -30
right_child=-2 2 -4 -5 -6 -7 7 -9 9 11 15 13 -14 19 -16 -17 -18 -19 -20 -21 21 -23 23 -25 -26 26 28 -29 29 -31
leaf_value=-0.0013582591964710789 0.18994406705052899 -0.0085118069323974702 -0.00091643373894169378 0.0049557708483288134 -0.0286417403612114 0.018269043384967251 -0.00034520177707872971 -0.10123059860769941 0.0046497730134795051 0.014436704320043264 0.040221780034954982 0.0030323556104482471 -0.014920243403943424 -0.0012944951891293722 0.029914989700432743 0.023379019014091354 -0.0090363336570035546 -0.00076711885957293866 -0.019103319150078724 -0.015916028413601725 -0.024926890992815171 -0.011807065618551937 -0.0059827345708681305 -0.033847070355419527 -0.0067165015359096358 0.0084033303503207712 0.0010015153514687293 -0.033675556364302132 -0.078776092730598005 0.0054134731763494544
leaf_weight=227706 27968 1049 9524 388 2262 4926 2007 1803 1267 5758 519 26011 657 16858 262 1185 1113 29083 2050 12080 12898 6659 20183 3296 70286 104340 686480 1073 4956 3541
leaf_count=227706 27968 1049 9524 388 2262 4926 2007 1803 1267 5758 519 26011 657 16858 262 1185 1113 29083 2050 12080 12898 6659 20183 3296 70286 104340 686480 1073 4956 3541
internal_value=0 -0.000130042 -0.00898177 -0.0352482 -5.2377e-05 -1.81727e-05 -6.71336e-05 -0.0136532 -2.53306e-05 -0.00237088 -0.00555957 0.000338628 -0.00127428 -0.00127957 -0.000393827 -0.011862 0.0132797 -0.000905801 0.000213313 -0.00534146 -0.0134378 -0.0144611 0.000249863 -0.00525948 0.000367631 0.000585694 0.00106801 -0.00109943 0.000501678 -0.0123454
internal_weight=0 1.26022e+06 10961 1437 1.24926e+06 1.247e+06 1.24207e+06 3810 1.23826e+06 114350 52530 61820 31269 54949 30612 21261 6871 30350 1.12391e+06 28938 20076 19557 1.12186e+06 23479 1.09838e+06 1.0281e+06 799317 228779 694977 8497
internal_count=1288188 1260220 10961 1437 1249259 1246997 1242071 3810 1238261 114350 52530 61820 31269 54949 30612 21261 6871 30350 1123911 28938 20076 19557 1121861 23479 1098382 1028096 799317 228779 694977 8497
is_linear=0
shrinkage=0.1


Tree=55
num_leaves=31
num_cat=0
split_feature=26 64 63 3 2 124 123 122 123 3 0 62 5 64 2 2 62 1 0 13 1 2 6 6 137 20 4 5 63 4
split_gain=121.514 80.4967 121.078 120.193 145.744 151.065 110.578 106.077 105.577 94.9047 96.3749 142.411 110.298 147.768 140.358 171.397 152.476 122.605 136.493 119.614 100.519 121.127 129.13 98.9182 95.3077 93.8273 138.119 116.683 114.892 93.3208
threshold=6.5000000000000009 0.38710193439720558 0.4076126660525205 25201.920000000002 36531.375000000007 10.500000000000002 128202.50000000001 1.0000000180025095e-35 4742489.5000000009 800416.81000000017 1392094.5000000002 1461695.5000000002 3.0000000000000004 1.4590032456994486 13104.415000000003 46152.250000000007 97310.500000000015 526211.50000000012 800000.50000000012 41.500000000000007 384845.00000000006 99461.150000000009 5.416666666666667 10.583333333333334 11805.000000000002 6.5000000000000009 9201.5250000000033 3.0000000000000004 49392.827777777784 45.145000000000003
decision_type=2 2 2 2 2 2 2 2 2 2 2 2 2 2 2 2 2 2 2 2 2 2 2 2 2 2 2 2 2 2
left_child=1 2 8 7 5 -5 9 -4 -1 10 11 12 13 -3 16 23 -14 19 -19 -17 29 22 -22 -16 -15 28 27 -27 -12 -21
right_child=-2 6 3 4 -6 -7 -8 -9 -10 -11 25 -13 14 24 15 17 -18 18 -20 20 21 -23 -24 -25 -26 26 -28 -29 -30 -31
leaf_value=-0.00028866819821947589 0.17094966034547607 0.058919201803172276 0.017049884787041971 -0.0064755800667480662 0.0010328056025476263 -0.025575373441053696 -0.0032628439629238228 0.023213679983417501 -0.0073655263482617752 -0.036729126009159251 0.0039867775104191717 -0.0083032631945320397 -0.014921348252601186 0.0046507423189601216 0.012299234959005756 -0.0080537370130062801 -0.034995808634254409 0.0096442655878979499 -0.00016237389173189573 0.018577963999549918 -0.011307729543606489 0.0018557751616677472 -0.0069766653207019459 -0.0048927490947212942 -0.023807942829064885 -0.10482080666875111 0.0023333565714562742 -0.016126868167679109 -0.0036333568894995555 -0.0022028487542876674
leaf_weight=865965 27968 12516 36665 808 98520 563 74641 13086 536 4623 30425 933 23534 8890 12821 6146 1682 3202 11245 2342 770 1720 1996 5126 3020 752 7158 1095 2366 27074
leaf_count=865965 27968 12516 36665 808 98520 563 74641 13086 536 4623 30425 933 23534 8890 12821 6146 1682 3202 11245 2342 770 1720 1996 5126 3020 752 7158 1095 2366 27074
internal_value=0 -0.000111251 0.000280447 0.00290716 0.00090707 -0.0314728 -0.00174197 0.00692299 -0.000173179 -0.00032925 6.71257e-05 -0.00134239 -0.00104495 0.00496516 -0.00254819 -0.000311493 -0.0089739 -0.0031029 0.00479437 -0.00595178 -0.00362485 -0.0175684 -0.0305261 0.00816446 -0.00300819 0.00421572 -0.00482562 -0.0292064 0.00669864 -0.00149843
internal_weight=0 1.26022e+06 1.01614e+06 149642 99891 1371 244077 49751 866501 169436 164813 123017 122084 24426 97658 72442 25216 54495 14447 40048 33902 4486 2766 17947 11910 41796 9005 1847 32791 29416
internal_count=1288188 1260220 1016143 149642 99891 1371 244077 49751 866501 169436 164813 123017 122084 24426 97658 72442 25216 54495 14447 40048 33902 4486 2766 17947 11910 41796 9005 1847 32791 29416
is_linear=0
shrinkage=0.1


Tree=56
num_leaves=31
num_cat=0
split_feature=26 88 64 63 62 4 6 2 6 2 62 1 3 123 1 2 6 2 6 123 4 6 0 126 20 127 127 3 13 62
split_gain=119.217 73.074 77.3423 133.299 143.704 117.13 141.383 114.636 107.172 186.093 243.116 187.69 109.463 105.396 162.995 145.672 171.696 145.708 140.676 109.413 119.102 126.99 109.239 99.1219 132.008 94.8747 96.5749 139.563 93.492 92.0222
threshold=295.50000000000006 1160966.5000000002 0.20002170837844593 0.10226604770802952 69.500000000000014 4059.4650000000006 24.750000000000004 608528.29000000015 4.166666666666667 252593.01500000004 2118474.5000000005 1979252.0000000002 122980.96000000001 1173448.0000000002 526211.50000000012 647388.35000000021 5.7500000000000009 249454.24000000002 5.166666666666667 1160277.5000000002 105225.99000000001 5.166666666666667 30196322.500000004 1.0000000180025095e-35 23.500000000000004 0.86607142857142871 0.78888888888888908 360328.31500000006 1761009.5000000002 3320640.0000000005
decision_type=2 2 2 2 2 2 2 2 2 2 2 2 2 2 2 2 2 2 2 2 2 2 2 2 2 2 2 2 2 2
left_child=1 2 3 4 23 7 13 8 9 10 11 -4 -12 14 -7 16 17 -15 -17 20 21 22 29 25 28 26 -1 -28 -25 -16
right_child=-2 -3 5 -5 -6 6 -8 -9 -10 -11 12 -13 -14 15 19 18 -18 -19 -20 -21 -22 -23 -24 24 -26 -27 27 -29 -30 -31
leaf_value=0.00021890052540505245 0.16735119627314524 -0.026543758935864692 0.0024566349105370924 0.0038255261757615625 -0.021897734295609914 -0.0037796823733026851 0.026698001813980299 -0.046371798402563613 -0.00016178688295160893 0.014498111371038295 -0.013180677635851294 0.024777597844856145 -0.0013499520701896464 -0.017805589372901467 0.01212552217778344 -0.052098156574915323 -0.022654626002994255 0.0051929613468862275 0.030837763211488612 0.042453083678891806 -0.012368679420608391 0.00026239094639518866 -0.040282416589884518 -0.0032482177849812556 -0.030685598466097842 0.0027583696266704374 -0.0033271221146395484 -0.013150002796646311 -0.0091825733597862037 -0.00520592243781155
leaf_weight=825329 24460 4187 13248 124858 7467 53683 2815 1116 113665 1372 540 901 722 1487 7381 1924 13491 4568 4217 573 17486 33348 1179 8945 644 12676 4161 243 537 965
leaf_count=825329 24460 4187 13248 124858 7467 53683 2815 1116 113665 1372 540 901 722 1487 7381 1924 13491 4568 4217 573 17486 33348 1179 8945 644 12676 4161 243 537 965
internal_value=0 -0.000102206 -5.83634e-05 0.000355474 -8.78132e-05 -0.00154216 -0.00352206 0.000611597 0.000884624 0.00834397 0.00520207 0.00895317 -0.0368536 -0.00396727 -0.00266975 -0.0097568 -0.0139779 1.20755e-05 0.00367831 0.000869923 0.000457048 0.00329393 0.0134774 3.31633e-05 -0.00980176 0.000151382 2.02116e-05 -0.0147488 -0.00682617 0.0175025
internal_weight=0 1.26373e+06 1.25954e+06 984860 860002 274681 143117 131564 130448 16783 15411 14149 1262 140302 114615 25687 19546 6055 6141 60932 60359 42873 9525 852535 10126 842409 829733 4404 9482 8346
internal_count=1288188 1263728 1259541 984860 860002 274681 143117 131564 130448 16783 15411 14149 1262 140302 114615 25687 19546 6055 6141 60932 60359 42873 9525 852535 10126 842409 829733 4404 9482 8346
is_linear=0
shrinkage=0.1


Tree=57
num_leaves=31
num_cat=0
split_feature=26 0 124 67 95 63 64 4 6 138 3 4 1 62 1 0 3 2 4 53 94 6 6 20 20 3 3 20 20 2
split_gain=114.961 68.936 69.9837 75.4148 65.6102 62.4846 86.8482 82.398 64.7618 243.954 242.247 381.367 257.316 246.626 205.769 142.91 155.647 154.537 128.263 124.261 146.593 116.409 114.916 105.215 101.472 108.097 254.722 271.52 273.067 107.771
threshold=295.50000000000006 30196322.500000004 4.5000000000000009 8.5000000000000018 1.0000000180025095e-35 20241.452380952385 28504.261843062381 9708.4100000000017 5.7500000000000009 4.5000000000000009 121500.42000000001 85273.780000000013 75916.000000000015 1924106.0000000002 3080788.0000000005 189117.50000000003 192319.99500000002 14147.070000000002 2436.7650000000003 3.7463638116840383e-06 1725.5000000000002 24.750000000000004 98.500000000000014 22.500000000000004 23.500000000000004 180.88000000000002 86.13000000000001 1.0000000180025095e-35 2.5000000000000004 1.655
decision_type=2 2 2 2 2 2 2 2 2 2 2 2 2 2 2 2 2 2 2 2 2 2 2 2 2 2 2 2 2 2
left_child=1 4 3 -3 5 8 7 -7 9 10 13 12 -12 24 23 16 -10 18 -17 20 21 -19 -23 -13 25 26 29 -28 -29 -1
right_child=-2 2 -4 -5 -6 6 -8 -9 15 -11 11 14 -14 -15 -16 17 -18 19 -20 -21 -22 22 -24 -25 -26 -27 27 28 -30 -31
leaf_value=-0.0079894432647053728 0.15061607664583071 -0.042728964564037276 0.0038400583054849949 0.090850395815131255 0.017762138213981826 -0.0075863073318934889 -0.00080330970137385991 0.0056435357021268383 0.0035682879826937075 0.035595609596632126 -0.00036258964880007396 0.0025629916812401486 0.0078611535180526642 -0.01030403723026739 -0.02336175557337903 -0.01260985370139216 -0.0044581875354916534 -0.0015688373918661424 -0.040594298021986788 0.020019321777840535 -0.030765765410256607 0.020454347463539403 -0.034735385814958407 0.013971281419841941 -0.025489987175651985 0.00073233481887926795 0.023983160005199702 -0.029089416895172027 -0.011672416397085961 0.007215592148137784
leaf_weight=23768 24460 4850 3722 112 4836 1049 9349 388 504837 12899 7531 34361 19537 1048 7101 19255 171632 229217 1493 6363 4496 6657 241 2656 1515 152986 1465 3608 2034 24722
leaf_count=23768 24460 4850 3722 112 4836 1049 9349 388 504837 12899 7531 34361 19537 1048 7101 19255 171632 229217 1493 6363 4496 6657 241 2656 1515 152986 1465 3608 2034 24722
internal_value=0 -9.55726e-05 -0.00897461 -0.0167496 -3.41361e-05 -7.91046e-05 -0.00765746 -0.0305453 -1.31544e-05 0.00127955 0.000665121 0.00570992 0.0150544 -0.00103569 -2.32451e-05 -0.000417359 0.000356603 -0.00237297 -0.0106621 -0.00167661 -0.00204138 -0.00170077 0.0110987 0.00296792 -0.000794309 -0.000607013 -0.00438332 -0.0220636 -0.0320237 -0.00179198
internal_weight=0 1.26373e+06 8684 4962 1.25504e+06 1.25021e+06 10786 1437 1.23942e+06 295231 282332 71186 27068 211146 44118 944191 676469 267722 20748 246974 240611 236115 6898 37017 210098 208583 55597 7107 5642 48490
internal_count=1288188 1263728 8684 4962 1255044 1250208 10786 1437 1239422 295231 282332 71186 27068 211146 44118 944191 676469 267722 20748 246974 240611 236115 6898 37017 210098 208583 55597 7107 5642 48490
is_linear=0
shrinkage=0.1


Tree=58
num_leaves=31
num_cat=0
split_feature=26 3 118 1 13 124 4 2 128 5 3 76 3 2 20 4 1 6 2 2 1 90 20 137 2 64 62 0 6 20
split_gain=109.298 67.6435 100.933 110.339 151.858 106.458 141.732 94.8615 93.5222 92.1937 117.782 113.378 108.302 115.386 123.258 135.03 125.171 104.58 103.684 96.0958 91.2224 90.3802 87.3444 224.836 125.337 154.935 176.143 131.419 116.58 123.831
threshold=295.50000000000006 53609.845000000008 0.41428571428571431 88888.500000000015 48314.000000000007 2.5000000000000004 8041.5250000000005 97483.180000000008 0.080128205128205135 1.5000000000000002 1967.4650000000004 10.500000000000002 1423.6600000000003 1830.7700000000002 1.0000000180025095e-35 1.0000000180025095e-35 57952.500000000007 6.166666666666667 1.0750000000000004 15406.155000000001 1.5000000000000002 1.2759803076855063 1.0000000180025095e-35 800324.00000000012 14147.070000000002 0.11497918743407093 120804.50000000001 91578.500000000015 13.833333333333334 14.500000000000002
decision_type=2 2 2 2 2 2 2 2 2 2 2 2 2 2 2 2 2 2 2 2 2 2 2 2 2 2 2 2 2 2
left_child=1 2 3 5 -5 9 -7 21 -3 11 12 18 -11 14 15 16 -14 -12 -1 -20 -13 22 23 -6 -24 27 -27 -26 29 -28
right_child=-2 8 -4 4 7 6 -8 -9 -10 10 17 20 13 -15 -16 -17 -18 -19 19 -21 -22 -23 24 -25 25 26 28 -29 -30 -31
leaf_value=-0.055244103079124446 0.13555446898124765 -0.00075606551813565135 0.032595011994555723 -0.011090866402821831 0.017337659224594137 0.021687108956440906 -0.012170673116912868 0.010267057238140788 -0.010470816833838879 -0.0023436292044913655 0.022998590812634001 -0.096277944621707051 -0.041955027270391465 -0.0098320580036355357 -0.0070061035466446493 0.017843934351967718 -0.016961026934984368 0.0019027464808372585 0.074335037168460974 0.0047184227311229069 0.01371110769339119 -0.054187373651338022 -0.0087613558242245048 -0.10006540852381417 -0.019320969140208179 0.0185147576787132 -0.00069596194551547683 0.006431708366919287 -0.0079480930094439316 -0.036911741381123443
leaf_weight=667 24460 674241 2853 21825 13482 19058 3167 1832 5497 128156 31101 1586 800 8364 2066 768 1687 98046 54414 58876 1233 531 44218 1314 405 3636 31514 43438 6672 2281
leaf_count=667 24460 674241 2853 21825 13482 19058 3167 1832 5497 128156 31101 1586 800 8364 2066 768 1687 98046 54414 58876 1233 531 44218 1314 405 3636 31514 43438 6672 2281
internal_value=0 -9.82985e-05 0.000691023 0.00059891 -0.00153377 0.00148919 0.00821998 -0.000394972 -0.000776437 0.00110341 9.12006e-05 0.00345231 -0.00189812 -0.0103541 -0.0218665 -0.033992 -0.0453103 0.00227605 0.00394239 0.00417383 -0.0163589 -0.000675879 -0.000527079 0.00675914 -0.00134278 0.000840822 -0.00334405 0.00505051 -0.0052384 -0.00285354
internal_weight=0 1.26373e+06 583990 581137 171148 409989 22225 149323 679738 387764 270988 116776 141841 13685 5321 3255 2487 129147 113957 113290 2819 147491 146960 14796 132164 87946 44103 43843 40467 33795
internal_count=1288188 1263728 583990 581137 171148 409989 22225 149323 679738 387764 270988 116776 141841 13685 5321 3255 2487 129147 113957 113290 2819 147491 146960 14796 132164 87946 44103 43843 40467 33795
is_linear=0
shrinkage=0.1


Tree=59
num_leaves=31
num_cat=0
split_feature=26 88 2 3 128 123 4 13 64 3 137 62 2 64 123 1 1 3 62 4 123 1 20 0 1 5 3 3 4 6
split_gain=100.28 62.1216 68.9618 62.9514 60.8192 98.7118 75.2503 59.059 58.8991 100.171 95.385 120.758 127.555 214.434 138.895 120.56 173.473 171.646 128.005 125.172 240.354 137.41 258.958 136.469 111.832 110.248 111.378 108.533 107.55 110.634
threshold=2.5000000000000004 1013010.5000000001 271183.25500000006 402254.5450000001 0.07417582417582419 2024.0000000000002 1.0950000000000004 1.5000000000000002 0.25603948407725058 938940.65500000014 2786319.0000000005 1833822.5000000002 160706.40500000003 0.82975038811804525 1925415.0000000002 543718.00000000012 369675.00000000006 21032.425000000003 33141.000000000007 4059.4650000000006 1173448.0000000002 1380119.0000000002 7.5000000000000009 30196322.500000004 964980.50000000012 3.0000000000000004 3915.0500000000006 55391.275000000001 62372.730000000003 24.750000000000004
decision_type=2 2 2 2 2 2 2 2 2 2 2 2 2 2 2 2 2 2 2 2 2 2 2 2 2 2 2 2 2 2
left_child=1 4 -3 -4 8 7 -7 -6 -1 10 11 15 13 -13 -15 16 25 18 -17 21 28 24 23 -23 -19 26 -10 -22 -21 -30
right_child=-2 2 3 -5 5 6 -8 -9 9 -11 -12 12 -14 14 -16 17 -18 19 -20 20 27 22 -24 -25 -26 -27 -28 -29 29 -31
leaf_value=0.00061036843350665204 0.11659007758171294 -0.05187475905288004 0.033123153096736094 -0.02066790735507619 -0.036166789587427098 -0.019410388186866068 -0.0062749341062371088 0.014935446329242531 0.073177463764344183 -0.041354879620577378 0.055179036690385735 0.0048669843774107107 -0.0029854595395478463 -0.003989275355770869 -0.030975296396018995 0.0027050527338583741 -0.0046022148854395371 0.0067014564548763846 -0.056942246369288255 0.0042962105362889412 -0.023185059960062211 0.0085185086146199063 -0.062235161535578724 -0.024732873938816447 -0.001648097535201714 -0.0017893783341861537 -0.0026285852013234082 -0.019969650449740153 -0.0035104971582967832 0.057818991325871795
leaf_weight=985741 28296 1203 771 2507 257 2221 4583 2411 13880 3984 4591 2029 34858 6284 292 1343 22877 5568 1780 25913 184 6339 585 600 6230 88359 10421 5884 17970 227
leaf_count=985741 28296 1203 771 2507 257 2221 4583 2411 13880 3984 4591 2029 34858 6284 292 1343 22877 5568 1780 25913 184 6339 585 600 6230 88359 10421 5884 17970 227
internal_value=0 -9.67822e-05 -0.0118501 -0.00433481 -5.48305e-05 -0.00803763 -0.0144302 0.00826483 5.85706e-06 -0.00133239 -0.00108772 -0.00134835 -0.0061426 -0.0170461 -0.0258147 -0.000347322 -0.00210894 0.0029404 -0.0199939 0.00397096 0.00133748 0.0108099 0.0213699 0.0267566 0.00407548 -0.000496806 0.00546823 -0.0173226 0.00390446 -0.00198799
internal_weight=0 1.25989e+06 4481 3278 1.25541e+06 9472 6804 2668 1.24594e+06 260198 256214 251623 43463 8605 6576 208160 135537 72623 3123 69500 50178 19322 7524 6939 11798 112660 24301 6068 44110 18197
internal_count=1288188 1259892 4481 3278 1255411 9472 6804 2668 1245939 260198 256214 251623 43463 8605 6576 208160 135537 72623 3123 69500 50178 19322 7524 6939 11798 112660 24301 6068 44110 18197
is_linear=0
shrinkage=0.1


Tree=60
num_leaves=31
num_cat=0
split_feature=26 89 17 16 3 66 13 62 62 4 64 4 64 123 20 20 4 4 4 4 6 64 3 4 3 1 13 6 2 6
split_gain=90.9737 61.064 58.3543 67.7389 79.2522 56.4905 54.8166 111.073 93.8934 136.262 101.908 98.3018 135.042 83.6656 79.0579 78.2944 102.662 170.447 138.31 111.47 114.651 94.086 77.3525 129.085 100.135 83.5831 75.5637 71.9311 75.822 71.3391
threshold=2.5000000000000004 16640.000000000004 3.5000000000000004 1.0000000180025095e-35 360328.31500000006 1016913.5000000001 1494937.0000000002 1760537.5000000002 1979316.0000000002 14920.300000000001 0.0015054579363904031 22744.395000000004 0.0002550135164327419 4742489.5000000009 5.5000000000000009 2.5000000000000004 512.5100000000001 54.645000000000003 45745.470000000008 57964.405000000006 5.166666666666667 0.77695136412620103 150221.43000000002 4059.4650000000006 64694.055000000008 4742489.5000000009 6752411.0000000009 5.7500000000000009 271183.25500000006 25.416666666666668
decision_type=2 2 2 2 2 2 2 2 2 2 2 2 2 2 2 2 2 2 2 2 2 2 2 2 2 2 2 2 2 2
left_child=1 2 5 4 -4 6 7 -1 9 13 26 12 -11 -8 -14 16 17 -12 27 -20 -21 -19 24 25 -9 -24 -10 28 -18 -13
right_child=-2 -3 3 -5 -6 -7 8 22 10 11 15 29 14 -15 -16 -17 18 21 19 20 -22 -23 23 -25 -26 -27 -28 -29 -30 -31
leaf_value=0.00048559889577292075 0.10493106982354164 -0.023438706180496399 -0.0039532823429811346 -0.00047291735791780699 -0.011487154781074116 0.029162543625439893 -0.00036836037386065449 0.00019975461249785998 0.012209264641816001 0.02078257578141058 0.00065519113323149198 -0.021211690469303469 -0.046196470487984212 -0.0065169092736834383 -0.058264982985508598 -0.0061301577112285507 -0.0028027371233038442 -0.014293427847103466 -0.02707358568327194 -0.052129104351002778 0.020333833054091911 -0.024062384118914648 0.010554077170729974 -0.0076263429829857184 -0.0044392745478771672 -0.0021175957963651126 -0.0083248434916552427 0.006393304563965984 0.014474335072688428 0.016958906731388248
leaf_weight=1112968 28296 2262 7753 11614 445 1821 31161 864 6039 306 3178 12580 1610 512 496 30044 513 581 2090 1221 6010 589 989 6423 2193 658 1098 10305 2316 1253
leaf_count=1112968 28296 2262 7753 11614 445 1821 31161 864 6039 306 3178 12580 1610 512 496 30044 513 581 2090 1221 6010 589 989 6423 2193 658 1098 10305 2316 1253
internal_value=0 -9.01055e-05 -6.05801e-05 -0.00544482 -0.0124045 2.55978e-05 -3.32369e-07 0.000209786 -0.00211105 -0.00545827 0.000395709 -0.0129043 -0.0315333 -0.00163924 -0.0405527 -0.00101837 0.00291078 -0.0111537 0.00563412 -0.00368207 0.00219718 -0.0437851 -0.00973177 -0.0046001 -0.0232786 0.0203759 0.011659 0.0122457 0.02637 -0.00965602
internal_weight=0 1.25989e+06 1.25763e+06 19812 8198 1.23782e+06 1.236e+06 1.1241e+06 111902 47918 63984 16245 2412 31673 2106 56847 26803 4348 22455 9321 7231 1170 11127 8070 3057 1647 7137 13134 2829 13833
internal_count=1288188 1259892 1257630 19812 8198 1237818 1235997 1124095 111902 47918 63984 16245 2412 31673 2106 56847 26803 4348 22455 9321 7231 1170 11127 8070 3057 1647 7137 13134 2829 13833
is_linear=0
shrinkage=0.1


Tree=61
num_leaves=31
num_cat=0
split_feature=26 0 6 20 20 64 123 2 6 20 134 3 3 64 4 137 20 2 127 3 93 146 2 4 5 1 1 123 2 140
split_gain=82.2151 56.0242 59.7251 149.206 114.257 99.0581 131.401 107.864 89.5218 86.9291 81.5462 78.834 90.8136 117.329 74.6943 135.256 201.738 120.821 80.9195 78.3676 112.306 99.972 109.168 117.237 110.403 79.6449 73.3908 72.4404 140.984 219.895
threshold=836.00000000000011 30196322.500000004 8.4166666666666696 6.5000000000000009 14.500000000000002 0.89984985113769167 1824821.0000000002 439782.06000000006 8.8333333333333339 3.5000000000000004 259133.50000000003 800416.81000000017 269089.71500000003 0.027386896857798906 0.42500000000000004 1726819.0000000002 2.5000000000000004 346714.57000000001 0.76388888888888895 44779.850000000013 29.500000000000004 200373.00000000003 10709.490000000003 754.69000000000017 3.0000000000000004 2.5000000000000004 248.50000000000003 547268.50000000012 20108.600000000002 1.0000000180025095e-35
decision_type=2 2 2 2 2 2 2 2 2 2 2 2 2 2 2 2 2 2 2 2 2 2 2 2 2 2 2 2 2 2
left_child=1 2 3 14 5 10 7 -7 -6 -9 -4 12 -5 -14 15 17 -17 27 -19 21 -21 22 24 25 -16 -24 -22 28 -1 -30
right_child=-2 -3 4 11 8 6 -8 9 -10 -11 -12 -13 13 -15 19 16 -18 18 -20 20 26 -23 23 -25 -26 -27 -28 -29 29 -31
leaf_value=0.0011274096640372156 0.10716074899530792 -0.020981960592129135 -0.00014177077707278607 -0.0038369575047243923 -0.077872571327306433 -0.0036081342121747242 -0.017597732732052573 0.0036219985195374174 0.029485454983900296 0.054188228911573037 -0.0091868900924692021 -0.032296672818136377 0.011856707056740651 -0.0023499720131150148 0.035680005012203413 0.049681054583082654 -0.059276541443747 -0.0053560768325945345 -0.010348581443307732 0.0012447414740937913 -0.09899458891927071 -0.067446457353405362 -0.21159338775114356 0.0054539545000358187 -0.013023279044722048 0.02043173417302328 -0.016433078011790364 0.0012758565354498244 -0.0028948336410250242 -0.073581631751199861
leaf_weight=133734 23069 8684 427141 98983 278 49021 5888 2995 23717 732 70893 2202 5439 8824 19986 237 799 1346 295 266119 316 553 215 63953 21944 21047 2935 7589 17375 1879
leaf_count=133734 23069 8684 427141 98983 278 49021 5888 2995 23717 732 70893 2202 5439 8824 19986 237 799 1346 295 266119 316 553 215 63953 21944 21047 2935 7589 17375 1879
internal_value=0 -7.29375e-05 -1.76137e-05 0.000621491 -0.000761395 -0.00105263 -0.00494033 -0.00335873 0.00599502 0.0130414 -0.000594908 -0.00265206 -0.00228767 0.00517233 0.00129597 -0.000504666 -0.0365223 -0.00027464 -0.0272712 0.0020363 0.00106901 0.00407671 0.00426124 0.00631667 8.39527e-05 0.0127495 -0.0174048 1.2484e-06 -0.000471807 -0.0084723
internal_weight=0 1.26512e+06 1.25644e+06 675770 580665 556670 58636 52748 23995 3727 498034 115448 113246 14263 560322 163254 1036 162218 1641 397068 269370 127698 127145 85215 41930 21262 3251 160577 152988 19254
internal_count=1288188 1265119 1256435 675770 580665 556670 58636 52748 23995 3727 498034 115448 113246 14263 560322 163254 1036 162218 1641 397068 269370 127698 127145 85215 41930 21262 3251 160577 152988 19254
is_linear=0
shrinkage=0.1


Tree=62
num_leaves=31
num_cat=0
split_feature=23 67 3 4 89 64 63 64 3 2 124 3 6 2 3 123 126 20 122 3 53 4 13 137 5 62 2 123 0 64
split_gain=73.7696 50.8368 60.5078 77.0144 50.6165 51.1979 88.1413 118.205 113.25 119.751 157.868 107.904 92.0295 173.471 272.092 173.88 91.7608 100.382 86.2834 83.9248 82.9211 99.8395 81.948 80.6909 93.8347 81.107 142.503 172.947 112.218 108.631
threshold=1.0000000180025095e-35 12.500000000000002 176601.49500000002 34672.610000000008 16640.000000000004 0.25603948407725058 0.10226604770802952 8.0661614127954442e-05 23385.970000000005 36531.375000000007 10.500000000000002 242615.96000000002 5.7500000000000009 216530.95500000005 649954.03500000015 47374.000000000007 1.0000000180025095e-35 23.500000000000004 1.0000000180025095e-35 938940.65500000014 9.0889057250380028e-06 391.69000000000005 3808664.0000000005 2862765.0000000005 1.5000000000000002 1883946.5000000002 160706.40500000003 1925415.0000000002 1392094.5000000002 0.79687328988671435
decision_type=2 2 2 2 2 2 2 2 2 2 2 2 2 2 2 2 2 2 2 2 2 2 2 2 2 2 2 2 2 2
left_child=1 4 -3 -4 5 6 7 16 18 10 -10 -9 13 15 -15 -11 -1 22 -8 23 21 -14 -18 25 -25 28 27 29 -7 -27
right_child=-2 2 3 -5 -6 19 8 11 9 12 -12 -13 20 14 -16 -17 17 -19 -20 -21 -22 -23 -24 24 -26 26 -28 -29 -30 -31
leaf_value=0.00028836057347056968 0.076177276986688469 -0.0033338696154023247 -0.14363242084886224 0.017526363490342891 -0.020296403784526129 -0.0013613027956587732 0.017674289405572721 0.0021113108021208844 -0.0016066926433643493 0.0097978868864871289 -0.021589666324481963 -0.03483380800580365 0.00632760404488687 0.011260625332617881 -0.017858933339431827 -0.0041844979001600001 -0.0035031229627895399 -0.024635025626425465 0.022138458211685655 -0.035425017732955012 0.020519771970258643 -0.0025701179950963051 -0.0078631529999481781 -0.052500102844610687 0.088589487196349126 0.0029191009957096961 -0.0023001324253130173 -0.025099834582302874 0.0020041177717643479 -0.0050905785186671198
leaf_weight=829986 34510 2306 1122 382 2262 160206 31643 3147 1117 2408 724 4896 14273 7158 1613 4132 9330 645 10678 4030 5949 56655 205 605 3746 1677 34920 297 52541 5025
leaf_count=829986 34510 2306 1122 382 2262 160206 31643 3147 1117 2408 724 4896 14273 7158 1613 4132 9330 645 10678 4030 5949 56655 205 605 3746 1677 34920 297 52541 5025
internal_value=0 -0.000100383 -0.011634 -0.0272385 -6.52251e-05 -3.81281e-05 0.00029299 -8.63642e-05 0.00265289 0.00071941 -0.0245339 -0.0121517 0.00122372 0.00830355 0.0174948 -0.00402315 2.91386e-05 -0.00940729 0.00694869 -0.00127747 -0.000186314 -0.00113746 -0.00682459 -0.00105467 0.0124486 -0.00128538 -0.00530578 -0.0183292 -0.000493207 -0.0150201
internal_weight=0 1.25368e+06 3810 1504 1.24987e+06 1.24761e+06 984559 848209 136350 94029 1841 8043 92188 15311 8771 6540 840166 10180 42321 263047 76877 70928 9535 259017 4351 254666 41919 6999 212747 6702
internal_count=1288188 1253678 3810 1504 1249868 1247606 984559 848209 136350 94029 1841 8043 92188 15311 8771 6540 840166 10180 42321 263047 76877 70928 9535 259017 4351 254666 41919 6999 212747 6702
is_linear=0
shrinkage=0.1


Tree=63
num_leaves=31
num_cat=0
split_feature=26 128 123 8 134 3 93 93 0 3 94 13 66 0 3 2 0 64 62 13 0 123 13 99 67 3 4 5 137 4
split_gain=66.3906 50.3874 82.0868 58.7903 51.0928 52.6415 50.4015 86.4982 67.9721 79.1487 78.1108 108.148 53.514 52.3751 70.0883 91.5318 75.0012 67.9847 123.135 62.642 58.5714 49.8694 49.3831 48.5885 48.2959 63.7686 66.1133 47.2541 50.6929 46.3666
threshold=836.00000000000011 0.07417582417582419 2024.0000000000002 1.0000000180025095e-35 23500870.000000004 431257.85500000004 25.500000000000004 23.500000000000004 416894.00000000006 170643.14000000004 0.04083333333333334 6648.5000000000009 153.50000000000003 14800030.500000002 859867.9850000001 271183.25500000006 93859512.500000015 1.080650315380532 3810639.5000000005 60009.500000000007 30196322.500000004 3805174.0000000005 1.5000000000000002 1.0000000180025095e-35 12.500000000000002 180010.91500000004 34672.610000000008 1.0000000180025095e-35 756668.00000000012 14920.300000000001
decision_type=2 2 2 2 2 2 2 2 2 2 2 2 2 2 2 2 2 2 2 2 2 2 2 2 2 2 2 2 2 2
left_child=1 4 22 -4 6 -6 7 13 10 12 -8 -12 -10 23 15 19 17 27 20 -15 -19 -22 -3 24 -1 -26 29 -17 -29 -27
right_child=-2 2 3 -5 5 -7 8 -9 9 -11 11 -13 -14 14 -16 16 -18 18 -20 -21 21 -23 -24 -25 25 26 -28 28 -30 -31
leaf_value=0.00025379861983658713 0.088826946397108308 -0.032525272149618423 -0.017807083597079221 -0.0049838449478425252 -0.057786442117384089 -0.011004822906295031 -0.094030842839474826 0.029225266152696546 -0.034558839298402776 0.027773096818977511 -0.011532575248064836 0.036264096799096902 -0.003041327547318107 0.0095274557487762708 -0.039600986500027281 -0.064882076036046052 0.06899504451384364 0.022570718151521386 -0.034155094440997312 -0.032906917046094275 -0.0206587818894866 0.10408558735157372 0.01372436144170236 0.052464612695737892 -0.0023480320069575681 0.034043918795888944 0.013466781251134763 0.011569066978335176 0.1385618417880439 -0.14745720028508008
leaf_weight=1204488 23069 257 2431 4402 1037 8391 857 1033 2537 636 9256 1936 1352 764 4224 152 595 1911 1759 2278 2221 57 2411 233 2383 98 341 5700 458 921
leaf_count=1204488 23069 257 2431 4402 1037 8391 857 1033 2537 636 9256 1936 1352 764 4224 152 595 1911 1759 2278 2221 57 2411 233 2383 98 341 5700 458 921
internal_value=0 -8.03058e-05 -0.00733534 -0.0131435 -2.54085e-05 -0.00735928 3.00756e-05 0.00010391 -0.00544766 -0.0158977 -0.00152314 0.000704862 -0.0212461 7.95898e-05 -0.00498068 -0.00193804 0.00175372 7.07344e-05 -0.00759979 -0.0175364 0.00172378 -0.00910653 0.00753993 0.000163835 0.00015503 -0.0111865 -0.0284642 0.00730121 0.00866079 -0.0412187
internal_weight=0 1.26512e+06 9501 6833 1.25562e+06 9428 1.24619e+06 1.22962e+06 16574 4525 12049 11192 3889 1.22858e+06 20119 15895 12853 12258 5948 3042 4189 2278 2668 1.20846e+06 1.20823e+06 3743 1360 6310 6158 1019
internal_count=1288188 1265119 9501 6833 1255618 9428 1246190 1229616 16574 4525 12049 11192 3889 1228583 20119 15895 12853 12258 5948 3042 4189 2278 2668 1208464 1208231 3743 1360 6310 6158 1019
is_linear=0
shrinkage=0.1


Tree=64
num_leaves=31
num_cat=0
split_feature=26 17 16 3 1 3 6 3 4 62 20 20 6 64 1 0 137 4 2 5 4 13 20 2 6 62 5 53 0 3
split_gain=59.6806 48.4681 57.1622 67.8239 50.3316 115.476 144.488 295.928 295.373 148.343 126.391 121.935 114.322 99.2388 96.8505 243.345 189.988 183.408 179.661 114.432 249.128 132.089 111.201 152.678 95.3294 94.3156 92.6897 90.2194 88.4504 176.036
threshold=39993.500000000007 3.5000000000000004 1.0000000180025095e-35 360328.31500000006 83055.000000000015 859867.9850000001 5.7500000000000009 97876.345000000016 105225.99000000001 1924106.0000000002 23.500000000000004 23.500000000000004 4.166666666666667 1.8814592365557441 526211.50000000012 547669.00000000012 62902.000000000007 7124.4500000000007 67601.345000000016 1.0000000180025095e-35 0.28500000000000009 4.5000000000000009 3.5000000000000004 86847.955000000016 24.750000000000004 752509.50000000012 3.0000000000000004 9.0889057250380028e-06 3808076.5000000005 121500.42000000001
decision_type=2 2 2 2 2 2 2 2 2 2 2 2 2 2 2 2 2 2 2 2 2 2 2 2 2 2 2 2 2 2
left_child=1 4 3 -3 -1 6 7 9 13 14 12 24 26 28 15 19 -17 18 -16 20 -6 -21 23 -20 27 -15 -10 -8 -9 -30
right_child=-2 2 -4 -5 5 -7 11 8 10 -11 -12 -13 -14 25 17 16 -18 -19 22 21 -22 -23 -24 -25 -26 -27 -28 -29 29 -31
leaf_value=0.0011181844944174735 0.23672617971755328 -0.0035705212476820482 -0.00025146326351617562 -0.0093574331212513857 -0.073910502687946314 -0.028118008767953496 -0.0016755008985906428 0.0094776293547406965 0.0054113356673391568 -0.011656377079813613 0.012686556705855036 -0.034110863970409556 0.033398395661949971 0.0099311176494829359 0.0044770412415371889 -0.0056937622098279794 -0.0099857229047310529 0.01444785783052726 -0.024277541935172033 -0.029590850871150504 0.0057805523302012947 0.0011680542257842617 -0.00098223220067275032 -0.0022766588601410499 0.015213539577956592 -0.00076571269131144319 -0.015529076092242839 0.016688519291094519 -0.0024020766565056601 0.0049710434540927917
leaf_weight=822273 15770 7753 11615 446 1252 7376 286923 10356 2994 498 1834 2416 1091 5018 16598 2806 624 3447 1252 3357 1810 32669 5533 2280 9060 5978 9760 6109 1126 8164
leaf_count=822273 15770 7753 11615 446 1252 7376 286923 10356 2994 498 1834 2416 1091 5018 16598 2806 624 3447 1252 3357 1810 32669 5533 2280 9060 5978 9760 6109 1126 8164
internal_value=0 -6.12984e-05 -0.0049685 -0.0113614 1.63249e-05 -0.000859909 -0.000643584 0.00231992 0.0085571 -0.00168573 -0.00260629 -0.00179632 -0.00587406 0.0142692 -0.00130759 -0.00435018 -0.0298889 0.00313642 0.000227349 -0.00210914 -0.0206682 -0.000531725 -0.0110945 -0.0249569 -0.00161737 0.00666242 -0.00853177 -0.00192973 0.0185268 0.0114424
internal_weight=0 1.27242e+06 19814 8199 1.2526e+06 430331 422955 118447 46321 72126 15679 304508 13845 30642 71628 42518 3430 29110 25663 39088 3062 36026 9065 3532 302092 10996 12754 293032 19646 9290
internal_count=1288188 1272418 19814 8199 1252604 430331 422955 118447 46321 72126 15679 304508 13845 30642 71628 42518 3430 29110 25663 39088 3062 36026 9065 3532 302092 10996 12754 293032 19646 9290
is_linear=0
shrinkage=0.1


Tree=65
num_leaves=31
num_cat=0
split_feature=6 133 20 89 3 6 2 137 3 4 137 2 1 138 90 0 62 64 123 4 4 137 1 13 4 123 6 3 3 0
split_gain=49.2558 49.3829 62.6471 119.561 97.3411 99.7652 92.5965 481.365 147.277 253.311 180.492 162.367 124.072 87.0466 65.9644 65.6662 187.395 130.55 130.264 76.4839 76.2552 67.3151 65.8706 65.0874 63.6564 195.48 68.0816 65.1371 95.6448 72.3827
threshold=98.500000000000014 42.000000000000007 1.0000000180025095e-35 1.002169719870418 800416.81000000017 4.166666666666667 8.0850000000000026 45.500000000000007 19294.195000000003 0.42500000000000004 146903.50000000003 91453.700000000026 173010.00000000003 4.5000000000000009 0.84598067966189416 1366986.0000000002 1032638.5000000001 0.15593674029606247 2752395.0000000005 56676.715000000004 49938.620000000003 3363.0000000000005 15780.000000000002 23.500000000000004 33012.44000000001 20.500000000000004 8.4166666666666696 127474.70000000001 70684.800000000017 170978.00000000003
decision_type=2 2 2 2 2 2 2 2 2 2 2 2 2 2 2 2 2 2 2 2 2 2 2 2 2 2 2 2 2 2
left_child=1 2 3 6 -4 -6 7 23 10 11 12 13 14 -10 -8 16 21 19 -19 -17 -20 24 -23 -1 27 26 -26 28 -11 -29
right_child=-2 -3 4 -5 5 -7 8 -9 9 15 -12 -13 -14 -15 -16 17 -18 18 20 -21 -22 22 -24 -25 25 -27 -28 29 -30 -31
leaf_value=0.025890206617331615 -0.026520844927820416 -0.0091150998235185465 -0.00044215009110111226 -0.020713928157730641 -0.031114663813376797 0.0015465080229230925 0.014767085331954101 -0.040591730751338713 -0.068856486793691482 0.0062556432258713103 0.057202493962559275 0.0018563690497590585 -0.012823663919646214 -0.067974678068439182 -0.20160243386292465 0.011948804250765208 -0.0059874755212528897 0.00175573890834854 -0.0024475406730214535 0.011067334394682472 -0.027557469154015468 -0.034959630265565138 -0.0037815809341541495 -0.015914839768762092 0.0052036000011039365 -0.025842215170176659 -0.0019934578275336181 0.0030170247047422438 -0.013837024620160605 0.013036781103105631
leaf_weight=6053 396 35419 656903 3596 4070 3488 89936 1620 2405 35378 3496 1352 2658 1399 197 3390 1614 12292 4390 2418 1243 385 5101 6209 165828 756 229675 3011 2028 1482
leaf_count=6053 396 35419 656903 3596 4070 3488 89936 1620 2405 35378 3496 1352 2658 1399 197 3390 1614 12292 4390 2418 1243 385 5101 6209 165828 756 229675 3011 2028 1482
internal_value=0 2.28846e-05 0.000127024 0.000878928 -0.000538257 -0.0118222 0.000990801 -0.00707876 0.00118718 0.000463091 0.00475283 -0.0215812 0.00391244 -0.0321606 0.00454038 0.000705442 0.000432255 0.00583073 0.00160895 0.0188602 -0.0109839 0.000555994 -0.0104525 -0.000310327 0.000693827 0.000301888 0.000398995 0.00440058 0.00303408 0.0157772
internal_weight=0 1.28779e+06 1.25237e+06 587912 664461 7558 584316 13882 570434 474147 96287 5156 92791 3804 90133 468991 445258 23733 17925 5808 5633 443644 5486 12262 438158 396259 395503 41899 37406 4493
internal_count=1288188 1287792 1252373 587912 664461 7558 584316 13882 570434 474147 96287 5156 92791 3804 90133 468991 445258 23733 17925 5808 5633 443644 5486 12262 438158 396259 395503 41899 37406 4493
is_linear=0
shrinkage=0.1


Tree=66
num_leaves=31
num_cat=0
split_feature=26 97 3 6 8 66 88 2 3 105 4 134 3 0 6 6 3 3 6 4 64 20 138 6 138 20 137 20 2 62
split_gain=48.1601 45.6206 61.1687 83.304 61.8412 44.0224 52.3608 70.282 52.9315 45.6932 57.6321 43.0894 48.7286 46.8431 93.4157 90.7834 111.551 108.163 233.87 197.186 121.091 98.3842 91.6976 160.083 125.584 105.079 97.9549 199.467 90.4704 141.07
threshold=2.5000000000000004 1.0000000180025095e-35 132225.06500000003 6.416666666666667 1.0000000180025095e-35 1016913.5000000001 1160966.5000000002 286822.62500000006 402254.5450000001 64616.000000000007 0.43500000000000005 23500870.000000004 431257.85500000004 34259.500000000007 20.833333333333339 8.4166666666666696 800416.81000000017 97876.345000000016 5.7500000000000009 81905.890000000014 0.063350857473188679 22.500000000000004 6.5000000000000009 6.416666666666667 9.5000000000000018 21.500000000000004 378720.50000000006 1.0000000180025095e-35 252593.01500000004 3320640.0000000005
decision_type=2 2 2 2 2 2 2 2 2 2 2 2 2 2 2 2 2 2 2 2 2 2 2 2 2 2 2 2 2 2
left_child=1 5 -3 -4 -5 6 9 -8 -9 11 -11 13 -13 -1 15 16 17 21 19 28 -21 -15 26 25 -25 -24 -20 -28 29 -19
right_child=-2 2 3 4 -6 -7 7 8 -10 10 -12 12 -14 14 -16 -17 -18 18 22 20 -22 -23 23 24 -26 -27 27 -29 -30 -31
leaf_value=0.0010109432075254832 0.060679519796331682 0.037305922105342393 0.019918752174631859 -0.05922175342281108 -0.0092589353557898709 0.025806210771478624 -0.049192916200232611 0.030608130149504448 -0.017073968181386713 0.038173440005336359 0.017840780946662239 -0.052569402507195467 -0.010172218989705531 -0.00070183967497995745 0.011211690380438588 -0.0029207040643661093 -0.023264313314106434 0.0029952921835139611 -0.0011976388058106986 0.0092015718473206481 -0.004588092876241249 -0.024390954932989574 -0.013807539918375156 0.01305971069985876 -0.032419144698037423 -0.030225755512798571 0.063107314008563689 0.010598175616736118 0.0081527342971733745 -0.0051864049295111975
leaf_weight=722710 28296 2969 673 222 901 1822 1055 682 2312 349 3781 1037 8391 196195 23074 174025 7773 13574 46707 5219 13959 1480 2343 3747 894 1480 662 6516 14109 1231
leaf_count=722710 28296 2969 673 222 901 1822 1055 682 2312 349 3781 1037 8391 196195 23074 174025 7773 13574 46707 5219 13959 1480 2343 3747 894 1480 662 6516 14109 1231
internal_value=0 -8.96903e-05 0.00967652 -0.00489099 -0.0215634 -0.000126767 -0.000149348 -0.0115028 -0.00368201 -0.00011255 0.0103885 -0.000147381 -0.00688219 -9.59966e-05 -0.000826791 -0.00111965 -0.000109276 0.000189198 0.00269584 0.00793547 7.30843e-05 -0.00121126 -0.00134568 -0.011022 0.00145992 -0.0261747 0.000174235 0.0110502 0.0131504 0.00768978
internal_weight=0 1.25989e+06 4765 1796 1123 1.25513e+06 1.2533e+06 4049 2994 1.24926e+06 4130 1.24513e+06 9428 1.2357e+06 512988 489914 315889 308116 110441 48092 19178 197675 62349 8464 4641 3823 53885 7178 28914 14805
internal_count=1288188 1259892 4765 1796 1123 1255127 1253305 4049 2994 1249256 4130 1245126 9428 1235698 512988 489914 315889 308116 110441 48092 19178 197675 62349 8464 4641 3823 53885 7178 28914 14805
is_linear=0
shrinkage=0.1


Tree=67
num_leaves=31
num_cat=0
split_feature=75 94 90 2 13 5 3 134 0 13 2 3 0 64 5 3 63 3 20 4 4 124 138 2 4 6 13 64 63 2
split_gain=45.4107 96.8858 51.5596 45.3299 141.175 65.4873 50.918 99.6612 101.303 95.4674 101.515 146.459 105.577 87.5472 85.3774 127.616 116.616 84.2281 121.068 77.6369 127.33 172.634 104.952 92.7585 108.717 75.9278 84.781 74.4524 72.3152 71.7003
threshold=24.500000000000004 1683.3181818181822 8.1119847307037638 1.3050000000000004 3.5000000000000004 1.0000000180025095e-35 53609.845000000008 498461.50000000006 34259.500000000007 23.500000000000004 11730.030000000001 7954.5350000000008 416894.00000000006 0.11497918743407093 3.0000000000000004 502.56500000000005 1.513910472179514 21032.425000000003 3.5000000000000004 4798.9600000000019 0.42500000000000004 8.5000000000000018 9.5000000000000018 36531.375000000007 17414.049999999999 15.833333333333334 1198827.0000000002 0.60349190882071768 235495.62500000003 93284.900000000009
decision_type=2 2 2 2 2 2 2 2 2 2 2 2 2 2 2 2 2 2 2 2 2 2 2 2 2 2 2 2 2 2
left_child=3 2 -2 4 -1 -6 7 8 -5 28 11 14 19 -14 -11 -16 -17 18 -15 20 21 -12 23 24 -21 26 27 -19 -10 -28
right_child=1 -3 -4 6 5 -7 -8 -9 9 10 12 -13 13 17 15 16 -18 25 -20 22 -22 -23 -24 -25 -26 -27 29 -29 -30 -31
leaf_value=0.066499096853550738 -0.0027257415853172875 -0.036186812788451282 -0.04533645118982451 0.0071962743999351101 -0.058935242469987187 -0.0075983465604328579 -0.00047597562095667709 -0.017046335446544349 -0.017537759242546257 0.0026476595324230407 0.003227344022418672 -0.016625516540507753 0.0034831830781859698 -0.002448264355568908 -0.093699490351923209 -0.008428043647719808 -0.031747568712148587 -0.002408885506675318 -0.013967150280682806 -0.0068080141941177178 0.019605957521411855 -0.027037658934370292 0.026379709133333963 0.0011581837123634032 -0.01991580284855048 -0.0049494826290838907 -0.0167923170136343 0.0033476090672433846 -0.031488838824416575 0.00064544024206104618
leaf_weight=4423 18920 2141 629 317786 525 12587 685646 6338 13110 59168 11352 12916 32214 8876 529 21260 1153 8428 3270 5058 23649 1191 5577 8573 1232 3913 725 16276 220 503
leaf_count=4423 18920 2141 629 317786 525 12587 685646 6338 13110 59168 11352 12916 32214 8876 529 21260 1153 8428 3270 5058 23649 1191 5577 8573 1232 3913 725 16276 220 503
internal_value=0 -0.00453558 -0.00232378 7.90497e-05 -0.00497003 -0.0101814 0.000149937 0.000854361 0.000996249 -0.000558231 -7.28914e-05 -0.00256053 0.00173386 -0.000747753 -0.00100347 -0.00618194 -0.00503613 -0.00375625 -0.0107768 0.00498552 0.00776803 -0.000376469 5.86751e-05 -0.0043307 -0.0135535 -0.000899107 0.0010602 0.00233501 -0.00878181 -0.0245856
internal_weight=0 21690 19549 1.2665e+06 17535 13112 1.24896e+06 563317 556979 239193 225863 95026 130837 74205 82110 22942 22413 41991 12146 56632 36192 12543 20440 14863 6290 29845 25932 24704 13330 1228
internal_count=1288188 21690 19549 1266498 17535 13112 1248963 563317 556979 239193 225863 95026 130837 74205 82110 22942 22413 41991 12146 56632 36192 12543 20440 14863 6290 29845 25932 24704 13330 1228
is_linear=0
shrinkage=0.1


Tree=68
num_leaves=31
num_cat=0
split_feature=99 128 123 20 4 2 133 134 3 67 3 4 76 4 0 3 20 13 62 2 1 6 2 62 0 64 2 3 4 4
split_gain=45.3482 44.2316 66.2328 53.436 46.2253 55.1732 43.131 49.571 55.6097 43.0644 51.6567 71.3988 43.5327 102.687 55.1776 72.4816 96.1612 47.291 59.2577 102.211 65.8211 175.885 276.945 150.472 125.845 104.742 109.173 103.739 102.9 109.13
threshold=1.0000000180025095e-35 0.080128205128205135 2024.0000000000002 6.5000000000000009 1.1450000000000002 25581.460000000003 42.000000000000007 4809163.0000000009 480729.49500000005 12.500000000000002 180010.91500000004 34672.610000000008 1.0000000180025095e-35 124.72500000000001 2.5000000000000004 30013.730000000003 7.5000000000000009 1494937.0000000002 2288259.5000000005 128900.28000000001 543718.00000000012 5.166666666666667 42807.490000000013 60363.000000000007 399269.00000000006 8.0831021845746029 89013.625000000015 23385.970000000005 131861.36500000002 7124.4500000000007
decision_type=2 2 2 2 2 2 2 2 2 2 2 2 2 2 2 2 2 2 2 2 2 2 2 2 2 2 2 2 2 2
left_child=1 6 -3 4 5 -4 9 8 -8 12 -11 -12 17 -14 15 16 -15 18 20 -20 24 28 23 -23 -1 -26 -27 -24 29 -22
right_child=-2 2 3 -5 -6 -7 7 -9 -10 10 11 -13 13 14 -16 -17 -18 -19 19 -21 21 22 27 -25 25 26 -28 -29 -30 -31
leaf_value=0.0011272930680183535 0.045353024492822767 0.0071635207596152774 -0.0080990710483047849 0.0039758282224485308 -0.0076549715915756435 -0.025855046155293677 -0.0032495491026905301 -0.03941198111951958 -0.11366795170729085 -0.0025744104747620032 -0.12452484641851379 0.014305948817206605 0.0037723946931568445 -0.1486854427802044 -0.0098466227786748895 -0.010330011036726861 0.062914609650705569 -0.0010533143230594592 -0.011301904495583975 -0.0026497567122084182 0.003195086563336621 -0.010704706511242307 0.09551270408264001 -0.027438132572191444 -0.0017891392396551132 -0.010872818280510871 0.00067887691829175093 0.0011950255289399964 -0.0049644955698788674 0.013268043162910848
leaf_weight=881002 233 2655 756 1431 3418 1211 30345 4524 550 2414 1024 372 28622 882 22293 1489 181 113280 297 7557 20622 8656 1246 3281 50159 1972 1246 80129 5509 10832
leaf_count=881002 233 2655 756 1431 3418 1211 30345 4524 550 2414 1024 372 28622 882 22293 1489 181 113280 297 7557 20622 8656 1246 3281 50159 1972 1246 80129 5509 10832
internal_value=0 -1.23576e-05 -0.00682108 -0.0120403 -0.0166047 -0.0288179 3.80814e-05 -0.00340285 -0.00197128 0.000136125 -0.0104791 -0.0257909 0.000168761 -0.00262242 -0.00732619 -0.0212547 -0.0412007 0.000294615 0.000499855 -0.00815443 0.000563698 0.00266946 0.000356871 -0.0138673 0.000270104 -0.00444475 -0.0219337 0.00244343 0.00850752 0.0107156
internal_weight=0 1.28796e+06 9471 6816 5385 1967 1.27848e+06 35419 30895 1.24306e+06 3810 1396 1.23926e+06 53467 24845 2552 1063 1.18579e+06 1.07251e+06 7854 1.06465e+06 130275 93312 11937 934379 53377 3218 81375 36963 31454
internal_count=1288188 1287955 9471 6816 5385 1967 1278484 35419 30895 1243065 3810 1396 1239255 53467 24845 2552 1063 1185788 1072508 7854 1064654 130275 93312 11937 934379 53377 3218 81375 36963 31454
is_linear=0
shrinkage=0.1


Tree=69
num_leaves=31
num_cat=0
split_feature=17 127 3 20 3 2 2 13 5 4 64 62 134 6 146 6 146 124 1 3 123 64 6 123 4 62 4 1 126 3
split_gain=43.9438 53.4776 80.6774 47.1383 126.823 55.8556 44.6002 120.74 57.618 48.7718 143.319 173.968 109.152 90.6221 74.2699 75.2754 71.9816 69.896 64.2501 68.9299 100.746 99.716 80.4166 80.7437 93.7287 87.2867 68.5485 66.3031 73.0428 83.5034
threshold=2.5000000000000004 0.78888888888888908 360328.31500000006 4.5000000000000009 107367.19000000002 175135.91 1.3050000000000004 3.5000000000000004 1.0000000180025095e-35 120896.22000000002 2.2003498314041495e-05 575205.50000000012 1092016.5000000002 20.416666666666668 105.00000000000001 8.4166666666666696 200373.00000000003 9.5000000000000018 29620766.500000004 247920.79500000001 3811077.0000000005 1.6779863672785098 5.7500000000000009 3808232.5000000005 1.0950000000000004 3810639.5000000005 1.1450000000000002 30657.000000000004 0.10555555555555557 99953.840000000011
decision_type=2 2 2 2 2 2 2 2 2 2 2 2 2 2 2 2 2 2 2 2 2 2 2 2 2 2 2 2 2 2
left_child=6 -2 3 -3 -5 -6 7 -1 -9 12 14 13 16 -12 15 -11 18 -13 19 27 22 26 23 24 -21 -26 -22 -8 29 -29
right_child=1 2 -4 4 5 -7 9 8 -10 10 11 17 -14 -15 -16 -17 -18 -19 -20 20 21 -23 -24 -25 25 -27 -28 28 -30 -31
leaf_value=0.060109233319826164 -0.0012855966152624338 -0.0012652757516177671 -0.0088693908012079329 -0.00013861434024775576 -0.019213578162193552 -0.0049450208279857057 0.0039584479218605422 -0.052973125518542163 -0.0069735350771878493 0.0044585482176627061 -0.024311880667731496 -0.0047744194179696635 -0.08789131206226726 0.02348450184607347 0.068487715970316429 -0.003958981208254198 -0.030011411217482398 0.038810803953397068 -0.021258771902461327 -0.0024689148788319881 -0.0069110001228877352 -0.023799372279716336 0.0035033909833067792 0.019313017817057767 0.0100083388380348 -0.0067382210749259396 0.0011705714641964461 -0.00072529114756271517 -0.0056630260802426951 0.0015334597390493105
leaf_weight=4213 41540 3859 298 764 385 133 430989 522 12486 115955 16384 20486 2214 539 4747 176324 4221 2772 6084 1800 189 1546 29013 302 7223 652 9990 298586 9763 84209
leaf_count=4213 41540 3859 298 764 385 133 430989 522 12486 115955 16384 20486 2214 539 4747 176324 4221 2772 6084 1800 189 1546 29013 302 7223 652 9990 298586 9763 84209
internal_value=0 -0.00300547 -0.0123296 -0.00939734 -0.0260107 -0.0642083 0.000110292 -0.00494336 -0.00970862 0.000181394 -0.000842266 -0.00644746 0.000570651 -0.0141613 -8.40077e-05 -0.000285528 0.000626156 -0.000834701 0.000688619 0.000759886 0.00433804 -0.00378963 0.00678218 0.0145267 0.0129373 0.0176429 -0.000195625 0.000539539 -0.000400626 -0.000182782
internal_weight=0 46979 5439 5141 1282 518 1.24121e+06 17221 13008 1.22399e+06 337207 40181 886781 16923 297026 292279 884567 23258 880346 874262 50715 11725 38990 9977 9675 7875 10179 823547 392558 382795
internal_count=1288188 46979 5439 5141 1282 518 1241209 17221 13008 1223988 337207 40181 886781 16923 297026 292279 884567 23258 880346 874262 50715 11725 38990 9977 9675 7875 10179 823547 392558 382795
is_linear=0
shrinkage=0.1


Tree=70
num_leaves=31
num_cat=0
split_feature=99 26 6 67 3 4 0 4 3 4 2 21 4 123 1 6 63 0 53 4 134 0 134 134 141 123 134 134 20 3
split_gain=43.6028 41.7098 41.6287 39.4499 49.9482 58.6955 46.1726 44.4848 37.6867 96.2001 129.851 142.39 94.2439 107.932 91.5055 116.48 98.058 80.9045 78.8231 75.0444 128.072 73.4934 73.2571 72.8809 71.0113 66.5527 63.6386 80.7888 67.6967 75.8572
threshold=1.0000000180025095e-35 2.5000000000000004 98.500000000000014 12.500000000000002 180010.91500000004 34672.610000000008 16.500000000000004 14920.300000000001 232756.76000000004 47133.670000000006 367681.26000000007 1.5000000000000002 0.8650000000000001 3811077.0000000005 29620766.500000004 5.7500000000000009 1.1324059279952985 22187190.000000004 2.4020303527481546 221506.96500000003 4809163.0000000009 2722724.5000000005 4732619.0000000009 347728.50000000006 0.38750000000000007 3808232.5000000005 3852732.0000000005 16092966.500000002 6.5000000000000009 649954.03500000015
decision_type=2 2 2 2 2 2 2 2 2 2 2 2 2 2 2 2 2 2 2 2 2 2 2 2 2 2 2 2 2 2
left_child=1 2 3 8 -5 7 -7 -6 17 12 -11 21 13 24 15 16 -14 19 26 23 22 -12 -21 -1 25 -10 28 -28 -13 -30
right_child=-2 -3 -4 4 5 6 -8 -9 9 10 11 18 14 -15 -16 -17 -18 -19 -20 20 -22 -23 -24 -25 -26 -27 27 -29 29 -31
leaf_value=0.00025909972376325641 0.038811447582274908 0.054355322273897499 -0.024331114779092777 -0.0025842730670666936 0.043171863999966059 -0.085231021113724867 0.041549789189149193 -0.12051537392053735 -0.0035270846982522006 -0.012422837261459298 0.018873613163232817 -0.0095708620416949334 0.010308740807875562 -0.0080537641721416774 -0.023220172521110461 0.0021028350435951973 0.00079951114323524846 -0.029579786287025067 0.02483893881337567 0.014467035111383053 -0.04849786522882174 -0.040578266875665209 0.030187819656907824 -0.0098464720524503949 0.041918115426363686 0.01585810502597319 0.018230603852883619 -0.011394297444496729 0.0072741528288723187 -0.012565268671086583
leaf_weight=910433 233 28296 394 2414 101 166 206 923 5783 49292 34058 73483 5500 396 4119 34967 3374 1064 1155 43097 4893 188 1872 35678 298 167 16384 11789 12880 4585
leaf_count=910433 233 28296 394 2414 101 166 206 923 5783 49292 34058 73483 5500 396 4119 34967 3374 1064 1155 43097 4893 188 1872 35678 298 167 16384 11789 12880 4585
internal_value=0 -1.32874e-05 -9.85787e-05 -8.84102e-05 -0.0102486 -0.0253051 0.0087152 -0.037664 -5.75764e-05 -0.00113376 -0.00213243 -0.000706827 0.00259385 -0.00856808 0.00414014 0.00547901 0.0157109 0.000221356 -0.00232662 0.000250799 0.00403193 0.00498209 0.00570369 5.15257e-05 -0.00535931 -0.00774516 -0.0025787 0.00157415 -0.00386513 0.00173111
internal_weight=0 1.28796e+06 1.25966e+06 1.25926e+06 3810 1396 372 1024 1.25546e+06 258418 203814 154522 54604 6644 47960 43841 8874 997037 120276 995973 49862 34246 44969 946111 6248 5950 119121 28173 90948 17465
internal_count=1288188 1287955 1259659 1259265 3810 1396 372 1024 1255455 258418 203814 154522 54604 6644 47960 43841 8874 997037 120276 995973 49862 34246 44969 946111 6248 5950 119121 28173 90948 17465
is_linear=0
shrinkage=0.1


Tree=71
num_leaves=31
num_cat=0
split_feature=123 64 1 62 64 127 4 127 3 52 15 4 2 2 6 4 2 90 4 2 2 1 0 20 63 3 20 62 52 3
split_gain=37.9854 79.5249 180.49 146.889 127.96 75.3689 81.7561 67.9602 76.4542 65.5643 64.0989 71.3672 122.268 62.0281 82.7714 81.0506 72.9712 60.5341 60.4782 129.217 58.1444 54.5364 59.4453 55.3383 83.3421 63.3642 59.5529 53.857 53.5094 52.667
threshold=1884780.0000000002 0.79687328988671435 3187522.5000000005 3333704.5000000005 0.99999908015273153 0.84523809523809534 4059.4650000000006 0.78888888888888908 360328.31500000006 5.8499700117116784e-06 1.0000000180025095e-35 6118.9750000000013 146961.86000000004 766910.03500000003 5.7500000000000009 3695.4750000000004 275814.61500000005 29.046375118879862 35.685000000000009 172004.13500000004 121230.76000000002 1463967.0000000002 379856.50000000006 2.5000000000000004 0.99745579803532225 87991.065000000017 1.5000000000000002 127835.00000000001 0.015629650113512489 539301.19000000006
decision_type=2 2 2 2 2 2 2 2 2 2 2 2 2 2 2 2 2 2 2 2 2 2 2 2 2 2 2 2 2 2
left_child=5 10 18 4 -4 7 21 -1 -9 17 28 12 -12 14 15 -5 -16 -8 -3 20 -20 22 -7 24 26 -26 -24 -23 -2 -6
right_child=1 2 3 13 29 6 9 8 -10 -11 11 -13 -14 -15 16 -17 -18 -19 19 -21 -22 27 23 -25 25 -27 -28 -29 -30 -31
leaf_value=1.2489799977100092e-05 0.0011939151829125558 -0.0061386033796397401 -0.012899977185766371 0.013897316176940922 0.024965803236703346 0.011705775130071162 -0.0021335024629340928 -0.0026398817140427266 -0.0092017164466475128 0.042200013495144621 0.000455012195003951 0.0036103808285103695 -0.0082991599734940826 0.019441483914166335 -0.020936175697500531 -0.0019644370943206592 -0.015596641301225523 0.042323866012803184 -0.015279523265533638 -0.0083874742823043368 -0.021940375030974211 0.0067244514160197779 -0.0046187122092222086 0.0023091574639968028 -0.0031687921428810275 0.015546777942380642 -0.014090165785888287 0.0038500490354685911 -0.038771537874182742 -0.023627313477621793
leaf_weight=1169095 39003 2341 1160 249 3541 12862 18492 4968 223 1173 1615 2490 2144 1790 180 2104 5709 596 592 2146 381 564 637 5942 3572 723 342 2540 485 529
leaf_count=1169095 39003 2341 1160 249 3541 12862 18492 4968 223 1173 1615 2490 2144 1790 180 2104 5709 596 592 2146 381 564 637 5942 3572 723 342 2540 485 529
internal_value=0 -0.00233816 -0.00747733 -0.00189518 0.0116921 0.000116735 0.00402433 -4.11382e-05 -0.0114578 -0.000783892 -9.76893e-06 -0.0094204 -0.0181182 -0.00897865 -0.0126431 0.0032107 -0.0189776 -0.00219406 -0.0230808 -0.0321987 -0.0624268 0.00760829 0.00600005 0.000679162 -0.00677657 -0.000774899 -0.0331067 0.0200836 0.00147947 0.0200427
internal_weight=0 66459 20722 15262 5230 1.22173e+06 47443 1.17429e+06 5191 20261 45737 6249 3759 10032 8242 2353 5889 19088 5460 3119 973 27182 24078 11216 5274 4295 979 3104 39488 4070
internal_count=1288188 66459 20722 15262 5230 1221729 47443 1174286 5191 20261 45737 6249 3759 10032 8242 2353 5889 19088 5460 3119 973 27182 24078 11216 5274 4295 979 3104 39488 4070
is_linear=0
shrinkage=0.1


Tree=72
num_leaves=31
num_cat=0
split_feature=88 2 4 67 3 4 4 6 93 93 3 1 94 137 2 6 124 92 79 1 99 105 4 146 0 26 3 94 3 13
split_gain=37.8613 47.596 42.1396 38.2204 48.4682 56.2185 40.5097 37.7042 37.2856 75.7266 54.9172 76.8754 48.033 65.1124 47.4784 59.6035 44.8772 44.1668 43.5068 37.463 36.9617 36.5917 55.7096 35.8957 46.1687 36.1329 35.5712 35.24 35.0916 38.6139
threshold=1179082.0000000002 286822.62500000006 1963.7550000000003 12.500000000000002 180010.91500000004 34672.610000000008 14920.300000000001 98.500000000000014 25.500000000000004 23.500000000000004 344292.25500000006 1875645.5000000002 0.04083333333333334 3.5000000000000004 353299.68500000006 9.8333333333333339 11.500000000000002 2.9941195732434265e-05 0.15476190476190479 238717.00000000003 1.0000000180025095e-35 46719.000000000007 0.43500000000000005 800120.00000000012 2722724.5000000005 73383.000000000015 127474.70000000001 125731.00000000001 389293.33000000002 5051050.0000000009
decision_type=2 2 2 2 2 2 2 2 2 2 2 2 2 2 2 2 2 2 2 2 2 2 2 2 2 2 2 2 2 2
left_child=3 2 -2 7 -5 6 -6 8 9 20 11 12 -10 14 17 -16 -17 -14 26 -20 21 23 -23 25 -25 27 -19 -1 29 -3
right_child=1 28 -4 4 5 -7 -8 -9 10 -11 -12 -13 13 -15 15 16 -18 18 19 -21 -22 22 -24 24 -26 -27 -28 -29 -30 -31
leaf_value=-2.0177460821368955e-05 -0.045534112377837846 0.016782638133302531 0.032067724770737174 -0.0024126344962041267 0.036487117334231538 0.011488096342796836 -0.10846508550848133 -0.021592243392195655 -0.085504483617543148 0.025518172154994613 0.013067089141463354 -0.042758117008896535 0.028339003751120129 0.047039492606753622 -0.050270045743718995 0.026426812297434845 -0.062957684066552097 -0.0055352078490142897 -0.018443580576391262 -0.027035190029950053 0.0349290538440497 0.034204394664926953 0.016113101671358359 0.088662157330166025 -0.034982156628566276 0.24393161161693211 0.036931146462578883 -0.026200334120998078 -0.013575030392836463 0.10960283858621822
leaf_weight=1240611 1004 534 127 2413 99 372 923 394 846 1035 695 796 636 822 165 105 94 8251 2371 1289 233 364 4018 2181 123 14041 517 678 2393 58
leaf_count=1240611 1004 534 127 2413 99 372 923 394 846 1035 695 796 636 822 165 105 94 8251 2371 1289 233 364 4018 2181 123 14041 517 678 2393 58
internal_value=0 -0.00959536 -0.0270652 1.09133e-05 -0.00999396 -0.0248391 -0.036955 4.06639e-05 5.01854e-05 0.000112033 -0.00466017 -0.00586347 -0.00426638 -0.00289197 -0.00456442 -0.0401874 -0.0033405 -0.00357187 -0.00488721 -0.0140449 8.98625e-05 8.25097e-05 0.00920471 5.07251e-05 0.0125212 2.78371e-05 -0.00106452 -2.92233e-05 -0.00297614 0.018823
internal_weight=0 4116 1131 1.28407e+06 3807 1394 1022 1.28026e+06 1.27987e+06 1.26328e+06 16587 15892 15096 14250 13428 364 199 13064 12428 3660 1.26225e+06 1.26202e+06 4382 1.25763e+06 2304 1.25533e+06 8768 1.24129e+06 2985 592
internal_count=1288188 4116 1131 1284072 3807 1394 1022 1280265 1279871 1263284 16587 15892 15096 14250 13428 364 199 13064 12428 3660 1262249 1262016 4382 1257634 2304 1255330 8768 1241289 2985 592
is_linear=0
shrinkage=0.1


Tree=73
num_leaves=31
num_cat=0
split_feature=128 3 13 21 89 147 3 4 2 21 4 134 0 134 4 6 64 123 124 13 123 6 0 3 15 2 127 0 134 137
split_gain=35.2092 58.6066 64.0873 45.4684 35.1121 40.0318 36.2767 87.9525 100.484 108.568 66.9938 112.297 65.9402 65.035 64.3351 108.654 120.494 85.3338 77.6899 68.4981 110.598 90.1161 74.2588 82.2987 73.0389 71.7142 68.2688 66.9508 62.8337 59.527
threshold=0.080128205128205135 22812.785000000003 150060.00000000003 2.5000000000000004 16640.000000000004 10.500000000000002 224216.62000000002 120896.22000000002 375307.25000000006 1.5000000000000002 221506.96500000003 4809163.0000000009 22187190.000000004 4732619.0000000009 0.8650000000000001 5.7500000000000009 2.153960090072895 3808664.0000000005 15.500000000000002 37532.000000000007 830573.50000000012 7.8333333333333348 108.50000000000001 322131.89000000007 1.0000000180025095e-35 346714.57000000001 0.76388888888888895 9807489.0000000019 252762.00000000003 2609154.0000000005
decision_type=2 2 2 2 2 2 2 2 2 2 2 2 2 2 2 2 2 2 2 2 2 2 2 2 2 2 2 2 2 2
left_child=4 2 -2 -3 5 6 10 14 -9 -10 12 13 28 -12 17 16 27 18 19 21 -21 22 25 -24 -22 -8 -25 -16 -1 -17
right_child=1 3 -4 -5 -6 -7 7 8 9 -11 11 -13 -14 -15 15 29 -18 -19 -20 20 24 -23 23 26 -26 -27 -28 -29 -30 -31
leaf_value=0.00036204844129250624 0.020687380002436084 -0.0090135502843516329 -0.014874357258942796 0.017837442078589963 -0.015227393041367946 0.031121920448650919 0.037857079762760509 -0.011731312498407932 0.01450697444299931 -0.004808413567783271 0.014547996923608066 -0.046847554557820942 -0.025624220104725072 0.02703459952812768 0.0096258801149605513 -0.00020144310016180695 -0.00038132068511332625 -0.0069726434434199749 -0.016329467837580894 0.012034005310506565 0.011112222083067181 0.010314793573541467 -0.0010521752214976714 -0.012645306977270407 -0.0054019388128903195 -0.010213934943313029 -0.0099598898055254237 0.0036659373181336125 -0.0082534854022114686 0.048378609373826792
leaf_weight=906776 1992 6499 459 521 2262 9048 144 52962 37636 103322 38750 4370 932 1853 7440 52076 6684 388 286 1411 475 1253 496 816 804 179 230 2671 43140 2313
leaf_count=906776 1992 6499 459 521 2262 9048 144 52962 37636 103322 38750 4370 932 1853 7440 52076 6684 388 286 1411 475 1253 496 816 804 179 230 2671 43140 2313
internal_value=0 -0.0061035 0.00720939 -0.0107516 1.62368e-05 3.82958e-05 -9.0213e-06 -0.00103348 -0.00217235 -0.000777024 0.000270374 0.00404181 9.19936e-05 0.00568115 0.00181011 0.00267861 0.00970929 -0.00772763 -0.00483248 -0.00232694 0.00936503 -0.012414 -0.0263487 -0.0354813 -0.0119323 0.0172501 -0.0513898 0.016596 0.000118078 0.000507581
internal_weight=0 9471 2451 7020 1.27872e+06 1.27646e+06 1.26741e+06 271586 193920 140958 995821 44973 950848 40603 77666 71184 16795 6482 6094 5808 2690 3118 1865 1542 1279 323 1046 10111 949916 54389
internal_count=1288188 9471 2451 7020 1278717 1276455 1267407 271586 193920 140958 995821 44973 950848 40603 77666 71184 16795 6482 6094 5808 2690 3118 1865 1542 1279 323 1046 10111 949916 54389
is_linear=0
shrinkage=0.1


Tree=74
num_leaves=31
num_cat=0
split_feature=123 64 1 62 64 127 127 4 4 64 64 4 90 3 2 2 4 2 1 2 6 2 4 62 4 53 123 13 2 20
split_gain=35.9656 74.4388 156.409 121.6 108.911 56.8618 79.1483 67.3512 80.2464 110.965 94.1358 71.9875 60.5461 60.4832 59.7184 56.442 54.7291 117.93 66.6487 52.543 65.136 71.216 67.4862 52.1687 50.7052 50.6374 55.5629 50.6152 76.4874 57.163
threshold=1884780.0000000002 0.79687328988671435 3187522.5000000005 3333704.5000000005 0.99999908015273153 0.81666666666666676 0.78888888888888908 14920.300000000001 22744.395000000004 0.0016357794225057547 0.00076530469398898473 38587.005000000012 0.00041108421155549034 360328.31500000006 175135.91 15406.155000000001 2.4450000000000007 172004.13500000004 1924172.5000000002 766910.03500000003 5.7500000000000009 275814.61500000005 2812.8850000000007 575205.50000000012 48486.020000000011 6.7080019907608836e-06 271660.00000000006 1321192.5000000002 83227.125000000015 2.5000000000000004
decision_type=2 2 2 2 2 2 2 2 2 2 2 2 2 2 2 2 2 2 2 2 2 2 2 2 2 2 2 2 2 2
left_child=5 -2 16 4 -4 6 -1 14 9 10 -9 -10 25 -8 15 -7 -3 18 -18 20 22 -22 -5 -11 -23 26 -13 29 -29 -17
right_child=1 2 3 19 -6 7 13 8 11 23 -12 12 -14 -15 -16 27 17 -19 -20 -21 21 24 -24 -25 -26 -27 -28 28 -30 -31
leaf_value=-2.4604874133402069e-06 -3.2217475252750274e-05 -0.0054939819192468525 -0.012453468931463541 0.011924213537695062 0.020828611249035338 0.0153444088326264 -0.0031389714366357071 -0.010683692241815602 0.0054063592578270933 0.0060478273044458283 -0.037056201481511203 -0.022317141875715308 0.030633976847425373 -0.0069238010355664181 0.0092188275560630174 -0.0027392615906995281 -0.013865258586792018 -0.0076743768275422206 -0.019791367057779119 0.017980194625610159 -0.018876745225797586 -0.0080420564752915653 -0.0019912618470724341 -0.027972214216540215 -0.025123063941748104 0.032624250478861715 -0.0049571795268106783 0.0060498000307052154 0.0018114945591466214 0.0023829451588470718
leaf_weight=1169095 45737 2320 1160 244 4070 3811 3998 513 2894 1272 472 1729 929 218 6289 10643 611 2149 380 1790 180 3938 2109 975 1771 644 3821 459 2582 11385
leaf_count=1169095 45737 2320 1160 244 4070 3811 3998 513 2894 1272 472 1729 929 218 6289 10643 611 2149 380 1790 180 3938 2109 975 1771 644 3821 459 2582 11385
internal_value=0 -0.00230134 -0.00727345 -0.00207702 0.0102854 8.74032e-05 -5.11829e-05 0.00344575 -0.00263081 -0.0163319 -0.0443179 0.00178986 -0.00361367 -0.0137281 0.00573494 0.003812 -0.0217987 -0.0304045 -0.0589429 -0.00852195 -0.0118946 -0.0175139 0.00216923 -0.00406385 -0.0155613 -0.00718421 -0.0102642 0.00208833 0.0141818 0.000418804
internal_weight=0 66459 20722 15262 5230 1.22173e+06 1.17331e+06 48418 13249 3232 985 10017 7123 4216 35169 28880 5460 3140 991 10032 8242 5889 2353 2247 5709 6194 5550 25069 3041 22028
internal_count=1288188 66459 20722 15262 5230 1221729 1173311 48418 13249 3232 985 10017 7123 4216 35169 28880 5460 3140 991 10032 8242 5889 2353 2247 5709 6194 5550 25069 3041 22028
is_linear=0
shrinkage=0.1


Tree=75
num_leaves=31
num_cat=0
split_feature=126 3 13 2 2 8 4 20 0 6 3 2 63 20 62 94 75 2 3 17 2 13 5 2 3 134 137 2 2 3
split_gain=34.5961 66.712 79.3519 56.5282 41.5085 58.0846 71.6114 71.4804 79.8007 78.5836 43.1986 104.712 41.4463 38.9305 37.4277 35.311 80.3602 62.2759 39.9364 36.6421 35.7025 115.045 54.1867 47.1145 44.231 78.0356 86.5367 163.297 225.159 97.277
threshold=1.0000000180025095e-35 269089.71500000003 1885021.0000000002 299228.80000000005 25032.545000000002 1.0000000180025095e-35 2.1250000000000004 23.500000000000004 800000.50000000012 4.8333333333333348 72581.990000000005 105532.88000000002 2.4001026040751108 4.5000000000000009 658.50000000000011 2522.5000000000005 32.500000000000007 5655.2750000000005 30013.730000000003 1.0000000180025095e-35 1.3050000000000004 3.5000000000000004 1.0000000180025095e-35 1.2050000000000003 67366.590000000011 1092016.5000000002 485.50000000000006 129.22500000000002 72.375000000000014 1423.6600000000003
decision_type=2 2 2 2 2 2 2 2 2 2 2 2 2 2 2 2 2 2 2 2 2 2 2 2 2 2 2 2 2 2
left_child=15 2 4 -4 -2 7 -7 8 10 13 -6 -12 -3 -10 -8 20 17 -17 -18 -19 21 -1 -23 -24 25 26 -22 28 -28 -29
right_child=1 12 3 -5 5 6 14 -9 9 -11 11 -13 -14 -15 -16 16 18 19 -20 -21 24 22 23 -25 -26 -27 27 29 -30 -31
leaf_value=0.054049790477133236 0.0092558212014045346 0.0022179596554983902 -0.018511441678520226 -0.018632097144081428 -0.017080996883721333 0.0074702821049785319 0.019840825510898632 -0.021845051399347205 0.0012400324803212293 -0.01238905171176766 0.011606548852312316 -0.01620355563232696 0.04383165390106835 0.013399178479813556 -0.0064099957004072339 -0.11890686355318295 0.0138217656828732 0.0083663202117984503 -0.041120241399452528 -0.0047509474859366522 0.0024407266148680387 -0.04791823497961592 -0.003477550176024813 -0.0092877898204326292 -0.00051572371547017328 -0.041834609668620362 -0.0031766732511157693 0.01298010114284507 -0.022979414093863018 -0.0015967724663545188
leaf_weight=4423 2153 8835 216 441 2778 2309 715 591 121 111 581 1264 140 214 8427 1018 267 7712 1151 18959 391522 525 8649 3938 585624 3757 11891 58512 7330 154014
leaf_count=4423 2153 8835 216 441 2778 2309 715 591 121 111 581 1264 140 214 8427 1018 267 7712 1151 18959 391522 525 8649 3938 585624 3757 11891 58512 7330 154014
internal_value=0 -0.00346177 -0.00668688 -0.0408623 -0.00552132 -0.00716789 -0.00307171 -0.0154551 -0.0116178 0.028778 -0.015515 -0.00365346 0.00369673 0.0529403 -0.00704601 3.78562e-05 -0.00340468 -0.00221561 -0.0266233 -0.00128908 0.000119309 -0.0043607 -0.00906511 -0.00775221 0.00018409 0.000767753 0.000854367 -0.000677191 -0.00950392 0.000121104
internal_weight=0 28896 19921 657 19264 17111 11451 5660 5069 446 4623 1845 8975 335 9142 1.25929e+06 29107 27689 1418 26671 1.23018e+06 17535 13112 12587 1.21265e+06 627026 623269 231747 19221 212526
internal_count=1288188 28896 19921 657 19264 17111 11451 5660 5069 446 4623 1845 8975 335 9142 1259292 29107 27689 1418 26671 1230185 17535 13112 12587 1212650 627026 623269 231747 19221 212526
is_linear=0
shrinkage=0.1


Tree=76
num_leaves=31
num_cat=0
split_feature=99 93 93 0 3 94 13 2 66 1 5 92 5 3 64 6 0 13 0 6 137 2 3 76 2 137 76 4 3 138
split_gain=35.8759 34.0065 60.7165 50.4549 61.3197 54.034 91.2198 48.9785 41.0044 40.1513 61.6795 34.8773 33.7577 179.135 102.008 115.193 103.918 105.099 135.601 114.991 106.533 278.383 100.32 99.5451 97.6068 67.9286 65.056 64.5753 63.9571 97.8608
threshold=1.0000000180025095e-35 25.500000000000004 23.500000000000004 416894.00000000006 170643.14000000004 0.04083333333333334 5112.0000000000009 204550.13000000003 153.50000000000003 946929.00000000012 1.5000000000000002 2796.6250000000005 1.5000000000000002 2175.4000000000005 2.153960090072895 6.416666666666667 5146134.5000000009 237229.00000000003 1500038.0000000002 5.416666666666667 110467.00000000001 5655.2750000000005 51600.62000000001 8.5000000000000018 1.2050000000000003 9232977.5000000019 11.500000000000002 24799.965 1967.4650000000004 4.5000000000000009
decision_type=2 2 2 2 2 2 2 2 2 2 2 2 2 2 2 2 2 2 2 2 2 2 2 2 2 2 2 2 2 2
left_child=1 2 12 5 8 -3 -7 -8 -5 -10 -11 -6 13 24 16 -16 17 20 -19 -20 23 -22 -23 27 -1 28 -25 -15 29 -14
right_child=-2 3 -4 4 11 6 7 -9 9 10 -12 -13 25 14 15 -17 -18 18 19 -21 21 22 -24 26 -26 -27 -28 -29 -30 -31
leaf_value=-0.041083825640191002 0.032168328532168666 -0.077344279108893688 0.022904021709682799 -0.025690153089849545 0.030714366420289053 -0.010231040504546164 0.033567342585741788 -0.047666841357918432 0.0024081012525515536 -0.020560345610074953 0.018096399041241325 -0.035655250646544526 -0.0066065095026740447 0.015301246953687198 0.00092590115993120806 -0.03202814854800938 -0.031155463347235068 0.021455927351942364 0.0094265941840201428 -0.019675390209919152 -0.073183319232875119 0.043109205828960585 -0.020698025342151052 -0.09507234901017797 0.12035974132991889 0.10693732279479798 -0.01742458646955981 -0.00081077312828057311 6.4632955103694e-06 0.0067248939090474476
leaf_weight=857 233 861 1035 2537 505 9189 1969 79 1000 200 152 131 94081 50759 3929 4060 1828 6866 2110 3806 1081 1463 1099 946 38810 501 2006 227174 780497 48424
leaf_count=857 233 861 1035 2537 505 9189 1969 79 1000 200 152 131 94081 50759 3929 4060 1828 6866 2110 3806 1081 1463 1099 946 38810 501 2006 227174 780497 48424
internal_value=0 -4.97921e-05 8.96441e-06 -0.00454351 -0.0135518 -0.00117413 0.000675793 0.0197606 -0.0182595 -0.00419353 -0.0332398 0.0152341 -1.07617e-05 0.000830473 1.36838e-05 -0.0111382 0.000311513 0.000457661 0.00932833 -0.00176776 5.91589e-05 -0.0169317 0.00102457 0.000279525 0.00715457 -0.000326662 -0.0179871 0.000473539 -0.000346644 -0.00229475
internal_weight=0 1.28796e+06 1.27133e+06 16623 4525 12098 11237 2048 3889 1352 352 636 1.2703e+06 346794 307127 7989 299138 297310 12782 5916 284528 3643 2562 280885 39667 923503 2952 277933 923002 142505
internal_count=1288188 1287955 1271332 16623 4525 12098 11237 2048 3889 1352 352 636 1270297 346794 307127 7989 299138 297310 12782 5916 284528 3643 2562 280885 39667 923503 2952 277933 923002 142505
is_linear=0
shrinkage=0.1


Tree=77
num_leaves=31
num_cat=0
split_feature=67 3 4 4 66 88 62 105 4 2 20 118 3 17 0 124 2 3 123 123 123 4 123 20 20 138 6 6 20 138
split_gain=33.7959 46.6753 54.3281 39.7798 35.2465 67.0286 50.6664 49.2109 43.4303 38.6051 56.73 34.5611 64.7657 39.2015 37.4756 85.7137 74.3902 139.3 117.481 90.0572 188.76 83.3429 72.0592 70.9357 70.7089 70.3245 108.445 85.9608 76.1286 75.1619
threshold=12.500000000000002 183067.16 34672.610000000008 14920.300000000001 391947.00000000006 418610.00000000006 598577.00000000012 64616.000000000007 0.43500000000000005 271183.25500000006 1.5000000000000002 0.5634920634920636 49355.845000000008 2.5000000000000004 34259.500000000007 9.5000000000000018 97483.180000000008 61516.810000000005 1258485.0000000002 1173448.0000000002 1147814.0000000002 62372.730000000003 108717.50000000001 6.5000000000000009 22.500000000000004 4.5000000000000009 7.8333333333333348 5.416666666666667 16.500000000000004 9.5000000000000018
decision_type=2 2 2 2 2 2 2 2 2 2 2 2 2 2 2 2 2 2 2 2 2 2 2 2 2 2 2 2 2 2
left_child=4 -2 3 -3 5 7 -6 11 -9 10 -7 13 -13 14 15 -1 17 24 -19 20 21 -18 25 -24 -16 -23 27 -27 -29 -28
right_child=1 2 -4 -5 6 9 -8 8 -10 -11 -12 12 -14 -15 16 -17 19 18 -20 -21 -22 22 23 -25 -26 26 29 28 -30 -31
leaf_value=0.0010491853877676149 -0.0026124544314456658 0.035609831865993785 0.011647454446858434 -0.10467465400793358 0.026901589323182762 -0.037894254764637959 -0.0088717530662419507 0.030503277412008513 0.021753879287521396 -0.0046818423271232984 0.001745950610860747 0.032331042252191793 -0.0062683705908202604 -0.0017255055748765322 -0.00078887384099335378 0.021482108176105765 0.0028080604880074802 -0.0051679642576320682 0.0040866962806235798 -0.0010439703924515764 0.011384719851443537 0.0034922856157211962 -0.023228994898807073 0.0010071871366724367 -0.055308679989443367 0.0099782587049693297 0.014381949482333373 -0.01620336666971612 -0.02860517854022401 -0.0125718033976194
leaf_weight=732995 2514 86 357 853 4548 1696 483 349 3245 4134 878 2498 1614 45552 237846 6481 70096 23894 515 80065 1930 38125 4799 4052 1957 871 6741 3004 1566 4444
leaf_count=732995 2514 86 357 853 4548 1696 483 349 3245 4134 878 2498 1614 45552 237846 6481 70096 23894 515 80065 1930 38125 4799 4052 1957 871 6741 3004 1566 4444
internal_value=0 -0.00943665 -0.0248523 -0.0374767 -4.4588e-06 -3.73095e-05 0.00834924 1.52414e-05 0.0117002 -0.0100072 -0.0196213 -1.78511e-05 0.00913513 -4.76053e-05 5.99921e-05 0.000506593 -0.000628167 -0.00175309 -0.0089501 0.000749799 0.00231976 0.00187153 -0.000749567 -0.00912118 -0.00102052 0.000603782 -0.00482333 -0.0164028 -0.0218902 0.000809576
internal_weight=0 3810 1296 939 1.28438e+06 1.27935e+06 5031 1.27264e+06 3594 6708 2574 1.26904e+06 4112 1.26493e+06 1.21938e+06 739476 479905 264212 24409 215693 135628 133698 63602 8851 239803 54751 16626 5441 4570 11185
internal_count=1288188 3810 1296 939 1284378 1279347 5031 1272639 3594 6708 2574 1269045 4112 1264933 1219381 739476 479905 264212 24409 215693 135628 133698 63602 8851 239803 54751 16626 5441 4570 11185
is_linear=0
shrinkage=0.1


Tree=78
num_leaves=31
num_cat=0
split_feature=6 123 62 106 105 99 146 0 29 4 0 2 2 3 2 20 136 0 6 0 137 2 20 2 3 6 1 127 2 3
split_gain=34.1945 34.7274 35.4986 32.0523 45.1299 31.8092 31.5485 44.8338 31.5646 34.7276 32.4144 108.768 163.56 81.0276 127.627 121.504 152.544 93.4903 82.628 76.3256 302.269 156.01 76.0201 119.021 75.5007 86.6299 136.207 160.912 136.381 212.862
threshold=98.500000000000014 452747.00000000006 509023.50000000006 6.5000000000000009 1277579.5000000002 1.0000000180025095e-35 800120.00000000012 2722724.5000000005 340141.00000000006 150021.68000000002 373.50000000000006 129.22500000000002 72.375000000000014 1278.0100000000002 1830.7700000000002 1.0000000180025095e-35 1.0000000180025095e-35 47659.500000000007 24.750000000000004 50.500000000000007 49.500000000000007 1.655 6.5000000000000009 3.7250000000000005 859867.9850000001 5.7500000000000009 569.50000000000011 0.73030303030303034 252593.01500000004 389293.33000000002
decision_type=2 2 2 2 2 2 2 2 2 2 2 2 2 2 2 2 2 2 2 2 2 2 2 2 2 2 2 2 2 2
left_child=3 -2 -3 4 5 6 8 -8 10 -10 19 12 -12 -13 15 16 -15 -18 24 20 -1 -22 23 -21 25 26 27 -16 -28 -30
right_child=1 2 -4 -5 -6 -7 7 -9 9 -11 11 13 -14 14 18 -17 17 -19 -20 22 21 -23 -24 -25 -26 -27 28 -29 29 -31
leaf_value=0.00082565540861851978 -0.001785374457089254 -0.02405410500607201 -0.023985975604478849 0.045908980903610314 -0.017742152280448086 0.028530143377703598 0.076539377450686091 -0.035080969076571183 0.097481809013005502 -0.015396668210481725 -0.0018397281920953358 0.011101242406218403 -0.02036203398885543 0.0043700234563061272 -0.0021479168294336799 -0.0073035560859536445 -0.054626172470589734 -0.017318500443957517 0.015692546569981373 0.13273501881382241 -0.03857712787711063 0.047812858726016885 -0.015239577776452818 0.0079253826112555721 -0.019727196627855426 -0.0011556869149676352 0.00021807801753250824 -0.010652131567802236 0.0071920361316583116 -0.001371054368403961
leaf_weight=543316 219 116 61 2865 768 233 2181 123 524 394 13354 65342 8293 1399 1691 5818 449 2013 13202 5897 1425 334 6288 28064 7433 416533 127333 761 18194 13565
leaf_count=543316 219 116 61 2865 768 233 2181 123 524 394 13354 65342 8293 1399 1691 5818 449 2013 13202 5897 1425 334 6288 28064 7433 416533 127333 761 18194 13565
internal_value=0 -0.0294121 -0.0623522 -2.22961e-05 -4.58537e-05 -3.13605e-05 -3.80651e-05 0.0116531 -5.90826e-05 0.0184772 -7.23693e-05 -0.000533933 -0.00751119 -0.000309755 -0.000669154 -0.0120604 -0.0258141 -0.0407975 -0.000484998 0.000475981 0.000165677 -0.0412212 0.00467829 0.00654833 -0.000661402 -0.000532637 0.00143308 -0.0219563 0.00179356 0.00765615
internal_weight=0 396 177 1.28779e+06 1.28493e+06 1.28416e+06 1.28393e+06 2304 1.28162e+06 918 1.2807e+06 695380 21647 673733 608391 9679 3861 2462 598712 585324 545075 1759 40249 33961 585510 578077 161544 2452 159092 31759
internal_count=1288188 396 177 1287792 1284927 1284159 1283926 2304 1281622 918 1280704 695380 21647 673733 608391 9679 3861 2462 598712 585324 545075 1759 40249 33961 585510 578077 161544 2452 159092 31759
is_linear=0
shrinkage=0.1


Tree=79
num_leaves=31
num_cat=0
split_feature=3 90 64 2 20 20 3 4 0 2 137 134 123 84 5 3 137 0 138 20 138 2 0 4 0 0 1 137 137 137
split_gain=33.9135 99.0539 77.8716 87.4785 119.634 141.207 158.035 165.668 125.966 111.596 97.0145 92.3873 78.8527 74.4425 71.8293 110.403 95.1144 259.046 89.1282 113.737 83.197 78.7783 74.9366 123.105 121.197 72.7821 72.345 215.834 136.761 204.932
threshold=24625.215000000004 0.44814404085516701 0.99999908015273153 11730.030000000001 14.500000000000002 7.5000000000000009 7954.5350000000008 1592.9950000000001 3.5000000000000004 10709.490000000003 18.500000000000004 291599.50000000006 227262.50000000003 107357.00000000001 1.5000000000000002 1967.4650000000004 100017.50000000001 321603.00000000006 4.5000000000000009 4.5000000000000009 5.5000000000000009 1.0750000000000004 146903.50000000003 0.28500000000000009 150240.00000000003 3.5000000000000004 12640.500000000002 1550.5000000000002 50.500000000000007 45.500000000000007
decision_type=2 2 2 2 2 2 2 2 2 2 2 2 2 2 2 2 2 2 2 2 2 2 2 2 2 2 2 2 2 2
left_child=1 2 3 4 5 6 14 8 -8 -10 -11 13 -4 -5 16 18 21 -18 19 26 -20 -1 23 -17 -24 -21 27 28 29 -16
right_child=-2 -3 12 11 -6 -7 7 -9 9 10 -12 -13 -14 -15 15 22 17 -19 20 25 -22 -23 24 -25 -26 -27 -28 -29 -30 -31
leaf_value=-0.035547992809115275 -0.00040392237562827395 -0.068376037729998659 -0.0035110689895707561 0.0070973769464336206 0.10395390035689678 -0.028178663944835369 -0.12957665255609616 0.048095072740805378 -0.013550864551050796 0.0027900629444341132 -0.028770969726775272 -0.0089876219230462517 -0.0053417028178117665 -0.02094704370150953 -0.0044684985116242555 0.078778884791071119 -0.077974358871221935 0.20255300259425574 0.12040636976141968 0.062000985266857073 0.0024852553011657677 0.12010067130622595 -0.10121348754765556 0.0035940387677230404 0.0024711077784407565 0.0048980926562245397 8.9249139076137527e-05 -0.020762097978243355 0.022020873932927423 -0.028742917086448602
leaf_weight=541 851981 2417 41402 126435 12363 31338 439 4973 11042 657 1681 6487 2451 788 24171 15134 760 688 6377 1238 30200 36312 823 13584 13974 15113 18089 9062 5754 1914
leaf_count=541 851981 2417 41402 126435 12363 31338 439 4973 11042 657 1681 6487 2451 788 24171 15134 760 688 6377 1238 30200 36312 823 13584 13974 15113 18089 9062 5754 1914
internal_value=0 0.00068959 0.000802073 0.00125139 0.0001694 -0.000317124 0.000606901 -0.00814872 -0.0137813 -0.0120519 -0.031899 0.00332479 -0.00319321 0.00391835 0.00145619 0.000500355 0.00533514 -0.0198051 -0.00116148 -0.00312776 0.00288865 0.00632293 0.0047745 0.00775327 -0.0010067 0.00425216 -0.00517335 -0.00750227 -0.0036268 -0.00670495
internal_weight=0 436207 433790 389937 256227 243864 212526 18792 13819 13380 2338 133710 43853 127223 193734 155433 38301 1448 111918 75341 36577 36853 43515 28718 14797 16351 58990 40901 31839 26085
internal_count=1288188 436207 433790 389937 256227 243864 212526 18792 13819 13380 2338 133710 43853 127223 193734 155433 38301 1448 111918 75341 36577 36853 43515 28718 14797 16351 58990 40901 31839 26085
is_linear=0
shrinkage=0.1


Tree=80
num_leaves=31
num_cat=0
split_feature=6 20 20 6 64 20 3 137 88 105 90 94 123 123 2 4 62 5 53 137 137 13 64 4 3 20 6 4 3 6
split_gain=32.9603 103.929 96.1314 90.2844 88.7807 65.7093 109.559 105.418 55.4722 51.4151 51.2024 52.3906 47.1406 74.9681 99.1391 90.4975 107.806 123.512 66.8562 68.1254 86.2398 62.6287 59.4767 84.9632 59.2313 72.6274 101.07 58.3918 58.1234 95.7621
threshold=10.16666666666667 14.500000000000002 5.5000000000000009 10.583333333333334 0.84577809895903366 2.5000000000000004 416632.33000000002 901390.00000000012 1179082.0000000002 4897042.5000000009 1.1416676910284753 1599.4475446428573 1824821.0000000002 575205.50000000012 62911.175000000003 12770.470000000001 221754.00000000003 3.0000000000000004 1.7074275362318843 27759.500000000004 323492.50000000006 1.5000000000000002 1.0003341740906577 1724.1000000000001 602946.1100000001 22.500000000000004 5.7500000000000009 6604.0250000000005 22812.785000000003 4.166666666666667
decision_type=2 2 2 2 2 2 2 2 2 2 2 2 2 2 2 2 2 2 2 2 2 2 2 2 2 2 2 2 2 2
left_child=2 4 8 -3 9 7 -7 -6 -1 -2 11 12 13 15 -15 16 18 -18 19 27 -21 -19 -16 -24 25 -17 -27 -4 29 -23
right_child=1 3 10 -5 5 6 -8 -9 -10 -11 -12 -13 -14 14 22 24 17 21 -20 20 -22 28 23 -25 -26 26 -28 -29 -30 -31
leaf_value=0.0010727888273062648 -0.0011114362249940001 -0.075823567242726611 0.0021835020523164328 0.046023706026536985 -0.0071035059085382173 -0.0025048390902656596 0.041214613199500177 0.069648553926109177 -0.016113003203400571 0.094634944772967702 -0.04312902008165316 -0.014046392143776246 -0.0094421714636125226 0.0085427515834163078 0.001085395057327948 0.0020178276493439725 -0.023397183602749918 -0.028884910585278024 -0.03719059813076904 -0.017349776052582793 0.0040567223682742249 0.016774516418803165 0.037403059944196973 0.0075440158407432678 -0.0092372124808388859 0.019785592562486881 0.0033836212111126567 -0.012307274853853391 -0.0031290050110751367 -0.035178556391487405
leaf_weight=606997 459089 296 55821 16378 20360 16051 658 1101 2092 61 1170 7850 6813 379 12032 28744 888 175 1512 15377 10570 452 294 418 5224 1694 2196 2074 8897 2525
leaf_count=606997 459089 296 55821 16378 20360 16051 658 1101 2092 61 1170 7850 6813 379 12032 28744 888 175 1512 15377 10570 452 294 418 5224 1694 2196 2074 8897 2525
internal_value=0 -0.000636746 0.000396209 0.00712907 -0.000897117 -0.00553113 -0.00082892 -0.00919216 0.000976368 -0.000511882 -0.00174406 -0.00159529 -0.00119438 -0.000823102 0.00639528 -0.00151886 -0.00311891 -0.0116256 -0.00182956 -0.00145372 -0.00571167 -0.008973 0.00489638 0.0329798 0.00263536 0.00421793 0.0170416 0.00045458 -0.00809775 -0.0201929
internal_weight=0 513994 774194 16674 497320 38170 16709 21461 609089 459150 165105 163935 156085 149272 13123 136149 98291 12937 85354 83842 25947 12049 12744 712 37858 32634 3890 57895 11874 2977
internal_count=1288188 513994 774194 16674 497320 38170 16709 21461 609089 459150 165105 163935 156085 149272 13123 136149 98291 12937 85354 83842 25947 12049 12744 712 37858 32634 3890 57895 11874 2977
is_linear=0
shrinkage=0.1


Tree=81
num_leaves=31
num_cat=0
split_feature=128 3 21 13 12 4 20 76 4 0 20 76 2 133 134 3 64 4 2 2 123 0 62 13 137 137 6 1 20 62
split_gain=33.3123 47.9558 36.5456 39.4822 49.5513 39.1967 38.6036 34.3967 84.1106 47.7837 70.8244 79.671 39.165 34.2156 46.4597 85.8487 36.7954 86.9217 71.4451 75.1494 117.424 131.291 117.259 128.468 127.352 94.7582 69.0555 68.9301 141.736 182.357
threshold=0.16025641025641027 16752.020000000004 2.5000000000000004 1200.5000000000002 1.0000000180025095e-35 1.0950000000000004 19.500000000000004 1.0000000180025095e-35 124.72500000000001 2.5000000000000004 7.5000000000000009 10.500000000000002 29761.105000000007 34.000000000000007 189298.50000000003 330774.81000000006 0.16675356016453688 4059.4650000000006 668869.69500000018 175135.91 1824821.0000000002 20465.000000000004 2118474.5000000005 2884446.0000000005 44.500000000000007 1000854.5000000001 5.7500000000000009 1380119.0000000002 7.5000000000000009 1761009.5000000002
decision_type=2 2 2 2 2 2 2 2 2 2 2 2 2 2 2 2 2 2 2 2 2 2 2 2 2 2 2 2 2 2
left_child=7 -2 3 4 -3 6 -5 13 -9 10 11 -10 -13 16 15 -15 -1 18 19 22 21 -21 25 24 -24 27 -25 -18 29 -29
right_child=1 2 -4 5 -6 -7 -8 8 9 -11 -12 12 -14 14 -16 -17 17 -19 -20 20 -22 -23 23 26 -26 -27 -28 28 -30 -31
leaf_value=0.00095249021997603214 0.018916218277891608 0.0093721412596457949 0.019646475557952726 -0.021159606422294121 -0.034653662527924678 -0.0066319980855569227 0.015936820930353424 0.0031433190176916263 0.044162901569065598 -0.0083566791782459585 -0.0012280026386087273 -0.12498980239160801 -0.05699610018823878 0.0057408478417656289 -0.010542708762331366 -0.059716508898479459 0.0003094768883141721 -0.0015778497517556112 -0.037673469422419441 -0.01055062702045605 -0.0018875070913173656 0.01058283686477852 -0.016420783007786568 -0.034704528395773496 -0.0052943733341301738 -0.054282803444351137 0.064161143079403557 0.0056958101216609547 -0.032773135079126811 -0.00011202136543481747
leaf_weight=880547 1135 1287 506 1576 243 3443 101 28622 202 22293 1151 834 365 28344 39921 2021 95410 143106 976 1282 8250 9789 528 61 1804 1124 1295 5413 878 5681
leaf_count=880547 1135 1287 506 1576 243 3443 101 28622 202 22293 1151 834 365 28344 39921 2021 95410 143106 976 1282 8250 9789 528 61 1804 1124 1295 5413 878 5681
internal_value=0 -0.00632708 -0.00935595 -0.0113272 0.00276823 -0.0155393 -0.0280763 3.20976e-05 -0.00245074 -0.00670784 -0.0196696 -0.0347693 -0.0445574 0.000140339 -0.00200187 0.000946063 0.000270571 -0.000737822 0.00110789 0.00130793 0.00706823 0.0137979 0.000315946 -0.0172196 -0.0314516 0.00091196 0.00725619 0.0012143 0.00836671 0.0114277
internal_weight=0 8291 7156 6650 1530 5120 1677 1.2799e+06 53467 24845 2552 1401 1199 1.22643e+06 70286 30365 1.15614e+06 275597 132491 131515 19321 11071 112194 3688 2332 108506 1356 107382 11972 11094
internal_count=1288188 8291 7156 6650 1530 5120 1677 1279897 53467 24845 2552 1401 1199 1226430 70286 30365 1156144 275597 132491 131515 19321 11071 112194 3688 2332 108506 1356 107382 11972 11094
is_linear=0
shrinkage=0.1


Tree=82
num_leaves=31
num_cat=0
split_feature=67 3 4 4 0 66 88 89 4 90 2 2 146 62 123 0 3 4 13 124 3 124 13 124 124 2 5 3 4 6
split_gain=32.6597 44.3795 53.8393 37.5272 31.9123 31.4982 54.2966 50.1408 121.16 115.338 57.682 57.5548 57.8942 42.254 39.2554 46.6313 37.3579 73.9445 126.337 164.707 92.1672 184.951 103.308 90.6379 85.0416 67.5648 119.208 168.985 149.145 140.116
threshold=12.500000000000002 186245.56000000003 34672.610000000008 14920.300000000001 11.500000000000002 391947.00000000006 418610.00000000006 0.99999759663143872 27267.225000000002 0.50797431241173097 233077.21500000003 1245421.9300000002 51103.500000000007 598577.00000000012 557.50000000000011 4968.5000000000009 24625.215000000004 0.42500000000000004 77773.000000000015 12.500000000000002 47289.835000000006 9.5000000000000018 1916231.0000000002 1.0000000180025095e-35 2.5000000000000004 11730.030000000001 3.0000000000000004 7954.5350000000008 3273.5200000000009 4.8333333333333348
decision_type=2 2 2 2 2 2 2 2 2 2 2 2 2 2 2 2 2 2 2 2 2 2 2 2 2 2 2 2 2 2
left_child=5 -2 3 -3 -4 6 7 16 9 -9 14 12 -10 -7 -11 -16 25 18 23 20 21 -20 24 -18 -22 26 27 29 -29 -1
right_child=1 2 4 -5 -6 13 -8 8 11 10 -12 -13 -14 -15 15 -17 17 -19 19 -21 22 -23 -24 -25 -26 -27 -28 28 -30 -31
leaf_value=-0.0014585037051381812 -0.0031331863780857728 0.03283991039520838 -0.087811982087782306 -0.10327569774993745 0.035727126775210775 0.024024711088705006 -0.013242613559400885 0.098111787387598834 0.027612713412650883 -0.030948861065358498 0.05239520171737997 -0.060208580428273796 -0.029326350447092465 -0.0076018618622622674 -0.22631519509232978 -0.054609548267779397 -0.020857968801493362 -0.00020159308255521813 -0.0092550599279969791 -0.011439591003961559 -0.00012865644165991618 -0.046893254700843018 -0.00099812705872698217 -0.0027247787153905859 0.0034852232639190866 0.0035520786822956121 -0.012726088423190784 -0.01820150375949248 0.035031101027919932 0.032906295204745799
leaf_weight=108136 2611 76 144 778 201 4548 6708 3162 6175 3412 283 425 280 483 194 338 5212 778499 6716 822 4711 396 13656 11609 7067 146261 57409 14286 4914 98676
leaf_count=108136 2611 76 144 778 201 4548 6708 3162 6175 3412 283 425 280 483 194 338 5212 778499 6716 822 4711 396 13656 11609 7067 146261 57409 14286 4914 98676
internal_value=0 -0.00924755 -0.0251741 -0.0386427 0.00816541 2.47349e-05 -6.31998e-06 4.09773e-05 0.00593552 -0.00295618 -0.013762 0.0154851 0.017832 0.00792176 -0.0168912 -0.0421568 -2.58626e-05 -0.000418205 -0.00413854 -0.000576311 0.00054024 -0.0095233 0.00335426 -0.011205 0.0102168 0.000730812 -0.000170002 0.000863619 -0.00811058 0.00169676
internal_weight=0 3810 1199 854 345 1.28438e+06 1.27935e+06 1.27264e+06 14269 7389 4227 6880 6455 5031 3944 532 1.25837e+06 828688 50189 33368 32546 7112 25434 16821 11778 429682 283421 226012 19200 206812
internal_count=1288188 3810 1199 854 345 1284378 1279347 1272639 14269 7389 4227 6880 6455 5031 3944 532 1258370 828688 50189 33368 32546 7112 25434 16821 11778 429682 283421 226012 19200 206812
is_linear=0
shrinkage=0.1


Tree=83
num_leaves=31
num_cat=0
split_feature=93 93 3 1 2 6 0 79 94 92 3 1 124 1 5 15 76 4 3 2 0 20 4 21 4 126 3 3 12 3
split_gain=30.5095 50.3946 49.4307 62.5629 50.4218 43.8002 42.3518 39.2464 40.4606 42.1053 39.0068 37.5121 36.6773 34.9371 34.0007 30.862 30.6691 90.4018 66.5432 53.5794 45.8611 73.7145 104.659 37.6697 73.3063 46.245 56.0864 76.89 47.0378 42.3553
threshold=25.500000000000004 23.500000000000004 344292.25500000006 1979252.0000000002 353299.68500000006 9.1666666666666696 50.500000000000007 0.15476190476190479 0.0077561327561327569 7.7117542092127887e-05 93499.605000000025 964980.50000000012 11.500000000000002 238717.00000000003 1.5000000000000002 1.0000000180025095e-35 9.5000000000000018 10428.575000000003 34666.855000000003 41481.350000000006 2.5000000000000004 7.5000000000000009 1380.7950000000003 2.5000000000000004 1002.3950000000001 1.0000000180025095e-35 269089.71500000003 141715.25000000003 1.0000000180025095e-35 67366.590000000011
decision_type=2 2 2 2 2 2 2 2 2 2 2 2 2 2 2 2 2 2 2 2 2 2 2 2 2 2 2 2 2 2
left_child=1 16 3 4 6 -6 -2 8 -8 -10 11 -11 -7 -9 -13 -4 23 20 19 -19 21 22 -18 25 -25 29 27 28 -27 -1
right_child=2 -3 15 -5 5 12 7 13 9 10 -12 14 -14 -15 -16 -17 17 18 -20 -21 -22 -23 -24 24 -26 26 -28 -29 -30 -31
leaf_value=0.00094876018393719836 -0.24035588031374405 0.020493389522218824 0.016947277699117635 -0.035845706890763211 -0.046882524727747649 0.021191692834491672 -0.060477566405899942 -0.011260718979482331 0.015379155344591887 -0.0031680564754065 0.020027003880866187 -0.018223453839980405 -0.058152232830120089 -0.020040791711291462 -0.016568143621800986 -0.01109237971392818 -0.00057822010727286437 -0.077009292724143252 -0.017988575555771966 -0.14380856747960968 0.0064972814967118268 0.0380084777675068 -0.10147684256817031 -0.038792488968663365 0.011261536282030058 -0.001772587296070638 0.0021731848604049672 -0.012658669983538096 -0.036811707929470132 -0.00060365246243228744
leaf_weight=631313 187 1035 564 762 180 129 630 2575 1459 6789 1291 203 115 1336 271 132 619 705 3199 255 12022 523 585 2156 13795 14255 7522 3132 1161 579288
leaf_count=631313 187 1035 564 762 180 129 630 2575 1459 6789 1291 203 115 1336 271 132 619 705 3199 255 12022 523 585 2156 13795 14255 7522 3132 1161 579288
internal_value=0 4.22231e-05 -0.00426982 -0.00540976 -0.00400485 -0.038004 -0.00302692 -0.00241935 0.000728552 0.00227513 -0.000402983 -0.00325001 -0.0103985 -0.0109857 -0.0304483 0.0218161 2.42551e-05 -0.00408482 -0.0170031 -0.0400934 -0.000177097 -0.0154151 -0.0290317 8.30001e-05 0.00491158 2.07195e-05 -0.0041464 -0.00710016 -0.00419807 0.000110457
internal_weight=0 1.27156e+06 16623 15927 15165 424 14741 14554 10643 10013 8554 7263 244 3911 474 696 1.27053e+06 17908 4159 960 13749 1727 1204 1.25262e+06 15951 1.23667e+06 26070 18548 15416 1.2106e+06
internal_count=1288188 1271565 16623 15927 15165 424 14741 14554 10643 10013 8554 7263 244 3911 474 696 1270530 17908 4159 960 13749 1727 1204 1252622 15951 1236671 26070 18548 15416 1210601
is_linear=0
shrinkage=0.1


Tree=84
num_leaves=31
num_cat=0
split_feature=67 3 4 4 2 146 0 97 3 6 8 66 88 89 4 90 2 90 123 4 3 63 2 20 0 63 109 4 17 20
split_gain=30.1459 41.6963 53.0104 36.4862 31.4891 29.9347 37.333 29.7543 54.1294 61.3796 57.6626 28.6889 42.0685 39.8084 102.476 102.193 54.8196 48.6673 47.8237 45.0392 37.7815 37.6376 37.2696 43.1571 35.1656 33.4653 31.9454 73.3617 32.4379 39.6285
threshold=12.500000000000002 186245.56000000003 34672.610000000008 14920.300000000001 216530.95500000005 800120.00000000012 2722724.5000000005 1.0000000180025095e-35 136244.45000000004 6.416666666666667 1.0000000180025095e-35 506107.00000000006 418610.00000000006 0.99999759663143872 26222.835000000003 0.50797431241173097 132502.71500000005 319.43341517839667 557.50000000000011 49938.620000000003 109187.73500000002 0.49280771199517237 292416.97000000003 1.5000000000000002 4968.5000000000009 0.954604902284514 0.22500000000000003 4469.0500000000011 2.5000000000000004 7.5000000000000009
decision_type=2 2 2 2 2 2 2 2 2 2 2 2 2 2 2 2 2 2 2 2 2 2 2 2 2 2 2 2 2 2
left_child=5 -2 3 -3 -4 7 -7 11 -9 -10 -11 12 13 26 15 -15 18 20 -17 -19 -16 -13 23 -14 -20 -23 28 -28 -1 -30
right_child=1 2 4 -5 -6 6 -8 8 9 10 -12 21 22 14 17 16 -18 19 24 -21 -22 25 -24 -25 -26 -27 27 -29 29 -31
leaf_value=-1.7828831199917518e-05 -0.0028394407738616457 0.029616284601930772 0.044213316820655303 -0.092887762728700474 -0.015969399387545626 0.068953005402011491 -0.031226663430213759 0.031614422194915622 0.014377126179776517 -0.053761431737232912 -0.008304731820764813 0.025066297010335484 -0.031228111185097641 0.088511033543929599 0.017685989107056124 -0.031163936442474189 0.02774911800193245 0.038000664148825525 -0.20378558714752137 -0.0095761056578144137 0.032265718721362906 -0.011981928659509268 -0.0019162636539887896 0.0009046650543057587 -0.063273658416567125 0.0045504671428806542 0.036904194710298613 -0.024453205685740456 -0.0022268511984003311 0.0027191449466669108
leaf_weight=1204024 2611 76 126 778 219 2181 123 3002 663 214 886 4065 1757 3139 1614 3173 515 933 193 1760 2570 230 4062 910 299 309 1801 478 35676 9801
leaf_count=1204024 2611 76 126 778 219 2181 123 3002 663 214 886 4065 1757 3139 1614 3173 515 933 193 1760 2570 230 4062 910 299 309 1801 478 35676 9801
internal_value=0 -0.00890384 -0.0243414 -0.0377059 0.00874044 4.46975e-06 0.0113927 -1.59959e-05 0.00787142 -0.00603657 -0.0205225 -4.54199e-05 -7.39243e-05 -3.20086e-05 0.00523368 -0.00300202 -0.0132418 0.0139987 -0.0175347 0.00351303 0.0207477 0.0078342 -0.00795984 -0.0171444 -0.046544 -0.0169959 -9.17249e-05 0.0117369 -0.0001133 -0.00273498
internal_weight=0 3810 1199 854 345 1.28438e+06 2304 1.28207e+06 4765 1763 1100 1.27731e+06 1.2727e+06 1.26598e+06 14196 7319 4180 6877 3665 2693 4184 4604 6729 2667 492 539 1.25178e+06 2279 1.2495e+06 45477
internal_count=1288188 3810 1199 854 345 1284378 2304 1282074 4765 1763 1100 1277309 1272705 1265976 14196 7319 4180 6877 3665 2693 4184 4604 6729 2667 492 539 1251780 2279 1249501 45477
is_linear=0
shrinkage=0.1


Tree=85
num_leaves=31
num_cat=0
split_feature=133 134 4 0 2 2 127 3 0 5 6 20 2 123 3 0 2 3 2 6 6 0 127 3 20 137 2 1 62 20
split_gain=27.253 34.1434 39.4403 31.5652 77.8559 108.702 68.9495 60.2179 93.3182 61.5759 48.7543 53.7009 78.532 59.7852 52.0008 72.8603 51.7409 59.4349 104.799 62.539 120.154 92.0456 153.856 86.935 89.4513 82.8615 135.966 91.4413 130.456 93.0374
threshold=56.000000000000007 512040.00000000006 800431.58000000019 373.50000000000006 129.22500000000002 72.375000000000014 0.88194444444444453 716.31000000000006 37051.000000000007 3.0000000000000004 24.750000000000004 5.5000000000000009 333407.9150000001 1385613.0000000002 800416.81000000017 93859512.500000015 879327.40000000002 402254.5450000001 626752.20000000007 6.166666666666667 7.166666666666667 572.50000000000011 0.73030303030303034 269089.71500000003 7.5000000000000009 2927972.5000000005 91453.700000000026 526211.50000000012 471398.50000000006 1.0000000180025095e-35
decision_type=2 2 2 2 2 2 2 2 2 2 2 2 2 2 2 2 2 2 2 2 2 2 2 2 2 2 2 2 2 2
left_child=3 2 -2 6 5 -5 -1 8 -6 -10 14 12 13 -12 15 16 17 18 19 21 -21 22 -9 24 25 27 -27 28 -23 -30
right_child=1 -3 -4 4 7 -7 -8 10 9 -11 11 -13 -14 -15 -16 -17 -18 -19 -20 20 -22 23 -24 -25 -26 26 -28 -29 29 -31
leaf_value=0.0014289606129495925 0.0022959711910490732 -0.02450020070992678 -0.096656741634003396 -0.0023693098544940172 0.02257276978724472 -0.016926449178560218 0.033413827005151567 -0.002132753220413086 0.037905756236168701 -0.085145395774300539 -0.010071952752670589 0.041518501932354852 0.01781669126437958 -0.021423500579873411 -0.014520105148470019 0.066111993132124888 0.0088689919122141424 -0.0063146373499632594 0.014283938326748048 -0.013550961089657082 -0.0010102023000889693 0.00049337550725403467 -0.0090896841965868204 0.0062029147906957132 -0.0032808888371401723 -0.044680175672752558 0.01583067939275818 0.0018129229727359094 -0.015395021957319453 -0.0041006555815987777
leaf_weight=564137 11047 7904 465 13354 35715 8293 1870 2229 229 503 5119 6478 2545 75 9746 521 11255 28172 2712 7534 324655 112288 783 14540 50452 521 568 61820 374 2284
leaf_count=564137 11047 7904 465 13354 35715 8293 1870 2229 229 503 5119 6478 2545 75 9746 521 11255 28172 2712 7534 324655 112288 783 14540 50452 521 568 61820 374 2284
internal_value=0 -0.00373411 -0.000259375 4.09581e-05 -0.000406671 -0.00631076 0.000596743 -0.00021903 0.00373546 -0.0316091 -0.0004426 0.00534849 -0.000274472 -0.00732585 -0.000573191 -0.00045939 -0.000490792 -0.00061497 -0.000397376 -0.000489388 -0.00138422 0.000719659 -0.0166542 0.000935145 0.000457667 0.00151191 -0.0259878 0.00168133 1.33509e-05 -0.0218832
internal_weight=0 19416 11512 1.26877e+06 702765 21647 566007 681118 36447 732 644671 14217 7739 5194 630454 620708 620187 608932 580760 578048 332189 245859 3012 242847 228307 177855 1089 176766 114946 2658
internal_count=1288188 19416 11512 1268772 702765 21647 566007 681118 36447 732 644671 14217 7739 5194 630454 620708 620187 608932 580760 578048 332189 245859 3012 242847 228307 177855 1089 176766 114946 2658
is_linear=0
shrinkage=0.1


Tree=86
num_leaves=31
num_cat=0
split_feature=123 64 1 62 64 124 52 64 3 64 3 20 3 20 0 0 3 3 64 6 4 2 64 4 3 20 3 0 123 4
split_gain=28.7485 66.4701 113.766 113.643 95.0754 51.9168 48.1331 47.8797 108.323 88.6144 80.128 76.1418 72.1742 69.6697 54.6779 113.651 60.9202 43.1207 41.1445 59.5025 43.6715 42.178 39.8227 46.8237 90.1525 84.5723 39.0617 85.8706 120.646 58.3368
threshold=1884780.0000000002 0.70967744236794983 3320563.0000000005 3333704.5000000005 0.99999908015273153 7.5000000000000009 0.015629650113512489 4.8126988902010285e-06 173889.84000000005 0.00041011205052152844 330774.81000000006 6.5000000000000009 189461.23000000001 2.5000000000000004 3808076.5000000005 2786344.0000000005 121500.42000000001 519675.4200000001 1.0416322033437833 3.8333333333333335 146720.29500000001 319798.12000000005 1.0003341740906577 35.685000000000009 86300.340000000011 2.5000000000000004 337111.98000000004 3808076.5000000005 3808232.5000000005 45.145000000000003
decision_type=2 2 2 2 2 2 2 2 2 2 2 2 2 2 2 2 2 2 2 2 2 2 2 2 2 2 2 2 2 2
left_child=-1 6 22 4 5 -4 7 8 14 -9 11 12 -10 -11 15 -2 -16 18 19 -6 21 -20 23 -3 25 -25 27 -12 -29 -28
right_child=1 2 3 -5 17 -7 -8 9 10 13 26 -13 -14 -15 16 -17 -18 -19 20 -21 -22 -23 -24 24 -26 -27 29 28 -30 -31
leaf_value=0.00012165011901803524 0.00030664811584965346 -0.0049534113130119354 -0.009606202833963795 -0.0063671796630054628 -0.011457430272492642 -0.015499415075232155 -0.029219867254951078 0.011040493019627819 -0.0042697462878133873 0.0029712658465252842 0.027003676078054491 0.0024498112385094857 -0.017884095176860789 -0.0053458837305520686 -0.0019617753359410738 0.0092275314220142939 0.0010676508793744926 -0.020863094371504954 0.033019301576796091 0.14664495411712777 -0.034304429323234166 0.017664049363054969 0.013919539013942068 -0.016157067455752721 -0.0084404104487739249 -0.010920043951725637 -0.0042833640894114752 -0.012316311363768095 0.011733569260402721 0.0057412273649207514
leaf_weight=1221729 1001 2601 290 10604 64 828 586 4465 735 15312 114 306 1088 16438 1158 502 710 551 415 1292 122 1263 228 384 2717 691 584 97 155 1158
leaf_count=1221729 1001 2601 290 10604 64 828 586 4465 735 15312 114 306 1088 16438 1158 502 710 551 415 1292 122 1263 228 384 2717 691 584 97 155 1158
internal_value=0 -0.00204272 -0.00653087 -0.00182548 0.0108975 -0.0146634 0.000185738 0.000566439 -0.0066452 0.00208145 -0.0172885 -0.0309724 -0.0387204 0.000226438 0.00673232 0.0209306 -0.00469166 0.0186064 0.0231129 0.00995784 0.0330231 0.0372231 -0.0174959 -0.0189605 -0.0260484 -0.0505613 -0.00346825 0.0262295 -0.00634921 -0.00970785
internal_weight=0 66459 22050 15429 4825 1118 44409 43823 7608 36215 4237 2129 1823 31750 3371 1503 1868 3707 3156 1356 1800 1678 6621 6393 3792 1075 2108 366 252 1742
internal_count=1288188 66459 22050 15429 4825 1118 44409 43823 7608 36215 4237 2129 1823 31750 3371 1503 1868 3707 3156 1356 1800 1678 6621 6393 3792 1075 2108 366 252 1742
is_linear=0
shrinkage=0.1


Tree=87
num_leaves=31
num_cat=0
split_feature=146 0 6 20 6 20 20 137 64 63 64 123 2 2 20 3 4 3 3 4 76 1 4 64 52 20 5 13 20 62
split_gain=26.9537 34.2864 27.7454 81.8078 78.0978 66.0034 124.124 113.479 76.386 92.2798 64.3229 59.9275 65.9835 60.8696 59.2264 58.2723 55.6372 74.0461 54.8629 64.1293 54.1882 101.998 52.3053 113.423 86.1967 73.2158 79.4372 111.064 76.2187 87.8933
threshold=800120.00000000012 2722724.5000000005 10.16666666666667 14.500000000000002 10.583333333333334 7.5000000000000009 8.5000000000000018 3142.5000000000005 124.69489994748817 15.043177184787563 0.82975038811804525 1173448.0000000002 439782.06000000006 99461.150000000009 3.5000000000000004 14640.035000000002 10428.575000000003 2857.7500000000005 228713.19000000003 221506.96500000003 10.500000000000002 4.5000000000000009 17414.049999999999 0.027386896857798906 0.0027541092899812879 9.5000000000000018 1.0000000180025095e-35 33135.500000000007 12.500000000000002 283545.50000000006
decision_type=2 2 2 2 2 2 2 2 2 2 2 2 2 2 2 2 2 2 2 2 2 2 2 2 2 2 2 2 2 2
left_child=2 -2 5 10 -5 18 7 -7 9 22 -4 12 -12 -13 -14 -6 17 -9 19 20 -1 -22 24 -24 25 26 27 -8 -27 -30
right_child=1 -3 3 4 15 6 8 16 -10 -11 11 13 14 -15 -16 -17 -18 -19 -20 -21 21 -23 23 -25 -26 28 -28 -29 29 -31
leaf_value=0.0009705184969767078 0.062247402942012336 -0.02749467023152069 -0.0010604022923776048 -0.068369497756725683 0.086265464607635872 -0.011807791253318297 0.11745022107095636 -0.015827623475273618 -0.015315391552536662 0.031401149646059452 -0.0036565318140897723 -0.026796750021714295 0.0025515639861299236 -0.011499789431239098 0.043796372347839223 -0.0048563863715538561 0.021752048518704083 -0.056396790656073698 -0.0011766030002311294 0.019940544555216412 -0.12278690995180314 -0.0020811276363341901 0.0089017012724988756 -0.0017285810000777309 -0.035921055077663168 -0.038126549102647608 0.029900917302650872 -0.050088410510799201 0.0026020787326863307 -0.0086401753159611582
leaf_weight=508417 2181 123 457191 296 11592 5988 674 1138 2544 1819 29851 86 2262 5671 703 4786 199 1511 129693 18744 713 1728 9939 25559 2195 14472 4598 369 33066 10080
leaf_count=508417 2181 123 457191 296 11592 5988 674 1138 2544 1819 29851 86 2262 5671 703 4786 199 1511 129693 18744 713 1728 9939 25559 2195 14472 4598 369 33066 10080
internal_value=0 0.0107851 -4.06603e-05 -0.000611336 0.00627827 0.000337434 -0.00188264 -0.0132669 -0.000927496 -0.00050377 -0.000843053 -0.00476455 -0.00311363 -0.0141751 0.0111143 0.00719833 -0.0296993 -0.0335302 0.000721821 0.00117324 0.000962461 -0.0139013 -0.000906002 0.00218487 -0.00258229 -0.00190631 0.00896651 -0.0159494 -0.0029708 -0.000864377
internal_weight=0 2304 1.28588e+06 512438 16674 773446 114151 8836 105315 102771 495764 38573 32816 5757 2965 16378 2848 2649 659295 529602 510858 2441 100952 35498 65454 63259 5641 1043 57618 43146
internal_count=1288188 2304 1285884 512438 16674 773446 114151 8836 105315 102771 495764 38573 32816 5757 2965 16378 2848 2649 659295 529602 510858 2441 100952 35498 65454 63259 5641 1043 57618 43146
is_linear=0
shrinkage=0.1


Tree=88
num_leaves=31
num_cat=0
split_feature=93 3 1 93 93 0 67 29 76 4 3 2 0 20 4 2 4 92 1 3 134 146 4 2 20 123 1 20 20 1
split_gain=27.1149 46.9911 52.3997 47.2661 42.8284 37.7795 35.7825 32.7422 26.9321 75.0375 70.9176 43.5401 35.6076 69.504 94.0337 35.7803 30.4637 33.9969 29.4782 29.3696 68.5317 65.9841 69.0123 119.056 228.728 106.126 136.72 142.597 101.895 89.8664
threshold=25.500000000000004 582413.95000000007 2074640.5000000002 108.50000000000001 23.500000000000004 50.500000000000007 4.5000000000000009 163.50000000000003 9.5000000000000018 12770.470000000001 33856.720000000008 41481.350000000006 2.5000000000000004 7.5000000000000009 1380.7950000000003 132502.71500000005 26222.835000000003 2.6861702127659579 1.5000000000000002 53609.845000000008 590747.50000000012 200373.00000000003 0.42500000000000004 20108.600000000002 1.0000000180025095e-35 1719.5000000000002 1261114.0000000002 2.5000000000000004 14.500000000000002 132517.50000000003
decision_type=2 2 2 2 2 2 2 2 2 2 2 2 2 2 2 2 2 2 2 2 2 2 2 2 2 2 2 2 2 2
left_child=4 2 5 -4 8 -2 7 -7 19 12 11 -11 13 14 -10 -16 -12 -18 -14 20 21 22 23 28 -25 -26 27 29 -1 -27
right_child=1 -3 3 -5 -6 6 -8 -9 9 10 16 -13 18 -15 15 -17 17 -19 -20 -21 -22 -23 -24 24 25 26 -28 -29 -30 -31
leaf_value=-0.00080582787730868952 -0.21015609170397279 0.039264988621387643 -0.04098959448004047 0.0053544106741204968 0.018232769888844629 -0.010029248169825398 0.010809521680234548 0.065643139685730323 0.00042005505243258856 -0.090429546774522487 -0.0472954202810454 -0.12883114317187983 0.05617112556705775 0.014259409713617978 -0.092223472851981292 0.017261967590529 -0.021828634215578145 0.020838451417397222 0.00037820510494759321 -0.00039812948588212002 -0.072406736157302823 -0.046315966496001323 0.0025166887988830582 -0.071270033293454632 0.0038960429989313042 -0.029973145238148938 0.0038941245540046071 -0.0048242835044352899 0.0841998467581552 -0.023761953855887488
leaf_weight=184602 193 187 535 289 1035 12033 2781 605 619 567 1021 245 786 731 568 69 1046 769 11487 677883 3033 1073 356496 3518 11308 824 755 3687 8651 792
leaf_count=184602 193 187 535 289 1035 12033 2781 605 619 567 1021 245 786 731 568 69 1046 769 11487 677883 3033 1073 356496 3518 11308 824 755 3687 8651 792
internal_value=0 -0.00402459 -0.00459171 -0.0291689 4.0493e-05 -0.00329453 -0.00274417 -0.00500396 2.39286e-05 -0.00382668 -0.0166249 -0.0426819 -0.000552643 -0.0129717 -0.0272399 -0.0542125 -0.00916424 -0.00139082 0.001458 7.89785e-05 0.000604851 0.000684387 0.000730973 -0.000687974 -0.00786074 -0.00315042 -0.0138309 -0.0194993 8.71552e-05 -0.0442684
internal_weight=0 16623 16436 824 1.27156e+06 15612 15419 12638 1.27053e+06 17908 3648 812 14260 1987 1256 637 2836 1815 12273 1.25262e+06 574739 571706 570633 214137 20884 17366 6058 5303 193253 1616
internal_count=1288188 16623 16436 824 1271565 15612 15419 12638 1270530 17908 3648 812 14260 1987 1256 637 2836 1815 12273 1252622 574739 571706 570633 214137 20884 17366 6058 5303 193253 1616
is_linear=0
shrinkage=0.1


Tree=89
num_leaves=31
num_cat=0
split_feature=29 4 62 134 3 134 134 2 6 134 134 4 64 62 6 147 6 13 138 52 146 138 137 5 124 20 6 20 0 21
split_gain=26.7258 30.4916 30.711 25.6275 47.5023 27.9255 77.4946 87.2042 52.5229 28.9923 67.8386 52.542 67.0701 136.878 72.2819 55.3694 47.9824 64.4656 72.4733 50.6861 47.8387 43.2352 49.5277 49.3977 47.6667 42.4244 88.7542 42.37 42.109 41.6196
threshold=340141.00000000006 182642.07500000004 471398.50000000006 23500870.000000004 431257.85500000004 4732619.0000000009 4741693.0000000009 495041.22000000003 35.833333333333336 259133.50000000003 1022.5000000000001 131861.36500000002 0.00010403432896337344 384415.50000000006 20.416666666666668 11.500000000000002 6.416666666666667 6165857.5000000009 8.5000000000000018 0.015629650113512489 123585.00000000001 6.5000000000000009 138294.50000000003 3.0000000000000004 9.5000000000000018 1.0000000180025095e-35 5.7500000000000009 6.5000000000000009 15721649.000000002 2.5000000000000004
decision_type=2 2 2 2 2 2 2 2 2 2 2 2 2 2 2 2 2 2 2 2 2 2 2 2 2 2 2 2 2 2
left_child=3 -2 -3 5 -5 9 -7 -8 -9 10 11 20 15 14 27 -13 17 18 21 28 -1 22 23 -15 -25 26 -24 29 -18 -14
right_child=1 2 -4 4 -6 6 7 8 -10 -11 -12 12 13 16 -16 -17 19 -19 -20 -21 -22 -23 25 24 -26 -27 -28 -29 -30 -31
leaf_value=0.0002708359685661796 0.068486100427055732 -0.041599899661364285 0.051295071560586929 -0.044701479421099685 -0.006722395826435832 0.030860324575563914 -0.035645186776992646 0.030829159088988114 -0.0070573987465222037 -0.004136337387640055 0.0065261265910782741 -0.0026208829196272543 -0.035770179564711506 0.019736967539421314 0.01556964828844932 0.047496375447380515 0.010485648508951822 -0.050033993480117014 0.045623033590299039 -0.021002545329535691 -0.022985875405803977 -0.028833483972599595 -0.0093283590669575554 -0.019099207262120933 0.040059228134988391 0.0022077207917969633 0.072448675622177786 -0.0037366047519064986 0.043553505464554214 0.016571374481848818
leaf_weight=896032 651 172 95 1037 8391 1779 6598 10171 4801 84880 80313 147125 9703 553 513 2903 7452 1795 201 769 5695 1726 293 5037 347 4395 346 2732 1224 459
leaf_count=896032 651 172 95 1037 8391 1779 6598 10171 4801 84880 80313 147125 9703 553 513 2903 7452 1795 201 769 5695 1726 293 5037 347 4395 346 2732 1224 459
internal_value=0 0.0170464 -0.0114116 -2.2234e-05 -0.00521677 1.60916e-05 0.00344268 0.00178819 0.00600914 -4.76851e-05 8.18207e-05 -0.000124973 -0.00164773 -0.00542771 -0.0135294 -0.000701783 -0.000927783 -0.00450245 -0.00203141 0.00463311 0.000191785 -0.00297455 -0.000660006 -0.00684692 -0.00977026 0.00663672 0.0307125 -0.014994 0.00681407 -0.0179662
internal_weight=0 918 267 1.28727e+06 9428 1.27784e+06 23349 21570 14972 1.25449e+06 1.16961e+06 1.0893e+06 187573 37545 13407 150028 24138 14693 12898 9445 901727 12697 10971 5937 5384 5034 639 12894 8676 10162
internal_count=1288188 918 267 1287270 9428 1277842 23349 21570 14972 1254493 1169613 1089300 187573 37545 13407 150028 24138 14693 12898 9445 901727 12697 10971 5937 5384 5034 639 12894 8676 10162
is_linear=0
shrinkage=0.1


Tree=90
num_leaves=31
num_cat=0
split_feature=94 3 75 3 93 0 3 17 75 20 124 3 4 0 53 4 123 64 6 124 0 2 13 3 124 3 1 8 6 3
split_gain=25.8921 56.1579 55.0258 31.5967 29.3459 50.6769 44.1326 34.7772 29.3453 29.8769 25.5084 125.406 77.0408 77.9668 62.4522 60.5992 113.252 75.1385 60.2918 52.9442 66.1308 49.5094 43.4469 41.7462 40.5142 163.03 136.515 184.176 138.434 122.225
threshold=2522.5000000000005 6598.1550000000016 32.500000000000007 30013.730000000003 131.00000000000003 2057541.0000000002 86300.340000000011 1.0000000180025095e-35 117.50000000000001 2.5000000000000004 12.500000000000002 10730.365000000002 14920.300000000001 1989630.0000000002 2.0034222724971921e-05 4.3650000000000011 178355.50000000003 0.0069259147972443452 29.833333333333339 11.500000000000002 3438235.0000000005 225856.35000000001 2077151.0000000002 214420.92000000001 10.500000000000002 269089.71500000003 68373.000000000015 1.0000000180025095e-35 20.833333333333339 19294.195000000003
decision_type=2 2 2 2 2 2 2 2 2 2 2 2 2 2 2 2 2 2 2 2 2 2 2 2 2 2 2 2 2 2
left_child=10 -2 4 -4 5 7 -6 -3 -5 -10 19 -12 15 14 18 16 -13 -17 -14 24 -21 22 -22 -15 -1 26 -26 -28 29 -29
right_child=1 2 3 8 6 -7 -8 -9 9 -11 11 12 13 23 -16 17 -18 -19 -20 20 21 -23 -24 -25 25 -27 27 28 -30 -31
leaf_value=0.00015047409228423304 -0.098424298346969405 0.0089309829552291827 0.016732374738842749 -0.039615349176781278 -0.019359411706625623 -0.032674914546380794 0.029727506921592817 -0.0041615635157180586 0.015350279054342764 -0.019769889492697174 0.080898973314917563 0.002899944020179884 -0.01954040335334789 0.029971580436137676 0.039158292704025911 0.019020060810834159 -0.011172219333118384 -0.0012104321226110214 0.0084794552266929998 0.0047923015806600328 -0.0064442738778003779 -0.00037563004241454741 -0.014500816065538711 -0.0080759672115485737 0.0090890883786551753 0.014109967062273916 -0.04528413734895477 0.0010278731678847965 0.025868501678213862 -0.014572040091262376
leaf_weight=1187596 1093 7220 267 823 230 363 503 18285 258 70 2337 1657 4792 697 494 2920 1632 10488 750 18893 775 5448 229 3699 4310 2670 567 2301 1410 5411
leaf_count=1187596 1093 7220 267 823 230 363 503 18285 258 70 2337 1657 4792 697 494 2920 1632 10488 750 18893 775 5448 229 3699 4310 2670 567 2301 1410 5411
internal_value=0 -0.00294761 -0.00208014 -0.0212742 -0.00105698 -0.00161608 0.0186743 -0.00108805 -0.0284638 -0.00317113 6.89472e-05 -0.00283868 -0.00475343 -0.0114953 -0.018873 -0.000541234 -0.0127049 0.00244253 -0.0219099 0.000138625 0.00466177 -0.00407919 -0.0244847 -0.0013651 4.34305e-05 -0.00485235 -0.00917138 -0.0157577 -0.0123203 -0.0175878
internal_weight=0 29112 28019 1418 26601 25868 733 25505 1151 328 1.25908e+06 29466 27129 10432 6036 16697 3289 13408 5542 1.22961e+06 25345 6452 1004 4396 1.20426e+06 16669 13999 9689 9122 7712
internal_count=1288188 29112 28019 1418 26601 25868 733 25505 1151 328 1259076 29466 27129 10432 6036 16697 3289 13408 5542 1229610 25345 6452 1004 4396 1204265 16669 13999 9689 9122 7712
is_linear=0
shrinkage=0.1


Tree=91
num_leaves=31
num_cat=0
split_feature=6 3 3 62 138 0 0 64 4 62 4 123 64 20 20 127 13 62 3 20 1 0 137 4 3 20 137 63 137 20
split_gain=25.1518 123.172 167.385 149.863 153.828 124.659 87.2971 118.749 83.0626 79.7981 99.5944 70.8964 78.9951 71.2355 68.5566 72.821 63.6201 68.7902 90.3784 62.5323 57.3532 223.524 147.532 88.9821 105.92 95.6155 134.7 75.782 71.4598 141.929
threshold=5.7500000000000009 121500.42000000001 627852.56500000006 1761009.5000000002 4.5000000000000009 4727634.0000000009 155104.50000000003 2.153960090072895 81905.890000000014 752509.50000000012 114196.70000000003 108717.50000000001 0.031443996463642938 23.500000000000004 23.500000000000004 0.63068181818181823 1321192.5000000002 997.00000000000011 431257.85500000004 1.5000000000000002 526211.50000000012 526963.00000000012 62902.000000000007 23790.960000000003 17454.705000000005 1.0000000180025095e-35 509042.00000000006 235495.62500000003 2529159.0000000005 13.500000000000002
decision_type=2 2 2 2 2 2 2 2 2 2 2 2 2 2 2 2 2 2 2 2 2 2 2 2 2 2 2 2 2 2
left_child=1 3 6 4 14 -5 -3 8 16 10 -9 13 -13 -10 20 -16 -8 18 -18 -4 21 27 -23 24 -22 26 -26 -1 -27 -30
right_child=-2 2 19 5 -6 -7 7 9 11 -11 -12 12 -14 -15 15 -17 17 -19 -20 -21 23 22 -24 -25 25 28 -28 -29 29 -31
leaf_value=-0.0010150042766148726 -0.00037199999903045903 0.0026038695759628685 0.002508540196267717 -0.0021969326171461636 0.034165581171546756 -0.010670688481403678 0.012409608850727392 0.011420324158922471 0.008257943189990959 -0.002296231519440012 -0.0067442923310093716 0.014163936517887743 -0.0073960687657363688 0.019553118373756229 -0.022339490877561086 0.024266063830897779 0.00089640650134640773 0.006779297411998628 -0.0092895339225663228 -0.01203151889280181 0.039905801486995407 -0.0056136133405064563 -0.010170413958389107 0.0097181891038558305 0.00064437830035376717 0.0011493328983117506 -0.090831539282776971 -0.026364460021258675 -0.043118096121233684 -0.0041888452200452946
leaf_weight=175741 979878 30328 8526 2299 11445 452 4549 4122 4291 7152 2388 572 3692 690 1354 161 2265 5960 329 7819 3872 3056 496 2234 1261 19477 958 176 656 1989
leaf_count=175741 979878 30328 8526 2299 11445 452 4549 4122 4291 7152 2388 572 3692 690 1354 161 2265 5960 329 7819 3872 3056 496 2234 1261 19477 958 176 656 1989
internal_value=0 0.000786375 0.00408817 -0.000423597 -0.000137268 -0.023621 0.00632154 0.00965066 0.0141406 0.00230612 0.0103167 0.00688263 -0.0025821 0.0149849 -0.000748506 -0.0219446 0.0192616 0.0141801 0.000587094 -0.00497622 -0.000595529 -0.00127635 -0.0261126 0.00341756 0.00189632 -0.000547457 -0.0203367 -0.000774875 0.00143755 -0.0139854
internal_weight=0 308310 82683 225627 222876 2751 66338 36010 22348 13662 6510 9245 4264 4981 211431 1515 13103 8554 2594 16345 209916 179469 3552 30447 28213 24341 2219 175917 22122 2645
internal_count=1288188 308310 82683 225627 222876 2751 66338 36010 22348 13662 6510 9245 4264 4981 211431 1515 13103 8554 2594 16345 209916 179469 3552 30447 28213 24341 2219 175917 22122 2645
is_linear=0
shrinkage=0.1


Tree=92
num_leaves=31
num_cat=0
split_feature=63 64 6 6 62 63 13 1 1 4 13 20 63 0 4 0 63 4 123 64 1 62 64 2 6 2 4 4 0 3
split_gain=30.3704 75.6427 49.2335 49.0799 43.1635 42.4923 54.6866 37.8723 44.4408 79.1338 41.0542 32.7173 28.0324 27.6328 26.5672 32.0438 39.5201 30.7563 26.2848 58.2342 120.443 101.428 63.1789 41.3514 47.3526 61.0383 52.6679 44.9475 41.1474 90.1205
threshold=14823.454545454546 28504.261843062381 5.7500000000000009 2.2500000000000004 1001163.0000000001 2032.0197368421057 35.500000000000007 4449947.0000000009 526211.50000000012 24.105000000000004 25.500000000000004 1.5000000000000002 41668.22401433692 1920625.0000000002 107459.47000000002 526963.00000000012 7381.3555555555567 428.01000000000005 1884780.0000000002 0.81107719188936966 3320563.0000000005 3333704.5000000005 0.99999908015273153 766910.03500000003 5.7500000000000009 275814.61500000005 2812.8850000000007 49938.620000000003 2490482.5000000005 189461.23000000001
decision_type=2 2 2 2 2 2 2 2 2 2 2 2 2 2 2 2 2 2 2 2 2 2 2 2 2 2 2 2 2 2
left_child=5 4 3 11 -2 18 -7 8 9 -4 -10 -3 -6 -12 15 16 -8 -18 -1 28 -21 22 -22 24 26 -26 -23 -27 29 -20
right_child=1 2 7 -5 12 6 14 -9 10 -11 13 -13 -14 -15 -16 -17 17 -19 19 20 21 23 -24 -25 25 27 -28 -29 -30 -31
leaf_value=0.00016486495354199883 -0.0015345502095324441 0.0041152287287119773 -0.014151664877214844 -0.0037023982837345337 -0.0093615714535347002 -0.0010768941308154738 0.017614559997276569 -0.0062620826011514259 0.0079303320423038653 0.0046533273503781784 0.00069814626979131903 -0.0061658834555955132 -0.0025981631602772838 -0.0015311155298855621 0.0017572664201944033 0.018980356924635278 -0.0091052177150398039 0.014497753899550075 0.0012073252702594851 -0.0078060787744409083 -0.0079391594037437774 0.011150873262208316 0.017335055131234688 0.015579064533778487 -0.015308126970992059 -0.0051048774695757575 -0.0019489039635118056 -0.021338321491644011 0.00058183808634283424 -0.016114958869443891
leaf_weight=1206088 1798 678 233 3455 277 1681 741 623 1226 763 1754 407 377 468 479 465 142 74 4375 5824 891 234 3707 1780 180 3691 2104 1630 38573 3470
leaf_count=1206088 1798 678 233 3455 277 1681 741 623 1226 763 1754 407 377 468 479 465 142 74 4375 5824 891 234 3707 1780 180 3691 2104 1630 38573 3470
internal_value=0 -0.00500819 -0.00100695 -0.00856977 -0.0206851 3.39214e-05 0.0109102 0.00576929 0.00900629 -0.00959992 0.0143809 0.00998404 -0.0426842 0.00627565 0.0225293 0.0293905 0.0189266 -0.0187121 3.30646e-06 -0.00193279 -0.00643781 -0.00147603 0.0107407 -0.00731577 -0.0104401 -0.015507 0.00148164 -0.0135696 1.22472e-05 -0.00658972
internal_weight=0 12059 9607 4540 2452 1.27613e+06 3582 5067 4444 996 3448 1085 654 2222 1901 1422 957 216 1.27255e+06 66459 20041 14217 4598 9619 7839 5501 2338 5321 46418 7845
internal_count=1288188 12059 9607 4540 2452 1276129 3582 5067 4444 996 3448 1085 654 2222 1901 1422 957 216 1272547 66459 20041 14217 4598 9619 7839 5501 2338 5321 46418 7845
is_linear=0
shrinkage=0.1


Tree=93
num_leaves=31
num_cat=0
split_feature=64 62 1 62 2 2 5 2 0 63 2 138 4 20 62 1 3 2 13 137 0 4 62 124 62 62 20 138 138 2
split_gain=28.7219 88.8429 119.365 126.81 168.724 70.2418 143.769 99.4373 69.2965 64.7477 77.4368 63.1172 134.627 62.2791 59.4337 57.3173 56.384 55.0256 53.6794 53.0667 49.0566 65.8804 66.6074 67.874 61.248 64.7473 101.143 63.3841 74.8399 59.6784
threshold=2.3175666445371648 4524620.5000000009 543718.00000000012 397531.00000000006 122503.00000000001 43728.115000000013 1.5000000000000002 4416.2650000000003 737413.50000000012 0.954604902284514 23334.280000000002 8.5000000000000018 12088.715000000002 2.5000000000000004 31871.500000000004 414437.50000000006 37138.575000000004 367681.26000000007 9191.5000000000018 27.500000000000004 30196322.500000004 107459.47000000002 1087276.0000000002 9.5000000000000018 205.50000000000003 575205.50000000012 17.500000000000004 7.5000000000000009 4.5000000000000009 239912.32500000004
decision_type=2 2 2 2 2 2 2 2 2 2 2 2 2 2 2 2 2 2 2 2 2 2 2 2 2 2 2 2 2 2
left_child=-1 2 3 5 13 6 7 -2 -4 17 14 20 -13 15 -11 -5 -8 -10 -14 -7 21 24 -23 -24 -12 26 27 28 -26 -27
right_child=1 -3 8 4 -6 19 16 -9 9 10 11 12 18 -15 -16 -17 -18 -19 -20 -21 -22 22 23 -25 25 29 -28 -29 -30 -31
leaf_value=0.00016240166165215619 0.0033554885912615352 -0.012529398314023272 0.007659423763210136 -0.0037784354499039094 8.1751893522741552e-05 -0.007757328349648449 0.01259265599219872 -0.050462838860462302 0.032194218451432631 -0.0043671377583767721 -0.031585483300305243 -0.016127538543161585 0.063788962607510352 -0.0055091133880139503 -0.071748266592222124 -0.010719940861981893 0.028548219220157003 -0.0087461149913627967 0.021820268040049582 -0.0011823989114356198 -0.017535037908475947 -0.021654764749235889 0.0018915263692164787 0.070954859811106524 0.011475326756037019 -0.00061500168973998648 -0.042101567220236558 0.03091432527522027 -0.041004037305899611 0.0046338543461257103
leaf_weight=1201326 3220 3487 2962 723 1564 10143 4382 2049 1136 849 167 681 711 390 647 717 2066 500 637 10982 5201 5326 1798 216 7182 11246 307 717 253 6603
leaf_count=1201326 3220 3487 2962 723 1564 10143 4382 2049 1136 849 167 681 711 390 647 717 2066 500 637 10982 5201 5326 1798 216 7182 11246 307 717 253 6603
internal_value=0 -0.00177269 -0.00111865 -0.00543425 -0.0238363 -0.00353252 0.00267722 -0.00957662 0.00219878 0.00120598 0.000455222 0.00126975 0.0184656 -0.0444485 -0.0218925 -0.0540491 0.0126905 0.0207281 0.0367741 -0.00697675 0.00037549 0.00176613 -0.00661675 0.00887441 0.00409023 0.00447344 0.0116798 0.0138018 0.0110635 0.00105822
internal_weight=0 86862 83375 36236 3394 32842 11717 5269 47139 44177 42541 41045 2029 1830 1496 1440 6448 1636 1348 21125 39016 33815 7340 2014 26475 26308 8459 8152 7435 17849
internal_count=1288188 86862 83375 36236 3394 32842 11717 5269 47139 44177 42541 41045 2029 1830 1496 1440 6448 1636 1348 21125 39016 33815 7340 2014 26475 26308 8459 8152 7435 17849
is_linear=0
shrinkage=0.1


Tree=94
num_leaves=31
num_cat=0
split_feature=17 20 138 127 20 3 3 13 3 3 6 13 6 2 95 3 6 3 3 3 3 3 141 1 62 2 3 2 2 4
split_gain=25.7098 33.2625 42.8032 38.4044 86.1524 81.9785 49.3567 42.6578 37.0102 34.733 62.4373 38.2928 34.6852 32.7897 30.5587 33.6064 37.7411 28.9881 46.5649 35.3359 29.9799 28.2894 25.7018 42.0958 113.873 61.3666 114.532 121.541 64.559 186.68
threshold=2.5000000000000004 7.5000000000000009 15.500000000000002 0.78888888888888908 4.5000000000000009 107367.19000000002 360328.31500000006 1200.5000000000002 141715.25000000003 156540.11000000002 4.8333333333333348 547251.50000000012 7.8333333333333348 135883.59000000003 1.0000000180025095e-35 69044.360000000001 6.416666666666667 24625.215000000004 59988.000000000007 67852.910000000018 45946.840000000004 264857.90000000008 0.26136363636363641 526211.50000000012 509023.50000000006 8261.7700000000023 12163.075000000003 40435.69000000001 54765.900000000009 8752.7500000000018
decision_type=2 2 2 2 2 2 2 2 2 2 2 2 2 2 2 2 2 2 2 2 2 2 2 2 2 2 2 2 2 2
left_child=14 2 3 -2 6 -6 9 -8 -7 11 -11 17 -13 -14 22 -16 -17 -5 20 -20 -19 -12 -1 24 25 -24 -27 -28 29 -29
right_child=1 -3 -4 4 5 8 7 -9 -10 10 21 12 13 -15 15 16 -18 18 19 -21 -22 -23 23 -25 -26 26 27 28 -30 -31
leaf_value=-0.00017122197274833663 -0.001000451936585034 0.0026582412893290108 -0.022095041790229166 0.0040502989284148866 -0.002428208399631471 -0.024542017002745335 -0.0037371219302396843 -9.9340300892281083e-05 -0.010679047302438118 0.015039355515829678 0.0048185685755768592 -0.0013751681099705927 0.0077893587251514134 -0.0056564257564527612 0.047010275665971935 0.01391258727938011 -0.0079512712003236407 -0.0033739770818817408 0.0060696197380275766 -0.0049986509952089538 -0.046940204348494864 -0.0057026985381383203 0.0066839425431299837 0.0025138963664488156 -0.020649391199029466 -0.015239378576058563 0.01347958331884469 0.02393618317998536 -0.00092849416163127702 -0.007539479064357717
leaf_weight=1085901 30893 9926 1078 641 456 202 169 115 281 202 258 232 224 54 1858 926 1508 298 303 1173 207 267 76689 30089 828 10441 12457 1376 16457 2679
leaf_count=1085901 30893 9926 1078 641 456 202 169 115 281 202 258 232 224 54 1858 926 1508 298 303 1173 207 267 76689 30089 828 10441 12457 1376 16457 2679
internal_value=0 -0.0023072 -0.00368441 -0.00309606 -0.0111518 -0.0385007 -0.00495318 -0.0451873 -0.0672103 -0.00199219 0.0176993 -0.00656297 0.0185084 0.0423321 7.60246e-05 0.00849938 0.000768232 -0.0114396 -0.0174206 -0.00845277 -0.0436317 -0.000478944 4.67963e-05 0.00126914 0.000436327 0.000691124 -0.00231335 0.000577247 -0.00415439 -0.0154564
internal_weight=0 46979 37053 35975 5082 939 4143 284 483 3859 727 3132 510 278 1.24121e+06 4292 2434 2622 1981 1476 505 525 1.23692e+06 151016 120927 120099 43410 32969 20512 4055
internal_count=1288188 46979 37053 35975 5082 939 4143 284 483 3859 727 3132 510 278 1241209 4292 2434 2622 1981 1476 505 525 1236917 151016 120927 120099 43410 32969 20512 4055
is_linear=0
shrinkage=0.1


Tree=95
num_leaves=31
num_cat=0
split_feature=66 88 0 3 20 89 4 90 2 90 123 0 146 3 74 3 6 13 63 118 3 17 129 123 2 4 18 20 63 6
split_gain=24.5135 34.5674 34.8184 52.2689 35.4112 31.8205 90.2463 91.3563 47.7446 46.8428 39.5565 41.056 33.6858 32.8117 31.5965 30.9017 38.2972 34.6235 30.3322 30.3124 60.4701 31.1023 32.7194 38.5991 32.8336 31.8706 50.253 34.7317 29.5943 29.4664
threshold=506107.00000000006 418610.00000000006 17823204.500000004 156540.11000000002 3.5000000000000004 0.99999759663143872 28211.850000000002 0.44814404085516701 132502.71500000005 0.065287612490745273 557.50000000000011 5872.0000000000009 89595.000000000015 1236363.1000000003 1.0000000180025095e-35 431257.85500000004 4.8333333333333348 5051050.0000000009 0.49280771199517237 0.5634920634920636 41479.170000000006 2.5000000000000004 1.0000000180025095e-35 1979183.5000000002 360946.21000000002 1.1450000000000002 1.0000000180025095e-35 15.500000000000002 0.954604902284514 4.8333333333333348
decision_type=2 2 2 2 2 2 2 2 2 2 2 2 2 2 2 2 2 2 2 2 2 2 2 2 2 2 2 2 2 2
left_child=1 5 3 4 14 19 7 -7 10 -8 -9 -12 13 29 -3 16 -5 -18 -2 21 -21 -1 23 -23 -25 26 27 -24 -20 -11
right_child=18 2 -4 15 -6 6 9 8 -10 12 11 -13 -14 -15 -16 -17 17 -19 28 20 -22 22 25 24 -26 -27 -28 -29 -30 -31
leaf_value=1.0070870925776384e-05 0.020290461958692177 -0.029551785620912121 -0.039373933372809436 0.016410628621442488 0.039825832766220065 0.081810845134218088 0.049045034450486073 -0.026756882833838792 0.0255873166479299 0.031752250861769811 -0.18881807203528578 -0.045565543157712725 -0.04604220139739576 -0.054026382413106422 0.0072331092605488409 -0.008559834374671782 0.00306856387635935 0.082605208575235692 -0.010770352361533841 0.03594616112269327 -0.0036293706325297493 -0.0020097075818893916 0.0062156151848176784 -0.007371212924388762 -0.00049777230010401353 -0.0013202518902843403 -0.00080668303157973144 0.018802386867213597 0.003833812839553208 0.012354166592632103
leaf_weight=1213458 4361 1097 1013 312 410 3123 858 3314 527 1480 198 342 156 402 243 1975 1619 68 234 1910 1740 34995 1605 461 340 5737 1750 199 310 3951
leaf_count=1213458 4361 1097 1013 312 410 3123 858 3314 527 1480 198 342 156 402 243 1975 1619 68 234 1910 1740 34995 1605 461 340 5737 1750 199 310 3951
internal_value=0 -4.49626e-05 -0.00718922 -0.00416491 -0.0185651 -7.25864e-06 0.00467502 -0.00289988 -0.0122157 0.0129768 -0.0160761 -0.0411737 0.00984611 0.0110726 -0.0264335 0.00217637 0.0109414 0.00498896 0.00703794 -6.04956e-05 0.00903937 -8.68868e-05 -0.00266587 -0.0040383 -0.0257432 0.00262178 0.0100631 0.0217749 -0.0152272 0.0131131
internal_weight=0 1.28328e+06 6737 5724 1750 1.27655e+06 14351 7504 4381 6847 3854 540 5989 5833 1340 3974 1999 1687 4905 1.2622e+06 3650 1.25854e+06 45087 35796 801 9291 3554 1804 544 5431
internal_count=1288188 1283283 6737 5724 1750 1276546 14351 7504 4381 6847 3854 540 5989 5833 1340 3974 1999 1687 4905 1262195 3650 1258545 45087 35796 801 9291 3554 1804 544 5431
is_linear=0
shrinkage=0.1


Tree=96
num_leaves=31
num_cat=0
split_feature=67 3 4 4 2 1 128 13 12 20 4 3 1 64 20 63 20 123 20 64 137 4 4 138 1 20 1 4 62 4
split_gain=24.2262 33.2783 47.4368 29.1453 27.2863 24.4604 24.3749 39.0084 34.0447 32.0773 28.1344 38.1241 43.022 24.7183 50.2007 47.6767 44.787 85.0055 68.1679 82.9691 74.6775 61.2961 100.95 91.2869 50.3289 50.4816 42.8744 59.44 63.0671 52.5379
threshold=12.500000000000002 183067.16 34672.610000000008 14920.300000000001 220810.12000000002 1186300.0000000002 0.17424242424242428 1800.5000000000002 1.0000000180025095e-35 6.5000000000000009 1.1450000000000002 23385.970000000005 97977.000000000015 7.1257329091251771 23.500000000000004 0.954604902284514 14.500000000000002 81209.000000000015 10.500000000000002 71.733113873370584 45.500000000000007 22026.025000000005 4059.4650000000006 8.5000000000000018 66844136.000000007 7.5000000000000009 526211.50000000012 3.4650000000000003 317441.00000000006 38587.005000000012
decision_type=2 2 2 2 2 2 2 2 2 2 2 2 2 2 2 2 2 2 2 2 2 2 2 2 2 2 2 2 2 2
left_child=6 -2 3 -3 -4 -6 13 8 -8 10 11 12 -9 -1 15 -15 18 -18 19 -17 26 22 24 -23 25 -22 27 28 -21 -28
right_child=1 2 4 -5 5 -7 7 9 -10 -11 -12 -13 -14 14 -16 16 17 -19 -20 20 21 23 -24 -25 -26 -27 29 -29 -30 -31
leaf_value=0.00021433541960340642 -0.0017905181289219474 0.027422488212827768 0.036795698264443323 -0.076135675508665346 -0.075079832766807228 0.036023692625030072 0.014699941203058994 0.014106965029865748 -0.023460812316312366 0.0034853878638398507 -0.006157039794003661 -0.025134706510047122 -0.022432092744269896 0.017992464261468537 -0.047172766548148094 -0.0037962038726192908 0.025406875851945055 -0.049444631402962007 -0.021243425270169109 -0.0017648752695268444 0.0070478264585589982 0.00808039528241551 -0.0054717331144311489 0.052810153988919278 -0.038002382846168192 -0.047537942357539713 0.00090229199095791289 -0.0022797076981930751 -0.013989611766223176 -0.0096015700710144307
leaf_weight=1208049 2514 86 150 853 145 62 1733 382 376 1198 2954 914 208 1851 1023 23497 2538 310 1765 320 6302 2591 4690 889 420 161 8732 8283 361 4831
leaf_count=1208049 2514 86 150 853 145 62 1733 382 376 1198 2954 914 208 1851 1023 23497 2538 310 1765 320 6302 2591 4690 889 420 161 8732 8283 361 4831
internal_value=0 -0.00797765 -0.0209943 -0.0327908 0.0100338 -0.0135004 8.24449e-06 -0.00557753 0.0060296 -0.00990558 -0.0138095 -0.024943 -0.00512665 4.222e-05 -0.00180481 -0.0014718 -0.00191778 0.0103476 -0.00247365 -0.00191377 0.00100062 0.00645389 0.00295466 0.0180908 0.0106642 0.012844 -0.00264336 -0.00800966 -0.036409 0.000903304
internal_weight=0 3810 1296 939 357 207 1.28438e+06 7765 2109 5656 4458 1504 590 1.27661e+06 68564 67541 65690 2848 62842 61077 37580 15053 11573 3480 6883 6463 22527 8964 681 13563
internal_count=1288188 3810 1296 939 357 207 1284378 7765 2109 5656 4458 1504 590 1276613 68564 67541 65690 2848 62842 61077 37580 15053 11573 3480 6883 6463 22527 8964 681 13563
is_linear=0
shrinkage=0.1


Tree=97
num_leaves=31
num_cat=0
split_feature=67 3 4 0 4 29 4 62 146 0 26 4 6 20 6 64 6 20 20 137 64 63 3 4 3 6 2 4 3 0
split_gain=24.2498 35.8114 43.5726 28.4732 24.4638 23.3684 32.5424 30.846 22.9549 33.7939 22.8716 24.0777 23.4613 65.5801 138.323 66.2721 63.7874 54.747 97.8524 93.5173 52.5689 82.6636 60.8711 50.2541 62.2266 50.1777 50.7297 48.6504 83.6282 89.0814
threshold=12.500000000000002 183067.16 34672.610000000008 11.500000000000002 14920.300000000001 393542.50000000006 146720.29500000001 471398.50000000006 884814.00000000012 2722724.5000000005 2.5000000000000004 30354.815000000006 10.16666666666667 6.5000000000000009 14.583333333333334 0.15155559997783938 10.583333333333334 7.5000000000000009 8.5000000000000018 3142.5000000000005 124.69489994748817 1.000124719381392 110809.84500000002 7124.4500000000007 2590.6550000000002 11.41666666666667 246118.19000000003 1213.8250000000003 33856.720000000008 126758.50000000001
decision_type=2 2 2 2 2 2 2 2 2 2 2 2 2 2 2 2 2 2 2 2 2 2 2 2 2 2 2 2 2 2
left_child=5 -2 4 -4 -3 8 -7 -8 10 -10 12 -12 17 15 16 -14 -15 -1 19 -19 21 -20 -23 24 -21 -18 -27 -17 29 -29
right_child=1 2 3 -5 -6 6 7 -9 9 -11 11 -13 13 14 -16 27 25 18 20 23 -22 22 -24 -25 -26 26 -28 28 -30 -31
leaf_value=0.00058514177849640901 -0.0016114663160297527 0.024680239391544987 -0.067732757204079591 0.028748761617316348 -0.068522107957798811 0.096614307981748526 -0.032296475788592328 0.057666257610463137 0.053582287797011123 -0.024645506842358309 0.32743823452204296 0.0065226880280782502 -0.0012870026597073482 -0.031636393045316839 0.031802007829969274 0.00031054369579605151 0.028095376849292641 -0.010245467024271744 -0.0018132218089091934 -0.014186576192911039 -0.011655285643958624 0.036903481775081515 0.0027829891229014586 0.018968177248205612 -0.051044262719424839 -0.012607375864267854 0.02410494393414736 -0.0084133404338835541 -0.0023894167920674239 -0.014658042406939232
leaf_weight=647201 2514 86 153 204 853 437 269 129 2030 123 9737 18559 388403 593 26951 15920 6177 5988 95643 1120 2544 2425 4557 209 1519 13449 3187 3757 28228 5223
leaf_count=647201 2514 86 153 204 853 437 269 129 2030 123 9737 18559 388403 593 26951 15920 6177 5988 95643 1120 2544 2425 4557 209 1519 13449 3187 3757 28228 5223
internal_value=0 -0.00798199 -0.0214849 0.00825248 -0.0327908 7.79399e-06 0.0167314 -0.00395478 -3.08545e-06 0.0103139 -2.04201e-05 0.00279107 -8.3906e-05 -0.000622179 0.00279686 -0.00101212 -0.00282708 0.000263923 -0.00175671 -0.0118641 -0.000907511 -0.000555503 0.0099488 -0.0267814 -0.0305196 -0.00198542 -0.0048432 -0.00432469 -0.00630409 -0.0147095
internal_weight=0 3810 1296 357 939 1.28438e+06 835 398 1.28354e+06 2153 1.28139e+06 28296 1.25309e+06 491888 50357 441531 23406 761206 114005 8836 105169 102625 6982 2848 2639 22813 16636 53128 37208 8980
internal_count=1288188 3810 1296 357 939 1284378 835 398 1283543 2153 1281390 28296 1253094 491888 50357 441531 23406 761206 114005 8836 105169 102625 6982 2848 2639 22813 16636 53128 37208 8980
is_linear=0
shrinkage=0.1


Tree=98
num_leaves=31
num_cat=0
split_feature=147 146 4 0 127 2 2 5 4 62 64 6 1 29 4 20 20 137 1 137 2 1 3 0 5 64 64 2 3 5
split_gain=22.457 33.8578 26.5239 23.7526 63.3984 61.3707 85.3567 49.9178 47.8868 65.0866 72.925 56.3032 50.2611 46.8931 43.3307 45.8403 55.4963 82.3274 41.6898 233.8 133.318 73.8786 41.3939 83.3551 50.9336 49.6022 167.738 81.2246 84.0224 167.761
threshold=9.5000000000000018 2577630.5000000005 22744.395000000004 373.50000000000006 0.88194444444444453 129.22500000000002 72.375000000000014 3.0000000000000004 131861.36500000002 533538.00000000012 0.00010403432896337344 20.416666666666668 824193.50000000012 454168.50000000006 0.28500000000000009 1.5000000000000002 4.5000000000000009 3142.5000000000005 50.500000000000007 49.500000000000007 1.655 64.500000000000014 716.31000000000006 37051.000000000007 3.0000000000000004 4.8126988902010285e-06 0.0002550135164327419 1830.7700000000002 7661.8700000000017 1.0000000180025095e-35
decision_type=2 2 2 2 2 2 2 2 2 2 2 2 2 2 2 2 2 2 2 2 2 2 2 2 2 2 2 2 2 2
left_child=3 2 -2 4 18 6 -5 14 13 10 -10 -12 -11 22 15 -8 17 -17 19 -1 -21 -20 23 -7 -25 27 -27 -24 29 -29
right_child=1 -3 -4 5 -6 8 7 -9 9 12 11 -13 -14 -15 -16 16 -18 -19 21 20 -22 -23 25 24 -26 26 -28 28 -30 -31
leaf_value=0.00068018347704034148 -0.015063395922700141 -0.023410382601584647 0.029565049221727171 -0.0025814600415917655 0.029711671470501314 0.019690111734519268 -0.0021963805863781604 -0.13456789667725041 0.00016020344079052952 0.01612011754261582 -0.019916901592894123 0.0097050510415584174 -0.00139677747789978 0.10366754654207966 0.022567547182552473 -0.065799984646267726 -0.017651427200072557 -0.012720835426322769 0.065510424028141445 -0.032864022511195613 0.041696731361023615 0.0024464893592006653 -0.014659718471450268 0.033978369931708045 -0.077210246417850223 0.012882405148868653 8.1951728130458259e-05 -0.046490896935018289 -0.0015435490985759354 0.023665827737042247
leaf_weight=543655 4164 108 6748 13335 1870 35571 1717 316 9400 2142 14777 516 22626 374 1399 240 1930 2665 7964 1425 357 29806 21814 229 503 10259 332758 3652 172967 42901
leaf_count=543655 4164 108 6748 13335 1870 35571 1717 316 9400 2142 14777 516 22626 374 1399 240 1930 2665 7964 1425 357 29806 21814 229 503 10259 332758 3652 172967 42901
internal_value=0 0.0044808 0.00503224 -5.28711e-05 0.000416165 -0.000449383 -0.00569562 -0.0136791 -0.000280358 -0.00327494 -0.00690801 -0.0111686 0.000347121 -4.18587e-05 -0.01213 -0.0155412 -0.0205258 -0.0292583 0.000357221 0.000134734 -0.0360277 0.00357016 -6.31896e-05 0.0032133 -0.0301898 -0.000266743 0.000506054 -0.00136515 -0.000786831 0.00298427
internal_weight=0 11020 10912 1.27717e+06 585077 692091 21602 8267 670489 49461 24693 15293 24768 621028 7951 6552 4835 2905 583207 545437 1782 37770 620654 36303 732 584351 343017 241334 219520 46553
internal_count=1288188 11020 10912 1277168 585077 692091 21602 8267 670489 49461 24693 15293 24768 621028 7951 6552 4835 2905 583207 545437 1782 37770 620654 36303 732 584351 343017 241334 219520 46553
is_linear=0
shrinkage=0.1


Tree=99
num_leaves=31
num_cat=0
split_feature=62 0 2 64 3 0 6 4 4 2 5 127 0 64 63 123 20 123 2 64 4 3 0 62 1 64 123 0 15 2
split_gain=23.5735 89.4807 66.208 83.9881 64.6489 60.9524 50.7765 60.2937 121.261 83.1322 74.8124 71.5556 55.6044 55.4165 48.61 47.5175 71.174 62.3714 88.8617 45.4974 68.4541 43.0674 42.3587 101.291 56.1981 50.7344 42.3378 102.424 88.7381 41.8325
threshold=1564584.5000000002 1366986.0000000002 452513.92500000005 4.8126988902010285e-06 183067.16 5000732.5000000009 29.166666666666668 17414.049999999999 22026.025000000005 327354.56000000006 1.5000000000000002 0.13392857142857145 2057541.0000000002 0.21100643607872807 15.043177184787563 3808664.0000000005 4.5000000000000009 2945829.5000000005 185314.32000000004 0.00096641265239213266 4952.0900000000011 121500.42000000001 6971452.0000000009 4277006.0000000009 9141671.0000000019 0.909489760016291 3808232.5000000005 3808076.5000000005 1.0000000180025095e-35 168977.25500000003
decision_type=2 2 2 2 2 2 2 2 2 2 2 2 2 2 2 2 2 2 2 2 2 2 2 2 2 2 2 2 2 2
left_child=15 -2 3 4 -3 -4 7 10 9 -9 -5 14 -11 -13 -10 17 -17 -1 -19 20 -12 -18 -21 24 -24 -25 27 28 -20 -23
right_child=1 2 5 6 -6 -7 -8 8 11 12 19 13 -14 -15 -16 16 21 18 26 22 -22 29 23 25 -26 -27 -28 -29 -30 -31
leaf_value=0.00016825133819382555 -0.0071465185763608307 0.025180662717927495 0.007161963273824865 -0.072614685555547939 -0.077530354671766666 -0.00053461211876595915 0.062140943005434504 -0.010423993397384335 -0.0019911290400679996 -0.050261002405468214 0.000734171709842546 -0.00089093531451579484 -0.020583044350007421 -0.023531802624095249 0.037210141140450591 -0.0068390304810177832 -0.0019437659037963339 0.0086641570140942089 0.022063784835216774 -0.0008311511295639026 0.020166206135501859 0.0010161638020248652 0.017045658791345168 0.0040177313559694762 0.0034060446500931321 -0.014708904454471551 0.010762271814431144 -0.0093840103726962453 -0.0011149727036130343 -0.0019236129185799034
leaf_weight=1183838 1117 123 11073 399 848 26548 465 2086 10964 352 1748 1009 623 1589 338 487 1157 442 148 35321 708 551 1255 1724 1083 1089 175 163 437 328
leaf_count=1183838 1117 123 11073 399 848 26548 465 2086 10964 352 1748 1009 623 1589 338 487 1157 442 148 35321 708 551 1255 1724 1083 1089 175 163 437 328
internal_value=0 -0.00148778 -0.00117132 -0.00318676 -0.0323648 0.00213537 -0.00272042 -0.00297432 -0.00802877 -0.0260469 -0.000995676 -0.00406089 -0.0501519 -0.0190257 -0.000620907 0.00010752 -0.0136015 0.000136703 0.0215004 -0.000595065 0.0126205 -0.00538706 -0.00139704 0.00707455 0.0224562 -0.00570974 0.00384403 -0.0065153 0.0130176 0.0112991
internal_weight=0 100462 99345 61724 971 37621 60753 60288 16961 3061 43327 13900 975 2598 11302 1.18773e+06 2523 1.1852e+06 1365 42928 2456 2036 40472 5151 2338 2813 923 748 585 879
internal_count=1288188 100462 99345 61724 971 37621 60753 60288 16961 3061 43327 13900 975 2598 11302 1187726 2523 1185203 1365 42928 2456 2036 40472 5151 2338 2813 923 748 585 879
is_linear=0
shrinkage=0.1


Tree=100
num_leaves=31
num_cat=0
split_feature=6 3 3 62 63 138 0 0 64 62 2 4 123 4 20 20 3 0 4 20 20 4 17 20 127 2 3 20 141 137
split_gain=22.1762 111.166 161.748 117.132 108.997 133.053 87.6274 85.347 78.3952 86.3671 77.2944 65.3039 65.2879 62.8289 61.4963 100.488 59.3223 68.4458 78.1662 163.374 146.027 83.5219 72.2763 75.8634 66.9414 65.679 124.016 119.571 83.9695 71.4616
threshold=5.416666666666667 121500.42000000001 480729.49500000005 2288259.5000000005 14823.454545454546 4.5000000000000009 150240.00000000003 4727634.0000000009 2.3175666445371648 752509.50000000012 165960.68000000002 81905.890000000014 97423.000000000015 114196.70000000003 5.5000000000000009 6.5000000000000009 67366.590000000011 4744158.5000000009 60808.94000000001 3.5000000000000004 2.5000000000000004 0.43500000000000005 2.5000000000000004 6.5000000000000009 0.78888888888888908 1830.7700000000002 1423.6600000000003 1.5000000000000002 0.30384615384615393 13400.500000000002
decision_type=2 2 2 2 2 2 2 2 2 2 2 2 2 2 2 2 2 2 2 2 2 2 2 2 2 2 2 2 2 2
left_child=1 3 6 4 5 16 -3 10 11 13 -5 -8 -13 -10 -7 -16 25 18 19 20 -18 -22 -21 24 -24 26 29 28 -28 -1
right_child=-2 2 -4 7 -6 14 8 -9 9 -11 -12 12 -14 -15 15 -17 17 -19 -20 22 21 -23 23 -25 -26 -27 27 -29 -30 -31
leaf_value=-0.0037415553762250478 -0.00035093092428499788 0.002776426711825479 -0.0034711970839162811 -0.0080768973914113803 -0.0033821692786948632 0.064734347802230349 0.0051301397609452015 -0.01007947286163048 0.011329485003783524 -0.0016900332081860037 0.0037886502619058058 0.011680808809481913 -0.0025624341837715559 -0.0015249623256385347 -0.0055791201130380389 0.0065999304243389628 -0.0054165654934144498 0.016666835906185958 0.0050505104680159457 -0.00020863880861373698 -0.048340068250125989 -0.0032242465671056238 -0.0096339088527994249 -0.0051084905809953528 -0.021891770647720677 0.0019006546535546454 -0.016094673056062075 0.0027121847898817805 -0.030403580821583693 0.012774053392793628
leaf_weight=63669 984715 25462 23868 252 1833 8495 11568 445 3646 6338 307 4119 3574 1862 130 1881 4584 724 8090 13372 1213 608 316 1191 198 97427 2411 1929 733 13228
leaf_count=63669 984715 25462 23868 252 1833 8495 11568 445 3646 6338 307 4119 3574 1862 130 1881 4584 724 8090 13372 1213 608 316 1191 198 97427 2411 1929 733 13228
internal_value=0 0.00074079 0.00392781 -0.000408595 -0.000254493 -5.23432e-05 0.00684061 -0.0344879 0.0104014 0.00400009 -0.00847422 0.0143384 0.00719816 0.0131595 0.0109296 -0.0047951 -0.000602557 -0.00469547 -0.00543919 -0.00859424 -0.0219741 -0.0459307 -0.0029102 -0.0223001 -0.0544093 8.86406e-05 -0.00199738 -0.0171411 -0.0291667 -0.000998322
internal_weight=0 303473 80437 223036 222032 220199 56569 1004 31107 11846 559 19261 7693 5508 10506 2011 209693 30296 29572 21482 6405 1821 15077 1705 514 179397 81970 5073 3144 76897
internal_count=1288188 303473 80437 223036 222032 220199 56569 1004 31107 11846 559 19261 7693 5508 10506 2011 209693 30296 29572 21482 6405 1821 15077 1705 514 179397 81970 5073 3144 76897
is_linear=0
shrinkage=0.1


Tree=101
num_leaves=31
num_cat=0
split_feature=123 64 1 62 64 15 4 2 52 0 3 4 2 2 124 12 20 3 3 64 4 6 4 13 123 138 138 6 2 3
split_gain=24.8008 42.7399 88.6707 69.9401 56.6533 42.4071 55.4385 64.4601 35.8875 36.8889 110.651 116.531 53.3716 50.2371 45.3058 42.2258 42.4066 40.0387 40 36.7481 39.9021 36.0063 46.217 32.6536 102.014 73.2167 123.561 112.029 82.8747 109.223
threshold=1884780.0000000002 0.70967744236794983 3320563.0000000005 3333704.5000000005 0.99999908015273153 1.0000000180025095e-35 8752.7500000000018 142075.32500000004 0.013021726942904401 2057541.0000000002 189461.23000000001 31416.910000000003 109191.67500000002 105532.88000000002 7.5000000000000009 1.0000000180025095e-35 2.5000000000000004 232756.76000000004 63686.200000000004 2.9213202628254822e-05 53746.600000000013 9.8333333333333339 2.1250000000000004 517481.50000000006 461172.50000000006 5.5000000000000009 4.5000000000000009 7.8333333333333348 17513.955000000005 25201.920000000002
decision_type=2 2 2 2 2 2 2 2 2 2 2 2 2 2 2 2 2 2 2 2 2 2 2 2 2 2 2 2 2 2
left_child=23 5 -3 4 -4 8 7 -7 9 10 14 17 13 -11 18 16 -14 -12 -2 -13 -21 -18 -23 24 -1 26 28 -27 -25 -30
right_child=1 2 3 -5 -6 6 -8 -9 -10 12 11 19 15 -15 -16 -17 21 -19 -20 20 -22 22 -24 25 -26 27 -28 -29 29 -31
leaf_value=-2.7782102909434937e-05 -0.010947177379001284 -0.0062693177508226401 -0.0095072808468931007 -0.0045787577963867232 0.014698782619014999 5.8388390658554765e-05 0.0042382666285980478 -0.0059029212949623542 -0.029434761348930572 0.0030755915055215638 -0.05589232930072368 -0.038912931237089103 0.0028450347291856695 0.0093697874413285181 0.008977981404017954 0.029843526074313145 -0.0033535105104232328 0.011688092921017577 0.00089018406799586775 0.031970043292247612 -0.031753018779312449 -0.01573380671386072 0.011711813278023278 0.039589737426642561 -0.0045330224641597907 -0.021133329833650693 0.090045429297077692 0.00036470838949956166 -0.012929124712296503 0.0016538577711480596
leaf_weight=1077833 179 6621 1118 10604 3707 1516 2368 2254 518 1325 553 409 14235 178 2417 2174 7804 33 234 168 614 62 7368 3647 6141 7081 1086 32865 6368 86708
leaf_count=1077833 179 6621 1118 10604 3707 1516 2368 2254 518 1325 553 409 14235 178 2417 2174 7804 33 234 168 614 62 7368 3647 6141 7081 1086 32865 6368 86708
internal_value=0 -0.00189067 -0.00548958 -0.00133547 0.00864568 -0.000103736 -0.00781997 -0.015352 0.00113381 0.00149251 -0.00689202 -0.0264497 0.00265788 0.0210698 0.00538855 0.00178334 0.000791146 -0.0629574 -0.0252203 -0.00848709 0.00421631 -0.00287581 0.00210668 9.29477e-05 -9.13509e-05 0.00154317 0.00301649 -0.00206431 0.00263987 0.00206045
internal_weight=0 66459 22050 15429 4825 44409 6138 3770 38271 37753 4607 1777 33146 1503 2830 31643 29469 586 413 1191 782 15234 7430 1.22173e+06 1.08397e+06 137755 97809 39946 96723 93076
internal_count=1288188 66459 22050 15429 4825 44409 6138 3770 38271 37753 4607 1777 33146 1503 2830 31643 29469 586 413 1191 782 15234 7430 1221729 1083974 137755 97809 39946 96723 93076
is_linear=0
shrinkage=0.1


Tree=102
num_leaves=31
num_cat=0
split_feature=67 2 4 4 123 123 3 2 3 13 0 2 2 4 64 4 4 13 1 3 6 4 2 64 64 6 20 64 124 0
split_gain=21.5869 33.4229 40.6046 22.9066 22.2235 104.856 63.2502 57.3252 139.124 75.2999 87.4137 68.24 57.2249 93.2825 125.931 130.553 76.8351 95.0633 71.7528 88.2157 69.9243 64.2276 55.5122 54.672 55.1789 76.7084 68.9958 112.412 51.3152 50.2918
threshold=12.500000000000002 196767.88500000004 29305.660000000003 14920.300000000001 1173448.0000000002 1160277.5000000002 99953.840000000011 109191.67500000002 57438.510000000009 1242196.0000000002 1724201.5000000002 52729.180000000008 452513.92500000005 16845.165000000005 1.0416322033437833 6604.0250000000005 22026.025000000005 2077151.0000000002 3080788.0000000005 110809.84500000002 27.416666666666668 1.1450000000000002 353299.68500000006 4.8126988902010285e-06 0.21100643607872807 4.166666666666667 4.5000000000000009 1.0416322033437833 36.500000000000007 9140794.0000000019
decision_type=2 2 2 2 2 2 2 2 2 2 2 2 2 2 2 2 2 2 2 2 2 2 2 2 2 2 2 2 2 2
left_child=4 -2 3 -3 5 -1 -7 8 9 10 -6 -11 13 14 28 -16 17 22 -17 -20 23 -14 -15 -18 -25 -26 27 -27 -9 -23
right_child=1 2 -4 -5 7 6 -8 12 -10 11 -12 -13 21 16 15 18 20 -19 19 -21 -22 29 -24 24 25 26 -28 -29 -30 -31
leaf_value=0.00013791316997766124 -0.0034654649569851206 0.018606161144354403 0.0041089707934820162 -0.08288503883915814 -0.004503136690654652 -0.0012341666663555277 0.015939253757546047 -0.0010375198682377293 0.0045224531362904104 0.0060351490896301541 -0.018788369580735393 0.00042260578447200824 -0.0091588417908543777 -0.029589238997064893 0.019963432348669555 -0.047259756143509718 -0.083669715075725778 0.0084491700844107672 0.023747630383008457 -0.0037794256742970213 0.057575578782056262 0.0047526502035268358 -0.054442605665881896 -0.0010336473716275967 0.00022285047772681177 -0.031910935340171774 -0.018555979508312153 -0.027443929449850326 -0.013408484826149128 -0.004962528496421959
leaf_weight=1192836 2880 70 330 530 806 405 1239 34182 1892 285 189 4617 207 1378 1063 320 395 217 455 1142 493 19629 262 4778 2050 732 2182 1103 78 11443
leaf_count=1192836 2880 70 330 530 806 405 1239 34182 1892 285 189 4617 207 1378 1063 320 395 217 455 1142 493 19629 262 4778 2050 732 2182 1103 78 11443
internal_value=0 -0.00751991 -0.0240021 -0.0394984 1.84287e-05 0.000132544 0.0253701 -0.00149783 0.006701 -0.000869154 -0.0259508 0.00422189 -0.00227559 -0.00434651 -0.00175863 0.0179587 -0.011438 -0.0303383 0.00237245 0.0110327 -0.00844658 0.00108977 -0.0385684 -0.0100634 -0.00873234 -0.0150624 -0.0230951 -0.0373863 -0.00347368 0.00145962
internal_weight=0 3810 930 600 1.28438e+06 1.19448e+06 1644 89898 7789 5897 995 4902 82109 50830 37240 2980 13590 1857 1917 1597 11733 31279 1640 11240 10845 6067 4017 1835 34260 31072
internal_count=1288188 3810 930 600 1284378 1194480 1644 89898 7789 5897 995 4902 82109 50830 37240 2980 13590 1857 1917 1597 11733 31279 1640 11240 10845 6067 4017 1835 34260 31072
is_linear=0
shrinkage=0.1


Tree=103
num_leaves=31
num_cat=0
split_feature=133 134 3 0 127 2 2 5 3 76 20 4 3 5 3 5 0 20 3 2 20 137 0 0 20 1 0 4 20 20
split_gain=21.4264 30.7121 38.2839 26.8425 57.4062 46.2679 71.675 45.6016 39.1654 36.3375 94.8975 130.337 60.2822 37.4243 35.9668 62.234 55.5812 66.3624 76.6279 49.6525 84.3956 94.7544 93.2604 41.6312 39.0526 38.4746 36.0595 35.1247 37.707 43.4291
threshold=42.000000000000007 4809163.0000000009 480729.49500000005 308.50000000000006 0.88194444444444453 129.22500000000002 72.375000000000014 3.0000000000000004 228713.19000000003 10.500000000000002 7.5000000000000009 1380.7950000000003 29033.090000000004 3.0000000000000004 1198.9350000000002 1.5000000000000002 20465.000000000004 11.500000000000002 435.43000000000006 1830.7700000000002 1.5000000000000002 393.50000000000006 13401.500000000002 35558.500000000007 24.500000000000004 19632.500000000004 52489.000000000007 0.28500000000000009 1.5000000000000002 4.5000000000000009
decision_type=2 2 2 2 2 2 2 2 2 2 2 2 2 2 2 2 2 2 2 2 2 2 2 2 2 2 2 2 2 2
left_child=3 2 -2 4 9 6 -5 27 -6 -1 11 -11 13 -13 15 -7 -17 18 25 20 21 -16 -23 -19 -21 -18 -20 28 -8 -30
right_child=1 -3 -4 5 8 14 7 -9 -10 10 -12 12 -14 -15 19 16 17 23 26 24 -22 22 -24 -25 -26 -27 -28 -29 29 -31
leaf_value=0.0016307233433092705 -0.0020013154214948872 -0.030784410805707981 -0.088597556590140777 -0.0015145278778027295 0.030343136113082883 0.070544731515256309 -0.0016304252306439913 -0.12086963657120289 0.037470794122378706 0.0059489395453119044 0.014116586955645395 -0.11144009436083391 -0.039571547188075325 -0.033570714962403096 -0.0070611833831357275 0.013388131761535216 3.2385193900191727 -0.071836060946638414 -0.002423186752069895 -0.00022008795250198039 -0.0029101935893287578 -0.047360320332369366 -0.013895927567306614 -0.082016423106659436 -0.089144245685087956 -0.068780817346029532 0.03459176563028437 0.020114570238642895 -0.014842540550775597 -0.015533721247575835
leaf_weight=537792 30345 4524 550 13735 1457 14228 1717 323 176 2176 3046 936 1098 231 1919 26780 321 1941 12756 608226 10034 312 2270 1803 274 721 2195 1444 2915 1943
leaf_count=537792 30345 4524 550 13735 1457 14228 1717 323 176 2176 3046 936 1098 231 1919 26780 321 1941 12756 608226 10034 312 2270 1803 274 721 2195 1444 2915 1943
internal_value=0 -0.00243042 -0.0013036 6.36629e-05 0.000589529 -0.000343789 -0.00484957 -0.0121608 0.0193109 0.000533463 -0.00638518 -0.0157091 -0.0325006 -0.048325 -0.000198312 0.00212439 0.00035418 -0.00367228 -0.000866691 -0.000424772 -0.00620091 -0.0175781 -0.0300866 -0.0156567 -0.0002868 -0.0270865 0.000960682 -0.010677 -0.0137785 -0.0182807
internal_weight=0 35419 30895 1.25277e+06 546912 705857 22077 8342 1633 545279 7487 4441 2265 1167 683780 60745 46517 19737 15993 623035 14535 4501 2582 3744 608500 1042 14951 8019 6575 4858
internal_count=1288188 35419 30895 1252769 546912 705857 22077 8342 1633 545279 7487 4441 2265 1167 683780 60745 46517 19737 15993 623035 14535 4501 2582 3744 608500 1042 14951 8019 6575 4858
is_linear=0
shrinkage=0.1


Tree=104
num_leaves=31
num_cat=0
split_feature=26 6 20 20 3 105 20 90 94 3 94 64 137 20 3 3 105 4 137 124 6 52 64 13 20 2 2 138 6 20
split_gain=21.0607 25.3043 63.301 68.9638 50.5222 48.4543 46.3116 50.0572 40.8713 39.1703 38.8726 38.5323 43.6969 55.9316 63.0392 36.3442 34.8356 34.753 80.7474 63.312 113.082 59.8449 60.2914 60.9596 87.8648 57.2044 56.3649 55.9608 126.25 58.2251
threshold=2.5000000000000004 10.16666666666667 14.500000000000002 20.500000000000004 14962.415000000003 4897042.5000000009 5.5000000000000009 1.007078335151786 1599.4475446428573 186245.56000000003 151834.00000000003 0.82975038811804525 824193.50000000012 2.5000000000000004 402254.5450000001 153674.19500000004 1277579.5000000002 12770.470000000001 27759.500000000004 7.5000000000000009 7.8333333333333348 0.005201813440008282 124.69489994748817 1.5000000000000002 7.5000000000000009 333407.9150000001 220810.12000000002 4.5000000000000009 7.416666666666667 21.500000000000004
decision_type=2 2 2 2 2 2 2 2 2 2 2 2 2 2 2 2 2 2 2 2 2 2 2 2 2 2 2 2 2 2
left_child=1 6 5 4 -4 11 10 8 17 -10 16 -3 13 -13 -15 -14 -1 18 21 27 26 22 -8 -24 -25 -22 -21 29 -29 -19
right_child=-2 2 3 -5 -6 -7 7 -9 9 -11 -12 12 15 14 -16 -17 -18 19 -20 20 25 -23 23 24 -26 -27 -28 28 -30 -31
leaf_value=0.00069596129621350982 0.039472803778702575 -0.0012201229331776147 0.093043616242014807 -0.015323033748219528 -0.0042124092646340207 0.077199413540169515 0.0010491498980968494 -0.033549973769540213 -0.022458493506038769 0.0023890915920989006 0.073887384370120504 -0.0053259649310597014 0.069955288720690637 -0.001715768558675579 0.024302788446085563 -0.0043529239146895236 -0.013888436111935121 0.0016078492916769436 -0.011244272756043269 -0.0051130972571348521 0.025152833263718567 -0.028322132535894707 -0.022743184664316074 0.0030970255153585746 -0.030463529655633384 -0.014281775088266051 -0.026958129602929579 -0.0085228758457170234 0.0071901763783108995 0.0099395022343154466
leaf_weight=596938 28296 441573 8776 4747 3151 61 72300 1178 5568 2282 155 20532 1010 15342 662 1027 813 19482 31715 1023 1980 1852 399 2355 1009 1404 1692 3792 5663 11411
leaf_count=596938 28296 441573 8776 4747 3151 61 72300 1178 5568 2282 155 20532 1010 15342 662 1027 813 19482 31715 1023 1980 1852 399 2355 1009 1404 1692 3792 5663 11411
internal_value=0 -7.23295e-05 -0.000627683 0.00542954 0.00948682 -0.000838005 0.000289323 -0.00119325 -0.00104565 -0.00808639 0.000698718 -0.000849327 -0.00388032 -0.00467505 -0.000243359 0.0103741 0.000685734 -0.000691526 -0.0016628 0.00160099 -0.00789513 6.86983e-05 0.000501149 -0.0118396 -0.00745623 0.00430146 -0.0230971 0.00303642 -0.00369536 0.00509673
internal_weight=0 1.25989e+06 496881 16674 11927 480207 763011 165105 163927 7850 597906 480146 38573 36536 16004 2037 597751 156077 109630 46447 6099 77915 76063 3763 3364 3384 2715 40348 9455 30893
internal_count=1288188 1259892 496881 16674 11927 480207 763011 165105 163927 7850 597906 480146 38573 36536 16004 2037 597751 156077 109630 46447 6099 77915 76063 3763 3364 3384 2715 40348 9455 30893
is_linear=0
shrinkage=0.1


Tree=105
num_leaves=31
num_cat=0
split_feature=146 0 106 105 0 13 3 88 146 4 4 64 62 134 6 3 20 2 46 2 134 134 134 134 2 134 20 20 2 0
split_gain=21.0091 31.0972 20.8144 23.5536 28.4515 21.0034 20.7579 49.4191 20.2976 46.9834 21.1704 60.252 93.9313 53.8552 41.84 40.4562 82.6805 70.4256 62.2986 49.7723 74.2526 60.3411 43.6968 55.0028 43.7482 42.7384 40.1405 39.8057 88.8498 301.963
threshold=884814.00000000012 2722724.5000000005 6.5000000000000009 1277579.5000000002 2290598.0000000005 2701869.0000000005 389293.33000000002 2543859.5000000005 123585.00000000001 150021.68000000002 131861.36500000002 0.00010403432896337344 384415.50000000006 1092016.5000000002 20.416666666666668 228713.19000000003 3.5000000000000004 367681.26000000007 1.0000000180025095e-35 216530.95500000005 4809163.0000000009 4732619.0000000009 3852732.0000000005 8504967.0000000019 766910.03500000003 27013644.500000004 6.5000000000000009 1.0000000180025095e-35 8.0850000000000026 45.500000000000007
decision_type=2 2 2 2 2 2 2 2 2 2 2 2 2 2 2 2 2 2 2 2 2 2 2 2 2 2 2 2 2 2
left_child=2 -2 3 8 -5 -6 7 -4 10 -10 13 15 14 27 26 16 19 -17 22 -12 21 -21 -19 -24 -25 -26 -13 28 29 -1
right_child=1 -3 6 4 5 -7 -8 -9 9 -11 11 12 -14 -15 -16 17 -18 18 -20 20 -22 -23 23 24 25 -27 -28 -29 -30 -31
leaf_value=0.00030553478542756364 0.046242701145854138 -0.01950495074298874 0.035707169166930217 0.017283044969439634 -0.021764237279316628 -0.0046167089903422108 -0.027982996526602057 0.066243308485976121 -0.022667882102839709 0.033480824890282264 -0.0024203939827969201 -0.027288778812404837 -0.001117561163780073 -0.037581342119055443 0.0070025067913555396 -0.0099045587913293431 0.031992167823881736 -0.0062341456864511979 0.013345901875010746 0.011125574131978944 -0.036295352314372337 0.022773938711961074 0.026081440831329863 -0.029498733133916336 0.016174228155741145 -0.008460483967598657 -0.0012670911127931229 -0.00019830335455318926 0.0020362948816475736 -0.037839488792175441
leaf_weight=11391 2030 123 2696 33 331 404 82 87 5665 1420 73248 10369 24269 3559 520 42798 1620 52417 32261 44105 4720 1862 10958 4199 5255 8012 2733 618457 320073 2491
leaf_count=11391 2030 123 2696 33 331 404 82 87 5665 1420 73248 10369 24269 3559 520 42798 1620 52417 32261 44105 4720 1862 10958 4199 5255 8012 2733 618457 320073 2491
internal_value=0 0.00986684 -1.9717e-05 -3.87268e-05 -0.017546 -0.0216244 0.00849432 0.00995542 -2.82421e-05 -0.00536589 1.41109e-06 -0.00070352 -0.00444714 0.000236896 -0.0110929 -0.000199535 0.00113643 -0.00127546 3.19716e-05 0.000843037 0.00325209 0.00447856 -0.00145064 0.00170656 -0.00177776 0.00103783 -0.012197 0.000282778 0.00116255 -0.00666963
internal_weight=0 2153 1.28604e+06 1.28317e+06 768 735 2865 2783 1.2824e+06 7085 1.27532e+06 319346 37891 955971 13622 281455 125555 155900 113102 123935 50687 45967 80841 28424 17466 13267 13102 952412 333955 13882
internal_count=1288188 2153 1286035 1283170 768 735 2865 2783 1282402 7085 1275317 319346 37891 955971 13622 281455 125555 155900 113102 123935 50687 45967 80841 28424 17466 13267 13102 952412 333955 13882
is_linear=0
shrinkage=0.1


Tree=106
num_leaves=31
num_cat=0
split_feature=64 1 62 2 1 63 2 62 62 20 3 5 2 4 0 3 6 138 4 4 2 64 4 137 62 62 0 124 3 4
split_gain=20.3678 54.1901 116.341 163.956 65.2386 56.5813 57.0887 58.6804 56.9004 55.3275 52.8607 109.752 58.7985 46.5083 44.931 88.5447 65.0708 43.5358 97.1888 42.8305 42.4762 40.5002 47.5634 40.17 39.5762 39.4903 35.4963 54.8594 47.7843 46.7549
threshold=2.8198385391925713 543718.00000000012 440469.00000000006 114991.37000000001 652516.50000000012 0.954604902284514 23334.280000000002 30513.000000000004 4524620.5000000009 2.5000000000000004 43612.075000000004 1.5000000000000002 4416.2650000000003 512.5100000000001 146903.50000000003 121500.42000000001 5.416666666666667 8.5000000000000018 26222.835000000003 22744.395000000004 367681.26000000007 93.377188581430289 199877.81500000003 48363.500000000007 135.50000000000003 241816.50000000003 30196322.500000004 9.5000000000000018 938940.65500000014 114196.70000000003
decision_type=2 2 2 2 2 2 2 2 2 2 2 2 2 2 2 2 2 2 2 2 2 2 2 2 2 2 2 2 2 2
left_child=-1 2 10 9 -3 20 7 -7 17 -4 11 12 -2 -13 -12 16 25 24 -19 -17 -6 -20 -23 -9 -8 -16 29 -28 -29 -26
right_child=1 4 3 -5 5 6 8 23 -10 -11 14 13 -14 -15 15 19 -18 18 21 -21 -22 22 -24 -25 26 -27 27 28 -30 -31
leaf_value=0.00013987004704720806 -0.00034250312105643665 0.0090858327886842449 -0.01349107366139133 -0.0015256878866641444 0.026968373235832534 -0.0029065007879823853 -0.029285380857962347 -0.065733294953618321 -0.0085661110455459658 -0.01246272259820423 -0.0064382678746555998 0.055813835255171501 -0.043064907986978374 0.0054149479127608927 -0.0093999754885588441 0.0073406831244595492 -0.00040468727930709561 -0.010130867240276632 0.014256613200059371 0.00063569623032013107 -0.0087447901885203908 0.055819634814117516 0.0098925829094342003 0.022282056060533496 0.00097384697487822914 -0.012596110126526295 -0.021657540432108036 0.046721324707546114 -0.049320897334180241 -0.010771799591733577
leaf_weight=1205776 3105 2149 797 1235 1103 914 115 580 2808 285 12066 1985 1992 4593 458 1741 2748 836 413 2419 486 527 227 110 26494 694 4106 702 393 6331
leaf_count=1205776 3105 2149 797 1235 1103 914 115 580 2808 285 12066 1985 1992 4593 458 1741 2748 836 413 2419 486 527 227 110 26494 694 4106 702 393 6331
internal_value=0 -0.00152746 -0.0045783 -0.026212 0.000627855 -0.000165306 -0.000826582 -0.0193496 -0.000134859 -0.0546318 -0.00300208 0.00235091 -0.00866367 0.0108856 -0.00610732 -0.000326254 -0.0111513 0.000827759 0.0151981 0.00982219 0.0183771 0.033842 0.0476294 -0.0413633 7.30888e-05 -0.0311013 0.000250234 -0.00742533 0.0124624 0.0014664
internal_weight=0 82412 34118 2317 48294 46145 44556 1604 42952 1082 31801 11675 5097 6578 20126 8060 3900 40144 2003 4160 1589 1167 754 690 38141 1152 38026 5201 1095 32825
internal_count=1288188 82412 34118 2317 48294 46145 44556 1604 42952 1082 31801 11675 5097 6578 20126 8060 3900 40144 2003 4160 1589 1167 754 690 38141 1152 38026 5201 1095 32825
is_linear=0
shrinkage=0.1


Tree=107
num_leaves=31
num_cat=0
split_feature=63 64 4 63 137 1 62 0 17 1 6 85 6 13 20 3 6 138 3 3 62 3 4 20 140 1 62 17 20 127
split_gain=22.326 54.5248 48.3723 38.9404 51.1155 31.2441 41.772 34.3969 26.1114 31.8118 39.7136 51.0855 36.1611 29.7867 33.5102 27.6006 24.9341 114.178 96.5763 106.088 103.707 70.6615 64.441 106.479 130.808 87.038 61.7194 56.3034 80.2832 72.1646
threshold=15363.214285714288 28504.261843062381 9708.4100000000017 2032.0197368421057 44.500000000000007 543718.00000000012 323395.50000000006 999556.50000000012 1.5000000000000002 1875645.5000000002 2.2500000000000004 10.500000000000002 11.833333333333334 2.5000000000000004 5.5000000000000009 125281.64000000001 5.7500000000000009 4.5000000000000009 121500.42000000001 480729.49500000005 4516013.5000000009 64694.055000000008 60808.94000000001 3.5000000000000004 0.095454545454545472 3759965.0000000005 6004052.5000000009 2.5000000000000004 6.5000000000000009 0.78888888888888908
decision_type=2 2 2 2 2 2 2 2 2 2 2 2 2 2 2 2 2 2 2 2 2 2 2 2 2 2 2 2 2 2
left_child=3 2 5 16 -5 6 -2 -7 9 13 -11 -12 -13 14 -3 -16 17 18 20 -20 21 -1 23 24 25 -23 -21 -25 29 -29
right_child=1 8 -4 4 -6 7 -8 -9 -10 10 11 12 -14 -15 15 -17 -18 -19 19 26 -22 22 -24 27 -26 -27 -28 28 -30 -31
leaf_value=0.00015740084262110267 -0.010443587411517947 0.013323706503351174 0.0050134486516300886 9.8261635158314981e-05 0.012036184828233688 -0.00058937573416137921 -0.020376712630351103 -0.0053218404212293799 -0.0023956713774963153 0.0024769400775110639 -0.0026957525725930798 0.0060222351640207838 -0.0023232959383175044 0.0014649851155372688 -0.018673682560720269 -0.0038517791919545491 -0.00038051577596222232 0.028239511404736586 0.003460306152359214 -0.00059468303844976153 -0.010459232699433434 -0.0066433943127680141 0.0042986655738758983 -0.00040664864619256171 -0.042439004245651661 0.010976708488721463 -0.025150523030626083 -0.0084046819263995046 -0.0036219845740567361 -0.019940431822857121
leaf_weight=178556 193 588 491 2616 1665 553 249 293 1093 582 2247 215 142 3959 353 402 971411 12792 53077 20945 106 6853 8641 14776 647 683 2193 329 1340 198
leaf_count=178556 193 588 491 2616 1665 553 249 293 1093 582 2247 215 142 3959 353 402 971411 12792 53077 20945 106 6853 8641 14776 647 683 2193 329 1340 198
internal_value=0 -0.00441512 -0.0204929 3.77516e-05 0.0095591 -0.0306739 -0.0522216 -0.0194162 -0.0014298 0.00044354 -0.00745394 -0.0127322 0.0224074 0.00518918 -0.00767986 -0.02162 5.72065e-06 0.000800744 0.000390612 0.00344384 -0.000706371 -0.000656932 -0.00487369 -0.00746251 -0.0168023 -0.0130977 -0.00220686 -0.00287033 -0.0192331 -0.0522996
internal_weight=0 11360 1779 1.27683e+06 4281 1288 442 846 9581 8488 3186 2604 357 5302 1343 755 1.27255e+06 301136 288344 76215 212129 212023 33467 24826 8183 7536 23138 16643 1867 527
internal_count=1288188 11360 1779 1276828 4281 1288 442 846 9581 8488 3186 2604 357 5302 1343 755 1272547 301136 288344 76215 212129 212023 33467 24826 8183 7536 23138 16643 1867 527
is_linear=0
shrinkage=0.1


Tree=108
num_leaves=31
num_cat=0
split_feature=123 1 2 64 0 64 3 3 4 64 64 124 123 20 3 0 4 0 20 3 1 127 20 20 0 6 4 64 6 124
split_gain=21.3851 66.9969 81.384 91.545 100.957 106.294 81.2005 80.4246 104.371 67.2209 127.116 69.5587 60.3956 69.9262 54.9228 54.3377 53.3693 52.8044 73.3548 79.1263 52.9994 52.4448 60.2357 57.3248 50.6088 70.5288 50.3984 168.692 74.6601 63.5926
threshold=355403.00000000006 517458.00000000006 128900.28000000001 1.0000128766417722 3579328.0000000005 0.00033604190982260471 16752.020000000004 15406.115000000002 9201.5250000000033 4.8126988902010285e-06 0.00052260761985004078 12.500000000000002 1278917.5000000002 3.5000000000000004 87991.065000000017 687572.00000000012 32095.245000000003 2978889.0000000005 1.5000000000000002 61002.040000000008 1566144.5000000002 0.84523809523809534 23.500000000000004 2.5000000000000004 789643.50000000012 2.2500000000000004 7124.4500000000007 0.0016357794225057547 5.7500000000000009 10.500000000000002
decision_type=2 2 2 2 2 2 2 2 2 2 2 2 2 2 2 2 2 2 2 2 2 2 2 2 2 2 2 2 2 2
left_child=-1 7 3 4 5 12 -7 -2 14 11 -11 15 21 -14 -9 -4 24 18 19 -8 -19 22 -3 -23 25 -10 28 29 -20 -28
right_child=1 2 9 -5 -6 6 17 8 16 10 -12 -13 13 -15 -16 -17 -18 20 26 -21 -22 23 -24 -25 -26 -27 27 -29 -30 -31
leaf_value=0.00021384159191070176 0.0021406117232100285 0.0045825207436796965 0.0079340427036621464 0.023620187471782995 -0.0017176581976401284 -0.02421367589951445 0.00031551553434650453 -0.0093141839933448718 -0.017637210808652017 0.0085426495377401886 -0.0013810844228948627 -0.017952537555085333 0.0023705928060797233 0.0096912811012341959 0.0012323056793560948 -0.0018736678071327236 -0.0065297238741882802 0.0083673331233899747 -0.004422659277582586 -0.016730952617123821 0.0036045044790512857 -0.0067452952075947262 -0.0099884314756958012 0.0011197902219131899 0.0050282137634228459 0.0013922625752609719 0.064423305533799713 0.010257256272563735 0.0014778362396589808 -0.032066599992755115
leaf_weight=1149418 5064 3041 314 936 4509 962 416 7466 141 6101 75685 1844 1817 673 1133 5786 1751 239 1761 384 1473 397 148 1099 1163 2871 50 3313 7997 236
leaf_count=1149418 5064 3041 314 936 4509 962 416 7466 141 6101 75685 1844 1817 673 1133 5786 1751 239 1761 384 1473 397 148 1099 1163 2871 50 3313 7997 236
internal_value=0 -0.00117772 -0.000286917 0.00427434 0.00326423 0.005843 0.00149839 -0.00659744 -0.0103808 -0.001784 -0.000930976 -0.0105662 0.0160345 0.0286193 -0.0174178 -0.00542137 -0.000169663 0.00320855 0.00120257 -0.0282103 0.0197966 0.00934589 0.0165925 -0.00610161 0.00597616 -0.000865274 0.00296422 0.0130787 -0.000766257 -0.0606071
internal_weight=0 138770 119181 29451 28515 24006 16831 19589 14525 89730 81786 7944 7175 2490 8599 6100 5926 15869 14157 800 1712 4685 3189 1496 4175 3012 13357 3599 9758 286
internal_count=1288188 138770 119181 29451 28515 24006 16831 19589 14525 89730 81786 7944 7175 2490 8599 6100 5926 15869 14157 800 1712 4685 3189 1496 4175 3012 13357 3599 9758 286
is_linear=0
shrinkage=0.1


Tree=109
num_leaves=31
num_cat=0
split_feature=75 94 20 90 75 2 94 4 2 13 2 0 0 5 0 2 2 20 20 137 20 138 136 1 20 0 8 13 137 0
split_gain=20.1344 32.4045 30.4044 29.4025 28.0875 27.0338 22.0616 21.2279 20.4819 93.5524 44.7583 50.4804 32.5231 29.6706 36.874 28.3464 118.696 79.3082 69.1207 247.548 130.383 108.581 67.1014 59.1877 55.7177 57.3612 56.3392 46.8772 43.0305 40.6995
threshold=17.500000000000004 4486.0000000000009 2.5000000000000004 209.68136139359893 126.50000000000001 41481.350000000006 55692.500000000007 1.1450000000000002 1.3050000000000004 3.5000000000000004 1.2050000000000003 16.500000000000004 25.500000000000004 1.0000000180025095e-35 4.5000000000000009 72.375000000000014 129.22500000000002 1.5000000000000002 1.0000000180025095e-35 45.500000000000007 3.5000000000000004 7.5000000000000009 1.0000000180025095e-35 1550.5000000000002 4.5000000000000009 2489.5000000000005 1.0000000180025095e-35 35.500000000000007 18.500000000000004 45.500000000000007
decision_type=2 2 2 2 2 2 2 2 2 2 2 2 2 2 2 2 2 2 2 2 2 2 2 2 2 2 2 2 2 2
left_child=8 3 4 -2 5 -3 7 -4 9 -1 11 13 -12 -11 -15 18 17 -17 19 21 22 -10 -20 -24 25 26 28 29 -19 -23
right_child=1 2 6 -5 -6 -7 -8 -9 15 10 12 -13 -14 14 -16 16 -18 24 20 -21 -22 27 23 -25 -26 -27 -28 -29 -30 -31
leaf_value=0.048184219633732851 -0.0029854207067727904 -0.010575429272409981 -0.14289222989310243 -0.042589868873309025 0.010664718598233463 -0.048020664138219232 -0.037151794675658233 0.003806318466093089 0.012788181037449787 -0.029809103589451758 -0.0084511289453215351 0.0041441743979522714 -0.029955869117335655 0.016069617549259618 -0.044339279400695986 0.0068672951264456272 0.000106750279052567 -0.040660288793855616 -0.031265869541483936 -0.025324534409205637 -0.00082518151125492438 -0.0083871222572022841 0.072176686278551297 -0.10188894758333805 -0.015485274739359589 -0.011199888148637245 0.047846040545505543 -0.04080442985655533 -0.048278989522716802 -0.22724558611193563
leaf_weight=4423 21377 278 25 320 132 573 139 900 7430 489 2774 2166 1200 1971 4512 2460 1181363 556 2637 1620 25631 2501 13963 542 2947 3455 180 546 305 773
leaf_count=4423 21377 278 25 320 132 573 139 900 7430 489 2774 2166 1200 1971 4512 2460 1181363 556 2637 1620 25631 2501 13963 542 2947 3455 180 546 305 773
internal_value=0 -0.00288437 -0.0149116 -0.00174966 -0.0275912 -0.0342485 -0.00319737 0.00238456 5.48449e-05 -0.00333906 -0.00758133 -0.00372841 -0.0164409 -0.00787114 -0.0060795 0.000102573 -4.73755e-07 -0.0109029 0.0023087 -0.00411661 0.00424202 0.00114624 0.0109932 0.0136608 -0.0160477 -0.0230525 -0.0436301 -0.0125551 -0.054267 -0.00803129
internal_weight=0 23744 2047 21697 983 851 1064 925 1.26444e+06 17535 13112 9138 3974 6972 6483 1.24691e+06 1.19127e+06 9903 55643 12870 42773 11250 17142 14505 7443 4496 1041 3820 861 3274
internal_count=1288188 23744 2047 21697 983 851 1064 925 1264444 17535 13112 9138 3974 6972 6483 1246909 1191266 9903 55643 12870 42773 11250 17142 14505 7443 4496 1041 3820 861 3274
is_linear=0
shrinkage=0.1


Tree=110
num_leaves=31
num_cat=0
split_feature=128 3 21 3 13 12 1 20 3 1 2 67 2 4 66 62 4 88 2 20 105 4 0 118 3 90 3 88 17 129
split_gain=19.7474 33.8271 25.7258 28.1489 24.5571 35.2959 28.4687 22.408 30.1056 21.0304 20.4234 19.623 28.2769 35.8358 20.902 28.2698 28.3191 26.5005 29.2015 30.5849 29.0948 36.497 27.7279 24.6876 48.8848 21.9537 21.6807 32.5133 21.3209 30.7612
threshold=0.17424242424242428 16395.335000000003 2.5000000000000004 198366.82500000004 1200.5000000000002 1.0000000180025095e-35 526211.50000000012 4.5000000000000009 42464.335000000006 88888.500000000015 502801.99000000005 12.500000000000002 196767.88500000004 29305.660000000003 386359.00000000006 509023.50000000006 883.62000000000012 418610.00000000006 292416.97000000003 1.5000000000000002 275726.50000000006 0.43500000000000005 2528452.0000000005 0.5634920634920636 41479.170000000006 0.44814404085516701 431257.85500000004 4744789.5000000009 2.5000000000000004 1.0000000180025095e-35
decision_type=2 2 2 2 2 2 2 2 2 2 2 2 2 2 2 2 2 2 2 2 2 2 2 2 2 2 2 2 2 2
left_child=11 -2 4 -4 5 -3 7 8 9 -6 -10 14 -13 -14 17 -16 -17 20 19 -19 23 22 -22 28 25 -25 27 -20 -1 -30
right_child=1 2 3 -5 6 -7 -8 -9 10 -11 -12 12 13 -15 15 16 -18 18 26 -21 21 -23 -24 24 -26 -27 -28 -29 29 -31
leaf_value=0.00011919850590681459 0.017163914447162833 0.0090438162044755056 0.03077999109137506 -0.028134754760784184 0.00037301770168851611 -0.030021281100035171 -0.0010839595643456934 -0.0044955207197574509 -0.024953761333278167 -0.014297946048702138 0.0049195301842650356 -0.0030584199022167138 -0.062688314060021608 0.0036702080163742851 0.020422815292778562 -0.0093629235332779916 0.0076509802283267429 -0.023338646517024376 0.0066549139143740948 0.0011399371118441654 0.023637857440274048 0.015877236964708219 -0.011980514282094113 0.033545024405658076 -0.0033569211617478002 -0.085277238059356372 -0.010040270120051887 0.059869319936290792 -0.0018701552852565684 0.0017755548844145244
leaf_weight=1213431 1035 1207 355 128 611 233 1513 1084 1039 478 82 2880 600 330 4481 267 342 1755 1515 906 265 1801 26 2058 1945 109 2426 72 35994 9220
leaf_count=1213431 1035 1207 355 128 611 233 1513 1084 1039 478 82 2880 600 330 4481 267 342 1755 1515 906 265 1801 26 2058 1945 109 2426 72 35994 9220
internal_value=0 -0.00502787 -0.00761623 0.0146189 -0.00933538 0.00211998 -0.012767 -0.0179826 -0.023759 -0.0119172 -0.0352627 3.03391e-05 -0.00713559 -0.0222959 5.17255e-05 0.00644713 -0.0137682 2.61242e-05 -0.00625867 -0.0143818 5.92861e-05 0.0118426 0.0447019 3.97648e-05 0.00777556 0.0181053 -0.000872286 0.00821552 1.44919e-05 -0.00211768
internal_weight=0 7765 6730 483 6247 1440 4807 3294 2210 1089 1121 1.28042e+06 3810 930 1.27661e+06 5090 609 1.27152e+06 6674 2661 1.26485e+06 2092 291 1.26276e+06 4112 2167 4013 1587 1.25864e+06 45214
internal_count=1288188 7765 6730 483 6247 1440 4807 3294 2210 1089 1121 1280423 3810 930 1276613 5090 609 1271523 6674 2661 1264849 2092 291 1262757 4112 2167 4013 1587 1258645 45214
is_linear=0
shrinkage=0.1


Tree=111
num_leaves=31
num_cat=0
split_feature=97 3 97 8 64 4 18 20 8 3 2 3 63 64 4 63 13 64 0 1 62 0 6 6 2 6 63 4 1 85
split_gain=19.7257 39.8875 45.1951 48.721 32.899 29.3046 19.556 39.8448 49.6395 91.6416 29.925 21.3926 20.0603 49.0041 47.3657 27.5586 26.2652 32.8102 31.8611 26.0173 30.8158 25.1619 24.1624 33.6618 27.7524 23.9098 33.7868 22.4979 22.4769 31.7431
threshold=1.0000000180025095e-35 129651.87000000001 4.5000000000000009 1.0000000180025095e-35 3.0792109783081876 36398.500000000007 1.5000000000000002 4.5000000000000009 1.0000000180025095e-35 26464.000000000004 259703.39000000004 82324.425000000017 20241.452380952385 28504.261843062381 9708.4100000000017 1249.8675015683818 44.500000000000007 470.27272727272731 47719121.000000007 543718.00000000012 392018.00000000006 999556.50000000012 5.7500000000000009 2.2500000000000004 122503.00000000001 7.8333333333333348 42755.51315789474 9201.5250000000033 1811657.0000000002 10.500000000000002
decision_type=2 2 2 2 2 2 2 2 2 2 2 2 2 2 2 2 2 2 2 2 2 2 2 2 2 2 2 2 2 2
left_child=6 4 -3 -4 -2 -6 12 8 9 -8 11 -11 15 14 19 -1 -17 -18 -19 20 -14 -21 23 24 -15 28 -27 -25 -24 -30
right_child=1 2 3 -5 5 -7 7 -9 -10 10 -12 -13 13 22 -16 16 17 18 -20 21 -22 -23 25 27 -26 26 -28 -29 29 -31
leaf_value=3.046996331397406e-05 0.036702300189912294 0.017990897733839464 -0.046628402823356417 -0.0056010044969435242 0.0049790150426826663 -0.052047618232051146 -0.01293970015392173 0.0012830604039970829 -0.0010176105531501944 -0.037335350724583452 -0.0032494893078227061 -0.036608044616707566 -0.011857426994026055 -0.01103718044917075 0.0077950915881462969 9.6927982511623033e-05 -0.020895079515356144 0.010488689131594509 -0.046820517318602844 -0.0008181939935199287 -0.023698016444471101 -0.0048683435783322317 0.0052992849893085982 -0.0029551971250891262 0.0029002213809333432 -0.0015444357769948938 0.00063955065226046701 -0.0031958942775176542 -0.00078138194796958493 0.0087138954252621824
leaf_weight=1253161 2692 453 232 1138 143 107 2043 7243 3247 680 223 315 178 165 378 3152 174 2180 162 413 168 288 1294 1597 903 1056 1940 1760 663 40
leaf_count=1253161 2692 453 232 1138 143 107 2043 7243 3247 680 223 315 178 165 378 3152 174 2180 162 413 168 288 1294 1597 903 1056 1940 1760 663 40
internal_value=0 0.00642228 -0.00520062 -0.0142546 0.0136244 -0.0210763 -2.37064e-05 -0.00377459 -0.00945336 -0.0181681 -0.0398792 -0.0472997 1.69171e-05 -0.00426592 -0.0215487 5.38076e-05 0.007011 0.0146303 0.0177429 -0.0325033 -0.054941 -0.0214285 -0.00165093 -0.00703134 0.00843197 0.0031174 -0.00253231 -0.0119509 0.0115934 -0.0028002
internal_weight=0 4765 1823 1370 2942 250 1.28342e+06 13751 6508 3261 1218 995 1.26967e+06 10843 1425 1.25883e+06 5668 2516 2342 1047 346 701 9418 4425 1068 4993 2996 3357 1997 703
internal_count=1288188 4765 1823 1370 2942 250 1283423 13751 6508 3261 1218 995 1269672 10843 1425 1258829 5668 2516 2342 1047 346 701 9418 4425 1068 4993 2996 3357 1997 703
is_linear=0
shrinkage=0.1


Tree=112
num_leaves=31
num_cat=0
split_feature=146 0 2 122 3 5 20 64 2 20 3 20 4 92 20 5 2 20 2 0 20 4 62 3 0 4 20 0 13 13
split_gain=18.8261 30.4375 19.4802 88.8621 93.3242 90.6969 102.5 86.4353 78.4657 80.238 104.223 101.292 126.542 95.9631 95.7391 85.9204 85.615 92.4189 72.7668 71.5729 89.7212 70.6344 62.127 60.9763 98.0712 64.0189 73.1381 150.374 58.3049 112.206
threshold=884814.00000000012 2722724.5000000005 24122.055000000004 1.0000000180025095e-35 10143.275000000001 1.5000000000000002 14.500000000000002 2.153960090072895 14762.040000000003 9.5000000000000018 7661.8700000000017 1.0000000180025095e-35 0.29500000000000004 0.99122807017543868 8.5000000000000018 3.0000000000000004 1967.5800000000002 7.5000000000000009 7107.7850000000008 67558.500000000015 1.5000000000000002 2313.5400000000004 15971.500000000002 1278.0100000000002 60004.500000000007 1.0000000180025095e-35 1.5000000000000002 47659.500000000007 146902.50000000003 150060.00000000003
decision_type=2 2 2 2 2 2 2 2 2 2 2 2 2 2 2 2 2 2 2 2 2 2 2 2 2 2 2 2 2 2
left_child=2 -2 3 5 -5 7 8 -1 9 10 14 12 -12 -13 15 16 23 28 -11 -6 -21 22 -9 -7 25 26 27 -25 -18 -30
right_child=1 -3 -4 4 19 6 -8 21 -10 18 11 13 -14 -15 -16 -17 17 -19 -20 20 -22 -23 -24 24 -26 -27 -28 -29 29 -31
leaf_value=0.021623021676165723 0.041595469570141819 -0.01757741712981677 -0.00027974869386772561 0.045576653441170879 0.015205573313135457 0.0002481930407497224 0.052804963620028712 0.011682394874977931 0.0065158255584303326 -0.053462322215677108 0.071123762004895896 -0.015530577058823436 -0.018271606028176412 0.048140305117887916 0.042656711392196484 -0.01070658631817858 0.058971181070435863 -0.036023421215780151 0.074990352938344468 -0.0083205595095680266 0.0016210131083556957 -0.048115651609780985 -0.019441972205289565 -0.048317443481378272 0.0101844586344093 -0.0039433048532572903 -0.011174708427265957 -0.012241993736429702 -0.11224326955563742 0.0076346918862736151
leaf_weight=90720 2030 123 903110 6674 3792 83307 11027 3436 32951 16652 1467 20864 2782 2777 3730 48146 21154 584 2105 2293 6605 1242 1938 604 4490 1752 1606 2001 780 7446
leaf_count=90720 2030 123 903110 6674 3792 83307 11027 3436 32951 16652 1467 20864 2782 2777 3730 48146 21154 584 2105 2293 6605 1242 1938 604 4490 1752 1606 2001 780 7446
internal_value=0 0.00934624 -1.25784e-05 0.000585123 0.00718586 0.000233554 -0.000721483 0.00284569 -0.00112936 -0.00180453 -0.00122766 -0.00690635 0.00730884 -0.00946124 -0.000325731 -0.000669714 0.000725052 0.00537831 -0.00806291 0.0021513 -0.00275136 -0.00818907 -0.00322174 -0.000762044 -0.00796137 -0.0163664 -0.0230498 -0.0333976 0.00616131 -0.000982484
internal_weight=0 2153 1.28604e+06 382925 19364 363561 266225 97336 255198 222247 203490 27890 4249 23641 175600 171870 123724 29964 18757 12690 8898 6616 5374 93760 10453 5963 4211 2605 29380 8226
internal_count=1288188 2153 1286035 382925 19364 363561 266225 97336 255198 222247 203490 27890 4249 23641 175600 171870 123724 29964 18757 12690 8898 6616 5374 93760 10453 5963 4211 2605 29380 8226
is_linear=0
shrinkage=0.1


Tree=113
num_leaves=31
num_cat=0
split_feature=75 94 20 0 90 133 134 3 134 123 1 64 20 64 4 4 3 2 4 6 62 3 4 4 6 0 3 3 13 0
split_gain=19.6377 29.7501 26.2836 26.2907 23.4765 19.7693 29.3212 61.6597 26.1446 20.9152 56.2318 66.1046 125.492 101.92 161.215 190.288 87.6792 111.906 87.9041 77.6113 65.9786 65.7011 89.0519 73.0351 63.9232 56.455 68.5459 55.8027 124.096 94.4807
threshold=17.500000000000004 4213.8684210526326 2.5000000000000004 12335682.000000002 209.68136139359893 34.000000000000007 114467.00000000001 330774.81000000006 1022.5000000000001 355403.00000000006 517458.00000000006 0.00096641265239213266 14.500000000000002 0.0016357794225057547 14920.300000000001 26222.835000000003 180010.91500000004 452513.92500000005 43048.525000000001 5.416666666666667 4277006.0000000009 15406.115000000002 6118.9750000000013 3273.5200000000009 5.416666666666667 3579328.0000000005 17089.615000000002 86300.340000000011 1761009.5000000002 4494521.0000000009
decision_type=2 2 2 2 2 2 2 2 2 2 2 2 2 2 2 2 2 2 2 2 2 2 2 2 2 2 2 2 2 2
left_child=5 4 3 -3 -2 9 7 -7 -9 -1 21 12 16 14 -13 -16 18 24 19 20 -12 -11 23 -23 -18 26 -15 28 -27 -30
right_child=1 2 -4 -5 -6 6 -8 8 -10 10 11 13 -14 25 15 -17 17 -19 -20 -21 -22 22 -24 -25 -26 27 -28 -29 29 -31
leaf_value=0.00045871025497459252 -0.0029776096892266237 -0.02968818778512089 -0.0025249597091901526 0.163198357802007 -0.036519167609549499 0.0058969662566026315 -0.0074525212322658525 -0.08521368930391203 0.0054350252723611714 0.0018726706065730792 0.00012317041424749235 0.006295426729651399 0.008015630938332817 -0.023324476461807336 -0.044736691620844295 0.021290755040177686 -6.908334776611395e-05 0.0039465387606579467 -0.050325094876485822 0.0035998936581361726 -0.0088155134976307826 -0.0059893718795692276 -0.00030825075527772571 -0.012903632239356111 -0.010655336505877114 0.026027896847140221 0.00097012842040599507 -0.001805518723870532 -0.0037558336819968753 -0.013595380273407058
leaf_weight=1055388 21333 982 1084 25 320 24400 43966 1336 584 5064 3927 819 1608 926 606 233 1450 5543 323 8589 263 6928 6509 1088 2761 278 43866 43928 3441 620
leaf_count=1055388 21333 982 1084 25 320 24400 43966 1336 584 5064 3927 819 1608 926 606 233 1450 5543 323 8589 263 6928 6509 1088 2761 278 43866 43928 3441 620
internal_value=0 -0.00284314 -0.0142338 -0.0258661 -0.00174316 5.96017e-05 -0.00157023 0.00106958 -0.0161849 0.000155531 -0.000998609 -0.000182504 0.00445156 -0.00137942 -0.0259549 -0.0567635 0.00255185 -0.00462651 0.0078959 0.00919814 -0.00195966 -0.00596385 -0.00938341 -0.0164391 -0.0169155 -0.000941562 0.00161524 -0.00331429 -0.0141331 -0.0185578
internal_weight=0 23744 2091 1007 21653 1.26444e+06 70286 26320 1920 1.19416e+06 138770 119181 24464 94717 1658 839 22856 9754 13102 12779 4190 19589 14525 8016 4211 93059 44792 48267 4339 4061
internal_count=1288188 23744 2091 1007 21653 1264444 70286 26320 1920 1194158 138770 119181 24464 94717 1658 839 22856 9754 13102 12779 4190 19589 14525 8016 4211 93059 44792 48267 4339 4061
is_linear=0
shrinkage=0.1


Tree=114
num_leaves=31
num_cat=0
split_feature=29 4 62 29 2 20 63 2 4 2 93 3 2 6 4 124 0 5 13 93 94 2 6 15 3 13 94 76 4 3
split_gain=18.5145 21.954 28.2312 21.8482 26.7787 21.5977 34.3885 36.3752 30.1116 23.1071 20.4046 39.34 49.4 40.8828 36.652 32.0919 31.7167 34.1826 61.9055 30.7307 30.4876 26.9464 26.8914 24.1001 23.4332 22.8487 22.6236 21.5306 62.0601 45.4968
threshold=393542.50000000006 114196.70000000003 392018.00000000006 11016.000000000002 1441.8400000000004 1.5000000000000002 0.97907096455549114 43728.115000000013 14212.935000000003 9435.8350000000009 25.500000000000004 344292.25500000006 353299.68500000006 9.1666666666666696 0.8650000000000001 11.500000000000002 2057541.0000000002 1.0000000180025095e-35 142.50000000000003 23.500000000000004 13.000006114263355 46152.250000000007 14.833333333333334 1.0000000180025095e-35 249927.69500000004 5888.5000000000009 151834.00000000003 9.5000000000000018 10428.575000000003 33856.720000000008
decision_type=2 2 2 2 2 2 2 2 2 2 2 2 2 2 2 2 2 2 2 2 2 2 2 2 2 2 2 2 2 2
left_child=3 -2 -3 10 -5 9 -7 8 -8 -6 19 12 14 -14 -12 -15 17 20 -19 26 21 -16 -17 -13 -24 -20 27 -1 -29 -30
right_child=1 2 -4 4 5 6 7 -9 -10 -11 11 23 13 15 16 22 -18 18 25 -21 -22 -23 24 -25 -26 -27 -28 28 29 -31
leaf_value=0.00013263605129937682 0.093503767480449376 -0.020751803628992423 0.059918174425415451 -0.11471540234973916 -0.089359217752214448 0.0036077675647855747 -0.030715524820507059 -0.007068542667096573 -0.058755957955415661 0.021825877030557231 0.0088608040358885871 0.012284397548948866 -0.042718891799859687 0.018882213044188023 -0.009651051348302464 -0.057812730394885076 -0.026318244226986278 -0.018321253653758886 0.011151179228158734 0.016043007521615259 -0.0042856671308278086 -0.032268122642082418 -0.046736814851904673 -0.010662406641429027 0.020712682790886922 0.05227624701112004 -0.026916729020839615 -0.00044199404546501069 -0.081098369919949398 -0.014375016042031931
leaf_weight=1247418 366 310 159 63 1092 814 441 431 157 1184 2130 564 181 128 1157 60 710 4983 2437 1035 2018 1084 31 132 24 777 426 13727 934 3215
leaf_count=1247418 366 310 159 63 1092 814 441 431 157 1184 2130 564 181 128 1157 60 710 4983 2437 1035 2018 1084 31 132 24 777 426 13727 934 3215
internal_value=0 0.0148933 0.000569172 -2.17203e-06 -0.00721839 -0.00622875 -0.0142757 -0.0264249 -0.0423868 0.000287303 2.13464e-05 -0.00348161 -0.00451167 -0.0381817 -0.00357835 -0.0113823 -0.00554724 -0.00437543 -0.000599364 6.67416e-05 -0.011643 -0.0196717 -0.0497222 0.0197835 0.000784878 0.0102214 5.26571e-05 6.04146e-05 -0.00338549 -0.0141028
internal_weight=0 835 469 1.28735e+06 4182 4119 1843 1029 598 2276 1.28317e+06 16416 15720 424 15296 243 13166 12456 8197 1.26676e+06 4259 2241 115 696 55 3214 1.26572e+06 1.26529e+06 17876 4149
internal_count=1288188 835 469 1287353 4182 4119 1843 1029 598 2276 1283171 16416 15720 424 15296 243 13166 12456 8197 1266755 4259 2241 115 696 55 3214 1265720 1265294 17876 4149
is_linear=0
shrinkage=0.1


Tree=115
num_leaves=31
num_cat=0
split_feature=64 63 5 2 1 2 62 3 62 63 4 123 62 0 62 4 1 2 4 62 64 64 2 1 13 4 62 138 0 4
split_gain=18.4509 40.2872 41.8166 65.8204 84.2895 83.0147 73.1982 71.4589 68.1631 86.6043 62.7094 56.4221 68.4925 52.6047 44.8024 97.1785 47.2703 42.5841 77.7968 79.4631 43.228 42.9065 42.8552 78.7597 56.4817 47.217 41.9085 58.4105 41.3861 50.5378
threshold=2.8198385391925713 0.954604902284514 1.5000000000000002 42807.490000000013 526211.50000000012 32961.905000000006 501334.00000000006 110809.84500000002 1564584.5000000002 1.2448480612626189 99573.430000000008 1117957.0000000002 1168324.5000000002 2057541.0000000002 13399.500000000002 164320.72000000003 307841.50000000006 239912.32500000004 2812.8850000000007 3810639.5000000005 639.16900118203318 93.377188581430289 192589.99000000002 3333704.5000000005 17355.500000000004 12770.470000000001 790333.00000000012 7.5000000000000009 1280385.0000000002 24799.965
decision_type=2 2 2 2 2 2 2 2 2 2 2 2 2 2 2 2 2 2 2 2 2 2 2 2 2 2 2 2 2 2
left_child=-1 -2 14 5 6 13 -5 -8 9 10 -6 -12 -13 -4 16 -16 -3 22 -19 20 21 -20 23 24 -10 -25 27 -11 29 -28
right_child=1 2 3 4 8 -7 7 -9 17 26 11 12 -14 -15 15 -17 -18 18 19 -21 -22 -23 -24 25 -26 -27 28 -29 -30 -31
leaf_value=0.0001418786559940516 0.013286634628926142 -0.015872166953388424 0.0043063863057062673 -0.0023425888552003771 0.0013608526514842679 0.019636664696598683 -0.014250993300658847 -0.0092093004994638263 -0.00043058497648635377 0.0070717243671989324 -0.039721443984537655 0.057467007073936288 -0.059013897698097222 -0.085895388017514784 -0.018448500895576422 0.03146159186217861 0.014785493061418237 0.0056054505280493886 0.004013366749229543 -0.016108406001384478 -0.0091514051800628549 0.022309524658001897 -0.012748197688804403 0.011167967106402733 -0.005951912817054505 0.00126078491864996 -0.0027866358698441507 0.013240499393425332 0.0053899621888619615 0.0091619506110300186
leaf_weight=1205776 2609 2794 4007 20450 7696 2631 628 710 2683 7098 2602 234 190 217 4490 531 1038 1467 2889 2910 1196 557 1694 391 1023 708 2729 2429 2852 959
leaf_count=1205776 2609 2794 4007 20450 7696 2631 628 710 2683 7098 2602 234 190 217 4490 531 1038 1467 2889 2910 1196 557 1694 391 1023 708 2729 2429 2852 959
internal_value=0 -0.00144428 -0.00184406 -0.00103546 -0.00203154 0.00827803 -0.0070848 -0.0297448 0.000570881 0.00362586 -0.00333433 -0.0155306 0.0182962 -0.000407016 -0.00832436 -0.0145391 -0.000181305 -0.00470298 -0.000256157 -0.00434957 0.00377211 0.0094572 -0.0108741 -0.0060525 -0.0130244 0.0174579 0.0082706 0.0125021 0.00210646 -0.00488902
internal_weight=0 82412 79803 70950 64095 6855 21788 1338 42307 26789 10722 3026 424 4224 8853 5021 3832 15518 9019 7552 4642 3446 6499 4805 3706 1099 16067 9527 6540 3688
internal_count=1288188 82412 79803 70950 64095 6855 21788 1338 42307 26789 10722 3026 424 4224 8853 5021 3832 15518 9019 7552 4642 3446 6499 4805 3706 1099 16067 9527 6540 3688
is_linear=0
shrinkage=0.1


Tree=116
num_leaves=31
num_cat=0
split_feature=126 3 63 3 3 20 2 20 123 20 4 64 3 4 4 20 123 20 87 6 138 6 3 3 3 20 4 20 137 2
split_gain=18.0029 41.8582 39.2702 38.2812 43.7455 71.0992 40.247 42.4474 31.762 28.4017 31.7169 24.0551 46.2107 42.1377 40.2152 25.9597 33.9731 30.9003 21.4001 21.0218 71.8266 64.5674 79.28 127.123 90.3442 89.418 82.1554 80.6123 136.607 131.467
threshold=0.061111111111111116 277971.11500000005 2.4001026040751108 122980.96000000001 77153.080000000016 23.500000000000004 105532.88000000002 23.500000000000004 557.50000000000011 21.500000000000004 19697.185000000005 0.0016357794225057547 27306.545000000002 2.1250000000000004 17414.049999999999 1.5000000000000002 716539.50000000012 2.5000000000000004 1.0000000180025095e-35 5.416666666666667 8.5000000000000018 4.8333333333333348 125281.64000000001 480729.49500000005 67366.590000000011 22.500000000000004 60808.94000000001 6.5000000000000009 50010.000000000007 102920.78500000002
decision_type=2 2 2 2 2 2 2 2 2 2 2 2 2 2 2 2 2 2 2 2 2 2 2 2 2 2 2 2 2 2
left_child=19 3 -3 4 5 11 7 8 -6 -8 -11 12 -2 -13 -15 -14 -17 -18 -5 20 21 22 24 25 -1 -24 27 28 -26 -30
right_child=1 2 -4 18 6 -7 9 -9 -10 10 -12 13 15 14 -16 16 17 -19 -20 -21 -22 -23 23 -25 26 -27 -28 -29 29 -31
leaf_value=0.00032518087453208282 0.0018962287957506431 0.0016883695632374175 0.039791674530360595 -0.007534353810289599 -0.0019919425504799195 -0.017825449369384402 -0.0034501792581884648 -0.012791759714023763 0.01567430883064903 -0.069795011633085047 0.015100137248849788 0.0063104694555614852 0.0024470298189169879 -0.0054682539535953149 0.0075686222524241568 -0.013959745503195765 -0.03682374601433086 0.0033820970112871775 0.035482513082946462 -0.00024230959496440718 0.057846974459047476 0.032392811708434846 0.0028503425778040382 -0.0041057840822989354 -0.0021837444338145481 0.016495591763575086 0.0040546461056787829 -0.0010148038249561343 -0.028667953468319407 0.0037380686552246911
leaf_weight=173270 2236 8433 139 4267 148 436 1795 148 567 37 371 2218 469 4207 445 2625 24 188 119 967591 232 14821 48622 21718 11765 2221 8429 8964 1359 324
leaf_count=173270 2236 8433 139 4267 148 436 1795 148 567 37 371 2218 469 4207 445 2625 24 188 119 967591 232 14821 48622 21718 11765 2221 8429 8964 1359 324
internal_value=0 -0.00246675 0.00339272 -0.00494101 -0.00266125 -0.00522246 0.00807145 0.026377 0.0364671 0.000900464 0.0247164 -0.00382822 -0.00872971 0.00012579 -0.00528198 -0.0162394 -0.0198423 0.0186642 -0.0132128 5.87927e-05 0.000802884 0.000758616 0.000414149 0.00325325 -0.000595146 0.00598886 -0.00558186 -0.00874706 -0.0136435 -0.0402913
internal_weight=0 28872 8572 20300 15914 12848 3066 863 715 2203 408 12412 5542 6870 4652 3306 2837 212 4386 1.25932e+06 291725 291493 276672 72561 204111 50843 30841 22412 13448 1683
internal_count=1288188 28872 8572 20300 15914 12848 3066 863 715 2203 408 12412 5542 6870 4652 3306 2837 212 4386 1259316 291725 291493 276672 72561 204111 50843 30841 22412 13448 1683
is_linear=0
shrinkage=0.1


Tree=117
num_leaves=31
num_cat=0
split_feature=106 25 2 6 20 20 3 20 20 4 3 137 3 124 138 52 64 63 0 3 6 6 63 2 3 21 20 76 3 4
split_gain=17.9154 17.9039 27.8273 19.8799 52.3649 57.9906 47.2762 38.1384 75.7947 65.9434 56.0879 60.542 43.3224 62.9064 59.6966 58.7965 59.9436 74.1753 58.3095 55.9495 50.7471 45.702 42.686 41.6901 35.7639 35.7621 56.0485 35.6814 35.1994 50.2849
threshold=6.5000000000000009 6.0000000000000009 23334.280000000002 10.16666666666667 14.500000000000002 20.500000000000004 13766.595000000003 7.5000000000000009 8.5000000000000018 7124.4500000000007 6120.4400000000014 14.500000000000002 269089.71500000003 4.5000000000000009 7.5000000000000009 0.010860027886442121 124.69489994748817 1.000124719381392 4727634.0000000009 582413.95000000007 6.416666666666667 5.7500000000000009 143.6754167668885 408663.7900000001 389293.33000000002 2.5000000000000004 6.5000000000000009 10.500000000000002 228713.19000000003 204814.05000000002
decision_type=2 2 2 2 2 2 2 2 2 2 2 2 2 2 2 2 2 2 2 2 2 2 2 2 2 2 2 2 2 2
left_child=1 3 -3 7 25 6 -6 28 9 10 -9 -12 15 14 18 16 17 -10 19 -14 24 -20 -19 -23 -16 -5 27 -27 29 -1
right_child=-2 2 -4 4 5 -7 -8 8 12 -11 11 -13 13 -15 20 -17 -18 22 21 -21 -22 23 -24 -25 -26 26 -28 -29 -30 -31
leaf_value=0.0006154834631063367 0.031211545293332005 0.28870590627032655 0.0037274784504896631 -0.0016172234612337058 0.081115996537211688 -0.014008657427047872 -0.0035291001916724438 -0.018649979610607281 -0.0019910346539235395 0.0053018484753454449 -0.0035377663163395469 -0.053150534193435711 0.013831996179717244 -0.039742016344755549 0.0054718414604367155 -0.021040103216587006 -0.010400285383552851 0.016962942844315699 -0.010424775020594912 0.0014617277333936142 0.021611368088597982 -0.028066041025379091 -0.037600683471917265 0.049161219751707286 -0.037468761865016798 0.003380492932612568 0.049238963110317779 -0.081704298642584175 -0.0009808382134713356 0.015771861471866402
leaf_weight=500310 2865 9521 21110 465408 8484 4745 3318 4801 79267 1855 641 1538 6547 629 224 2872 1820 3656 2915 3584 1269 223 105 1111 1066 5660 2916 395 127175 22158
leaf_count=500310 2865 9521 21110 465408 8484 4745 3318 4801 79267 1855 641 1538 6547 629 224 2872 1820 3656 2915 3584 1269 223 105 1111 1066 5660 2916 395 127175 22158
internal_value=0 -1.80701e-05 0.0023706 -7.6385e-05 -0.000572875 0.004957 0.00871069 0.000242744 -0.00144323 -0.0103397 -0.0147935 -0.0280994 -0.000696705 0.00383598 0.00498908 -0.00160448 -0.00112816 -0.000734636 0.00749338 0.0116173 -0.00908355 -0.00233933 0.0129872 0.0129915 -0.0230507 -0.000765765 0.00548805 2.78355e-06 0.000538921 0.000902083
internal_weight=0 1.28532e+06 30631 1.25469e+06 490926 16547 11802 763766 114123 8835 6980 2179 105288 17568 16939 87720 84848 83028 14380 10131 2559 4249 3761 1334 1290 474379 8971 6055 649643 522468
internal_count=1288188 1285323 30631 1254692 490926 16547 11802 763766 114123 8835 6980 2179 105288 17568 16939 87720 84848 83028 14380 10131 2559 4249 3761 1334 1290 474379 8971 6055 649643 522468
is_linear=0
shrinkage=0.1


Tree=118
num_leaves=31
num_cat=0
split_feature=64 62 1 62 4 13 63 0 13 62 2 4 13 3 3 4 1 137 6 4 1 137 4 62 105 13 20 138 4 1
split_gain=18.2519 37.1764 42.6458 78.9594 72.8054 45.2017 42.8951 37.852 35.8362 35.5536 78.4235 44.9397 43.0954 38.014 81.1205 51.3876 54.2582 50.4371 48.672 44.4093 52.7675 42.133 37.5345 34.4382 33.997 33.0466 30.8113 39.2878 52.2975 36.0245
threshold=2.5321379275379416 4524620.5000000009 543718.00000000012 575205.50000000012 20649.610000000004 63879.500000000007 0.58520363636363648 643650.00000000012 66172.000000000015 31871.500000000004 122503.00000000001 44377.215000000004 11055.000000000002 41479.170000000006 127474.70000000001 26222.835000000003 333342.50000000006 2500.5000000000005 5.7500000000000009 124.72500000000001 173010.00000000003 1.5000000000000002 8752.7500000000018 317441.00000000006 39073.000000000007 28273.500000000004 12.500000000000002 8.5000000000000018 13211.900000000003 1979252.0000000002
decision_type=2 2 2 2 2 2 2 2 2 2 2 2 2 2 2 2 2 2 2 2 2 2 2 2 2 2 2 2 2 2
left_child=-1 2 3 5 -5 9 -4 -8 -7 10 11 12 -2 25 15 18 17 23 21 -16 -21 -15 -22 -17 26 -11 27 -9 -29 -28
right_child=1 -3 6 4 -6 8 7 24 -10 13 -12 -13 -14 14 19 16 -18 -19 -20 20 22 -23 -24 -25 -26 -27 29 28 -30 -31
leaf_value=0.000144942060190989 0.00070450960722561189 -0.0069898683484448613 0.022400984562271374 -0.021230348381418258 0.0023892656970633031 -0.026646933328585989 0.0075780477227352372 8.0661023712553669e-05 -0.0085449658991499818 0.015356308319678491 -0.011405966946027121 0.022957474112636388 -0.030045919299217478 -0.021429924956722402 0.028439597775737142 -0.0035937090826815427 -0.0010959276614408351 0.011954863050340318 -0.0028037436892640378 -0.0016490371451764133 0.014901349433677245 -0.0055319200522985839 0.0029884409486365601 0.004778036524688477 -0.030734293754241637 -0.012633999588676215 0.0024386556989583626 -0.0072383687612543966 0.026526463796211982 -0.034869707656127638
leaf_weight=1204274 9565 2997 1051 534 374 380 1558 38893 767 2758 4821 399 1519 420 119 530 664 385 3291 3035 832 1171 2307 195 432 759 969 609 1343 1237
leaf_count=1204274 9565 2997 1051 534 374 380 1558 38893 767 2758 4821 399 1519 420 119 530 664 385 3291 3035 832 1171 2307 195 432 759 969 609 1343 1237
internal_value=0 -0.00141816 -0.00101308 -0.00365418 -0.0327561 -0.00287509 0.000982417 0.000516414 -0.0223881 -0.0021921 -0.00550227 -0.00100844 -0.00219537 0.00108551 -0.00141856 -0.00911463 0.00546158 0.0189879 -0.0144113 0.00672145 0.00555518 -0.0287718 0.0146456 0.00345416 -3.23236e-05 0.0103051 0.000247775 0.000869497 0.0147133 -0.0112637
internal_weight=0 83914 80917 34825 908 33917 46092 45041 1147 32770 16304 11483 11084 16466 12949 6656 1774 1110 4882 6293 6174 1591 3139 725 43483 3517 43051 40845 1952 2206
internal_count=1288188 83914 80917 34825 908 33917 46092 45041 1147 32770 16304 11483 11084 16466 12949 6656 1774 1110 4882 6293 6174 1591 3139 725 43483 3517 43051 40845 1952 2206
is_linear=0
shrinkage=0.1


Tree=119
num_leaves=31
num_cat=0
split_feature=66 146 0 141 5 64 4 2 14 2 140 20 6 5 13 0 2 124 20 20 3 20 127 2 5 4 137 20 92 2
split_gain=17.7075 17.681 28.0815 17.7809 29.139 31.6919 29.1376 69.3019 86.6623 104.628 84.8631 245.628 111.282 66.2673 61.7396 65.5689 70.6202 71.6209 59.0613 62.0231 55.3359 65.9835 70.6581 55.4081 53.9661 48.7944 77.4084 77.1536 64.9216 52.9988
threshold=2786291.5000000005 884814.00000000012 2722724.5000000005 0.93750000000000011 1.5000000000000002 9.7393500096253103 0.42500000000000004 7941.5150000000012 1.0000000180025095e-35 2570.7200000000003 1.0000000180025095e-35 3.5000000000000004 4.8333333333333348 1.0000000180025095e-35 526534.50000000012 789643.50000000012 439782.06000000006 12.500000000000002 1.0000000180025095e-35 1.5000000000000002 118129.10500000003 1.5000000000000002 0.76388888888888895 346714.57000000001 1.5000000000000002 124.72500000000001 34800.500000000007 1.5000000000000002 91.029411764705898 5655.2750000000005
decision_type=2 2 2 2 2 2 2 2 2 2 2 2 2 2 2 2 2 2 2 2 2 2 2 2 2 2 2 2 2 2
left_child=1 3 -3 6 5 -5 7 8 -1 -10 14 12 -12 -11 20 -16 17 18 -17 -20 24 -22 -23 -24 -9 26 -8 -28 -27 -30
right_child=-2 2 -4 4 -6 -7 25 10 9 13 11 -13 -14 -15 15 16 -18 -19 19 -21 21 22 23 -25 -26 28 27 -29 29 -31
leaf_value=-0.003573311019965518 0.051270866462758441 0.037470420691725306 -0.015726632391704836 0.026655893820498367 0.00048580179406048312 -0.0082035673551752904 0.0012698920956835411 0.22249845771620211 0.0044471489824373656 -0.058792737917211541 -0.049485126932124042 -0.0032950816987310188 -0.042374251502541017 0.062890899628746569 0.0058610828473824039 -0.0058172406660954197 -0.0061290526050336337 -0.0068899529577345258 0.0056937801573387417 4.3319094218009815e-05 0.005685491480729157 0.0019702786875535837 -0.0051642286672746642 -0.0038859349403958022 -0.0043993775949851431 2.5867014056712991e-06 0.049959578268156384 0.0056823446752930652 -0.080168820966524862 -0.0043873532744747208
leaf_weight=73361 307 2030 123 14723 92562 1832 113119 550 35805 352 1619 5398 965 8877 3709 1784 318 410 2609 18990 1158 3953 776 178 36660 830874 3149 3901 1892 26204
leaf_count=73361 307 2030 123 14723 92562 1832 113119 550 35805 352 1619 5398 965 8877 3709 1784 318 410 2609 18990 1158 3953 776 178 36660 830874 3149 3901 1892 26204
internal_value=0 1.05984e-05 0.00906518 -4.56381e-06 0.0012166 0.00508065 -0.000117812 -0.00122591 0.000305097 0.00375821 -0.00351816 -0.013295 -0.0386494 0.0132522 -0.00242049 0.00125489 -0.000649219 -2.35487e-05 0.000702954 0.00214734 -0.00478327 0.00407399 -0.000992982 -0.0254195 -0.00622695 0.000105669 0.00199303 0.0121595 -0.000158372 -0.00488608
internal_weight=0 1.28788e+06 2153 1.28573e+06 109117 16555 1.17661e+06 197472 118395 45034 79077 7982 2584 9229 71095 27820 24111 23793 23383 21599 43275 6065 4907 954 37210 979139 120169 7050 858970 28096
internal_count=1288188 1287881 2153 1285728 109117 16555 1176611 197472 118395 45034 79077 7982 2584 9229 71095 27820 24111 23793 23383 21599 43275 6065 4907 954 37210 979139 120169 7050 858970 28096
is_linear=0
shrinkage=0.1


Tree=120
num_leaves=31
num_cat=0
split_feature=63 64 4 2 0 1 63 13 63 13 2 2 4 0 2 85 6 63 2 4 4 64 0 2 5 63 6 0 62 2
split_gain=18.7023 44.1297 39.6073 24.6851 23.9412 40.5343 28.9861 40.5546 27.2185 26.2461 29.3242 27.0837 75.5403 27.8851 24.5059 24.4079 29.593 21.7177 22.0433 21.0212 20.9921 20.9679 20.5682 20.4168 22.5767 20.0298 18.923 38.2678 25.2307 19.6143
threshold=15363.214285714288 28504.261843062381 2018.2000000000003 59452.885000000009 146903.50000000003 1034171.5000000001 34881.909259259271 41.500000000000007 37075.431286549712 2.5000000000000004 122503.00000000001 58214.195000000007 1213.8250000000003 571177.00000000012 38460.720000000008 10.500000000000002 11.833333333333334 1249.4833148353684 668869.69500000018 13747.185000000003 12088.715000000002 10709.519401969001 1327176.5000000002 175135.91 1.5000000000000002 41668.22401433692 2.2500000000000004 2978889.0000000005 2442484.5000000005 132502.71500000005
decision_type=2 2 2 2 2 2 2 2 2 2 2 2 2 2 2 2 2 2 2 2 2 2 2 2 2 2 2 2 2 2
left_child=17 2 3 -2 14 9 7 -7 -8 10 -6 -11 13 -13 -3 26 -17 -1 -19 -12 -16 -5 -9 24 -14 -23 27 -10 -28 -30
right_child=1 4 -4 21 5 6 8 22 15 11 19 12 23 -15 20 16 -18 18 -20 -21 -22 25 -24 -25 -26 -27 28 -29 29 -31
leaf_value=2.1711631029491809e-05 0.0003425127618379295 0.012776365346233011 0.00029171165235951997 -0.021725547561067454 -0.013143180687668421 -0.017808549286574365 -0.0072403391801554116 -0.0050164757519859556 -0.0091694391594604168 0.0072991303078166567 0.036771892767239758 -0.012006446411209537 -0.026887900685260042 -0.0014583896680723878 -0.02062091808156136 0.0051102855433055707 -0.0022792936311988202 0.0020552165878130291 -0.039029526416777795 0.0013207558009428178 -0.0074981183773335045 -0.0054887972678517765 0.010236953517369611 -0.0013081335241357569 0.011046695759352611 -0.0016369278303771315 -0.00054237651714160223 0.0022749988050721538 0.0001199110411544968 -0.0085956675631830379
leaf_weight=1270792 178 109 661 73 422 109 63 25 146 767 58 154 29 199 255 218 147 5764 272 427 269 509 188 375 975 358 3112 499 203 832
leaf_count=1270792 178 109 661 73 422 109 63 25 146 767 58 154 29 199 255 218 147 5764 272 427 269 509 188 375 975 358 3112 499 203 832
internal_value=0 -0.00402945 -0.0184936 -0.0299667 -0.00134374 -1.41889e-05 -0.00529059 0.0238279 -0.00708679 0.00857119 -0.00599982 0.0138597 0.00693188 -0.0343453 -0.0201381 -0.00628867 0.0186388 4.6055e-05 0.00603021 0.0107726 -0.029112 -0.0364328 0.0492152 0.0174981 0.0249345 -0.032099 -0.00818736 0.00774659 -0.0106656 -0.0241909
internal_weight=0 11360 1779 1118 9581 8948 5542 322 5220 3406 907 2499 1732 353 633 5157 365 1.27683e+06 6036 485 524 940 213 1379 1004 867 4792 645 4147 1035
internal_count=1288188 11360 1779 1118 9581 8948 5542 322 5220 3406 907 2499 1732 353 633 5157 365 1276828 6036 485 524 940 213 1379 1004 867 4792 645 4147 1035
is_linear=0
shrinkage=0.1


Tree=121
num_leaves=31
num_cat=0
split_feature=123 123 14 64 3 64 4 0 13 20 3 6 20 20 64 64 6 2 3 3 1 0 2 4 0 4 3 13 124 3
split_gain=18.1918 61.4434 56.516 34.8304 77.7559 120.747 59.6884 52.071 68.0249 50.5159 50.045 48.9814 47.1673 160.296 107.064 76.8005 105.477 55.39 96.1731 60.5541 56.331 77.9421 105.851 62.3194 154.4 69.0966 57.4873 51.8994 50.7668 48.8631
threshold=1173448.0000000002 1160277.5000000002 1.0000000180025095e-35 0.0011910161296741952 138879.93000000002 4.8126988902010285e-06 6118.9750000000013 3808076.5000000005 1242196.0000000002 15.500000000000002 322131.89000000007 26.583333333333339 3.5000000000000004 4.5000000000000009 0.0016357794225057547 1.0003341740906577 5.7500000000000009 299228.80000000005 127474.70000000001 224216.62000000002 3320563.0000000005 3908124.5000000005 172004.13500000004 3695.4750000000004 2057541.0000000002 5690.9700000000012 102167.71000000001 2441824.5000000005 10.500000000000002 198366.82500000004
decision_type=2 2 2 2 2 2 2 2 2 2 2 2 2 2 2 2 2 2 2 2 2 2 2 2 2 2 2 2 2 2
left_child=1 -1 -3 4 6 10 7 8 -2 -10 -6 12 17 15 28 16 -14 18 20 29 21 23 27 -5 25 -25 -22 -23 -15 -19
right_child=3 2 -4 11 5 -7 -8 -9 9 -11 -12 -13 13 14 -16 -17 -18 19 -20 -21 26 22 -24 24 -26 -27 -28 -29 -30 -31
leaf_value=0.00011664893490270553 -0.0056343772789622772 0.019432165919916811 0.00063658025091386334 0.00056435868136472944 -0.0047235694203699762 0.0074159890395414409 0.023769387963907845 -0.00031320468239939549 0.002496717725080012 0.012254096924300276 -0.00054511190115005468 0.048910279506208902 -0.0010420380830509805 -0.0005474328246467125 -0.0017741432836724811 -0.016883730426373811 -0.036742173533096827 0.00090683391997580041 -0.011876844348005507 0.00097221362163051885 0.02370080086700322 -0.01098055259904262 0.0011048842751349675 -0.018214290097854937 -0.032023573475279253 0.019069171639360179 0.010435520544194157 -0.01216134396366724 -0.051358792942564097 0.0069539828556576646
leaf_weight=1196646 345 673 971 10680 3394 5175 672 2244 3043 201 2429 960 262 139 21954 611 584 799 4679 24499 334 307 653 167 751 703 2842 337 292 842
leaf_count=1196646 345 673 971 10680 3394 5175 672 2244 3043 201 2429 960 262 139 21954 611 584 799 4679 24499 334 307 653 167 751 703 2842 337 292 842
internal_value=0 0.000111091 0.0194303 -0.00136384 0.00263932 -0.00248667 0.0113058 0.00805449 0.0155255 0.0200151 -0.0123645 -0.00233169 -0.00263322 -0.00626371 -0.00417181 -0.0384032 -0.0579146 -0.000814508 -0.00458027 0.00227604 -0.00104404 -0.00384468 -0.0271604 -0.00138631 -0.0196562 0.00901812 0.0109469 -0.0559272 -0.0535302 0.0208729
internal_weight=0 1.19829e+06 1644 89898 17503 10998 6505 5833 3589 3244 5823 72395 71435 23842 22385 1457 846 47593 21453 26140 16774 13598 1297 12301 1621 870 3176 644 431 1641
internal_count=1288188 1198290 1644 89898 17503 10998 6505 5833 3589 3244 5823 72395 71435 23842 22385 1457 846 47593 21453 26140 16774 13598 1297 12301 1621 870 3176 644 431 1641
is_linear=0
shrinkage=0.1


Tree=122
num_leaves=31
num_cat=0
split_feature=63 4 3 1 4 0 63 1 2 6 0 63 63 13 4 2 1 1 6 6 0 5 2 2 2 13 6 5 2 2
split_gain=17.1487 35.4803 68.6704 85.984 40.7035 37.7991 50.6801 50.0658 29.9191 28.4433 27.5494 25.5003 23.7156 24.7817 21.2083 18.8334 18.7682 32.7013 35.7558 27.7662 39.6306 19.9168 18.7491 30.6443 24.0239 29.8756 21.5928 17.8 17.5202 17.1046
threshold=14823.454545454546 4.3650000000000011 57438.510000000009 543718.00000000012 13.455000000000002 1366986.0000000002 34881.909259259271 1108791.0000000002 69520.080000000016 5.7500000000000009 1280385.0000000002 37075.431286549712 2032.0197368421057 45.500000000000007 107459.47000000002 59452.885000000009 2219264.5000000005 173010.00000000003 5.7500000000000009 2.2500000000000004 2978889.0000000005 3.0000000000000004 122503.00000000001 175135.91 73522.47500000002 1.5000000000000002 5.416666666666667 3.0000000000000004 135883.59000000003 163030.26000000004
decision_type=2 2 2 2 2 2 2 2 2 2 2 2 2 2 2 2 2 2 2 2 2 2 2 2 2 2 2 2 2 2
left_child=12 2 -2 -4 -3 7 -7 9 11 -5 -9 -8 -1 -14 -15 -11 17 21 22 20 -18 -6 24 26 25 -19 -24 -25 -22 -30
right_child=1 4 3 5 16 6 8 10 -10 15 -12 -13 13 14 -16 -17 19 18 -20 -21 28 -23 23 27 -26 -27 -28 -29 29 -31
leaf_value=2.4254022111486211e-05 0.006118021509854462 0.0070992195798419144 -0.012266989289862539 -0.0034186482576070037 0.010507791580317005 0.0075389349981140391 -0.0070230263280423207 -0.0062702200135173998 -0.0031255540403374057 0.0014997898134074597 -0.0012604396372786044 0.00013295584910769792 0.00053652157717690001 0.010129008242979026 0.0012186051571992042 -0.0010998409013215744 -0.0086671113744895816 -0.012794848088712625 0.0050469369442928203 -0.0050762872992375528 0.00089382825666400412 -0.0068263403757166611 0.007697319323222887 0.011347848423321838 -0.010442847203789705 0.00059567460552234703 -0.0092853499264979999 -0.015262254172474045 -0.014184640990545481 0.0048500901587939446
leaf_weight=1272547 291 115 404 136 213 60 32 296 167 146 145 1515 2208 895 479 634 64 181 1692 1887 53 1261 702 123 165 719 45 552 20 441
leaf_count=1272547 291 115 404 136 213 60 32 296 167 146 145 1515 2208 895 479 634 64 181 1692 1887 53 1261 702 123 165 719 45 552 20 441
internal_value=0 -0.00374949 -0.0117064 -0.0155502 -5.17889e-05 -0.00994798 -0.000338219 -0.0225108 -0.00350058 -0.00918316 -0.0501935 0.000840336 3.93202e-05 0.00816471 0.0187088 -0.00182509 -0.000888665 0.00228642 0.00680348 -0.00817011 0.0110065 -0.0105201 -0.000826078 0.00668803 -0.010859 -0.00442816 0.0206426 -0.00875505 0.0202462 0.0139862
internal_weight=0 12059 3826 3535 8233 3131 1774 1357 1714 916 441 1547 1.27613e+06 3582 1374 780 8118 5653 4179 2465 578 1474 2487 1422 1065 900 747 675 514 461
internal_count=1288188 12059 3826 3535 8233 3131 1774 1357 1714 916 441 1547 1276129 3582 1374 780 8118 5653 4179 2465 578 1474 2487 1422 1065 900 747 675 514 461
is_linear=0
shrinkage=0.1


Tree=123
num_leaves=31
num_cat=0
split_feature=93 93 3 0 2 2 20 20 92 4 53 0 1 3 93 4 1 66 20 20 92 94 0 6 21 4 2 0 53 20
split_gain=16.7884 54.03 35.1899 37.0452 37.4907 34.7917 32.1964 57.3406 52.2843 64.0176 49.2344 37.4823 31.1244 32.4844 30.5815 36.1348 27.9934 24.6053 24.5612 32.7215 24.0652 23.5068 21.4556 27.5787 21.3646 44.3641 37.0019 45.3461 39.1527 33.0091
threshold=17.500000000000004 15.500000000000002 582413.95000000007 416894.00000000006 93284.900000000009 41481.350000000006 4.5000000000000009 3.5000000000000004 242.69417475728159 0.8650000000000001 2.3903125000000007 83041.000000000015 42.500000000000007 7954.5350000000008 13676.000000000002 27267.225000000002 2074640.5000000002 19.500000000000004 3.5000000000000004 6.5000000000000009 34.07777777777779 46813.000000000007 9140794.0000000019 5.7500000000000009 2.5000000000000004 1002.3950000000001 21818.765000000003 3.5000000000000004 1.0438191103924396e-06 13.500000000000002
decision_type=2 2 2 2 2 2 2 2 2 2 2 2 2 2 2 2 2 2 2 2 2 2 2 2 2 2 2 2 2 2
left_child=1 24 3 6 5 -5 7 8 10 11 14 -10 -8 20 -2 -16 17 -6 -7 -20 -14 -4 23 -18 -1 -26 -27 -28 -29 -30
right_child=2 -3 21 4 16 18 12 -9 9 -11 -12 -13 13 -15 15 -17 22 -19 19 -21 -22 -23 -24 -25 25 26 27 28 29 -31
leaf_value=-1.4824630763819874e-05 0.0035797981315740524 0.037704665184421261 0.0027925938224619444 -0.0034486297335031947 -0.0016968907849131808 -0.019342452581703536 -0.17184353152141396 0.042906329809265259 0.035787246277226695 -0.010406515868450653 -0.02475299007254838 -0.13244842430510426 -0.062412477122772453 -0.0014704634939064932 0.025814811930106287 -0.10082828203325925 0.0048452086412272511 0.017325836969425048 0.020300101170002197 -0.023830716876037977 -0.16039748962835243 0.079094636954143149 0.10523942821068177 -0.039709762404657178 -0.025927805181889797 0.0877478911442688 -0.022644559569821365 -0.0086624737458691255 0.020232410340510844 -0.00092044386851560661
leaf_weight=1247318 8000 1068 97 1347 883 1459 308 1036 47 1181 563 176 724 2762 1477 153 120 528 342 205 193 90 92 360 2393 687 1001 981 8897 3700
leaf_count=1247318 8000 1068 97 1347 883 1459 308 1036 47 1181 563 176 724 2762 1477 153 120 528 342 205 193 90 92 360 2393 687 1001 981 8897 3700
internal_value=0 5.49828e-05 -0.0027225 -0.0030904 -0.0103397 -0.0167858 -0.000762944 0.00170968 -0.000303976 -0.0183957 0.00218801 -0.0675361 -0.00859757 -0.00604111 0.00386845 0.0163529 0.000559853 0.00812472 -0.025133 -0.00706156 -0.0223491 0.0404738 -0.018101 -0.0265801 3.6001e-05 0.00348991 0.00547437 0.00440565 0.00591993 0.00741845
internal_weight=0 1.26604e+06 22143 21956 5336 3353 16620 12633 11597 1404 10193 223 3987 3679 9630 1630 1983 1411 2006 547 917 187 572 480 1.26498e+06 17659 15266 14579 13578 12597
internal_count=1288188 1266045 22143 21956 5336 3353 16620 12633 11597 1404 10193 223 3987 3679 9630 1630 1983 1411 2006 547 917 187 572 480 1264977 17659 15266 14579 13578 12597
is_linear=0
shrinkage=0.1


Tree=124
num_leaves=31
num_cat=0
split_feature=123 1 3 4 4 0 2 64 0 1 2 4 64 4 20 2 64 4 64 2 13 64 2 3 20 6 4 64 64 0
split_gain=17.3034 46.8517 57.4238 72.9751 58.1871 53.0112 48.5533 75.8557 76.1059 69.5081 49.323 97.4643 151.392 149.419 90.6729 161.222 157.8 112.28 100.268 96.6166 89.2844 71.263 66.0686 85.0367 80.5195 92.3953 91.9314 60.5456 58.5956 55.4757
threshold=355403.00000000006 517458.00000000006 15406.115000000002 6118.9750000000013 3273.5200000000009 487073.50000000006 128900.28000000001 1.0000128766417722 3579328.0000000005 2786319.0000000005 452513.92500000005 14920.300000000001 1.0416322033437833 6604.0250000000005 4.5000000000000009 340306.98000000004 0.0016357794225057547 76837.465000000011 0.0011910161296741952 360946.21000000002 824193.50000000012 1.3920034988274268e-06 172004.13500000004 125281.64000000001 5.5000000000000009 4.166666666666667 8752.7500000000018 5.208317304323633 0.18630831984762283 1989630.0000000002
decision_type=2 2 2 2 2 2 2 2 2 2 2 2 2 2 2 2 2 2 2 2 2 2 2 2 2 2 2 2 2 2
left_child=-1 2 5 4 -4 -2 7 8 9 -3 11 12 20 -14 19 17 18 21 -17 27 -8 -16 29 -24 25 -25 -27 28 -13 -22
right_child=1 6 3 -5 -6 -7 10 -9 -10 -11 -12 14 13 -15 15 16 -18 -19 -20 -21 22 -23 23 24 -26 26 -28 -29 -30 -31
leaf_value=0.00019900814449443855 0.011647374156858348 0.0011083498224763275 -0.0053324425827461002 -0.00037278590462622651 -0.011707569744851699 -0.0012432235673127236 0.0051367786397261252 0.020232519556222697 -0.0014827540247362818 0.0070948132601378446 0.0015797616235037422 -0.026713049961752333 0.023049496998813524 0.00012038796423464727 -0.069219090375552503 -0.028657099199179855 -0.0063268967413503885 -0.0054030359227164497 -0.050205971826632868 0.00030460707327879561 -0.0040280570476846972 0.024185686805833731 0.0045021768801771092 0.0014684370468985397 0.013128547974224162 -0.009068522870008644 0.0016566817193051473 -0.009302722021594878 -0.042307850638612345 -0.0012667419704235018
leaf_weight=1149418 1555 23612 6928 6509 1088 3509 2150 936 4509 394 35098 931 1464 1608 139 1380 4245 3645 347 2243 3905 2497 5929 3190 1376 6527 2031 2382 2507 6136
leaf_count=1149418 1555 23612 6928 6509 1088 3509 2150 936 4509 394 35098 931 1464 1608 139 1380 4245 3645 347 2243 3905 2497 5929 3190 1376 6527 2031 2382 2507 6136
internal_value=0 -0.00105051 -0.00558274 -0.00877964 -0.0151668 0.00358687 -0.000305579 0.00321752 0.00229803 0.00453702 -0.00146192 -0.00334112 -9.12248e-05 0.0210912 -0.00883057 -0.00341123 -0.015175 0.00777377 -0.04066 -0.0170661 -0.00217394 0.0234959 -0.00362713 -0.000167714 -0.00465805 -0.00733873 -0.0127532 -0.0238618 -0.0323516 -0.0101914
internal_weight=0 138770 19589 14525 8016 5064 119181 29451 28515 24006 89730 54632 34316 3072 20316 12253 5972 6281 1727 8063 31244 2636 29094 19053 13124 11748 8558 5820 3438 10041
internal_count=1288188 138770 19589 14525 8016 5064 119181 29451 28515 24006 89730 54632 34316 3072 20316 12253 5972 6281 1727 8063 31244 2636 29094 19053 13124 11748 8558 5820 3438 10041
is_linear=0
shrinkage=0.1


Tree=125
num_leaves=31
num_cat=0
split_feature=123 2 6 64 124 6 52 4 124 6 64 64 3 0 4 4 127 134 3 134 134 3 134 3 134 134 4 146 3 146
split_gain=16.705 41.7049 38.6094 68.084 27.6211 22.4617 22.3301 19.9519 46.5451 26.54 38.5491 31.0935 18.2154 22.7538 21.5341 17.888 17.8208 16.5651 33.5207 20.7702 61.3857 62.8388 32.5687 45.5631 27.4785 66.1867 40.8752 36.5827 46.096 36.5379
threshold=5815847.0000000009 879327.40000000002 6.5833333333333348 0.059580419966462829 7.5000000000000009 7.8333333333333348 0.003289282713145741 41675.610000000008 7.5000000000000009 5.166666666666667 4.995022171766513e-05 0.015625883226861027 180010.91500000004 6420193.0000000009 4.3650000000000011 149.18500000000003 0.46410256410256417 23500870.000000004 501084.28500000009 4732619.0000000009 4741693.0000000009 295396.96000000002 6840994.5000000009 198366.82500000004 170312.50000000003 1022.5000000000001 120896.22000000002 200373.00000000003 40565.070000000007 132604.50000000003
decision_type=2 2 2 2 2 2 2 2 2 2 2 2 2 2 2 2 2 2 2 2 2 2 2 2 2 2 2 2 2 2
left_child=17 4 7 6 12 -6 -4 8 -3 10 -9 -11 -2 -14 -15 -16 -7 19 -19 24 -21 22 23 -22 25 26 27 -1 -29 -28
right_child=1 2 3 -5 5 16 -8 9 -10 11 -12 -13 13 14 15 -17 -18 18 -20 20 21 -23 -24 -25 -26 -27 29 28 -30 -31
leaf_value=0.00029702500752669723 0.0061984542938729563 0.092407265245768935 0.014184160939747881 0.087598602729986708 -0.048316861786935811 -0.0089329800475358243 -0.013109859220705176 0.013909026390898539 -0.039185909020162439 -0.048676639081807221 -0.050840665490038052 0.045758661967217021 0.0027868677703147961 -0.020234090454460663 0.19468283318440782 -0.012184987246839786 -0.016813188504435608 -0.037338611817954108 -0.0027690464212774685 0.024835536564007832 -0.065651166731997515 0.017800588880827362 -0.033265493571679981 0.052091747364319478 -0.0035796535519509566 0.0072126115194949495 -0.0034957334248093552 -0.050430998061666787 -0.011474248829383487 0.025029289141406997
leaf_weight=880144 611 236 1083 978 282 719 541 38 195 358 882 877 579 55 58 2450 118 1551 7877 1779 2043 12236 4519 2772 97804 67389 192048 838 3383 3745
leaf_count=880144 611 236 1083 978 282 719 541 38 195 358 882 877 579 55 58 2450 118 1551 7877 1779 2043 12236 4519 2772 97804 67389 192048 838 3383 3745
internal_value=0 -0.00405347 0.00218601 0.0107862 -0.0106976 -0.0244869 -0.00176676 -0.00646738 0.0131736 -0.0103956 -0.0232534 -0.000817301 -0.00658622 -0.00965841 -0.0137031 -0.0123457 -0.0162632 3.75019e-05 -0.00413868 6.85361e-05 0.00302351 0.00155098 -0.00462882 0.00109372 1.31335e-05 0.000150267 -3.94257e-05 0.000250021 -0.00903731 -0.00134681
internal_weight=0 10060 5188 2602 4872 1119 1624 2586 431 2155 920 1235 3753 3142 2563 2508 837 1.27813e+06 9428 1.2687e+06 23349 21570 9334 4815 1.24535e+06 1.14755e+06 1.08016e+06 884365 4221 195793
internal_count=1288188 10060 5188 2602 4872 1119 1624 2586 431 2155 920 1235 3753 3142 2563 2508 837 1278128 9428 1268700 23349 21570 9334 4815 1245351 1147547 1080158 884365 4221 195793
is_linear=0
shrinkage=0.1


Tree=126
num_leaves=31
num_cat=0
split_feature=146 146 26 3 66 63 88 0 3 20 4 105 4 20 118 3 20 74 17 129 4 18 1 20 123 3 1 3 3 0
split_gain=18.2806 24.3219 17.0739 25.8325 16.5018 38.6124 18.4297 28.5243 31.6932 27.3821 28.5628 24.711 30.2931 26.652 21.6251 44.1889 21.2756 19.7496 18.2967 27.606 28.3231 36.9551 29.3337 28.1301 24.3307 31.3931 65.551 62.1281 47.5622 43.6491
threshold=2577630.5000000005 952986.00000000012 2.5000000000000004 30013.730000000003 899511.50000000012 0.49280771199517237 418610.00000000006 17823204.500000004 156540.11000000002 3.5000000000000004 102766.00000000001 304559.50000000006 0.43500000000000005 1.0000000180025095e-35 0.5634920634920636 40565.070000000007 3.5000000000000004 1.0000000180025095e-35 2.5000000000000004 0.080128205128205135 1.1450000000000002 1.0000000180025095e-35 1368182.0000000002 15.500000000000002 1876881.0000000002 173889.84000000005 442.50000000000006 83696.250000000015 352873.74500000005 572.50000000000011
decision_type=2 2 2 2 2 2 2 2 2 2 2 2 2 2 2 2 2 2 2 2 2 2 2 2 2 2 2 2 2 2
left_child=1 2 4 -4 6 -6 11 8 16 10 -10 14 13 -13 18 -16 17 -8 -1 24 21 23 -23 -21 25 27 28 -20 -27 -29
right_child=-2 -3 3 -5 5 -7 7 -9 9 -11 -12 12 -14 -15 15 -17 -18 -19 19 20 -22 22 -24 -25 -26 26 -28 29 -30 -31
leaf_value=-2.0402108108208419e-05 -0.017292832230735102 0.032022728083107556 0.26249576048050044 0.0021063874528715943 0.018108654406862931 -0.0064795359119567165 -0.020882567417979038 -0.031855441823396662 0.022500311073207012 -0.0046869083734716764 -0.0018914282860790057 -0.011285812814865149 0.013518200155886251 0.022280274127494962 0.028254388942936262 -0.0034025021225715193 0.025042017625887092 0.011657211311567821 -0.0013655064284804732 0.0055536307902021411 -0.0010055818686330628 0.0011681832506911399 -0.00995321261970512 0.015537104300776962 -0.0031606271362190023 -0.0020527490036081853 0.0034949210002198105 -0.015401881211144719 -0.0043954906026062949 -0.004175194785484504
leaf_weight=1195337 130 1917 9677 18619 3600 325 1205 1013 785 2452 747 41 1713 247 2118 1994 418 243 23326 1574 5841 1593 120 198 915 390 5658 956 282 4754
leaf_count=1195337 130 1917 9677 18619 3600 325 1205 1013 785 2452 747 41 1713 247 2118 1994 418 243 23326 1574 5841 1593 120 198 915 390 5658 956 282 4754
internal_value=0 1.55596e-05 -1.21676e-06 0.00242804 -5.58643e-05 0.00641806 -7.61289e-05 -0.00524399 -0.00256126 0.00247608 0.0129644 -4.76883e-05 0.0110561 0.0410637 -6.55339e-05 0.0071744 -0.0133162 -0.0190533 -8.95242e-05 -0.00205532 0.00279731 0.00993184 -0.000541593 0.0200566 -0.00330269 -0.00288615 0.00349488 -0.00427725 -0.0260332 -0.0136265
internal_weight=0 1.28806e+06 1.28614e+06 28296 1.25784e+06 3925 1.25392e+06 6863 5850 3984 1532 1.24706e+06 2001 288 1.24506e+06 4112 1866 1448 1.24094e+06 45607 9326 3485 1713 1772 36281 35366 6330 29036 672 5710
internal_count=1288188 1288058 1286141 28296 1257845 3925 1253920 6863 5850 3984 1532 1247057 2001 288 1245056 4112 1866 1448 1240944 45607 9326 3485 1713 1772 36281 35366 6330 29036 672 5710
is_linear=0
shrinkage=0.1


Tree=127
num_leaves=31
num_cat=0
split_feature=146 146 26 3 6 105 20 20 3 138 138 64 137 2 62 1 6 4 2 64 0 20 1 63 6 3 138 20 62 64
split_gain=16.8182 22.3796 16.4671 25.6005 16.8132 48.0883 47.9095 47.8107 40.7933 31.2753 142.372 106.431 57.1162 54.4159 45.1368 76.6919 54.8412 53.3999 52.8094 60.4837 56.6132 49.0489 53.3769 48.8989 46.7835 60.4182 46.6921 52.8872 43.7623 40.7827
threshold=2577630.5000000005 884814.00000000012 2.5000000000000004 30013.730000000003 10.16666666666667 4897042.5000000009 14.500000000000002 20.500000000000004 13766.595000000003 5.5000000000000009 4.5000000000000009 11.102817883330875 509042.00000000006 546959.36500000011 859631.00000000012 3187522.5000000005 7.416666666666667 1.2750000000000001 50520.635000000002 1.3920034988274268e-06 571177.00000000012 20.500000000000004 127518.50000000001 0.954604902284514 5.7500000000000009 49355.845000000008 8.5000000000000018 2.5000000000000004 2803454.5000000005 9.7393500096253103
decision_type=2 2 2 2 2 2 2 2 2 2 2 2 2 2 2 2 2 2 2 2 2 2 2 2 2 2 2 2 2 2
left_child=1 2 4 -4 9 6 -6 8 -8 10 -1 12 -12 14 15 17 23 26 21 -20 24 22 -19 -16 25 -21 -11 -28 -25 -27
right_child=-2 -3 3 -5 5 -7 7 -9 -10 13 11 -13 -14 -15 16 -17 -18 18 19 20 -22 -23 -24 28 -26 29 27 -29 -30 -31
leaf_value=0.00026196955842119343 -0.015563549007661593 0.02798349708992387 0.23624618443245035 0.0018957487075843993 -0.0012579278545355344 0.051258999702874591 0.072514555234061806 -0.012350522002470408 -0.0030406813340292608 -0.013090207837967986 0.047967750068336645 -0.035641076397465103 0.077144473217857557 -0.019251429232358098 -0.050894089689504984 0.022656394854855478 -0.00037151460549212577 0.015000656956232495 0.030029526083452884 -0.0072919021512500405 0.0022590228807521364 -0.065791673750787205 0.011702865506442995 -0.0013335475521685989 -0.0023360349672061575 0.0052415602875158568 0.099544033788064118 -0.013094548264441076 -0.020812364905853403 -0.0045658135736071862
leaf_weight=659146 130 2023 9677 18619 478695 61 8601 4747 3326 32199 12033 907 1075 4842 267 1370 7463 16768 634 118 4847 256 3492 3827 5486 229 2328 3760 851 411
leaf_count=659146 130 2023 9677 18619 478695 61 8601 4747 3326 32199 12033 907 1075 4842 267 1370 7463 16768 634 118 4847 256 3492 3827 5486 229 2328 3760 851 411
internal_value=0 2.27147e-05 6.18248e-06 0.00239188 -4.74898e-05 -0.000501019 -0.000511951 0.00475739 0.0081356 0.000247262 0.000480356 0.0104539 0.0127462 -0.00151284 -0.000920751 4.04824e-05 -0.0064906 -0.000414711 0.00258384 -0.00276971 -0.00448691 0.00564341 0.00619304 -0.0146579 -0.0107817 -0.0340684 -0.00293975 0.00509144 -0.0122822 -0.0219456
internal_weight=0 1.28806e+06 1.28604e+06 28296 1.25774e+06 495430 495369 16674 11927 762309 673161 14015 13108 89148 84306 71898 12408 70528 32241 11725 11091 20516 20260 4945 6244 758 38287 6088 4678 640
internal_count=1288188 1288058 1286035 28296 1257739 495430 495369 16674 11927 762309 673161 14015 13108 89148 84306 71898 12408 70528 32241 11725 11091 20516 20260 4945 6244 758 38287 6088 4678 640
is_linear=0
shrinkage=0.1


Tree=128
num_leaves=31
num_cat=0
split_feature=67 4 2 4 92 0 2 94 1 97 6 3 8 64 4 64 2 26 29 29 2 4 62 20 63 2 4 2 63 93
split_gain=16.3097 23.7722 36.7451 32.7449 34.6783 22.9173 20.6314 19.1248 17.5219 16.1162 32.7647 44.5833 32.5058 25.084 21.6038 20.2234 19.1409 16.0873 15.9468 21.2983 25.9638 20.6597 24.3586 19.0187 31.1719 33.4647 29.946 18.734 20.4585 17.5556
threshold=12.500000000000002 12770.470000000001 152557.70500000002 34672.610000000008 17.032258064516132 108.50000000000001 220810.12000000002 18.601437672756692 1186300.0000000002 1.0000000180025095e-35 6.416666666666667 125281.64000000001 1.0000000180025095e-35 3.0792109783081876 27267.225000000002 1.0416322033437833 204550.13000000003 186013.00000000003 393542.50000000006 11016.000000000002 1441.8400000000004 114196.70000000003 392018.00000000006 1.5000000000000002 0.97907096455549114 43728.115000000013 14212.935000000003 9435.8350000000009 1.0320518192185284 17.500000000000004
decision_type=2 2 2 2 2 2 2 2 2 2 2 2 2 2 2 2 2 2 2 2 2 2 2 2 2 2 2 2 2 2
left_child=9 2 -2 4 -3 7 -5 -6 -8 17 15 13 16 -12 -15 -11 -13 18 19 29 -21 -20 -23 27 -25 26 -26 -22 -29 -1
right_child=1 3 -4 6 5 -7 8 -9 -10 10 11 12 -14 14 -16 -17 -18 -19 21 20 23 22 -24 24 25 -27 -28 28 -30 -31
leaf_value=6.465800779270614e-05 -0.021670618871129799 -0.008583247449838417 0.034487196654626566 0.029073968391082686 -0.09178547966151579 -0.058109134901283846 -0.062616657807565881 0.062334714789102956 0.02417987049257132 0.025145275208044316 0.029129010606069497 -0.03233173094303525 -0.0054121103798016913 0.017159885080438333 -0.059596758469009352 -0.0040126544657336739 -0.056899397711270831 0.14384209745282828 0.083998593547869788 -0.10345540834624956 -0.08057809316152767 -0.01807688417366456 0.05995799171052664 0.0024245083343129486 -0.027798769522991009 -0.0061461249376270457 -0.052659898910679084 0.031869939254964584 -0.0097490988337057133 -0.0038823271845398245
leaf_weight=1242008 1558 538 401 251 20 793 146 41 62 1362 1754 178 923 59 78 346 65 10730 366 63 1092 310 159 814 441 431 157 985 199 21858
leaf_count=1242008 1558 538 401 251 20 793 146 41 62 1362 1754 178 923 59 78 346 65 10730 366 63 1092 310 159 814 441 431 157 985 199 21858
internal_value=0 -0.00650995 0.00116823 -0.0146361 -0.0222737 -0.0348014 0.00852618 0.0242629 -0.0147635 4.2498e-05 0.00584738 -0.000350857 -0.0157301 0.00913206 -0.0320784 0.0169411 -0.0482709 2.08818e-05 -1.17237e-05 -2.08208e-05 -0.00714546 0.0138032 -9.2201e-05 -0.00617099 -0.0137222 -0.0252893 -0.0405992 -5.63579e-05 0.00865657 2.75392e-06
internal_weight=0 3810 1959 1851 1392 854 459 61 208 1.28438e+06 4765 3057 1166 1891 137 1708 243 1.27961e+06 1.26888e+06 1.26805e+06 4182 835 469 4119 1843 1029 598 2276 1184 1.26387e+06
internal_count=1288188 3810 1959 1851 1392 854 459 61 208 1284378 4765 3057 1166 1891 137 1708 243 1279613 1268883 1268048 4182 835 469 4119 1843 1029 598 2276 1184 1263866
is_linear=0
shrinkage=0.1


Tree=129
num_leaves=31
num_cat=0
split_feature=146 146 137 64 2 20 20 6 3 20 4 63 6 1 1 5 64 0 63 20 2 4 3 64 20 4 0 3 3 3
split_gain=15.4054 19.0188 15.1489 96.8025 90.3404 101.771 75.0177 69.4354 67.882 58.37 168.16 75.6259 51.1642 46.737 50.9643 54.4673 40.4434 75.9435 75.565 74.4888 85.3548 89.1498 75.2366 54.8713 56.7729 47.5065 63.2247 62.0275 67.94 67.8606
threshold=2577630.5000000005 884814.00000000012 391876.50000000006 0.81107719188936966 20108.600000000002 1.0000000180025095e-35 2.5000000000000004 7.8333333333333348 22812.785000000003 1.5000000000000002 4798.9600000000019 4.6271041774447506 13.833333333333334 543718.00000000012 903431.50000000012 3.0000000000000004 0.099761032489204607 1500038.0000000002 0.0021122292263224514 6.5000000000000009 91453.700000000026 20649.610000000004 67366.590000000011 1.3920034988274268e-06 3.5000000000000004 20649.610000000004 999556.50000000012 48505.180000000008 61516.810000000005 116297.59000000001
decision_type=2 2 2 2 2 2 2 2 2 2 2 2 2 2 2 2 2 2 2 2 2 2 2 2 2 2 2 2 2 2
left_child=1 2 -1 4 5 -4 7 -7 13 11 -11 -5 -12 -6 15 -15 17 18 -10 20 22 -22 -19 24 -20 26 -18 -27 -29 -30
right_child=-2 -3 3 9 8 6 -8 -9 16 10 12 -13 -14 14 -16 -17 25 19 23 -21 21 -23 -24 -25 -26 27 -28 28 29 -31
leaf_value=-0.00011031060460374388 -0.014013659907674704 0.025178681580152198 0.070096216016106966 0.02630246525006312 0.0051166799220596195 0.00088182790890818413 0.071863492045464786 -0.014889961977791914 -0.0024914464846246516 -0.074680923278380426 0.012219757507695366 -0.0076811924073923793 -0.0026404516306520655 -0.068294227647842154 -0.0051026917536525105 -0.05048599481518358 -0.0088829672265130395 0.099642226503245598 -0.059161229725564472 0.0029314225262821931 0.01162218739193692 -0.039516736554398323 -0.035281522252451195 0.01291109001785895 0.044196857297072373 -0.0061812044647965832 0.0029408514434730052 0.0093379496626665327 -0.0084500531516537008 -0.0063007383171963978
leaf_weight=1197738 130 2023 1603 5305 1026 3047 5832 1152 7409 1153 8969 833 2409 1618 890 237 1483 110 68 10956 2979 3429 687 7281 460 614 7057 845 2855 7990
leaf_count=1197738 130 2023 1603 5305 1026 3047 5832 1152 7409 1153 8969 833 2409 1618 890 237 1483 110 68 10956 2979 3429 687 7281 460 614 7057 845 2855 7990
internal_value=0 1.72555e-05 2.01509e-06 0.00126609 -0.00044842 0.0075938 0.00385492 -0.00633676 -0.00206175 0.00766052 0.00374711 0.0156499 0.00743476 -0.015035 -0.0218412 -0.0312793 -0.00115951 0.000998666 0.00620941 -0.00336768 -0.0112651 -0.00742655 -0.0421274 0.0130732 0.0442013 -0.00461554 0.00111479 -0.00859287 -0.00696565 -0.00909364
internal_weight=0 1.28806e+06 1.28604e+06 88297 69628 11634 10031 4199 57994 18669 12531 6138 11378 3771 2745 1855 54223 33379 15218 18161 7205 6408 797 7809 528 20844 8540 12304 11690 10845
internal_count=1288188 1288058 1286035 88297 69628 11634 10031 4199 57994 18669 12531 6138 11378 3771 2745 1855 54223 33379 15218 18161 7205 6408 797 7809 528 20844 8540 12304 11690 10845
is_linear=0
shrinkage=0.1


Tree=130
num_leaves=31
num_cat=0
split_feature=146 147 146 4 1 146 90 89 3 2 4 64 62 134 63 53 29 84 124 123 13 3 2 20 46 2 3 2 134 134
split_gain=15.399 17.2964 19.7883 28.5865 23.1102 22.1654 33.6212 20.9788 18.6215 30.2314 15.6363 49.8186 73.9049 42.2717 36.1796 34.954 33.6705 32.9635 31.341 45.9014 31.2861 30.9721 72.7364 67.6982 48.9136 42.199 51.2368 35.5662 51.5263 49.6604
threshold=2577630.5000000005 9.5000000000000018 34724.500000000007 40607.280000000006 200007.50000000003 7334.5000000000009 2734723.0000000005 30955.000000000004 16752.020000000004 10709.490000000003 131861.36500000002 0.00010403432896337344 517615.50000000006 1159739.0000000002 9.5474455235513265 2.0034222724971921e-05 804913.00000000012 2672297.5000000005 9.5000000000000018 554233.00000000012 4508.5000000000009 235522.00500000003 367681.26000000007 3.5000000000000004 1.0000000180025095e-35 249454.24000000002 219376.04500000001 216530.95500000005 4809163.0000000009 4732619.0000000009
decision_type=2 2 2 2 2 2 2 2 2 2 2 2 2 2 2 2 2 2 2 2 2 2 2 2 2 2 2 2 2 2
left_child=1 2 5 4 -4 7 -7 10 9 -3 13 17 14 16 15 -13 -1 21 19 -14 -16 23 -23 27 -24 26 -25 -12 29 -29
right_child=-2 8 3 -5 -6 6 -8 -9 -10 -11 11 12 18 -15 20 -17 -18 -19 -20 -21 -22 22 24 25 -26 -27 -28 28 -30 -31
leaf_value=0.00024064448810345862 -0.012612293916907234 0.076722243411158034 -0.054936903749536969 -0.0036887969787412602 -0.053897767039142452 0.034012906645938305 0.034610839738257959 -0.019562574650826919 0.016682061965070254 -0.17415944220349799 -0.0022065482663133017 -0.019954572247655757 0.0022191150915494896 -0.034509164374334669 -0.0087261478188548468 0.0074312840337474734 0.086701776004978401 -0.038996605718660614 0.027977998170677365 -0.016961610613501567 0.018152712830271051 -0.0094409195294862698 -0.0024798807865318295 0.026501337621490314 0.012471811243019949 0.038651827497236196 -0.058300218456542631 0.0089063040166534446 -0.029249397576224023 0.020496601917670443
leaf_weight=946285 130 1585 1431 4618 691 1652 192 1105 8495 832 72893 10861 13329 3226 2596 998 237 66 2540 6717 606 39800 78362 1006 32261 660 279 47732 5120 1883
leaf_count=946285 130 1585 1431 4618 691 1652 192 1105 8495 832 72893 10861 13329 3226 2596 998 237 66 2540 6717 606 39800 78362 1006 32261 660 279 47732 5120 1883
internal_value=0 1.01258e-05 -2.37463e-05 -0.00542787 -0.0150352 4.92463e-06 0.0109607 -1.10008e-05 0.00397454 -0.00377007 1.00657e-06 -0.000606275 -0.00402168 0.000204154 -0.00944749 -0.0119943 0.000243102 -0.000147163 -0.000403599 -0.00172959 -1.51773e-05 -0.000130506 -0.00110664 0.0010027 0.000212338 0.0195186 0.00896228 0.000720526 0.00264697 0.00363259
internal_weight=0 1.28806e+06 1.27715e+06 6740 2122 1.27041e+06 1844 1.26856e+06 10912 2417 1.26746e+06 317709 37647 949748 15061 11859 946522 280062 22586 20046 3202 279996 150423 129573 110623 1945 1285 127628 54735 49615
internal_count=1288188 1288058 1277146 6740 2122 1270406 1844 1268562 10912 2417 1267457 317709 37647 949748 15061 11859 946522 280062 22586 20046 3202 279996 150423 129573 110623 1945 1285 127628 54735 49615
is_linear=0
shrinkage=0.1


Tree=131
num_leaves=31
num_cat=0
split_feature=4 3 13 3 3 5 5 3 140 20 6 3 137 1 2 3 20 3 5 2 0 2 124 123 123 124 2 2 20 2
split_gain=15.2689 72.0873 83.9871 83.3729 90.4575 162.797 81.7927 68.9226 63.6014 94.5525 67.5844 67.4266 76.7405 60.2002 63.4927 58.6404 55.7395 51.0096 50.2307 66.5073 51.7796 58.0209 47.2002 44.0062 109.692 54.2087 74.5044 83.622 52.2053 102.024
threshold=0.42500000000000004 7661.8700000000017 526534.50000000012 5461.8300000000008 5064.4250000000011 1.0000000180025095e-35 1.5000000000000002 2418.4900000000002 0.080128205128205135 3.5000000000000004 4.8333333333333348 13258.795000000002 155033.50000000003 347941.50000000006 62911.175000000003 13766.595000000003 1.5000000000000002 37138.575000000004 1.5000000000000002 1.2050000000000003 4.5000000000000009 3.7250000000000005 16.500000000000004 3805174.0000000005 3321494.0000000005 7.5000000000000009 46152.250000000007 233077.21500000003 1.0000000180025095e-35 20108.600000000002
decision_type=2 2 2 2 2 2 2 2 2 2 2 2 2 2 2 2 2 2 2 2 2 2 2 2 2 2 2 2 2 2
left_child=1 3 6 4 7 -6 -3 18 11 10 -10 -8 13 -13 17 -4 -5 -15 19 -1 21 -20 23 24 25 28 -27 -28 29 -17
right_child=-2 2 15 16 5 -7 8 -9 9 -11 -12 12 -14 14 -16 22 -18 -19 20 -21 -22 -23 -24 -25 -26 26 27 -29 -30 -31
leaf_value=-0.034752320837546827 0.00021367186596661371 0.18682288255036994 0.037290988537172214 -0.052306113692937112 -0.073848143586547219 -0.012372273722146963 -0.0090102803951829322 0.033308073241221113 -0.041875679439019944 -0.01625592845178719 -0.036706779182453221 -0.0012468365894692469 0.028204283937482824 -0.0088802543778598864 0.0022064038597799335 0.085758489165070284 0.066146636647657561 -0.021540972588935194 0.047255918192510342 0.10117530614875894 -0.0032197484182538479 -0.029237876628035144 -0.0080966833714262998 -0.001076568795907716 0.0075978065896036718 -0.023573155783330649 0.0030636160915579348 -0.0063751277029748593 0.00062026062102045173 -0.036378371884948489
leaf_weight=857 1036710 1044 899 428 688 2963 17132 14054 1139 2948 761 26688 4266 2191 817 385 9823 431 8239 22404 97161 2000 193 3005 502 188 2814 226 25193 2039
leaf_count=857 1036710 1044 899 428 688 2963 17132 14054 1139 2948 761 26688 4266 2191 817 385 9823 431 8239 22404 97161 2000 193 3005 502 188 2814 226 25193 2039
internal_value=0 -0.000698729 -0.00291151 0.000596723 -5.91079e-06 -0.0155515 -0.00527438 0.000386286 -0.00578801 -0.0167383 -0.034134 -0.0047577 -0.00220455 -0.00398205 -0.0164347 0.0009162 0.00931883 -0.0240195 -0.000329447 0.00388363 -0.00124193 0.00552193 0.000260033 0.000537098 0.00164526 0.000890607 0.0131527 0.0169307 -0.000542638 -0.0145592
internal_weight=0 251478 92861 158617 148366 3651 57417 144715 56373 4848 1900 51525 34393 30127 3439 35444 10251 2622 130661 23261 107400 10239 34545 34352 31347 30845 3228 3040 27617 2424
internal_count=1288188 251478 92861 158617 148366 3651 57417 144715 56373 4848 1900 51525 34393 30127 3439 35444 10251 2622 130661 23261 107400 10239 34545 34352 31347 30845 3228 3040 27617 2424
is_linear=0
shrinkage=0.1


Tree=132
num_leaves=31
num_cat=0
split_feature=64 105 5 3 2 0 6 4 62 4 1 4 123 3 1 0 4 138 6 62 0 2 137 137 62 63 63 62 0 4
split_gain=15.1013 35.6542 37.31 63.7037 62.3915 61.1367 58.7544 49.6305 48.6689 59.1137 68.8897 52.4661 71.4944 58.0627 70.4081 59.766 52.121 54.1401 51.5428 43.6913 43.0255 42.6271 42.5887 41.8257 37.7518 36.3621 43.6628 33.331 34.7026 31.2606
threshold=9.7393500096253103 39073.000000000007 1.5000000000000002 40565.070000000007 33907.750000000007 170978.00000000003 4.166666666666667 2155.9950000000003 903009.50000000012 22744.395000000004 543718.00000000012 111683.07500000001 44677.500000000007 129651.87000000001 526211.50000000012 22187190.000000004 17414.049999999999 5.5000000000000009 4.166666666666667 205.50000000000003 333402.50000000006 408663.7900000001 37098.500000000007 1.5000000000000002 1168324.5000000002 29396.088888888891 24853.218487394963 15971.500000000002 150240.00000000003 512.5100000000001
decision_type=2 2 2 2 2 2 2 2 2 2 2 2 2 2 2 2 2 2 2 2 2 2 2 2 2 2 2 2 2 2
left_child=-1 2 6 4 22 -5 -2 27 11 10 -10 13 -13 14 20 21 17 -12 -11 -16 23 -15 29 -7 -20 26 -19 28 -8 -4
right_child=1 -3 3 5 -6 8 7 -9 9 18 16 12 -14 15 19 -17 -18 25 24 -21 -22 -23 -24 -25 -26 -27 -28 -29 -30 -31
leaf_value=0.00010016743436316312 0.0039851199979308088 -0.036664578589915002 0.039352151899094828 -0.0049041879414607262 0.024606698428649557 -0.01164314849604311 -0.025151642391129062 -0.043651972359883329 -0.020470789659178958 -0.0049539950851799752 0.00055786635323586511 0.0019746802425258067 -0.039876102587126594 0.0081284601769418107 -0.024589863743173998 -0.005306893469926033 -0.010616726612004341 -0.0053360328630964737 0.039272045908685028 0.0046228411101558687 -0.0025727752316774596 0.044854611611113059 0.054524517463646872 0.0016243329489662691 0.016743473026798707 -0.00035666403346807925 -0.010760565379099751 -0.016685974587608857 0.012699752900810757 -0.012079160023200176
leaf_weight=1223622 2174 383 527 9849 2005 358 1088 1366 182 1887 7144 4412 1576 7064 188 2263 2401 1324 699 4759 1862 235 227 1375 1835 2632 98 1548 975 2130
leaf_count=1223622 2174 383 527 9849 2005 358 1088 1366 182 1887 7144 4412 1576 7064 188 2263 2401 1324 699 4759 1862 235 227 1375 1835 2632 98 1548 975 2130
internal_value=0 -0.00149164 -0.00131012 -0.000456375 0.0104583 -0.00147975 -0.00811904 -0.0141098 0.00017263 -0.00373005 -0.00695784 0.00312119 -0.00499308 0.00580503 -0.000186756 0.0111577 -0.0061399 -0.00327322 0.00633149 0.00755269 -0.0108368 0.0155598 0.00103914 0.000502928 0.0156491 -0.0125036 -0.0253883 -0.00796793 0.000354433 -0.0025128
internal_weight=0 64566 64183 57032 4889 52143 7151 4977 42294 18202 13781 24092 5988 18104 8542 9562 13599 11198 4421 4947 3595 7299 2884 1733 2534 4054 1422 3611 2063 2657
internal_count=1288188 64566 64183 57032 4889 52143 7151 4977 42294 18202 13781 24092 5988 18104 8542 9562 13599 11198 4421 4947 3595 7299 2884 1733 2534 4054 1422 3611 2063 2657
is_linear=0
shrinkage=0.1


Tree=133
num_leaves=31
num_cat=0
split_feature=84 89 133 134 3 0 127 2 5 20 3 13 20 1 3 20 3 0 137 17 20 2 137 2 0 3 5 2 93 5
split_gain=14.9341 14.6588 14.7107 25.0523 27.9687 20.606 53.8095 41.3259 56.9092 39.6092 44.791 49.5911 46.0651 39.0547 63.285 41.4311 38.7356 33.5469 123.271 75.1941 64.2856 81.7716 59.06 41.8044 41.4916 40.0254 141.082 38.1988 37.6554 33.2206
threshold=6109054.0000000009 2015634.5000000002 42.000000000000007 4809163.0000000009 480729.49500000005 308.50000000000006 0.88194444444444453 129.22500000000002 3.0000000000000004 4.5000000000000009 28.565000000000001 894.50000000000011 19.500000000000004 1550.5000000000002 86.13000000000001 1.5000000000000002 228713.19000000003 50.500000000000007 49.500000000000007 1.0000000180025095e-35 2.5000000000000004 3.7250000000000005 112.50000000000001 96.66500000000002 64.500000000000014 2.6750000000000003 1.0000000180025095e-35 293.51500000000004 32.500000000000007 1.5000000000000002
decision_type=2 2 2 2 2 2 2 2 2 2 2 2 2 2 2 2 2 2 2 2 2 2 2 2 2 2 2 2 2 2
left_child=1 2 5 4 -4 6 17 8 9 13 11 -11 -13 14 -7 -16 -8 18 28 -20 21 24 -23 -24 -19 26 -22 -25 -1 -27
right_child=-2 -3 3 -5 -6 7 16 -9 -10 10 -12 12 -14 -15 15 -17 -18 20 19 -21 25 22 23 27 -26 29 -28 -29 -30 -31
leaf_value=0.00097166110366848641 0.056002425733739959 -0.031146344264223136 -0.0014071731641296826 -0.025193701558122575 -0.071713252447970999 0.007656848960341512 0.027928499254240527 -0.00012686994320434963 -0.10773834523759572 0.011141766158396038 0.032863760012168224 -0.060082070042839622 0.2906873211316866 -0.011126089006272412 0.0036966930160760025 -0.051768543312119344 0.033543164529870786 0.067953377186519684 -0.023113166522174468 0.032552473174886701 -0.10768883740304287 0.0080811802425228684 0.03688023117853656 -0.050082369044698788 0.12074378990676889 0.12675884121971787 0.0011669294411612908 -0.041327702448790388 -0.17734353219313131 -0.0017082979571921399
leaf_weight=507406 60 305 30345 4524 550 3563 1457 683415 372 1502 6588 1048 353 8362 117 172 176 4963 1407 352 321 9535 193 143 934 3998 1083 443 175 14326
leaf_count=507406 60 305 30345 4524 550 3563 1457 683415 372 1502 6588 1048 353 8362 117 172 176 4963 1407 352 321 9535 193 143 934 3998 1083 443 175 14326
internal_value=0 -2.2951e-06 2.89637e-06 -0.00200685 -0.000989148 5.97338e-05 0.000520427 -0.000297405 -0.00455572 -0.00389104 0.000955052 -0.00939382 -0.0229268 -0.00765673 0.000674696 -0.0443309 0.0186458 0.000466146 0.000257794 -0.0261691 0.00341897 0.0080846 0.00271431 -0.02376 0.0174774 -0.0004149 -0.0166873 -0.0370545 0.000349376 0.000831908
internal_weight=0 1.28813e+06 1.28782e+06 35419 30895 1.2524e+06 546912 705492 22077 21705 9491 2903 1401 12214 3852 289 1633 545279 509340 1759 35939 16211 10314 779 5897 19728 1404 586 507581 18324
internal_count=1288188 1288128 1287823 35419 30895 1252404 546912 705492 22077 21705 9491 2903 1401 12214 3852 289 1633 545279 509340 1759 35939 16211 10314 779 5897 19728 1404 586 507581 18324
is_linear=0
shrinkage=0.1


Tree=134
num_leaves=31
num_cat=0
split_feature=84 106 3 88 66 88 127 4 4 64 64 127 20 1 4 0 3 3 2 3 2 20 20 0 64 6 2 0 2 90
split_gain=14.9347 14.547 21.2698 48.1786 14.5018 15.964 14.0493 45.2246 58.9592 95.9189 106.056 43.9416 43.7148 41.3667 40.5825 38.2617 86.9121 48.0534 74.2048 46.5192 44.7916 37.4201 36.2619 33.8859 51.1652 39.0836 38.4075 38.6313 33.5126 32.5877
threshold=6109054.0000000009 6.5000000000000009 389293.33000000002 2543859.5000000005 2786291.5000000005 3555038.5000000005 0.81666666666666676 14920.300000000001 22744.395000000004 0.0016357794225057547 0.00076530469398898473 0.78888888888888908 22.500000000000004 1760894.0000000002 38587.005000000012 1855.5000000000002 107367.19000000002 58366.775000000001 84739.300000000003 45946.840000000004 109191.67500000002 3.5000000000000004 1.0000000180025095e-35 392000.50000000006 1.3750002620446191 1.6666666666666667 93284.900000000009 30196322.500000004 144490.54500000004 0.00041108421155549034
decision_type=2 2 2 2 2 2 2 2 2 2 2 2 2 2 2 2 2 2 2 2 2 2 2 2 2 2 2 2 2 2
left_child=1 4 3 -3 5 6 11 12 9 10 -9 -1 23 -11 21 16 -13 19 -19 -17 22 -10 -20 -8 25 -25 -26 -28 -15 -16
right_child=-2 2 -4 -5 -6 -7 7 8 14 13 -12 15 -14 28 29 17 -18 18 20 -21 -22 -23 -24 24 26 -27 27 -29 -30 -31
leaf_value=-7.6509285117969093e-05 0.050402183160365967 0.026362607150170372 -0.024814340141831728 0.044577584171818729 0.044174157095745355 -0.015131244199483944 0.0053656836121059211 -0.0050962682120467076 0.0060720194275071648 0.0072139160464317273 -0.028219528576417109 -0.0014151134186859205 0.017211686163388928 0.018288156250545095 -0.0056761035917944902 -0.010508743735252901 -0.0070645958595644091 0.0054634170820859976 0.0030479010591981243 -0.042240164462591892 -0.00028941719488418852 -0.00091862893477146065 -0.0063985262347620144 0.0019562503897348521 -0.020205290719045355 -0.00024209263196507924 0.024108784909211034 -0.035191528955814504 -0.018688422323392451 0.020177017448349811
leaf_weight=1216167 60 2696 82 87 307 515 16692 619 2671 1133 532 833 110 95 10234 715 441 675 52 170 1286 1352 179 883 207 25850 1103 164 1321 957
leaf_count=1216167 60 2696 82 87 307 515 16692 619 2671 1133 532 833 110 95 10234 715 441 675 52 170 1286 1352 179 883 207 25850 1103 164 1321 957
internal_value=0 -3.226e-06 0.00711449 0.0085935 -1.90922e-05 -2.42843e-05 -1.72264e-05 0.00142793 -0.00267522 -0.0139967 -0.0379574 -9.29144e-05 0.00315218 -0.00317733 7.81461e-05 -0.0101245 -0.0246981 -0.00409042 0.00385011 -0.0237578 -0.008423 0.0086922 -0.0489664 0.00299792 0.000884596 -0.000115482 0.0190224 0.025547 -0.0145726 -0.00301848
internal_weight=0 1.28813e+06 2865 2783 1.28526e+06 1.28496e+06 1.28444e+06 63923 18914 3700 1151 1.22052e+06 45009 2549 15214 4351 1274 3077 2192 885 1517 4023 231 44899 28207 26733 1474 1267 1416 11191
internal_count=1288188 1288128 2865 2783 1285263 1284956 1284441 63923 18914 3700 1151 1220518 45009 2549 15214 4351 1274 3077 2192 885 1517 4023 231 44899 28207 26733 1474 1267 1416 11191
is_linear=0
shrinkage=0.1


Tree=135
num_leaves=31
num_cat=0
split_feature=84 93 93 3 1 20 6 67 94 137 1 6 2 3 2 94 20 13 92 4 4 93 92 94 0 1 94 75 4 4
split_gain=14.9358 14.0802 45.3416 34.8365 33.0609 29.3495 26.8345 25.5249 24.8193 44.4842 27.2253 38.0388 51.5152 27.654 46.5348 31.472 29.8644 75.9747 50.584 83.8633 33.6616 32.4117 27.5805 23.5068 22.6923 22.5958 29.9935 22.5005 21.5204 21.7477
threshold=6109054.0000000009 17.500000000000004 16.500000000000004 582413.95000000007 2074640.5000000002 7.5000000000000009 21.833333333333339 9.5000000000000018 0.0077561327561327569 2.5000000000000004 248.50000000000003 9.1666666666666696 158038.17000000004 163343.36500000002 353299.68500000006 2.4122168284789649 3.5000000000000004 35.500000000000007 309.21428571428578 0.8650000000000001 9708.4100000000017 617.00000000000011 439.15909090909093 46813.000000000007 83041.000000000015 994828.00000000012 13.000006114263355 19.500000000000004 1213.8250000000003 1000.0700000000001
decision_type=2 2 2 2 2 2 2 2 2 2 2 2 2 2 2 2 2 2 2 2 2 2 2 2 2 2 2 2 2 2
left_child=1 2 -1 4 5 8 -7 -6 -3 10 11 12 -10 14 15 -12 18 -18 20 24 25 22 -19 -5 -20 -17 -27 28 29 -21
right_child=-2 3 -4 23 7 6 -8 -9 9 -11 13 -13 -14 -15 -16 16 17 21 19 27 -22 -23 -24 -25 -26 26 -28 -29 -30 -31
leaf_value=2.5481055581400016e-05 0.045361964844329382 -0.051700403679543407 0.036725929080686504 0.0029722757788659651 -0.022505093882604486 -0.037324783575385365 0.051279585219897554 0.12492123287603606 -0.016745708634169888 0.034741470440312928 0.023716304804729929 0.0013330966462079539 -0.082376166927257008 0.0094083554076566378 -0.028060329756937671 -0.0035418019307140725 0.027520690341052801 -1.2316875671728754e-05 0.055488905120801894 -0.03225963439373461 0.031573868378519034 -0.10067634022530947 -0.053797738325601974 0.071644114597379058 -0.098006659836333887 -0.01237413005817754 -0.009254968066759222 -0.05727898975452736 0.0038197812161503645 -0.075306802295705383
leaf_weight=1265187 60 663 798 97 821 1359 340 67 409 1214 1305 792 306 1061 101 7597 1375 1616 26 282 466 287 30 90 237 112 437 180 769 104
leaf_count=1265187 60 663 798 97 821 1359 340 67 409 1214 1305 792 306 1061 101 7597 1375 1616 26 282 466 287 30 90 237 112 437 180 769 104
internal_value=0 -5.1613e-06 3.85635e-05 -0.00250505 -0.0028711 -0.00207444 -0.0146766 -0.0217721 -0.000969006 -0.000295087 -0.00157979 -0.0144287 -0.0311499 -0.000368445 -0.00147746 -0.00101653 -0.0024482 0.00580935 -0.00512361 -0.0214638 -0.00209161 -0.00697231 -0.00156525 0.0404738 -0.0730769 -0.00358693 -0.0231788 -0.0112958 -0.00617074 -0.0254373
internal_weight=0 1.28813e+06 1.26598e+06 22143 21956 21068 1699 888 19369 18706 17492 1507 715 15985 14924 14823 13518 3308 10210 1598 8612 1933 1646 187 263 8146 549 1335 1155 386
internal_count=1288188 1288128 1265985 22143 21956 21068 1699 888 19369 18706 17492 1507 715 15985 14924 14823 13518 3308 10210 1598 8612 1933 1646 187 263 8146 549 1335 1155 386
is_linear=0
shrinkage=0.1


Tree=136
num_leaves=31
num_cat=0
split_feature=84 2 13 2 0 2 20 0 20 137 137 138 13 4 13 20 2 2 137 6 20 20 123 137 137 1 20 2 2 141
split_gain=14.9354 14.0621 76.024 46.062 39.4283 31.9496 65.4214 176.617 105.283 67.0879 59.3377 41.74 42.6217 32.3958 65.3097 72.3901 154.635 221.12 130.237 76.8321 66.9888 116.155 77.7196 63.2599 95.738 59.6507 57.7612 53.0778 96.2625 125.105
threshold=6109054.0000000009 1.3050000000000004 3.5000000000000004 1.2050000000000003 16.500000000000004 21.130000000000006 1.0000000180025095e-35 45.500000000000007 2.5000000000000004 24.500000000000004 113.50000000000001 7.5000000000000009 35.500000000000007 0.42500000000000004 1.5000000000000002 1.0000000180025095e-35 20108.600000000002 36531.375000000007 146903.50000000003 4.8333333333333348 14.500000000000002 20.500000000000004 524.50000000000011 3268308.5000000005 3025875.5000000005 125.50000000000001 11.500000000000002 1967.5800000000002 1202.1400000000001 0.19090909090909094
decision_type=2 2 2 2 2 2 2 2 2 2 2 2 2 2 2 2 2 2 2 2 2 2 2 2 2 2 2 2 2 2
left_child=1 2 -1 4 -4 6 7 11 10 -9 -8 -3 -13 14 -7 16 18 19 27 -18 23 22 -22 24 25 26 -17 28 -16 -30
right_child=-2 5 3 -5 -6 13 8 9 -10 -11 -12 12 -14 -15 15 20 17 -19 -20 -21 21 -23 -24 -25 -26 -27 -28 -29 29 -31
leaf_value=0.040158358391568519 0.040825768359896437 0.012105865255739468 -0.018976315654050158 -0.0079354085196741472 0.0039772753390320383 -0.024623587675359819 0.075031689376151567 0.015125738904998555 0.00034889821135319909 -0.028593079114745151 0.11036781177347198 -0.0056967158323269155 -0.035398570764068653 0.00019611047518126591 0.016335578579924247 0.01220807007460406 -0.075493290325289397 0.0024900170821317942 0.070641204857817039 -0.05028812601021912 0.036403104364847019 -0.0052900579421571907 0.0079877309049240178 0.049744974658242021 -0.024655896746040275 -0.0023017351764034466 -0.054505703655804871 0.043637818691844465 -0.0055733996475901227 -0.027406382600365944
leaf_weight=4423 60 7108 6972 3974 2166 3237 11722 511 16640 2231 950 2501 542 1033572 7654 6304 1571 1792 2077 1263 9585 11127 1409 525 574 127138 358 13689 5642 871
leaf_count=4423 60 7108 6972 3974 2166 3237 11722 511 16640 2231 950 2501 542 1033572 7654 6304 1571 1792 2077 1263 9585 11127 1409 525 574 127138 358 13689 5642 871
internal_value=0 -4.46955e-06 -0.00281699 -0.00664124 -0.0027326 3.4345e-05 0.00273964 -0.00319677 0.0053508 -0.0257163 0.0122185 0.00288624 -0.00691417 -5.86037e-05 -0.00124147 -0.00100347 0.00313998 -0.0138755 0.00576965 -0.0312608 -0.00191541 0.00318524 0.0104752 -0.00275183 -0.00288719 -0.00271236 0.00651155 0.0039685 -0.000322358 -0.00925836
internal_weight=0 1.28813e+06 17535 13112 9138 1.27059e+06 42205 12893 29312 2742 12672 10151 3043 1.22839e+06 194816 191579 34559 4626 29933 2834 157020 22121 10994 134899 134374 133800 6662 27856 14167 6513
internal_count=1288188 1288128 17535 13112 9138 1270593 42205 12893 29312 2742 12672 10151 3043 1228388 194816 191579 34559 4626 29933 2834 157020 22121 10994 134899 134374 133800 6662 27856 14167 6513
is_linear=0
shrinkage=0.1


Tree=137
num_leaves=31
num_cat=0
split_feature=18 20 8 2 129 2 2 6 138 3 3 62 0 4 62 0 105 2 6 20 127 146 123 20 2 17 13 3 3 92
split_gain=14.9906 28.7632 35.5329 57.7068 37.2282 17.3166 22.7016 16.0271 63.6668 53.3151 106.985 84.6229 72.7953 95.5882 66.2622 66.7572 58.1271 54.1079 49.7355 81.8345 76.0956 64.7081 57.017 100.945 90.1202 69.7053 58.5547 47.7366 45.4431 63.2718
threshold=1.5000000000000002 4.5000000000000009 1.0000000180025095e-35 10709.490000000003 0.07417582417582419 252593.01500000004 42807.490000000013 5.416666666666667 8.5000000000000018 127474.70000000001 582413.95000000007 1168324.5000000002 2786344.0000000005 12770.470000000001 3196641.0000000005 4494521.0000000009 940134.00000000012 163030.26000000004 4.5833333333333348 22.500000000000004 0.60769230769230786 33131.000000000007 547268.50000000012 3.5000000000000004 97483.180000000008 3.5000000000000004 2528783.0000000005 118129.10500000003 67366.590000000011 1.0238095238095239
decision_type=2 2 2 2 2 2 2 2 2 2 2 2 2 2 2 2 2 2 2 2 2 2 2 2 2 2 2 2 2 2
left_child=7 2 3 -2 5 6 -5 8 9 11 -11 16 13 -13 -14 17 18 -16 19 22 -21 -20 28 26 -25 -26 -24 -17 29 -1
right_child=1 -3 -4 4 -6 -7 -8 -9 -10 10 -12 12 14 -15 15 27 -18 -19 21 20 -22 -23 23 24 25 -27 -28 -29 -30 -31
leaf_value=-0.00014467460077514094 0.00014491942246253053 0.0010786196797001768 -0.00086704967458491131 -0.044091067996137136 -0.0033029278376578656 0.0050887212047793159 -0.035631305685524944 -0.00022679778830766162 0.051021594056054456 0.0028770905368799894 -0.0055360584108477663 -0.0035607321394680704 0.0017350868283715502 0.019664415448073416 -0.0072277120216204804 -0.010765967100502351 0.016242608802368143 0.002876090335586624 0.038494115727955469 -0.022330994575642409 0.019844850905367598 -0.045179840505216146 -0.0022083740815631026 0.0074672674744241888 0.00084156067733749207 -0.0048084896395891308 0.0063104183415812589 -0.0032471400001030035 -0.0037289929938770271 0.024045232199235801
leaf_weight=163715 1390 7265 3252 713 669 67 438 977628 232 58106 17744 2564 2352 310 50 180 158 255 12532 1183 174 1349 1780 1499 2189 147 128 219 25284 4616
leaf_count=163715 1390 7265 3252 713 669 67 438 977628 232 58106 17744 2564 2352 310 50 180 158 255 12532 1183 174 1349 1780 1499 2189 147 128 219 25284 4616
internal_value=0 -0.0032789 -0.00809581 -0.0154448 -0.0268341 -0.0372439 -0.0401206 3.54798e-05 0.000679139 0.00063817 0.00292532 -0.000147935 -0.0119322 -0.0233572 -0.00118757 -0.0281022 0.000177464 0.00711859 0.000132823 -0.00026753 -0.0247415 0.0059218 -0.000100939 0.00971847 0.01907 0.00679011 -0.00907761 -0.0550254 -0.000392202 0.00020155
internal_weight=0 13794 6529 3277 1887 1218 1151 1.27439e+06 296766 296534 75850 220684 5930 2874 3056 704 214754 305 214596 200715 1357 13881 199358 5743 3835 2336 1908 399 193615 168331
internal_count=1288188 13794 6529 3277 1887 1218 1151 1274394 296766 296534 75850 220684 5930 2874 3056 704 214754 305 214596 200715 1357 13881 199358 5743 3835 2336 1908 399 193615 168331
is_linear=0
shrinkage=0.1


Tree=138
num_leaves=31
num_cat=0
split_feature=84 146 146 94 93 0 92 4 20 94 92 6 92 4 64 62 84 134 6 20 64 21 29 137 5 3 90 0 138 88
split_gain=14.9351 14.044 14.4019 13.7715 38.2229 47.5174 24.6559 78.9993 23.8595 19.8999 25.9187 17.9355 15.429 14.0716 40.5081 59.5408 36.3275 35.4963 30.341 34.9429 30.4375 34.9579 29.3707 28.9375 53.0051 35.1822 27.5623 27.6081 43.6026 34.5012
threshold=6109054.0000000009 2577630.5000000005 952986.00000000012 9871.883333333335 111.50000000000001 2057541.0000000002 2185.1000000000004 1.0950000000000004 5.5000000000000009 38411.000000000007 2796.6250000000005 6.416666666666667 242.69417475728159 131861.36500000002 0.00010403432896337344 384415.50000000006 2672297.5000000005 1159739.0000000002 20.416666666666668 6.5000000000000009 249.76862500000001 2.5000000000000004 804913.00000000012 6113426.0000000009 1.0000000180025095e-35 207437.67000000004 95590.500000000015 1344.5000000000002 9.5000000000000018 422687.50000000006
decision_type=2 2 2 2 2 2 2 2 2 2 2 2 2 2 2 2 2 2 2 2 2 2 2 2 2 2 2 2 2 2
left_child=1 2 3 13 5 6 7 -5 9 12 -11 -9 -6 17 16 18 26 22 19 20 21 -16 23 -1 -25 -26 27 -15 29 -29
right_child=-2 -3 -4 4 8 -7 -8 11 -10 10 -12 -13 -14 14 15 -17 -18 -19 -20 -21 -22 -23 -24 24 25 -27 -28 28 -30 -31
leaf_value=0.00021759217597016762 0.036765871302737556 -0.011361589906662757 0.022657486195980871 -0.082327002085227086 0.0088052725928013942 -0.023157989188437388 -0.00093308405864185324 0.0040613500488772391 -0.07844702324639552 0.091844598091957955 -0.035582900914690165 -0.011552083035696624 -0.027697773881021126 -0.00066999120133086625 -0.027269059138710933 -0.001017072982411029 -0.035114266669168698 -0.031178626423034664 0.0051188256674134956 2.0423123204920652e-05 -0.0029921637412592796 0.018679134640381838 0.078021073023034293 -0.02183521931669348 -0.0049580569648575703 0.060191627860549504 -0.020998052651952894 0.017287960588615491 -0.020904052379250016 -0.0022103696020418884
leaf_weight=945298 60 130 1917 183 155 614 11745 821 50 149 24 1595 37 270895 8029 24277 65 3226 520 2733 1957 457 237 325 461 1026 769 6657 1325 2451
leaf_count=945298 60 130 1917 183 155 614 11745 821 50 149 24 1595 37 270895 8029 24277 65 3226 520 2733 1957 457 237 325 461 1026 769 6657 1325 2451
internal_value=0 -3.95798e-06 -6.40712e-07 -1.35508e-05 -0.00298864 -0.00381919 -0.00265309 -0.0114666 0.0269475 0.035822 0.0604203 -0.00666831 0.0136579 2.24417e-05 -0.000550981 -0.00361729 -0.000138321 0.00021556 -0.00888923 -0.00982427 -0.0124587 -0.0150513 0.000251219 0.000242411 0.0128675 0.0208634 -0.000121097 -6.94183e-05 0.00497845 0.00744419
internal_weight=0 1.28813e+06 1.288e+06 1.28608e+06 15373 14958 14344 2599 415 365 173 2416 192 1.27071e+06 320135 37973 282162 950573 13696 13176 10443 8486 947347 947110 1812 1487 282097 281328 10433 9108
internal_count=1288188 1288128 1287998 1286081 15373 14958 14344 2599 415 365 173 2416 192 1270708 320135 37973 282162 950573 13696 13176 10443 8486 947347 947110 1812 1487 282097 281328 10433 9108
is_linear=0
shrinkage=0.1


Tree=139
num_leaves=31
num_cat=0
split_feature=128 13 20 4 13 2 20 6 90 124 20 2 94 64 2 4 4 2 4 2 20 0 0 94 3 6 105 64 63 123
split_gain=14.1254 26.3277 27.168 24.7809 19.6641 30.3959 16.5467 135.044 64.7081 64.0245 67.1935 83.4657 63.7652 63.3752 62.7602 46.6457 49.6139 34.4777 76.1048 48.0639 34.4065 42.8084 41.3797 33.9009 32.4398 30.2377 44.5325 39.6431 65.448 48.5401
threshold=0.17424242424242428 3070.5000000000005 6.5000000000000009 1.1450000000000002 1.5000000000000002 225856.35000000001 5.5000000000000009 18.583333333333339 1.1416676910284753 12.500000000000002 6.5000000000000009 340306.98000000004 0.51606222539083724 1.0003341740906577 305889.21000000002 103.67500000000003 1055.9150000000002 340306.98000000004 31416.910000000003 367681.26000000007 7.5000000000000009 373.50000000000006 3552.5000000000005 151834.00000000003 150221.43000000002 10.41666666666667 4897042.5000000009 0.15593674029606247 0.10226604770802952 3808664.0000000005
decision_type=2 2 2 2 2 2 2 2 2 2 2 2 2 2 2 2 2 2 2 2 2 2 2 2 2 2 2 2 2 2
left_child=6 4 3 -3 5 -2 23 8 9 12 11 -11 -8 -13 15 -14 -17 24 19 -19 21 -18 -22 25 -9 -1 27 28 29 -27
right_child=1 2 -4 -5 -6 -7 7 17 -10 10 -12 13 14 -15 -16 16 20 18 -20 -21 22 -23 -24 -25 -26 26 -28 -29 -30 -31
leaf_value=0.00060290477121268673 0.0037495390331168557 -0.015637073109566826 0.0029754994552684934 -0.0048751088190376671 0.0078308298197022671 -0.042117411261096332 -0.00048382127274250724 0.036555568131354924 -0.036561221549366495 -0.0015769340308283927 -0.0023063009832831939 -0.031156993853876148 -0.0093852892447748391 0.043442131191897854 0.0040181809341052754 -0.063100772035217106 -0.093374279360889476 -0.036049278541005973 0.023935935337611316 -0.003581418181648699 0.0046334139060492888 -0.0089706831638157493 -0.018762212811961013 0.061153704450899252 0.024241526373900271 -0.0011641231567244713 0.041615906598720956 -0.0022200459078350345 0.0061998964444261069 -0.0093731772857827984
leaf_weight=604843 138 1321 1134 2844 2253 75 180824 14254 1571 785 2591 1088 6680 72 3863 2894 985 496 2407 715 2573 881 2793 182 1494 371325 61 48895 28052 99
leaf_count=604843 138 1321 1134 2844 2253 75 180824 14254 1571 785 2591 1088 6680 72 3863 2894 985 496 2407 715 2573 881 2793 182 1494 371325 61 48895 28052 99
internal_value=0 -0.00424883 -0.00822107 -0.0119573 0.0042868 -0.0247555 2.91843e-05 -0.000745289 -0.0014903 -0.00133613 -0.0130852 -0.0271327 -0.00107164 -0.0441739 -0.00633339 -0.00897527 -0.0132543 0.0072411 -0.00156184 -0.0220092 -0.00882632 -0.0205229 -0.00475888 0.000196044 0.00926352 0.000188587 -0.00043368 -0.000445304 -0.000116337 -0.000468099
internal_weight=0 7765 5299 4165 2466 213 1.28042e+06 226966 207600 206029 4536 1945 201493 1160 20669 16806 10126 19366 3618 1211 7232 1866 5366 1.05346e+06 15748 1.05328e+06 448432 448371 399476 371424
internal_count=1288188 7765 5299 4165 2466 213 1280423 226966 207600 206029 4536 1945 201493 1160 20669 16806 10126 19366 3618 1211 7232 1866 5366 1053457 15748 1053275 448432 448371 399476 371424
is_linear=0
shrinkage=0.1


Tree=140
num_leaves=31
num_cat=0
split_feature=63 13 0 0 63 6 6 13 4 3 6 6 63 6 64 1 1 4 6 63 4 64 138 2 6 63 3 1 62 4
split_gain=15.4738 26.8239 22.9727 58.4866 39.3183 34.8103 30.1093 30.0822 28.1593 23.944 26.7978 27.5412 23.8069 25.9742 21.7242 19.1774 18.6524 23.9707 22.6817 25.846 28.1735 20.92 20.7058 18.5325 17.8994 17.5856 18.5108 27.367 35.8166 23.6851
threshold=14823.454545454546 25.500000000000004 1280385.0000000002 1122860.0000000002 34881.909259259271 4.166666666666667 7.8333333333333348 41.500000000000007 87618.815000000017 64694.055000000008 4.166666666666667 5.7500000000000009 37075.431286549712 5.7500000000000009 42755.45346320347 500474.50000000006 160953.50000000003 9708.4100000000017 4.8333333333333348 42755.51315789474 13.455000000000002 260831.25000000003 7.5000000000000009 46152.250000000007 6.416666666666667 1249.8675015683818 627852.56500000006 543718.00000000012 384884.00000000006 164.33500000000004
decision_type=2 2 2 2 2 2 2 2 2 2 2 2 2 2 2 2 2 2 2 2 2 2 2 2 2 2 2 2 2 2
left_child=25 16 3 5 7 -3 8 -4 23 12 -11 -12 -6 14 -14 -8 17 -2 21 22 -21 -18 -20 -7 -13 -1 27 28 -27 -30
right_child=1 2 4 -5 9 6 15 -9 -10 10 11 24 13 -15 -16 -17 18 -19 19 20 -22 -23 -24 -25 -26 26 -28 -29 29 -31
leaf_value=1.2361180797987315e-05 -0.013406289832263371 -0.0027176900518421851 -0.046479382585629031 -0.0052459515683952679 -0.0058295036312471021 -0.0033554554470759837 -0.015058626328204575 0.0071731993697435117 -0.0056562026096654509 -0.00013057513274037773 -0.025160766990674328 -0.00013903629680272919 -0.00017837028390707554 0.00085027880634092057 -0.0021948051346151521 -0.0015673772837763401 0.0014227350173087227 0.00014248375054251027 0.0030815803162313696 0.0047471077471767931 0.0041440630203863852 -0.010270011560965596 -0.0043840546552554793 0.0010183610952010599 -0.0023891655357190624 0.0038453051168448661 -0.034513727240792935 0.010231489729195038 -0.0091672778215909252 -0.002540109758828
leaf_weight=1271486 546 217 52 281 28 39 93 222 47 970 128 363 103 856 60 489 1472 870 315 372 1508 1229 398 682 719 2587 284 1305 152 315
leaf_count=1271486 546 217 52 281 28 39 93 222 47 970 128 363 103 856 60 489 1472 870 315 372 1508 1229 398 682 719 2587 284 1305 152 315
internal_value=0 -0.0035673 -0.00884969 -0.0178699 -0.00408839 -0.0103364 -0.00436077 0.0322801 0.00863985 -0.00717639 -0.013146 -0.0230729 0.0052531 0.0077527 -0.0288344 -0.0215162 0.000643652 -0.00955085 0.0033704 0.0100509 0.0161993 -0.00304295 -0.00616086 0.0135288 -0.0178838 3.17284e-05 0.00617482 0.0077865 0.00260697 -0.0228817
internal_weight=0 12059 5349 1848 3501 1567 1350 274 768 3227 2180 1210 1047 1019 163 582 6710 1416 5294 2593 1880 2701 713 721 1082 1.27613e+06 4643 4359 3054 467
internal_count=1288188 12059 5349 1848 3501 1567 1350 274 768 3227 2180 1210 1047 1019 163 582 6710 1416 5294 2593 1880 2701 713 721 1082 1276129 4643 4359 3054 467
is_linear=0
shrinkage=0.1


Tree=141
num_leaves=31
num_cat=0
split_feature=123 3 0 0 124 2 4 64 64 20 3 20 2 64 64 4 64 2 52 124 6 6 6 20 64 0 124 4 4 4
split_gain=14.4748 32.7835 116.806 63.6224 54.6591 53.2263 35.3752 41.5993 34.4547 31.8758 55.1965 79.4036 61.9502 81.558 73.2052 59.0113 53.5721 52.4171 50.162 40.7267 39.9397 38.6802 49.5207 41.0417 51.2854 42.1935 40.239 64.5634 38.3908 34.3934
threshold=1876881.0000000002 86300.340000000011 4727634.0000000009 5674064.5000000009 9.5000000000000018 109191.67500000002 4469.0500000000011 0.11993938182094908 0.44444404313396962 2.5000000000000004 189461.23000000001 4.5000000000000009 452513.92500000005 0.0016357794225057547 0.0062140455455513407 3273.5200000000009 0.0011910161296741952 130692.23000000001 3.999644966926894e-07 12.500000000000002 5.7500000000000009 22.833333333333339 4.8333333333333348 6.5000000000000009 1.080650315380532 2139430.5000000005 11.500000000000002 116432.38500000002 59388.520000000011 1724.1000000000001
decision_type=2 2 2 2 2 2 2 2 2 2 2 2 2 2 2 2 2 2 2 2 2 2 2 2 2 2 2 2 2 2
left_child=-1 2 4 -4 6 -3 7 -2 -6 19 11 17 13 16 -14 29 -12 -11 -17 -7 -19 22 -15 24 25 -24 27 -25 -27 -13
right_child=1 5 3 -5 8 9 -8 -9 -10 10 12 15 14 21 -16 18 -18 20 -20 -21 -22 -23 23 26 -26 28 -28 -29 -30 -31
leaf_value=0.00010027906354439509 -0.0052803406336905728 0.0056818013373943158 -0.011867986312365844 -0.024620562503041621 0.016237333358079826 0.0015976616302088719 -0.04470590115876525 -0.00035049408702328942 -0.0043647440556572941 0.0053759667195443081 -0.0081665155460301717 0.00045266565723196724 0.015682917118685816 0.0029949584949628722 -0.0078305916515207935 0.016988435921127473 -0.041483760028717606 -0.00019678163470750843 -0.0071462861996680754 -0.0045639714715346993 -0.021720779903702803 0.1921481627395964 -0.01459612340655604 -0.040367943336801868 0.010429042185939749 -0.019446758870922311 0.092425102071125642 0.15380399808708722 -0.053543806519575625 -0.0083991696245374319
leaf_weight=1221031 1684 234 340 225 1584 24021 508 3704 473 119 1729 6039 3114 1479 9261 2658 195 190 851 2689 463 364 606 182 579 1346 885 211 460 964
leaf_count=1221031 1684 234 340 225 1584 24021 508 3704 473 119 1729 6039 3114 1479 9261 2658 195 190 851 2689 463 364 606 182 579 1346 885 211 460 964
internal_value=0 -0.00143133 -0.00722838 -0.0511627 -0.00410718 -0.000589246 -0.00900389 -0.00662546 0.00992831 -0.000779946 -0.00292455 0.00268801 -0.00602739 -0.012864 -0.00158787 0.0049613 -0.0308197 -0.0282664 0.0155459 0.00176492 -0.03939 -0.00721173 -0.00921365 -0.014677 -0.0210862 -0.0275018 0.000323083 -0.0263046 -0.0351633 -0.000342348
internal_weight=0 67157 8518 565 7953 58639 5896 5388 2057 58405 31695 11284 20411 8036 12375 10512 1924 772 3509 26710 653 6112 5748 4269 2991 2412 1278 393 1806 7003
internal_count=1288188 67157 8518 565 7953 58639 5896 5388 2057 58405 31695 11284 20411 8036 12375 10512 1924 772 3509 26710 653 6112 5748 4269 2991 2412 1278 393 1806 7003
is_linear=0
shrinkage=0.1


Tree=142
num_leaves=31
num_cat=0
split_feature=146 66 62 63 3 3 90 6 89 141 3 20 90 4 2 2 67 146 118 3 6 0 1 123 109 4 3 20 2 63
split_gain=14.0457 13.5716 23.1764 16.6626 16.5302 15.9477 15.268 64.924 62.3507 36.492 35.3614 30.0341 31.824 28.9125 35.9692 28.7869 24.3684 21.8219 20.2908 44.4037 19.3071 20.2857 25.9824 38.663 18.3726 54.904 26.33 19.1036 47.1804 76.1706
threshold=2577630.5000000005 362710.50000000006 598577.00000000012 0.954604902284514 91544.24500000001 119579.48500000002 0.64788177524155099 5.7500000000000009 0.62647295787816815 0.19090909090909094 261489.61500000002 4.5000000000000009 319.43341517839667 351324.09000000008 158038.17000000004 1847106.1000000003 4.5000000000000009 7334.5000000000009 0.5634920634920636 36092.490000000005 6.8333333333333348 517.50000000000011 1803.5000000000002 687.00000000000011 0.22500000000000003 4469.0500000000011 93499.605000000025 1.0000000180025095e-35 21.130000000000006 0.086647054588621167
decision_type=2 2 2 2 2 2 2 2 2 2 2 2 2 2 2 2 2 2 2 2 2 2 2 2 2 2 2 2 2 2
left_child=1 6 4 5 -3 -4 8 11 18 10 20 12 -8 14 -10 16 17 -12 24 -20 -9 -22 23 -23 27 26 -26 -1 -29 -30
right_child=-2 2 3 -5 -6 -7 7 9 13 -11 15 -13 -14 -15 -16 -17 -18 -19 19 -21 21 22 -24 -25 25 -27 -28 28 29 -31
leaf_value=0.00053240234884041214 -0.010296985417551989 0.0077976582005008128 -0.01193830763026741 0.0012437957242114662 0.013319836582949619 -0.0031306100863956639 0.020438217686066826 -0.0076728285399233279 0.04736712059837709 0.019238153918926953 0.00023746472438701443 -0.014321524338425524 0.0056417914932666846 -0.0076075105843399216 0.031845466641581825 -0.051101846708693666 0.067690079185243432 0.029832753996486463 0.033252030777634965 -0.0021243523579897116 0.052686231892178963 0.0018382410912894942 -0.022810293361901504 -0.16576849727224979 0.039536070950491636 -0.020180428902545192 -0.0077684949991385019 0.006880120410035895 -0.0019970135982350537 0.00023426917462474606
leaf_weight=617355 130 3991 102 263 1226 122 1290 2043 4115 1008 2131 437 1616 1719 1341 252 55 148 1609 2036 123 97 4697 164 1508 478 293 44248 252604 340987
leaf_count=617355 130 3991 102 263 1226 122 1290 2043 4115 1008 2131 437 1616 1719 1341 252 55 148 1609 2036 123 97 4697 164 1508 478 293 44248 252604 340987
internal_value=0 1.319e-06 0.00486833 -0.0159948 0.00681587 -0.0360377 -2.03298e-05 -0.00329742 1.60019e-05 -0.00709237 -0.00897239 0.00886957 0.0125452 0.00931161 0.0128748 0.0010438 0.00451064 0.00292329 -3.68845e-05 0.00741338 -0.0126083 -0.0159093 -0.0169046 -0.0476143 -5.84804e-05 0.00891206 0.0169083 -7.47678e-05 -0.000458576 -0.000693392
internal_weight=0 1.28806e+06 5704 487 5217 224 1.28235e+06 14061 1.26829e+06 10718 9710 3343 2906 7175 5456 2586 2334 2279 1.26112e+06 3645 7124 5081 4958 261 1.25747e+06 2279 1801 1.25519e+06 637839 593591
internal_count=1288188 1288058 5704 487 5217 224 1282354 14061 1268293 10718 9710 3343 2906 7175 5456 2586 2334 2279 1261118 3645 7124 5081 4958 261 1257473 2279 1801 1255194 637839 593591
is_linear=0
shrinkage=0.1


Tree=143
num_leaves=31
num_cat=0
split_feature=2 13 2 0 5 2 64 20 137 20 137 138 13 3 20 20 3 1 4 1 5 29 5 14 3 0 5 2 20 5
split_gain=17.1547 73.7289 43.7308 31.026 27.946 25.7189 57.9467 32.3559 148.886 94.6505 57.8435 38.36 30.8919 25.9344 68.0551 58.7034 68.0341 61.0114 46.5445 102.865 34.3145 38.9263 32.0348 28.5239 28.1141 69.0657 33.8475 28.424 35.4959 46.374
threshold=1.3050000000000004 3.5000000000000004 1.2050000000000003 25.500000000000004 1.0000000180025095e-35 21.130000000000006 0.87666485613824252 1.0000000180025095e-35 45.500000000000007 2.5000000000000004 113.50000000000001 7.5000000000000009 41.500000000000007 180.88000000000002 4.5000000000000009 1.0000000180025095e-35 57.025000000000006 1550.5000000000002 0.28500000000000009 3721.0000000000005 3.0000000000000004 81.000000000000014 1.5000000000000002 1.0000000180025095e-35 716.31000000000006 37051.000000000007 3.0000000000000004 832.54500000000007 9.5000000000000018 1.5000000000000002
decision_type=2 2 2 2 2 2 2 2 2 2 2 2 2 2 2 2 2 2 2 2 2 2 2 2 2 2 2 2 2 2
left_child=1 -1 4 -4 -3 6 7 8 11 10 -9 -2 -13 14 15 23 17 -17 19 22 21 -20 -18 -7 25 -15 -27 28 -26 -30
right_child=5 2 3 -5 -6 13 -8 9 -10 -11 -12 12 -14 24 -16 16 18 -19 20 -21 -22 -23 -24 -25 27 26 -28 -29 29 -31
leaf_value=0.035484336856728561 0.011237422397958463 -0.025960821576070721 -0.0077424298384587142 -0.024651130361376939 -0.0019809578822562292 -0.011182133344157786 -0.19539748956567679 0.064046168338398338 -0.01833618138624081 -0.00038685809599783296 0.098564172296046179 -0.0084712129967847057 -0.032597910186359914 0.015935737974449804 0.013202855594021502 0.006588004842799311 -0.12961640959179851 -0.021791569206242568 0.042373228711647483 -0.0055348133731483477 -0.07283760263485603 -0.1230555646780131 -0.035167805333476208 0.016600080788917438 -0.0010712519344013404 0.021038876415066854 -0.063361705053500444 -3.3651226001623279e-05 0.10575321589120046 -0.053214937071890671
leaf_weight=4423 7453 489 2774 1200 8649 1701 970 11715 1620 16639 950 2392 466 39037 12228 4493 314 2956 1422 2347 545 54 1307 1894 2540 229 503 1155094 402 1382
leaf_count=4423 7453 489 2774 1200 8649 1701 970 11715 1620 16639 950 2392 466 39037 12228 4493 314 2956 1422 2347 545 54 1307 1894 2540 229 503 1155094 402 1382
internal_value=0 -0.00310555 -0.00687163 -0.0156289 -0.00306319 4.37533e-05 0.00247097 0.00303928 -0.00135076 0.00482667 0.0113408 0.00307711 -0.00677259 -3.96371e-05 -0.00298107 -0.00706725 -0.0101037 -0.00372367 -0.0180391 -0.0243306 -0.00568646 0.00223146 -0.0437043 0.00428296 3.21359e-05 0.0026465 -0.0277863 -5.75391e-05 -0.00815015 -0.0189611
internal_weight=0 17535 13112 3974 9138 1.27065e+06 42205 41235 11931 29304 12665 10311 2858 1.22845e+06 29261 17033 13438 7449 5989 3968 2021 1476 1621 3595 1.19919e+06 39769 732 1.15942e+06 4324 1784
internal_count=1288188 17535 13112 3974 9138 1270653 42205 41235 11931 29304 12665 10311 2858 1228448 29261 17033 13438 7449 5989 3968 2021 1476 1621 3595 1199187 39769 732 1159418 4324 1784
is_linear=0
shrinkage=0.1


Tree=144
num_leaves=31
num_cat=0
split_feature=63 4 6 63 63 63 1 63 2 6 62 13 2 63 4 6 63 0 137 1 15 4 2 64 6 2 13 2 0 5
split_gain=16.5727 30.8762 37.9476 52.5786 25.5869 25.309 30.1733 27.3513 23.6167 21.5667 41.134 21.0959 20.5426 26.3532 18.7543 17.7058 22.1525 18.3162 17.0245 16.4631 15.7786 15.3275 21.225 15.2039 15.9466 15.0153 62.9301 37.7816 26.6272 25.8092
threshold=7381.3555555555567 3695.4750000000004 5.7500000000000009 42716.040000000008 2032.0197368421057 41813.629629629642 1329297.0000000002 34881.909259259271 58214.195000000007 2.2500000000000004 2904219.0000000005 27.500000000000004 69520.080000000016 37075.431286549712 6118.9750000000013 5.7500000000000009 34881.909259259271 200039.50000000003 26.500000000000004 543718.00000000012 1.0000000180025095e-35 85273.780000000013 137792.38000000003 14904.343296312074 13.833333333333334 1.3050000000000004 3.5000000000000004 1.2050000000000003 25.500000000000004 1.0000000180025095e-35
decision_type=2 2 2 2 2 2 2 2 2 2 2 2 2 2 2 2 2 2 2 2 2 2 2 2 2 2 2 2 2 2
left_child=4 2 20 5 25 6 8 -8 19 14 11 15 13 -9 -3 18 21 -18 -11 -4 -2 -17 -23 -5 -25 26 -1 29 -29 -28
right_child=1 9 3 23 -6 -7 7 12 -10 10 -12 -13 -14 -15 -16 16 17 -19 -20 -21 -22 22 -24 24 -26 -27 27 28 -30 -31
leaf_value=0.031935903171055706 -0.0012394305375389382 0.0056965709697423556 -0.0021065794073698019 -0.0096968846669554312 0.0059053697522842676 -0.0043068741830789735 0.0064009208030776817 -0.0050755846115152943 -0.0035319826693792408 -0.0016318873464073792 -0.0070811876239694066 0.0099835212170942111 -0.0031687951947231281 0.0012889490181894503 0.0012064902367836597 -4.5349357486345643e-05 -0.0027080717814585743 0.017438658069624035 -0.001827515279805317 0.0060426999079758797 -0.0051855095971718376 -0.018638231879140391 -0.033316266505634483 0.00057761813502575372 -0.0039165769788366668 6.7099894289879281e-05 -0.023364739418463652 -0.00696818685461284 -0.022186017325239241 -0.0017828620940306017
leaf_weight=4423 1159 340 159 55 2369 302 95 32 1024 2819 572 347 98 266 654 756 380 1227 190 59 178 64 140 2274 82 1255012 489 2774 1200 8649
leaf_count=4423 1159 340 159 55 2369 302 95 32 1024 2819 572 347 98 266 654 756 380 1227 190 59 178 64 140 2274 82 1255012 489 2774 1200 8649
internal_value=0 -0.00352094 -0.00900976 -0.00456758 3.11017e-05 -0.0164044 -0.011749 0.00923712 -0.0200455 0.000717529 -0.00138182 0.00109126 -0.002323 0.0107383 0.0144351 -0.00039752 0.0057034 0.0128834 -0.00560226 0.00984077 -0.0237816 -0.00631568 -0.0306403 0.00542329 0.0066366 1.17725e-05 -0.00289427 -0.00637364 -0.0145135 -0.00283371
internal_weight=0 13272 5783 4446 1.27492e+06 2035 1733 491 1242 7489 6495 5923 396 298 994 5576 2567 1607 3009 218 1337 960 204 2411 2356 1.27255e+06 17535 13112 3974 9138
internal_count=1288188 13272 5783 4446 1274916 2035 1733 491 1242 7489 6495 5923 396 298 994 5576 2567 1607 3009 218 1337 960 204 2411 2356 1272547 17535 13112 3974 9138
is_linear=0
shrinkage=0.1


Tree=145
num_leaves=31
num_cat=0
split_feature=146 64 123 63 138 62 4 3 0 1 0 4 63 62 2 64 20 1 13 4 20 4 4 0 13 123 137 3 62 62
split_gain=14.0457 13.7776 28.4026 26.3577 27.2155 24.4585 20.0342 52.3196 57.747 43.4879 29.235 27.0734 27.0352 25.3216 74.7884 36.4511 55.4341 54.1436 70.2068 45.1415 41.2029 95.701 69.8816 59.8178 64.5263 57.7026 39.9864 39.7024 37.4873 35.1402
threshold=2577630.5000000005 2.8198385391925713 3811077.0000000005 0.58520363636363648 15.500000000000002 819.50000000000011 4.3650000000000011 57438.510000000009 1280385.0000000002 1108791.0000000002 800000.50000000012 24.105000000000004 34881.909259259271 2545508.5000000005 163030.26000000004 347.09133629528372 6.5000000000000009 40864981.000000007 27.500000000000004 12770.470000000001 2.5000000000000004 19697.185000000005 23790.960000000003 1280385.0000000002 9191.5000000000018 1218548.0000000002 64004.500000000007 301686.60000000003 42778.500000000007 93360.500000000015
decision_type=2 2 2 2 2 2 2 2 2 2 2 2 2 2 2 2 2 2 2 2 2 2 2 2 2 2 2 2 2 2
left_child=1 -1 3 -3 5 -5 7 -7 9 10 -9 -8 -10 15 -15 20 17 18 -17 -18 21 23 -23 24 -13 26 -24 -20 -22 -29
right_child=-2 2 -4 4 -6 6 11 8 12 -11 -12 13 -14 14 -16 16 19 -19 27 -21 28 22 25 -25 -26 -27 -28 29 -30 -31
leaf_value=0.00011247430775584988 -0.0092706317426256152 0.01482585398699986 -0.016869144647998002 -0.01055195919050993 -0.016323684907769122 0.0045722664660728055 0.0048935274900947963 -0.0043279172303835817 0.0047382494583317648 -0.0046391861818859594 0.00027174242101272826 0.0014677113376485324 -0.00014409305899029667 -0.0045485312297498318 -0.00091513705250498853 0.00045844891466566458 -0.032065043803426327 -0.014857402885236138 0.0089851690953847898 -0.00033517446280576792 -0.0036360501383360666 -0.030387640288158525 -0.0068074006512603971 0.0072419435620467709 -0.0078611899768208215 0.037693463530817574 0.029425157006159559 0.0064522811978326988 0.0043188399974606216 0.047955410478804875
leaf_weight=1205646 130 1500 737 3833 1076 536 268 1132 110 296 486 5584 1811 1144 7305 7201 913 2419 5707 2272 8650 1824 6419 3705 3127 364 370 295 12552 776
leaf_count=1205646 130 1500 737 3833 1076 536 268 1132 110 296 486 5584 1811 1144 7305 7201 913 2419 5707 2272 8650 1824 6419 3705 3127 364 370 295 12552 776
internal_value=0 1.33605e-06 -0.0012496 -0.00107325 -0.00131897 -0.00110408 -0.000707253 -0.00727783 -0.011368 -0.0236615 -0.0172143 -0.000302146 0.000880668 -0.000422524 -0.00555912 0.000275458 0.00384635 0.00619117 0.0085815 -0.00822594 -0.00136626 -0.00446251 -0.0123284 0.00122467 -0.00330206 -0.00787303 -0.00995273 0.0158861 0.00175789 0.0335533
internal_weight=0 1.28806e+06 82412 81675 80175 79099 75266 4371 3835 1914 1618 70895 1921 70627 8449 62178 19583 16398 13979 3185 42595 21393 8977 12416 8711 7153 6789 6778 21202 1071
internal_count=1288188 1288058 82412 81675 80175 79099 75266 4371 3835 1914 1618 70895 1921 70627 8449 62178 19583 16398 13979 3185 42595 21393 8977 12416 8711 7153 6789 6778 21202 1071
is_linear=0
shrinkage=0.1


Tree=146
num_leaves=31
num_cat=0
split_feature=117 84 6 2 6 13 138 138 64 137 5 4 20 6 138 62 64 62 3 20 4 62 1 6 1 20 0 2 62 13
split_gain=13.673 13.0016 13.0226 51.2474 54.9697 44.6481 44.5103 79.184 72.2099 52.352 48.7945 61.9859 61.9409 61.3601 53.8277 50.2759 45.4198 51.93 41.5419 40.3245 38.9964 80.8141 89.732 58.2413 46.0391 61.9798 44.6939 43.4843 40.2015 36.308
threshold=0.35416666666666669 6109054.0000000009 8.4166666666666696 3.7250000000000005 9.8333333333333339 1242196.0000000002 5.5000000000000009 4.5000000000000009 4.388400990203885 509042.00000000006 1.5000000000000002 102766.00000000001 6.5000000000000009 7.8333333333333348 10.500000000000002 249335.50000000003 1.7880089649721278 164663.00000000003 446288.49500000005 15.500000000000002 1.1450000000000002 997018.00000000012 1500152.0000000002 4.166666666666667 40864981.000000007 4.5000000000000009 766592.50000000012 86847.955000000016 80898.000000000015 23234.500000000004
decision_type=2 2 2 2 2 2 2 2 2 2 2 2 2 2 2 2 2 2 2 2 2 2 2 2 2 2 2 2 2 2
left_child=1 2 6 -4 5 -5 7 -1 9 -9 12 20 14 -14 15 29 17 18 -13 -6 -12 22 23 28 25 -24 -23 -25 -22 -8
right_child=-2 -3 3 4 19 -7 10 8 -10 -11 11 16 13 -15 -16 -17 -18 -19 -20 -21 21 26 24 27 -26 -27 -28 -29 -30 -31
leaf_value=0.00036280783632748436 -0.047002363308292577 0.033126599931213564 0.071982855747552851 -0.0041395475020670402 -0.00060345868986892985 -0.015415125258013657 0.076896176963904217 0.033846277250233793 -0.030668786403071493 0.067637141172021131 -0.012090786843701119 0.0094954367152431888 -0.027286933252353419 0.05022110086734019 -0.022310855596589175 0.024094487443784188 0.00085318591683424265 -0.046457502494222341 -0.030535550657156477 0.016401394959941185 0.00088548434844910873 -0.0091017030316785218 0.034021240815342781 0.0033593030152586634 -0.037857617815787448 0.0088466701573645182 -0.0010766560892828034 -0.0038938881972202786 -0.005271637945499375 -0.012294979867594202
leaf_weight=613953 57 60 2095 18466 556105 2196 3585 11397 815 905 30250 671 1614 1218 621 1031 1337 2063 613 17943 334 173 612 10420 140 462 4539 2519 529 1465
leaf_count=613953 57 60 2095 18466 556105 2196 3585 11397 815 905 30250 671 1614 1218 621 1031 1337 2063 613 17943 334 173 612 10420 140 462 4539 2519 529 1465
internal_value=0 6.27973e-06 4.1114e-06 -0.000338093 -0.000393092 -0.00546063 0.000299554 0.0005563 0.00824426 0.010154 -0.00220836 -0.00335976 0.00439305 -0.00800652 0.00963262 0.0124965 -0.0143596 -0.0205833 -0.00479452 -0.000210694 -0.00232884 0.00113011 0.00471542 0.00242279 0.0307805 0.0378114 -0.0102954 0.00410043 -0.0227302 0.0083881
internal_weight=0 1.28813e+06 1.28807e+06 596805 594710 20662 691266 627070 13117 12302 64196 54662 9534 2832 6702 6081 4684 3347 1284 574048 49978 19728 15016 13802 1214 1074 4712 12939 863 5050
internal_count=1288188 1288131 1288071 596805 594710 20662 691266 627070 13117 12302 64196 54662 9534 2832 6702 6081 4684 3347 1284 574048 49978 19728 15016 13802 1214 1074 4712 12939 863 5050
is_linear=0
shrinkage=0.1


Tree=147
num_leaves=31
num_cat=0
split_feature=66 63 4 3 88 0 6 2 2 105 3 13 105 2 13 17 88 88 90 6 114 3 117 3 90 20 20 6 90 6
split_gain=13.3054 29.8199 18.7491 14.8536 13.2428 23.5392 26.3148 28.2742 23.8987 22.018 34.5914 21.5735 18.6419 28.9526 17.5633 16.74 16.1646 16.1592 18.6169 17.8669 15.5389 31.7639 20.421 24.3163 17.5712 14.2153 63.1717 72.1998 52.4379 41.1048
threshold=899511.50000000012 0.42997166941274773 24.105000000000004 119579.48500000002 418610.00000000006 17823204.500000004 5.7500000000000009 689456.62000000023 134070.51500000004 4897042.5000000009 389293.33000000002 30657.500000000004 304559.50000000006 64284.025000000009 547251.50000000012 1.0000000180025095e-35 1760284.0000000002 499716.50000000006 0.17661790906386551 6.416666666666667 35162.500000000007 37138.575000000004 0.080128205128205135 32849.775000000009 0.28626392321691879 13.500000000000002 9.5000000000000018 16.166666666666668 2.2917616172114115 14.833333333333334
decision_type=2 2 2 2 2 2 2 2 2 2 2 2 2 2 2 2 2 2 2 2 2 2 2 2 2 2 2 2 2 2
left_child=4 -2 3 -3 12 6 7 8 -6 17 -11 16 20 14 -14 -15 -7 18 -8 -20 22 24 25 -24 -22 26 -1 -28 29 -27
right_child=1 2 -4 -5 5 11 9 -9 -10 10 -12 -13 13 15 -16 -17 -18 -19 19 -21 21 -23 23 -25 -26 28 27 -29 -30 -31
leaf_value=5.375942577079407e-06 0.020697824595239157 -0.01439074401921582 0.0033379378941520658 -0.0025938252978716944 -0.022837648053076934 0.013545409174731616 0.025966791641680278 -0.0089365861598798002 0.014558496373671565 0.037041651131905128 -0.023417019006676768 -0.036020660247621454 0.04400621804797001 0.013023671659699998 0.01292385769063511 -0.011351836153532515 -0.026793186007237724 -0.0050370418326791599 0.0056242127595145415 -0.023594277373281208 0.034043960132808415 -0.0012207528233010791 0.015440489685431304 -0.041382395838777702 -0.11371436540483737 0.00067259146825047881 -0.019272225123426481 0.076307456369652582 -0.062199962198186867 0.037925317756491855
leaf_weight=1147187 3510 132 184 99 69 253 117 181 525 58 27 463 641 830 141 389 297 4315 139 419 1573 2211 119 260 87 87095 23259 3679 433 9496
leaf_count=1147187 3510 132 184 99 69 253 117 181 525 58 27 463 641 830 141 389 297 4315 139 419 1573 2211 119 260 87 87095 23259 3679 433 9496
internal_value=0 0.0058236 -0.0195255 -0.0384956 -7.58124e-06 -0.00438854 -0.00195149 0.0152114 0.025755 -0.00457242 0.045895 -0.0184624 1.59561e-05 0.00966048 0.0246787 2.61418e-05 -0.00507285 -0.00543208 -0.01982 -0.0274246 8.24572e-07 0.00632696 -1.84345e-05 -0.0232273 0.0167813 -1.15147e-05 -0.000107645 -0.00489437 0.0011518 0.00130745
internal_weight=0 3925 415 231 1.28426e+06 6863 5850 775 594 5075 85 1013 1.2774e+06 2001 782 1219 550 4990 675 558 1.2754e+06 3871 1.27153e+06 379 1660 1.27115e+06 1.17412e+06 26938 97024 96591
internal_count=1288188 3925 415 231 1284263 6863 5850 775 594 5075 85 1013 1277400 2001 782 1219 550 4990 675 558 1275399 3871 1271528 379 1660 1271149 1174125 26938 97024 96591
is_linear=0
shrinkage=0.1


Tree=148
num_leaves=31
num_cat=0
split_feature=84 138 25 3 6 105 4 6 2 1 6 127 5 127 2 124 6 137 124 6 4 6 13 5 1 4 3 53 64 123
split_gain=12.9974 12.837 12.5872 17.9892 14.7533 37.9762 30.8253 53.7044 48.8233 41.1922 65.0921 99.4974 66.7477 54.1746 52.5548 40.2915 39.7176 38.3251 34.3419 59.7632 35.2198 34.2712 36.5394 33.4977 31.7468 52.2464 31.5917 34.6539 31.5372 30.8657
threshold=6109054.0000000009 31.500000000000004 10.000000000000002 20409.820000000003 10.16666666666667 4897042.5000000009 2313.5400000000004 15.833333333333334 14762.040000000003 200007.50000000003 11.16666666666667 0.14835164835164838 3.0000000000000004 0.88194444444444453 7941.5150000000012 20.500000000000004 15.41666666666667 3025875.5000000005 24.500000000000004 32.583333333333336 17994.575000000004 12.41666666666667 217799.50000000003 1.5000000000000002 2.5000000000000004 1380.7950000000003 228713.19000000003 2.4075498575498577 0.00033604190982260471 160350.50000000003
decision_type=2 2 2 2 2 2 2 2 2 2 2 2 2 2 2 2 2 2 2 2 2 2 2 2 2 2 2 2 2 2
left_child=1 2 4 -4 -1 6 9 16 -9 13 11 -11 -13 15 -12 23 -8 21 29 20 28 -16 -23 24 25 -6 -15 -28 -20 -10
right_child=-2 -3 3 -5 5 -7 7 8 18 10 14 12 -14 26 17 -17 -18 -19 19 -21 -22 22 -24 -25 -26 -27 27 -29 -30 -31
leaf_value=0.00022769527979748518 0.029813402343834502 -0.024121906127156159 0.20151761459483453 0.0061795314244688987 0.027971106740252695 0.033109538997762276 -0.0035899279543160747 0.031135314051141894 -0.0016203900253175753 -0.010698200863141992 -0.040031653523023007 -0.037415021979280497 -0.0069081249698715822 0.019854898116609388 0.0020432258310953823 0.038943750830761119 -0.019906817861883842 0.046484986015129626 0.016484113846953096 0.016484032624164962 -0.028306539016386269 -0.011237762358074308 -0.00060394188020924673 0.00077125834817057823 0.061473091605805011 -0.066842237287831591 0.020593593626934317 -0.019064227087945997 -0.027818929456761416 0.0057339113824283472
leaf_weight=774187 60 372 6767 14875 852 61 62476 7515 290062 4827 704 312 298 2886 9078 1305 1278 426 74 406 745 2692 21542 58697 14185 356 464 43 296 10347
leaf_count=774187 60 372 6767 14875 852 61 62476 7515 290062 4827 704 312 298 2886 9078 1305 1278 426 74 406 745 2692 21542 58697 14185 356 464 43 296 10347
internal_value=0 1.17131e-05 1.70785e-05 0.00240839 -2.37968e-05 -0.000452031 -0.000461816 -0.000908217 -0.000363718 0.000942083 -0.0016767 -0.0118452 -0.0498992 0.0022676 -7.15103e-05 0.00171132 -0.00355107 0.000492762 -0.000561886 -0.0155501 -0.0275114 0.000111621 -0.0018515 0.00140452 0.00555668 -0.0100055 0.0146284 0.0376502 -0.0022921 -0.000485999
internal_weight=0 1.28813e+06 1.28776e+06 21642 1.26611e+06 491927 491866 373199 309445 118667 39879 5437 610 78788 34442 75395 63754 33738 301930 1521 1115 33312 24234 74090 15393 1208 3393 507 370 300409
internal_count=1288188 1288128 1287756 21642 1266114 491927 491866 373199 309445 118667 39879 5437 610 78788 34442 75395 63754 33738 301930 1521 1115 33312 24234 74090 15393 1208 3393 507 370 300409
is_linear=0
shrinkage=0.1


Tree=149
num_leaves=31
num_cat=0
split_feature=63 4 138 18 20 8 3 129 2 13 2 13 2 0 0 13 2 64 20 137 20 137 138 2 20 20 3 1 0 5
split_gain=13.2392 13.4698 12.8345 12.5516 23.721 32.842 49.1538 21.8656 19.8583 14.4503 13.3334 47.0047 32.0721 22.9371 22.2974 19.3718 17.7596 56.951 27.0441 126.051 76.8758 56.869 29.5457 26.5876 44.6925 41.5913 47.1832 51.0098 34.5856 48.4933
threshold=4056433.0000000005 24.105000000000004 31.500000000000004 1.5000000000000002 4.5000000000000009 1.0000000180025095e-35 26464.000000000004 0.07417582417582419 252593.01500000004 261204.00000000003 1.3050000000000004 3.5000000000000004 1.2050000000000003 16.500000000000004 25.500000000000004 19.500000000000004 21.130000000000006 0.87666485613824252 1.0000000180025095e-35 45.500000000000007 3.5000000000000004 113.50000000000001 7.5000000000000009 129.22500000000002 4.5000000000000009 1.0000000180025095e-35 57.025000000000006 1550.5000000000002 1344.5000000000002 1.5000000000000002
decision_type=2 2 2 2 2 2 2 2 2 2 2 2 2 2 2 2 2 2 2 2 2 2 2 2 2 2 2 2 2 2
left_child=2 -2 3 10 5 6 9 8 -8 -5 11 -1 13 -13 15 -14 17 18 19 22 21 -20 -12 24 25 -18 27 -27 29 -28
right_child=1 -3 -4 4 -6 -7 7 -9 -10 -11 16 12 14 -15 -16 -17 23 -19 20 -21 -22 -23 -24 -25 -26 26 28 -29 -30 -31
leaf_value=0.029327856968865508 0.0042429525928418367 0.0004204263301091915 -0.021709715514440547 -0.006788656768332158 0.0011256656009743793 -0.00036144648135216832 -0.034756746559617628 -0.0035446649749817042 0.0041686777140012522 -0.029006301706216549 0.010074146987535504 -0.01639460690844188 -0.0041495450932580464 0.0031182361660331281 -0.018792891461358253 -0.091148309224754642 0.0060695828434386145 -0.17685036515642383 0.054201455026923598 -0.016580108573691542 -0.00090203346504866841 0.088630209740366783 -0.015705054533699924 9.3218302717579249e-05 0.0092018048819560959 0.0054854525549507434 0.40091978894341063 -0.019702706270957798 -0.0082598441042888767 -0.033996241698949284
leaf_weight=4247 110 135 372 1955 7265 3245 736 428 67 91 7440 6787 2134 2166 1200 639 3178 956 12030 1620 16027 950 2844 1188815 10277 4380 238 2956 3757 1143
leaf_count=4247 110 135 372 1955 7265 3245 736 428 67 91 7440 6787 2134 2166 1200 639 3178 956 12030 1620 16027 950 2844 1188815 10277 4380 238 2956 3757 1143
internal_value=0 0.0232581 9.89972e-06 1.52654e-05 -0.0029858 -0.00736363 -0.0144251 -0.0302144 -0.0399445 -0.00492523 4.7748e-05 -0.00271983 -0.00571869 -0.00240046 -0.0131962 -0.0181243 8.557e-05 0.00211056 0.00267436 -0.00133912 0.00432143 0.0100419 0.00274504 1.57773e-05 -0.00315205 -0.00651618 -0.00911808 -0.00397103 -0.016467 -0.0299994
internal_weight=0 245 1.28794e+06 1.28757e+06 13787 6522 3277 1231 803 2046 1.27378e+06 17173 12926 8953 3973 2773 1.25661e+06 41867 40911 11904 29007 12980 10284 1.21474e+06 25929 15652 12474 7336 5138 1381
internal_count=1288188 245 1287943 1287571 13787 6522 3277 1231 803 2046 1273784 17173 12926 8953 3973 2773 1256611 41867 40911 11904 29007 12980 10284 1214744 25929 15652 12474 7336 5138 1381
is_linear=0
shrinkage=0.1


Tree=150
num_leaves=31
num_cat=0
split_feature=141 13 2 4 84 123 2 0 2 3 1 20 122 123 6 2 20 13 20 137 13 124 137 5 20 20 2 2 2 137
split_gain=12.7933 25.2241 46.2437 21.2206 53.6668 37.1431 83.3624 69.6713 52.4997 94.2458 80.1423 79.6216 81.604 76.6127 70.0559 53.9574 59.5475 55.8077 54.781 46.3992 53.9849 99.7529 59.8573 120.979 82.6339 53.6787 51.5771 94.6938 86.4551 49.5715
threshold=0.93750000000000011 12.500000000000002 1.4600000000000002 0.42500000000000004 32935.500000000007 547268.50000000012 135883.59000000003 800000.50000000012 20108.600000000002 116297.59000000001 145418.00000000003 1.0000000180025095e-35 1.0000000180025095e-35 390746.50000000006 4.8333333333333348 24122.055000000004 6.5000000000000009 3036857.0000000005 7.5000000000000009 400140.00000000006 128732.00000000001 3.5000000000000004 150060.00000000003 1.0000000180025095e-35 4.5000000000000009 1.0000000180025095e-35 9435.8350000000009 2175.2400000000002 15786.940000000002 146903.50000000003
decision_type=2 2 2 2 2 2 2 2 2 2 2 2 2 2 2 2 2 2 2 2 2 2 2 2 2 2 2 2 2 2
left_child=3 -2 -3 4 5 8 -7 -8 19 11 -11 12 14 15 -10 -13 17 -17 -18 20 21 26 23 -22 -24 -21 27 -1 -28 -25
right_child=1 2 -4 -5 -6 6 7 -9 9 10 -12 13 -14 -15 -16 16 18 -19 -20 25 22 -23 24 29 -26 -27 28 -29 -30 -31
leaf_value=-0.0013884208780085229 0.0077409861446185672 -0.0059651210369412013 0.00084009252187300864 0.00014180505884492245 -0.018152448946718202 0.0011943534439572496 0.0065968361970362571 -0.0016193748098853791 -0.065300280928661664 -0.00027735164431654663 0.010230293138602329 0.0050090985437385889 0.0072794362793398015 -0.009700036267658297 -0.038615698577236256 -0.0068291191595764474 0.0082215096216736502 -0.022621616487609124 -0.003206939626129124 0.043267879727441554 -0.054264113720027977 0.034153546888760114 -0.0080349803254236903 -0.0035379856608577678 0.026342587475262708 0.0047659081091900868 -0.023021103243178465 0.041128641477208364 0.012911611640515731 -0.094485963028304282
leaf_weight=93992 10789 2297 96031 981599 1264 7433 299 3295 1432 5225 2215 3431 392 765 1156 13848 424 546 11771 1121 711 3433 9895 10497 5820 3580 2837 9838 1471 781
leaf_count=93992 10789 2297 96031 981599 1264 7433 299 3295 1432 5225 2215 3431 392 765 1156 13848 424 546 11771 1121 711 3433 9895 10497 5820 3580 2837 9838 1471 781
internal_value=0 0.00105254 0.000548913 -7.92411e-05 -0.00102509 -0.000892775 0.00474556 -0.00775846 -0.00122852 -0.00437591 0.00581242 -0.00662087 -0.0222287 -0.00511003 -0.0286691 -0.00431367 -0.0058366 -0.0101925 -0.000695209 -0.000327759 -0.000657573 0.000323486 -0.00460855 -0.00993028 -0.000548587 0.00944352 -0.000209278 0.000235575 -0.010931 -0.00740806
internal_weight=0 109117 98328 1.17907e+06 197472 196208 11027 3594 185181 41205 7440 33765 2980 30785 2588 30020 26589 14394 12195 143976 139275 111571 27704 11989 15715 4701 108138 103830 4308 11278
internal_count=1288188 109117 98328 1179071 197472 196208 11027 3594 185181 41205 7440 33765 2980 30785 2588 30020 26589 14394 12195 143976 139275 111571 27704 11989 15715 4701 108138 103830 4308 11278
is_linear=0
shrinkage=0.1


Tree=151
num_leaves=31
num_cat=0
split_feature=64 63 3 2 64 123 4 137 64 20 62 20 5 3 5 4 137 137 3 0 123 2 140 3 4 4 4 3 4 20
split_gain=13.0751 48.3408 100.395 83.1955 81.2394 78.0919 102.015 130.288 63.6172 55.7453 52.2473 54.9109 47.0653 120.9 85.5865 75.6383 71.7637 70.9426 57.9519 72.9984 55.9772 46.329 44.4279 75.3089 44.2231 43.6134 43.57 57.5974 43.1259 42.1141
threshold=0.12492612712212013 0.10226604770802952 49355.845000000008 97483.180000000008 0.0016357794225057547 140780.00000000003 16293.430000000002 97287.500000000015 0.0011910161296741952 22.500000000000004 69.500000000000014 7.5000000000000009 3.0000000000000004 4338.6050000000005 1.5000000000000002 160252.07000000001 954089.00000000012 3268308.5000000005 106.17500000000001 45.500000000000007 54115.500000000007 39459.590000000004 0.25833333333333336 224216.62000000002 2.4450000000000007 3.4650000000000003 12770.470000000001 13766.595000000003 18551.470000000005 1.0000000180025095e-35
decision_type=2 2 2 2 2 2 2 2 2 2 2 2 2 2 2 2 2 2 2 2 2 2 2 2 2 2 2 2 2 2
left_child=1 10 5 4 8 6 -3 21 28 25 -1 -12 13 -2 15 16 -15 18 19 -14 29 -8 23 -11 -20 -5 27 -22 -4 -16
right_child=12 2 3 9 -6 -7 7 -9 -10 22 11 -13 17 14 20 -17 -18 -19 24 -21 26 -23 -24 -25 -26 -27 -28 -29 -30 -31
leaf_value=3.6455217684723019e-05 0.046448485519643382 0.015500687214987985 0.0026828352373830413 -0.0054271162899697609 -0.004301855686975076 0.017012873730601608 -0.020462466896118747 0.01095151348978214 -0.030268382421728558 0.01847611118466275 -0.02045735955864246 0.0098612690246621566 0.26133864074449242 -0.0092836515195467324 -0.014296652454152384 0.011040082460652446 -0.051904191461475783 0.067965708886133347 0.0020080030878481202 -0.12721175030330131 -0.0027300799206103846 0.0044599583782195529 -0.011659066322393292 0.0044186221076531699 -0.00084177166998655739 -4.3991476024699374e-05 0.00165435905430249 -0.0058939530644702091 -0.019012352357324461 0.014445262060052234
leaf_weight=881176 18003 26400 198 1015 1131 10894 1127 1246 197 833 6255 1141 932 9004 756 2017 962 2747 21121 1198 772 220 340 2718 234946 53890 514 530 456 5449
leaf_count=881176 18003 26400 198 1015 1131 10894 1127 1246 197 833 6255 1141 932 9004 756 2017 962 2747 21121 1198 772 220 340 2718 234946 53890 514 530 456 5449
internal_value=0 0.000188463 0.00226535 -0.000292988 -0.0204441 0.00616364 0.00345136 -0.0154758 -0.0437839 0.000386301 -4.68255e-05 -0.00841669 -0.000566215 0.00272149 -0.00262902 -0.00798053 -0.0115547 -0.00104508 -0.00121515 -0.0176417 0.00536587 -0.0370347 0.0119529 0.0152593 -0.00107851 -0.000433399 -0.0100762 -0.0198084 -0.0287779 0.00988525
internal_weight=0 989237 100665 60778 1982 39887 28993 2593 851 58796 888572 7396 298951 38007 20004 11983 9966 260944 258197 2130 8021 1347 3891 3551 256067 54905 1816 1302 654 6205
internal_count=1288188 989237 100665 60778 1982 39887 28993 2593 851 58796 888572 7396 298951 38007 20004 11983 9966 260944 258197 2130 8021 1347 3891 3551 256067 54905 1816 1302 654 6205
is_linear=0
shrinkage=0.1


Tree=152
num_leaves=31
num_cat=0
split_feature=128 3 20 1 123 52 2 2 20 4 3 1 128 0 6 20 6 90 94 124 20 2 64 2 6 4 124 3 64 64
split_gain=13.8809 21.1083 17.6572 16.1209 18.4037 30.1499 20.8816 15.2722 14.932 16.4595 18.9037 23.4713 16.6307 24.1181 16.7789 14.3693 96.034 47.935 48.3898 50.883 61.8436 75.6488 58.8427 46.1019 35.8446 48.9325 32.9533 31.839 31.0933 100.063
threshold=0.17424242424242428 15406.115000000002 21.500000000000004 3333704.5000000005 557.50000000000011 0.032610123746459344 225856.35000000001 327354.56000000006 5.5000000000000009 1.1450000000000002 22812.785000000003 97977.000000000015 0.26136363636363641 52489.000000000007 13.833333333333334 5.5000000000000009 20.833333333333339 1.1052550725130434 0.51606222539083724 12.500000000000002 6.5000000000000009 340306.98000000004 1.0003341740906577 305889.21000000002 5.416666666666667 103.67500000000003 14.500000000000002 210534.65000000005 0.0016357794225057547 0.00096641265239213266
decision_type=2 2 2 2 2 2 2 2 2 2 2 2 2 2 2 2 2 2 2 2 2 2 2 2 2 2 2 2 2 2
left_child=15 -2 3 4 5 7 -7 -3 9 10 11 -6 13 -12 -14 -1 17 18 19 -17 21 -21 26 24 -20 -26 27 -23 29 -18
right_child=1 2 -4 -5 8 6 -8 -9 -10 -11 12 -13 14 -15 -16 16 28 -19 23 20 -22 22 -24 -25 25 -27 -28 -29 -30 -31
leaf_value=0.00021284389789627537 0.021704268222658474 0.0070964837822945276 0.01186062406782582 0.0050094137938953556 0.0068645268358118912 -0.0036149813891506177 -0.037722379944705314 0.025156092119277641 -0.00072771093061210215 -0.0055533533426628482 -0.02166850521330195 -0.018136367966644775 -0.034331328978035293 0.0047687659670138279 -0.001905832933039825 -0.00029967143938145483 0.01195018202431335 -0.03101701908099231 0.0023184589013101943 -0.0012089428037703994 -0.0016644227715800486 0.025248084098495452 0.034601831773143424 0.0031354650318865698 -0.012692191834366262 -0.028010675044119082 -0.027069247890896399 -0.031979655870012405 0.064001318741264676 -0.038903760078552466
leaf_weight=1053457 796 789 275 578 362 153 91 115 1111 2289 287 156 555 109 99 184265 7830 1594 2616 978 3484 38 76 3916 5821 8803 1098 125 5873 449
leaf_count=1053457 796 789 275 578 362 153 91 115 1111 2289 287 156 555 109 99 184265 7830 1594 2616 978 3484 38 76 3916 5821 8803 1098 125 5873 449
internal_value=0 -0.00420393 -0.00596602 -0.00698625 -0.00849488 0.00291653 -0.0282768 0.011336 -0.0111318 -0.0140742 -0.021967 -0.00633448 -0.0296791 -0.0135057 -0.0394722 3.68994e-05 -0.00068482 -0.00121527 -0.00108489 -0.000579906 -0.0098031 -0.0224719 -0.0379326 -0.00562161 -0.00784644 -0.00977498 -0.0430828 -0.00112635 0.00729188 0.00334398
internal_weight=0 7765 6969 6694 6116 1148 244 904 4968 3857 1568 518 1050 396 654 1.28042e+06 226966 212814 211220 190064 5799 2315 1337 21156 17240 14624 1261 163 14152 8279
internal_count=1288188 7765 6969 6694 6116 1148 244 904 4968 3857 1568 518 1050 396 654 1280423 226966 212814 211220 190064 5799 2315 1337 21156 17240 14624 1261 163 14152 8279
is_linear=0
shrinkage=0.1


Tree=153
num_leaves=31
num_cat=0
split_feature=29 29 2 20 63 2 4 2 3 4 126 3 2 6 124 4 64 0 20 20 123 6 0 123 0 2 8 126 63 6
split_gain=13.5312 19.662 26.2279 17.5394 25.7727 31.7088 31.3933 17.7884 14.5582 13.3834 13.2343 33.3065 43.6926 40.1636 46.8814 55.8739 64.2152 34.4057 32.4662 56.9661 61.9526 28.3151 27.487 25.0292 60.8614 27.5102 24.3382 22.1007 21.4566 20.6478
threshold=454168.50000000006 11016.000000000002 1441.8400000000004 1.5000000000000002 0.97907096455549114 46152.250000000007 14212.935000000003 9435.8350000000009 189461.23000000001 186773.25500000003 0.061111111111111116 322131.89000000007 353299.68500000006 7.8333333333333348 4.5000000000000009 1002.3950000000001 0.027386896857798906 4111053.0000000005 4.5000000000000009 1.5000000000000002 130205.50000000001 1.6666666666666667 766592.50000000012 979022.00000000012 57692.000000000007 375307.25000000006 1.0000000180025095e-35 0.44949494949494956 2.4147879816599223 16.166666666666668
decision_type=2 2 2 2 2 2 2 2 2 2 2 2 2 2 2 2 2 2 2 2 2 2 2 2 2 2 2 2 2 2
left_child=1 10 -3 7 -5 6 -6 -4 -9 -2 -1 18 27 14 15 23 22 28 19 20 -12 -20 -17 24 -14 -25 -15 -13 -18 -21
right_child=9 2 3 4 5 -7 -8 8 -10 -11 11 12 13 26 -16 16 17 -19 21 29 -22 -23 -24 25 -26 -27 -28 -29 -30 -31
leaf_value=7.7227459370388107e-05 0.045313111109676417 -0.09190739274405138 -0.07256006742568917 0.0014281517812187207 -0.025193981739524942 -0.0047777517260826248 -0.046568028105864114 0.029802108132947903 -0.007537875108139476 -0.0068840097300244766 0.0107381434242265 0.0062394862436070892 -0.01056438082642943 0.021416430395342134 -0.024721882381891394 0.0036328736737614785 0.0091483142588370866 -0.019827794021780309 -0.0055262483942902126 -0.01147509288292119 -0.0072395755420453694 -2.0843019012275922e-05 0.021439047654567042 0.018226875991826069 0.0053195666449875091 -0.0062351005242612945 0.016209689329576164 0.019626227841146659 0.036636283227753773 0.00029545702823302323
leaf_weight=1254299 546 63 1092 817 450 431 162 975 229 252 2489 128 434 192 1385 218 1045 809 682 3334 1554 12862 430 21 227 214 2186 77 64 521
leaf_count=1254299 546 63 1092 817 450 431 162 975 229 252 2489 128 434 192 1385 218 1045 809 682 3334 1554 12862 430 21 227 214 2186 77 64 521
internal_value=0 -2.46182e-06 -0.00681795 -0.00584719 -0.0130649 -0.0234831 -0.0381153 -1.01903e-07 0.00838254 0.0130233 1.99471e-05 -0.00209681 0.00367304 0.00238132 -0.00284104 0.00337946 0.0108865 0.00169142 -0.00409615 -0.00919178 -0.000898816 -0.0011247 0.0381027 -0.0181194 -0.00815382 -0.0461502 0.0130259 0.0491982 0.0131307 -0.0178892
internal_weight=0 1.28739e+06 4219 4156 1860 1043 612 2296 1204 798 1.28317e+06 28872 7430 7225 4847 3462 2566 1918 21442 7898 4043 13544 648 896 661 235 2378 205 1109 3855
internal_count=1288188 1287390 4219 4156 1860 1043 612 2296 1204 798 1283171 28872 7430 7225 4847 3462 2566 1918 21442 7898 4043 13544 648 896 661 235 2378 205 1109 3855
is_linear=0
shrinkage=0.1


Tree=154
num_leaves=31
num_cat=0
split_feature=137 64 2 20 20 20 4 6 2 0 6 138 6 3 5 4 1 20 4 3 20 138 1 6 6 64 2 13 20 3
split_gain=12.7784 83.7042 52.8232 87.0227 58.1471 78.5066 189.836 71.1744 54.4381 71.5654 66.7571 58.2983 57.2072 53.9552 94.752 53.1957 48.6213 41.2131 149.364 62.3824 37.396 35.7601 53.5959 34.6034 34.3957 49.6899 111.228 33.4474 48.2382 33.541
threshold=391876.50000000006 0.77695136412620103 20108.600000000002 1.0000000180025095e-35 1.0000000180025095e-35 1.5000000000000002 11787.065000000002 4.166666666666667 62911.175000000003 1054538.5000000002 5.7500000000000009 7.5000000000000009 9.8333333333333339 23961.390000000003 3.0000000000000004 24.105000000000004 994828.00000000012 1.5000000000000002 4798.9600000000019 308060.61000000004 1.0000000180025095e-35 7.5000000000000009 392007.50000000006 13.833333333333334 4.8333333333333348 1.0003341740906577 178260.99500000002 3036857.0000000005 3.5000000000000004 37780.030000000006
decision_type=2 2 2 2 2 2 2 2 2 2 2 2 2 2 2 2 2 2 2 2 2 2 2 2 2 2 2 2 2 2
left_child=-1 2 3 -2 8 6 -6 -8 9 10 -4 -10 -13 14 -7 -16 -9 19 -19 -3 -21 -5 -23 24 -20 27 -27 28 29 -26
right_child=1 17 4 21 5 13 7 16 11 -11 -12 12 -14 -15 15 -17 -18 18 23 20 -22 22 -24 -25 25 26 -28 -29 -30 -31
leaf_value=-8.8369485667616496e-05 0.047762129322585084 0.022800782632516683 -0.049850732985245255 0.0083873448895928678 0.052331177836145493 0.0093509440044894591 0.0077858138855115685 0.011226882480614887 0.010244947505097149 -0.023704442533333092 -0.006396896918323236 -0.044084217124649099 0.0041176709005164023 -0.001730121656689133 0.027942466087546761 -0.043943125556875934 -0.010296252559928786 -0.063795382392085376 -0.0059130637893082712 0.01017596409931767 -0.014981381743329769 0.11923684345703647 -0.012029888065039067 -0.0015276587688715061 0.00086190486373289308 0.041466126620663554 0.028414758955924449 0.061875704386182784 -0.00045475801464347153 0.027631269459588739
leaf_weight=1199891 1603 4660 1069 8317 2874 719 406 438 858 149 1654 738 1117 44192 97 645 2584 1185 1269 1175 378 444 1270 2529 821 403 1213 650 3803 1037
leaf_count=1199891 1603 4660 1069 8317 2874 719 406 438 858 149 1654 738 1117 44192 97 645 2584 1185 1269 1175 378 444 1270 2529 821 403 1213 650 3803 1037
internal_value=0 0.00116422 -0.000454629 0.00569093 -0.0016972 -0.000654936 0.00980755 -0.00608426 -0.0113929 -0.0209886 -0.017296 -0.00123497 -0.0112045 -0.00209919 -0.0210065 -0.0460751 -0.0113658 0.00702013 0.0037996 0.0137121 -0.00364545 0.00223355 -0.0109188 0.00721909 0.010068 0.012515 0.0281611 0.0085086 0.00604175 0.0192483
internal_weight=0 88297 69174 11634 57540 51955 6302 3428 5585 2872 2723 2713 1855 45653 1461 742 3022 19123 12910 6213 1553 10031 1714 11725 9196 7927 1616 6311 5661 1858
internal_count=1288188 88297 69174 11634 57540 51955 6302 3428 5585 2872 2723 2713 1855 45653 1461 742 3022 19123 12910 6213 1553 10031 1714 11725 9196 7927 1616 6311 5661 1858
is_linear=0
shrinkage=0.1


Tree=155
num_leaves=31
num_cat=0
split_feature=63 62 0 64 5 3 1 62 62 4 137 4 0 2 62 123 62 4 1 62 3 0 62 6 6 4 123 13 137 62
split_gain=12.6038 13.4159 12.6697 12.5111 29.8224 56.687 48.3275 68.0151 49.2531 46.9575 44.2662 55.3073 38.6018 39.8054 38.3592 52.2956 41.8662 36.0049 33.5782 31.2147 36.545 40.3607 36.4239 33.9642 31.0055 30.9404 30.5987 33.6475 29.2262 28.7669
threshold=4056433.0000000005 4277006.0000000009 6971452.0000000009 2.8198385391925713 1.5000000000000002 44779.850000000013 517458.00000000006 1001163.0000000001 1500224.0000000002 109483.01500000001 41976.500000000007 512.5100000000001 22187190.000000004 327354.56000000006 1112549.5000000002 54115.500000000007 1168324.5000000002 632.5350000000002 333342.50000000006 698916.00000000012 258658.83500000005 1096847.5000000002 205.50000000000003 6.8333333333333348 4.166666666666667 56676.715000000004 154037.50000000003 17355.500000000004 45.500000000000007 13399.500000000002
decision_type=2 2 2 2 2 2 2 2 2 2 2 2 2 2 2 2 2 2 2 2 2 2 2 2 2 2 2 2 2 2
left_child=3 -2 -3 -1 24 10 7 28 9 12 11 -6 13 19 15 -11 -16 -9 -13 22 -21 -22 -8 -24 29 -25 27 -20 -7 -5
right_child=1 2 -4 4 5 6 8 17 -10 14 -12 18 -14 -15 16 -17 -18 -19 26 20 21 -23 23 25 -26 -27 -28 -29 -30 -31
leaf_value=9.9360812044846375e-05 0.0043707173517858284 -0.0053167661218880505 0.0037326758907617165 0.015875478975728437 0.041940587591861637 -0.0035224343447231099 -0.020408377991215275 -0.019147230533616125 -0.00097825341614903353 -0.00062816652913182894 0.028120376421105504 0.0039410473783784488 -0.0083125097023548644 0.025378837309838712 0.047368616940356767 -0.033422593558928917 -0.0080868285939555747 -0.025092214212884618 -8.7302443690973067e-05 0.0010326724549037849 -0.010272379795865597 0.0046653362811388136 0.0091855162426700502 0.0066488661593657088 -0.014224585695421069 -0.0067302370667305812 0.014297416853640327 -0.035825322092665195 -0.00046261033238045765 -0.0016386141983074976
leaf_weight=1205776 63 52 130 657 2028 10719 187 128 15757 4639 680 4035 2996 1044 292 1978 347 194 821 5553 576 294 4954 3467 6894 1043 120 873 10025 1866
leaf_count=1205776 63 52 130 657 2028 10719 187 128 15757 4639 680 4035 2996 1044 292 1978 347 194 821 5553 576 294 4954 3467 6894 1043 120 873 10025 1866
internal_value=0 0.0226865 0.00891879 3.05301e-06 -0.00119089 -0.000505463 -0.00152462 -0.0054505 0.000393029 0.00295717 0.00714008 0.00502684 0.00544496 0.00727769 -0.00393912 -0.00619859 0.0194582 -0.0510573 9.27824e-05 0.00604875 0.000646995 -0.0184098 0.00964376 0.0105073 -0.00648609 0.00422871 -0.0112075 -0.0146643 -0.00474257 0.00299896
internal_weight=0 245 182 1.28794e+06 82167 72750 64193 21066 43127 27370 8557 7877 20114 17118 7256 6617 639 322 5849 16074 6423 870 9651 9464 9417 4510 1814 1694 20744 2523
internal_count=1288188 245 182 1287943 82167 72750 64193 21066 43127 27370 8557 7877 20114 17118 7256 6617 639 322 5849 16074 6423 870 9651 9464 9417 4510 1814 1694 20744 2523
is_linear=0
shrinkage=0.1


Tree=156
num_leaves=31
num_cat=0
split_feature=63 4 66 62 4 3 88 0 3 20 89 4 90 90 2 123 0 4 4 6 13 90 1 20 4 90 4 2 109 4
split_gain=13.4439 13.4848 12.3591 14.2048 15.2596 15.0699 12.8181 21.2528 23.1904 20.3587 19.2266 59.7772 68.4531 38.9887 34.5995 36.3429 38.9324 29.0064 22.6594 22.2382 18.6083 18.3872 18.1113 17.6247 16.6272 27.0845 16.4047 16.31 16.1947 44.8642
threshold=4056433.0000000005 24.105000000000004 362710.50000000006 509023.50000000006 883.62000000000012 91544.24500000001 418610.00000000006 17823204.500000004 146895.90000000005 3.5000000000000004 0.99999759663143872 27267.225000000002 0.40827819044499442 319.43341517839667 132502.71500000005 278.50000000000006 5872.0000000000009 49938.620000000003 251346.25500000003 3.8333333333333335 30657.500000000004 0.054961766719926967 150861.50000000003 3.5000000000000004 138883.90500000003 2734723.0000000005 102766.00000000001 110841.98500000002 0.22500000000000003 4469.0500000000011
decision_type=2 2 2 2 2 2 2 2 2 2 2 2 2 2 2 2 2 2 2 2 2 2 2 2 2 2 2 2 2 2
left_child=2 -2 6 5 -5 -4 10 8 23 26 28 12 -12 19 15 22 -17 -15 24 -13 -9 -21 -14 -8 25 27 -10 -19 -1 -30
right_child=1 -3 3 4 -6 -7 7 20 9 -11 11 13 14 17 -16 16 -18 18 -20 21 -22 -23 -24 -25 -26 -27 -28 -29 29 -31
leaf_value=-4.8733899481412383e-05 0.0039038169563001958 0.00022172339735786474 0.0067940466748488198 -0.005808347444946938 0.0030307668370302184 0.015533963816055039 -0.018169884179448353 -0.0052501474838856591 0.018800518296955972 -0.0038088930122001097 0.062432308754179294 0.042035404161530933 -0.0082789276906752429 0.02453299296212268 0.020477819945731626 -0.14913802700972612 -0.04030921277010921 0.0066285777340091487 0.062054168705192161 0.034526662076012897 -0.032465831714564984 0.014580303936654895 -0.025625370628492173 0.0185950608944647 -0.035460136392117217 0.017259863308023135 -7.1694194722068881e-05 -0.032618139476338869 0.022527168528847487 -0.017511368689544171
leaf_weight=1258973 110 135 3948 267 348 1141 1246 550 833 2427 3077 422 1491 924 523 218 323 161 74 814 463 2961 1768 404 315 317 783 893 1801 478
leaf_count=1258973 110 135 3948 267 348 1141 1246 550 833 2427 3077 422 1491 924 523 218 323 161 74 814 463 2961 1768 404 315 317 783 893 1801 478
internal_value=0 0.0234342 6.99369e-06 0.00465151 -0.0097036 0.0063863 -1.36673e-05 -0.00437423 -0.00199952 0.00207779 9.25797e-06 0.00365786 -0.0025809 0.0103672 -0.0106952 -0.0140142 -0.038017 0.000954319 -0.00657811 0.0163868 -0.0177199 0.013953 -0.0100297 -0.0119902 -0.00895525 -0.00419514 0.0107742 -0.0119033 -3.20547e-05 0.00839006
internal_weight=0 245 1.28794e+06 5704 615 5089 1.28224e+06 6706 5693 4043 1.27553e+06 14281 7400 6881 4323 3800 541 2684 1760 4197 1013 3775 3259 1650 1686 1371 1616 1054 1.26125e+06 2279
internal_count=1288188 245 1287943 5704 615 5089 1282239 6706 5693 4043 1275533 14281 7400 6881 4323 3800 541 2684 1760 4197 1013 3775 3259 1650 1686 1371 1616 1054 1261252 2279
is_linear=0
shrinkage=0.1


Tree=157
num_leaves=31
num_cat=0
split_feature=128 13 4 20 13 2 128 3 13 2 20 6 20 53 2 20 62 3 64 92 20 52 3 90 64 123 0 3 6 6
split_gain=12.5336 18.8849 18.4106 21.3769 17.9525 27.5863 14.7366 18.5311 22.7266 17.3755 12.083 79.6866 43.2799 55.3405 72.8382 86.7294 78.5876 75.6413 54.4621 51.3724 48.7097 44.1529 54.3958 43.7288 46.6051 91.6379 72.7844 74.3643 74.1498 64.9759
threshold=0.17424242424242428 3070.5000000000005 1.0950000000000004 5.5000000000000009 1.5000000000000002 225856.35000000001 0.29285714285714287 23385.970000000005 100008.00000000001 188890.40000000005 5.5000000000000009 18.583333333333339 13.500000000000002 9.0889057250380028e-06 346714.57000000001 6.5000000000000009 384884.00000000006 273433.64000000007 0.99977057957423632 3876.0000000000005 6.5000000000000009 0.0050000299184471486 170643.14000000004 1.3551569234732623 0.023950817689356155 554233.00000000012 292320.00000000006 31906.405000000002 7.416666666666667 4.166666666666667
decision_type=2 2 2 2 2 2 2 2 2 2 2 2 2 2 2 2 2 2 2 2 2 2 2 2 2 2 2 2 2 2
left_child=10 4 3 6 5 -2 9 8 -8 -3 -1 12 13 14 16 17 19 18 -16 -12 -15 23 -23 24 25 -14 -26 29 -29 -28
right_child=1 2 -4 -5 -6 -7 7 -9 -10 -11 11 -13 21 20 15 -17 -18 -19 -20 -21 -22 22 -24 -25 26 -27 27 28 -30 -31
leaf_value=0.00019628685581964957 0.0046125206766327144 -0.012148468689830973 -0.0023078264544076428 0.0056161067436963754 0.0066835647690369013 -0.036558281655374211 0.0060022657636185084 -0.026965761620061715 -0.016864746294469681 0.0072990166202297636 -0.0038018842408883515 0.015222983655567441 0.0032360545853295179 -0.053974923240502896 -0.031148492786861156 -0.0047129186134958955 0.0016118882525308336 -0.037540165290258137 0.0048313373563473498 -0.056327094887236466 0.047240969254066539 -0.025011170775399723 0.0031778004016674217 -0.046210222640264927 0.0080203805225942393 0.0066794689686702213 0.0110029735467855 -0.0051889318525647106 0.012808253949549046 -0.041770197604416762
leaf_weight=1053457 138 345 3820 199 2253 75 219 466 159 91 86447 19366 37393 329 1132 5176 15369 2690 146 1277 2248 2645 2014 509 13554 3082 443 19826 10873 2447
leaf_count=1053457 138 345 3820 199 2253 75 219 466 159 91 86447 19366 37393 329 1132 5176 15369 2690 146 1277 2248 2645 2014 509 13554 3082 443 19826 10873 2447
internal_value=0 -0.00399404 -0.00735827 -0.0168312 0.0032351 -0.0245145 -0.0215715 -0.0292835 -0.0128312 -0.00664287 3.57339e-05 -0.000626085 -0.00119838 -0.00249637 -0.00282904 -0.0113828 -0.00207035 -0.0225059 -0.042537 -0.003226 0.0119925 0.000407769 -0.00907962 0.000909338 0.00107912 0.00356818 -0.00105788 -0.00355389 -0.00211021 -0.0188893
internal_weight=0 7765 5299 1479 2466 213 1280 844 378 436 1.28042e+06 226966 207600 114814 112237 9144 103093 3968 1278 87724 2577 92786 4659 88127 87618 40475 47143 33589 30699 2890
internal_count=1288188 7765 5299 1479 2466 213 1280 844 378 436 1280423 226966 207600 114814 112237 9144 103093 3968 1278 87724 2577 92786 4659 88127 87618 40475 47143 33589 30699 2890
is_linear=0
shrinkage=0.1


Tree=158
num_leaves=31
num_cat=0
split_feature=124 3 20 6 64 127 124 124 3 0 6 4 1 4 4 64 124 3 1 8 6 3 0 20 1 3 20 2 2 0
split_gain=12.5699 48.703 42.1741 30.6971 14.0103 13.8088 13.1169 46.6648 58.9226 43.5013 38.4454 48.9124 80.4602 51.6674 42.0358 81.4484 37.5412 125.552 92.3682 163.183 76.6914 91.3567 38.7941 36.0672 35.3413 37.3901 35.3297 34.3668 31.589 30.7953
threshold=27.500000000000004 189461.23000000001 5.5000000000000009 35.166666666666679 0.00063221778266174848 0.46410256410256417 11.500000000000002 12.500000000000002 8806.0000000000018 3438235.0000000005 24.750000000000004 19027.750000000004 2074640.5000000002 22026.025000000005 38587.005000000012 4.8126988902010285e-06 10.500000000000002 269089.71500000003 37271.000000000007 1.0000000180025095e-35 20.833333333333339 18241.410000000003 487073.50000000006 1.5000000000000002 1087162.5000000002 201317.41 6.5000000000000009 971206.93000000005 971206.93000000005 1769.5000000000002
decision_type=2 2 2 2 2 2 2 2 2 2 2 2 2 2 2 2 2 2 2 2 2 2 2 2 2 2 2 2 2 2
left_child=6 4 -3 -4 -2 -6 16 9 -9 -8 11 -10 13 -13 15 -15 -1 18 23 -20 21 22 -21 -18 -17 -26 -16 -19 -11 -29
right_child=1 2 3 -5 5 -7 7 8 10 28 -12 12 -14 14 26 24 17 27 19 20 -22 -23 -24 -25 25 -27 -28 29 -30 -31
leaf_value=2.4713771552666075e-05 0.022932946891639008 -0.0029537643159044747 -0.037607153814161604 0.017746077513452398 0.019847133323707456 -0.028563850133332208 0.00441589278156469 0.0593545800161039 -0.00056175689940076714 -0.003006299091400523 0.021355367987160687 -0.020130282902638266 0.0027019822034394904 -0.058468520182056352 -0.017727527019163341 0.00059723383310163474 0.020376750875239737 0.014110554761681172 -0.032002256213192824 0.013206204372419483 0.017545675166260377 -0.011202506468364848 -0.006003065977758926 -0.0053027894323331992 0.036273689655235135 -0.015701003461002214 -0.0056530741469676153 -0.031966005743092191 0.069682118184154831 0.0057276181983518804
leaf_weight=1216640 424 760 432 82 140 103 18893 1794 16278 5623 2545 449 2891 242 2016 265 1277 1837 629 1586 1626 6017 1242 1622 213 50 809 56 829 818
leaf_count=1216640 424 760 432 82 140 103 18893 1794 16278 5623 2545 449 2891 242 2016 265 1277 1837 629 1586 1626 6017 1242 1622 213 50 809 56 829 818
internal_value=0 -0.00802691 -0.0194885 -0.0416125 0.0138652 -0.00527919 2.65267e-05 0.00156851 -0.0012802 0.00466529 -0.00250065 -0.00377986 -0.0108125 -0.0199198 -0.0159251 0.00478695 -3.96075e-05 -0.00474725 -0.00856178 -0.012713 -0.00974128 -0.0134106 0.00141357 0.00733284 0.0268054 0.0527752 -0.0215706 0.0149501 -0.00242409 -0.00137302
internal_weight=0 1941 1274 514 667 243 1.28625e+06 52897 27552 25345 25758 23213 6935 4044 3595 770 1.23335e+06 16710 13999 11100 10471 8845 2828 2899 528 263 2825 2711 6452 874
internal_count=1288188 1941 1274 514 667 243 1286247 52897 27552 25345 25758 23213 6935 4044 3595 770 1233350 16710 13999 11100 10471 8845 2828 2899 528 263 2825 2711 6452 874
is_linear=0
shrinkage=0.1


Tree=159
num_leaves=31
num_cat=0
split_feature=123 3 0 0 2 124 4 64 20 3 20 3 124 2 2 64 6 64 124 124 2 3 64 2 6 20 124 6 2 64
split_gain=13.8905 25.694 102.228 55.7078 37.5151 30.2889 43.3927 35.136 27.5946 34.6249 61.8598 43.7845 52.7268 42.6931 42.1917 56.3316 56.2677 64.9654 39.3331 47.6396 44.8081 37.8474 40.2346 35.4238 36.27 34.3364 34.2311 32.6971 31.8266 29.9824
threshold=1876881.0000000002 86300.340000000011 4727634.0000000009 5674064.5000000009 109191.67500000002 9.5000000000000018 3.4650000000000003 0.52703536339751877 2.5000000000000004 189461.23000000001 4.5000000000000009 121500.42000000001 7.5000000000000009 130692.23000000001 452513.92500000005 0.0069259147972443452 4.8333333333333348 0.00010403432896337344 10.500000000000002 26.000000000000004 327354.56000000006 138879.93000000002 1.080650315380532 208041.61000000002 6.5833333333333348 4.5000000000000009 20.500000000000004 5.7500000000000009 130692.23000000001 0.99990836233029945
decision_type=2 2 2 2 2 2 2 2 2 2 2 2 2 2 2 2 2 2 2 2 2 2 2 2 2 2 2 2 2 2
left_child=-1 2 5 -4 -3 -2 -7 -8 -6 10 13 12 23 -10 16 -16 -11 -18 20 -20 25 -13 26 -12 -25 -19 -23 -15 -14 -22
right_child=1 4 3 -5 8 6 7 -9 9 14 11 21 28 27 15 -17 17 18 19 -21 29 22 -24 24 -26 -27 -28 -29 -30 -31
leaf_value=9.7717551794380641e-05 -0.0024953452451904668 0.0050594067224143443 -0.010632646953958757 -0.022242771483985624 0.00075995886716608084 -0.0023071468540567931 0.036149926632708156 -0.0080240827893896475 0.0047841555663493398 0.0016601482800748025 -0.0013526754838629139 0.0034802891483018393 -0.0022382255147415406 -0.00025284951495040115 0.013624020765096967 -0.0070052090285008363 -0.017275976551378035 -0.05166032627142278 0.0035170161537685174 -0.02577423993451396 -0.027027517776790105 -3.2827279421802356e-05 0.036392599730318241 -0.009462647700189666 -0.017474328222663271 0.072899835381033173 0.025843933079942951 -0.019716447846504368 0.0055944831289305476 -0.0096412142856914414
leaf_weight=1221031 5896 234 340 225 26710 609 1307 141 119 1881 1201 1711 692 190 3241 9134 821 64 2273 224 1687 4595 138 132 69 346 491 463 1483 740
leaf_count=1221031 5896 234 340 225 26710 609 1307 141 119 1881 1201 1711 692 190 3241 9134 821 64 2273 224 1687 4595 138 132 69 346 491 463 1483 740
internal_value=0 -0.00138938 -0.00652148 -0.0476229 -0.000643884 -0.00360153 0.00684658 0.0162658 -0.000803984 -0.00279938 0.0016459 0.0036524 -0.0053339 -0.0256757 -0.0052569 -0.00159313 -0.0108989 -0.0155248 -0.0114941 -0.00234093 -0.0195504 0.00828744 0.0040596 -0.020456 -0.059311 0.0110264 0.002614 -0.0357147 0.00441376 -0.0247158
internal_weight=0 67157 8518 565 58639 7953 2057 1448 58405 31695 11284 10512 3577 772 20411 12375 8036 6155 5334 2497 2837 6935 5224 1402 201 410 5086 653 2175 2427
internal_count=1288188 67157 8518 565 58639 7953 2057 1448 58405 31695 11284 10512 3577 772 20411 12375 8036 6155 5334 2497 2837 6935 5224 1402 201 410 5086 653 2175 2427
is_linear=0
shrinkage=0.1


Tree=160
num_leaves=31
num_cat=0
split_feature=127 127 2 0 3 3 3 3 0 0 123 6 2 0 3 13 1 20 2 64 6 14 0 64 0 0 62 4 64 0
split_gain=12.2072 36.9289 36.6212 95.5324 57.3539 70.8102 41.2545 37.0185 35.073 46.3026 34.7974 42.17 51.0651 60.1735 47.457 45.1962 38.4387 34.5167 38.5405 34.3653 31.4716 31.3245 34.1939 31.0157 28.8864 36.6778 36.0753 28.2938 26.6403 26.6317
threshold=0.81666666666666676 0.78888888888888908 86847.955000000016 572.50000000000011 58366.775000000001 45946.840000000004 109187.73500000002 107367.19000000002 2721.0000000000005 572.50000000000011 303842.50000000006 4.166666666666667 236678.345 3808076.5000000005 13766.595000000003 1979252.0000000002 3555038.5000000005 4.5000000000000009 97483.180000000008 1.130526998209149 1.0000000180025095e-35 1.0000000180025095e-35 1724201.5000000002 0.54580548397453366 3709734.5000000005 2978889.0000000005 1760537.5000000002 47133.670000000006 4.8126988902010285e-06 221756.50000000003
decision_type=2 2 2 2 2 2 2 2 2 2 2 2 2 2 2 2 2 2 2 2 2 2 2 2 2 2 2 2 2 2
left_child=1 20 4 -4 5 29 7 -5 9 -6 -2 12 14 16 -12 17 -14 -16 23 -20 21 -1 -23 -19 25 28 -27 -15 -13 -3
right_child=10 2 3 6 8 -7 -8 -9 -10 -11 11 24 13 27 15 -17 -18 18 19 -21 -22 22 -24 -25 -26 26 -28 -29 -30 -31
leaf_value=0.047751165472811448 0.0027304221467863601 0.0010674635314879665 -0.0067601833249184666 -0.0049007843324750389 0.0068754921205862914 -0.035711750086972985 0.00074483091887748217 -0.0049191696604356993 0.0054443356706350039 -0.0086811644528843601 0.010543095284177274 -0.0031159699716692413 0.0095742654199922408 0.0043910642970703701 -0.0025397009087466866 0.0013208167437796861 0.022121215806988559 0.0021535216624585544 -0.0022175452306913202 0.036867296528010317 5.1644229567837095e-07 -0.0017113764854574131 -0.0014277302382652856 0.014558894391235078 -0.0030627677287435374 0.0082612243283398303 0.00088144780894158824 -0.0079131003380239935 0.00013674665081688244 -0.013246625481512342
leaf_weight=34 23424 904 451 464 130 204 1039 90 665 191 518 3013 991 1476 3017 877 83 543 1121 75 1215954 3405 510 138 10254 794 1161 1006 15443 213
leaf_count=34 23424 904 451 464 130 204 1039 90 665 191 518 3013 991 1476 3017 877 83 543 1121 75 1215954 3405 510 138 10254 794 1161 1006 15443 213
internal_value=0 -6.08151e-05 -0.00925716 -0.0190038 -0.000621647 -0.0142438 -0.0075007 -0.0295391 0.0176287 -0.00951737 0.00135659 -0.00041742 0.0052768 0.0148546 -0.000138767 -0.00274132 0.0346297 -0.00648754 0.00415973 -0.00665298 -2.80147e-05 -0.00894077 -0.00977076 0.0231495 -0.00224555 -7.01487e-05 0.0129545 0.00629753 -0.00144981 -0.00434947
internal_weight=0 1.22425e+06 4351 2044 2307 1321 1593 554 986 321 63934 40510 9845 3556 6289 5771 1074 4894 1877 1196 1.2199e+06 3949 3915 681 30665 20411 1955 2482 18456 1117
internal_count=1288188 1224254 4351 2044 2307 1321 1593 554 986 321 63934 40510 9845 3556 6289 5771 1074 4894 1877 1196 1219903 3949 3915 681 30665 20411 1955 2482 18456 1117
is_linear=0
shrinkage=0.1


Tree=161
num_leaves=31
num_cat=0
split_feature=123 2 6 64 124 6 52 64 64 52 4 64 52 64 0 0 4 67 6 88 62 90 5 137 6 4 62 124 3 2
split_gain=12.1206 35.1809 28.1892 54.945 23.1169 25.531 18.8301 18.6521 19.0341 18.5871 18.71 17.3062 18.8899 16.816 15.309 67.8953 70.6183 48.6117 33.7685 30.2069 37.2337 46.2216 24.3695 40.2957 52.9317 33.0901 30.9027 26.8522 46.1784 26.1889
threshold=5815847.0000000009 879327.40000000002 6.5833333333333348 0.059580419966462829 7.5000000000000009 7.8333333333333348 0.003289282713145741 0.89984985113769167 0.99999908015273153 1.7108539604084195e-06 167079.36500000002 0.0090872628848526985 4.3989548137854317e-06 0.82975038811804525 6971452.0000000009 8662104.5000000019 94222.355000000025 8.5000000000000018 4.166666666666667 406180.50000000006 2009.5000000000002 319.43341517839667 3.0000000000000004 4173129.0000000005 7.8333333333333348 9201.5250000000033 718473.50000000012 8.5000000000000018 539301.19000000006 522490.28500000009
decision_type=2 2 2 2 2 2 2 2 2 2 2 2 2 2 2 2 2 2 2 2 2 2 2 2 2 2 2 2 2 2
left_child=14 4 9 6 7 -6 11 13 -9 10 -3 12 -4 -2 -1 16 18 19 -16 20 21 -17 -22 24 27 -25 -27 29 -29 -24
right_child=1 2 3 -5 5 -7 -8 8 -10 -11 -12 -13 -14 -15 15 17 -18 -19 -20 -21 22 -23 23 25 -26 26 -28 28 -30 -31
leaf_value=-2.579439792155247e-05 -0.0017383241857382827 -0.003134889758549286 -0.036469015703440397 0.077052640536538763 -0.039263002608655902 -0.0091864172773641461 -0.012639730416072775 -0.025496125824235813 -0.01854246542732425 0.11356946098745123 -0.056497511586118113 0.073290498348352578 0.012145313849861282 0.040202898273196008 0.0156024729383202 0.03027246425384171 -0.0085051048176766567 0.060835170829866739 0.0071490466926386487 -0.012798993535643356 -0.012251133488939248 -0.00425093734152564 0.0037629573431603226 -0.0054286337681707453 -0.0089714880309789743 -0.13430294778085106 0.081447787686916073 0.082422372832159863 0.010620767252686059 -0.0069255101185772272
leaf_weight=1241833 2797 1865 339 978 282 837 541 223 624 48 673 461 283 109 1088 1666 2063 233 4264 1818 2207 1489 6210 854 8423 77 1025 234 617 4027
leaf_count=1241833 2797 1865 339 978 282 837 541 223 624 48 673 461 283 109 1088 1666 2063 233 4264 1818 2207 1489 6210 854 8423 77 1025 234 617 4027
internal_value=0 -0.00344605 0.00228466 0.00963322 -0.00954845 -0.0221634 -0.0016436 -0.00578716 -0.0188453 -0.00510937 -0.00627528 0.00596698 -0.00491585 -0.00198117 3.8656e-05 0.00206305 0.0105988 -0.000128514 0.0166577 -0.000498521 0.000346773 0.0105515 -0.0010132 1.55365e-05 -0.00135626 0.0136991 0.025149 0.00318342 0.0202515 0.00176455
internal_weight=0 10060 5188 2602 4872 1119 1624 3753 847 2586 2538 1083 622 2906 1.27813e+06 36295 7415 28880 5352 28647 26829 3155 23674 21467 19511 1956 1102 11088 851 10237
internal_count=1288188 10060 5188 2602 4872 1119 1624 3753 847 2586 2538 1083 622 2906 1278128 36295 7415 28880 5352 28647 26829 3155 23674 21467 19511 1956 1102 11088 851 10237
is_linear=0
shrinkage=0.1


Tree=162
num_leaves=31
num_cat=0
split_feature=84 6 3 138 6 13 4 53 2 20 20 0 63 63 127 64 137 3 5 13 20 13 5 3 2 2 6 0 64 20
split_gain=12.9995 11.8955 45.6241 40.1005 37.0874 32.999 29.6272 89.8119 50.6553 33.5332 72.5576 59.9069 41.9631 45.6397 40.0111 41.3421 37.4418 51.9549 36.0158 34.5813 34.2096 78.2592 41.9005 34.0301 109.717 76.8425 89.9826 74.8417 85.7607 58.2684
threshold=6109054.0000000009 8.4166666666666696 8.0700000000000021 11.500000000000002 9.8333333333333339 1242196.0000000002 11046.410000000002 0.12674467082939897 452513.92500000005 7.5000000000000009 8.5000000000000018 4228174.5000000009 1.000124719381392 108.3180059906495 0.60769230769230786 0.01252056690169827 112.50000000000001 2590.6550000000002 1.5000000000000002 800029.00000000012 9.5000000000000018 123946.00000000001 1.5000000000000002 43612.075000000004 42807.490000000013 130692.23000000001 5.7500000000000009 26799.500000000004 0.99939395382748475 3.5000000000000004
decision_type=2 2 2 2 2 2 2 2 2 2 2 2 2 2 2 2 2 2 2 2 2 2 2 2 2 2 2 2 2 2
left_child=1 3 -3 6 5 -4 7 8 9 23 16 12 14 18 20 19 -11 -18 -14 -16 21 -12 -23 24 -1 26 29 -27 -29 -25
right_child=-2 2 4 -5 -6 -7 -8 -9 -10 10 11 -13 13 -15 15 -17 17 -19 -20 -21 -22 22 -24 25 -26 27 -28 28 -30 -31
leaf_value=0.00087816612887192669 0.026750337350756007 0.061051646945227273 -0.0034900205080160788 -0.026381422111511923 -0.00038567856434506003 -0.014615912528269343 0.0012100994025100453 -0.021926029562130189 -0.0038091197334930594 -0.00039210857338822791 0.042128302242398434 -0.028585159754176793 -0.0228790745297347 -0.015910301585044917 0.0052162578104783868 0.00012924767830342209 -0.018350340910109109 -0.040515584349012368 0.0353507229392237 0.0073980480095440226 -0.0043631084969265599 -0.033571571127757813 -0.0043482959829906111 -0.0037267761514275691 0.017375783702915062 -0.0030268839593564859 -4.8568455169841983e-05 6.2768928012602039e-06 0.0048283336492514206 -0.00041062671755258168
leaf_weight=225791 60 2455 18459 837 573702 2196 299650 4121 5556 1807 3269 1006 382 250 1400 2571 3110 1363 1619 365 43820 314 1071 11678 9724 6211 24646 21214 11829 7712
leaf_count=225791 60 2455 18459 837 573702 2196 299650 4121 5556 1807 3269 1006 382 250 1400 2571 3110 1363 1619 365 43820 314 1071 11678 9724 6211 24646 21214 11829 7712
internal_value=0 7.98547e-06 -0.000319078 0.000290339 -0.000375271 -0.0045384 0.000316856 -0.000256711 -0.000100222 3.79602e-05 -0.00208305 -0.000941333 -0.000499497 0.0128721 -0.00106945 0.00813382 -0.0122762 -0.0171839 0.0179051 0.0199188 -0.00189269 0.0062589 -0.0136633 0.000452756 0.00106716 -0.00128457 -0.00415233 0.00193254 0.00382563 -0.00924868
internal_weight=0 1.28813e+06 596812 691316 594357 20655 690479 390829 386708 381152 62347 56067 55061 2251 52810 4336 6280 4473 2001 1765 48474 4654 1385 318805 235515 83290 44036 39254 33043 19390
internal_count=1288188 1288128 596812 691316 594357 20655 690479 390829 386708 381152 62347 56067 55061 2251 52810 4336 6280 4473 2001 1765 48474 4654 1385 318805 235515 83290 44036 39254 33043 19390
is_linear=0
shrinkage=0.1


Tree=163
num_leaves=31
num_cat=0
split_feature=75 92 20 6 92 13 90 1 20 93 76 5 76 4 4 4 92 4 92 20 1 4 2 6 1 20 4 6 0 4
split_gain=12.435 17.14 33.3403 18.2605 20.7224 17.3628 16.9228 18.0577 19.8533 18.0555 16.1515 53.3811 41.813 33.1809 39.4758 28.447 24.9394 30.629 39.3006 22.8886 21.0266 16.6905 16.0575 15.9727 14.8071 27.6728 22.6688 13.649 13.5734 13.3235
threshold=17.500000000000004 75.166666666666671 2.5000000000000004 5.7500000000000009 4732.2500000000009 113.50000000000001 287.63211421277009 1463967.0000000002 19.500000000000004 2824.0000000000005 10.500000000000002 3.0000000000000004 11.500000000000002 3000.4350000000004 24799.965 1380.7950000000003 26.872983870967747 12770.470000000001 3259.2648809523812 7.5000000000000009 1.5000000000000002 13211.900000000003 52729.180000000008 11.41666666666667 2.5000000000000004 7.5000000000000009 40607.280000000006 3.4166666666666674 3552.5000000000005 131861.36500000002
decision_type=2 2 2 2 2 2 2 2 2 2 2 2 2 2 2 2 2 2 2 2 2 2 2 2 2 2 2 2 2 2
left_child=10 6 5 -4 -5 -3 7 8 27 -9 29 12 15 20 16 -12 -15 -18 22 -17 -13 -14 -19 -6 25 -16 -26 -2 -21 -1
right_child=1 2 3 4 23 -7 -8 9 -10 -11 11 13 21 14 24 19 17 18 -20 28 -22 -23 -24 -25 26 -27 -28 -29 -30 -31
leaf_value=0.00027115502180026686 -0.012803527042757735 -0.032157494267397481 0.019290392617655163 -0.0022055422608881518 -0.034495637578682389 0.0092041735303288307 -0.025434377608059534 0.01460378238783764 -0.030799826478775872 -0.081509791896271694 -0.0093274871465454552 0.055732920135558355 -0.0027880206973957215 0.019789743801901238 -0.10606147765922017 -0.070352586772778294 -0.023161796953717156 -0.042613375750672089 0.023317045510108856 0.0090034978939382178 0.0058940258618919725 -0.024078483624622084 -0.11823238742963588 0.0037230627045431288 0.033905557840198414 0.028594479623180735 0.013858711933505458 -0.0011817134259973772 -0.13036363627795436 -0.0010636339383894688
leaf_weight=928207 458 849 119 1420 68 100 269 914 972 28 285 890 1833 323 220 762 1307 232 117 110 6338 781 479 30 213 196 312 18517 35 321804
leaf_count=928207 458 849 119 1420 68 100 269 914 972 28 285 890 1833 323 220 762 1307 232 117 110 6338 781 479 30 213 196 312 18517 35 321804
internal_value=0 -0.00225315 -0.0099383 -0.00129301 -0.00425013 -0.0248512 -0.00131385 -0.000992916 -0.00163185 0.0125367 5.67035e-05 -0.0032694 -0.0134316 0.000370124 -0.00777827 -0.0289532 -0.0144462 -0.0183642 -0.0334126 -0.0376128 0.00420194 -0.00635362 -0.0422503 -0.0487251 0.00963925 -0.00445276 0.0208055 -0.000917817 -0.00119616 9.51077e-05
internal_weight=0 23744 2586 1637 1518 949 21158 20889 19947 942 1.26444e+06 14433 3806 10627 3399 1192 2458 2135 828 907 7228 2614 711 98 941 416 525 18975 145 1.25001e+06
internal_count=1288188 23744 2586 1637 1518 949 21158 20889 19947 942 1264444 14433 3806 10627 3399 1192 2458 2135 828 907 7228 2614 711 98 941 416 525 18975 145 1250011
is_linear=0
shrinkage=0.1


Tree=164
num_leaves=31
num_cat=0
split_feature=117 84 25 3 6 105 0 138 138 4 20 6 137 137 63 6 6 64 2 62 4 138 5 138 137 4 0 13 4 6
split_gain=11.7896 11.7113 11.7225 17.4048 14.0139 29.0889 23.9565 19.4909 27.0754 53.0958 39.0235 24.1927 23.5124 22.8391 32.4236 30.5589 27.8384 23.3494 31.8198 22.0003 32.733 21.1858 83.2024 63.9017 67.3937 59.2467 57.1778 53.2359 52.616 49.5118
threshold=0.35416666666666669 6109054.0000000009 10.000000000000002 20409.820000000003 10.16666666666667 4897042.5000000009 10917235.500000002 10.500000000000002 8.5000000000000018 5236.3200000000006 2.5000000000000004 6.8333333333333348 9560.5000000000018 1364914.5000000002 0.97907096455549114 9.8333333333333339 5.7500000000000009 1.0397386122086758e-05 50520.635000000002 68373.000000000015 2155.9950000000003 5.5000000000000009 1.5000000000000002 4.5000000000000009 509042.00000000006 233.50500000000002 2490482.5000000005 50.500000000000007 105225.99000000001 7.416666666666667
decision_type=2 2 2 2 2 2 2 2 2 2 2 2 2 2 2 2 2 2 2 2 2 2 2 2 2 2 2 2 2 2
left_child=1 2 4 -4 7 6 -6 8 21 10 -10 -11 -12 14 -9 16 -15 18 -16 20 -19 23 26 -1 25 -25 -23 -27 -24 -28
right_child=-2 -3 3 -5 5 -7 -8 13 9 11 12 -13 -14 15 17 -17 -18 19 -20 -21 -22 22 28 24 -26 27 29 -29 -30 -31
leaf_value=0.00024447184778224519 -0.035138092651216861 0.023987046528342368 0.18129558073091037 0.0055604138506765823 -0.00071562421950384098 0.027948953711282698 -0.010845521366548478 0.013651257156918721 0.053554903705064397 0.044957148235931964 0.03006540088182821 0.0073275035981873737 -0.037149698714108274 0.0028353566222863477 0.024247118807362213 -0.0065396242542835881 -0.056194754173864173 6.400980587428697e-05 -0.046375187450415779 0.0031236443159822404 -0.039259333179102657 0.027669451972165859 -0.0011969977390507121 0.032375824771953179 0.056457813206971658 0.032789576062615872 -0.022517441120501143 -0.032168055390794162 -0.018374257265027678 0.023101302271975536
leaf_weight=670971 57 60 6767 14875 487880 61 4354 1246 2342 492 2867 356 1442 168 33 883 730 544 121 1550 504 8940 60449 10962 1076 538 918 1439 4944 619
leaf_count=670971 57 60 6767 14875 487880 61 4354 1246 2342 492 2867 356 1442 168 33 883 730 544 121 1550 504 8940 60449 10962 1076 538 918 1439 4944 619
internal_value=0 1.6919e-05 1.48611e-05 0.00232257 -2.45754e-05 -0.000441717 -0.000450275 0.000240698 0.000284214 0.00626359 0.00325901 0.029829 -0.00238808 -0.00554509 -0.00134921 -0.014964 -0.0279531 -0.00740881 -0.045242 -0.0051662 -0.0163575 0.000225282 -0.00136026 0.000400898 0.00708388 0.00508416 0.00691307 -0.0108498 -0.00268578 -0.0109036
internal_weight=0 1.28813e+06 1.28807e+06 21642 1.26643e+06 492295 492234 774134 768355 7499 6651 848 4309 5779 3998 1781 898 2752 154 2598 1048 760856 75870 684986 14015 12939 10477 1977 65393 1537
internal_count=1288188 1288131 1288071 21642 1266429 492295 492234 774134 768355 7499 6651 848 4309 5779 3998 1781 898 2752 154 2598 1048 760856 75870 684986 14015 12939 10477 1977 65393 1537
is_linear=0
shrinkage=0.1


Tree=165
num_leaves=31
num_cat=0
split_feature=117 67 4 2 4 92 0 13 2 94 15 66 63 4 3 13 138 2 92 4 0 20 6 20 93 13 20 64 4 4
split_gain=11.7934 11.6509 19.5774 30.9477 24.7237 23.6551 21.115 21.0942 19.9487 14.8145 12.8414 12.4027 18.9207 14.4813 18.243 12.6822 40.3539 31.8997 30.3196 65.1456 46.7329 37.297 44.3855 29.5941 29.3407 28.4558 26.2457 24.7568 27.7854 24.1793
threshold=0.35416666666666669 12.500000000000002 12770.470000000001 152557.70500000002 34672.610000000008 12.00854700854701 108.50000000000001 5.5000000000000009 220810.12000000002 4.0000048726769526 1.0000000180025095e-35 899511.50000000012 0.30346105781564531 13.455000000000002 118129.10500000003 6.5000000000000009 4.5000000000000009 1.3050000000000004 120.10714285714288 0.8650000000000001 83041.000000000015 1.5000000000000002 7.8333333333333348 4.5000000000000009 108.50000000000001 23.500000000000004 7.5000000000000009 16.664342093865947 2812.8850000000007 256005.11000000002
decision_type=2 2 2 2 2 2 2 2 2 2 2 2 2 2 2 2 2 2 2 2 2 2 2 2 2 2 2 2 2 2
left_child=1 11 3 -3 5 9 7 -7 -6 -4 -5 15 -13 14 -14 16 -1 -17 25 20 -20 24 -23 -22 -21 26 -19 28 -18 -27
right_child=-2 2 4 10 8 6 -8 -9 -10 -11 -12 12 13 -15 -16 17 27 18 19 21 23 22 -24 -25 -26 29 -28 -29 -30 -31
leaf_value=0.00065819610357209513 -0.03162428338609518 -0.019274645160530814 -0.020977279671350071 0.0330791357967005 0.027516828977025832 0.057457213559558663 -0.051397831656843862 -0.035630928284492949 -0.024131656196256679 0.047064379956901221 -0.011965023946095577 0.022394444553882644 -0.020935136112437414 0.00091729658343062722 -0.00049331346958302014 -0.0036958292360973369 0.071643232403128199 0.007411564279837979 0.027449149282120767 -0.028905681221966802 -0.083519991260162185 0.0098787861796116871 -0.010286870546358674 0.050991816708421484 0.013172153509244781 -8.0631477006982681e-05 -0.006097143040070474 -0.011431787739087814 0.054155939699392031 -0.0051150406592464399
leaf_weight=589735 57 1558 430 333 251 47 803 31 208 81 68 3182 104 246 94 9101 5380 10126 135 1144 273 2046 4118 37 179 635785 2505 352 505 19274
leaf_count=589735 57 1558 430 333 251 47 803 31 208 81 68 3182 104 246 94 9101 5380 10126 135 1144 273 2046 4118 37 179 635785 2505 352 505 19274
internal_value=0 2.42736e-05 -0.00549744 0.00147044 -0.0128719 -0.0195084 -0.0294365 0.0202362 0.00725455 -0.00239167 0.0262452 4.0654e-05 0.00588088 -0.0134572 -0.0335874 2.41187e-05 0.000361421 -0.000269464 -0.000190245 -0.00633643 -0.0435092 -0.00412702 -0.000857136 -0.0648946 -0.0193617 -0.00011723 0.00458408 0.0083629 0.00990374 -0.000207882
internal_weight=0 1.28813e+06 3810 1959 1851 1392 881 78 459 511 401 1.28432e+06 3626 444 198 1.2807e+06 595972 684723 675622 7932 445 7487 6164 310 1323 667690 12631 6237 5885 655059
internal_count=1288188 1288131 3810 1959 1851 1392 881 78 459 511 401 1284321 3626 444 198 1280695 595972 684723 675622 7932 445 7487 6164 310 1323 667690 12631 6237 5885 655059
is_linear=0
shrinkage=0.1


Tree=166
num_leaves=31
num_cat=0
split_feature=29 29 94 4 4 20 30 2 20 2 2 3 117 2 25 3 6 6 64 134 134 2 124 4 6 0 3 1 4 3
split_gain=12.0785 18.2633 15.9126 13.578 16.9035 24.4676 13.3432 13.1379 17.9626 12.9243 12.0831 11.8714 11.7972 11.4185 10.9736 17.1546 13.9783 23.5533 30.1086 18.5298 30.9733 18.0217 16.2381 41.3005 16.3967 19.9512 26.6889 16.6068 16.0115 84.3697
threshold=454168.50000000006 9538.0000000000018 0.11295170284322889 26222.835000000003 19697.185000000005 1.5000000000000002 11.500000000000002 1441.8400000000004 1.5000000000000002 286822.62500000006 5012.8750000000009 322131.89000000007 0.35416666666666669 51634.470000000008 10.000000000000002 18241.410000000003 35.583333333333336 26.583333333333339 0.0016357794225057547 4732619.0000000009 27013644.500000004 152557.70500000002 24.500000000000004 20649.610000000004 24.416666666666668 229833.50000000003 224216.62000000002 2219264.5000000005 242793.49000000002 189461.23000000001
decision_type=2 2 2 2 2 2 2 2 2 2 2 2 2 2 2 2 2 2 2 2 2 2 2 2 2 2 2 2 2 2
left_child=1 12 3 4 7 -6 -2 8 -3 -8 -9 -5 14 -7 16 -16 17 19 -19 22 21 -21 28 -24 25 -25 -27 -28 -1 -30
right_child=6 2 -4 11 5 13 9 10 -10 -11 -12 -13 -14 -15 15 -17 -18 18 -20 20 -22 -23 23 24 -26 26 27 -29 29 -31
leaf_value=9.128127011703846e-05 0.047731431422492275 -0.10772088970465961 0.043897793954466427 0.016741781589778633 0.0081898798117633342 -0.037040836437391644 0.026244515534212677 0.05279354061028918 -0.047399347685114515 -0.017160888513858209 -0.01923659515521893 -0.02611382277800723 -0.028461855047485669 -0.0041928463335940518 0.16512427216716913 0.0063343037231395451 -0.0025033414777622556 0.0036095568321126148 0.022671407618810015 -0.2948709038824201 -0.0083164826361789394 0.018058848281404871 0.0027461550498689255 -0.035937331001945315 -0.033146958949411318 0.0056379864728344255 -0.04300802218295996 0.050394948469735079 0.017938736580073035 -0.0043843291903604255
leaf_weight=919591 429 54 205 305 74 127 94 406 70 275 3147 74 57 31 6313 15329 140632 63407 3838 71 4816 13215 833 54 217 160 93 20 13230 101021
leaf_count=919591 429 54 205 305 74 127 94 406 70 275 3147 74 57 31 6313 15329 140632 63407 3838 71 4816 13215 833 54 217 160 93 20 13230 101021
internal_value=0 7.25102e-06 -0.00635722 -0.00765844 -0.00941062 -0.0355899 0.0123139 -0.00775884 -0.0397554 -0.00162871 -0.00664216 0.0104135 2.95409e-05 -0.0578147 3.15622e-05 0.00226426 -6.75063e-06 0.000111189 0.00192569 -4.65059e-06 0.00316716 0.00565761 -6.01134e-05 -0.0109122 -0.0323427 -0.0182 -0.00721431 -0.0444196 -4.56593e-05 -0.00116215
internal_weight=0 1.28739e+06 4493 4288 3909 232 798 3677 124 369 3553 379 1.2829e+06 158 1.28284e+06 21642 1.2612e+06 1.12057e+06 67245 1.05332e+06 18102 13286 1.03522e+06 1377 544 327 273 113 1.03384e+06 114251
internal_count=1288188 1287390 4493 4288 3909 232 798 3677 124 369 3553 379 1282897 158 1282840 21642 1261198 1120566 67245 1053321 18102 13286 1035219 1377 544 327 273 113 1033842 114251
is_linear=0
shrinkage=0.1


Tree=167
num_leaves=31
num_cat=0
split_feature=117 137 64 0 138 62 3 6 4 6 20 20 3 4 6 20 4 6 0 4 62 6 2 6 2 2 62 6 3 20
split_gain=11.7894 11.6352 68.5489 46.5683 43.0037 52.5454 48.1256 57.8109 59.8209 40.2759 39.8866 39.5577 52.0099 47.571 54.4447 45.8216 139.962 52.7425 39.5335 34.7553 37.6784 28.1824 30.021 27.575 35.1282 27.4563 26.953 24.1545 60.7449 44.6483
threshold=0.35416666666666669 706701.00000000012 0.74571064348611549 789643.50000000012 5.5000000000000009 954069.00000000012 35380.810000000005 7.8333333333333348 87618.815000000017 6.416666666666667 13.500000000000002 1.0000000180025095e-35 52790.730000000003 120896.22000000002 5.7500000000000009 1.5000000000000002 11787.065000000002 4.166666666666667 1122860.0000000002 29305.660000000003 80898.000000000015 5.7500000000000009 54765.900000000009 5.7500000000000009 62911.175000000003 42807.490000000013 2803454.5000000005 5.416666666666667 23961.390000000003 23.500000000000004
decision_type=2 2 2 2 2 2 2 2 2 2 2 2 2 2 2 2 2 2 2 2 2 2 2 2 2 2 2 2 2 2
left_child=1 -1 3 -3 5 -4 -7 -8 -9 10 -6 12 18 14 -14 16 25 -18 21 -19 -21 22 -5 24 -20 -13 -11 29 -29 -17
right_child=-2 2 4 11 9 6 7 8 -10 26 -12 15 13 -15 -16 27 17 19 23 20 -22 -23 -24 -25 -26 -27 -28 28 -30 -31
leaf_value=-6.6364143645083137e-05 -0.025615669542737092 0.019057384166084337 0.042490569383840826 -0.045390222066315572 0.0025806261305788892 -0.032167187258482485 0.0055782210000152937 0.045410411997685744 0.046858115864403541 0.0012341328223998704 -0.067156251944349668 0.014545988720250326 0.028399711036959121 -0.025600148579239937 0.004018441893611187 0.00024258599614815032 0.006111378035489088 0.010432719253181986 -0.0060458729823687166 0.0022901310914316656 -0.013913312053419761 -0.0047310889393643793 0.017227050765406864 -0.01882574311000268 0.010301956932315715 0.040909307233474745 0.11244876031729108 -0.01456149582056886 -0.0023098277285265672 0.0090381681164737777
leaf_weight=1218191 57 1877 1411 745 753 288 4669 631 849 5231 612 1676 148 948 1151 13589 368 936 39 537 1412 651 31 172 34 2009 1099 1379 25478 1217
leaf_count=1218191 57 1877 1411 745 753 288 4669 631 849 5231 612 1676 148 948 1151 13589 368 936 39 537 1412 651 31 172 34 2009 1099 1379 25478 1217
internal_value=0 1.64802e-05 0.00127078 -0.000402684 0.00712754 0.012336 0.00850504 0.0103763 0.0275983 0.00181551 -0.013764 -0.000955815 -0.0106205 -0.000683127 0.0117468 -0.000176491 0.00734788 -0.00776908 -0.0239753 -0.0123168 -0.019923 -0.0176039 -0.0304757 -0.0610856 -0.00958904 0.0206927 0.00517508 -0.0014295 -0.00321728 0.0018134
internal_weight=0 1.28813e+06 69940 54397 15543 7848 6437 6149 1480 7695 1365 52520 3919 2247 1299 48601 6938 3253 1672 2885 1949 1427 776 245 73 3685 6330 41663 26857 14806
internal_count=1288188 1288131 69940 54397 15543 7848 6437 6149 1480 7695 1365 52520 3919 2247 1299 48601 6938 3253 1672 2885 1949 1427 776 245 73 3685 6330 41663 26857 14806
is_linear=0
shrinkage=0.1


Tree=168
num_leaves=31
num_cat=0
split_feature=97 3 97 8 64 4 2 2 20 3 1 0 62 6 138 4 4 124 4 20 1 137 3 62 137 20 6 64 64 20
split_gain=11.3278 32.7416 30.8213 30.0731 23.8519 27.2263 21.4823 16.7251 19.558 12.1491 11.9852 90.4951 95.4382 50.8004 49.5914 42.8376 36.3031 41.6329 49.4955 46.7758 35.2007 95.2515 35.6347 121.078 54.789 41.6373 42.7413 50.2738 34.4933 45.3349
threshold=1.0000000180025095e-35 129651.87000000001 4.5000000000000009 1.0000000180025095e-35 1.0416322033437833 36398.500000000007 204550.13000000003 263534.65500000009 22.500000000000004 109187.73500000002 517458.00000000006 487073.50000000006 790333.00000000012 4.8333333333333348 4.5000000000000009 5690.9700000000012 11787.065000000002 5.5000000000000009 28211.850000000002 5.5000000000000009 964980.50000000012 901390.00000000012 32849.775000000009 549088.50000000012 900293.50000000012 1.5000000000000002 5.7500000000000009 0.081114104218208513 1.0003341740906577 7.5000000000000009
decision_type=2 2 2 2 2 2 2 2 2 2 2 2 2 2 2 2 2 2 2 2 2 2 2 2 2 2 2 2 2 2
left_child=10 4 7 6 -2 -6 -4 8 -3 -7 11 12 28 14 -13 -14 -15 19 -19 -18 21 22 23 24 -12 -25 -27 -28 -1 -30
right_child=1 2 3 -5 5 9 -8 -9 -10 -11 20 13 15 16 -16 -17 17 18 -20 -21 -22 -23 -24 25 -26 26 27 -29 29 -31
leaf_value=0.00030765067345730481 0.031280127093669841 -0.028409825908575399 -0.029338260307816257 -0.0048104102904486801 0.0074526225939868023 -0.053156808273645752 -0.051304544730393788 0.017326278482614879 0.050260059797159556 0.00083676475262295163 0.0040475235089334925 -0.0037017251921901495 -0.018483236568408869 -0.0035753270422995698 -0.0052725802728869732 -0.02062464923153012 -0.0056010008953850578 0.0059152567477267597 -0.010350902498814542 0.0038993376945357511 -2.2262751781876312e-05 0.045665415443729755 0.0016852691814213208 0.082043602206420485 -0.04394594300361971 0.039156120202161374 -0.0066593766386358394 -0.01853492371529343 -0.0024655337322495394 0.0043945729748070764
leaf_weight=943599 2587 110 167 1138 229 102 65 276 67 24 13015 5758 303 16238 207 381 3233 2438 918 2536 201222 2367 42252 181 1098 135 867 1678 35538 9459
leaf_count=943599 2587 110 167 1138 229 102 65 276 67 24 13015 5758 303 16238 207 381 3233 2438 918 2536 201222 2367 42252 181 1098 135 867 1678 35538 9459
internal_value=0 0.004881 -0.00564943 -0.0131263 0.0114061 -0.0129005 -0.04594 0.0169628 -0.00703126 -0.0502352 -3.79933e-06 -0.000158871 8.696e-06 -0.00545034 -0.0137539 -0.037332 -0.00349748 0.00154938 0.0104055 -0.00360246 0.000598403 0.00269021 0.00190405 -0.00196596 0.00183673 -0.0207242 -0.0238593 -0.0267679 3.45317e-05 -0.00267042
internal_weight=0 4765 1823 1370 2942 355 232 453 177 126 1.28342e+06 1.02061e+06 989280 31328 5965 684 25363 9125 3356 5769 262815 61593 59226 16974 14113 2861 2680 2545 988596 44997
internal_count=1288188 4765 1823 1370 2942 355 232 453 177 126 1283423 1020608 989280 31328 5965 684 25363 9125 3356 5769 262815 61593 59226 16974 14113 2861 2680 2545 988596 44997
is_linear=0
shrinkage=0.1


Tree=169
num_leaves=31
num_cat=0
split_feature=127 127 0 3 3 20 123 2 90 20 3 0 92 6 123 2 4 64 3 64 1 3 2 2 3 20 20 4 64 2
split_gain=11.2839 32.7995 31.4294 36.3954 30.5083 34.9068 43.3743 55.8656 49.4104 43.719 40.5872 28.6838 26.8777 27.1341 72.681 41.6148 47.3723 39.0087 37.5061 31.9361 30.9173 32.4873 30.7795 30.9822 45.4786 27.2942 48.711 26.9996 26.4468 26.3378
threshold=0.81666666666666676 0.78888888888888908 207.50000000000003 330774.81000000006 50475.835000000006 2.5000000000000004 352270.50000000006 36531.375000000007 0.71034855209743386 1.5000000000000002 10143.275000000001 1366986.0000000002 23.022222222222226 4.166666666666667 557.50000000000011 236678.345 9201.5250000000033 0.50986240473180511 330774.81000000006 0.07780292663686475 1924172.5000000002 93499.605000000025 97483.180000000008 107653.32500000003 104773.53500000002 6.5000000000000009 3.5000000000000004 1453.4400000000003 2.0008361204013383 86847.955000000016
decision_type=2 2 2 2 2 2 2 2 2 2 2 2 2 2 2 2 2 2 2 2 2 2 2 2 2 2 2 2 2 2
left_child=1 -1 3 -2 5 6 7 8 10 11 -4 -8 13 14 18 20 17 -17 -6 -18 -16 -22 -15 24 -24 26 -25 -19 -28 -3
right_child=2 29 4 -5 12 -7 9 -9 -10 -11 -12 -13 -14 22 15 16 19 27 -20 -21 21 -23 23 25 -26 -27 28 -29 -30 -31
leaf_value=-3.7399756750963867e-05 0.016738504109129915 -0.00045886279319331538 0.021550495060049538 0.029107451625020223 -0.011699888586557978 0.0034500473988289628 -0.0039957435485389768 0.012677773580664421 -0.13662292071781379 -0.016756978353424525 -0.0032180718511241936 0.0040839702739145362 0.021914397403757991 -0.0029164295029013724 -0.0011158666586951859 0.0035457979328497209 0.015465878695579544 0.010243466339002555 -0.011251756264272827 0.00056050443236333326 0.0052957470053605869 0.00067775438785671292 0.0031753120989213902 -0.00033549074187221354 0.01576074323606207 0.0035010745691246969 -0.0057748505014966426 0.0073045580320689561 0.020825833157536791 -0.002581390755861902
leaf_weight=1219903 1458 2307 998 52 307 10444 1672 1948 95 539 3263 104 64 2360 3861 890 422 244 88 2405 275 1290 1091 18915 180 4641 5614 349 365 2044
leaf_count=1219903 1458 2307 998 52 307 10444 1672 1948 95 539 3263 104 64 2360 3861 890 422 244 88 2405 275 1290 1091 18915 180 4641 5614 349 365 2044
internal_value=0 -5.68992e-05 0.00130585 0.0155616 0.000961015 0.00429518 -0.000415296 0.00388358 -0.00241169 -0.0121216 -0.000821421 -0.00455097 -0.000504799 -0.00060052 0.00392897 0.00563502 0.0129706 0.0274455 -0.038122 0.00537729 -0.000191809 0.0116646 -0.00198411 -0.00114093 0.0141465 -0.0017988 -0.00311138 0.0473146 -0.0109792 -0.00872384
internal_weight=0 1.22425e+06 63934 1510 62424 19063 8619 6304 4356 2315 4261 1776 43361 43297 10131 9736 4310 1483 395 2827 5426 1565 33166 30806 1271 29535 24894 593 5979 4351
internal_count=1288188 1224254 63934 1510 62424 19063 8619 6304 4356 2315 4261 1776 43361 43297 10131 9736 4310 1483 395 2827 5426 1565 33166 30806 1271 29535 24894 593 5979 4351
is_linear=0
shrinkage=0.1


Tree=170
num_leaves=31
num_cat=0
split_feature=67 3 4 4 4 67 92 94 3 0 138 1 94 5 93 93 29 6 92 4 0 0 93 75 3 20 4 4 92 2
split_gain=10.7795 18.2568 24.343 21.847 19.3372 11.5596 14.2575 14.1993 13.7326 11.4829 11.4636 11.0904 27.2542 13.0854 10.8465 37.9815 22.3019 22.6532 25.6991 63.2319 31.2528 29.5297 23.3064 22.5371 19.0865 20.7813 18.8427 20.1539 18.5772 17.942
threshold=12.500000000000002 189461.23000000001 34672.610000000008 48486.020000000011 14920.300000000001 11.500000000000002 167287.50000000003 195639.00000000003 125281.64000000001 572.50000000000011 10.500000000000002 1151.5000000000002 126.05084745762714 3.0000000000000004 17.500000000000004 15.500000000000002 15.500000000000002 5.7500000000000009 144.31111111111116 0.8650000000000001 67558.500000000015 2203090.0000000005 22.500000000000004 28.500000000000004 35380.810000000005 2.5000000000000004 1055.9150000000002 754.69000000000017 3259.2648809523812 163030.26000000004
decision_type=2 2 2 2 2 2 2 2 2 2 2 2 2 2 2 2 2 2 2 2 2 2 2 2 2 2 2 2 2 2
left_child=5 -2 4 -4 -3 6 7 14 -8 -7 -9 12 13 -6 15 -1 17 23 -19 20 -20 24 -22 -16 26 29 27 -21 -23 -26
right_child=1 2 3 -5 11 9 8 10 -10 -11 -12 -13 -14 -15 16 -17 -18 18 19 21 22 28 -24 -25 25 -27 -28 -29 -30 -31
leaf_value=5.1694019244263867e-05 -0.0020030967457974258 0.026946408740019301 0.030571518922724666 -0.0078985215029447886 0.035101842242258895 0.039411161352114303 -0.031277217970851007 0.012368866879108499 -0.018179388407509715 0.038424192436604304 0.097774140588822611 -0.076016460125207005 0.014343591696787296 -0.070763049102741796 0.0061139837035248503 0.031184119476518425 0.04910775483487928 -0.0039600459768828469 0.024054428329928348 -0.072279023283190483 -0.076832544581716386 -0.023465430350486361 0.019624098276457242 -0.0093640388963415876 -0.038029058824911095 0.0043339192625826374 -0.0061306659374259055 -0.11540968759235529 -0.033098784427219398 0.0015707196699907056
leaf_weight=1257586 2704 70 90 233 30 396 26 161 1599 1655 24 366 92 225 3270 1066 715 13207 77 367 239 280 24 626 371 1919 437 91 55 187
leaf_count=1257586 2704 70 90 233 30 396 26 161 1599 1655 24 366 92 225 3270 1066 715 13207 77 367 239 280 24 626 371 1919 437 91 55 187
internal_value=0 -0.00529892 -0.0161226 0.00697617 -0.0256512 2.80484e-05 1.60504e-05 2.79279e-05 -0.00934488 0.00752944 0.0277303 -0.0305753 -0.0177666 -0.0346001 2.39257e-05 6.22853e-05 -0.00218424 -0.00277145 -0.00432661 -0.0112985 -0.0525722 -0.00751292 -0.068977 0.00411579 -0.00469974 -0.000177353 -0.0172159 -0.0313891 -0.0358294 -0.0171635
internal_weight=0 3810 1106 323 783 1.28438e+06 1.28233e+06 1.2807e+06 1625 2051 185 713 347 255 1.28052e+06 1.25865e+06 21865 21150 17254 4047 340 3707 263 3896 3372 2477 895 458 335 558
internal_count=1288188 3810 1106 323 783 1284378 1282327 1280702 1625 2051 185 713 347 255 1280517 1258652 21865 21150 17254 4047 340 3707 263 3896 3372 2477 895 458 335 558
is_linear=0
shrinkage=0.1


Tree=171
num_leaves=31
num_cat=0
split_feature=26 3 1 62 0 4 6 138 3 105 127 2 1 137 3 2 4 123 6 4 6 13 84 3 62 62 2 6 123 137
split_gain=10.7367 29.4358 11.2978 79.4256 76.1289 50.835 38.1421 46.3258 38.8062 32.238 31.8368 47.4217 29.6113 78.4891 35.6935 32.1904 40.4822 129.352 67.0975 45.8834 52.8974 44.4258 42.083 38.1551 43.0549 36.7989 112.878 58.9518 50.2745 39.1295
threshold=2.5000000000000004 30013.730000000003 517458.00000000006 790333.00000000012 487073.50000000006 5690.9700000000012 5.7500000000000009 5.5000000000000009 121500.42000000001 311.00000000000006 0.62019230769230782 14147.070000000002 964980.50000000012 901390.00000000012 25707.960000000003 101722.89500000002 19697.185000000005 575205.50000000012 5.7500000000000009 8041.5250000000005 21.416666666666668 547251.50000000012 616069.50000000012 48505.180000000008 406139.50000000006 560334.50000000012 44882.055000000008 5.7500000000000009 787716.50000000012 900293.50000000012
decision_type=2 2 2 2 2 2 2 2 2 2 2 2 2 2 2 2 2 2 2 2 2 2 2 2 2 2 2 2 2 2
left_child=2 -2 3 4 9 -5 7 -6 -9 10 -1 -12 13 15 -15 16 19 18 21 25 -21 -18 -20 24 -23 28 27 -27 29 -4
right_child=1 -3 12 5 6 -7 -8 8 -10 -11 11 -13 -14 14 -16 -17 17 -19 22 20 -22 23 -24 -25 -26 26 -28 -29 -30 -31
leaf_value=-0.0003328556611780026 0.17123625187016689 -0.0036232033354982821 0.0011828783801612966 -0.016464715344263369 -0.003438424808130322 -0.015822094896260859 -0.0017138464387731851 -0.0049614477728163195 0.010732459573584468 0.042620121406058732 0.018157489946903783 0.00074237348029571049 -2.0510167809512585e-05 0.052639376238557661 0.0068896211322406536 0.0031193811028085217 -0.0003037859902652893 -0.03065293501923021 -0.0034583278747821258 0.0032956548253026091 -0.0083274340715239082 0.0092951414867150604 -0.026034374452182027 0.010363335297739759 -0.0061718829309407091 0.035239078755695895 -0.00032789154472030686 -0.038365060737074096 0.0043417001267748922 -0.039531965058129066
leaf_weight=910267 9677 18619 17674 319 6467 461 24927 143 21 4334 4076 44977 201790 1508 859 24842 389 233 2207 6504 357 33 107 250 35 127 4322 1139 425 1099
leaf_count=910267 9677 18619 17674 319 6467 461 24927 143 21 4334 4076 44977 201790 1508 859 24842 389 233 2207 6504 357 33 107 250 35 127 4322 1139 425 1099
internal_value=0 0.00193749 -3.21973e-05 -0.00018634 -0.00016134 -0.0320843 -0.00499441 -0.0117349 -0.0642219 -3.06535e-06 -4.19417e-05 0.00243967 0.000549557 0.00245888 0.0203183 0.00175129 -0.000207078 -0.0108282 -0.00529113 0.000885006 0.00812222 0.0216707 -0.0135288 0.0493956 -0.0170212 -0.00111832 -0.00826023 -0.0345206 0.000960486 0.000190516
internal_weight=0 28296 1.25989e+06 995992 995212 780 31558 6631 164 963654 959320 49053 263900 62110 2367 59743 34901 3254 3021 31647 6861 707 2314 318 68 24786 5588 1266 19198 18773
internal_count=1288188 28296 1259892 995992 995212 780 31558 6631 164 963654 959320 49053 263900 62110 2367 59743 34901 3254 3021 31647 6861 707 2314 318 68 24786 5588 1266 19198 18773
is_linear=0
shrinkage=0.1


Tree=172
num_leaves=31
num_cat=0
split_feature=26 3 6 105 64 4 3 124 6 20 5 92 124 1 124 4 137 20 64 7 4 64 64 64 4 20 137 2 123 4
split_gain=10.6812 28.7196 10.9981 29.0511 19.6142 32.9635 60.8567 57.8403 47.5589 71.844 38.6933 55.4355 45.0324 41.7425 57.9912 141.281 45.1898 44.9041 36.9029 35.2349 32.1684 37.5276 97.3207 75.9675 34.2133 31.0841 38.3192 34.5932 46.2785 38.0994
threshold=2.5000000000000004 30013.730000000003 10.16666666666667 4897042.5000000009 0.84577809895903366 14920.300000000001 150221.43000000002 14.500000000000002 29.833333333333339 6.5000000000000009 1.5000000000000002 2.9941195732434265e-05 11.500000000000002 164093.50000000003 10.500000000000002 1.7750000000000001 37098.500000000007 9.5000000000000018 0.22589412861281036 1.0000000180025095e-35 43048.525000000001 0.00076530469398898473 0.0016357794225057547 4.8126988902010285e-06 31416.910000000003 2.5000000000000004 901390.00000000012 54765.900000000009 10396.000000000002 1213.8250000000003
decision_type=2 2 2 2 2 2 2 2 2 2 2 2 2 2 2 2 2 2 2 2 2 2 2 2 2 2 2 2 2 2
left_child=2 -2 -1 4 5 6 10 -7 9 20 11 -4 13 16 -15 -16 -12 -18 -17 -8 21 23 24 -9 -23 26 27 29 -29 -6
right_child=1 -3 3 -5 25 7 19 8 -10 -11 12 -13 -14 14 15 18 17 -19 -20 -21 -22 22 -24 -25 -26 -27 -28 28 -30 -31
leaf_value=0.00018115104136876559 0.15411262668315012 -0.0032608830019484007 0.04750135080949125 0.025162477640917742 -0.0033437012157867098 -0.0014374375647257743 0.12350973889196658 -0.029809122504897329 0.013904988369939876 0.0052128540192521999 -0.0047849556110944221 -0.019466887236876909 0.0027914862560705933 -0.0035335694085745308 -0.030564538050107195 0.00095847582034642726 0.0024355981735130431 0.065244138661400067 -0.020876793268944895 0.0051090358742592861 -0.033296167964763659 -0.025220344144415752 -0.0020325732220296314 0.011667640302493877 0.04587078575561794 0.00040857039612502799 0.044542467869494763 0.0013646842097874649 -0.0066279597812822777 -0.0087965706608805639
leaf_weight=763011 9677 18619 15702 61 2754 313921 568 517 1119 1777 41785 3647 13561 28322 375 1063 7827 4591 212 17516 1238 520 681 563 25 19829 1101 5925 6955 4726
leaf_count=763011 9677 18619 15702 61 2754 313921 568 517 1119 1777 41785 3647 13561 28322 375 1063 7827 4591 212 17516 1238 520 681 563 25 19829 1101 5925 6955 4726
internal_value=0 0.00193378 -3.0798e-05 -0.000396926 -0.000405398 -0.000216229 0.00109337 -0.000768786 -0.0101501 -0.0140909 0.000259477 0.00434517 -0.000549375 -0.00141094 -0.00440563 -0.0226296 0.000244993 0.00554154 -0.00676021 0.00649244 -0.022319 -0.0153383 -0.0273115 -0.0017464 -0.0588059 -0.0024924 -0.00512977 -0.0061124 -0.00297117 -0.0115214
internal_weight=0 28296 1.25989e+06 496881 496820 455530 135169 320361 6440 5321 117085 19349 97736 84175 29972 1650 54203 12418 1275 18084 3544 2306 1226 1080 545 41290 21461 20360 12880 7480
internal_count=1288188 28296 1259892 496881 496820 455530 135169 320361 6440 5321 117085 19349 97736 84175 29972 1650 54203 12418 1275 18084 3544 2306 1226 1080 545 41290 21461 20360 12880 7480
is_linear=0
shrinkage=0.1


Tree=173
num_leaves=31
num_cat=0
split_feature=84 4 84 85 84 84 0 2 2 2 1 4 5 20 20 2 2 0 85 2 20 127 20 123 20 3 140 6 2 2
split_gain=13.4313 22.2736 30.9942 14.5083 14.4789 27.1626 19.1032 27.2844 17.9277 22.4033 21.1972 11.7975 46.1177 65.205 94.9266 109.123 59.3073 70.0005 52.9081 42.0882 40.1839 54.4485 41.8387 85.8386 72.025 45.7062 100.151 77.0602 69.6865 62.209
threshold=1107128.5000000002 494902.90000000008 1392134.0000000002 7.5000000000000009 671756.00000000012 616069.50000000012 624493.00000000012 35505.140000000007 512794.33500000002 97483.180000000008 1087162.5000000002 0.42500000000000004 1.5000000000000002 4.5000000000000009 5.5000000000000009 5012.8750000000009 3772.7650000000008 35558.500000000007 8.5000000000000018 1.0750000000000004 23.500000000000004 0.63068181818181823 14.500000000000002 787716.50000000012 11.500000000000002 7661.8700000000017 0.17424242424242428 4.8333333333333348 11730.030000000001 9779.1800000000021
decision_type=2 2 2 2 2 2 2 2 2 2 2 2 2 2 2 2 2 2 2 2 2 2 2 2 2 2 2 2 2 2
left_child=4 2 3 -2 5 11 7 -7 9 10 -6 12 13 -1 15 -15 17 19 20 -16 22 -22 24 -24 25 -14 28 29 -27 -28
right_child=1 -3 -4 -5 8 6 -8 -9 -10 -11 -12 -13 18 14 16 -17 -18 -19 -20 -21 21 -23 23 -25 -26 26 27 -29 -30 -31
leaf_value=0.15741535565848708 -0.011625815032860223 -0.031625449967138772 0.0055452748417530008 -0.011553453336873343 -0.018902067071175681 0.0081452824196203595 -0.0095604919765408091 -0.023517277197741771 -0.0031092550991901335 0.022090771793959098 0.14829185157388075 0.00019346149991560405 0.00018395638927839466 0.071649060500088083 -0.034731262670643769 -0.065858061498454634 0.16734425794641558 -0.049053378051630382 -0.050629542323027701 0.04809450073821258 -0.018958213329650381 0.017738716799507028 0.0042910442205856825 0.0043591185484294446 -0.022470201694091599 -0.010167206872777813 0.10366369854728018 -0.012540997657140986 -0.00025428038875920935 -0.02962737993929155
leaf_weight=15402 653 79 369 299 298 48 139 150 863 755 99 1033180 125651 641 596 862 2071 757 307 7523 1441 155 17118 693 3319 13990 127 1835 57210 1558
leaf_count=15402 653 79 369 299 298 48 139 150 863 755 99 1033180 125651 641 596 862 2071 757 307 7523 1441 155 17118 693 3319 13990 127 1835 57210 1558
internal_value=0 -0.00977223 -0.00668767 -0.0162241 2.78785e-05 1.45943e-05 -0.028372 -0.0483207 0.00849799 0.016662 -0.00256928 2.20421e-05 -0.000592523 0.00324449 -0.00213717 -0.0257027 0.00109833 -0.00245707 -0.00107089 0.00025461 -0.0010138 -0.0168245 -0.000899878 0.00374786 -0.00130628 -0.00106427 -0.00302282 -0.0194884 -0.00220879 -0.0349289
internal_weight=0 1400 1321 952 1.28679e+06 1.28477e+06 337 198 2015 1152 397 1.28444e+06 251256 27852 12450 1503 10947 8876 223404 8119 223097 1596 221501 17811 203690 200371 74720 3520 71200 1685
internal_count=1288188 1400 1321 952 1286788 1284773 337 198 2015 1152 397 1284436 251256 27852 12450 1503 10947 8876 223404 8119 223097 1596 221501 17811 203690 200371 74720 3520 71200 1685
is_linear=0
shrinkage=0.1


Tree=174
num_leaves=31
num_cat=0
split_feature=93 84 4 84 84 137 64 2 2 5 20 2 0 0 6 4 0 6 63 2 137 137 5 63 4 2 2 0 20 6
split_gain=12.9919 10.9752 20.9239 25.104 11.6457 10.401 52.4266 105.301 46.0424 52.112 41.448 75.8129 58.8875 55.8766 48.1536 44.8859 42.2447 42.3281 65.1145 52.0997 40.9875 44.3527 38.396 34.6047 34.1862 31.3785 50.4286 76.2445 41.4531 43.412
threshold=186013.00000000003 1107128.5000000002 494902.90000000008 1530417.0000000002 1106456.5000000002 357066.50000000006 1.0000128766417722 175135.91 77284.345000000016 3.0000000000000004 1.5000000000000002 591987.56000000017 452808.50000000006 1392094.5000000002 10.41666666666667 3695.4750000000004 1193382.0000000002 4.166666666666667 0.99745579803532225 62911.175000000003 318606.50000000006 323492.50000000006 1.0000000180025095e-35 4.6271041774447506 261070.40000000005 39459.590000000004 20108.600000000002 403335.50000000006 1.0000000180025095e-35 4.8333333333333348
decision_type=2 2 2 2 2 2 2 2 2 2 2 2 2 2 2 2 2 2 2 2 2 2 2 2 2 2 2 2 2 2
left_child=1 4 3 -3 5 20 10 8 -8 -10 11 13 -12 14 16 -15 25 19 -19 -18 -1 22 -22 -9 -25 26 27 -7 29 -28
right_child=-2 2 -4 -5 -6 6 7 23 9 -11 12 -13 -14 15 -16 -17 17 18 -20 -21 21 -23 -24 24 -26 -27 28 -29 -30 -31
leaf_value=-4.7522073075389776e-06 -0.021302444733817739 -0.00595266219193793 -0.02846290497042489 0.008406188672542194 0.13660852804216406 -0.0047114820145406043 0.00099148214048188081 0.010268690142394557 -0.003640202165390659 0.037147255624861507 0.048713950012971879 -0.033438220067504486 -0.0014876816709575732 0.053971308414329733 0.020275990776493693 0.0050531096437365364 -0.0055824041326550172 -0.0084908545255853157 -0.0034450805200273594 0.0057417239147202134 0.021648939410707859 -0.0030992285482091008 -0.02094781642788501 -0.013242662882320367 0.03828344324949589 0.0088855770443213421 -0.048007060187019245 0.022507549295496566 0.11110398650036087 -0.0081418344988522847
leaf_weight=1185741 374 1074 79 247 94 2523 235 3087 144 670 4616 1705 61306 2745 1998 2468 38 446 1645 271 154 5598 1972 951 176 2621 951 2622 262 1375
leaf_count=1185741 374 1074 79 247 94 2523 235 3087 144 670 4616 1705 61306 2745 1998 2468 38 446 1645 271 154 5598 1972 951 176 2621 951 2622 262 1375
internal_value=0 2.14834e-05 -0.00882774 -0.0058381 3.11139e-05 2.85419e-05 0.00104799 0.0107417 0.039092 0.0503488 0.000465542 0.00425961 -0.000781651 0.00598811 0.00284327 0.0148875 0.000581944 -0.011372 -0.0164772 0.0231747 -5.07742e-05 -0.00731175 -0.019608 0.00368436 -0.0113134 0.0033528 0.000147848 0.0058752 -0.0112382 -0.0154858
internal_weight=0 1.28781e+06 1400 1321 1.28641e+06 1.28632e+06 92855 5263 1049 814 87592 21670 65922 19965 14752 5213 12754 2400 2091 309 1.19346e+06 7724 2126 4214 1127 10354 7733 5145 2588 2326
internal_count=1288188 1287814 1400 1321 1286414 1286320 92855 5263 1049 814 87592 21670 65922 19965 14752 5213 12754 2400 2091 309 1193465 7724 2126 4214 1127 10354 7733 5145 2588 2326
is_linear=0
shrinkage=0.1


Tree=175
num_leaves=31
num_cat=0
split_feature=93 84 84 4 84 84 13 138 2 0 0 5 92 4 94 20 4 4 20 94 20 0 6 1 138 6 0 5 2 2
split_gain=11.5379 10.4787 12.884 22.7093 14.0632 11.6497 10.3785 34.1731 27.09 31.1882 57.6258 28.4955 26.8176 50.7182 47.828 28.6759 26.2048 27.3151 28.4146 29.8711 25.4919 25.1295 23.7646 22.258 30.2769 33.1672 29.7164 116.158 95.0089 35.5467
threshold=186013.00000000003 6109054.0000000009 1107128.5000000002 494902.90000000008 1392134.0000000002 1106456.5000000002 6.5000000000000009 4.5000000000000009 1.655 63.500000000000007 45.500000000000007 1.5000000000000002 120.10714285714288 0.8650000000000001 4213.8684210526326 4.5000000000000009 10.755000000000001 1002.3950000000001 2.5000000000000004 38411.000000000007 5.5000000000000009 9140794.0000000019 7.8333333333333348 109.50000000000001 6.5000000000000009 8.8333333333333339 120.50000000000001 1.0000000180025095e-35 3.7250000000000005 3.7250000000000005
decision_type=2 2 2 2 2 2 2 2 2 2 2 2 2 2 2 2 2 2 2 2 2 2 2 2 2 2 2 2 2 2
left_child=1 2 5 4 -4 6 7 -1 9 10 11 -8 23 14 -14 -16 -15 22 21 20 -20 -19 -18 24 -10 -26 27 29 -28 -25
right_child=-2 -3 3 -5 -6 -7 8 -9 12 -11 -12 -13 13 16 15 -17 17 18 19 -21 -22 -23 -24 26 25 -27 28 -29 -30 -31
leaf_value=0.00060677891446716539 -0.019172200260435961 -0.00091837297492829227 -0.0098040178482050825 -0.025655078228256491 0.0034949702215882673 0.12294767523794765 0.096577783744280638 0.034540130576609221 0.010483431839311219 0.021954743625958263 -0.015006479023698217 -0.0038123861244095387 0.028397209029682416 0.010105833765514239 -0.068166518201751902 0.031070427282349745 0.0024549347717763626 -0.018792505893835833 0.011542631345049582 -0.0183425972187382 -0.0079400512658842851 0.11603012149323251 -0.06223269341059872 -0.10190793724242364 -0.034810508860368961 0.023785052442572237 0.078773659960919562 -0.0013169391043916789 -0.00013283193600444054 0.21254610346255076
leaf_weight=590528 374 60 952 75 313 94 1763 6237 16644 3149 1600 13567 151 1594 275 40 293 1670 1332 471 1764 28 679 327 2880 2054 922 1563 636719 70
leaf_count=590528 374 60 952 75 313 94 1763 6237 16644 3149 1600 13567 151 1594 275 40 293 1670 1332 471 1764 28 679 327 2880 2054 922 1563 636719 70
internal_value=0 1.69265e-05 1.49794e-05 -0.0097855 -0.00661568 2.51881e-05 2.26156e-05 0.00032795 -0.000241631 -0.00386086 -0.0055606 -0.00367579 -0.000133083 -0.00578299 -0.0378337 -0.0600147 -0.00387575 -0.00680016 -0.0039567 0.00111192 0.00468122 -0.0146044 -0.0222023 -6.21832e-05 0.0030967 -0.00378316 -0.000168753 -0.012463 -0.000130963 -0.0607667
internal_weight=0 1.28781e+06 1.28775e+06 1340 1265 1.28641e+06 1.28632e+06 596765 689555 20079 16930 15330 669476 8297 466 315 7831 6237 5265 3567 3096 1698 972 661179 21578 4934 639601 1960 637641 397
internal_count=1288188 1287814 1287754 1340 1265 1286414 1286320 596765 689555 20079 16930 15330 669476 8297 466 315 7831 6237 5265 3567 3096 1698 972 661179 21578 4934 639601 1960 637641 397
is_linear=0
shrinkage=0.1


Tree=176
num_leaves=31
num_cat=0
split_feature=84 84 4 0 2 4 2 26 3 6 3 3 3 62 92 4 20 123 2 0 1 13 17 127 3 20 88 4 62 2
split_gain=10.4816 11.4443 23.1858 10.8721 13.8115 10.3032 15.6291 10.2176 27.4828 10.801 56.9638 85.6916 69.804 59.7792 55.3811 47.9379 75.4082 100.905 52.8949 50.3181 49.2175 81.8482 44.4472 71.9531 61.8689 42.399 44.0634 42.1519 41.5528 94.0004
threshold=6109054.0000000009 1107128.5000000002 494902.90000000008 1392094.5000000002 416974.9250000001 204814.05000000002 212160.73000000004 2.5000000000000004 30013.730000000003 5.416666666666667 127474.70000000001 649954.03500000015 67366.590000000011 4516013.5000000009 1.0238095238095239 53746.600000000013 3.5000000000000004 201.50000000000003 122503.00000000001 2786344.0000000005 585551.50000000012 63879.500000000007 2.5000000000000004 0.78888888888888908 107367.19000000002 23.500000000000004 6153.5000000000009 0.29500000000000004 63413.000000000007 130692.23000000001
decision_type=2 2 2 2 2 2 2 2 2 2 2 2 2 2 2 2 2 2 2 2 2 2 2 2 2 2 2 2 2 2
left_child=1 7 3 5 -5 6 -3 9 -9 10 12 25 14 15 -1 16 17 27 -19 -20 21 -17 28 -24 -25 26 -12 -14 -18 -30
right_child=-2 2 -4 4 -6 -7 -8 8 -10 -11 11 -13 13 -15 -16 20 22 18 19 -21 -22 -23 23 24 -26 -27 -28 -29 29 -31
leaf_value=0.0001722380733903517 -0.00082653567743545906 -0.017075174470103548 -0.023089570405430838 0.0085499313105460422 -0.0018859176514386179 0.13949439466808006 -0.024072380616289281 0.1386218151941277 -0.0030143435224610827 -0.00024098034217002323 0.0018441461432634459 -0.0061495994471784778 -0.024954566862071516 -0.007551207373717961 0.021146077723659441 0.0053650432220215816 0.00077248446360791111 0.0028500811970073093 -0.010923808807267177 0.00066465642383292829 0.0072743966001860838 -0.012852214030373685 -0.0044689069587473982 0.0082447973034682331 -0.015292019134251511 0.010211990047827767 0.016444893643797111 -0.010589696270309125 -0.004346700585258375 0.00066538962550798477
leaf_weight=185353 60 673 75 230 313 23 26 9677 18619 959146 58042 13780 1208 145 4801 7738 11146 1435 913 1183 870 852 1548 75 198 1785 1512 3471 1280 2011
leaf_count=185353 60 673 75 230 313 23 26 9677 18619 959146 58042 13780 1208 145 4801 7738 11146 1435 913 1183 870 852 1548 75 198 1785 1512 3471 1280 2011
internal_value=0 9.15938e-06 -0.00922752 -0.00602462 0.00466546 -0.0140644 -0.0162313 1.8778e-05 0.00189803 -2.34751e-05 0.000500923 0.00288424 -0.000297519 -0.00446567 0.000449357 -0.00419185 -0.00652911 -0.0143413 -0.00157949 -0.0117067 0.0018534 -0.000442098 -0.0025841 -0.0173063 -0.0646404 0.00448509 0.00402992 -0.023972 -0.000727126 -0.0106003
internal_weight=0 1.28813e+06 1340 1265 543 722 699 1.28679e+06 28296 1.25849e+06 299346 75119 224227 34073 190154 33928 24468 8210 3531 2096 9460 8590 16258 1821 273 61339 59554 4679 14437 3291
internal_count=1288188 1288128 1340 1265 543 722 699 1286788 28296 1258492 299346 75119 224227 34073 190154 33928 24468 8210 3531 2096 9460 8590 16258 1821 273 61339 59554 4679 14437 3291
is_linear=0
shrinkage=0.1


Tree=177
num_leaves=31
num_cat=0
split_feature=84 84 4 84 4 84 5 20 20 2 2 0 2 129 3 2 0 1 3 0 20 3 138 0 4 2 2 137 127 20
split_gain=10.4802 10.8889 23.3834 10.476 10.3588 48.5529 36.776 54.458 80 90.8128 47.6024 52.1432 37.6285 35.4107 39.5163 81.1483 79.7359 77.5454 57.2979 101.789 63.6678 58.7134 52.9197 46.4329 41.0074 36.9118 71.6074 40.0023 56.4177 55.4349
threshold=6109054.0000000009 1107128.5000000002 494902.90000000008 1530417.0000000002 0.42500000000000004 32935.500000000007 1.5000000000000002 4.5000000000000009 5.5000000000000009 5012.8750000000009 3772.7650000000008 35558.500000000007 1.2050000000000003 1.0000000180025095e-35 7661.8700000000017 1967.5800000000002 67558.500000000015 526211.50000000012 716.31000000000006 60004.500000000007 1.5000000000000002 1750.4150000000002 4.5000000000000009 50000.500000000007 1.0000000180025095e-35 175135.91 233077.21500000003 145418.00000000003 0.62019230769230782 1.0000000180025095e-35
decision_type=2 2 2 2 2 2 2 2 2 2 2 2 2 2 2 2 2 2 2 2 2 2 2 2 2 2 2 2 2 2
left_child=1 4 3 -3 5 6 7 -1 9 -9 11 12 -10 14 15 18 -17 25 -8 20 21 -20 -22 -24 -23 27 -27 28 -16 -29
right_child=-2 2 -4 -5 -6 -7 13 8 10 -11 -12 -13 -14 -15 17 16 -18 -19 19 -21 22 24 23 -25 -26 26 -28 29 -30 -31
leaf_value=0.14195300172515393 -0.00074388210969191578 -0.0042592589471176501 -0.020780613364887755 0.0050341234774441456 0.00017716369929644539 -0.015773713496620604 -0.00035735967129510438 0.064522010898627483 -0.032233871947161735 -0.059275720741617001 0.15064768860032224 -0.044151505639475189 0.048890391850434201 0.0027960177543194238 -0.014401581235255791 0.055866777231472313 0.0031150683475354769 0.00030524384733848732 -0.015108896688591703 0.0137456377661036 0.0012763980482317638 -0.039257819222559928 -0.045247821163592654 0.13034020906206492 -0.019166044966159215 0.0069465230454824785 -0.00047281400737485897 0.078441263634826286 -0.0011422819899908454 -0.0034442137825164338
leaf_weight=15323 60 1074 75 191 1035312 1262 82334 641 782 862 2071 757 7337 4758 18389 10883 19969 33684 3275 5718 4565 414 4226 642 133 660 2356 910 16085 13440
leaf_count=15323 60 1074 75 191 1035312 1262 82334 641 782 862 2071 757 7337 4758 18389 10883 19969 33684 3275 5718 4565 414 4226 642 133 660 2356 910 16085 13440
internal_value=0 1.19488e-05 -0.00899781 -0.00578129 2.13312e-05 -0.000554358 -0.000455677 0.00297533 -0.00193721 -0.0235708 0.00103303 -0.00215225 0.000188131 -0.000884058 -0.00107059 1.32624e-05 0.0045035 -0.00274546 -0.00135419 -0.00630837 -0.0111191 -0.0220072 -0.00670759 -0.0139608 -0.0523346 -0.0051727 0.0055635 -0.00583591 -0.00768265 -0.00139936
internal_weight=0 1.28813e+06 1340 1265 1.28679e+06 251476 250214 27773 12450 1503 10947 8876 8119 222441 217683 132159 30852 85524 101307 18973 13255 3822 9433 4868 547 51840 3016 48824 34474 14350
internal_count=1288188 1288128 1340 1265 1286788 251476 250214 27773 12450 1503 10947 8876 8119 222441 217683 132159 30852 85524 101307 18973 13255 3822 9433 4868 547 51840 3016 48824 34474 14350
is_linear=0
shrinkage=0.1


Tree=178
num_leaves=31
num_cat=0
split_feature=93 123 2 6 3 127 15 6 52 64 4 13 3 124 4 0 52 6 64 123 64 6 3 1 4 64 0 3 20 6
split_gain=14.5288 10.8092 28.2924 43.3185 36.8001 39.1979 35.9851 39.9755 35.4557 39.7227 45.6623 26.2795 27.214 24.7074 24.5422 23.5217 24.0504 23.0955 22.8321 34.9113 52.6299 56.2435 48.1481 43.2487 36.0193 34.0636 34.0286 83.0711 35.0893 32.1334
threshold=186013.00000000003 1876881.0000000002 647388.35000000021 6.5833333333333348 378415.85500000004 0.36931818181818188 1.0000000180025095e-35 1.6666666666666667 0.0018900135309778416 0.011029794706127654 1144.1000000000001 5052624.5000000009 369097.46500000003 3.5000000000000004 11046.410000000002 3326126.0000000005 1.7108539604084195e-06 11.833333333333334 0.16675356016453688 1979316.0000000002 4.8126988902010285e-06 5.416666666666667 201317.41 1924172.5000000002 6604.0250000000005 0.01006084977199184 3808076.5000000005 277971.11500000005 2.5000000000000004 6.416666666666667
decision_type=2 2 2 2 2 2 2 2 2 2 2 2 2 2 2 2 2 2 2 2 2 2 2 2 2 2 2 2 2 2
left_child=1 -1 6 4 5 -4 7 -3 9 -5 -11 12 -12 -8 -14 -6 -17 -10 19 20 -9 -22 23 -23 26 -24 27 -21 -28 -20
right_child=-2 2 3 8 15 -7 13 18 17 10 11 -13 14 -15 -16 16 -18 -19 29 24 21 22 25 -25 -26 -27 28 -29 -30 -31
leaf_value=0.00010570033394092794 -0.024158478976291989 0.0015038266602404012 0.010171083428885527 0.0010648913070650246 0.016335710547800864 -0.0051745316835762655 -0.0013257120635700504 -0.010385123038653615 -0.00082974400212742062 -0.053859006211809217 0.011425987321501411 0.080270103993522676 -0.0086405644683757218 -0.0016269774548836012 0.01974913673257387 -0.0089813269198163199 0.11232596313749346 -0.030278890215994083 0.00023522889457950919 0.0012589415726988039 -0.010618224546160815 0.0028029804170474739 -0.020303661560369887 0.017980949708660193 0.005234951229564991 -0.020420855221332083 -0.0072025551345080673 0.016924335303091183 -0.0011361910105575849 -0.0049097780152153117
leaf_weight=1220657 374 479 77 2466 223 36 410 1276 871 193 269 1621 132 6034 1586 5854 62 262 11240 4837 336 1836 403 725 5864 990 783 114 4066 14112
leaf_count=1220657 374 479 77 2466 223 36 410 1276 871 193 269 1621 132 6034 1586 5854 62 262 11240 4837 336 1836 403 725 5864 990 783 114 4066 14112
internal_value=0 2.36956e-05 -0.00121146 0.00285193 -0.00327644 0.0532726 -0.00224825 -0.0012886 0.00802957 0.0109727 0.0173854 0.0199203 0.0122119 -0.00925662 0.00758102 -0.00431733 -0.00551911 -0.00824996 -0.00158415 0.000835185 -0.00596762 -0.000664376 0.00267341 0.0108119 0.00325247 -0.012289 -0.000456896 0.00537472 -0.00641118 -0.00361012
internal_weight=0 1.28781e+06 67157 13652 6252 113 53505 47061 7400 6267 3801 3608 1987 6444 1718 6139 5916 1133 46582 21230 5566 4290 3954 2561 15664 1393 9800 4951 4849 25352
internal_count=1288188 1287814 67157 13652 6252 113 53505 47061 7400 6267 3801 3608 1987 6444 1718 6139 5916 1133 46582 21230 5566 4290 3954 2561 15664 1393 9800 4951 4849 25352
is_linear=0
shrinkage=0.1


Tree=179
num_leaves=31
num_cat=0
split_feature=93 137 84 84 4 137 134 134 4 4 134 3 4 5 63 11 94 134 3 64 49 64 51 64 2 4 6 3 64 0
split_gain=12.261 11.2865 10.475 10.4056 21.3157 10.1957 10.1097 54.1497 42.5969 25.8789 45.4958 70.4378 44.3645 49.9917 33.9793 46.32 24.3787 23.8583 23.7995 23.1276 22.8358 29.7022 22.6138 25.4052 22.5514 42.1717 68.9143 43.9114 49.4156 80.6413
threshold=186013.00000000003 756668.00000000012 6109054.0000000009 1107128.5000000002 494902.90000000008 357066.50000000006 170312.50000000003 1022.5000000000001 87618.815000000017 238057.54500000001 429.50000000000006 330774.81000000006 307076.17500000005 3.0000000000000004 3.3724073204339891 1.0000000180025095e-35 4509.5000000000009 1092016.5000000002 369097.46500000003 0.0015054579363904031 1.5000000000000002 4.8126988902010285e-06 1.0000000180025095e-35 0.0035515490875166205 439782.06000000006 2155.9950000000003 9.1666666666666696 378415.85500000004 4.8126988902010285e-06 4744158.5000000009
decision_type=2 2 2 2 2 2 2 2 2 2 2 2 2 2 2 2 2 2 2 2 2 2 2 2 2 2 2 2 2 2
left_child=2 5 3 6 -5 -2 7 9 17 24 12 -12 20 14 16 -16 18 -8 19 -14 21 -11 -15 -24 -1 26 -26 28 -27 -30
right_child=1 -3 -4 4 -6 -7 8 -9 -10 10 11 -13 13 22 15 -17 -18 -19 -20 -21 -22 -23 23 -25 25 27 -28 -29 29 -31
leaf_value=3.4198790991979425e-06 -0.028632760278515159 0.010250883887147452 -0.00068006393211681544 -0.0023656528228181858 -0.018713122061793069 -0.038724625775816549 -0.0066614943139045486 0.0064679770978820278 -0.00024819934027733306 0.019275879723014769 0.0048315837158515954 -0.06795563471797697 -0.0060856230712908578 -0.014486487727356523 0.027072856343310827 -0.053899522156682367 -0.033687931386561919 -0.22901082614873458 0.0060597656867802385 0.034861857521107757 -0.0096838057535124644 -0.0072736341948092427 0.047305944079853668 -0.0055767517025618807 -0.0052855295246083149 -0.0075152763839657858 0.0024105016421870455 0.0012199546364284775 0.010605931238436997 0.0015938690174176597
leaf_weight=918770 228 80 60 1265 75 66 16833 67389 112923 4457 1758 1843 16998 11263 718 73 83 825 46682 142 22958 6019 299 237 4310 1483 6972 28183 7798 7398
leaf_count=918770 228 80 60 1265 75 66 16833 67389 112923 4457 1758 1843 16998 11263 718 73 83 825 46682 142 22958 6019 299 237 4310 1483 6972 28183 7798 7398
internal_value=0 -0.0180845 2.42959e-05 2.23491e-05 -0.0087852 -0.0271464 3.15236e-05 0.00012575 -0.000802517 -4.45609e-05 -0.00147345 -0.0125339 -0.00111113 0.000216993 0.00130873 0.0219078 0.00105376 -0.00536992 0.00112419 -0.00206271 -0.00414981 -0.00028094 -0.00576917 0.0142991 0.000121835 0.00206744 -0.00339775 0.00344184 0.00750869 0.0092091
internal_weight=0 374 1.28781e+06 1.28775e+06 1340 294 1.28641e+06 1.15583e+06 130581 1.08844e+06 113530 3601 109929 76495 64696 791 63905 17658 63822 17140 33434 10476 11799 536 974914 56144 11282 44862 16679 15196
internal_count=1288188 374 1287814 1287754 1340 294 1286414 1155833 130581 1088444 113530 3601 109929 76495 64696 791 63905 17658 63822 17140 33434 10476 11799 536 974914 56144 11282 44862 16679 15196
is_linear=0
shrinkage=0.1


Tree=180
num_leaves=31
num_cat=0
split_feature=93 84 124 6 4 124 6 64 133 134 3 117 119 1 13 6 20 2 3 4 92 4 94 6 138 64 20 3 3 94
split_gain=10.8526 10.4761 10.0931 12.4626 26.5448 13.7816 10.487 10.8346 10.0527 17.0756 21.2346 10.0633 10.1036 9.92592 9.85554 30.1275 30.5765 46.0253 28.457 28.5605 28.2761 46.9538 41.2258 29.0215 27.3904 32.417 27.0128 26.6915 26.197 26.1316
threshold=186013.00000000003 6109054.0000000009 28.500000000000004 32.583333333333336 17414.049999999999 36.500000000000007 26.166666666666668 0.041032330811635494 56.000000000000007 1068894.5000000002 480729.49500000005 0.35416666666666669 1.0000000180025095e-35 745901.50000000012 6.5000000000000009 20.833333333333339 5.5000000000000009 102920.78500000002 53609.845000000008 332954.23500000004 170.38892045454548 0.8650000000000001 4509.5000000000009 4.166666666666667 4.5000000000000009 16.664342093865947 4.5000000000000009 859867.9850000001 77153.080000000016 38411.000000000007
decision_type=2 2 2 2 2 2 2 2 2 2 2 2 2 2 2 2 2 2 2 2 2 2 2 2 2 2 2 2 2 2
left_child=1 2 8 4 -4 -5 7 -6 11 10 -10 12 14 -2 24 20 17 28 -19 27 29 22 -22 -23 -1 -26 -24 -20 -17 -16
right_child=13 -3 3 5 6 -7 -8 -9 9 -11 -12 -13 -14 -15 15 16 -18 18 19 -21 21 23 26 -25 25 -27 -28 -29 -30 -31
leaf_value=0.00071043536641433045 -0.034938710541874009 -0.00061205753890513173 0.0086039740364789452 0.024892894202730356 0.019632454436829476 -0.0032877654600680442 -0.047254131377823035 -0.019391304873430944 0.00098218889885455236 -0.020971510827409848 -0.068044016186098677 -0.023122566554310605 -0.047772153105338333 0.0087815114940487295 -0.0001921407850390522 -0.0085945743103886581 0.020087182966687413 0.043962743452998776 0.0019852185345230673 0.018932314872998235 0.030409404749899196 0.0086959260767172416 -0.061318293702330655 -0.0090456599116569125 0.05073239635550833 -0.013630770822279295 0.042136446310377496 0.081610199000785033 -0.028817642829248993 0.075038602575176902
leaf_weight=572526 268 60 237 181 30 331 146 61 12870 6234 312 57 64 106 656814 6957 11390 368 5899 547 130 918 273 4844 5885 352 35 34 168 91
leaf_count=572526 268 60 237 181 30 331 146 61 12870 6234 312 57 64 106 656814 6957 11390 368 5899 547 130 918 273 4844 5885 352 35 34 168 91
internal_value=0 2.20364e-05 2.00896e-05 -0.0100936 -0.0217781 0.000723757 -0.0454428 -0.0187983 2.78393e-05 -0.00223035 -0.000190959 6.24351e-05 6.43249e-05 -0.017015 6.63315e-05 -0.000189363 0.00319308 5.82784e-05 0.00591243 0.00437622 -0.000318737 -0.00704036 -0.0386041 -0.00464103 0.000370493 0.0069616 -0.0585358 0.0023604 -0.00556828 -0.000255297
internal_weight=0 1.28781e+06 1.28775e+06 986 474 512 237 91 1.28677e+06 19416 13182 1.26735e+06 1.2673e+06 374 1.26723e+06 688468 25363 13973 6848 6480 663105 6200 438 5762 578763 6237 308 5933 7125 656905
internal_count=1288188 1287814 1287754 986 474 512 237 91 1286768 19416 13182 1267352 1267295 374 1267231 688468 25363 13973 6848 6480 663105 6200 438 5762 578763 6237 308 5933 7125 656905
is_linear=0
shrinkage=0.1


Tree=181
num_leaves=31
num_cat=0
split_feature=124 3 20 6 3 4 62 84 119 134 3 134 134 2 6 134 134 2 4 4 134 3 4 5 85 63 94 137 3 64
split_gain=12.1115 31.7536 26.3116 21.2316 15.0106 11.8783 11.8276 10.474 9.98842 9.9657 29.1156 15.9642 37.4825 55.4659 24.6174 17.0548 53.8833 31.0517 31.7907 23.9806 40.5942 67.4886 38.2127 40.1634 30.2716 46.7173 24.3175 22.5745 19.9703 19.8102
threshold=27.500000000000004 189461.23000000001 5.5000000000000009 35.166666666666679 207437.67000000004 34672.610000000008 954069.00000000012 6109054.0000000009 1.0000000180025095e-35 23500870.000000004 465060.82500000001 4732619.0000000009 4809163.0000000009 495041.22000000003 35.833333333333336 114467.00000000001 1022.5000000000001 879327.40000000002 87618.815000000017 238057.54500000001 368.50000000000006 330774.81000000006 307076.17500000005 3.0000000000000004 7.5000000000000009 3.3724073204339891 4509.5000000000009 1381831.0000000002 369097.46500000003 0.0015054579363904031
decision_type=2 2 2 2 2 2 2 2 2 2 2 2 2 2 2 2 2 2 2 2 2 2 2 2 2 2 2 2 2 2
left_child=7 -2 -3 4 5 -4 -6 8 9 11 -11 15 -13 -14 -15 16 19 18 -17 -1 22 -22 -21 24 25 26 28 -25 29 -24
right_child=1 2 3 -5 6 -7 -8 -9 -10 10 -12 12 13 14 -16 17 -18 -19 -20 20 21 -23 23 27 -26 -27 -28 -29 -30 -31
leaf_value=0.00011275318790832361 0.010344579827357281 -0.0026041437020087989 -0.034208851511348448 0.013487587466161311 -0.019846506448141996 0.0060890425116037449 -0.041652620346924955 -0.00055085178501461753 -0.04307936815634604 -0.033398103038855369 -0.0017300955137389995 0.018187729028760601 -0.029010758481655116 0.023490312228163536 -0.0043361043041257319 -0.0065682326175836364 0.0071561061234390877 -0.02564551869462646 0.00035851815569145631 -0.0066956466311649532 0.0043861521587071463 -0.058612420113707757 -0.0055970268487522297 -0.0069248799797765742 -0.01799253176050189 0.024384784787483651 -0.030390181784547162 -0.044739477048848557 0.0056240736250989356 0.031394885847500921
leaf_weight=974508 667 760 182 82 34 50 166 60 66 1316 8112 2616 6167 9898 4668 21877 56987 6485 79844 33381 2004 2014 16795 10476 163 719 83 1328 46538 142
leaf_count=974508 667 760 182 82 34 50 166 60 66 1316 8112 2616 6167 9898 4668 21877 56987 6485 79844 33381 2004 2014 16795 10476 163 719 83 1328 46538 142
internal_value=0 -0.00787898 -0.0171337 -0.0346086 -0.0434633 -0.026156 -0.0635397 2.62494e-05 2.43004e-05 2.62967e-05 -0.00321297 5.02177e-05 0.002641 0.00121779 0.00458329 1.95306e-06 0.000115346 -0.00119808 -0.000770348 -4.16332e-05 -0.00141633 -0.0112884 -0.0010545 0.000180871 0.00116318 0.00127233 0.000985587 -0.00518173 0.00105632 -0.00188388
internal_weight=0 1941 1274 514 432 232 200 1.28625e+06 1.28619e+06 1.28612e+06 9428 1.27669e+06 23349 20733 14566 1.25334e+06 1.14514e+06 108206 101721 1.08815e+06 113643 4018 109625 76244 64440 64277 63558 11804 63475 16937
internal_count=1288188 1941 1274 514 432 232 200 1286247 1286187 1286121 9428 1276693 23349 20733 14566 1253344 1145138 108206 101721 1088151 113643 4018 109625 76244 64440 64277 63558 11804 63475 16937
is_linear=0
shrinkage=0.1


Tree=182
num_leaves=31
num_cat=0
split_feature=146 147 146 2 146 90 146 4 88 3 4 0 3 3 0 146 2 1 4 21 89 5 84 90 2 0 85 4 1 0
split_gain=14.0565 11.1746 14.4612 19.8439 17.66 30.4607 16.859 16.5265 15.9359 14.4079 26.4497 19.0011 13.8839 11.481 11.8325 17.038 11.213 10.8515 10.779 13.248 10.7548 15.3815 12.1136 10.4265 10.026 9.65033 9.63068 26.9072 24.9906 24.2233
threshold=2577630.5000000005 9.5000000000000018 38887.000000000007 59452.885000000009 7334.5000000000009 2734723.0000000005 318280.00000000006 35406.580000000009 99636.500000000015 16752.020000000004 12088.715000000002 17073.500000000004 113402.68500000001 13766.595000000003 1769.5000000000002 5694.5000000000009 20108.600000000002 97977.000000000015 4469.0500000000011 1.5000000000000002 30955.000000000004 3.0000000000000004 6109054.0000000009 657091.50000000012 971206.93000000005 2978889.0000000005 4.5000000000000009 0.42500000000000004 1478.5000000000002 612506.50000000012
decision_type=2 2 2 2 2 2 2 2 2 2 2 2 2 2 2 2 2 2 2 2 2 2 2 2 2 2 2 2 2 2
left_child=1 2 4 6 20 -6 7 -4 23 10 17 -11 -10 14 -12 -16 -13 -3 -18 -20 22 -22 26 -5 -2 -14 -1 28 -28 -29
right_child=24 9 3 8 5 -7 -8 -9 12 11 13 16 25 -15 15 -17 18 -19 19 -21 21 -23 -24 -25 -26 -27 27 29 -30 -31
leaf_value=-1.9562134871000551e-05 -0.010275445370927797 0.076222896850649896 -0.049869420349928965 0.0057930953847527347 0.029006960369557994 0.027637696204458873 -0.0610498407085317 0.021198370254569988 0.025913596018534636 0.17558069440209334 0.23461645616902527 -0.11023327422512486 -0.049180880426497667 -0.1155398627891322 -0.28134870103490828 0.023258094741521032 0.092095306367882379 -0.099191980376495931 0.015316998644291126 -0.0062550563353966325 -0.067432640376400357 -0.0065593895588596631 0.060236202972186841 0.0055406541936170329 0.066205495228953984 -0.012557337237532516 0.6580004622040696 0.11431755566819018 -0.020382031314974264 -0.00060707144394966147
leaf_weight=1260004 88 1648 1768 3490 1768 200 393 683 24 1969 43 352 83 499 115 43 85 69 4924 1165 88 1017 58 25 42 150 484 3530 731 2650
leaf_count=1260004 88 1648 1768 3490 1768 200 393 683 24 1969 43 352 83 499 115 43 85 69 4924 1165 88 1017 58 25 42 150 484 3530 731 2650
internal_value=0 1.39965e-05 -1.32292e-05 -0.00467634 1.10529e-05 0.00947662 -0.0109835 -0.00790052 7.91343e-05 0.00320051 -0.00361175 0.00513874 -0.0239589 -0.0199953 -0.040174 -0.0528315 0.00254093 0.00306762 0.00353068 0.00303701 -3.63164e-06 -0.00986483 4.9656e-06 0.00183668 -0.0328703 -0.0314185 2.87425e-06 0.0036011 -0.010003 0.0062757
internal_weight=0 1.28806e+06 1.27715e+06 6616 1.27053e+06 1968 2844 2451 3772 10912 2417 8495 257 700 201 158 6526 1717 6174 6089 1.26856e+06 1105 1.26746e+06 3515 130 233 1.2674e+06 7395 1215 6180
internal_count=1288188 1288058 1277146 6616 1270530 1968 2844 2451 3772 10912 2417 8495 257 700 201 158 6526 1717 6174 6089 1268562 1105 1267457 3515 130 233 1267399 7395 1215 6180
is_linear=0
shrinkage=0.1


Tree=183
num_leaves=31
num_cat=0
split_feature=55 26 3 6 105 17 4 1 124 2 3 124 4 3 4 6 64 137 2 1 2 137 124 124 4 0 20 124 53 20
split_gain=9.70433 9.5477 26.5002 10.5173 29.0467 17.8842 19.9998 39.8174 56.4828 46.6063 57.4373 42.7211 69.4621 37.7893 36.9623 33.8142 43.6329 30.1767 42.0862 24.8831 24.7156 24.1469 25.6764 46.3496 28.2059 37.0054 28.58 24.0115 23.5476 22.9124
threshold=1058.0000000000002 2.5000000000000004 30013.730000000003 10.16666666666667 4897042.5000000009 2.5000000000000004 2643.8450000000007 173010.00000000003 9.5000000000000018 42807.490000000013 24625.215000000004 8.5000000000000018 4.3650000000000011 30853.365000000002 632.5350000000002 11.833333333333334 1.0416322033437833 50010.000000000007 9779.1800000000021 9141671.0000000019 8806.0550000000021 1503470.5000000002 9.5000000000000018 11.500000000000002 59388.520000000011 215295.00000000003 5.5000000000000009 26.000000000000004 1.014282584515825 1.0000000180025095e-35
decision_type=2 2 2 2 2 2 2 2 2 2 2 2 2 2 2 2 2 2 2 2 2 2 2 2 2 2 2 2 2 2
left_child=1 3 -3 -1 5 6 7 8 17 11 -11 14 13 -13 20 16 21 18 29 27 -9 22 -8 -24 25 -25 -27 -17 -20 -5
right_child=-2 2 -4 4 -6 -7 15 9 -10 10 -12 12 -14 -15 -16 19 -18 -19 28 -21 -22 -23 23 24 -26 26 -28 -29 -30 -31
leaf_value=0.00017110107136735221 -0.061827927987533449 0.12465064264153583 -0.0035065180022026965 0.023779621263726947 0.022393148743565804 -0.0029157797685901879 -0.0084448630828108384 -0.013393412995862644 0.014279341219096523 0.052946187142233959 0.00017291073588346234 -0.011979777066477083 0.017862956206648885 -0.019983075956952326 -0.018169339061767344 -0.00076917928105544328 0.0065432924684069478 0.029812842143814522 0.013282183978362117 -0.012136589399203812 0.0017224210817123856 -0.036697859921079053 -0.01366035382573947 -0.013637059360326331 -0.038887288816977138 0.008383820897373679 -0.0057103512764222139 -0.011228848199659844 -0.035980583518263477 -0.011687281802925631
leaf_weight=762967 86 9677 18619 5691 61 11823 5751 4886 7654 895 20688 1080 469 229 1881 357759 2347 10057 17308 2701 10211 147 767 208 293 455 288 1113 1118 30959
leaf_count=762967 86 9677 18619 5691 61 11823 5751 4886 7654 895 20688 1080 469 229 1881 357759 2347 10057 17308 2701 10211 147 767 208 293 455 288 1113 1118 30959
internal_value=0 7.19438e-06 0.00182381 -3.3608e-05 -0.000391659 -0.000400131 -0.000306447 0.00085782 0.00225448 -0.00166229 0.00150636 -0.00530853 -0.0200564 -0.0318875 -0.00376408 -0.000660666 -0.00632289 0.00129954 0.000379754 -0.000500057 -0.00211711 -0.00987604 -0.00911564 -0.0188419 -0.00692113 0.00143689 0.011874 -0.000428088 0.00427837 -0.0015803
internal_weight=0 1.2881e+06 28296 1.25981e+06 496839 496778 484955 113126 72787 40339 21583 18756 1778 1309 16978 371829 10256 65133 55076 361573 15097 7909 7762 2011 1244 951 743 358872 18426 36650
internal_count=1288188 1288102 28296 1259806 496839 496778 484955 113126 72787 40339 21583 18756 1778 1309 16978 371829 10256 65133 55076 361573 15097 7909 7762 2011 1244 951 743 358872 18426 36650
is_linear=0
shrinkage=0.1


Tree=184
num_leaves=31
num_cat=0
split_feature=93 19 20 137 119 56 138 102 92 94 20 92 6 4 6 6 3 62 3 62 137 137 20 4 4 0 3 3 13 3
split_gain=9.52415 9.28769 16.6804 12.174 9.13695 9.11188 9.04259 8.96166 8.91431 16.5625 12.4284 13.2227 11.8173 12.4131 10.1663 8.9273 41.0292 67.8228 67.5373 46.6211 94.1853 98.2448 72.7115 57.5243 88.7159 92.8483 82.8419 65.1617 63.9966 50.0705
threshold=186013.00000000003 1.5000000000000002 5.5000000000000009 69277.500000000015 1.0000000180025095e-35 6767.0000000000009 31.500000000000004 1.0000000180025095e-35 127101.00000000001 151834.00000000003 7.5000000000000009 1447.2000000000003 6.5833333333333348 53746.600000000013 3.8333333333333335 5.416666666666667 127474.70000000001 4516013.5000000009 582413.95000000007 80898.000000000015 509042.00000000006 337866.00000000006 5.5000000000000009 1841.3550000000002 8752.7500000000018 800000.50000000012 75714.640000000014 51600.62000000001 234605.50000000003 87991.065000000017
decision_type=2 2 2 2 2 2 2 2 2 2 2 2 2 2 2 2 2 2 2 2 2 2 2 2 2 2 2 2 2 2
left_child=1 4 3 -3 5 6 7 8 9 15 11 -11 13 14 -10 16 17 19 -18 -1 21 23 -23 27 -25 -26 28 -21 -27 -29
right_child=-2 2 -4 -5 -6 -7 -8 -9 12 10 -12 -13 -14 -15 -16 -17 18 -19 -20 20 -22 22 -24 24 25 26 -28 29 -30 -31
leaf_value=0.00038133139534609202 -0.015012016479188928 -0.011499102206409191 0.0068218355832347479 0.018065385979835737 -0.040729553625845814 -0.058326504409966264 -0.01691117378497441 0.020795749181127945 -0.027175668465392905 0.081397242378233148 -0.030597460851411969 0.015435500891001319 -0.0058820897062158619 0.001097047236037372 -0.016670187286035244 -0.00013975695688859258 0.0021185018453912336 -0.0067077410270665388 -0.0037609575282386842 0.0055182418860353355 0.0072242848679437395 -0.0010016819150326206 -0.011413190125529746 -0.0060390698331101557 -0.0028755214150218977 -0.0013047278918010181 -0.0021866688804381197 -0.0015006266522007298 0.0081761269032690695 0.0026317291647726584
leaf_weight=201799 374 1904 656 139 59 52 370 138 47 75 36 122 2135 254 428 979850 58949 145 18082 3828 1088 259 297 4892 3947 397 1288 4954 797 827
leaf_count=201799 374 1904 656 139 59 52 370 138 47 75 36 122 2135 254 428 979850 58949 145 18082 3828 1088 259 297 4892 3947 397 1288 4954 797 827
internal_value=0 1.47767e-05 -0.00584521 -0.0102999 2.70839e-05 2.88906e-05 3.05846e-05 3.50866e-05 3.23489e-05 4.48021e-05 0.0267039 0.0365768 -0.00554044 -0.0165332 -0.0260754 3.99547e-05 0.000515748 -0.000167494 0.00250716 -0.000123311 -0.00443315 -0.00588668 -0.0473749 -0.00478456 -0.00961446 -0.00189246 0.0132623 0.000905861 0.0322372 -0.00579517
internal_weight=0 1.28781e+06 2699 2043 1.28512e+06 1.28506e+06 1.285e+06 1.28463e+06 1.2845e+06 1.28163e+06 233 197 2864 729 475 1.2814e+06 301549 224518 77031 224373 22574 21486 556 20930 11321 6429 2482 9609 1194 5781
internal_count=1288188 1287814 2699 2043 1285115 1285056 1285004 1284634 1284496 1281632 233 197 2864 729 475 1281399 301549 224518 77031 224373 22574 21486 556 20930 11321 6429 2482 9609 1194 5781
is_linear=0
shrinkage=0.1


Tree=185
num_leaves=31
num_cat=0
split_feature=19 20 52 2 137 56 26 3 137 64 2 20 20 20 4 3 5 20 1 3 3 0 138 6 6 137 4 6 4 1
split_gain=9.17401 13.1277 10.6549 19.0333 9.12909 9.10886 8.89582 24.4254 9.3114 45.0568 36.8524 50.4164 34.3019 42.1438 115.505 44.2826 39.3963 59.6073 91.5541 52.6778 36.7672 82.1702 43.4685 36.7977 47.0678 36.3329 34.4356 49.4669 43.804 32.7768
threshold=1.5000000000000002 5.5000000000000009 0.99808971301672289 212160.73000000004 69277.500000000015 6767.0000000000009 2.5000000000000004 30013.730000000003 391876.50000000006 0.80000003998798774 20108.600000000002 1.0000000180025095e-35 1.0000000180025095e-35 2.5000000000000004 5236.3200000000006 24625.215000000004 3.0000000000000004 3.5000000000000004 1212084.0000000002 21032.425000000003 50475.835000000006 1054538.5000000002 7.5000000000000009 9.8333333333333339 5.7500000000000009 999996.50000000012 27267.225000000002 5.7500000000000009 164320.72000000003 7972422.0000000009
decision_type=2 2 2 2 2 2 2 2 2 2 2 2 2 2 2 2 2 2 2 2 2 2 2 2 2 2 2 2 2 2
left_child=5 2 4 -4 -2 6 8 -8 -1 10 11 -10 20 14 -14 -16 17 18 -15 -18 21 -12 26 24 -24 -17 27 -22 -28 -21
right_child=1 -3 3 -5 -6 -7 7 -9 9 -11 12 -13 13 16 15 25 19 -19 -20 29 22 -23 23 -25 -26 -27 28 -29 -30 -31
leaf_value=-0.00010076745411191634 -0.0082405064893572421 0.006139652024911269 0.0074862500507923094 -0.030422684693618876 0.016258847381852178 -0.052493853968969655 0.11219955407307119 -0.0031449491043677117 0.0349396505481522 0.0048544090926745534 -0.015307476252844527 0.0028583435135228477 0.03808862911108947 0.0049795561224824569 -0.022427473666056224 0.0014911976275319289 -0.060435275576033377 0.0034205758837151825 -0.028267470010021591 -0.0060930663817007121 0.0075345248828646797 -0.018886799468170859 0.02613148942774814 0.0034971215474180074 -0.046557395819006336 -0.006003225254021311 0.015578670618413983 -0.0081706830921363088 -0.01914883881293333 0.060850266217138627
leaf_weight=1168922 1769 656 59 76 139 52 9677 18619 1603 18774 2757 10031 3385 1510 127 3579 270 22016 1245 16160 56 154 94 1110 642 3602 544 113 119 328
leaf_count=1168922 1769 656 59 76 139 52 9677 18619 1603 18774 2757 10031 3385 1510 127 3579 270 22016 1245 16160 56 154 94 1110 642 3602 544 113 119 328
internal_value=0 -0.00581429 -0.00976623 -0.0369158 -0.00784527 2.19561e-05 2.36492e-05 0.00177711 -1.58182e-05 0.000974848 -0.000200204 0.00493494 -0.00123361 -0.000436729 0.0051617 -0.00191173 -0.00187823 0.000655101 -0.013212 -0.00562289 -0.00867945 -0.0164589 -0.000223174 -0.00877636 -0.0261151 -0.000876522 0.0187542 -0.0215412 0.0290256 -0.00490543
internal_weight=0 2699 2043 135 1908 1.28549e+06 1.28544e+06 28296 1.25714e+06 88219 69445 11634 57811 52222 10693 7308 41529 24771 2755 16758 5589 2911 2678 1846 736 7181 832 169 663 16488
internal_count=1288188 2699 2043 135 1908 1285489 1285437 28296 1257141 88219 69445 11634 57811 52222 10693 7308 41529 24771 2755 16758 5589 2911 2678 1846 736 7181 832 169 663 16488
is_linear=0
shrinkage=0.1


Tree=186
num_leaves=31
num_cat=0
split_feature=56 67 4 2 4 2 3 3 1 94 1 0 94 2 2 92 67 66 66 94 93 90 64 4 67 67 93 20 20 6
split_gain=9.10505 8.78226 16.8088 25.6147 17.8257 17.1842 16.2548 13.0371 11.9178 24.2538 11.2724 11.2167 10.7503 20.6249 10.9334 10.6825 9.86621 9.81769 12.4084 33.8333 24.2317 14.7034 15.0522 24.1473 9.62626 12.487 14.494 19.0674 21.8074 23.5472
threshold=6767.0000000000009 12.500000000000002 4059.4650000000006 152557.70500000002 34672.610000000008 216530.95500000005 189461.23000000001 224216.62000000002 1325.5000000000002 126.05084745762714 1186300.0000000002 17823204.500000004 185.45555555555558 84739.300000000003 64284.025000000009 972.33333333333337 20.500000000000004 382040.00000000006 37323.000000000007 10.000014618030855 102518.50000000001 209.68136139359893 0.60349190882071768 16845.165000000005 11.500000000000002 10.500000000000002 1.5000000000000002 2.5000000000000004 1.5000000000000002 15.833333333333334
decision_type=2 2 2 2 2 2 2 2 2 2 2 2 2 2 2 2 2 2 2 2 2 2 2 2 2 2 2 2 2 2
left_child=1 17 3 -3 6 -6 12 8 9 -8 -7 -12 13 -4 -14 -11 -15 18 24 20 21 22 -20 -24 25 -1 27 28 29 -27
right_child=-2 2 4 -5 5 10 7 -9 -10 15 11 -13 14 16 -16 -17 -18 -19 19 -21 -22 -23 23 -25 -26 26 -28 -29 -30 -31
leaf_value=5.0510696572259044e-05 -0.047244468572072679 -0.013089999087152471 -0.15801778630083899 0.030330120671097041 0.025951918292647549 -0.043411259683478171 -0.051185760894663673 0.045009794674409714 -0.073545389162937055 0.022421651820738325 0.027639809595128552 -0.0096609673793757629 0.007752849154637244 0.010275960686200677 -0.043826823803238685 -0.0048374014776763731 -0.081734348209277066 0.0049386014577739662 -0.0046441196188737877 -0.010114860552261467 0.0057999764438299911 -0.03644075910985034 -0.027748613974435007 0.0041471165787326921 0.039682338962119749 -0.0010513542717838166 0.0014990174354381658 0.012074787383973851 -0.20498244272924368 -0.084020330059586742
leaf_weight=1264692 52 1437 133 258 238 159 260 21 355 64 37 25 67 533 156 45 22 5344 4762 192 459 131 588 414 1795 1212 2538 619 116 1464
leaf_count=1264692 52 1437 133 258 238 159 260 21 355 64 37 25 67 533 156 45 22 5344 4762 192 459 131 588 414 1795 1212 2538 619 116 1464
internal_value=0 1.48744e-05 -0.00477912 0.00264041 -0.0107253 0.00671256 -0.0155586 -0.0265143 -0.0287673 -0.0161829 -0.0133668 0.0228004 -0.00659916 -0.000414595 -0.0256798 0.0234129 0.00806122 2.9096e-05 1.12242e-05 -0.00433143 -0.00308171 -0.0048049 -0.00405199 -0.0151923 3.35648e-05 2.32269e-05 -0.00454752 -0.00880523 -0.0123256 -0.0104856
internal_weight=0 1.28814e+06 3810 1695 2115 459 1656 745 724 369 221 62 911 688 223 109 555 1.28433e+06 1.27898e+06 6546 6354 5895 5764 1002 1.27244e+06 1.27064e+06 5949 3411 2792 2676
internal_count=1288188 1288136 3810 1695 2115 459 1656 745 724 369 221 62 911 688 223 109 555 1284326 1278982 6546 6354 5895 5764 1002 1272436 1270641 5949 3411 2792 2676
is_linear=0
shrinkage=0.1


Tree=187
num_leaves=31
num_cat=0
split_feature=138 20 20 6 2 3 4 2 13 64 6 138 5 4 4 13 3 0 13 6 2 2 2 20 20 137 63 64 64 4
split_gain=8.66216 31.7232 26.1493 36.1459 26.0635 50.6385 40.0303 56.8274 41.1539 38.7464 35.0089 24.909 44.434 57.9416 65.8715 29.3903 24.1409 32.1932 23.6609 23.6401 20.0971 19.8332 19.5189 19.4217 18.9236 36.6082 33.9444 36.5635 32.7628 37.5618
threshold=11.500000000000002 1.0000000180025095e-35 2.5000000000000004 20.416666666666668 60511.555000000008 360328.31500000006 1453.4400000000003 18102.670000000002 624996.50000000012 0.15155559997783938 14.833333333333334 10.500000000000002 1.0000000180025095e-35 16293.430000000002 232838.41500000004 217799.50000000003 42464.335000000006 9807489.0000000019 8087.5000000000009 8.4166666666666696 416974.9250000001 229242.18000000002 6097.1400000000003 1.5000000000000002 5.5000000000000009 3268308.5000000005 1.000124719381392 639.16900118203318 0.33335031406680682 1144.1000000000001
decision_type=2 2 2 2 2 2 2 2 2 2 2 2 2 2 2 2 2 2 2 2 2 2 2 2 2 2 2 2 2 2
left_child=11 -2 4 19 6 -6 7 -3 9 -8 18 24 13 -13 -15 23 -17 -18 -11 21 -16 22 -4 -14 25 -1 -26 -28 -27 -30
right_child=1 2 3 -5 5 -7 8 -9 -10 10 -12 12 15 14 20 16 17 -19 -20 -21 -22 -23 -24 -25 26 28 27 -29 29 -31
leaf_value=0.0001660961338215694 0.040152193806471149 -0.011812893343541764 -0.098720393416068808 0.023303338462380186 0.007261932963998032 -0.053427945838489067 0.0092106130306820466 0.068576809708951955 -0.0013642412837856607 -0.12909111580429716 -0.02566603192677229 0.016313151070845567 0.054876886976472708 -0.025693188116511501 0.044292003010154402 -0.0048121296524195993 0.034012496053822741 -0.034305592603260451 0.012572154350249793 -0.0045226495571404129 0.010097117097767776 -0.03768025435001765 0.0043114879598823526 0.031316712736761357 -0.0013525936294860241 -0.0010967178444371672 0.0067128272580534781 -0.001732613555493201 -0.038943896205659308 0.19141442182508805
leaf_weight=1016127 3071 7834 53 6599 1737 850 150 785 781 54 597 1395 257 1400 71 6316 1817 157 83 25593 223 368 204 9134 183477 823 10157 6936 234 905
leaf_count=1016127 3071 7834 53 6599 1737 850 150 785 781 54 597 1395 257 1400 71 6316 1817 157 83 25593 223 368 204 9134 183477 823 10157 6936 234 905
internal_value=0 -0.00129778 -0.00195909 -0.000460831 -0.00577916 0.00319291 -0.00803614 -0.00529398 -0.0222311 -0.0370085 -0.0464728 6.10448e-05 0.00349497 -0.00757086 -0.0199993 0.00542825 0.00108887 0.0107415 -0.000882954 -0.00212585 0.0230318 -0.0213411 -2.46433e-05 0.00925888 2.51936e-06 0.000177424 -0.000885291 0.0033769 0.0138239 0.0248084
internal_weight=0 48759 45688 32817 12871 2587 10284 8619 1665 884 734 1.23943e+06 20770 3089 1694 17681 8290 1974 137 26218 294 625 257 9391 1.21866e+06 1.01809e+06 200570 17093 1962 1139
internal_count=1288188 48759 45688 32817 12871 2587 10284 8619 1665 884 734 1239429 20770 3089 1694 17681 8290 1974 137 26218 294 625 257 9391 1218659 1018089 200570 17093 1962 1139
is_linear=0
shrinkage=0.1


Tree=188
num_leaves=31
num_cat=0
split_feature=62 64 0 62 64 3 3 64 5 64 4 20 140 122 3 64 64 124 20 20 20 0 6 20 6 4 4 3 4 4
split_gain=8.76811 36.7266 37.9094 43.457 48.5834 37.5268 36.462 33.9673 40.2021 35.3745 33.7316 33.4712 31.9215 28.8832 28.3603 50.3647 49.3092 49.3358 41.9011 47.7149 41.5186 54.3255 41.0004 28.0039 52.6151 43.8817 30.1235 27.3995 43.8117 27.8658
threshold=2545508.5000000005 0.00063221778266174848 6971452.0000000009 4516013.5000000009 884.50000000000011 337111.98000000004 289387.75500000006 1.5806361286615636 1.5000000000000002 0.0090872628848526985 167079.36500000002 4.5000000000000009 0.25833333333333336 1.0000000180025095e-35 127474.70000000001 6.3166392260746411 0.15593674029606247 6.5000000000000009 3.5000000000000004 4.5000000000000009 1.0000000180025095e-35 4744158.5000000009 4.166666666666667 2.5000000000000004 5.166666666666667 43048.525000000001 25406.050000000007 167137.90000000002 4059.4650000000006 1592.9950000000001
decision_type=2 2 2 2 2 2 2 2 2 2 2 2 2 2 2 2 2 2 2 2 2 2 2 2 2 2 2 2 2 2
left_child=-1 12 5 4 6 14 11 8 10 -10 -5 -4 -2 -8 15 -3 20 27 -19 -20 21 -16 -22 24 25 26 -11 29 -29 -18
right_child=1 2 3 7 -6 -7 13 -9 9 23 -12 -13 -14 -15 16 -17 17 18 19 -21 22 -23 -24 -25 -26 -27 -28 28 -30 -31
leaf_value=8.1476489899048876e-05 0.003482534843181867 5.5884887897706804e-05 0.005066009375845437 -0.051807414720687152 -0.01552354045515263 0.0021458620668647114 0.030907613912740994 -0.008834175288358238 -0.012643575939110913 -0.00392568853323828 -0.0078653133657293102 0.030121240906792801 -0.016183110509229628 -7.9073573575993986e-05 0.010206520399399205 -0.0080262444928737558 0.011550391596848505 -0.012866130568928819 -0.030408990158440313 -0.014377275603585857 0.0035281056060458083 0.0012568412119547314 -0.010561142990104752 -0.0017810357795789657 0.014563629230391407 -0.052273357453029412 0.021026092588669606 0.0042086547402875023 -0.0042978064380137047 -0.0051762984336909028
leaf_weight=1224281 4231 9054 1829 340 611 6966 616 3161 697 171 554 443 88 2528 248 188 87 3108 254 206 821 1367 5171 6531 5684 875 509 1153 4420 1996
leaf_count=1224281 4231 9054 1829 340 611 6966 616 3161 697 171 554 443 88 2528 248 188 87 3108 254 206 821 1367 5171 6531 5684 875 509 1153 4420 1996
internal_value=0 -0.00112827 -0.00177367 0.00123971 0.00861546 -0.00388489 0.0116311 -0.00116034 0.000782286 0.00205401 -0.0197972 0.0212831 0.00777612 0.00465607 -0.0055151 -0.000978139 -0.00774177 -0.0119545 -0.0216662 -0.0498346 -0.00152601 0.0127043 -0.00536145 0.00316653 0.00744997 -0.00884966 0.0102061 -0.00742843 -0.00377105 -0.0172136
internal_weight=0 63907 59588 24549 6027 35039 5416 18522 15361 14467 894 2272 4319 3144 28073 9242 18831 11224 3568 460 7607 1615 5992 13770 7239 1555 680 7656 5573 2083
internal_count=1288188 63907 59588 24549 6027 35039 5416 18522 15361 14467 894 2272 4319 3144 28073 9242 18831 11224 3568 460 7607 1615 5992 13770 7239 1555 680 7656 5573 2083
is_linear=0
shrinkage=0.1


Tree=189
num_leaves=31
num_cat=0
split_feature=123 2 6 124 15 64 4 64 4 0 123 3 3 3 4 2 0 3 4 1 2 6 124 0 4 124 124 64 20 20
split_gain=9.40851 28.4893 36.2117 35.0029 31.7282 34.9113 70.9517 38.7198 37.9273 38.3438 81.5788 68.2783 36.9736 31.6393 40.3375 33.456 30.9861 45.8417 55.158 58.8407 36.2584 41.3071 35.7286 38.1241 34.983 34.3785 34.8908 40.689 31.2788 68.2861
threshold=1876881.0000000002 647388.35000000021 6.5833333333333348 10.500000000000002 1.0000000180025095e-35 0.0011910161296741952 22744.395000000004 4.8126988902010285e-06 6604.0250000000005 3808076.5000000005 3808232.5000000005 277971.11500000005 204581.42000000001 214420.92000000001 31416.910000000003 477894.97500000003 3709734.5000000005 86300.340000000011 45.145000000000003 3187522.5000000005 229242.18000000002 4.166666666666667 7.5000000000000009 5674064.5000000009 1213.8250000000003 10.500000000000002 20.500000000000004 0.0016357794225057547 3.5000000000000004 4.5000000000000009
decision_type=2 2 2 2 2 2 2 2 2 2 2 2 2 2 2 2 2 2 2 2 2 2 2 2 2 2 2 2 2 2
left_child=-1 4 3 -3 5 6 8 -8 9 11 -11 -2 -12 14 -9 -15 25 18 -18 -20 22 24 23 -19 -22 -7 -27 -28 -23 -30
right_child=1 2 -4 -5 -6 16 7 13 -10 10 12 -13 -14 15 -16 -17 17 20 19 -21 21 28 -24 -25 -26 26 27 -29 29 -31
leaf_value=8.469834436961588e-05 0.0021332396149863564 -0.006678456967730984 0.0098656766092545291 0.0082864624102513395 -0.0014066261093703914 -0.0015128268890081532 -0.023075649408497292 -0.015407761338782423 0.012449999531692778 -0.012241438982212827 -0.0009523294756235422 0.015680046270222733 0.0044980235055501454 -0.062187853062233713 0.025708631109979577 0.012965427115843553 -0.0025802018982724459 0.0018027991605390654 -0.010382895508419615 -0.014247994057429934 0.0066853883349370759 -0.0027916377958351508 0.05896700378159489 -0.0095203137911266372 0.00032645537167189456 0.016397571754596239 -0.023577501455374923 -0.00043373817406776994 -0.022486092605785726 -0.0095601459447942523
leaf_weight=1221031 1799 5691 7400 561 6444 6776 935 183 1370 97 1876 127 697 345 607 256 1748 395 574 466 370 11641 2225 226 4292 4852 149 460 799 3796
leaf_count=1221031 1799 5691 7400 561 6444 6776 935 183 1370 97 1876 127 697 345 607 256 1748 395 574 466 370 11641 2225 226 4292 4852 149 460 799 3796
internal_value=0 -0.00114185 0.00293565 -0.0026675 -0.00218224 -0.00128114 0.00460818 -0.0102064 0.010384 0.00603086 -0.00172679 0.0167852 0.00166711 0.000371636 0.0135261 -0.0169196 -0.00254076 -0.00446073 -0.0165912 -0.0348264 -0.00303638 -0.00447847 0.0075528 -0.0136557 0.00381839 0.00162207 0.0075262 -0.0150355 -0.00686083 -0.013847
internal_weight=0 67157 13652 6252 53505 47061 8292 2326 5966 4596 2670 1926 2573 1391 790 601 38769 26532 2788 1040 23744 20898 2846 621 4662 12237 5461 609 16236 4595
internal_count=1288188 67157 13652 6252 53505 47061 8292 2326 5966 4596 2670 1926 2573 1391 790 601 38769 26532 2788 1040 23744 20898 2846 621 4662 12237 5461 609 16236 4595
is_linear=0
shrinkage=0.1


Tree=190
num_leaves=31
num_cat=0
split_feature=123 2 15 64 4 52 64 3 123 62 4 0 123 13 1 6 62 4 62 4 64 123 64 123 3 64 0 4 4 20
split_gain=10.7092 26.5857 30.9939 28.9149 44.5864 33.1155 26.8449 25.6748 23.4746 30.4171 24.2663 40.9589 84.2929 57.0453 40.0617 34.6187 81.6655 33.4916 31.7523 22.2051 25.6228 20.7637 61.6653 33.8708 55.7171 79.1985 53.2114 51.0848 33.1113 44.2153
threshold=1884780.0000000002 922652.2150000002 1.0000000180025095e-35 0.0011910161296741952 22744.395000000004 4.3989548137854317e-06 24.989187343195358 938940.65500000014 5050696.5000000009 4897296.0000000009 6604.0250000000005 3808076.5000000005 3808232.5000000005 3320640.0000000005 3809262.0000000005 5.7500000000000009 4524620.5000000009 13.455000000000002 4524620.5000000009 43048.525000000001 0.027386896857798906 1566144.5000000002 1.0003341740906577 1566111.0000000002 99953.840000000011 0.98341787928831847 9140794.0000000019 4469.0500000000011 632.5350000000002 15.500000000000002
decision_type=2 2 2 2 2 2 2 2 2 2 2 2 2 2 2 2 2 2 2 2 2 2 2 2 2 2 2 2 2 2
left_child=21 2 3 4 8 -6 -5 19 9 10 11 13 -13 -2 -14 16 -16 -15 -17 20 -3 23 28 -1 25 27 -26 -25 29 -23
right_child=1 7 -4 6 5 -7 -8 -9 -10 -11 -12 12 14 17 15 18 -18 -19 -20 -21 -22 22 -24 24 26 -27 -28 -29 -30 -31
leaf_value=6.3948045467124618e-05 0.0013219330839766875 -0.002892386110068037 -0.001342800205447515 -0.0013665543475645638 -0.010199944095139924 0.046095071076197362 0.067151489169380393 -0.033328702050619621 -0.00077971714896068957 0.018807000727194757 0.0098367176169402246 -0.011283891157858539 0.0063595759556395086 0.011817756558222078 -0.00040192580211124702 -0.0025019553898390427 -0.0069517621618666141 -0.00074255171614814061 0.0028301851670258895 0.005893039939224954 0.070775422280983699 0.0012438602590388152 0.018880429116136799 0.0010973661612766028 -0.073218423543899139 0.011259312213116818 -0.002219430994898075 -0.066643759282512482 -0.0010008936704016898 0.0070584087586151693
leaf_weight=1209943 1477 345 6807 41608 2794 575 84 947 859 368 1201 109 272 314 393 560 125 112 458 6105 946 5135 470 300 766 385 721 165 3692 152
leaf_count=1209943 1477 345 6807 41608 2794 575 84 947 859 368 1201 109 272 314 393 560 125 112 458 6105 946 5135 470 300 766 385 721 165 3692 152
internal_value=0 -0.00123612 -0.00199393 -0.00115278 0.00378999 -0.00548262 -0.00229292 0.00404267 0.00878989 0.0112371 0.00920318 0.00530514 -0.0050118 0.015698 0.000136911 -0.00612713 -0.0271731 0.0479366 0.00458192 0.0060277 0.0179431 6.73592e-05 0.00473689 3.0963e-05 -0.0119962 0.00842636 -0.0236702 -0.0193486 0.00288864 0.00796322
internal_weight=0 66459 58116 51309 9617 3369 41692 8343 6248 5389 5021 3820 1917 1903 1808 1536 518 426 1018 7396 1291 1.22173e+06 9449 1.21228e+06 2337 850 1487 465 8979 5287
internal_count=1288188 66459 58116 51309 9617 3369 41692 8343 6248 5389 5021 3820 1917 1903 1808 1536 518 426 1018 7396 1291 1221729 9449 1212280 2337 850 1487 465 8979 5287
is_linear=0
shrinkage=0.1


Tree=191
num_leaves=31
num_cat=0
split_feature=117 123 52 2 6 64 3 52 13 1 0 3 4 64 64 20 6 0 124 64 4 124 0 3 0 4 0 123 1 127
split_gain=8.61587 8.63669 24.6352 24.9338 32.3556 46.1883 28.5984 25.9471 26.3338 29.4315 69.3746 55.2975 49.7194 48.2063 44.4761 44.9796 41.0812 31.0046 30.2488 26.5463 36.5976 46.1972 39.0677 35.5795 31.5704 31.257 27.5718 101.253 59.697 34.8581
threshold=0.35416666666666669 1876881.0000000002 0.043391861105181707 922652.2150000002 6.5833333333333348 0.041032330811635494 1049750.0700000001 2.7991977504576459e-06 5052624.5000000009 3320563.0000000005 4744158.5000000009 86300.340000000011 50942.850000000006 8.0831021845746029 1.0416322033437833 1.5000000000000002 7.8333333333333348 22187190.000000004 10.500000000000002 0.10724857104449675 2.1250000000000004 7.5000000000000009 6971452.0000000009 308060.61000000004 8662104.5000000019 6604.0250000000005 3808076.5000000005 3808232.5000000005 3809262.0000000005 0.88194444444444453
decision_type=2 2 2 2 2 2 2 2 2 2 2 2 2 2 2 2 2 2 2 2 2 2 2 2 2 2 2 2 2 2
left_child=1 -1 3 7 -5 -6 -7 8 9 10 -3 -12 14 -14 19 -16 -13 -17 -15 25 21 -21 -22 24 -24 26 29 -28 -29 -11
right_child=-2 2 -4 4 5 6 -8 -9 -10 12 11 16 13 18 15 17 -18 -19 -20 20 22 -23 23 -25 -26 -27 27 28 -30 -31
leaf_value=6.7858212065186049e-05 -0.020909468476456413 -0.00082277474248491412 -0.043940830480327792 -0.0033678346029805068 -0.0004575000986279268 0.05321003086751052 -0.059654535435159556 0.042540567847543481 -0.0048722493794432732 0.0016144534972122309 -0.0078864683793161069 -0.00023885397271375714 -0.010875672923518232 -0.029168936203831611 0.0038698287645633489 0.050277785686204474 -0.01482051956749595 -0.0034150051376189874 0.070197622202906665 -0.014667052375328754 -0.0056747575166966749 0.19241806419455487 0.0066985674938334176 -0.0086487889669739828 -0.0012079660339116699 0.0052684985825072559 -0.0092898602932119708 0.0059715253249391868 -0.00050878189340002598 0.0097319905073803194
leaf_weight=1220974 57 20674 227 4159 2035 1798 182 1683 5342 2051 381 1215 3809 70 2159 455 1150 144 135 32 5856 801 1834 888 1971 2663 247 473 4405 318
leaf_count=1220974 57 20674 227 4159 2035 1798 182 1683 5342 2051 381 1215 3809 70 2159 455 1150 144 135 32 5856 801 1834 888 1971 2663 247 473 4405 318
internal_value=0 6.20683e-07 -0.00110346 -0.00099192 0.00418287 0.0105862 0.0214598 -0.00171183 -0.00207269 -0.00138242 -0.00400492 -0.0189387 0.000787013 -0.00952332 0.00249034 0.0144468 -0.0132429 0.0386919 0.0377147 0.000959352 -0.00235702 0.017822 -0.00395045 0.00284751 0.00705384 0.0046757 0.00136881 -0.00275512 0.000407771 0.0102904
internal_weight=0 1.28813e+06 67157 66930 8174 4015 1980 58756 57073 51731 23420 2746 28311 4014 24297 2758 2365 599 205 21539 11382 833 10549 4693 3805 10157 7494 5125 4878 2369
internal_count=1288188 1288131 67157 66930 8174 4015 1980 58756 57073 51731 23420 2746 28311 4014 24297 2758 2365 599 205 21539 11382 833 10549 4693 3805 10157 7494 5125 4878 2369
is_linear=0
shrinkage=0.1


Tree=192
num_leaves=31
num_cat=0
split_feature=64 0 62 20 137 2 3 0 2 4 64 20 0 62 5 3 62 64 3 20 4 3 62 62 6 62 3 1 13 4
split_gain=9.07619 47.6849 51.8264 48.2732 47.5592 48.4167 37.4356 41.7376 33.3949 69.078 115.203 91.6095 63.7002 46.8933 64.5114 56.6401 42.2301 57.868 100.461 69.2569 41.5967 53.5642 39.8393 39.7658 39.3424 38.9189 56.7088 37.8955 43.2359 37.0201
threshold=1.5396001152329037 150240.00000000003 3320640.0000000005 6.5000000000000009 175484.00000000003 146961.86000000004 389293.33000000002 111030.00000000001 107653.32500000003 13211.900000000003 6.3166392260746411 2.5000000000000004 47719121.000000007 13399.500000000002 1.5000000000000002 69834.315000000017 1566144.5000000002 5.208317304323633 255235.25500000003 1.5000000000000002 73907.830000000016 501084.28500000009 1724108.0000000002 293.50000000000006 6.416666666666667 2288259.5000000005 173889.84000000005 1212084.0000000002 50000.500000000007 38587.005000000012
decision_type=2 2 2 2 2 2 2 2 2 2 2 2 2 2 2 2 2 2 2 2 2 2 2 2 2 2 2 2 2 2
left_child=-1 3 4 6 8 -6 7 -2 13 10 -10 16 25 23 -15 -16 17 18 19 -11 21 -13 27 -3 -25 -12 -27 28 -17 -19
right_child=1 2 -4 -5 5 -7 -8 -9 9 11 12 20 -14 14 15 22 -18 29 -20 -21 -22 -23 -24 24 -26 26 -28 -29 -30 -31
leaf_value=9.1399619668797175e-05 -0.0033627430703002115 -0.014349579618714348 -0.003412677589014266 0.0044908669267526404 0.026243048532660219 0.0055020951452335876 -0.033876282006064344 -0.012864779795140155 0.020713173421283745 -0.059261438631841995 0.0068693103941946318 0.020844444889849451 -0.024443432382289788 -0.014122753029495861 0.00021759099840563891 -0.0039887391300292363 0.0069355350418974868 0.0014619444731202129 0.0075393792397681902 0.0045705664935521877 0.0021141645642114341 -0.015362212571329255 -0.0049422854449671753 0.022775799694151711 0.0025619981578442873 -0.0041888531426098668 0.0032312721843531576 0.0038515293489719306 -0.022640703023616034 -0.01115266169147556
leaf_weight=1191519 15611 371 9048 6052 601 3164 917 2451 1730 1842 6410 2374 1200 3187 12076 1624 1485 4876 685 412 7595 506 337 1132 1406 817 821 1034 526 6379
leaf_count=1191519 15611 371 9048 6052 601 3164 917 2451 1730 1842 6410 2374 1200 3187 12076 1624 1485 4876 685 412 7595 506 337 1132 1406 817 821 1034 526 6379
internal_value=0 -0.000928724 0.000384124 -0.00468605 0.00140677 0.0123027 -0.00716591 -0.0061652 0.0007094 0.00253055 0.00918792 -0.000263851 0.00475725 -0.00240787 -0.00423754 -0.00158846 -0.00510133 -0.00677999 -0.0192751 -0.0294672 0.0069769 0.0172103 -0.0127486 0.0094067 0.0138769 0.007962 -0.00579451 -0.00928801 -0.0168537 -0.00351716
internal_weight=0 96669 71638 25031 62590 3765 18979 18062 58825 37132 10978 26154 9248 21693 18784 15597 15679 14194 2939 2254 10475 2880 3521 2909 2538 8048 1638 3184 2150 11255
internal_count=1288188 96669 71638 25031 62590 3765 18979 18062 58825 37132 10978 26154 9248 21693 18784 15597 15679 14194 2939 2254 10475 2880 3521 2909 2538 8048 1638 3184 2150 11255
is_linear=0
shrinkage=0.1


Tree=193
num_leaves=31
num_cat=0
split_feature=97 3 2 20 62 64 6 2 3 3 0 6 64 2 64 64 4 4 20 3 16 1 4 117 26 3 141 13 2 13
split_gain=9.65896 29.9405 30.2598 21.5965 44.0996 18.5788 12.9646 17.9706 12.2454 12.1704 11.6613 10.6684 9.14864 18.5009 15.8628 15.6701 12.7293 9.85274 9.63459 11.9855 8.71804 8.66832 11.1036 8.61205 8.57648 22.2923 8.74482 19.8113 35.6425 52.1474
threshold=1.0000000180025095e-35 195522.54000000004 439782.06000000006 22.500000000000004 205.50000000000003 0.89984985113769167 6.416666666666667 188890.40000000005 132225.06500000003 21032.425000000003 10239.000000000002 5.416666666666667 0.0021876548840827951 58214.195000000007 1.0003341740906577 0.00076530469398898473 15581.125000000002 36398.500000000007 1.5000000000000002 134348.88500000004 1.0000000180025095e-35 23007.000000000004 34672.610000000008 0.35416666666666669 2.5000000000000004 30013.730000000003 0.93750000000000011 12.500000000000002 1.655 44.500000000000007
decision_type=2 2 2 2 2 2 2 2 2 2 2 2 2 2 2 2 2 2 2 2 2 2 2 2 2 2 2 2 2 2
left_child=23 6 3 4 -3 -4 7 8 -2 -8 -5 -9 15 16 -15 18 -14 -16 20 -20 -11 -21 -23 24 26 -26 -1 -28 29 -29
right_child=1 2 5 10 -6 -7 9 11 -10 12 -12 -13 13 14 17 -17 -18 -19 19 21 -22 22 -24 -25 25 -27 27 28 -30 -31
leaf_value=-0.00014865612334197253 0.026512730623680786 -0.046702927429729202 0.018761235946574965 -0.0086262538803969623 -0.0087209115831206052 -0.0077655696312849262 0.090448537784052138 0.041125461343689822 -0.024578598752330288 -0.021249077081257495 0.028228827816808341 0.012005132678120527 0.020303444400183859 0.029545834196060078 0.009705373732037793 -0.060306500205673588 -0.031766312383394828 -0.042411900771617009 0.013324194974039428 0.0089396575851685041 0.039657325514108277 -0.035856903997738047 -0.022795249067959995 -0.018827661590777652 0.10091899991157778 -0.0028910529481173345 0.0055126528917694463 -0.0029704501855958576 0.00066986756167644601 -0.030149998383200916
leaf_weight=1145953 948 123 172 26 563 224 521 120 70 252 54 100 93 668 98 45 85 90 337 33 22 43 78 57 9677 18619 10789 3715 94185 428
leaf_count=1145953 948 123 172 26 563 224 521 120 70 252 54 100 93 668 98 45 85 90 337 33 22 43 78 57 9677 18619 10789 3715 94185 428
internal_value=0 0.00450091 -0.00945721 -0.02106 -0.026794 0.0129866 0.00900253 0.0172934 0.0116925 0.00466251 0.0281094 0.0432104 0.000849436 0.00708363 0.0131833 -0.00710878 -0.0222498 -0.012477 -0.00373537 0.00464804 -0.0187582 -0.0184642 -0.0308542 -9.73258e-06 -8.00623e-06 0.00171367 -4.6822e-05 0.000808597 0.000362261 -0.0087155
internal_weight=0 4765 1162 766 686 396 3603 1238 1018 2365 80 220 1844 1034 856 810 178 188 765 491 274 154 121 1.28342e+06 1.28337e+06 28296 1.25507e+06 109117 98328 4143
internal_count=1288188 4765 1162 766 686 396 3603 1238 1018 2365 80 220 1844 1034 856 810 178 188 765 491 274 154 121 1283423 1283366 28296 1255070 109117 98328 4143
is_linear=0
shrinkage=0.1


Tree=194
num_leaves=31
num_cat=0
split_feature=6 4 3 2 62 0 13 20 88 20 3 20 20 62 3 5 1 62 4 64 20 127 138 62 4 3 1 3 1 4
split_gain=8.25793 38.8443 53.8921 71.0156 92.077 50.9423 47.168 57.9807 42.8993 48.2273 42.8035 63.763 81.8579 55.9196 54.7122 50.1367 100.298 60.8677 59.1839 56.5709 43.7922 60.8892 43.3956 41.8224 39.0131 43.5862 52.9929 42.8309 45.2625 37.2951
threshold=5.416666666666667 12088.715000000002 337111.98000000004 267536.38000000006 4524620.5000000009 9833.0000000000018 103.50000000000001 2.5000000000000004 6153.5000000000009 23.500000000000004 42464.335000000006 3.5000000000000004 1.5000000000000002 2545508.5000000005 110809.84500000002 3.0000000000000004 333342.50000000006 190251.50000000003 1213.8250000000003 66.521494226488599 22.500000000000004 0.60769230769230786 4.5000000000000009 1761009.5000000002 0.42500000000000004 125281.64000000001 1500152.0000000002 214420.92000000001 2728.5000000000005 1380.7950000000003
decision_type=2 2 2 2 2 2 2 2 2 2 2 2 2 2 2 2 2 2 2 2 2 2 2 2 2 2 2 2 2 2
left_child=1 2 3 4 10 6 7 -5 9 -3 15 12 24 -14 20 17 -17 19 -18 22 23 -22 -1 -13 -12 26 -26 -27 -29 -6
right_child=-2 8 -4 5 29 -7 -8 -9 -10 -11 11 14 13 -15 -16 16 18 -19 -20 -21 21 -23 -24 -25 25 27 -28 28 -30 -31
leaf_value=-0.00066950871211890473 -0.00017881396221355319 0.0012454077403206256 -0.0026603260965850184 0.025228056592603881 -0.0064211299782029581 0.0041845388622745389 -0.008642048560479022 -0.016356333855069852 0.017980723435467395 0.0089384452978818734 0.0021977962210740182 -0.0001534387966175768 -0.0041057423118436428 -0.0049253073012680108 0.0020077559958654894 0.015676344304385425 0.0055971167426891906 -0.0045231177470611344 -0.0057380878292800919 0.015178532660638689 -0.015488761386568807 0.014782592262299854 0.029398122009688478 -0.0044200214244404347 -0.0069536792289031542 0.0027984057403620311 0.00056372209407600177 0.0074252180841739672 -0.0058822711055060411 -0.003235449513485842
leaf_weight=136757 984715 88082 3633 84 128 3691 353 67 2118 2511 2068 20580 8402 327 5108 7138 1515 192 1691 888 857 163 9250 620 2754 1884 1197 249 1035 131
leaf_count=136757 984715 88082 3633 84 128 3691 353 67 2118 2511 2068 20580 8402 327 5108 7138 1515 192 1691 888 857 163 9250 620 2754 1884 1197 249 1035 131
internal_value=0 0.000463317 -0.000287049 -7.52718e-05 -0.000341494 0.0128033 -0.0170182 0.029756 0.00216914 0.00184023 -0.000265348 -0.00297619 -0.00761266 -0.0145471 6.3439e-05 0.000513719 0.00724311 4.04695e-05 -0.00744979 0.000114015 -0.00208188 -0.0223211 -3.90282e-05 -0.0011081 -0.00102388 -0.00453611 -0.0115427 0.00420217 -0.00988241 -0.0599281
internal_weight=0 303473 210762 207129 202934 4195 504 151 92711 90593 202675 45244 17916 8729 27328 157431 10344 147087 3206 146895 22220 1020 146007 21200 9187 7119 3951 3168 1284 259
internal_count=1288188 303473 210762 207129 202934 4195 504 151 92711 90593 202675 45244 17916 8729 27328 157431 10344 147087 3206 146895 22220 1020 146007 21200 9187 7119 3951 3168 1284 259
is_linear=0
shrinkage=0.1


Tree=195
num_leaves=31
num_cat=0
split_feature=1 67 4 2 146 2 3 124 3 4 88 138 63 6 85 89 0 4 0 13 64 20 3 123 2 0 137 3 0 123
split_gain=9.50482 28.851 26.3053 23.7113 18.158 14.9222 17.7834 31.1038 26.0844 23.579 22.5281 31.1906 25.1339 13.9067 13.1415 15.8076 12.6992 52.7097 54.6644 42.6496 38.7415 29.1582 28.2987 35.5202 27.8978 27.701 25.6996 25.7782 25.2208 46.1462
threshold=29620766.500000004 8.5000000000000018 16845.165000000005 799162.55500000005 7334.5000000000009 312322.94000000006 1049750.0700000001 9.5000000000000018 627852.56500000006 34672.610000000008 20905.000000000004 8.5000000000000018 143.6754167668885 11.833333333333334 21.500000000000004 313.27303585049589 6971452.0000000009 83547.290000000023 8662104.5000000019 526534.50000000012 4.6344808391513466 6.5000000000000009 330774.81000000006 1084.5000000000002 971206.93000000005 10917235.500000002 9139743.5000000019 102167.71000000001 5000732.5000000009 4949216.5000000009
decision_type=2 2 2 2 2 2 2 2 2 2 2 2 2 2 2 2 2 2 2 2 2 2 2 2 2 2 2 2 2 2
left_child=16 2 4 -3 -2 -4 7 10 13 -8 11 -7 -13 -9 15 -12 28 18 20 21 -18 22 23 -20 26 -24 27 -21 29 -1
right_child=1 3 5 -5 -6 6 9 8 -10 -11 14 12 -14 -15 -16 -17 17 -19 19 24 -22 -23 25 -25 -26 -27 -28 -29 -30 -31
leaf_value=2.7380711221569755e-05 -0.020393076408403068 0.066128758194446885 -0.014540212522061681 -0.0090762118599072572 0.19659514843564102 -0.022523797009813374 0.044167504787278072 0.063930499152917458 0.0089073753842411375 -0.030565842387418531 0.023006466496637668 0.0081629850260088507 0.091566093790218794 0.013294686923663913 0.024107963022429992 -0.021488708868786868 0.0052911332526022741 -0.0053656692149527622 0.0025539616472164631 0.01289164142480932 0.020192058819825109 -0.038662287498875604 0.066731920057967076 0.029126318294077413 0.041680161878561009 0.022432977526217136 0.015403876038795157 -0.002859214579497605 -0.0019116226550162788 0.010999753264846389
leaf_weight=1220570 2493 75 487 36 28 1498 494 224 510 1392 661 199 75 67 64 210 4800 12057 2196 135 1134 369 87 938 1215 561 861 11192 23289 271
leaf_count=1220570 2493 75 487 36 28 1498 494 224 510 1392 661 199 75 67 64 210 4800 12057 2196 135 1134 369 87 938 1215 561 861 11192 23289 271
internal_value=0 -0.0033279 -0.00399703 0.0473209 -0.0125432 -0.000333577 0.00117999 0.00539009 0.0227004 -0.0066509 0.000267974 -0.00635865 0.0246627 0.0465902 0.0128267 0.00961304 2.46084e-05 0.00188834 0.00464734 0.00184246 0.0129448 0.0106996 0.0133175 0.00938419 -0.000900661 0.0323408 -0.00234114 -0.00360716 -2.86386e-05 3.35474e-05
internal_weight=0 8513 8402 111 2521 5881 5394 3508 801 1886 2707 1772 274 291 935 871 1.27968e+06 35545 23488 17554 5934 4151 3782 3134 13403 648 12188 11327 1.24413e+06 1.22084e+06
internal_count=1288188 8513 8402 111 2521 5881 5394 3508 801 1886 2707 1772 274 291 935 871 1279675 35545 23488 17554 5934 4151 3782 3134 13403 648 12188 11327 1244130 1220841
is_linear=0
shrinkage=0.1


Tree=196
num_leaves=31
num_cat=0
split_feature=88 90 6 88 89 89 3 146 2 6 89 2 105 137 141 147 146 4 4 0 3 4 0 146 84 146 84 1 88 146
split_gain=8.62306 31.0984 24.6697 10.702 11.2595 12.0891 21.6419 20.3292 13.5527 11.3511 10.7443 10.4249 9.65639 9.52346 10.3623 9.38181 16.2149 12.8632 26.4113 18.4694 12.0862 12.0564 10.0245 16.1435 9.0835 9.04111 8.74248 8.67657 12.8253 13.5036
threshold=3316842.0000000005 0.99999783930137942 11.833333333333334 2505040.0000000005 793909.50000000012 9971.9375000000018 249927.69500000004 4239.5000000000009 249454.24000000002 6.416666666666667 2881.6000000000004 13104.415000000003 4897042.5000000009 34.500000000000007 0.36931818181818188 9.5000000000000018 2785651.0000000005 16845.165000000005 12088.715000000002 17073.500000000004 13766.595000000003 19697.185000000005 1769.5000000000002 5694.5000000000009 502792.50000000006 273.50000000000006 6109054.0000000009 787109.50000000012 53007.000000000007 6479.0000000000009
decision_type=2 2 2 2 2 2 2 2 2 2 2 2 2 2 2 2 2 2 2 2 2 2 2 2 2 2 2 2 2 2
left_child=3 2 -2 4 5 10 8 -8 9 27 15 -11 -3 14 -12 26 17 18 -17 -19 22 -21 -20 -24 -6 -13 -1 -7 -29 -30
right_child=1 12 -4 -5 24 6 7 -9 -10 11 13 25 -14 -15 -16 16 -18 19 20 21 -22 -23 23 -25 -26 -27 -28 28 29 -31
leaf_value=-2.0479291234587473e-05 -0.0021796696613663293 -0.007467504122640127 0.020189783306491974 0.014154657895806198 0.021538940230166226 -0.038927152813545612 -0.011942510764101756 0.031284741265819892 -0.045203689443992778 -0.10064913094993436 0.0017976664667930218 0.0029429531995068385 -0.023911987364910958 -0.010300716489565436 0.048902648789975023 0.062185177785749349 -0.0095103931853455243 0.16032616379865947 0.27042495137092143 -0.0925573135241399 -0.10787373981953148 0.0080096215864030075 -0.25314345037896491 0.021002665819821534 -0.040733150466403557 -0.019110283138606826 0.055244431944220108 0.039552814026680462 -0.028722332915159677 0.014297284169593739
leaf_weight=1273767 64 695 56 342 288 85 209 152 140 53 203 190 55 81 254 1709 90 1940 42 336 532 5727 115 43 66 636 58 39 90 131
leaf_count=1273767 64 695 56 342 288 85 209 152 140 53 203 190 55 81 254 1709 90 1940 42 336 532 5727 115 43 66 636 58 39 90 131
internal_value=0 -0.0099456 0.0373205 1.34493e-05 8.74907e-06 3.84281e-06 -0.00836204 0.0134104 -0.0141244 -0.0107532 1.50742e-05 -0.0167864 -0.0175082 0.0141439 0.0197452 9.15581e-06 0.00298122 0.00334543 -0.0030091 0.00528363 -0.0189029 0.00256621 -0.0398599 -0.0514027 0.0178407 -0.0140278 -1.54219e-05 0.00461813 0.0136856 0.0043556
internal_weight=0 870 120 1.28732e+06 1.28698e+06 1.28662e+06 1725 361 1364 1224 1.2849e+06 879 750 538 457 1.28436e+06 10534 10444 2441 8003 732 6063 200 158 354 826 1.27382e+06 345 260 221
internal_count=1288188 870 120 1287318 1286976 1286622 1725 361 1364 1224 1284897 879 750 538 457 1284359 10534 10444 2441 8003 732 6063 200 158 354 826 1273825 345 260 221
is_linear=0
shrinkage=0.1


Tree=197
num_leaves=31
num_cat=0
split_feature=20 62 6 64 64 127 6 17 3 140 5 4 3 1 126 1 3 3 64 2 13 20 3 3 0 20 6 63 6 123
split_gain=8.31007 30.5114 82.8531 41.937 31.4952 28.5591 26.7963 28.4537 25.4818 87.1983 36.7683 22.9584 20.9823 19.5914 21.1759 14.7969 18.2155 13.9123 15.5112 13.8195 13.1904 12.8722 62.3796 48.3187 65.1747 47.7216 54.6811 45.3004 42.8761 46.3143
threshold=23.500000000000004 644251.50000000012 4.166666666666667 0.00033604190982260471 1.0003341740906577 0.73030303030303034 4.8333333333333348 1.5000000000000002 228713.19000000003 0.22649572649572652 3.0000000000000004 102766.00000000001 239939.38500000004 25884.500000000004 0.24038461538461542 55864.000000000007 75714.640000000014 144444.87000000002 0.0346995057958202 281255.80000000005 650.50000000000011 13.500000000000002 12163.075000000003 27306.545000000002 589241.00000000012 9.5000000000000018 16.166666666666668 10.104297770700638 5.7500000000000009 271660.00000000006
decision_type=2 2 2 2 2 2 2 2 2 2 2 2 2 2 2 2 2 2 2 2 2 2 2 2 2 2 2 2 2 2
left_child=21 5 8 -4 17 6 7 19 9 10 -3 -11 -7 -8 20 -9 -17 18 -5 -2 -15 25 -23 24 -24 -1 -27 -25 29 -26
right_child=1 2 3 4 -6 12 13 15 -10 11 -12 -13 -14 14 -16 16 -18 -19 -20 -21 -22 22 23 27 28 26 -28 -29 -30 -31
leaf_value=4.1569104520436591e-05 -0.029030354296380696 0.01987639052487887 0.032695138146847651 0.014800950516327731 0.041831458295626824 0.01802820727393897 0.0089842959476706518 -0.017278404473821937 0.0080635173327425532 -0.019902768733719146 0.01347251919338921 0.0068442286269511992 -0.020278833741863924 -0.071782941665055194 0.0092288717829905453 0.01743404256159552 -0.0031121894300504029 -0.027444824679191328 -0.051589733702081281 -0.0014757458099013113 -0.026271208827513843 0.041022315876004203 -0.0021707149878806399 0.00052627438338114234 -0.04792477105343923 -0.016343796029020152 0.057460208768001002 0.021604338300421147 -0.053994887280295556 0.030801440693795357
leaf_weight=1162392 719 206 151 33 112 123 2908 274 1589 67 207 20 48 276 186 195 336 795 23 124 2777 14162 5188 64963 410 23382 3680 1340 1352 150
leaf_count=1162392 719 206 151 33 112 123 2908 274 1589 67 207 20 48 276 186 195 336 795 23 124 2777 14162 5188 64963 410 23382 3680 1340 1352 150
internal_value=0 -0.00271139 0.00553124 -0.0164931 -0.0241761 -0.00602562 -0.00691245 -0.018236 0.0172761 0.0369651 0.0561321 -0.054023 0.0344005 -0.00387663 -0.00922588 -0.00478958 0.00494945 -0.0307368 0.0174385 -0.0310763 -0.0112216 2.82029e-05 0.00119834 2.59785e-05 -0.00781442 -5.79399e-05 -0.0042092 0.000865561 -0.0235966 -0.000328642
internal_weight=0 11169 3203 1114 963 7966 7795 1648 2089 500 413 87 171 6147 3239 805 531 851 56 843 3053 1.27702e+06 87565 73403 7100 1.18945e+06 27062 66303 1912 560
internal_count=1288188 11169 3203 1114 963 7966 7795 1648 2089 500 413 87 171 6147 3239 805 531 851 56 843 3053 1277019 87565 73403 7100 1189454 27062 66303 1912 560
is_linear=0
shrinkage=0.1


Tree=198
num_leaves=31
num_cat=0
split_feature=92 6 4 6 94 138 93 0 67 92 94 53 92 123 2 2 5 2 137 30 0 76 6 76 0 94 4 76 92 66
split_gain=8.31667 11.6399 12.0695 10.3428 8.43191 14.3396 9.81798 21.2933 22.6741 25.7665 19.5813 23.5788 26.4726 24.404 22.9414 20.4089 29.2119 28.7792 26.7552 25.5549 23.9363 23.7644 18.1229 15.9962 18.3661 16.6772 15.9709 15.5993 21.6767 14.2902
threshold=127101.00000000001 6.5833333333333348 53746.600000000013 3.8333333333333335 151834.00000000003 10.500000000000002 25.500000000000004 50.500000000000007 4.5000000000000009 75.166666666666671 13955.46739130435 2.3903125000000007 0.012077629835187806 4217.0000000000009 246118.19000000003 8806.0550000000021 1.0000000180025095e-35 32961.905000000006 4.5000000000000009 5.5000000000000009 2489.5000000000005 4.5000000000000009 9.1666666666666696 11.500000000000002 2528452.0000000005 9439.4444444444471 0.8650000000000001 8.5000000000000018 41.01111111111112 31.500000000000004
decision_type=2 2 2 2 2 2 2 2 2 2 2 2 2 2 2 2 2 2 2 2 2 2 2 2 2 2 2 2 2 2
left_child=4 2 3 -2 6 -6 -1 29 9 10 11 13 14 15 -13 20 17 26 27 -19 -9 -22 -14 25 -25 -11 -17 28 -18 -8
right_child=1 -3 -4 -5 5 -7 7 8 -10 23 -12 12 22 -15 -16 16 18 19 -20 -21 21 -23 -24 24 -26 -27 -28 -29 -30 -31
leaf_value=4.9237316925630043e-05 -0.024579982953441017 -0.0052081219776661386 0.00093012267112174262 -0.015163699132005153 0.011386999613837216 0.06193932742471292 0.033074309552174712 0.054340370847942458 0.0067252719140870002 -0.05472213723577754 0.023983682962509634 -0.0013194377091290566 -0.024324995183557487 0.056867060628645841 -0.032267418277276264 0.012139816175643237 0.0055221629237430713 -0.011946182694219893 0.043145907335246106 0.042684070248211241 -0.061199490593757934 -0.020797619067717356 0.0083896409010487012 0.019645418913401685 -0.030895094716431717 -0.0084508669409525741 -0.001398960719526965 0.038773454123828432 -0.033696455913147329 -0.16410771719533418
leaf_weight=1268671 47 2136 254 428 211 24 46 720 2878 658 166 129 163 223 224 359 2419 2238 525 144 757 656 373 430 75 943 992 792 359 148
leaf_count=1268671 47 2136 254 428 211 24 46 720 2878 658 166 129 163 223 224 359 2419 2238 525 144 757 656 373 430 75 943 992 792 359 148
internal_value=0 -0.00537394 -0.0162846 -0.0256937 1.98742e-05 0.0189603 1.64106e-05 -0.0024134 -0.00201957 -0.00375571 -0.00185361 -0.00236468 -0.0179831 -0.00100129 -0.0392469 -0.00173373 0.000629082 -0.00576904 0.0064616 -0.0123816 -0.0104051 -0.017967 -0.00397908 -0.0139066 0.00161121 -0.0188013 0.00588976 0.00336188 -0.00016763 -0.035347
internal_weight=0 2865 729 475 1.28532e+06 235 1.28509e+06 16417 16223 13345 11239 11073 889 10184 353 9961 7828 3733 4095 2382 2133 1413 536 2106 505 1601 1351 3570 2778 194
internal_count=1288188 2865 729 475 1285323 235 1285088 16417 16223 13345 11239 11073 889 10184 353 9961 7828 3733 4095 2382 2133 1413 536 2106 505 1601 1351 3570 2778 194
is_linear=0
shrinkage=0.1


Tree=199
num_leaves=31
num_cat=0
split_feature=124 4 4 64 0 61 124 20 124 3 20 6 3 64 4 20 64 64 13 4 64 87 6 3 3 124 53 64 64 6
split_gain=8.55871 47.8875 62.4285 37.0602 60.3933 55.2501 35.2211 48.3231 35.345 86.5541 70.4753 101.385 69.3806 59.5965 50.5323 85.7261 72.9584 50.1414 45.5885 38.3379 53.1944 36.8472 35.0301 34.5779 30.2129 29.4427 28.6446 31.526 70.6355 28.2064
threshold=14.500000000000002 19027.750000000004 22026.025000000005 4.8126988902010285e-06 229833.50000000003 1.0000000180025095e-35 11.500000000000002 1.5000000000000002 10.500000000000002 269089.71500000003 1.5000000000000002 13.583333333333334 27306.545000000002 1.0000128766417722 19697.185000000005 2.5000000000000004 0.013999917086816921 0.87666485613824252 60009.500000000007 1.2750000000000001 0.21100643607872807 1.0000000180025095e-35 15.833333333333334 210534.65000000005 8806.0000000000018 9.5000000000000018 1.0438191103924396e-06 0.0016357794225057547 0.0011910161296741952 27.416666666666668
decision_type=2 2 2 2 2 2 2 2 2 2 2 2 2 2 2 2 2 2 2 2 2 2 2 2 2 2 2 2 2 2
left_child=6 24 -3 5 -5 -4 8 -8 25 10 18 12 -12 14 15 -14 21 -17 -10 -20 -21 -16 -7 -6 -2 -1 27 28 -13 -25
right_child=1 2 3 4 23 22 7 -9 9 -11 11 26 13 -15 16 17 -18 -19 19 20 -22 -23 -24 29 -26 -27 -28 -29 -30 -31
leaf_value=4.8229781952402465e-06 0.054574653585830871 -0.016099302249613916 0.0071523628541893874 -0.016847185046152065 0.011369033736323638 -0.052279115198523213 -0.001284064430121068 0.0047115553575916872 0.013690826783646802 0.0083140699739550072 0.0012596224331610896 -0.0072660379796348875 -0.017835934734674576 0.00063861949804650637 -0.030749236470037591 0.0042536028797398266 0.0017850487374901263 -0.010835520160320189 -0.028357633175164043 0.0066874947043453845 -0.006730267171632537 0.024192778143668794 -0.022666445319848346 -0.0055609869749460089 -0.00016556130559869099 0.0096464432918918607 0.02525802726558395 0.0074177028229695189 -0.058492218229925119 0.15870601151061958
leaf_weight=1214879 1690 721 668 581 1232 206 9162 20558 1565 2711 794 962 1541 514 780 632 178 89 282 1930 2312 55 771 2709 16117 1761 790 1420 155 423
leaf_count=1214879 1690 721 668 581 1232 206 9162 20558 1565 2711 794 962 1541 514 780 632 178 89 282 1930 2312 55 771 2709 16117 1761 790 1420 155 423
internal_value=0 -0.00182183 -0.0086362 -0.00557967 -0.00125442 -0.0185817 4.2348e-05 0.00344413 -3.96247e-05 -0.00460749 -0.00777467 -0.0139999 -0.023646 -0.0292784 -0.0342468 -0.0259342 -0.0528087 0.00252636 0.000312292 -0.00477692 -0.0024034 -0.0651995 -0.0337356 0.00277792 0.000975936 2.31129e-05 -0.000712242 -0.00589008 -0.0184588 -0.00280487
internal_weight=0 25118 7311 6590 4945 1645 1.26307e+06 29720 1.23335e+06 16710 13999 7910 4583 3789 3275 2262 1013 721 6089 4524 4242 835 977 4364 17807 1.21664e+06 3327 2537 1117 3132
internal_count=1288188 25118 7311 6590 4945 1645 1263070 29720 1233350 16710 13999 7910 4583 3789 3275 2262 1013 721 6089 4524 4242 835 977 4364 17807 1216640 3327 2537 1117 3132
is_linear=0
shrinkage=0.1


end of trees

feature_importances:
pg_est_startup_sum=661
pg_est_cost_max=658
pg_est_cost_sum=546
pg_table_id_sum=459
pg_est_width_avg=448
pg_card_sum=392
Hash_Join_out_percentage=373
pg_card_max=235
Hash_Join_in_card=210
Seq_Scan_in_card=201
Parallel_Seq_Scan_in_card=192
pg_scan_act_card_sum=177
Hash_Join_right_percentage=148
pg_workers_planned_sum=117
Parallel_Seq_Scan_in_size=108
Partial_Aggregate_in_percentage=84
Seq_Scan_in_size=78
Parallel_Seq_Scan_compare_percentage=59
Sort_out_card=51
Nested_Loop_out_percentage=47
Materialize_out_card=45
Nested_Loop_in_percentage=44
Merge_Join_out_percentage=43
Nested_Loop_right_card=42
Merge_Join_in_card=36
Aggregate_in_percentage=32
Index_Only_Scan_in_size=31
Gather_in_percentage=26
Parallel_Seq_Scan_const=26
Index_Scan_in_size=23
Parallel_Index_Only_Scan_in_card=23
pg_filter_compare_count=22
pg_num_join=21
pg_num_agg=21
Parallel_Seq_Scan_in_expression_percentage=21
Index_Only_Scan_in_card=20
pg_pipeline_num_ops=19
Gather_out_percentage=18
Bitmap_Heap_Scan_in_card=17
Merge_Join_right_percentage=17
pg_filter_like_count=12
Parallel_Seq_Scan_like_percentage=12
pg_filter_and_count=11
Index_Scan_in_card=11
Partial_Aggregate_out_size=11
Seq_Scan_like_percentage=11
pg_num_select=9
pg_scan_has_filter=9
Parallel_Bitmap_Heap_Scan_in_size=9
Parallel_Index_Scan_like_percentage=9
Parallel_Index_Scan_compare_percentage=9
Seq_Scan_compare_percentage=9
Materialize_out_size=8
Parallel_Bitmap_Heap_Scan_const=7
Seq_Scan_const=7
Parallel_Bitmap_Heap_Scan_like_percentage=6
Parallel_Seq_Scan_or_exp_percentage=6
Sort_out_size=6
Aggregate_out_size=4
Parallel_Index_Only_Scan_in_size=4
pg_filter_or_count=3
Finalize_Aggregate_const=3
Gather_const=3
Gather_Merge_out_percentage=3
Parallel_Index_Only_Scan_compare_percentage=3
Parallel_Index_Scan_in_expression_percentage=3
pg_num_scan=2
pg_filter_in_count=2
Aggregate_const=2
Bitmap_Heap_Scan_in_size=2
Index_Scan_const=2
Index_Scan_compare_percentage=2
Merge_Join_const=2
pg_num_temp=1
Finalize_Aggregate_out_size=1
Finalize_Aggregate_in_percentage=1
Gather_Merge_in_percentage=1
Hash_Join_const=1
Parallel_Bitmap_Heap_Scan_or_exp_percentage=1
Parallel_Index_Scan_in_card=1

parameters:
[boosting: gbdt]
[objective: mape]
[metric: mape]
[tree_learner: serial]
[device_type: cpu]
[data_sample_strategy: bagging]
[data: ]
[valid: ]
[num_iterations: 100]
[learning_rate: 0.1]
[num_leaves: 31]
[num_threads: 0]
[seed: 0]
[deterministic: 0]
[force_col_wise: 0]
[force_row_wise: 0]
[histogram_pool_size: -1]
[max_depth: -1]
[min_data_in_leaf: 20]
[min_sum_hessian_in_leaf: 0.001]
[bagging_fraction: 1]
[pos_bagging_fraction: 1]
[neg_bagging_fraction: 1]
[bagging_freq: 0]
[bagging_seed: 3]
[feature_fraction: 1]
[feature_fraction_bynode: 1]
[feature_fraction_seed: 2]
[extra_trees: 0]
[extra_seed: 6]
[early_stopping_round: 0]
[early_stopping_min_delta: 0]
[first_metric_only: 0]
[max_delta_step: 0]
[lambda_l1: 0]
[lambda_l2: 0]
[linear_lambda: 0]
[min_gain_to_split: 0]
[drop_rate: 0.1]
[max_drop: 50]
[skip_drop: 0.5]
[xgboost_dart_mode: 0]
[uniform_drop: 0]
[drop_seed: 4]
[top_rate: 0.2]
[other_rate: 0.1]
[min_data_per_group: 100]
[max_cat_threshold: 32]
[cat_l2: 10]
[cat_smooth: 10]
[max_cat_to_onehot: 4]
[top_k: 20]
[monotone_constraints: ]
[monotone_constraints_method: basic]
[monotone_penalty: 0]
[feature_contri: ]
[forcedsplits_filename: ]
[refit_decay_rate: 0.9]
[cegb_tradeoff: 1]
[cegb_penalty_split: 0]
[cegb_penalty_feature_lazy: ]
[cegb_penalty_feature_coupled: ]
[path_smooth: 0]
[interaction_constraints: ]
[verbosity: -1]
[saved_feature_importance_type: 0]
[use_quantized_grad: 0]
[num_grad_quant_bins: 4]
[quant_train_renew_leaf: 0]
[stochastic_rounding: 1]
[linear_tree: 0]
[max_bin: 255]
[max_bin_by_feature: ]
[min_data_in_bin: 3]
[bin_construct_sample_cnt: 200000]
[data_random_seed: 1]
[is_enable_sparse: 1]
[enable_bundle: 1]
[use_missing: 1]
[zero_as_missing: 0]
[feature_pre_filter: 1]
[pre_partition: 0]
[two_round: 0]
[header: 0]
[label_column: ]
[weight_column: ]
[group_column: ]
[ignore_column: ]
[categorical_feature: ]
[forcedbins_filename: ]
[precise_float_parser: 0]
[parser_config_file: ]
[objective_seed: 5]
[num_class: 1]
[is_unbalance: 0]
[scale_pos_weight: 1]
[sigmoid: 1]
[boost_from_average: 1]
[reg_sqrt: 0]
[alpha: 0.9]
[fair_c: 1]
[poisson_max_delta_step: 0.7]
[tweedie_variance_power: 1.5]
[lambdarank_truncation_level: 30]
[lambdarank_norm: 1]
[label_gain: ]
[lambdarank_position_bias_regularization: 0]
[eval_at: ]
[multi_error_top_k: 1]
[auc_mu_weights: ]
[num_machines: 1]
[local_listen_port: 12400]
[time_out: 120]
[machine_list_filename: ]
[machines: ]
[gpu_platform_id: -1]
[gpu_device_id: -1]
[gpu_use_dp: 0]
[num_gpu: 1]

end of parameters

pandas_categorical:null
