tree
version=v4
num_class=1
num_tree_per_iteration=1
label_index=0
max_feature_idx=152
objective=mape
feature_names=pg_card_sum pg_card_max pg_est_cost_sum pg_est_cost_max pg_est_startup_sum pg_workers_planned_sum pg_est_width_avg pg_num_scan pg_num_join pg_num_sort pg_num_agg pg_num_temp pg_num_select pg_scan_act_card_sum pg_scan_has_filter pg_filter_and_count pg_filter_or_count pg_filter_compare_count pg_filter_like_count pg_filter_in_count pg_table_id_sum pg_pipeline_num_ops pg_pipeline_root_act_card Aggregate_const Aggregate_out_card Aggregate_out_size Aggregate_in_percentage Aggregate_out_percentage Bitmap_Heap_Scan_const Bitmap_Heap_Scan_in_card Bitmap_Heap_Scan_in_size Bitmap_Heap_Scan_out_percentage Bitmap_Heap_Scan_like_percentage Bitmap_Heap_Scan_compare_percentage Bitmap_Heap_Scan_in_expression_percentage Bitmap_Heap_Scan_or_exp_percentage Bitmap_Heap_Scan_empty_output Bitmap_Index_Scan_const Bitmap_Index_Scan_in_card Bitmap_Index_Scan_in_size Bitmap_Index_Scan_out_percentage Bitmap_Index_Scan_like_percentage Bitmap_Index_Scan_compare_percentage Bitmap_Index_Scan_in_expression_percentage Bitmap_Index_Scan_or_exp_percentage Bitmap_Index_Scan_empty_output Finalize_Aggregate_const Finalize_Aggregate_out_card Finalize_Aggregate_out_size Finalize_Aggregate_in_percentage Finalize_Aggregate_out_percentage Gather_const Gather_in_percentage Gather_out_percentage Gather_Merge_const Gather_Merge_in_percentage Gather_Merge_out_percentage Hash_const Hash_out_card Hash_out_size Hash_in_percentage Hash_Join_const Hash_Join_in_card Hash_Join_right_percentage Hash_Join_out_percentage Index_Only_Scan_const Index_Only_Scan_in_card Index_Only_Scan_in_size Index_Only_Scan_out_percentage Index_Only_Scan_like_percentage Index_Only_Scan_compare_percentage Index_Only_Scan_in_expression_percentage Index_Only_Scan_or_exp_percentage Index_Only_Scan_empty_output Index_Scan_const Index_Scan_in_card Index_Scan_in_size Index_Scan_out_percentage Index_Scan_like_percentage Index_Scan_compare_percentage Index_Scan_in_expression_percentage Index_Scan_or_exp_percentage Index_Scan_empty_output Materialize_const Materialize_out_card Materialize_out_size Materialize_in_percentage Merge_Join_const Merge_Join_in_card Merge_Join_right_percentage Merge_Join_out_percentage Nested_Loop_const Nested_Loop_in_percentage Nested_Loop_right_card Nested_Loop_out_percentage Parallel_Bitmap_Heap_Scan_const Parallel_Bitmap_Heap_Scan_in_card Parallel_Bitmap_Heap_Scan_in_size Parallel_Bitmap_Heap_Scan_out_percentage Parallel_Bitmap_Heap_Scan_like_percentage Parallel_Bitmap_Heap_Scan_compare_percentage Parallel_Bitmap_Heap_Scan_in_expression_percentage Parallel_Bitmap_Heap_Scan_or_exp_percentage Parallel_Bitmap_Heap_Scan_empty_output Parallel_Index_Only_Scan_const Parallel_Index_Only_Scan_in_card Parallel_Index_Only_Scan_in_size Parallel_Index_Only_Scan_out_percentage Parallel_Index_Only_Scan_like_percentage Parallel_Index_Only_Scan_compare_percentage Parallel_Index_Only_Scan_in_expression_percentage Parallel_Index_Only_Scan_or_exp_percentage Parallel_Index_Only_Scan_empty_output Parallel_Index_Scan_const Parallel_Index_Scan_in_card Parallel_Index_Scan_in_size Parallel_Index_Scan_out_percentage Parallel_Index_Scan_like_percentage Parallel_Index_Scan_compare_percentage Parallel_Index_Scan_in_expression_percentage Parallel_Index_Scan_or_exp_percentage Parallel_Index_Scan_empty_output Parallel_Seq_Scan_const Parallel_Seq_Scan_in_card Parallel_Seq_Scan_in_size Parallel_Seq_Scan_out_percentage Parallel_Seq_Scan_like_percentage Parallel_Seq_Scan_compare_percentage Parallel_Seq_Scan_in_expression_percentage Parallel_Seq_Scan_or_exp_percentage Parallel_Seq_Scan_empty_output Partial_Aggregate_const Partial_Aggregate_out_card Partial_Aggregate_out_size Partial_Aggregate_in_percentage Partial_Aggregate_out_percentage Seq_Scan_const Seq_Scan_in_card Seq_Scan_in_size Seq_Scan_out_percentage Seq_Scan_like_percentage Seq_Scan_compare_percentage Seq_Scan_in_expression_percentage Seq_Scan_or_exp_percentage Seq_Scan_empty_output Sort_const Sort_out_card Sort_out_size Sort_in_percentage Sort_out_percentage Other_const Other_in_percentage Other_out_percentage
feature_infos=[1:17237830773] [1:17237817422] [1.04:75318113.680000007] [1.04:56118634.829999998] [0:75318113.459999993] [0:4] [0:226] [0:1] [0:1] [0:1] [0:1] [0:1] [0:1] [0:36281144] [0:1] [0:6] [0:3] [0:12] [0:6] [0:4] [0:26] [1:3] none [0:1] [0:1] [0:128] [0:172871065] [0:1] [0:1] [0:5040769] [0:230] [0:1] [0:1] [0:1] [0:1] [0:0.33333333333333331] none none none none none none none none none none [0:1] [0:1] [0:96] [0:2] [0:1] [0:1] [0:254147] [0:609952] [0:1] [0:14981] [0:35955] none none none none [0:1] [0:48745841] [0:48745841] [0:160122662] [0:1] [0:8532042] [0:24] [0:1] [0:1] [0:1] [0:1] [0:0.33333333333333331] none [0:1] [0:11374666] [0:44] [0:1] [0:1] [0:1] [0:1] [0:0.33333333333333331] none [0:1] [0:9185303] [0:55] [0:9185303] [0:1] [0:11810232] [0:10719820] [0:17237817422] [0:1] [0:11374666] [0:11345092] [0:20941838] [0:1] [0:1535478] [0:36] [0:1] [0:1] [0:1] [0:1] [0:0.33333333333333331] none [0:1] [0:5051585] [0:21] [0:1] [0:1] [0:1] none [0:0.33333333333333331] none [0:1] [0:5949511] [0:36] [0:1] [0:0.66666666666666663] [0:1] [0:0.33333333333333331] [0:0.33333333333333331] none [0:1] [0:15117143] [0:112] [0:1] [0:1] [0:1] [0:1] [0:0.33333333333333331] none [0:1] [0:1] [0:96] [0:5841013510] [0:1] [0:1] [0:36281144] [0:112] [0:1] [0:1] [0:1] [0:1] [0:0.33333333333333331] none [0:1] [0:5597195] [0:142] [0:5597195] [0:5597195] none none none
tree_sizes=2942 3104 3105 3103 3087 3092 3096 3096 3096 3106 3094 3105 3098 3114 3111 3120 3129 3103 3127 3118 3120 3131 3108 3118 3113 3103 3101 3096 3120 3109 3134 3124 3127 3119 3114 3120 3082 3158 3152 3087 3107 3093 3133 3118 3122 3118 3101 3101 3087 3143 3083 3122 3063 3113 3108 3087 3104 3067 3056 3091 3097 3080 3061 3090 3100 3040 3022 3116 3082 3065 3014 3054 3094 3026 3045 3100 3088 3082 3041 3041 3099 3044 3033 3012 3074 3066 3027 3044 3038 3027 3039 2978 3039 3011 3057 2994 3035 2983 2982 3030 3087 3063 2982 3073 3055 3006 3095 3024 2998 3027 3047 3030 3031 3021 3046 2987 3060 3010 3047 3076 2992 2997 3065 2936 2975 3023 3076 3021 3055 3021 3062 2884 3038 3019 3058 2960 2965 3071 3001 3007 2957 2932 3008 3030 3003 3085 2985 3079 3001 3014 2994 3003 3014 2982 2951 2964 3030 2927 2981 2969 3068 3020 3015 3009 2971 3020 2982 2996 3004 2963 3006 3002 2984 3010 2961 2906 2949 2974 2910 2937 3013 2901 2979 2895 2960 2979 2929 3007 3052 2995 2957 2977 3009 2953 2995 2965 2949 3059 3029 2967

Tree=0
num_leaves=31
num_cat=0
split_feature=1 10 3 136 64 6 4 4 3 6 6 122 0 6 2 14 134 137 0 62 123 0 20 4 2 3 64 4 3 20
split_gain=46049.5 14248.9 16751 4115.49 3255.19 3233.12 2640.62 2510.03 2193.62 2073.49 1877.24 1512.41 1505.33 1465.76 1465.03 1303.99 1192.64 1111.62 951.209 1253.58 980.392 911.349 841.959 697.898 653.038 568.079 565.095 544.925 473.918 465.833
threshold=529440.50000000012 1.0000000180025095e-35 133603.97500000001 1.0000000180025095e-35 1.0003983371729721 4.166666666666667 6714.3600000000015 19458.620000000003 89669.260000000024 5.166666666666667 8.8333333333333339 1.0000000180025095e-35 166453.00000000003 5.5833333333333348 59567.915000000008 1.0000000180025095e-35 13252094.000000002 12945.500000000002 2143474.0000000005 575090.00000000012 1121369.5000000002 399208.00000000006 6.5000000000000009 0.28500000000000009 176274.905 175269.96500000003 0.30000014070911768 24688.950000000004 236044.62500000003 6.5000000000000009
decision_type=2 2 2 2 2 2 2 2 2 2 2 2 2 2 2 2 2 2 2 2 2 2 2 2 2 2 2 2 2 2
left_child=1 2 3 7 6 15 8 11 18 -4 17 -1 -7 -8 -15 21 28 23 19 20 -2 22 -5 -10 -6 -11 -9 -17 -3 -16
right_child=4 16 9 5 24 12 13 26 10 25 -12 -13 -14 14 29 27 -18 -19 -20 -21 -22 -23 -24 -25 -26 -27 -28 -29 -30 -31
leaf_value=1.1437115788459777 1.0630143287640936 1.4181707143783568 0.97125275095321617 1.0477097185984401 0.99038714865235389 1.1507189273834229 0.91006222922307389 1.0743362191689019 0.96552586340361091 1.0643381563085386 1.0153192857938462 1.1580494523048401 1.0651265671955388 1.0065404098379518 0.98796524521286333 1.0717847258285669 1.0653323960662306 1.0306874696701813 1.0338647763192115 1.1060333847999573 1.0485308254146901 0.98364382564992192 0.97798343120653286 0.9983311353370764 0.86039073467254634 1.0095447674841544 1.030373376348491 1.0172346803370658 1.2854993104934693 0.98396222542735001
leaf_weight=109737 24602 317177 18379 36359 19290 116122 17778 17620 6021 8850 23413 73290 37987 5018 47762 54898 13456 4036 21735 18883 1951 2240 12364 10412 40677 54453 6455 1147 146624 21174
leaf_count=109737 24602 317177 18379 36359 19290 116122 17778 17620 6021 8850 23413 73290 37987 5018 47762 54898 13456 4036 21735 18883 1951 2240 12364 10412 40677 54453 6455 1147 146624 21174
internal_value=1.08326 1.09281 1.08184 1.08913 1.0459 1.08078 1.05195 1.09966 1.06232 1.04006 1.04494 1.10365 1.09005 1.0394 1.0456 1.06743 1.10546 1.02282 1.07368 1.08192 1.06791 1.05585 1.05872 1.01127 1.02543 1.04864 1.0693 1.07796 1.10631 1.04939
internal_weight=0 1.02716e+06 549901 468219 262752 261117 202785 207102 111053 81682 43882 183027 154109 91732 73954 107008 477257 20469 67171 45436 26553 50963 48723 16433 59967 63303 24075 56045 463801 68936
internal_count=1289910 1027158 549901 468219 262752 261117 202785 207102 111053 81682 43882 183027 154109 91732 73954 107008 477257 20469 67171 45436 26553 50963 48723 16433 59967 63303 24075 56045 463801 68936
is_linear=0
shrinkage=1


Tree=1
num_leaves=31
num_cat=0
split_feature=1 10 3 136 64 6 4 6 4 3 6 6 2 122 134 0 14 137 0 20 0 62 123 4 13 0 3 64 3 3
split_gain=41818.9 14038.2 14607 3512.2 3220.37 2698.56 2326.19 1943.27 1860.58 1836.46 1746.75 1423.31 1510.97 1319.17 1279.47 1218.91 1196.52 1008.7 929.76 812.618 755.657 1061.83 872.399 750.106 716.319 574.349 569.721 500.92 482.282 469.59
threshold=550908.50000000012 1.0000000180025095e-35 116697.38500000002 1.0000000180025095e-35 1.0003983371729721 4.166666666666667 6714.3600000000015 5.5833333333333348 19458.620000000003 89669.260000000024 8.5833333333333339 5.5833333333333348 58272.725000000013 1.0000000180025095e-35 6382862.0000000009 166453.00000000003 1.0000000180025095e-35 12945.500000000002 399208.00000000006 6.5000000000000009 2210848.5000000005 575090.00000000012 1121369.5000000002 0.28500000000000009 2.5000000000000004 199732.50000000003 509652.76500000007 0.18669497231610896 83530.97500000002 219325.37000000002
decision_type=2 2 2 2 2 2 2 2 2 2 2 2 2 2 2 2 2 2 2 2 2 2 2 2 2 2 2 2 2 2
left_child=1 2 3 8 6 16 9 -4 13 20 17 -8 -13 -1 29 -7 18 23 19 -5 21 22 -2 -11 -9 -10 -6 -23 -15 -3
right_child=4 14 7 5 26 15 11 24 25 10 -12 12 -14 28 -16 -17 -18 -19 -20 -21 -22 27 -24 -25 -26 -27 -28 -29 -30 -31
leaf_value=0.056172226667404179 -0.021041539365394924 0.30541975259780885 -0.092752323179642243 -0.031708386923416619 -0.14646753864553724 0.061449158191680911 -0.15686575355826426 -0.026681315705928244 0.0029945206307172346 -0.10599820348253111 -0.061327913216378052 -0.069201150896646857 -0.086384900122904146 0.078150082826614384 -0.0041028959786933777 -0.015973731918699642 -0.012219817630168729 -0.047268906239761474 -0.089364352421652346 -0.094525463233680843 -0.046636269750509787 0.029031020402908326 -0.031435727425435121 -0.076783958761477755 -0.069159001570948592 -0.052008284988388921 -0.20935276269912723 -0.002829033136367798 -0.00016605734825134722 0.1897132658958435
leaf_weight=107589 23328 306052 22023 36248 43972 115720 17600 22991 13117 5996 23320 4900 68466 67481 22582 37951 56132 4027 2266 12323 20440 11956 1961 10363 44188 9562 15406 8117 5210 148623
leaf_count=107589 23328 306052 22023 36248 43972 115720 17600 22991 13117 5996 23320 4900 68466 67481 22582 37951 56132 4027 2266 12323 20440 11956 1961 10363 44188 9562 15406 8117 5210 148623
internal_value=0 0.00912443 -0.00172274 0.00540763 -0.0357679 -0.00227308 -0.0297093 -0.0387806 0.0152712 -0.0198916 -0.0357813 -0.0415282 -0.0354016 0.0186671 0.0216886 0.00621635 -0.0144689 -0.0571631 -0.0255823 -0.0226613 -0.00933757 -0.00214412 -0.0157749 -0.0681995 -0.0303298 -0.0117237 -0.0562232 0.0150286 0.029074 0.0228425
internal_weight=0 1.03006e+06 552801 463599 259852 260640 200474 89202 202959 109508 43706 90966 73366 180280 477257 153671 106969 20386 50837 48571 65802 45362 25289 16359 67179 22679 59378 20073 72691 454675
internal_count=1289910 1030058 552801 463599 259852 260640 200474 89202 202959 109508 43706 90966 73366 180280 477257 153671 106969 20386 50837 48571 65802 45362 25289 16359 67179 22679 59378 20073 72691 454675
is_linear=0
shrinkage=0.1


Tree=2
num_leaves=31
num_cat=0
split_feature=1 10 3 64 4 136 6 3 6 4 6 64 134 2 14 13 122 1 6 4 3 13 0 62 123 8 13 20 13 0
split_gain=37784.1 13625 12877.5 3042.35 3018.98 3300.95 2404.98 2172.81 2882.04 1703.23 1601.89 1351.58 1238.84 1189.04 1046.67 930.277 900.66 842.294 748.886 719.75 774.845 667.231 666.373 954.882 770.966 621.779 563.008 1066.5 522.309 698.164
threshold=550908.50000000012 1.0000000180025095e-35 160847.74000000002 1.0003983371729721 24688.950000000004 1.0000000180025095e-35 4.166666666666667 87804.735000000001 5.5833333333333348 9053.1400000000012 6.5833333333333348 0.12955479975503773 5467809.0000000009 59567.915000000008 1.0000000180025095e-35 397557.00000000006 1.0000000180025095e-35 13296.500000000002 9.8333333333333339 12714.170000000002 75628.700000000012 83040.000000000015 2064191.0000000002 678723.00000000012 1193844.0000000002 1.0000000180025095e-35 3862.0000000000005 10.500000000000002 33143.500000000007 60002.000000000007
decision_type=2 2 2 2 2 2 2 2 2 2 2 2 2 2 2 2 2 2 2 2 2 2 2 2 2 2 2 2 2 2
left_child=1 2 4 7 5 16 14 9 -9 22 -4 -6 -3 -11 15 17 -1 26 -10 20 -18 -8 23 24 -2 -22 27 -7 -19 -30
right_child=3 12 10 -5 11 6 21 8 18 13 -12 -13 -14 -15 -16 -17 19 28 -20 -21 25 -23 -24 -25 -26 -27 -28 -29 29 -31
leaf_value=0.04701880214668841 -0.015847488440580128 0.22996896767616271 -0.087424639093499248 -0.14491508078703605 -0.013822764397660446 -0.024807487154380636 0.055835332069087334 -0.12100478652674516 -0.093016951092381076 -0.062285347602780067 -0.054598482445946617 -0.052789542521060079 -0.00074954764807182443 -0.027375437896266355 -0.0088675473075806362 -0.088349530042091701 0.079233249306678771 0.053465200675728866 -0.071393454205558024 -0.0041961694662923993 -0.0082948901517985504 -0.0087019461476710146 -0.038021044970212019 0.02075274765491486 -0.029076473680611392 0.042857148422420201 -0.082583930564468069 -0.11097752368288882 -0.069978709733058669 -0.015904600362520019
leaf_weight=115137 26122 452034 27541 59378 17434 17685 107600 26221 39978 4923 46863 14511 25223 8338 55521 1664 59975 6950 54018 6704 6361 40877 22783 16399 1692 4075 6166 3647 2686 11404
leaf_count=115137 26122 452034 27541 59378 17434 17685 107600 26221 39978 4923 46863 14511 25223 8338 55521 1664 59975 6950 54018 6704 6361 40877 22783 16399 1692 4075 6166 3647 2686 11404
internal_value=0 0.00896104 -0.00172529 -0.0337107 0.00429387 0.00641883 -0.00105907 -0.0278219 -0.0363282 -0.0150803 -0.0404268 -0.0254038 0.0213389 -0.0478243 -0.012586 -0.0230498 0.0163063 -0.0205293 -0.0281504 0.0246697 0.0276507 0.00714865 -0.0085991 -0.0014399 -0.0127243 0.00250262 -0.0320522 -0.0243593 -0.00546951 -0.0165352
internal_weight=0 1.03006e+06 552801 259852 478397 446452 254200 200474 120217 80257 74404 31945 477257 13261 105723 50202 192252 48538 93996 77115 70411 148477 66996 44213 27814 10436 27498 21332 21040 14090
internal_count=1289910 1030058 552801 259852 478397 446452 254200 200474 120217 80257 74404 31945 477257 13261 105723 50202 192252 48538 93996 77115 70411 148477 66996 44213 27814 10436 27498 21332 21040 14090
is_linear=0
shrinkage=0.1


Tree=3
num_leaves=31
num_cat=0
split_feature=0 10 3 3 6 136 6 4 13 6 4 134 20 13 64 4 0 0 122 4 3 123 8 6 4 20 6 4 4 4
split_gain=33838.4 12250.6 10447.8 4157.78 3107.67 2519.61 2153.46 2000.75 1712.82 1340.59 1297.37 1220.58 1097.63 1266.17 1064.11 1016.63 981.629 962.051 844.754 748.171 723.557 691.357 684.026 644.031 628.957 551.646 804.798 477.093 474.545 461.48
threshold=529031.00000000012 1.0000000180025095e-35 175269.96500000003 87804.735000000001 5.5833333333333348 1.0000000180025095e-35 4.166666666666667 9053.1400000000012 145430.50000000003 4.8333333333333348 28261.485000000004 4991996.5000000009 6.5000000000000009 392006.50000000006 1.0003983371729721 25336.875000000004 2210848.5000000005 1106797.0000000002 1.0000000180025095e-35 0.29500000000000004 72327.520000000004 1193844.0000000002 1.0000000180025095e-35 9.8333333333333339 3207.7750000000001 2.5000000000000004 11.833333333333334 25336.875000000004 11609.785000000002 0.42500000000000004
decision_type=2 2 2 2 2 2 2 2 2 2 2 2 2 2 2 2 2 2 2 2 2 2 2 2 2 2 2 2 2 2
left_child=1 2 5 7 -5 10 12 8 17 -4 18 -3 13 27 23 -8 19 -2 -1 21 28 -10 -22 29 -21 26 -9 -7 -20 -6
right_child=3 11 9 4 14 6 15 25 16 -11 -12 -13 -14 -15 -16 -17 -18 -19 20 24 22 -23 -24 -25 -26 -27 -28 -29 -30 -31
leaf_value=0.042120108725570107 -0.0078936131819832781 0.20800450394153591 -0.085757595775896533 -0.12936854145153995 -0.086829347357054582 -0.0093707963877400751 0.035049621900589426 -0.026769169317749215 -0.012138084509181864 -0.053255484522475853 -0.023807268561575532 0.00067197545917845329 -0.073310760170685441 -0.080700349184707809 -0.15006584981509655 -0.036909088956895188 -0.036930078942303622 -0.043898973235182825 0.082777953398227688 0.025390354965257014 -0.0097134438528240011 -0.026616418124572175 0.040091076754170632 -0.064324540792596002 -0.0094491471852265266 -0.027869829752101352 -0.056751558927904323 -0.065291487946288931 0.0012112344593321778 -0.082067771309219481
leaf_weight=116190 5100 450236 14477 44981 2693 76456 142574 7755 15924 52689 17540 27021 27304 2318 32180 5976 20213 5913 49384 31076 7325 1722 4541 55586 8961 11720 6048 1309 5868 38830
leaf_count=116190 5100 450236 14477 44981 2693 76456 142574 7755 15924 52689 17540 27021 27304 2318 32180 5976 20213 5913 49384 31076 7325 1722 4541 55586 8961 11720 6048 1309 5868 38830
internal_value=0 0.00936216 -0.00119501 -0.0294973 -0.0392219 0.00421984 -0.00235944 -0.0146877 -0.00760313 -0.0380205 0.0126037 0.0209522 -0.013148 -0.00724467 -0.0313452 0.0054396 -0.00238425 -0.0445168 0.0150898 0.00426095 0.0240216 -0.0128938 0.00161695 -0.0261228 0.0118218 -0.0393669 -0.0529138 -0.00507376 0.0288333 -0.0355452
internal_weight=0 1.00121e+06 523951 288702 174270 456785 255937 114432 88909 67166 200848 477257 107387 80083 129289 148550 77896 11013 183308 57683 67118 17646 11866 97109 40037 25523 13803 77765 55252 41523
internal_count=1289910 1001208 523951 288702 174270 456785 255937 114432 88909 67166 200848 477257 107387 80083 129289 148550 77896 11013 183308 57683 67118 17646 11866 97109 40037 25523 13803 77765 55252 41523
is_linear=0
shrinkage=0.1


Tree=4
num_leaves=31
num_cat=0
split_feature=1 10 3 3 6 4 2 1 123 13 137 6 134 64 64 6 3 138 0 4 137 4 90 20 2 2 20 64 20 64
split_gain=30432.9 9307.26 7576.11 7110.47 3162.68 2189.49 1774.11 1661.88 2196.12 1486.58 1315.33 1187.6 1168.69 1154.37 967.648 961.776 853.123 844.562 792.129 678.069 1278.79 661.635 626.133 576.661 566.598 1242.41 631.533 548.114 530.003 514.394
threshold=194190.00000000003 1.0000000180025095e-35 87804.735000000001 175269.96500000003 5.5833333333333348 9053.1400000000012 1.2550000000000001 1261026.5000000002 193504.00000000003 707795.50000000012 64.500000000000014 4.166666666666667 4742018.5000000009 1.0498794742118116 0.39301942399606032 4.5833333333333348 109268.26000000002 3.5000000000000004 1380670.5000000002 0.29500000000000004 250.50000000000003 31525.970000000005 0.73779737496372289 2.5000000000000004 266.27500000000003 85.995000000000019 12.500000000000002 0.13976320768203784 1.5000000000000002 0.17719850224202227
decision_type=2 2 2 2 2 2 2 2 2 2 2 2 2 2 2 2 2 2 2 2 2 2 2 2 2 2 2 2 2 2
left_child=1 3 5 6 16 7 -1 8 -2 -9 21 17 -3 19 -7 -5 27 -12 -10 20 -6 -8 -21 28 25 26 -19 -4 -16 -23
right_child=2 12 4 15 13 14 10 9 18 -11 11 -13 -14 -15 23 -17 -18 24 -20 22 -22 29 -24 -25 -26 -27 -28 -29 -30 -31
leaf_value=-0.031530253892645264 -0.013300851073011589 0.18815240206956868 -0.0045801966630932278 -0.071181274007815321 -0.083067455563882231 -0.018422706755299022 0.044982178811990826 -0.041543457859717949 0.043769791277303322 -0.018668713006927334 -0.097975876915282603 0.034841380692128388 0.0022158802594466564 -0.12716782577005806 -0.033160602634720295 -0.043400078674474513 -0.12151820585951903 0.0061561065959568895 -0.012895136791203377 -0.056252746608228571 0.014715954952097422 0.0032411257385386084 -0.15912099462907706 -0.021821074197812398 -0.0045057078976785238 -0.064609657459933537 -0.09105489026246702 -0.062207189613754432 -0.051317570382079659 -0.05418929805819718
leaf_weight=19626 75402 448568 4118 11825 3265 15826 181281 4807 34578 27184 1451 102278 28689 35465 6064 43052 43715 14335 3839 96215 1871 8640 5930 10855 40785 7927 2166 1995 4954 3204
leaf_count=19626 75402 448568 4118 11825 3265 15826 181281 4807 34578 27184 1451 102278 28689 35465 6064 43052 43715 14335 3839 96215 1871 8640 5930 10855 40785 7927 2166 1995 4954 3204
internal_value=0 0.0106908 -0.0231061 0.000139001 -0.0369613 -0.00856656 0.00497805 -0.00301245 0.0026475 -0.0231497 0.00656534 0.00012108 0.0203431 -0.0293898 -0.0300484 -0.0335187 -0.058652 -0.010264 0.0221078 -0.0242193 -0.0596738 0.0122027 -0.0224366 -0.0436762 -0.00858509 -0.0206293 -0.00499819 -0.0236609 -0.0597927 -0.0106964
internal_weight=0 913827 376083 436570 192574 183509 381693 145810 113819 31991 362067 168942 477257 142746 37699 54877 49828 66664 38417 107281 5136 193125 102145 21873 65213 24428 16501 6113 11018 11844
internal_count=1289910 913827 376083 436570 192574 183509 381693 145810 113819 31991 362067 168942 477257 142746 37699 54877 49828 66664 38417 107281 5136 193125 102145 21873 65213 24428 16501 6113 11018 11844
is_linear=0
shrinkage=0.1


Tree=5
num_leaves=31
num_cat=0
split_feature=0 10 3 64 136 4 6 63 123 6 2 6 4 0 123 134 20 2 0 13 14 5 64 3 8 92 4 13 124 0
split_gain=27521.4 12054.7 8765.06 2847.56 2031.63 1916.85 1530.24 1472.9 3277.46 1356.88 1247.44 1504.09 1224.1 1197.86 1159.75 1138.55 912.844 1193.71 881.713 761.331 701.126 680.618 630.822 522.942 630.611 502.639 599.234 456.186 478.73 450.663
threshold=800000.50000000012 1.0000000180025095e-35 126206.31000000001 1.1373806583871848 1.0000000180025095e-35 6714.3600000000015 5.166666666666667 0.84772313448882963 1349307.5000000002 4.166666666666667 53682.620000000003 5.5833333333333348 11609.785000000002 2720590.5000000005 7090.0000000000009 3278692.5000000005 10.500000000000002 35.390000000000008 166453.00000000003 1.5000000000000002 1.0000000180025095e-35 1.5000000000000002 0.15155556150486046 33955.080000000009 1.0000000180025095e-35 0.028044038242433251 14135.515000000001 824288.00000000012 4.5000000000000009 1106797.0000000002
decision_type=2 2 2 2 2 2 2 2 2 2 2 2 2 2 2 2 2 2 2 2 2 2 2 2 2 2 2 2 2 2
left_child=1 2 4 5 12 7 25 8 27 16 -7 -12 14 22 -1 -3 20 21 -11 -8 -6 -18 -9 -16 -25 -4 -27 -2 -29 -5
right_child=3 15 6 29 9 10 19 13 -10 18 11 -13 -14 -15 23 -17 17 -19 -20 -21 -22 -23 -24 24 -26 26 -28 28 -30 -31
leaf_value=0.033438021354071167 -0.060026880457293423 0.17568281539654734 -0.075339026534801568 -0.031919239044812836 -0.031972513556850317 -0.046040488436995375 -0.01228890666833714 0.022760633914625329 -0.06342175657983723 0.043147802902457948 -0.10765017121015395 -0.059238214984290986 -0.0064311175335145304 -0.038534979226808243 0.080930764646922129 0.011926215493440619 0.10399378322765958 -0.020437807095450053 -0.012325795652953588 -0.048055418782027258 0.00070902813008835166 -0.089832693507588213 -0.002604467026386397 -0.0063731184046488922 0.041355161116842058 0.0086908315133130635 -0.068921637985226353 -0.018398395101884183 -0.029571990169538622 -0.12751503465990935
leaf_weight=119339 7075 436451 15505 6202 46893 4281 22410 13009 6656 115935 17560 66534 39270 31781 31206 40806 824 5670 42812 46557 51402 4332 19580 6137 13588 2217 2646 24733 854 47645
leaf_count=119339 7075 436451 15505 6202 46893 4281 22410 13009 6656 115935 17560 66534 39270 31781 31206 40806 824 5670 42812 46557 51402 4332 19580 6137 13588 2217 2646 24733 854 47645
internal_value=0 0.0080111 -0.00184968 -0.0291746 0.00352993 -0.0234768 -0.0305984 -0.0142538 -0.0295038 -0.00223974 -0.0342979 -0.0316173 0.0109057 -0.00493895 0.0145763 0.0197208 -0.0108241 -0.0383839 0.00366107 -0.0234859 -0.00778875 -0.0732056 0.00853234 0.0272095 0.0144643 -0.0546817 -0.0266314 -0.0164704 -0.0102559 -0.0494977
internal_weight=0 1.044e+06 566743 245910 477408 192063 89335 103688 39318 267868 88375 84094 209540 64370 170270 477257 109121 10826 158747 68967 98295 5156 32589 50931 19725 20368 4863 32662 25587 53847
internal_count=1289910 1044000 566743 245910 477408 192063 89335 103688 39318 267868 88375 84094 209540 64370 170270 477257 109121 10826 158747 68967 98295 5156 32589 50931 19725 20368 4863 32662 25587 53847
is_linear=0
shrinkage=0.1


Tree=6
num_leaves=31
num_cat=0
split_feature=1 10 3 3 6 4 4 123 0 64 134 64 4 6 20 4 137 6 137 2 63 62 64 123 90 62 64 2 20 5
split_gain=24373.7 8074.32 7157.87 5179.14 3431.8 2418.96 1424.49 1414.35 2160.74 1194.57 1172.54 1072.75 926.438 846.303 1032.41 767.509 1101.05 748.068 741.263 1463.41 696.482 817.779 619.702 583.434 574.799 550.472 984.425 542.791 871.237 628.086
threshold=164756.00000000003 1.0000000180025095e-35 109268.26000000002 197842.08000000005 4.5833333333333348 10093.620000000001 1.0000000180025095e-35 140770.50000000003 1838533.0000000002 0.66666684172681712 2019026.5000000002 1.1373806583871848 20412.215000000004 4.8333333333333348 6.5000000000000009 0.42500000000000004 175549.50000000003 6.5833333333333348 1550.5000000000002 266.27500000000003 35438.548275862071 1499732.5000000002 0.0011100770441234407 6168.5000000000009 0.73779737496372289 160354.50000000003 0.42624746734467672 35.390000000000008 10.500000000000002 1.5000000000000002
decision_type=2 2 2 2 2 2 2 2 2 2 2 2 2 2 2 2 2 2 2 2 2 2 2 2 2 2 2 2 2 2
left_child=1 3 5 6 -4 7 13 20 -9 -7 -3 15 23 14 18 16 -6 -5 -1 -20 -2 -22 -14 -8 -17 -10 -27 28 -16 -30
right_child=2 10 4 17 11 9 12 8 25 -11 -12 -13 22 -15 27 24 -18 -19 19 -21 21 -23 -24 -25 -26 26 -28 -29 29 -31
leaf_value=0.013299919925891468 -0.015448935759388469 0.16312352652885914 -0.1012951908688664 -0.055455039839278353 -0.070402258400765874 -0.017577281085085602 0.040417342313183016 0.025537078732996668 -0.029917386012444581 -0.039505248136441323 0.016848124507451035 -0.11072178317094267 0.0055734386883304014 0.027152063353482747 -0.065452996125916416 -0.049752566773676406 0.015086940271189698 -0.035303207108103654 -0.054054826732603506 -0.0012966095367811681 -0.0011153709640648491 -0.018507474551426439 -0.029425804246329387 0.061630926659966945 -0.14102507665671069 0.0068449090943864871 -0.029007852876790814 -0.01547661889064128 0.093594404904893611 -0.080849424156829414
leaf_weight=33851 98198 425521 41210 18000 3061 25418 174519 43581 1077 16492 51736 33800 14387 63250 10305 92684 1522 29531 10734 28932 1880 2053 9252 18909 5647 6895 11356 10953 824 4332
leaf_count=33851 98198 425521 41210 18000 3061 25418 174519 43581 1077 16492 51736 33800 14387 63250 10305 92684 1522 29531 10734 28932 1880 2053 9252 18909 5647 6895 11356 10953 824 4332
internal_value=0 0.0100749 -0.0199685 9.81968e-05 -0.0346763 -0.00732351 0.00398842 -0.0018754 0.00991981 -0.028778 0.0190173 -0.0270513 0.00929524 -0.00307084 -0.00880023 -0.0219748 -0.0619762 -0.0310236 -0.00270769 -0.0119839 -0.00914083 -0.0504043 -0.00939249 0.0115791 -0.0201104 -0.0179093 -0.0138097 -0.0257573 -0.0378229 -0.0713825
internal_weight=0 905036 384874 427779 177924 206950 380248 165040 62909 41910 477257 136714 217067 163181 99931 102914 4583 47531 73517 39666 102131 3933 23639 193428 98331 19328 18251 26414 15461 5156
internal_count=1289910 905036 384874 427779 177924 206950 380248 165040 62909 41910 477257 136714 217067 163181 99931 102914 4583 47531 73517 39666 102131 3933 23639 193428 98331 19328 18251 26414 15461 5156
is_linear=0
shrinkage=0.1


Tree=7
num_leaves=31
num_cat=0
split_feature=0 10 3 64 122 4 3 92 0 62 123 6 6 4 4 4 134 63 124 0 64 6 20 2 3 2 0 3 3 14
split_gain=22101.6 9905.52 6775.02 2512.45 2071.79 1511.2 1500.25 1343.76 1324.87 1412.3 1333.06 1255 1228.36 1216.85 1150.49 1103.9 1102.97 802.943 1398.24 756.557 671.633 659.155 798.551 831.746 709.034 1161.74 611.259 542.777 541.514 534.935
threshold=800000.50000000012 1.0000000180025095e-35 87804.735000000001 1.1373806583871848 1.0000000180025095e-35 9403.4150000000027 41739.17500000001 0.015266350531620261 2720590.5000000005 1908092.0000000002 1885021.0000000002 4.8333333333333348 7.8333333333333348 1.0000000180025095e-35 13665.800000000001 14744.320000000002 1932188.0000000002 0.99611801242236042 4.5000000000000009 155310.50000000003 0.079562164619110767 4.8333333333333348 10.500000000000002 35.390000000000008 9658.345000000003 11964.915000000003 1334019.0000000002 608788.80500000005 32934.340000000004 1.0000000180025095e-35
decision_type=2 2 2 2 2 2 2 2 2 2 2 2 2 2 2 2 2 2 2 2 2 2 2 2 2 2 2 2 2 2
left_child=1 2 4 5 13 8 -7 12 17 10 -10 -8 -4 21 28 27 -3 18 -2 -15 -19 22 24 -24 29 -26 -5 -9 -6 -1
right_child=3 16 7 26 14 6 11 15 9 -11 -12 -13 -14 19 -16 -17 -18 20 -20 -21 -22 -23 23 -25 25 -27 -28 -29 -30 -31
leaf_value=-0.025328064823742665 -0.014701766282892431 0.14722428174798249 -0.050076908036246343 -0.022481670683910007 0.069990820824066963 -0.03955201165820036 -0.093650893230242671 0.013338265894022983 -0.056859332707712699 -0.030032279405322715 -0.061540560801108583 -0.052658133428156818 -0.030713171659926354 0.04369285008392592 -0.010397808167340442 -0.044452804880331251 0.015517313988236969 0.021446659407587967 -0.032508782548084376 -0.0056707331227357485 -0.0020517223249362725 0.014357663902900098 -0.071185938481981542 -0.014272268198805916 -0.069252211658266463 -0.016805951962506806 -0.11178933528344036 -0.031242271657683531 0.014117296449640548 0.009139251908169577
leaf_weight=42948 25095 424606 34094 8946 39436 4450 15928 19086 11915 29593 4246 63001 45596 157811 9774 11815 52651 11000 2409 50233 24426 71096 5156 4150 2864 4553 44901 1412 25058 41661
leaf_count=42948 25095 424606 34094 8946 39436 4450 15928 19086 11915 29593 4246 63001 45596 157811 9774 11815 52651 11000 2409 50233 24426 71096 5156 4150 2864 4553 44901 1412 25058 41661
internal_value=0 0.00748802 -0.00145062 -0.0258357 0.00397558 -0.0204836 -0.0306109 -0.0234814 -0.0127143 -0.0256628 -0.0494372 -0.0274259 -0.0304562 0.000993414 0.0192531 -0.00628012 0.0181027 -0.00329993 -0.0161196 0.00614195 0.00665299 -0.00521858 -0.0103975 -0.0383134 -0.00757455 -0.037221 -0.0449255 0.00775247 0.0240983 -0.00497568
internal_weight=0 1.044e+06 566743 245910 454740 192063 83379 112003 108684 45754 16161 78929 79690 380472 74268 32313 477257 62930 27504 208044 35426 172428 101332 9306 92026 7417 53847 20498 64494 84609
internal_count=1289910 1044000 566743 245910 454740 192063 83379 112003 108684 45754 16161 78929 79690 380472 74268 32313 477257 62930 27504 208044 35426 172428 101332 9306 92026 7417 53847 20498 64494 84609
is_linear=0
shrinkage=0.1


Tree=8
num_leaves=31
num_cat=0
split_feature=0 3 10 3 6 4 64 62 2 2 64 0 123 64 6 4 137 4 138 2 137 4 127 6 134 6 3 3 137 20
split_gain=19067.4 6792.14 5951.53 3909.41 2973.85 2208.21 1391.92 1236.51 1234.29 1211.13 1197.14 1236.7 1084.17 1003.76 790.224 763.695 699.53 692.414 970.963 670.554 836.098 682.463 654.1 583.874 564.487 530.979 565.205 492.147 489.511 478.115
threshold=146912.50000000003 118785.82000000002 1.0000000180025095e-35 250541.58500000002 4.5833333333333348 10093.620000000001 0.66666684172681712 97321.000000000015 597756.12000000023 1.2550000000000001 0.18669497231610896 1613811.0000000002 1452950.5000000002 1.1373806583871848 4.5833333333333348 3207.7750000000001 64.500000000000014 0.42500000000000004 7.5000000000000009 266.27500000000003 3142.5000000000005 23694.355000000007 0.93750000000000011 3.8333333333333335 4875150.0000000009 15.583333333333334 160847.74000000002 83530.97500000002 200017.00000000003 1.5000000000000002
decision_type=2 2 2 2 2 2 2 2 2 2 2 2 2 2 2 2 2 2 2 2 2 2 2 2 2 2 2 2 2 2
left_child=2 5 3 9 -3 7 -7 12 24 -1 28 15 22 17 -5 -12 27 18 -6 20 23 -21 -2 -18 -4 26 -19 -11 -9 -22
right_child=1 4 8 14 13 6 -8 10 -10 16 11 -13 -14 -15 -16 -17 19 25 -20 21 29 -23 -24 -25 -26 -27 -28 -29 -30 -31
leaf_value=-0.023887536993763555 -0.018129470310824538 -0.086231656533864498 0.14520194922671822 -0.059912934063597371 -0.060177355913307889 -0.012436637847767058 -0.032908034536515245 0.036893313307418539 0.01814408271975685 0.043228482935990423 0.020851696448284187 -0.012915695285304602 -0.02315070544951648 -0.089599737130193868 -0.035239802259053786 -0.0071300380635779155 -0.064381293890343444 -0.0059314579843018876 0.024213576813633144 0.020702839801846552 -0.0051830179360818724 -0.039813252168740515 0.030146177841111579 0.0028037643899629008 -0.026790909351629113 -0.017892847938831464 -0.064405299779477829 -0.0018719075247747186 0.016811588854969806 -0.060690277985056662
leaf_weight=19626 85581 40607 386837 8103 2648 30884 18783 22970 82448 156730 25169 22649 2443 33506 26657 11684 1439 12750 1083 118359 2905 4451 3744 24095 7972 23787 60296 34956 9690 7058
leaf_count=19626 85581 40607 386837 8103 2648 30884 18783 22970 82448 156730 25169 22649 2443 33506 26657 11684 1439 12750 1083 118359 2905 4451 3744 24095 7972 23787 60296 34956 9690 7058
internal_value=0 -0.0167351 0.00940486 0.000478964 -0.0316508 -0.00558163 -0.0242918 -0.000529273 0.0169677 0.00349422 0.00765241 -0.000791422 -0.00874609 -0.02447 -0.0315836 0.0105105 0.00484973 -0.0194755 -0.0617483 -6.97414e-05 -0.0121754 0.00342927 -0.00694854 -0.0025887 0.0192917 -0.0178467 -0.0220724 0.00891256 0.0230359 -0.0367449
internal_weight=0 408274 881636 404379 174677 233597 49667 183930 477257 369619 92162 59502 91768 134070 34760 36853 349993 100564 3731 158307 35497 122810 89325 25534 394809 96833 73046 191686 32660 9963
internal_count=1289910 408274 881636 404379 174677 233597 49667 183930 477257 369619 92162 59502 91768 134070 34760 36853 349993 100564 3731 158307 35497 122810 89325 25534 394809 96833 73046 191686 32660 9963
is_linear=0
shrinkage=0.1


Tree=9
num_leaves=31
num_cat=0
split_feature=0 10 3 64 4 123 62 123 64 3 6 2 64 4 13 3 62 6 6 4 5 64 134 20 4 1 2 13 20 3
split_gain=17764 8797.59 5381.28 1752.61 1694.54 1804.48 1568.09 1672.01 1468.18 1262.13 1247.88 1208.54 1180.84 1026.19 927.924 841.111 768.974 631 607.312 571.617 559.845 527.448 507.899 501.654 501.568 494.533 485.195 722.438 869.541 735.554
threshold=1294999.0000000002 1.0000000180025095e-35 185290.94000000003 1.1373806583871848 31525.970000000005 6168.5000000000009 824188.00000000012 2501303.0000000005 0.12955479975503773 178559.26000000004 5.5833333333333348 594975.59500000009 0.10116302132063497 1.0000000180025095e-35 1.5000000000000002 24404.305000000004 824039.00000000012 5.5833333333333348 9.1666666666666696 14135.515000000001 3.0000000000000004 0.33952060568761894 4875150.0000000009 1.5000000000000002 3207.7750000000001 68710.000000000015 1.2550000000000001 1550.5000000000002 11.500000000000002 156.24000000000004
decision_type=2 2 2 2 2 2 2 2 2 2 2 2 2 2 2 2 2 2 2 2 2 2 2 2 2 2 2 2 2 2
left_child=1 2 4 6 5 13 7 16 -6 12 -11 22 -8 26 19 -7 -2 -10 -16 -4 -17 -22 -3 -12 -23 -15 -1 28 -28 -29
right_child=3 11 14 -5 8 15 9 -9 17 10 23 -13 -14 25 18 20 -18 -19 -20 -21 21 24 -24 -25 -26 -27 27 29 -30 -31
leaf_value=-0.021498783294387199 -0.055816325121752247 0.13089628334152198 0.0067876097029963963 -0.092102985059977591 -0.0026502726498478756 0.058850333029257088 0.014731344081690845 -0.050065683615570414 -0.050157542714486858 -0.090057455633367187 -0.070935823250963356 0.016484445232544023 -0.012491304547198503 0.03629235885413773 -0.046113411225011856 -0.0054389451678153794 -0.037330603906803962 -0.037179031079805656 -0.032221484309566298 -0.058025137959819222 0.032992662620490901 0.027734782342034817 -0.023683068771393978 -0.048322257541452689 -0.0075924298519733265 -0.0013795678196272588 0.032478101605899902 -0.040484094391909434 -0.052178884650695562 -0.014132314250815892
leaf_weight=19626 34563 386181 11964 45387 21955 31342 12900 4384 5312 10819 5938 83172 35418 155152 33022 11213 2077 10686 25143 11477 17159 6670 7904 41817 8618 77801 47622 14662 6203 103723
leaf_count=19626 34563 386181 11964 45387 21955 31342 12900 4384 5312 10819 5938 83172 35418 155152 33022 11213 2077 10686 25143 11477 17159 6670 7904 41817 8618 77801 47622 14662 6203 103723
internal_value=0 0.00617925 -0.00168332 -0.0266988 0.00194786 0.00349477 -0.0214243 -0.0380443 -0.018423 -0.0150457 -0.0249149 0.0163827 -0.00308168 0.000969944 -0.0256111 0.0177947 -0.031061 -0.0414639 -0.0323805 -0.00881381 0.00882219 0.015479 0.0186945 -0.0179675 0.00197155 0.00543018 -0.00444627 -0.0027485 0.00685717 -0.00711582
internal_weight=0 1.09661e+06 619350 193303 537744 499791 147916 41024 37953 106892 58574 477257 48318 424789 81606 75002 36640 15998 58165 23441 43660 32447 394085 47755 15288 232953 191836 172210 53825 118385
internal_count=1289910 1096607 619350 193303 537744 499791 147916 41024 37953 106892 58574 477257 48318 424789 81606 75002 36640 15998 58165 23441 43660 32447 394085 47755 15288 232953 191836 172210 53825 118385
is_linear=0
shrinkage=0.1


Tree=10
num_leaves=31
num_cat=0
split_feature=10 3 6 4 4 64 64 2 0 4 123 2 122 3 64 123 4 1 4 3 0 52 20 2 2 2 137 20 6 123
split_gain=15458.1 11197 2536.9 1660.54 1482.4 1408.69 1349.94 1160.26 1139.39 1089.88 1042.34 944.452 1665.25 937.591 1168.64 899.706 787.174 728.736 667.756 771.74 734.516 703.991 665.629 522.446 671.313 637.034 511.937 1022.64 505.838 581.685
threshold=1.0000000180025095e-35 109268.26000000002 4.5833333333333348 10093.620000000001 0.42500000000000004 1.1373806583871848 0.602242344632126 580838.20000000007 1922222.0000000002 0.42500000000000004 6168.5000000000009 62911.800000000003 1.0000000180025095e-35 262322.69500000007 0.0875711120990319 2.5000000000000004 12087.220000000003 2369500.0000000005 12087.220000000003 604057.67000000016 5054943.0000000009 3.6880355075772511e-07 3.5000000000000004 7615.0750000000007 13934.710000000003 1.2550000000000001 341097.50000000006 1.0000000180025095e-35 11.833333333333334 114431.50000000001
decision_type=2 2 2 2 2 2 2 2 2 2 2 2 2 2 2 2 2 2 2 2 2 2 2 2 2 2 2 2 2 2
left_child=1 3 13 4 11 9 -5 -2 15 10 -4 12 23 14 -3 -6 17 -16 19 20 -11 -20 -13 25 26 -1 -25 -28 29 -8
right_child=7 2 5 6 8 -7 28 -9 -10 18 -12 22 -14 -15 16 -17 -18 -19 21 -21 -22 -23 -24 24 -26 -27 27 -29 -30 -31
leaf_value=-0.019348904964948482 0.11557115610218785 -0.0042589608990266014 -0.0058199448394294718 -0.0053039482993497977 0.016034476118138019 -0.061742971310130679 -0.010177752040322233 0.015427970199340902 -0.011013346783817164 0.011069730849452043 -0.046046377374961117 -0.024978703837161522 0.030696030624571647 -0.086184580266417815 0.017176767014324742 0.031511727530933745 -0.063364235689490553 -0.04164037324865482 -0.055908096077788384 -0.062081225772697472 -0.061031877027983343 0.016978039133423932 -0.013538992419780703 -0.051170553654650397 -0.010473023729815047 0.0048894336081011236 0.12836580641473222 -0.065150376840242705 -0.036936242251380015 -0.024760844681852502
leaf_weight=19626 391630 12364 3458 46531 177499 44790 11405 85627 25684 36034 3924 4897 18717 31535 1698 54871 9945 1737 73981 7597 12743 8329 10941 12945 27218 137964 876 3397 6506 5441
leaf_count=19626 391630 12364 3458 46531 177499 44790 11405 85627 25684 36034 3924 4897 18717 31535 1698 54871 9945 1737 73981 7597 12743 8329 10941 12945 27218 137964 876 3397 6506 5441
internal_value=0 -0.00696386 -0.0246687 0.000818346 0.00285693 -0.0191295 -0.0136109 0.0157102 0.00809867 -0.014372 -0.0518124 -0.00286056 -0.00116815 -0.0431258 -0.0289657 0.0103078 -0.0494468 -0.00817566 -0.0123791 -0.00399453 0.000622999 -0.0181217 -0.0264487 -0.00381184 -0.0133885 -0.00111149 -0.0288422 -0.0588546 -0.03323 -0.0240836
internal_weight=0 812653 248135 564518 494635 190856 69883 477257 258054 146066 7382 236581 220743 57279 25744 232370 13380 3435 138684 56374 48777 82310 15838 202026 44436 157590 17218 4273 23352 16846
internal_count=1289910 812653 248135 564518 494635 190856 69883 477257 258054 146066 7382 236581 220743 57279 25744 232370 13380 3435 138684 56374 48777 82310 15838 202026 44436 157590 17218 4273 23352 16846
is_linear=0
shrinkage=0.1


Tree=11
num_leaves=31
num_cat=0
split_feature=0 10 3 4 0 123 64 62 2 123 20 6 3 62 3 4 6 6 5 6 13 64 4 137 134 13 64 123 4 62
split_gain=14158.6 7103.96 4070.13 2165.19 1841.71 1522.39 1447.5 1241.65 1196.17 1098.19 855.723 963.103 849.586 802.762 1085.68 801.304 750.153 646.322 644.951 631.534 550.864 534.3 518.442 806.726 508.302 459.29 447.348 431.48 405.185 405.072
threshold=1334019.0000000002 1.0000000180025095e-35 253314.27000000005 31525.970000000005 2974145.0000000005 6168.5000000000009 0.10588697443553279 1724420.5000000002 333269.13500000007 2980896.5000000005 1.0000000180025095e-35 5.5833333333333348 20341.975000000002 897948.00000000012 194880.18000000002 0.28500000000000009 6.5833333333333348 5.5833333333333348 3.0000000000000004 5.5833333333333348 3321164.5000000005 0.30000014070911768 9053.1400000000012 800406.00000000012 15957626.500000002 1.5000000000000002 0.602242344632126 1885021.0000000002 3207.7750000000001 824039.00000000012
decision_type=2 2 2 2 2 2 2 2 2 2 2 2 2 2 2 2 2 2 2 2 2 2 2 2 2 2 2 2 2 2
left_child=1 2 3 5 13 15 -5 9 -3 20 -9 -12 -7 29 27 -1 -4 -8 19 -14 -6 -20 -17 -24 -10 -18 -13 -15 -23 -2
right_child=4 8 16 6 7 12 17 10 24 -11 11 26 18 14 -16 22 25 -19 21 -21 -22 28 23 -25 -26 -27 -28 -29 -30 -31
leaf_value=-0.0093014509477413049 -0.027074359071275752 0.12322637274065684 -0.046488835387812087 -0.0071561754784957576 -0.10884710730926546 0.054362549816485028 -0.044158350260566408 -0.091081806640600782 0.028017696716088961 -0.041584555773885611 -0.072676453904325297 -0.010595195775946864 0.0041895094537149902 0.00063816632679365444 -0.045515099552124239 0.017342310092017588 -0.0024595426918148119 -0.032223928827199148 0.029228876013356022 -0.011174099755867839 -0.053534358986263686 0.023382292026865703 -0.0035159279693707333 -0.02789704275289602 -0.030637464082601085 -0.040079780045222779 -0.064404127175159906 0.025208635247174684 -0.0052766867390914747 -0.029079432903630055
leaf_weight=198005 25465 326032 22121 29236 28597 25942 6844 11099 139599 3820 13432 25091 7715 29619 18654 202201 11698 14223 20564 6625 4472 8161 33239 2047 11626 23189 22558 4515 10561 2960
leaf_count=198005 25465 326032 22121 29236 28597 25942 6844 11099 139599 3820 13432 25091 7715 29619 18654 202201 11698 14223 20564 6625 4472 8161 33239 2047 11626 23189 22558 4515 10561 2960
internal_value=0 0.00570601 -0.00133247 0.00123546 -0.0238379 0.00316945 -0.0185669 -0.0323272 0.0148846 -0.047252 -0.0246996 -0.0200582 0.0158885 -0.0124367 -0.00514106 0.000845571 -0.0267993 -0.0385503 0.00870149 -0.00945031 -0.0413878 0.0153272 0.00476233 -0.00642228 0.00753375 -0.017665 -0.0133913 0.00546065 0.00310493 -0.0259854
internal_weight=0 1.09963e+06 622371 565363 190282 515060 50303 109069 477257 36889 72180 61081 79568 81213 52788 435492 57008 21067 53626 14340 33069 39286 237487 35286 151225 34887 47649 34134 18722 28425
internal_count=1289910 1099628 622371 565363 190282 515060 50303 109069 477257 36889 72180 61081 79568 81213 52788 435492 57008 21067 53626 14340 33069 39286 237487 35286 151225 34887 47649 34134 18722 28425
is_linear=0
shrinkage=0.1


Tree=12
num_leaves=31
num_cat=0
split_feature=1 3 20 6 0 62 3 4 123 2 0 2 64 6 2 137 20 6 20 4 62 64 20 5 124 64 4 20 136 4
split_gain=12765.9 5533.9 3375.36 2085.34 1570.88 1313.76 1292.4 1256.71 1518.32 961.875 936.525 885.719 875.407 832.888 801.708 1179.72 987.137 579.605 725.834 579.634 543.241 540.026 533.405 528.124 872.676 520.437 710.467 514.677 508.744 500.157
threshold=58164.500000000007 157402.10500000001 1.0000000180025095e-35 5.166666666666667 2974145.0000000005 1566129.5000000002 265945.48000000004 9053.1400000000012 46922.500000000007 333269.13500000007 60002.000000000007 34163.545000000006 0.20071809350723993 16.583333333333339 266.27500000000003 3142.5000000000005 6.5000000000000009 11.833333333333334 2.5000000000000004 29311.160000000003 575090.00000000012 0.16471501548578585 1.0000000180025095e-35 3.0000000000000004 4.5000000000000009 0.30000014070911768 3207.7750000000001 10.500000000000002 1.0000000180025095e-35 13126.830000000002
decision_type=2 2 2 2 2 2 2 2 2 2 2 2 2 2 2 2 2 2 2 2 2 2 2 2 2 2 2 2 2 2
left_child=2 4 9 -3 7 28 14 8 10 -1 -2 -10 -9 -5 15 16 -4 19 -19 -14 -21 -7 -12 24 -13 -25 -27 -17 -6 -16
right_child=1 3 6 13 5 21 -8 12 11 -11 22 23 17 -15 29 27 -18 18 -20 20 -22 -23 -24 25 -26 26 -28 -29 -30 -31
leaf_value=0.098307891197792333 -0.066390003600007921 -0.064774309905259633 0.015732611051914182 -0.048916076691920184 -0.052930963696885852 0.021157711078077075 -0.027941783250175042 -0.00064873686117543155 0.04488136859885157 0.019861975590317462 0.0098430984528082646 0.0041133687549040751 -0.0012184692634280793 -0.008195102076655544 0.021583457172577949 -0.05203877285694819 -0.050978764513057377 -0.029014220325880191 -0.011323709004722566 -0.030472719230999309 -0.002914318637427582 -0.01637513745669034 -0.011430585358634726 0.014322677397704721 -0.014736683996867018 0.0071140889739824686 -0.021056044766956043 -0.0057293525227463228 -0.06126197631252444 -0.013823071722968264
leaf_weight=387285 2091 38074 46685 99450 8720 3779 26027 29463 22252 153374 26575 4633 15304 21357 161969 5395 21779 6942 3368 9553 4757 11036 116261 19608 3901 11471 3541 1993 4763 18504
leaf_count=387285 2091 38074 46685 99450 8720 3779 26027 29463 22252 153374 26575 4633 15304 21357 161969 5395 21779 6942 3368 9553 4757 11036 116261 19608 3901 11471 3541 1993 4763 18504
internal_value=0 -0.0118533 0.00884768 -0.0270119 -0.00403433 -0.026487 -1.41473e-05 -0.0017629 0.00208692 0.0134757 -0.00362079 0.0147341 -0.0134329 -0.0205802 0.0021417 -0.00648481 -0.00238807 -0.023082 -0.0435026 -0.0159726 -0.0304407 -0.00593176 -0.00264817 0.00637781 -0.0159037 0.0118703 -0.00214226 -0.0444489 -0.0490729 0.00576739
internal_weight=0 466899 823011 158881 308018 28298 282352 279720 210333 540659 144927 65406 69387 120807 256325 75852 68464 39924 10310 29614 14310 14815 142836 43154 8534 34620 15012 7388 13483 180473
internal_count=1289910 466899 823011 158881 308018 28298 282352 279720 210333 540659 144927 65406 69387 120807 256325 75852 68464 39924 10310 29614 14310 14815 142836 43154 8534 34620 15012 7388 13483 180473
is_linear=0
shrinkage=0.1


Tree=13
num_leaves=31
num_cat=0
split_feature=0 10 4 3 0 4 137 6 62 64 123 5 137 63 4 20 62 3 64 13 134 3 4 122 64 3 4 20 63 2
split_gain=11334.8 5673.35 3228.59 1599.97 1560.59 1187.39 1073.49 1014.71 999.233 882.176 800.166 768.599 722.565 721.201 680.159 655.206 650.03 761.562 598.482 551.4 531.451 525.193 1287.68 786.526 522.009 622.932 496.204 596.309 657.358 566.062
threshold=1334019.0000000002 1.0000000180025095e-35 47943.080000000009 599765.71000000008 3085311.5000000005 195203.74000000002 3.5000000000000004 7.5833333333333348 1566129.5000000002 0.20691544440727008 3077806.5000000005 1.5000000000000002 1380363.5000000002 0.080751678932611926 17749.415000000005 1.5000000000000002 897948.00000000012 194880.18000000002 0.33952060568761894 3321164.5000000005 1115247.0000000002 58006.130000000012 0.29500000000000004 1.0000000180025095e-35 0.0201680875306058 219325.37000000002 10093.620000000001 2.5000000000000004 0.64458772675736975 1.2550000000000001
decision_type=2 2 2 2 2 2 2 2 2 2 2 2 2 2 2 2 2 2 2 2 2 2 2 2 2 2 2 2 2 2
left_child=1 2 3 6 16 -3 13 24 10 -10 19 -8 15 21 18 -11 -2 -18 -15 -6 -7 23 -23 -1 25 -4 29 28 -28 -13
right_child=4 5 7 -5 8 20 11 -9 9 12 -12 26 -14 14 -16 -17 17 -19 -20 -21 -22 22 -24 -25 -26 -27 27 -29 -30 -31
leaf_value=0.014673792254844021 -0.023331461702912403 0.1180744321713969 0.0012598876386577494 -0.041419285933766176 -0.096924680289485032 0.031172906708653872 0.065804603938717149 -0.028512416021749212 -0.0096337274993396633 -0.099731526613548005 -0.032009801683251314 -0.018305046133460193 -0.019499812053432288 0.0412116551145928 -0.0054830961923462082 -0.059744652549872337 0.0025123749969450035 -0.036713301348945404 0.011798777151844251 -0.042123777152452135 -0.00029515750301460923 -0.012626190630688594 0.0054541747129198907 0.031333087638938231 -0.059166970133013135 -0.066875468737255306 0.01442198898207594 0.002657611646381397 -0.019329356713509736 -0.0040162661653639024
leaf_weight=106868 29223 256158 5669 10838 26424 161908 37488 32213 23077 9529 3747 14172 8359 33854 12867 30411 35307 19739 43304 4466 59191 15105 36449 19717 15271 5135 2053 6922 9637 214809
leaf_count=106868 29223 256158 5669 10838 26424 161908 37488 32213 23077 9529 3747 14172 8359 33854 12867 30411 35307 19739 43304 4466 59191 15105 36449 19717 15271 5135 2053 6922 9637 214809
internal_value=0 0.00515517 -0.0011348 0.00118046 -0.021279 0.0133576 0.00192588 -0.0235408 -0.0293532 -0.0225901 -0.0432899 -0.00234637 -0.0302747 0.00646764 0.0137627 -0.0358702 -0.0111214 -0.0047221 0.0173122 -0.0379963 0.00798881 0.00278101 -0.00572723 0.00624614 -0.0382058 -0.0213842 -0.0043668 -0.0200691 -0.0338427 -0.00309048
internal_weight=0 1.09963e+06 622371 564083 190282 477257 553245 58288 106013 71376 34637 285081 48299 268164 90025 39940 84269 55046 77158 30890 221099 178139 51554 126585 26075 10804 247593 18612 11690 228981
internal_count=1289910 1099628 622371 564083 190282 477257 553245 58288 106013 71376 34637 285081 48299 268164 90025 39940 84269 55046 77158 30890 221099 178139 51554 126585 26075 10804 247593 18612 11690 228981
is_linear=0
shrinkage=0.1


Tree=14
num_leaves=31
num_cat=0
split_feature=10 3 0 6 2 62 137 4 62 64 64 4 4 1 0 20 4 137 137 20 2 64 134 0 4 1 6 137 2 3
split_gain=9946.51 6771.01 1851.87 1360.03 1211.24 1164.13 1110.82 843.234 1182.74 901.761 793.115 788.781 861.268 707.442 674.592 964.171 628.359 533.231 1411.27 529.813 782.365 527.111 473.915 458.553 430.358 641.989 566.224 423.399 914.855 413.499
threshold=1.0000000180025095e-35 200860.91500000004 2974145.0000000005 5.166666666666667 186945.52000000005 1566129.5000000002 56979.000000000007 18346.890000000003 25.500000000000004 0.55219994189256416 0.49321395782316768 47943.080000000009 61.775000000000006 2230117.5000000005 60002.000000000007 1.0000000180025095e-35 14135.515000000001 842949.50000000012 800406.00000000012 6.5000000000000009 1.9650000000000001 0.28297271721956191 7243680.5000000009 7.5000000000000009 4103.5100000000011 221757.50000000003 4.166666666666667 1550.5000000000002 266.27500000000003 56038.110000000008
decision_type=2 2 2 2 2 2 2 2 2 2 2 2 2 2 2 2 2 2 2 2 2 2 2 2 2 2 2 2 2 2
left_child=1 2 6 11 -2 -4 7 8 19 -9 16 12 -3 -14 -8 -16 -5 18 -17 27 23 -10 -6 -21 26 -26 -23 29 -29 -1
right_child=4 3 5 10 22 -7 14 9 21 -11 -12 -13 13 -15 15 17 -18 -19 -20 20 -22 24 -24 -25 25 -27 -28 28 -30 -31
leaf_value=0.020735342896516462 0.10743714734048769 -0.037566593477633956 -0.046842832383944773 -0.0010542808138892018 0.024796965898110781 -0.0057097252974304159 -0.059047732742254083 -0.00091782498871736745 0.032074355633466854 -0.01779818889301089 -0.048172177581574258 -0.095644953975484365 0.0064292068513347143 -0.047525036222127504 0.046567139207599119 -0.019799561284433428 -0.049006139677481499 0.003054889480656864 -0.024237379122831325 -0.047831664806530963 -0.0058634712667179015 0.02243034646340087 -0.018819094380490564 -0.057031875850105787 0.016317489864714509 -0.01085817195288262 0.0083011344341591166 -0.035420374808832665 0.014721196864369701 -0.0039246420073149602
leaf_weight=136654 250702 6124 17886 31827 206384 20778 2564 38786 57369 16198 54722 21651 7101 5710 18451 72792 44623 28397 5888 8078 48767 9578 20171 3603 10255 9883 64368 12532 28194 29874
leaf_count=136654 250702 6124 17886 31827 206384 20778 2564 38786 57369 16198 54722 21651 7101 5710 18451 72792 44623 28397 5888 8078 48767 9578 20171 3603 10255 9883 64368 12532 28194 29874
internal_value=0 -0.00547057 -0.000745162 -0.0231029 0.0127175 -0.02196 0.00061686 0.00284914 0.00437653 -0.00879455 -0.0181531 -0.0391002 -0.024193 -0.00944738 -0.00764603 -0.00660886 -0.0115744 -0.0102469 -0.0144864 0.000381036 -0.00785648 0.0114388 0.00741804 -0.0311019 0.00683208 -0.00612795 0.0103615 0.0027836 -0.00635608 0.0050188
internal_weight=0 812653 640895 171758 477257 38664 602231 474139 419155 54984 131172 40586 18935 12811 128092 125528 76450 107077 78680 267702 60448 151453 226555 11681 94084 20138 73946 207254 40726 166528
internal_count=1289910 812653 640895 171758 477257 38664 602231 474139 419155 54984 131172 40586 18935 12811 128092 125528 76450 107077 78680 267702 60448 151453 226555 11681 94084 20138 73946 207254 40726 166528
is_linear=0
shrinkage=0.1


Tree=15
num_leaves=31
num_cat=0
split_feature=0 10 4 0 3 3 3 62 6 123 4 2 122 62 6 6 64 4 123 137 2 2 3 137 134 6 20 64 2 5
split_gain=9328.28 3984.58 2419.22 1747.75 1281.94 1206.51 1069.28 1263.93 1320.86 1118.73 1037.56 1073.75 1182.9 1006.87 988.901 828.397 786.986 715.303 751.705 669.228 512.076 464.768 696.028 717.958 464.429 437.545 527.605 408.336 389.643 374.122
threshold=817146.50000000012 1.0000000180025095e-35 44935.665000000008 5209119.5000000009 102284.84500000002 599765.71000000008 256364.23500000002 824188.00000000012 5.5833333333333348 1055978.0000000002 0.42500000000000004 62911.800000000003 1.0000000180025095e-35 824039.00000000012 6.5833333333333348 6.5833333333333348 0.032937527250584797 11609.785000000002 2.5000000000000004 2528083.0000000005 816871.44000000006 8001.8600000000006 11730.050000000001 341097.50000000006 829939.50000000012 4.8333333333333348 10.500000000000002 0.011316186152392502 35.390000000000008 1.0000000180025095e-35
decision_type=2 2 2 2 2 2 2 2 2 2 2 2 2 2 2 2 2 2 2 2 2 2 2 2 2 2 2 2 2 2
left_child=1 2 5 6 -3 10 7 8 -2 13 11 12 21 -10 -8 27 -9 18 -12 20 -5 25 23 -23 -6 26 -1 -4 -28 -21
right_child=3 4 15 19 24 -7 14 16 9 -11 17 -13 -14 -15 -16 -17 -18 -19 -20 29 -22 22 -24 -25 -26 -27 28 -29 -30 -31
leaf_value=-0.0063744243141992162 0.00021396942369865065 0.10046154288170746 -0.028783850331008082 -0.079234158325744472 0.029264755545694722 -0.036213342634345662 -0.053690689462708441 0.016497724225243135 -0.020552170890475466 -0.022832594341582964 0.013339281815274551 -0.014637108891276548 0.02721445240595748 -0.020363126653546809 -0.031979612940719722 -0.024371651963363387 -0.0030262628790990419 -0.0038579102104204679 0.029604448914667604 -0.10540454960040169 -0.074016977083412497 -0.04707420476674902 -0.0059178809539931002 -0.057863130242099374 -0.0004897968992384705 0.044789526706192566 -0.046630137941809362 -0.051656123787688482 0.0016390771746458345 0.029379148326942956
leaf_weight=94872 25245 220548 8692 37681 193913 9599 16300 20905 32377 3475 189003 15542 16974 3956 24483 29878 54410 50632 47973 1957 15525 9069 18256 2581 62796 57627 5242 11195 2796 6408
leaf_count=94872 25245 220548 8692 37681 193913 9599 16300 20905 32377 3475 189003 15542 16974 3956 24483 29878 54410 50632 47973 1957 15525 9069 18256 2581 62796 57627 5242 11195 2796 6408
internal_value=0 0.00536095 -0.000283789 -0.0163968 0.0121018 0.00173141 -0.0114496 -0.0073084 -0.0175186 -0.028866 0.00239177 -0.00272821 -0.00082858 -0.0236815 -0.0257031 -0.0213475 0.0015106 0.00636087 0.00866605 -0.030952 -0.0350858 -0.00308313 -0.0145289 -0.0336263 0.00729795 -0.000950939 -0.00485762 -0.0371618 -0.0294568 -0.0046586
internal_weight=0 1.04719e+06 569931 242722 477257 520166 181151 140368 65053 39808 510567 222959 207417 36333 40783 49765 75315 287608 236976 61571 53206 190443 29906 11650 256709 160537 102910 19887 8038 8365
internal_count=1289910 1047188 569931 242722 477257 520166 181151 140368 65053 39808 510567 222959 207417 36333 40783 49765 75315 287608 236976 61571 53206 190443 29906 11650 256709 160537 102910 19887 8038 8365
is_linear=0
shrinkage=0.1


Tree=16
num_leaves=31
num_cat=0
split_feature=0 10 4 3 0 3 64 51 3 62 4 4 124 2 6 4 13 123 6 137 127 3 122 3 123 8 2 2 6 20
split_gain=8296.28 4065.35 2154.47 1286.88 1153.88 1034.92 851.134 824.176 757.668 844.797 748.961 897.036 730.331 695.885 675.591 627.641 579.975 549.239 549.096 525.201 500.659 512.558 716.901 499.928 437.397 422.339 399.643 533.368 397.952 457.899
threshold=1380670.5000000002 1.0000000180025095e-35 49356.885000000009 102284.84500000002 6333383.5000000009 604057.67000000016 0.032937527250584797 1.0000000180025095e-35 253314.27000000005 824188.00000000012 0.42500000000000004 9053.1400000000012 7.5000000000000009 241162.06000000003 7.8333333333333348 23.140000000000004 6806508.5000000009 2.5000000000000004 4.166666666666667 800406.00000000012 0.93750000000000011 58854.630000000012 1.0000000180025095e-35 219325.37000000002 1645590.5000000002 1.0000000180025095e-35 7615.0750000000007 13934.710000000003 4.8333333333333348 10.500000000000002
decision_type=2 2 2 2 2 2 2 2 2 2 2 2 2 2 2 2 2 2 2 2 2 2 2 2 2 2 2 2 2 2
left_child=1 2 5 -3 7 10 23 8 9 12 13 17 15 20 -10 -2 -6 -12 -8 -13 21 22 26 -4 -14 -25 28 -28 29 -1
right_child=4 3 6 -5 16 -7 18 -9 14 -11 11 19 24 -15 -16 -17 -18 -19 -20 -21 -22 -23 -24 25 -26 -27 27 -29 -30 -31
leaf_value=-0.0057935213409566824 -0.0021091301474930389 0.090415388593536733 0.0055156088763865024 0.019083250073901104 -0.086085777081587211 -0.033947092614988204 -0.044321941289395664 0.042079270477118597 -0.051933457512009368 -0.0023496610038047649 0.011056029107576457 -0.0031011682967744254 -0.016196587528980799 -0.0333323135456964 -0.039743535793330946 -0.026413746370096015 -0.020981035811700618 0.021726624084679399 -0.041395305787053104 -0.015988902993596638 0.017626008965921345 -0.010525796710062775 0.021425610370186688 0.071844076352856098 -0.022954301733282282 -0.054378161017747256 -0.041237149907049596 -0.0058416241563054921 0.047260356498269367 -0.036870653720880768
leaf_weight=94742 13863 220548 17311 256709 41936 9488 8636 4225 16622 64325 196192 69242 1931 2788 21912 12057 7713 55017 17338 2418 6404 14222 12821 2332 2640 12676 17218 23736 54810 8038
leaf_count=94742 13863 220548 17311 256709 41936 9488 8636 4225 16622 64325 196192 69242 1931 2788 21912 12057 7713 55017 17338 2418 6404 14222 12821 2332 2640 12676 17218 23736 54810 8038
internal_value=0 0.00452349 -0.000780596 0.0114743 -0.018244 0.00110108 -0.0190876 -0.0135279 -0.0149056 -0.0101002 0.00165829 0.00478341 -0.0238103 -0.00263938 -0.0267295 -0.0173111 -0.0313122 0.00759863 -0.0325663 -0.00508554 -0.00204255 -0.00282527 -0.00158881 -0.008255 -0.0606644 -0.0216125 -0.00306876 -0.0118696 -0.000781623 -0.00445129
internal_weight=0 1.10269e+06 625429 477257 187224 567136 58293 137575 133350 94816 557648 322869 30491 234779 38534 25920 49649 251209 25974 71660 231991 225587 211365 32319 4571 15008 198544 40954 157590 102780
internal_count=1289910 1102686 625429 477257 187224 567136 58293 137575 133350 94816 557648 322869 30491 234779 38534 25920 49649 251209 25974 71660 231991 225587 211365 32319 4571 15008 198544 40954 157590 102780
is_linear=0
shrinkage=0.1


Tree=17
num_leaves=31
num_cat=0
split_feature=1 3 7 4 4 64 6 3 0 0 0 123 2 2 137 13 4 64 62 124 64 2 20 13 134 137 13 137 3 3
split_gain=7363.12 3142.83 1830.65 1233.36 1094.13 1111.86 1035 824.313 823.02 584.835 539.793 947.563 613.419 536.695 507.81 597.589 549.957 489.831 436.903 967.177 515.063 419.228 405.945 426.117 388.377 340.885 324.381 359.589 773.178 314.98
threshold=58164.500000000007 240491.57000000004 1.0000000180025095e-35 154617.98500000002 10827.600000000002 0.35555566026630758 4.166666666666667 279311.6700000001 60002.000000000007 6.5000000000000009 1782261.0000000002 57762.000000000007 28897.600000000002 1.2550000000000001 824747.50000000012 800029.00000000012 50613.080000000009 0.49321395782316768 938140.00000000012 5.5000000000000009 0.0201680875306058 432330.60500000004 1.0000000180025095e-35 12.500000000000002 15957626.500000002 789780.00000000012 857819.00000000012 392006.50000000006 19231.795000000002 97837.580000000016
decision_type=2 2 2 2 2 2 2 2 2 2 2 2 2 2 2 2 2 2 2 2 2 2 2 2 2 2 2 2 2 2
left_child=2 4 3 -1 8 21 -3 13 -2 -9 11 22 -13 -4 15 16 -7 -8 19 -12 -20 -6 23 -10 -5 -25 27 -24 -29 -14
right_child=1 6 7 24 5 14 17 9 10 -11 18 12 29 -15 -16 -17 -18 -19 20 -21 -22 -23 26 25 -26 -27 -28 28 -30 -31
leaf_value=0.085056939944144011 -0.051122637341959112 -0.052293448405507072 -0.013890002543195723 0.018299740257879549 -0.0060310466088078184 -0.0055775263109931091 -0.027879704868173517 0.016897445591787155 -0.037608469884389206 -0.025489743773375564 -0.015048466356633584 0.034044224822042904 0.0018133049940220137 0.0089618372313393421 -0.0010162210465488137 -0.034781403349561223 -0.035408384085517358 -0.046870158996804051 0.021023449250832806 -0.02098055321586717 -0.0039388660704933682 0.046327539364364116 -0.0085497787568733392 0.022437017671678702 -0.029066227290473746 -0.1638349665489372 0.028129752453438212 -0.043379401497577956 -0.012139737683184375 0.012272950495047168
leaf_weight=239795 2185 27047 19493 239427 46996 20727 45197 2815 3582 23677 16613 16996 35311 286147 8359 10252 11667 39470 5130 2867 35280 2397 83770 21075 11657 1311 12126 3288 9595 5658
leaf_count=239795 2185 27047 19493 239427 46996 20727 45197 2815 3582 23677 16613 16996 35311 286147 8359 10252 11667 39470 5130 2867 35280 2397 83770 21075 11657 1311 12126 3288 9595 5658
internal_value=0 -0.00888131 0.00684028 0.0107197 -0.00428007 -0.0131217 -0.0235106 0.00110662 -0.000796049 -0.0158149 -0.000267453 0.00230957 0.0130008 0.00257332 -0.0234776 -0.0278952 -0.0212358 -0.0180703 -0.00855971 -0.0208614 -0.00262956 -0.00242779 -0.00228953 0.00894428 0.00582116 0.0140684 -0.0049713 -0.00690552 -0.0224591 0.00637492
internal_weight=0 466899 823011 490879 355185 100398 111714 332132 254787 26492 252602 192712 57965 305640 51005 42646 32394 84667 59890 19480 40410 49393 134747 25968 251084 22386 108779 96653 12883 40969
internal_count=1289910 466899 823011 490879 355185 100398 111714 332132 254787 26492 252602 192712 57965 305640 51005 42646 32394 84667 59890 19480 40410 49393 134747 25968 251084 22386 108779 96653 12883 40969
is_linear=0
shrinkage=0.1


Tree=18
num_leaves=31
num_cat=0
split_feature=0 10 4 0 4 3 4 3 122 12 4 6 3 13 4 123 3 62 124 64 127 62 64 134 6 20 6 3 2 3
split_gain=6432.29 2913.81 1675.98 1322.91 1249.67 759.511 750.187 729.877 952.437 715.845 845.403 659.642 605.794 550.109 490.114 620.079 428.259 404.572 1403.28 586.871 435.631 399.891 362.096 353.625 346.949 332.338 555.908 326.969 313.044 433.106
threshold=1000073.0000000001 1.0000000180025095e-35 49356.885000000009 6685046.0000000009 144746.32500000004 604057.67000000016 0.42500000000000004 54179.980000000003 1.0000000180025095e-35 1.0000000180025095e-35 10827.600000000002 6.5833333333333348 41739.17500000001 5052496.0000000009 3207.7750000000001 13577.500000000002 224306.87000000002 160354.50000000003 4.5000000000000009 0.012741369474831342 0.93750000000000011 1195475.0000000002 0.038049734947050579 695773.50000000012 7.8333333333333348 5.5000000000000009 7.8333333333333348 240491.57000000004 7615.0750000000007 11730.050000000001
decision_type=2 2 2 2 2 2 2 2 2 2 2 2 2 2 2 2 2 2 2 2 2 2 2 2 2 2 2 2 2 2
left_child=1 2 5 9 -3 6 7 8 28 10 17 22 -12 -5 15 21 -14 18 20 -19 -2 -8 27 -6 -18 26 -21 -4 -1 -30
right_child=3 4 11 13 23 -7 14 -9 -10 -11 12 -13 16 -15 -16 -17 24 19 -20 25 -22 -23 -24 -25 -26 -27 -28 -29 29 -31
leaf_value=-0.0022347678846042591 -0.013363840949917816 0.077620505593284289 -0.001249454901212887 -0.083426205855637925 0.021837136872253818 -0.028629928333598904 0.013668421375511698 -0.011115047967700343 0.023929353419087997 0.037732115830131779 -0.013257787422739151 -0.018730864415027495 -0.0097743621855400364 -0.02808414374979297 -0.00075937824466590159 0.029275174982895693 -0.056155057805319743 0.018742131098264937 -0.01835673924482439 0.0071105427753875017 0.0081028154463131923 -0.023556387518600633 -0.042268232511483053 -0.0011444402038040204 -0.034642238529210445 -0.011570197540483019 -0.0052374160931932187 -0.046305152544117358 -0.038887023935052244 -0.0076164027613532942
leaf_weight=157590 24000 217617 5402 33964 187059 8691 172399 18317 15752 5054 3677 29947 32199 12633 97989 30966 16069 9474 4023 15279 1783 452 11420 72581 18494 20366 23249 4138 14597 24729
leaf_count=157590 24000 217617 5402 33964 187059 8691 172399 18317 15752 5054 3677 29947 32199 12633 97989 30966 16069 9474 4023 15279 1783 452 11420 72581 18494 20366 23249 4138 14597 24729
internal_value=0 0.00435218 -0.00033254 -0.0144138 0.010167 0.00129836 0.00177669 -0.00251253 -0.000862811 -0.0103995 -0.011511 -0.0176799 -0.0198704 -0.0293752 0.00505942 0.00785359 -0.017694 -0.00551315 -0.0152356 -0.00127453 -0.00666463 0.005519 -0.0312864 0.00548231 -0.0254245 -0.00499053 0.000471061 -0.0169059 -0.00275557 -0.0107371
internal_weight=0 1.06965e+06 592389 220264 477257 541482 532791 230985 212668 173667 168613 50907 70439 46597 301806 203817 66762 98174 29806 68368 25783 172851 20960 259640 34563 58894 38528 9540 196916 39326
internal_count=1289910 1069646 592389 220264 477257 541482 532791 230985 212668 173667 168613 50907 70439 46597 301806 203817 66762 98174 29806 68368 25783 172851 20960 259640 34563 58894 38528 9540 196916 39326
is_linear=0
shrinkage=0.1


Tree=19
num_leaves=31
num_cat=0
split_feature=0 20 4 6 2 64 3 137 63 1 3 13 137 0 64 123 20 124 3 122 4 127 5 1 13 2 137 20 20 6
split_gain=5537.58 3269.97 1961.82 836.861 771.378 753.757 685.74 648.299 533.727 515.845 637.973 549.663 566.858 507.333 489.266 579.195 564.207 489.176 430.933 913.547 488.15 430.544 418.521 415.127 1038.95 411.136 963.137 589.875 407.038 374.042
threshold=2720590.5000000005 1.0000000180025095e-35 68490.210000000006 6.5833333333333348 594975.59500000009 1.1373806583871848 615778.01000000013 62929.500000000007 0.75660207645482191 20.500000000000004 83530.97500000002 66306.000000000015 56979.000000000007 60002.000000000007 0.21483741640584963 1349307.5000000002 1.5000000000000002 7.5000000000000009 43970.635000000009 1.0000000180025095e-35 1.0000000180025095e-35 0.93750000000000011 1.5000000000000002 824237.50000000012 824078.00000000012 266.27500000000003 3142.5000000000005 6.5000000000000009 10.500000000000002 5.5833333333333348
decision_type=2 2 2 2 2 2 2 2 2 2 2 2 2 2 2 2 2 2 2 2 2 2 2 2 2 2 2 2 2 2
left_child=1 4 6 -4 9 8 7 18 17 10 -1 12 -11 -14 22 -16 29 -2 19 25 21 -20 -10 24 -9 26 27 -3 -28 -17
right_child=5 2 3 -5 -6 -7 -8 23 14 11 -12 -13 13 -15 15 16 -18 -19 20 -21 -22 -23 -24 -25 -26 -27 28 -29 -30 -31
leaf_value=0.070901727052388439 -0.037115227131438097 0.013914624043792978 -0.037830256254637387 -0.023265779143411269 -0.00098668836591109255 -0.056449664066554342 -0.035426834868427501 -0.013753586333349886 -0.042144430584110389 0.002408337631561697 0.019159379521180766 0.029866024959785454 -0.051873163818128655 -0.0040898130965200414 0.020542847354473474 -0.0016573867651090643 -0.026571597820702023 -0.023031307392408228 -0.0099963775440064569 0.019216700669952624 -0.00026317293961465317 0.0045026330465702995 0.0054876635292361326 0.0083488140306353532 -0.014542102659067397 0.017543217907878782 -0.042917078124230547 -0.03519459234039507 -0.0026504143238729044 -0.060966071479423158
leaf_weight=205182 17446 46685 22870 27084 87208 34817 5969 68691 3216 80898 197109 26273 1930 2335 8269 981 22992 2704 17177 53847 127310 3742 24462 23317 4571 140556 5395 21779 1993 3102
leaf_count=205182 17446 46685 22870 27084 87208 34817 5969 68691 3216 80898 197109 26273 1930 2335 8269 981 22992 2704 17177 53847 127310 3742 24462 23317 4571 140556 5395 21779 1993 3102
internal_value=0 0.00318356 -0.0022355 -0.0211661 0.00833255 -0.0195449 -0.000420524 -2.9982e-05 -0.0143736 0.0098087 0.0114765 0.00378795 -0.000112949 -0.0356451 -0.00984394 -0.0176411 -0.0247156 -0.0285406 0.00167437 0.00405091 -0.0026586 -0.0168156 0.000112795 -0.00741507 -0.0111137 0.00115074 -0.00478257 -0.00108094 -0.0390853 -0.0589714
internal_weight=0 1.17192e+06 570986 49954 600935 117989 521032 515063 83172 513727 402291 111436 85163 4265 63022 35344 27075 20150 418484 270255 148229 20919 27678 96579 73262 216408 75852 68464 7388 4083
internal_count=1289910 1171921 570986 49954 600935 117989 521032 515063 83172 513727 402291 111436 85163 4265 63022 35344 27075 20150 418484 270255 148229 20919 27678 96579 73262 216408 75852 68464 7388 4083
is_linear=0
shrinkage=0.1


Tree=20
num_leaves=31
num_cat=0
split_feature=1 3 20 0 3 6 4 6 64 63 64 123 6 3 20 124 127 6 63 64 2 123 2 3 13 137 20 3 133 123
split_gain=4796.88 2386.7 1194.31 1036.26 937.593 918.896 636.403 713.659 669.902 612.498 668.76 660.325 610.784 533.961 495.842 413.319 591.076 382.736 427.964 381.576 359.496 342.03 341.273 330.168 316.477 582.67 351.748 392.131 312.081 308.226
threshold=47780.000000000007 270208.27000000008 1.0000000180025095e-35 7051345.5000000009 97837.580000000016 6.5833333333333348 10827.600000000002 3.8333333333333335 0.20691544440727008 0.027505413254810217 0.11154974153084198 1979236.0000000002 4.8333333333333348 611030.29000000015 1.5000000000000002 8.5000000000000018 0.62019230769230782 7.8333333333333348 35438.548275862071 0.49321395782316768 432330.60500000004 355403.00000000006 1.4600000000000002 188788.61500000002 60001.000000000007 59997.500000000007 1.0000000180025095e-35 20341.975000000002 10.000000000000002 114431.50000000001
decision_type=2 2 2 2 2 2 2 2 2 2 2 2 2 2 2 2 2 2 2 2 2 2 2 2 2 2 2 2 2 2
left_child=2 3 4 6 -1 -3 7 -2 20 11 -11 15 -13 22 17 16 24 -12 21 -7 23 -19 -4 -8 25 -9 27 -26 -6 -10
right_child=1 5 13 -5 28 19 8 9 29 10 14 12 -14 -15 -16 -17 -18 18 -20 -21 -22 -23 -24 -25 26 -27 -28 -29 -30 -31
leaf_value=0.054539217387310761 0.010729495003070959 -0.047144504283162747 -0.01262069688017383 -0.053927711037865117 0.017444720057683407 -0.015248456488400133 0.0030772100093825472 -0.026487800315893817 -0.0069519727965300371 0.022513490343508406 0.013784012380928735 0.00137286848442153 -0.019112971905508591 -0.038592061697054821 -0.0045655158837508737 -0.017885021689959545 0.0066137535491800807 0.020661042470876825 -0.0059054635127573146 -0.044190240380002577 0.037041029432003984 -0.012495344822305632 0.0042128794187890157 -0.019425042743060002 0.10258433320085332 -0.046667324134454027 -0.014078396473795204 -0.12625763365974507 -0.0027658889015145685 -0.01722717519780757
leaf_weight=271279 12342 41076 19240 14011 193878 30081 33030 20653 39128 38581 10991 945 2121 4497 65451 3155 8999 7863 2077 22822 3933 3577 249080 11080 13266 1578 71481 2217 73244 18234
leaf_count=271279 12342 41076 19240 14011 193878 30081 33030 20653 39128 38581 10991 945 2121 4497 65451 3155 8999 7863 2077 22822 3933 3577 249080 11080 13266 1578 71481 2217 73244 18234
internal_value=0 -0.00684829 0.0057747 -0.00335835 0.00850603 -0.0211347 -0.00234936 0.000262312 -0.00892274 -0.000883334 0.00395781 -0.00588498 -0.0517176 0.000384469 -0.000765871 -0.00472698 -0.00377347 0.0113667 9.80087e-05 -0.0124216 -0.000211656 0.00767975 0.000957204 -0.00279466 -0.00580358 -0.0164514 -0.00308163 0.0105835 0.00430063 -0.0162186
internal_weight=0 478692 811218 384713 538401 93979 370702 265297 105405 252955 128540 124415 3066 272817 89959 121349 118194 24508 13517 52903 48043 11440 268320 44110 109195 22231 86964 15483 267122 57362
internal_count=1289910 478692 811218 384713 538401 93979 370702 265297 105405 252955 128540 124415 3066 272817 89959 121349 118194 24508 13517 52903 48043 11440 268320 44110 109195 22231 86964 15483 267122 57362
is_linear=0
shrinkage=0.1


Tree=21
num_leaves=31
num_cat=0
split_feature=0 10 4 4 0 6 51 4 3 13 137 5 3 122 4 2 134 4 6 4 51 62 124 64 20 95 64 3 62 137
split_gain=4141.38 2137.61 1183.23 1132.74 878.277 610.158 545.541 541.769 504.408 473.145 458.2 607.384 431.698 600.814 483.263 336.674 331.343 327.127 318.716 313.804 300.275 297.068 727.199 318.918 271.766 269.253 266.693 263.727 261.443 257.028
threshold=1470291.5000000002 1.0000000180025095e-35 83544.160000000018 102702.39000000001 7051345.5000000009 6.5833333333333348 1.0000000180025095e-35 13665.800000000001 615778.01000000013 6806508.5000000009 6.5000000000000009 1.5000000000000002 43970.635000000009 1.0000000180025095e-35 0.42500000000000004 1.2550000000000001 1115247.0000000002 4603.5500000000011 2.2500000000000004 2000.8450000000003 1.0000000180025095e-35 160354.50000000003 4.5000000000000009 0.00059977447463842391 17.500000000000004 1.0000000180025095e-35 0.77471499111610298 157402.10500000001 1566129.5000000002 3076812.0000000005
decision_type=2 2 2 2 2 2 2 2 2 2 2 2 2 2 2 2 2 2 2 2 2 2 2 2 2 2 2 2 2 2
left_child=1 2 8 -3 6 27 7 18 10 29 12 -12 13 -1 -14 -13 -5 -15 -2 24 25 22 -20 -23 -16 -21 -19 -4 -17 -6
right_child=4 3 5 16 9 -7 -8 -9 -10 -11 11 15 14 17 19 28 -18 26 21 20 -22 23 -24 -25 -26 -27 -28 -29 -30 -31
leaf_value=0.012825807939369771 0.0057377502353027302 0.066412917471402544 -0.0064776561230587481 0.017884881027985466 -0.068512438912507703 -0.016707309770432093 0.033918470783010371 -0.025022307002319367 -0.029408323090158117 -0.0093156417122598582 0.049858253650760048 -0.014173257583515883 -0.0061639840005147445 0.028213794239517753 0.010859587787465326 -0.0043297519415358976 -0.0036138459868594545 0.010531410464053882 -0.011806985703133615 -0.0073197170558707047 0.028225348168965832 0.030365018208404721 -0.014206842603023767 -0.0026939735557987648 -0.017338755884745649 0.031825687289140918 -0.0053682180165393282 -0.046861981215675551 -0.016147107794052786 0.035595894873218778
leaf_weight=119071 4087 172586 4357 235960 34313 23596 4348 52352 5353 7684 37461 9959 18382 41940 46420 240192 68711 12338 16913 39681 4476 3135 3349 53381 6739 2510 4399 13806 746 1665
leaf_count=119071 4087 172586 4357 235960 34313 23596 4348 52352 5353 7684 37461 9959 18382 41940 46420 240192 68711 12338 16913 39681 4476 3135 3349 53381 6739 2510 4399 13806 746 1665
internal_value=0 0.00330057 -0.000516901 0.0083512 -0.013005 -0.0167837 -0.00908309 -0.0102208 0.000635079 -0.0253619 0.000915018 -0.00192194 0.00367914 0.00679371 -0.0010042 -0.00369534 0.00468449 0.0150757 -0.00508965 0.00173954 -0.00424445 -0.0065381 -0.0169266 -0.00281363 0.00699274 -0.00685715 0.00325621 -0.0305612 -0.00295059 -0.0301727
internal_weight=0 1.10868e+06 631426 477257 181227 41759 137565 133217 589667 43662 584314 288358 295956 177748 118208 250897 304671 58677 80865 99826 46667 76778 20262 56516 53159 42191 16737 18163 240938 35978
internal_count=1289910 1108683 631426 477257 181227 41759 137565 133217 589667 43662 584314 288358 295956 177748 118208 250897 304671 58677 80865 99826 46667 76778 20262 56516 53159 42191 16737 18163 240938 35978
is_linear=0
shrinkage=0.1


Tree=22
num_leaves=31
num_cat=0
split_feature=1 3 7 3 6 0 6 3 4 2 137 3 20 4 6 0 20 2 3 62 123 64 122 13 0 64 2 62 137 127
split_gain=3559.09 1992.76 838.628 1026.31 745.145 680.398 490.818 424.151 362.993 361.173 644.219 496.448 449.456 349.685 383.813 509.137 496.86 637.442 515.494 376.131 652.845 369.458 349.304 347.65 464.737 334.961 324.56 323.903 397.252 336.201
threshold=30657.000000000004 270208.27000000008 1.0000000180025095e-35 76921.265000000014 6.5833333333333348 7526457.5000000009 3.5833333333333335 604057.67000000016 38790.115000000005 266.27500000000003 3142.5000000000005 82034.265000000014 6.5000000000000009 29311.160000000003 7.5833333333333348 644690.00000000012 5.5000000000000009 1854.3700000000001 1383.2900000000002 824188.00000000012 1979162.0000000002 0.10588697443553279 1.0000000180025095e-35 5052496.0000000009 6038391.0000000009 0.00031297569694912309 57137.540000000008 40920.500000000007 1329790.0000000002 0.58578431372549034
decision_type=2 2 2 2 2 2 2 2 2 2 2 2 2 2 2 2 2 2 2 2 2 2 2 2 2 2 2 2 2 2
left_child=2 5 3 -1 -3 6 8 9 -2 10 12 -11 -4 14 16 -16 17 18 -8 20 26 -15 -23 24 -6 -21 -17 28 29 -19
right_child=1 4 7 -5 23 -7 13 -9 -10 11 -12 -13 -14 21 15 19 -18 27 -20 25 -22 22 -24 -25 -26 -27 -28 -29 -30 -31
leaf_value=0.056135095438914998 0.0089208913597995428 -0.039299988558102801 0.0092345611708430485 0.010824421324597468 -0.017657399128787873 -0.045283705823619548 0.019487889957948437 -0.025029693252995085 -0.0085227404214285526 0.026709006500177136 -0.030285489143004614 -0.003929661244443816 -0.031147977037275832 -0.0019399897354351798 0.00021827718473254625 -0.01248964001709754 -0.0060708139781209709 0.0031894839420922349 -0.044869994412961633 0.025466585841652973 -0.015765290824761313 -0.008261414689308624 -0.030313733966444295 0.029434213413549744 -0.076555519078024117 -0.0033996122484655556 -0.0041809669577315229 0.010032180424590701 -0.10149300884024255 0.0078095732568758576
leaf_weight=195670 15864 41875 60076 293506 37015 12366 2238 6629 3246 139685 9963 51576 21779 29607 110368 18323 39663 43576 2577 2705 2118 22976 11373 5888 11249 34443 16989 40275 738 5554
leaf_count=195670 15864 41875 60076 293506 37015 12366 2238 6629 3246 139685 9963 51576 21779 29607 110368 18323 39663 43576 2577 2705 2118 22976 11373 5888 11249 34443 16989 40275 738 5554
internal_value=0 -0.0055137 0.00522598 0.00775118 -0.0184954 -0.00250984 -0.00180024 0.000962142 0.013841 0.00154767 -0.00360762 0.00402256 -0.000685314 -0.0025796 -0.00122876 -0.0041855 0.00283328 0.00675962 -0.0286909 -0.0105683 -0.0176432 -0.00932928 -0.0163857 -0.0107492 -0.0135477 -0.00343966 -0.0144088 0.00865321 0.00326619 0.00436009
internal_weight=0 511026 778884 489176 96027 414999 402633 289708 19110 283079 91818 191261 81855 383523 319567 184946 134621 94958 4815 74578 37430 63956 34349 54152 48264 37148 35312 90143 49868 49130
internal_count=1289910 511026 778884 489176 96027 414999 402633 289708 19110 283079 91818 191261 81855 383523 319567 184946 134621 94958 4815 74578 37430 63956 34349 54152 48264 37148 35312 90143 49868 49130
is_linear=0
shrinkage=0.1


Tree=23
num_leaves=31
num_cat=0
split_feature=0 20 4 134 4 6 0 3 13 137 0 3 137 2 1 13 20 6 4 3 122 4 64 0 127 2 137 2 4 3
split_gain=3112.95 1801.4 1187.53 619.162 576.49 470.889 413.799 711.082 456.274 379.348 383.839 340.754 359.753 327.719 307.639 445.497 293.46 499.89 363.538 277.578 555.701 473.15 390.933 333.274 262.966 297.756 259.556 251.021 250.523 246.563
threshold=2622222.5000000005 1.0000000180025095e-35 68490.210000000006 576266.50000000012 12087.220000000003 6.5833333333333348 20.500000000000004 68306.210000000006 66306.000000000015 56979.000000000007 60002.000000000007 628015.50500000012 62929.500000000007 89232.175000000003 824237.50000000012 824078.00000000012 1.5000000000000002 4.166666666666667 68490.210000000006 54179.980000000003 1.0000000180025095e-35 1.0000000180025095e-35 0.57142877367993605 454441.00000000006 0.62019230769230782 333269.13500000007 789780.00000000012 1.4600000000000002 2385.5750000000003 243148.69500000004
decision_type=2 2 2 2 2 2 2 2 2 2 2 2 2 2 2 2 2 2 2 2 2 2 2 2 2 2 2 2 2 2
left_child=1 3 11 6 13 29 7 -1 9 -8 -11 12 19 -2 15 -14 -6 18 -18 20 27 24 -22 -24 -21 -26 -10 -3 -25 -4
right_child=4 2 5 -5 16 -7 8 -9 26 10 -12 -13 14 -15 -16 -17 17 -19 -20 21 22 -23 23 28 25 -27 -28 -29 -30 -31
leaf_value=0.058303234530887774 -0.072869626380516014 -0.010657816197365323 -0.013150903974948489 -0.0038707639298513731 -0.047502286244262323 -0.018241218621330407 0.00046976463327871859 0.016166896460890756 0.028402117726413635 -0.037386368733661315 -0.0024931043044069496 -0.031665672131170608 -0.011257677127171304 -0.0051272178455247447 0.009787223109313287 -0.010427772710205143 -1.2328271741910062e-05 -0.022551770228751489 -0.072508163879427406 -0.026575595795724768 0.017851630007813313 -9.9662074793446605e-05 0.019074873555060171 0.0012507791650004042 -0.0012101426845161582 -0.045362880462155988 -0.052348986899962736 0.0057209861138777466 -0.0073414305519491352 -0.049962398623344305
leaf_weight=159690 2399 19240 11690 86223 20862 26620 83937 239461 23954 1930 2329 3301 68696 56508 22809 4571 2651 28597 10003 6417 45001 113480 7676 6359 10800 649 3118 204661 5485 10793
leaf_count=159690 2399 19240 11690 86223 20862 26620 83937 239461 23954 1930 2329 3301 68696 56508 22809 4571 2651 28597 10003 6417 45001 113480 7676 6359 10800 649 3118 204661 5485 10793
internal_value=0 0.00246911 -0.00156695 0.00628749 -0.014379 -0.0164312 0.00760195 0.00912608 0.00232418 -0.00116155 -0.0302766 -0.000161018 4.39278e-05 -0.00729176 -0.00547609 -0.00863336 -0.0211004 -0.0162122 -0.032761 0.00130734 0.00304267 -0.00250326 0.0112195 -0.000599271 -0.0176297 -0.00854693 0.0136801 0.000686384 -0.0111184 -0.0270869
internal_weight=0 1.16889e+06 568248 600642 121020 49103 514419 399151 115268 88196 4259 519145 515844 58907 96076 73267 62113 41251 12654 419768 288422 131346 64521 19520 17866 11449 27072 223901 11844 22483
internal_count=1289910 1168890 568248 600642 121020 49103 514419 399151 115268 88196 4259 519145 515844 58907 96076 73267 62113 41251 12654 419768 288422 131346 64521 19520 17866 11449 27072 223901 11844 22483
is_linear=0
shrinkage=0.1


Tree=24
num_leaves=31
num_cat=0
split_feature=1 3 0 6 134 20 3 2 4 6 4 4 51 2 137 2 0 62 64 6 124 123 4 137 123 20 64 13 123 2
split_gain=2652.72 2207.51 628.192 623.579 526.832 585.455 442.425 433.563 423.832 484.725 385.639 415.971 379.496 377.342 372.36 363.689 357.418 381.046 674.232 490.07 480.314 432.659 355.505 346.942 346.431 323.678 301.155 294.608 345.158 261.629
threshold=308.50000000000006 274173.71500000003 5493952.0000000009 6.416666666666667 517540.50000000006 6.5000000000000009 157402.10500000001 162.52000000000001 49356.885000000009 3.8333333333333335 89344.385000000009 1.2050000000000003 1.0000000180025095e-35 1.9650000000000001 145430.50000000003 333269.13500000007 34456.500000000007 316.50000000000006 0.12303784406707406 5.5833333333333348 8.5000000000000018 277984.00000000006 2.7850000000000006 3774.5000000000005 461286.00000000006 9.5000000000000018 0.045654454694094515 5052496.0000000009 5050696.5000000009 97798.830000000016
decision_type=2 2 2 2 2 2 2 2 2 2 2 2 2 2 2 2 2 2 2 2 2 2 2 2 2 2 2 2 2 2
left_child=4 2 7 10 5 6 -1 23 9 -9 11 15 27 25 -4 -3 -11 20 -19 -20 -18 -22 -21 -2 29 -7 -10 28 -5 -24
right_child=1 3 14 12 -6 13 -8 8 26 16 -12 -13 -14 -15 -16 -17 17 18 19 22 21 -23 24 -25 -26 -27 -28 -29 -30 -31
leaf_value=0.037305674749674014 -0.013985980181325542 0.0010301911623848633 -0.028694425838520599 -0.02727601333099642 -0.0031521766454703838 -0.056361464246414465 0.0090526659932910654 0.0080105018589257237 0.00023258227949886506 0.013879008381901637 -0.069998447688138996 -0.010035240337290386 0.015458291913167749 0.0047549020719691139 0.034309777954027308 -0.037166237741885717 -0.0061386167659401251 0.014897740532706191 0.0067833581754062015 0.010980250187596498 -0.0067890085890597307 -0.025298405509717722 -0.0044684474941318322 -0.029287603157989978 -0.010577204475824109 -0.024073432086087972 -0.016233235353426002 0.048713522922863559 -0.075951729987284791 0.0059750063281458488
leaf_weight=308743 17856 968 19808 53170 89622 2298 161480 19290 25089 135356 23525 19330 5506 17133 3305 2301 137159 55388 15130 15057 2332 1946 73311 7238 16089 9383 29794 4675 1826 15802
leaf_count=308743 17856 968 19808 53170 89622 2298 161480 19290 25089 135356 23525 19330 5506 17133 3305 2301 137159 55388 15130 15057 2332 1946 73311 7238 16089 9383 29794 4675 1826 15802
internal_value=0 -0.0032825 -0.000845494 -0.0161998 0.005822 0.00708979 0.00793766 -0.000186566 0.000408664 0.00134778 -0.0250976 -0.0157683 -0.00990315 -0.00674685 -0.0170054 -0.0487593 0.000706878 -0.00105792 0.00185815 -0.00194425 -0.00499125 -0.0379881 -0.00407827 -0.0130367 -0.0061352 -0.0206062 -0.00792207 -0.012221 -0.0142697 -0.00369688
internal_weight=0 701251 589950 111301 588659 499037 470223 566837 541743 486860 46124 22599 65177 28814 23113 3269 467570 332214 190777 135389 141437 4278 120259 25094 105202 11681 54883 59671 54996 89113
internal_count=1289910 701251 589950 111301 588659 499037 470223 566837 541743 486860 46124 22599 65177 28814 23113 3269 467570 332214 190777 135389 141437 4278 120259 25094 105202 11681 54883 59671 54996 89113
is_linear=0
shrinkage=0.1


Tree=25
num_leaves=31
num_cat=0
split_feature=0 5 136 3 4 0 4 4 12 4 6 127 124 76 3 126 13 146 2 5 0 6 128 2 84 1 123 3 0 4
split_gain=2288.39 1271.59 809.098 744.085 691.438 616.651 548.93 407.137 379.892 442.139 374.726 407.567 384.332 334.886 316.169 414.75 303.08 269.909 288.311 260.518 257.256 254.526 243.578 236.898 236.09 228.434 217.287 455.692 213.685 226.16
threshold=1613811.0000000002 1.5000000000000002 1.0000000180025095e-35 339022.17000000004 68490.210000000006 7051345.5000000009 53.260000000000012 81766.705000000016 1.0000000180025095e-35 102959.26500000001 5.5833333333333348 0.13392857142857145 7.5000000000000009 8.5000000000000018 53263.170000000006 0.060661764705882359 6806508.5000000009 199658.00000000003 9893.2300000000014 3.0000000000000004 738990.00000000012 4.166666666666667 0.06458333333333334 120017.44000000002 220025.50000000003 103464.50000000001 3808232.5000000005 160847.74000000002 150520.50000000003 0.28500000000000009
decision_type=2 2 2 2 2 2 2 2 2 2 2 2 2 2 2 2 2 2 2 2 2 2 2 2 2 2 2 2 2 2
left_child=1 7 3 14 -4 8 -5 13 9 10 12 -12 26 25 17 22 -7 18 -3 23 24 -11 -16 -13 -20 -1 -2 -28 29 -27
right_child=5 2 4 6 -6 16 -8 -9 -10 21 11 19 -14 -15 15 -17 -18 -19 20 -21 -22 -23 -24 -25 -26 28 27 -29 -30 -31
leaf_value=0.06003333756302958 -0.00013225753845436063 -0.0021075760306855209 -0.0040833602332365397 -0.034351686458845433 -0.033569028114692 -0.049307708585450638 -0.0085453675983050426 0.010744406668589602 0.030729753975679897 -0.050626831659107654 -0.0031051217005406964 -0.003134368517543196 0.034698928033476455 -0.045628754140323566 0.0037068077396164249 -0.013255966041414241 -0.006006539176791734 -0.097091136477663195 0.021377434565700383 -0.010668554279269294 -0.0021335503370117914 -0.039700565550822617 -0.021587621984073282 -0.016242682948163788 -0.062308768065172632 -0.099597121558946677 0.0090835446531805173 -0.0013800525577846649 0.0063479732285224525 0.0051030683326313449
leaf_weight=162798 19697 38424 272266 5414 17026 35978 62291 160129 4188 6627 59747 1256 1230 4250 207883 9611 7684 1071 145157 18238 14384 13657 2514 1503 873 1006 961 1514 11536 997
leaf_count=162798 19697 38424 272266 5414 17026 35978 62291 160129 4188 6627 59747 1256 1230 4250 207883 9611 7684 1071 145157 18238 14384 13657 2514 1503 873 1006 961 1514 11536 997
internal_value=0 0.0024099 0.000176152 0.00266181 -0.00401359 -0.00997173 -0.00706658 0.00750339 -0.00648592 -0.00748298 -0.00485227 -0.00808156 0.00628975 0.0107585 0.00423035 0.00161473 -0.0202401 0.00710895 0.00737863 -0.0200662 0.00924226 -0.0209901 0.00254271 -0.0487048 0.0104991 0.011427 0.00327135 0.0311985 -0.00105369 -0.0312033
internal_weight=0 1.11763e+06 776914 487622 289292 172280 67705 340716 128618 124430 104146 80744 23402 180587 419917 220008 43662 199909 198838 20997 160414 20284 210397 2759 146030 176337 22172 2475 13539 2003
internal_count=1289910 1117630 776914 487622 289292 172280 67705 340716 128618 124430 104146 80744 23402 180587 419917 220008 43662 199909 198838 20997 160414 20284 210397 2759 146030 176337 22172 2475 13539 2003
is_linear=0
shrinkage=0.1


Tree=26
num_leaves=31
num_cat=0
split_feature=10 3 4 92 0 146 4 4 0 6 13 15 6 3 95 4 62 64 123 64 20 62 76 6 67 123 4 127 6 0
split_gain=1983.92 1567.89 897.234 535.796 370.787 330.004 415.326 412.496 401.801 387.814 293.157 284.132 271.142 302.815 270.014 283.674 502.404 351.687 390.836 328.194 357.489 362.11 324.104 284.56 280.564 262.065 258.667 256.089 338.34 251.721
threshold=1.0000000180025095e-35 240491.57000000004 68490.210000000006 0.011652254721723784 10377499.000000002 146947.50000000003 158162.02000000005 1.2850000000000004 6333383.5000000009 6.416666666666667 5052496.0000000009 1.0000000180025095e-35 5.5833333333333348 598458.83000000019 1.0000000180025095e-35 9053.1400000000012 25.500000000000004 0.18669497231610896 114431.50000000001 0.66666684172681712 6.5000000000000009 307858.00000000006 10.500000000000002 5.166666666666667 12.500000000000002 4742489.5000000009 1451.1250000000002 0.93750000000000011 5.5833333333333348 2.5000000000000004
decision_type=2 2 2 2 2 2 2 2 2 2 2 2 2 2 2 2 2 2 2 2 2 2 2 2 2 2 2 2 2 2
left_child=1 4 -2 5 14 6 7 11 12 -8 -10 -3 13 -9 15 16 25 22 -19 20 -18 -22 24 26 -17 27 -21 -1 -29 -5
right_child=2 3 -4 29 -6 -7 9 8 10 -11 -12 -13 -14 -15 -16 17 19 18 -20 23 21 -23 -24 -25 -26 -27 -28 28 -30 -31
leaf_value=-0.0037113238439028806 0.050549125660737639 -0.01192807531052173 0.0086660192824085328 0.022395633184768973 -0.055142048814709944 0.10963965537820566 -0.069405127216830662 0.011496485832659671 -0.0475442335160388 -0.044873395152499496 -0.0037024844535795756 -0.026700485876388531 -0.0080332867193232578 -0.0089732287971387419 0.035711112137334425 0.0049362402533176921 0.020400672373095133 -0.0032040908543148625 -0.011761506416305415 0.014801039953052693 0.038012472253351026 -0.0051887129274011071 -0.056713156956328503 -0.0014318395349107505 -0.12242762480701488 -0.023127001545360008 -0.0017351169064258266 0.011303877846198391 -0.001246012423298267 0.0014384754805639327
leaf_weight=326614 124074 3329 353183 1974 4936 2805 17809 7365 19109 17154 6936 4500 46395 3673 4123 60673 65351 45736 20135 8410 16417 12232 3963 83158 1856 343 5394 4454 5181 12628
leaf_count=326614 124074 3329 353183 1974 4936 2805 17809 7365 19109 17154 6936 4500 46395 3673 4123 60673 65351 45736 20135 8410 16417 12232 3963 83158 1856 343 5394 4454 5181 12628
internal_value=0 -0.00229844 0.00582451 -0.0117764 -0.000262835 -0.0138304 -0.014584 -0.0110351 -0.00897671 -0.0238521 -0.0192791 -0.0329829 -0.00430473 0.00978193 -5.9858e-05 -0.000219247 0.000819273 -0.00435843 -0.00953727 0.00491632 0.00912677 -0.000187277 0.000772039 0.000834494 0.00252967 -0.00150515 0.0141309 -0.00141603 0.0146518 0.0063796
internal_weight=0 812653 477257 143677 668976 129075 126270 91307 83478 34963 26045 7829 57433 11038 664040 659917 527554 132363 65871 190962 94000 28649 66492 96962 62529 336592 13804 336249 9635 14602
internal_count=1289910 812653 477257 143677 668976 129075 126270 91307 83478 34963 26045 7829 57433 11038 664040 659917 527554 132363 65871 190962 94000 28649 66492 96962 62529 336592 13804 336249 9635 14602
is_linear=0
shrinkage=0.1


Tree=27
num_leaves=31
num_cat=0
split_feature=0 3 5 3 2 4 6 3 4 6 2 4 3 0 137 20 2 3 3 0 76 123 12 137 13 3 123 3 20 51
split_gain=1746.24 978.006 609.688 473.608 533.98 423.097 420.337 390.713 526.953 369.945 617.776 436.589 465.382 355.488 350.879 367.058 331.625 402.627 355.255 307.719 288.091 280.637 275.027 264.071 258.093 253.493 366.94 239.377 242.296 239.231
threshold=34456.500000000007 290444.55500000005 1.0000000180025095e-35 598458.83000000019 266.27500000000003 63686.945000000007 6.416666666666667 61279.165000000008 0.43500000000000005 5.5833333333333348 384932.14500000008 99956.215000000011 97837.580000000016 6685046.0000000009 3774.5000000000005 6.5000000000000009 1854.3700000000001 67658.875000000015 1383.2900000000002 4885671.0000000009 10.500000000000002 4699227.5000000009 1.0000000180025095e-35 400388.00000000006 2.5000000000000004 24404.305000000004 18492.500000000004 15122.720000000003 5.5000000000000009 1.0000000180025095e-35
decision_type=2 2 2 2 2 2 2 2 2 2 2 2 2 2 2 2 2 2 2 2 2 2 2 2 2 2 2 2 2 2
left_child=2 9 5 4 14 20 -3 -6 -9 10 11 12 16 22 15 -4 18 24 -2 21 -1 -14 25 -15 -18 26 -11 -28 -29 -8
right_child=1 6 3 -5 7 -7 29 8 -10 13 -12 -13 19 23 -16 -17 17 -19 -20 -21 -22 -23 -24 -25 -26 -27 27 28 -30 -31
leaf_value=0.060716667165708761 0.0053824494496364618 -0.027824640986564404 0.0027672463050228534 -0.01773988454694328 0.024331956104357746 0.012220399177680098 -0.02233786634025239 -0.011290734641733269 0.0032507859716537136 -0.0059390728743349041 0.023674440454310247 -0.015606343572091641 0.0096770560097049849 -0.035730954050673294 -0.027122888704182821 -0.028739003867519066 -0.037915935982354099 -0.0078424720012109112 -0.034864551542440808 -0.0026251339957882778 -0.049141114771034514 0.0077783524690948182 0.034663461714234615 0.044359582611652792 0.006358190777543727 -0.0041590940615958026 0.030423017539461441 0.012746173513764348 -0.021816591682209487 0.013956837511074672
leaf_weight=121629 2950 37842 51108 30446 176033 176205 46846 9355 180014 84404 2285 7296 12188 11034 8982 17938 4411 12169 3488 4558 3321 952 6767 1654 65296 185885 10952 6975 2574 4353
leaf_count=121629 2950 37842 51108 30446 176033 176205 46846 9355 180014 84404 2285 7296 12188 11034 8982 17938 4411 12169 3488 4558 3321 952 6767 1654 65296 185885 10952 6975 2574 4353
internal_value=0 -0.00386665 0.00364646 0.00141054 0.00223892 0.00716475 -0.0133978 0.00384249 0.000689771 -0.00187372 0.00295501 0.00191686 0.00354529 -0.00367284 -0.00527057 -0.00285193 0.000579269 0.0022976 -0.0212738 0.0183459 0.0116158 0.026112 -0.00297385 -0.0200655 0.00522756 -0.00343763 0.000492594 0.0124929 0.000920597 -0.00749089
internal_weight=0 514879 775031 473876 443430 301155 89041 365402 189369 425838 115593 113308 106012 310245 78028 69046 88314 81876 6438 17698 124950 13140 297557 12688 69707 290790 104905 20501 9549 51199
internal_count=1289910 514879 775031 473876 443430 301155 89041 365402 189369 425838 115593 113308 106012 310245 78028 69046 88314 81876 6438 17698 124950 13140 297557 12688 69707 290790 104905 20501 9549 51199
is_linear=0
shrinkage=0.1


Tree=28
num_leaves=31
num_cat=0
split_feature=0 20 4 3 2 0 146 3 2 141 137 13 2 63 5 137 2 20 4 4 6 127 123 18 5 13 63 64 20 6
split_gain=1461.76 891.647 656.355 465.725 414.651 374.522 335.527 285.455 282.826 333.426 261.857 248.903 243.964 242.518 241.63 297.587 421.337 353.344 281.233 233.461 239.054 371.206 343.658 248.541 239.713 231.128 226.463 220.641 218.612 218.184
threshold=1922222.0000000002 1.0000000180025095e-35 174094.35000000003 61279.165000000008 1967.5500000000002 7526457.5000000009 131239.00000000003 628015.50500000012 1377.7050000000002 0.17424242424242428 789780.00000000012 83040.000000000015 1664.0200000000002 41493.522222222229 1.5000000000000002 3142.5000000000005 266.27500000000003 5.5000000000000009 14744.320000000002 102959.26500000001 5.5833333333333348 0.13392857142857145 3808232.5000000005 1.0000000180025095e-35 3.0000000000000004 6806508.5000000009 0.035860777864371973 0.22998864521884238 10.500000000000002 7.8333333333333348
decision_type=2 2 2 2 2 2 2 2 2 2 2 2 2 2 2 2 2 2 2 2 2 2 2 2 2 2 2 2 2 2
left_child=1 3 7 4 8 19 10 14 -1 12 11 -6 -10 -5 -3 17 28 18 26 20 22 -22 -2 -24 -23 -7 -16 -28 -17 -21
right_child=5 2 -4 13 6 25 -8 -9 9 -11 -12 -13 -14 -15 15 16 -18 -19 -20 29 21 24 23 -25 -26 -27 27 -29 -30 -31
leaf_value=0.0091268695336778737 0.00030698465768460789 0.016757615165094466 -0.040726544965331096 0.0053659133916315275 0.030571351996379104 -0.041097872933530614 -0.074721102628582614 -0.024734670271584061 -0.026109741333217269 -0.050716073932958364 -0.13017984975653249 0.046737120459185634 0.043372999017216501 -0.0057943265879094527 0.0026893190822797732 -0.03117996953679484 -0.0050389663477433261 -0.0038628675116089335 -0.0047885172068424763 -0.043778797813820346 -0.002158270892329429 -0.010028523957634931 0.0082357050290305846 -0.027144860155902919 -0.0095382323011443983 -0.0027370029320321456 0.026768378585625377 0.0045485701582988706 0.0023622405852420235 -0.01245177191028371
leaf_weight=30604 18331 61808 17012 363574 176751 33120 2403 4331 2831 1069 1320 13959 4046 1153 112054 4973 148493 108199 24719 10685 53240 2264 2735 409 16878 7601 20387 34082 1792 9087
leaf_count=30604 18331 61808 17012 363574 176751 33120 2403 4331 2831 1069 1320 13959 4046 1153 112054 4973 148493 108199 24719 10685 53240 2264 2735 409 16878 7601 20387 34082 1792 9087
internal_value=0 0.00183308 -0.00112089 0.00449122 0.00798376 -0.00853885 0.00986223 -0.000489543 -0.00149065 -0.0183004 0.0103269 0.0106342 -0.0102241 0.00226023 -0.000275168 -0.00107261 -0.00462543 0.000769508 0.00335333 -0.00559002 -0.00350958 -0.00625853 0.00575581 0.0363014 -0.0182016 -0.0167673 0.00483081 0.0101201 -0.029032 -0.0154658
internal_weight=0 1.13556e+06 537850 597710 232983 154350 194433 520838 38550 7946 192030 190710 6877 364727 516507 454699 155258 299441 191242 113629 93857 72382 21475 3144 19142 40721 166523 54469 6765 19772
internal_count=1289910 1135560 537850 597710 232983 154350 194433 520838 38550 7946 192030 190710 6877 364727 516507 454699 155258 299441 191242 113629 93857 72382 21475 3144 19142 40721 166523 54469 6765 19772
is_linear=0
shrinkage=0.1


Tree=29
num_leaves=31
num_cat=0
split_feature=1 3 5 3 2 4 17 51 6 2 127 4 12 123 64 4 64 124 76 90 64 134 6 4 64 3 2 3 62 123
split_gain=1266.1 688.911 521.572 388.357 431.054 379.506 349.252 344.785 309.737 549.319 308.159 454.147 257.671 325.553 356.733 492.831 445.994 338.474 255.895 243.048 237.379 227.573 227.485 243.852 223.526 219.948 204.496 218.643 197.712 244.751
threshold=30657.000000000004 290444.55500000005 1.0000000180025095e-35 339022.17000000004 266.27500000000003 57526.05000000001 2.5000000000000004 1.0000000180025095e-35 5.5833333333333348 376940.95000000007 0.62019230769230782 2547.6200000000003 1.0000000180025095e-35 461286.00000000006 0.53613018059594453 2547.6200000000003 3.3169055274815749e-06 8.5000000000000018 10.500000000000002 0.78808036578914498 1.0847675124691785 7099636.0000000009 7.416666666666667 107750.32000000002 0.00031297569694912309 118785.82000000002 1854.3700000000001 1383.2900000000002 5052496.0000000009 5050696.5000000009
decision_type=2 2 2 2 2 2 2 2 2 2 2 2 2 2 2 2 2 2 2 2 2 2 2 2 2 2 2 2 2 2
left_child=2 8 5 4 -4 18 -5 22 9 10 26 -12 13 19 16 20 17 25 -1 -10 -16 -6 23 -3 -18 -15 27 -2 29 -24
right_child=1 7 3 6 21 -7 -8 -9 12 -11 11 -13 -14 14 15 -17 24 -19 -20 -21 -22 -23 28 -25 -26 -27 -28 -29 -30 -31
leaf_value=0.056152239391599038 0.0024958115449495114 -0.0087800059162540089 -0.0081104145995038214 -0.0085166108817467112 0.0091955346492217371 0.010789668805938525 -0.035424340334859944 0.014691497168406438 -0.0016432158644942144 0.021691863311570008 0.0067982111913652736 -0.0037705685036121261 0.033521693911898499 0.00071921664724898808 -0.0058199590659311967 -0.034036347999645125 0.024521429698879278 -0.026418114963215528 -0.046870020866934953 -0.042259730403138934 0.04181198019441662 -0.048560729404806463 -0.02075721696681199 -0.055702339831316006 -0.0013825136934973441 -0.0080919850306958915 0.00060836741461625101 -0.028713775030297897 0.049284465661070448 -0.059599837007470707
leaf_weight=115196 2947 19651 78028 63479 327830 183956 1415 4752 227149 2518 13744 6124 6549 2884 12970 11135 3181 2065 3315 7131 461 5665 39672 19228 30939 1635 87049 3523 4060 1659
leaf_count=115196 2947 19651 78028 63479 327830 183956 1415 4752 227149 2518 13744 6124 6549 2884 12970 11135 3181 2065 3315 7131 461 5665 39672 19228 30939 1635 87049 3523 4060 1659
internal_value=0 -0.00333471 0.00307083 0.00100894 0.00214271 0.00631852 -0.00618086 -0.0113288 -0.00164835 0.00275435 0.00172844 0.0130389 -0.00331543 -0.00374443 -0.00999022 -0.0195065 -0.00424689 -0.0280759 0.0107317 -0.00200437 -0.00660994 0.0037082 -0.0128066 -0.0184206 0.00035129 -0.0127489 -0.000674445 -0.0178268 -0.00799812 -0.0100666
internal_weight=0 511026 778884 476417 411523 302467 64894 89022 422004 115905 113387 19868 306099 299550 65270 24566 40704 6584 118511 234280 13431 333495 84270 38879 34120 4519 93519 6470 45391 41331
internal_count=1289910 511026 778884 476417 411523 302467 64894 89022 422004 115905 113387 19868 306099 299550 65270 24566 40704 6584 118511 234280 13431 333495 84270 38879 34120 4519 93519 6470 45391 41331
is_linear=0
shrinkage=0.1


Tree=30
num_leaves=31
num_cat=0
split_feature=0 20 4 3 2 1 64 3 134 146 123 2 141 95 4 133 84 5 127 4 64 92 4 3 4 20 20 137 20 2
split_gain=1136.36 787.985 671.957 407.027 334.329 282.991 277.842 269.255 240.579 236.861 228.629 214.565 308.276 205.99 198.456 200.684 194.051 192.256 197.512 251.302 201.189 197.273 195.499 375.856 354.389 351.972 307.407 210.833 208.752 285.37
threshold=4885671.0000000009 1.0000000180025095e-35 174094.35000000003 53263.170000000006 1967.5500000000002 789780.00000000012 1.3946494001897662 628015.50500000012 244594.50000000003 128735.00000000001 4741159.0000000009 1377.7050000000002 0.17424242424242428 1.0000000180025095e-35 3.4150000000000005 34.000000000000007 220025.50000000003 1.5000000000000002 0.93750000000000011 3334.6850000000004 0.53613018059594453 5.849921549520846e-05 0.28500000000000009 67658.875000000015 626.97500000000002 3.5000000000000004 2.5000000000000004 33165.500000000007 1.5000000000000002 13934.710000000003
decision_type=2 2 2 2 2 2 2 2 2 2 2 2 2 2 2 2 2 2 2 2 2 2 2 2 2 2 2 2 2 2
left_child=1 3 7 4 11 8 -2 10 9 16 13 -1 -13 17 -5 -16 -6 21 22 -20 -21 -3 23 28 -24 26 27 -25 29 -19
right_child=6 2 -4 14 5 -7 -8 -9 -10 -11 -12 12 -14 -15 15 -17 -18 18 19 20 -22 -23 24 25 -26 -27 -28 -29 -30 -31
leaf_value=0.0086980955335210774 -0.011153273386818149 0.025651175678688933 -0.034823633841011503 -0.0077679343511965039 0.040275196447892195 -0.056887275474980875 -0.044906901608308625 -0.020806822323262898 -0.0036289535465990675 -0.068719744239130132 0.0097879412855611716 -0.013427514016966314 -0.044865061148656474 0.032464009997729262 0.005932241492142421 -0.0078788935011874454 -0.053176339736141526 -0.016235180791158401 0.0059689717583437663 0.0054028568915746259 -0.007932449515132587 -0.0090039624412388674 0.0058725629998602541 -0.0085009701905520655 -0.0029161621744503677 -0.0043167717432537776 -0.055575304664708558 0.057192836639046653 -0.0018147504670225968 0.0097881558429689045
leaf_weight=30604 44313 48405 24517 4028 149257 2772 22785 6676 15862 1849 2544 6877 1069 4157 338392 53489 995 23633 29510 9353 6724 15800 129644 4455 175668 13861 2041 253 114922 5455
leaf_count=30604 44313 48405 24517 4028 149257 2772 22785 6676 15862 1849 2544 6877 1069 4157 338392 53489 995 23633 29510 9353 6724 15800 129644 4455 175668 13861 2041 253 114922 5455
internal_value=0 0.00118226 -0.00133058 0.0037467 0.00731361 0.00921281 -0.0121838 -0.000659959 0.00973582 0.010958 -0.000432623 -0.00109776 -0.0157392 -0.000562956 0.00186116 0.00208815 0.0113958 -0.000722009 -0.00136468 0.00491982 -0.00513929 0.00443821 -0.00197433 -0.00475203 -0.000476633 -0.0173827 -0.0361108 -0.0220587 -0.00294439 -0.0105121
internal_weight=0 1.22281e+06 617618 605194 209285 170735 67098 593101 167963 152101 586425 38550 7946 583881 395909 391881 150252 579724 515519 45587 16077 64205 469932 164620 305312 20610 6749 4708 144010 29088
internal_count=1289910 1222812 617618 605194 209285 170735 67098 593101 167963 152101 586425 38550 7946 583881 395909 391881 150252 579724 515519 45587 16077 64205 469932 164620 305312 20610 6749 4708 144010 29088
is_linear=0
shrinkage=0.1


Tree=31
num_leaves=31
num_cat=0
split_feature=1 5 3 137 51 4 2 3 4 2 64 4 62 4 0 15 64 123 3 93 62 126 6 0 2 4 6 20 4 4
split_gain=962.572 637.719 435.952 323.601 320.767 302.11 297.39 274.068 334.533 268.97 266.873 286.605 255.135 240.115 238.762 212.801 208.324 291.041 245.019 204.928 189.925 187.133 183.347 171.319 164.292 163.954 212.655 279.942 221.569 181.889
threshold=1473359.0000000002 1.5000000000000002 598458.83000000019 4.5000000000000009 1.0000000180025095e-35 12714.170000000002 1.4600000000000002 53263.170000000006 0.29500000000000004 45709.80000000001 0.21483741640584963 38790.115000000005 1601741.5000000002 199459.71500000003 434111.50000000006 1.0000000180025095e-35 0.55219994189256416 75743.000000000015 290444.55500000005 32.500000000000007 824188.00000000012 1.0000000180025095e-35 2.2500000000000004 550936.50000000012 173203.61500000002 10093.620000000001 4.8333333333333348 2.5000000000000004 56176.260000000002 32109.445000000003
decision_type=2 2 2 2 2 2 2 2 2 2 2 2 2 2 2 2 2 2 2 2 2 2 2 2 2 2 2 2 2 2
left_child=1 9 3 7 5 21 -5 -3 23 14 -10 24 13 20 -1 -4 -7 18 -18 -11 25 22 -2 -9 -12 -8 29 -28 -29 -27
right_child=4 2 15 6 -6 16 12 8 10 19 11 -13 -14 -15 -16 -17 17 -19 -20 -21 -22 -23 -24 -25 -26 26 27 28 -30 -31
leaf_value=0.05086175251002998 0.0039416799024942981 0.0089938796140818008 -0.012082565627009156 -0.012210178389845715 0.023566089347403035 -0.010835015575136858 -0.0012791261482852701 -0.0080096954503213521 0.0037838031664597874 0.0093891641340939028 -0.0041719011540274353 -0.020220075396000348 -0.015640943386079301 -0.051332933921900817 -0.018541094343873143 -0.024620408025167219 0.0097928230222474495 -0.041734379821894027 -0.0378767488868939 -0.029167463254833666 0.0077523385482066625 -0.023390299324724459 -0.0022385133083423631 0.0014998667356865758 0.0063192994375956034 0.0096577394521953387 -0.0087669052378578274 0.010297499239189436 -0.020207311619602597 -0.0024014639302599237
leaf_weight=121235 4205 213199 36147 14861 4960 36270 207091 13056 213818 213187 13787 12263 813 3337 2437 5546 6276 20262 10305 2654 15327 1676 74093 3243 8844 1838 13054 7179 5070 3877
leaf_count=121235 4205 213199 36147 14861 4960 36270 207091 13056 213818 213187 13787 12263 813 3337 2437 5546 6276 20262 10305 2654 15327 1676 74093 3243 8844 1838 13054 7179 5070 3877
internal_value=0 0.00145799 -9.57825e-05 0.000457022 -0.00687319 -0.0076841 -0.00229374 0.00202419 -0.000123049 0.00508416 0.000786487 -0.0073222 -0.00150017 -0.00132308 0.00880255 -0.0100487 -0.0123302 -0.0176265 -0.0078014 0.00295361 -0.00097218 -0.00343657 -0.00272885 -0.014002 -0.000650864 -0.00166672 -0.00844699 -0.0123821 -0.00152358 0.00897546
internal_weight=0 1.13186e+06 792350 750657 158047 153087 272447 478210 265011 339513 248712 34894 257586 256773 123672 41693 73113 36843 16581 215841 253436 79974 78298 16299 22631 238109 31018 25303 12249 5715
internal_count=1289910 1131863 792350 750657 158047 153087 272447 478210 265011 339513 248712 34894 257586 256773 123672 41693 73113 36843 16581 215841 253436 79974 78298 16299 22631 238109 31018 25303 12249 5715
is_linear=0
shrinkage=0.1


Tree=32
num_leaves=31
num_cat=0
split_feature=1 0 5 3 137 3 6 12 13 4 4 17 3 124 63 64 123 4 2 4 6 124 8 20 4 2 92 137 3 1
split_gain=854.042 429.164 411.984 324.648 399.483 317.886 369.495 348.406 341.258 307.07 305.277 295.218 270.281 268.337 257.889 416.69 394.06 306.517 260.914 492.341 257.664 249.764 253.201 241.992 273.794 240.961 215.785 215.728 215.289 213.137
threshold=88756.500000000015 8779832.5000000019 1.5000000000000002 339022.17000000004 4.5000000000000009 635145.47500000009 5.5833333333333348 1.0000000180025095e-35 508626.00000000006 105506.55000000002 57526.05000000001 2.5000000000000004 133603.97500000001 7.5000000000000009 0.37482782369146012 0.15155556150486046 226635.50000000003 2735.0100000000007 97798.830000000016 2.7850000000000006 8.4166666666666696 9.5000000000000018 1.0000000180025095e-35 5.5000000000000009 169814.38000000003 1.4600000000000002 2.5545810512918297e-05 392006.50000000006 83530.97500000002 423959.50000000006
decision_type=2 2 2 2 2 2 2 2 2 2 2 2 2 2 2 2 2 2 2 2 2 2 2 2 2 2 2 2 2 2
left_child=2 5 10 4 -4 6 8 14 9 12 26 -5 27 -10 21 23 18 -18 19 -17 -21 22 -8 24 -16 -6 -1 -2 -27 -24
right_child=1 -3 3 11 25 -7 7 -9 13 -11 -12 -13 -14 -15 15 16 17 -19 -20 20 -22 -23 29 -25 -26 28 -28 -29 -30 -31
leaf_value=0.052913576694088964 -0.00051031381484960379 -0.031927724433194304 0.0074753017485537756 -0.0077857306195192018 -0.010989160550861143 -0.03173087775320229 -0.0037743049061491098 0.026695983407167556 0.0040874572221058902 -0.026093670892003776 0.0077656242117902785 -0.027900283125676398 0.0092509884973383007 0.026353064615407304 0.013782345087020288 0.082304125711277196 -0.003227245446351024 -0.01513708558518586 0.0050541678056087039 -0.00078878200709707165 -0.0090258823936018012 -0.016953925949280784 -0.01106140011595922 -0.0036890889013741382 -0.039692417397237896 -0.00095420076977230654 -0.0069773953183451523 -0.021727924330565012 -0.012627700915867885 -0.035719642303961123
leaf_weight=118348 45540 34612 312855 66965 14861 12235 47044 8065 41522 5639 185720 1773 7935 2162 37313 3542 26062 23370 37137 21175 21689 4607 12698 24855 3321 129061 14341 2448 8627 14388
leaf_count=118348 45540 34612 312855 66965 14861 12235 47044 8065 41522 5639 185720 1773 7935 2162 37313 3542 26062 23370 37137 21175 21689 4607 12698 24855 3321 129061 14341 2448 8627 14388
internal_value=0 -0.00321367 0.00222184 0.000524592 0.00147205 -0.00229536 -0.00179808 -0.00366645 0.0032661 -0.00153061 0.00506902 -0.00589038 0.000712078 0.0100259 -0.00426256 -0.00234138 -0.005557 -0.012634 -0.00136959 -0.00636891 -0.00932981 -0.00910507 -0.007701 0.00418792 0.00894214 -0.00272362 0.00873227 -0.00211488 -0.00141791 -0.0154032
internal_weight=0 437359 852551 534142 465404 402747 390512 285266 105246 61562 318409 68738 55923 43684 277201 198464 132975 49432 83543 46406 42864 78737 74130 65489 40634 152549 132689 47988 137688 27086
internal_count=1289910 437359 852551 534142 465404 402747 390512 285266 105246 61562 318409 68738 55923 43684 277201 198464 132975 49432 83543 46406 42864 78737 74130 65489 40634 152549 132689 47988 137688 27086
is_linear=0
shrinkage=0.1


Tree=33
num_leaves=31
num_cat=0
split_feature=1 5 3 4 2 122 63 2 2 2 3 20 1 4 3 64 123 1 3 4 4 4 137 6 4 4 13 4 20 3
split_gain=716.42 429.204 325.291 244.86 276.603 369.989 268.033 235.055 400.574 323.053 321.159 316.943 231.699 227.662 261.055 230.073 316.76 316.655 288.572 227.102 219.564 243.79 211.417 229.455 207.319 205.22 203.544 202.321 197.557 224.708
threshold=1473359.0000000002 1.5000000000000002 598458.83000000019 0.42500000000000004 30484.115000000002 1.0000000180025095e-35 13309.714285714288 8001.8600000000006 13934.710000000003 1854.3700000000001 1383.2900000000002 10.500000000000002 15118351.500000002 468.52500000000003 10279.385000000002 0.63622606842762497 127289.00000000001 529440.50000000012 35486.265000000007 2385.5750000000003 9053.1400000000012 47943.080000000009 399976.50000000006 5.5833333333333348 185912.92000000004 169814.38000000003 197.50000000000003 13126.830000000002 1.0000000180025095e-35 9658.345000000003
decision_type=2 2 2 2 2 2 2 2 2 2 2 2 2 2 2 2 2 2 2 2 2 2 2 2 2 2 2 2 2 2
left_child=1 25 3 4 5 7 13 9 28 10 11 -3 24 14 -5 22 17 27 -19 -18 -21 -22 -15 -24 -2 -1 -10 -17 -9 -30
right_child=12 2 -4 6 -6 -7 -8 8 26 -11 -12 -13 -14 15 -16 16 19 18 -20 20 21 -23 23 -25 -26 -27 -28 -29 29 -31
leaf_value=0.02141141983959657 -0.0023493026795887717 -5.2268783184656669e-05 -0.012866766648441309 -0.0055768383678869386 -0.0059597610175536886 0.013120725664707856 -0.005947686460646584 0.077274159376668428 -0.065903346175024524 0.036958407294595298 -0.027347951535723905 -0.026249349813940767 -0.05768033782702784 0.0044508220128790634 0.013605467689116852 -0.00052745966947351783 0.0028777603646213514 -0.047964238407070876 0.0089228351651464335 -0.017113362634327202 -0.00059262895586335027 -0.030382270542361117 0.016854641471396814 -0.0084153742748813067 -0.038629701202721738 0.0019497236653579276 0.0066237480575243209 -0.0099605114037983541 -0.025801378375814921 -0.031466597465665699
leaf_weight=225609 128051 84852 41693 39678 27505 11320 6804 1051 1493 36347 4611 10735 12651 320312 76539 35632 4143 1347 15466 3745 5998 2790 965 11187 17345 113904 18454 16657 6595 6431
leaf_count=225609 128051 84852 41693 39678 27505 11320 6804 1051 1493 36347 4611 10735 12651 320312 76539 35632 4143 1347 15466 3745 5998 2790 965 11187 17345 113904 18454 16657 6595 6431
internal_value=0 0.00120923 -6.54603e-05 0.000412056 -0.0024917 -0.00107835 0.00153541 -0.00224024 -0.00967693 -0.00038718 -0.00331675 -0.0020733 -0.0059782 0.00178649 0.00570181 0.000698539 -0.00391892 -0.000933693 0.0110043 -0.0162891 -0.0229987 -0.0143583 0.00188988 -0.0110568 -0.00484878 0.00418408 -0.000561757 -0.00477223 -0.0225931 -0.0259581
internal_weight=0 1.13186e+06 792350 750657 209394 181889 541263 170569 34024 136545 100198 95587 158047 534459 116217 418242 85778 69102 16813 16676 12533 8788 332464 12152 145396 339513 19947 52289 14077 13026
internal_count=1289910 1131863 792350 750657 209394 181889 541263 170569 34024 136545 100198 95587 158047 534459 116217 418242 85778 69102 16813 16676 12533 8788 332464 12152 145396 339513 19947 52289 14077 13026
is_linear=0
shrinkage=0.1


Tree=34
num_leaves=31
num_cat=0
split_feature=64 123 4 4 18 3 8 20 137 3 6 4 4 92 124 2 1 64 90 20 90 13 62 20 2 146 134 2 0 1
split_gain=634.937 611.195 491.799 353.35 343.522 387.784 293.268 266.623 263.373 337.78 313.762 324.063 303.662 272.292 248.143 237.268 223.882 197.686 192.838 190.722 189.839 175.45 204.642 174.993 168.401 165.091 171.281 162.746 176.792 160.856
threshold=0.63622606842762497 226635.50000000003 177425.67500000002 2547.6200000000003 1.0000000180025095e-35 22220.060000000001 1.0000000180025095e-35 4.5000000000000009 6.5000000000000009 56038.110000000008 5.5833333333333348 0.29500000000000004 165664.93000000002 5.849921549520846e-05 4.5000000000000009 1.4600000000000002 260050.50000000003 1.1373806583871848 0.86647726659927871 23.500000000000004 0.50943295897346363 824288.00000000012 4147891.5000000005 2.5000000000000004 56006.060000000005 199658.00000000003 244594.50000000003 161284.24000000002 1000073.0000000001 2.5000000000000004
decision_type=2 2 2 2 2 2 2 2 2 2 2 2 2 2 2 2 2 2 2 2 2 2 2 2 2 2 2 2 2 2
left_child=4 2 21 17 8 -6 7 -7 9 13 14 27 15 20 -11 -10 29 -3 -13 -9 25 22 -2 -23 -25 26 -1 -12 -29 -15
right_child=1 3 -4 -5 5 6 -8 19 12 10 11 18 -14 16 -16 -17 -18 -19 -20 -21 -22 23 -24 24 -26 -27 -28 28 -30 -31
leaf_value=0.01969137300494574 -0.00040140394162861974 -0.0035529027052647378 -0.057638814168766865 -0.018133663898427708 0.016875060492726846 -0.034166279013612626 -0.0050095457901546854 -0.0080443984696507483 -0.0091659366862017373 0.0049383508598430789 -0.0024029807581098027 0.0012788916871906419 -0.029116497468704691 -0.066842311279273592 0.030391245708914646 0.00077631591288695122 -0.028429936056477163 0.039405801577887617 -0.03227393413309302 -0.040932779493704156 -0.049146594920063284 0.062820523982165588 -0.016934572330994557 -0.074638965888007044 0.012218508423728963 -0.069336044333170491 -0.004865974040980792 -0.0085763062399016946 -0.022473373927797326 0.011410415498509276
leaf_weight=219241 130499 23460 9753 31561 20520 5875 22341 9224 12636 62708 6483 415772 12512 5546 2484 210839 2823 772 6679 827 3165 5087 3542 630 7249 1152 17458 1481 743 36848
leaf_count=219241 130499 23460 9753 31561 20520 5875 22341 9224 12636 62708 6483 415772 12512 5546 2484 210839 2823 772 6679 827 3165 5087 3542 630 7249 1152 17458 1481 743 36848
internal_value=0 -0.00472713 -0.00152803 -0.0137156 0.00125329 -0.00617951 -0.012127 -0.0224955 0.00168227 0.00256529 0.000987614 9.96038e-06 -0.001246 0.0053011 0.00745349 -0.000397213 -0.00181971 -0.00463331 0.000403549 -0.0126033 0.00663703 -8.53247e-05 -0.00115979 0.0110224 0.00168762 0.00696078 0.00714457 -0.0190864 -0.0424286 -3.93617e-06
internal_weight=0 212553 156760 55793 1.07736e+06 58787 38267 15926 1.01857e+06 782583 496350 431158 235987 286233 65192 223475 45217 24232 422451 10051 241016 147007 134041 12966 7879 237851 236699 8707 2224 42394
internal_count=1289910 212553 156760 55793 1077357 58787 38267 15926 1018570 782583 496350 431158 235987 286233 65192 223475 45217 24232 422451 10051 241016 147007 134041 12966 7879 237851 236699 8707 2224 42394
is_linear=0
shrinkage=0.1


Tree=35
num_leaves=31
num_cat=0
split_feature=0 20 4 3 137 13 1 123 137 2 6 4 64 63 6 64 126 2 2 123 20 4 4 124 64 64 64 3 137 3
split_gain=579.134 412.784 375.544 248.084 198.619 295.772 297.577 195.486 191.005 219.683 177.727 196.565 172.737 167.208 317.774 268.079 228.51 220.73 217.492 209.962 213.144 184.669 292.251 277.719 201.693 171.464 167.998 166.179 162.799 182.325
threshold=4885671.0000000009 1.0000000180025095e-35 102959.26500000001 53263.170000000006 789780.00000000012 83040.000000000015 93166.000000000015 4742488.5000000009 19.500000000000004 85.995000000000019 8.4166666666666696 3.7050000000000005 1.3946494001897662 0.035860777864371973 5.416666666666667 0.20071809350723993 1.0000000180025095e-35 179814.52500000002 78604.325000000026 240672.00000000003 14.500000000000002 17229.275000000005 21941.185000000001 10.500000000000002 0.00024925263765462994 0.00031297569694912309 0.99999947370637032 486877.74000000005 10002.000000000002 41739.17500000001
decision_type=2 2 2 2 2 2 2 2 2 2 2 2 2 2 2 2 2 2 2 2 2 2 2 2 2 2 2 2 2 2
left_child=1 3 7 4 5 6 8 13 -1 -10 -5 -12 -2 16 17 21 -3 18 -15 28 -21 25 23 -23 -25 -16 -19 -18 29 -17
right_child=12 2 -4 10 -6 -7 -8 -9 9 -11 11 -13 -14 14 15 19 27 26 -20 20 -22 22 -24 24 -26 -27 -28 -29 -30 -31
leaf_value=0.023205077041616298 -0.0071253255874639213 -0.0023101785339853026 -0.015866300826984227 0.0062281955695879139 -0.11062734136989701 0.038207669478439947 -0.026099722042403975 0.023655060464553693 -0.037261023229827675 0.0078540015260664901 -0.0063693990297429282 -0.00071089892445446172 -0.031703452885920115 0.0093684706349528857 0.030896961001718751 0.0194153324320719 -0.00867206919876563 0.017475770093345663 -0.0013035490385115229 -0.0034307683111749741 -0.03453118956234591 0.0043349385490816465 0.0030249863219983133 0.013219641381192927 -0.032067184777819981 0.008295798721638015 0.0056677595633270149 -0.022954353127685703 -0.0042029004403840746 -0.0017762138238956349
leaf_weight=154191 44313 297451 41258 157145 1320 13752 7287 1221 7847 24888 2328 236436 22785 12940 6632 29760 8276 4406 12625 29033 3908 1477 14104 268 1801 58708 5455 686 54866 32743
leaf_count=154191 44313 297451 41258 157145 1320 13752 7287 1221 7847 24888 2328 236436 22785 12940 6632 29760 8276 4406 12625 29033 3908 1477 14104 268 1801 58708 5455 686 54866 32743
internal_value=0 0.00072545 -0.00109328 0.00258152 0.00536624 0.00561167 0.00460815 -0.000433536 0.00538101 -0.00155662 0.00110947 -0.000609409 -0.00881644 -0.000518392 0.00130232 -3.76916e-05 -0.00211517 0.010127 0.00522464 -0.00255649 -0.00961129 0.0045243 -0.00455185 -0.0302148 -0.0538601 0.006976 0.0228366 -0.0178479 -0.000576473 0.00291293
internal_weight=0 1.22281e+06 617618 605194 209285 207965 194213 576360 186926 32735 395909 238764 67098 575139 268726 233300 306413 35426 25565 150310 32941 82990 17650 3546 2069 65340 9861 8962 117369 62503
internal_count=1289910 1222812 617618 605194 209285 207965 194213 576360 186926 32735 395909 238764 67098 575139 268726 233300 306413 35426 25565 150310 32941 82990 17650 3546 2069 65340 9861 8962 117369 62503
is_linear=0
shrinkage=0.1


Tree=36
num_leaves=31
num_cat=0
split_feature=0 3 3 0 2 52 6 4 3 3 64 4 64 123 64 4 0 20 3 6 3 6 2 4 64 3 20 3 3 3
split_gain=527.397 344.206 275.673 361.109 301.566 274.138 257.521 265.234 519.048 346.187 348.851 329.276 269.165 230.312 276.097 254.075 226.95 333.406 224.234 212.558 202.196 195.981 184.805 178.484 228.631 182.544 191.765 162.993 371.552 219.337
threshold=41970.500000000007 712091.39500000014 82034.265000000014 353.50000000000006 266.27500000000003 1.0104875981739067e-06 5.5833333333333348 87683.285000000018 97837.580000000016 345614.19500000001 1.0847675124691785 0.42500000000000004 0.24667083073091975 461286.00000000006 0.50311164381420215 1.6650000000000003 1550.5000000000002 6.5000000000000009 67658.875000000015 11.41666666666667 143161.52000000005 4.166666666666667 376940.95000000007 4103.5100000000011 1.0003983371729721 469919.6700000001 4.5000000000000009 11730.050000000001 10279.385000000002 20341.975000000002
decision_type=2 2 2 2 2 2 2 2 2 2 2 2 2 2 2 2 2 2 2 2 2 2 2 2 2 2 2 2 2 2
left_child=2 5 4 19 16 6 7 8 18 10 22 -11 -9 -8 15 20 17 -1 27 -4 -15 -3 -10 24 -16 26 -25 28 -2 -29
right_child=1 21 3 -5 -6 -7 13 12 9 11 -12 -13 -14 14 23 -17 -18 -19 -20 -21 -22 -23 -24 25 -26 -27 -28 29 -30 -31
leaf_value=0.011957855617367175 -0.0038226216200468103 -0.064451873217932179 0.010014219102510102 -0.0078258616847808223 0.015669831996235263 0.023369746956655484 -0.0023870099973126143 0.0046599238914573965 0.008245546604510991 -0.022554867085269908 0.0018749828081441767 0.0023438914406318286 -0.021930238384948675 -0.0017527436656961182 -0.0075276329572617267 -0.00072436552722797832 -0.019488787615271713 -0.020785522879157067 -0.0072118537958148826 -0.0030338573667431316 -0.020344818645637849 -0.024655193225235583 0.022742866028846381 -0.035825647533205739 0.031426859229757957 0.027869393169281005 -0.013192501086726189 0.017454722307570916 -0.040442778168359915 0.00022241269682052867
leaf_weight=55999 28120 5954 120794 43715 351597 10119 257032 6297 11521 818 6834 6060 10749 5239 16598 46704 19489 18632 11660 180089 2336 8332 2568 9942 698 1374 5044 14418 1293 29885
leaf_count=55999 28120 5954 120794 43715 351597 10119 257032 6297 11521 818 6834 6060 10749 5239 16598 46704 19489 18632 11660 180089 2336 8332 2568 9942 698 1374 5044 14418 1293 29885
internal_value=0 -0.00234887 0.001802 -0.000322074 0.0034442 -0.00189852 -0.00224535 0.00154359 0.00329506 0.0151626 0.0215606 -0.00430019 -0.0100853 -0.00367565 -0.00809321 -0.00368091 -0.0015832 0.000926139 -0.000569379 0.000911823 -0.0206692 -0.0176476 0.0305537 -0.0152092 -0.00812667 -0.0226969 -0.0258954 0.00146884 -0.00430216 0.00530024
internal_weight=0 499595 790315 344598 445717 485309 475190 130223 113177 27801 20923 6878 17046 344967 87935 54279 94120 74631 85376 300883 7575 14286 14089 33656 17296 16360 14986 73716 29413 44303
internal_count=1289910 499595 790315 344598 445717 485309 475190 130223 113177 27801 20923 6878 17046 344967 87935 54279 94120 74631 85376 300883 7575 14286 14089 33656 17296 16360 14986 73716 29413 44303
is_linear=0
shrinkage=0.1


Tree=37
num_leaves=31
num_cat=0
split_feature=0 5 64 3 4 137 88 95 91 4 4 4 84 137 12 134 3 20 123 140 122 6 4 2 124 6 2 0 122 4
split_gain=455.216 328.998 288.602 214.701 244.875 201.282 193.033 188.308 184.386 215.452 168.689 227.882 227.424 209.205 184.788 213.396 177.79 226.505 329.477 244.004 221.516 164.527 155.822 286.084 219.118 210.582 202.342 209.217 184.482 251.293
threshold=3643419.0000000005 1.5000000000000002 0.21990514774955336 486877.74000000005 0.8450000000000002 1047926.0000000001 405739.50000000006 1.0000000180025095e-35 1.0000000180025095e-35 53292.670000000006 0.42500000000000004 117.48500000000003 97268.500000000015 95812.000000000015 1.0000000180025095e-35 173239.00000000003 24404.305000000004 3.5000000000000004 554177.50000000012 1.0000000180025095e-35 1.0000000180025095e-35 4.8333333333333348 14135.515000000001 198191.27000000005 12.500000000000002 24.750000000000004 83334.400000000009 899436.00000000012 1.0000000180025095e-35 4103.5100000000011
decision_type=2 2 2 2 2 2 2 2 2 2 2 2 2 2 2 2 2 2 2 2 2 2 2 2 2 2 2 2 2 2
left_child=1 8 6 7 -5 -4 -2 10 9 -1 12 13 16 -12 22 -16 20 19 -19 -18 -3 -7 23 26 -24 -26 27 28 -13 -30
right_child=2 3 5 4 -6 21 -8 -9 -10 -11 11 14 -14 -15 15 -17 17 18 -20 -21 -22 -23 24 -25 25 -27 -28 -29 29 -31
leaf_value=0.031994984469247444 0.0019331140124088956 -0.0034105699086749114 -0.01609863512526959 -0.020600053847839986 -0.0071697490282663541 -0.06141287983391619 -0.043525950573437645 0.026099565309198509 -0.010258199965725252 0.0055257142522367794 0.0044986864722251279 -0.00043953653331367808 -0.054311983551148718 0.092578857901683367 0.01327388337135842 -0.0021211302403382425 -0.0051012867713538098 -0.0055609113022278443 0.0059828881948771652 -0.09211514990685235 0.0099155717885215378 0.038866881521463836 -0.0033463506595027368 0.0078076234846135868 -0.025585751685858277 0.03013168420226895 -0.0043762024346535094 -0.0053026516710277753 0.035324697366962088 -0.00056193752917215183
leaf_weight=125691 32007 164661 51089 1008 66773 1582 2937 4305 20102 199507 93642 73139 982 5832 100795 103340 15322 23374 2963 1347 10036 6732 96610 14480 4916 1385 26845 13742 13199 11567
leaf_count=125691 32007 164661 51089 1008 66773 1582 2937 4305 20102 199507 93642 73139 982 5832 100795 103340 15322 23374 2963 1347 10036 6732 96610 14480 4916 1385 26845 13742 13199 11567
internal_value=0 0.000705013 -0.00651002 -0.000352126 -0.00575126 -0.010752 0.000701121 0.000115563 0.0033081 0.00388263 1.79068e-07 0.000920665 -0.00235483 0.00526068 -1.78161e-05 0.00222613 -0.00213824 -0.00789793 -0.00212434 -0.0170202 -0.000720349 0.00367769 -0.00180796 0.000216079 -0.00481659 -0.0228848 -0.00118226 0.000692041 0.00231384 0.00977354
internal_weight=0 1.19556e+06 94347 850263 67781 59403 34944 782482 345300 325198 778177 559492 218685 99474 460018 204135 217703 43006 26337 16669 174697 8314 255883 152972 102911 6301 138492 111647 97905 24766
internal_count=1289910 1195563 94347 850263 67781 59403 34944 782482 345300 325198 778177 559492 218685 99474 460018 204135 217703 43006 26337 16669 174697 8314 255883 152972 102911 6301 138492 111647 97905 24766
is_linear=0
shrinkage=0.1


Tree=38
num_leaves=31
num_cat=0
split_feature=0 18 23 3 8 3 13 137 64 20 63 20 6 6 2 137 1 3 93 128 134 20 52 137 20 123 63 88 67 64
split_gain=382.229 299.744 263.685 258.209 238.658 218.247 224.999 271.559 209.937 196.864 193.955 184.271 383.98 272.917 318.579 299.372 258.646 233.724 288.842 218.489 198.12 192.783 189.473 182.191 177.149 164.67 163.105 163.098 154.648 150.709
threshold=11981733.500000002 1.0000000180025095e-35 1.0000000180025095e-35 22220.060000000001 1.0000000180025095e-35 240491.57000000004 9040.0000000000018 7199.5000000000009 1.0003983371729721 4.5000000000000009 14525.521739130438 7.5000000000000009 14.583333333333334 8.4166666666666696 11964.915000000003 392006.50000000006 114642.50000000001 20341.975000000002 25.500000000000004 0.087121212121212141 255450.50000000003 8.5000000000000018 7.2066958001472929e-07 3362.5000000000005 23.500000000000004 390.50000000000006 0.11536642841436706 509136.50000000006 12.500000000000002 0.20071809350723993
decision_type=2 2 2 2 2 2 2 2 2 2 2 2 2 2 2 2 2 2 2 2 2 2 2 2 2 2 2 2 2 2
left_child=1 2 5 -3 9 10 7 25 27 -5 11 13 21 14 15 -1 20 -16 19 -19 28 23 -18 -13 -11 -7 -8 -2 -15 -28
right_child=8 3 -4 4 -6 6 26 -9 -10 24 -12 12 -14 16 17 -17 22 18 -20 -21 -22 -23 -24 -25 -26 -27 29 -29 -30 -31
leaf_value=0.0011595979538193792 0.0070109309518696476 0.010300404704886091 0.4322242334917008 -0.027798344684195942 -0.0050408394248515663 -0.00055030146361958467 -0.023481236780812712 0.080385664310159741 -0.047580514885845318 -0.006413656178585048 -0.0027036428757039334 -0.016677134061092166 0.061304690684821028 0.0086369963136101909 0.016746330820408505 -0.022856760322248232 -0.0046758354402309426 0.0045384931273246389 -0.02369768323104593 -0.020408324354225842 -0.012328282876856368 -0.0073048116734178688 0.058049302218365066 -0.047632035576180759 -0.036392433904403367 -0.017606332823828771 0.0019642564399324981 -0.089730343554655104 -0.079928590552394832 -0.0096603187145182165
leaf_weight=140701 9078 23437 34870 5874 40293 186114 10993 678 13054 9223 7226 6838 19042 238385 44749 2191 90683 215085 4282 1948 41684 79930 2740 3469 827 1586 21241 1299 2741 29649
leaf_count=140701 9078 23437 34870 5874 40293 186114 10993 678 13054 9223 7226 6838 19042 238385 44749 2191 90683 215085 4282 1948 41684 79930 2740 3469 827 1586 21241 1299 2741 29649
internal_value=0 0.000395127 0.00079368 -0.00554322 -0.00921942 0.000534347 -0.00207835 -0.000359792 -0.0124947 -0.0195838 0.00125949 0.00139131 -0.00245607 0.00192677 0.00371498 -9.35644e-05 -1.69684e-05 0.00576039 0.00442765 0.0049351 0.00149 -0.00517908 -0.00457886 -0.0180506 -0.0110834 -0.000587983 -0.00730981 -0.0018781 0.00259047 -0.00492371
internal_weight=0 1.26648e+06 1.18682e+06 79654 56217 1.15196e+06 250261 188378 23431 15924 901694 894468 109279 785189 408956 142892 376233 266064 221315 217033 282810 90237 93423 10307 10050 187700 61883 10377 241126 50890
internal_count=1289910 1266479 1186825 79654 56217 1151955 250261 188378 23431 15924 901694 894468 109279 785189 408956 142892 376233 266064 221315 217033 282810 90237 93423 10307 10050 187700 61883 10377 241126 50890
is_linear=0
shrinkage=0.1


Tree=39
num_leaves=31
num_cat=0
split_feature=0 18 3 64 8 5 2 137 20 20 5 88 5 123 0 62 93 123 6 2 6 2 3 13 137 137 20 141 137 2
split_gain=330.797 218.169 201.138 175.174 171.97 165.012 165.055 157.909 155.775 167.755 155.132 147.127 150.195 311.068 142.336 165.166 138.9 135.737 132.963 127.308 157.301 174.765 262.891 169.328 292.838 244.377 181.252 140.704 133.772 128.99
threshold=4167622.5000000005 1.0000000180025095e-35 22220.060000000001 0.18669497231610896 1.0000000180025095e-35 1.5000000000000002 37933.610000000008 2786310.5000000005 4.5000000000000009 23.500000000000004 1.5000000000000002 405739.50000000006 3.0000000000000004 4742489.5000000009 434111.50000000006 25898.000000000004 32.500000000000007 2500594.0000000005 5.416666666666667 1.2550000000000001 5.416666666666667 1854.3700000000001 1383.2900000000002 308.50000000000006 13296.500000000002 4509.0000000000009 11.500000000000002 0.63961038961038974 26.500000000000004 1169304.2650000001
decision_type=2 2 2 2 2 2 2 2 2 2 2 2 2 2 2 2 2 2 2 2 2 2 2 2 2 2 2 2 2 2
left_child=1 5 -3 11 8 6 14 -5 -4 -10 -9 12 13 -2 -1 -16 18 19 -8 -7 21 22 23 26 25 -25 28 -24 -21 -22
right_child=3 2 4 7 -6 17 16 10 9 -11 -12 -13 -14 -15 15 -17 -18 -19 -20 20 29 -23 27 24 -26 -27 -28 -29 -30 -31
leaf_value=0.034647590673613407 -0.00098734309903297725 0.0093055846887355916 -0.025405436514187352 -0.015598209038464143 -0.0041104050172994433 -0.0072512068860793449 0.020212158930538224 -0.063525906019766806 -0.0050721314758472875 -0.032753190513963026 0.083281322804109797 -0.038439173582783509 0.008253229174305118 -0.022351896291512505 -0.0020071778953489106 -0.081133415432265765 -0.020489978202635359 0.006744007732837811 0.001742590065183869 0.0047765784697989533 -0.0004884159556827639 0.0040695081397149968 -0.014293465066860382 -0.0091986922393805168 0.0197712721814465 -0.054690937932926988 -0.015530387689403314 -0.03820586197524134 0.057843027103536421 -0.012688802201088879
leaf_weight=107734 5343 23434 5763 47827 35748 15254 25600 975 9107 827 4305 2787 20438 541 1974 728 3044 9472 202238 8880 557851 125807 2985 19317 9404 3629 1925 999 9269 26705
leaf_count=107734 5343 23434 5763 47827 35748 15254 25600 975 9107 827 4305 2787 20438 541 1974 728 3044 9472 202238 8880 557851 125807 2985 19317 9404 3629 1925 999 9269 26705
internal_value=0 0.000516777 -0.00471101 -0.00603869 -0.008209 0.000862333 0.00270024 -0.00945608 -0.0169341 -0.00934655 0.00695538 0.00019605 0.0025094 -0.0115689 0.00587985 -0.0167894 0.00117936 6.97722e-05 0.00146287 -7.43512e-05 0.000105609 0.002671 -0.00195406 -7.20929e-05 -0.00454901 -0.0106399 0.00714263 -0.0267182 0.0102373 -0.000694062
internal_weight=0 1.20769e+06 74879 82216 51445 1.13282e+06 341318 53107 15697 9934 5280 29109 26322 5884 110436 2702 230882 791497 227838 782025 766771 182215 56408 52424 32350 22946 20074 3984 18149 584556
internal_count=1289910 1207694 74879 82216 51445 1132815 341318 53107 15697 9934 5280 29109 26322 5884 110436 2702 230882 791497 227838 782025 766771 182215 56408 52424 32350 22946 20074 3984 18149 584556
is_linear=0
shrinkage=0.1


Tree=40
num_leaves=31
num_cat=0
split_feature=0 20 6 6 4 2 64 4 6 123 3 4 64 1 13 88 2 137 137 20 64 64 4 4 123 137 67 64 88 134
split_gain=312.851 225.855 248.807 228.091 253.499 329.048 251.121 246.133 256.938 197.259 188.736 175.935 512.582 324.898 192.346 227.852 190.953 172.327 163.823 267.105 162.714 160.886 157.548 180.191 374.449 153.947 143.508 138.486 137.95 133.148
threshold=11981733.500000002 5.5000000000000009 18.583333333333339 8.4166666666666696 0.42500000000000004 346344.29500000004 0.18146385550212571 3207.7750000000001 24.750000000000004 114431.50000000001 635145.47500000009 56176.260000000002 6.6675817551645856e-05 391962.50000000006 102518.50000000001 1182745.5000000002 311685.24500000005 392006.50000000006 1727904.5000000002 2.5000000000000004 29.800385641333587 1.0003983371729721 94481.205000000016 0.42500000000000004 262110.50000000003 8095.0000000000009 12.500000000000002 0.92222383987092915 509136.50000000006 250217.00000000003
decision_type=2 2 2 2 2 2 2 2 2 2 2 2 2 2 2 2 2 2 2 2 2 2 2 2 2 2 2 2 2 2
left_child=1 3 10 4 5 18 22 -8 9 -9 -3 14 -13 -14 -6 -16 17 -15 -1 -20 -10 28 23 24 -5 -24 29 -19 -2 -25
right_child=21 2 -4 6 11 -7 7 8 20 -11 -12 12 13 16 15 -17 -18 27 19 -21 -22 -23 25 26 -26 -27 -28 -29 -30 -31
leaf_value=-0.00026529669721498859 0.0058349834895195102 -0.0036121492625088795 0.022668737385966586 -0.0064509507595740812 0.0044871837059693017 -0.01691397619892215 -0.00022522475136594889 -0.0059181617074563547 -0.0015990537373400207 -0.017920733176990108 -0.022887157416862848 0.0096090412953741666 -0.035571570287997893 -0.004233254620868993 0.0067728520655202301 -0.048728455958122835 -0.031199510422632248 0.010622918206738821 0.065657920718540236 -0.072896421475204226 0.045891005567479215 -0.041317293317980931 -0.0032549699078579411 0.011055810384421549 -0.01509684551625975 -0.039233857815637055 -0.063549034469787075 0.046770133939783909 -0.076913391840911241 -0.014897293083697517
leaf_weight=144968 9078 216424 25207 31759 128180 1692 35033 22967 970 10122 6785 150809 5606 2819 65483 801 9164 1530 224 790 706 13054 201965 184710 1713 3935 2885 667 1299 8565
leaf_count=144968 9078 216424 25207 31759 128180 1692 35033 22967 970 10122 6785 150809 5606 2819 65483 801 9164 1530 224 790 706 13054 201965 184710 1713 3935 2885 667 1299 8565
internal_value=0 0.00027125 -0.00243217 0.000930907 0.00241687 -0.00107913 -0.000576828 -0.00614538 -0.0121065 -0.0140414 -0.00349569 0.00383108 0.00148722 -0.0136461 0.00588725 0.0102607 -0.00558888 0.0100963 -0.000570936 -0.0406258 0.0260921 -0.0113902 0.000315584 0.00211656 -0.00466476 -0.00169297 0.0032737 0.031092 -0.00209632 0.00360416
internal_weight=0 1.26648e+06 248416 1.01806e+06 512733 147674 505330 69798 34765 33089 223209 365059 170595 19786 194464 66284 14180 5016 145982 1014 1676 23431 435532 229632 33472 205900 196160 2197 10377 193275
internal_count=1289910 1266479 248416 1018063 512733 147674 505330 69798 34765 33089 223209 365059 170595 19786 194464 66284 14180 5016 145982 1014 1676 23431 435532 229632 33472 205900 196160 2197 10377 193275
is_linear=0
shrinkage=0.1


Tree=41
num_leaves=31
num_cat=0
split_feature=0 3 52 3 4 2 6 4 3 64 3 2 62 6 123 3 63 4 20 62 0 20 0 20 64 4 123 64 4 123
split_gain=283.016 265.551 202.371 195.631 288.214 210.572 171.251 275.754 466.318 211.536 223.16 217.785 174.835 174.768 170.751 162.693 153.233 211.78 203.975 184.696 150.426 238.938 167.601 145.222 144.532 143.336 141.367 137.807 211.532 136.532
threshold=34456.500000000007 852767.94500000018 1.0104875981739067e-06 67149.74500000001 0.8450000000000002 266.27500000000003 5.5833333333333348 105506.55000000002 97837.580000000016 1.0847675124691785 394480.84500000003 264673.32500000001 3809836.0000000005 24.750000000000004 1179146.0000000002 64371.520000000011 0.37482782369146012 2.7850000000000006 1.5000000000000002 59315.500000000007 1550.5000000000002 6.5000000000000009 1666.5000000000002 1.0000000180025095e-35 0.051704104251109606 0.42500000000000004 97684.500000000015 0.004585867509958653 94481.205000000016 4742489.5000000009
decision_type=2 2 2 2 2 2 2 2 2 2 2 2 2 2 2 2 2 2 2 2 2 2 2 2 2 2 2 2 2 2
left_child=3 2 6 5 -5 20 7 8 15 10 11 29 -11 14 16 -2 19 18 26 -8 21 -1 23 -22 -9 -12 -18 -6 -29 -10
right_child=1 -3 -4 4 27 -7 13 24 9 12 25 -13 -14 -15 -16 -17 17 -19 -20 -21 22 -23 -24 -25 -26 -27 -28 28 -30 -31
leaf_value=0.010377329796142244 0.00095875070852445847 -0.061590064733350804 0.019065280410923754 -0.0085081649049695059 0.0013558794819456212 0.014146826770581256 -0.0086566967391812685 0.0033396597128885035 0.0054189833790140567 0.0052084571704729679 -0.014485895737930111 0.017702919449315489 -0.013958546024403874 0.021079033936696096 -0.0057714035967808518 -0.0052963409482032825 0.087649996795259144 -0.0013601003083755004 -0.0025148010614736375 -0.034690871087190961 -0.11156953687046645 -0.016932627236754674 -0.010803052653779776 -0.020318332111029382 -0.020664640167802142 0.0051549241709027858 0.0051881830719147093 -0.0038012983581108013 -0.052892762731016646 -0.0071969094928395379
leaf_weight=55999 73254 7714 10932 10464 356284 293773 94475 4395 9326 9828 636 6768 1894 13013 62659 14450 4602 172513 6636 2775 484 18632 17968 1037 11838 3096 3831 17929 2461 244
leaf_count=55999 73254 7714 10932 10464 356284 293773 94475 4395 9326 9828 636 6768 1894 13013 62659 14450 4602 172513 6636 2775 484 18632 17968 1037 11838 3096 3831 17929 2461 244
internal_value=0 -0.00178496 -0.00150488 0.00123967 -0.000350641 0.00282689 -0.00180137 0.00122619 0.00288749 0.0132631 0.019497 0.0245368 0.00258965 -0.00294124 -0.00336732 -0.000873604 -0.00232762 -0.000657566 0.0107113 -0.00554893 -0.00128943 0.000753515 -0.00911265 -0.0409861 -0.0110031 -0.0025659 0.0210319 0.000104128 -0.0078913 0.0148274
internal_weight=0 514879 507165 775031 387138 387893 496233 135729 119496 31792 20070 16338 11722 360504 347491 87704 284832 187582 15069 97250 94120 74631 19489 1521 16233 3732 8433 376674 20390 9570
internal_count=1289910 514879 507165 775031 387138 387893 496233 135729 119496 31792 20070 16338 11722 360504 347491 87704 284832 187582 15069 97250 94120 74631 19489 1521 16233 3732 8433 376674 20390 9570
is_linear=0
shrinkage=0.1


Tree=42
num_leaves=31
num_cat=0
split_feature=0 26 3 20 94 64 1 95 128 3 64 88 4 1 21 2 0 20 137 3 2 4 63 6 2 123 123 64 4 62
split_gain=251.801 180.43 193.482 164.08 179.458 149.454 169.124 141.537 137.589 164.444 127.287 126.577 121.359 183.547 168.089 164.164 117.883 115.859 219.753 238.055 264.2 161.889 157.239 228.22 214.548 263.16 189.089 178.629 177.164 166.896
threshold=11981733.500000002 2.5000000000000004 598458.83000000019 17.500000000000004 0.50008514363266066 9873.1616372391672 529440.50000000012 1.0000000180025095e-35 0.06458333333333334 27149.735000000004 1.0003983371729721 509136.50000000006 679675.66000000015 503085.00000000006 1.5000000000000002 623644.91500000015 332544.50000000006 1.0000000180025095e-35 83047.500000000015 20341.975000000002 34163.545000000006 162285.60000000001 0.11536642841436706 5.5833333333333348 228939.14500000005 108738.50000000001 4742489.5000000009 0.00049013461087545041 25336.875000000004 25898.000000000004
decision_type=2 2 2 2 2 2 2 2 2 2 2 2 2 2 2 2 2 2 2 2 2 2 2 2 2 2 2 2 2 2
left_child=1 2 5 4 12 7 16 8 17 -10 11 -2 13 -4 -14 -15 -7 18 -1 -20 -21 22 26 24 25 -24 -19 28 -25 -29
right_child=10 -3 3 -5 -6 6 -8 -9 9 -11 -12 -13 14 15 -16 -17 -18 21 19 20 -22 -23 23 27 -26 -27 -28 29 -30 -31
leaf_value=0.0029209160441643791 0.0051402181999958751 0.43858219943585247 -0.020647387413405081 -0.018853673406469873 0.012258125279412939 -0.0080806880367507161 -0.00030284476052296842 0.023082071755592844 0.012574481953797357 -0.016400290648548536 -0.03610314907903163 -0.066905138806324538 0.043636307730553187 0.018983754135482506 -0.010188574628419001 -0.00963898108380732 -0.010824762661920818 -0.0021824409269587176 0.083440688042328501 -0.10567266701095009 0.0088869015399910059 -0.01684785370860422 0.0097352481792774958 0.022553049151648387 0.010701758814574646 -0.0016004587425393125 -0.018101230469386827 0.0094801011092802492 -0.00423820996239954 -0.001431484954407697
leaf_weight=512236 9078 27625 19789 11005 3300 2660 6678 4692 2964 6324 13054 1299 12619 3724 25518 9946 1294 302126 7709 1703 4220 21651 14871 8944 10500 14684 420 46893 5397 176987
leaf_count=512236 9078 27625 19789 11005 3300 2660 6678 4692 2964 6324 13054 1299 12619 3724 25518 9946 1294 302126 7709 1703 4220 21651 14871 8944 10500 14684 420 46893 5397 176987
internal_value=0 0.000224756 4.65193e-05 -0.00453191 -0.00285661 0.000387636 -0.0114138 0.000497476 0.000425991 -0.0116953 -0.0102372 -0.00197053 -0.00390751 -0.00830302 -5.11733e-05 0.000608357 -0.0278046 0.000525768 0.00161038 0.0141413 -0.000934721 -0.000420935 -0.000104447 0.00161116 0.0085951 0.00423282 -0.00168243 0.00043686 0.0112563 -0.000256194
internal_weight=0 1.26648e+06 1.23885e+06 85901 74896 1.15295e+06 10632 1.14232e+06 1.13763e+06 9288 23431 10377 71596 33459 38137 13670 3954 1.12834e+06 525868 13632 5923 602473 580822 278276 40055 29555 302546 238221 14341 223880
internal_count=1289910 1266479 1238854 85901 74896 1152953 10632 1142321 1137629 9288 23431 10377 71596 33459 38137 13670 3954 1128341 525868 13632 5923 602473 580822 278276 40055 29555 302546 238221 14341 223880
is_linear=0
shrinkage=0.1


Tree=43
num_leaves=31
num_cat=0
split_feature=0 18 2 8 20 140 6 20 2 6 3 3 137 90 3 64 62 0 64 141 146 3 3 94 1 134 4 5 84 137
split_gain=224.956 143.153 141.355 145.929 148.117 157.011 178.943 136.701 134.531 143.869 179.432 245.524 170.064 142.546 156.654 190.353 133.452 135.786 132.584 131.322 126.453 122.211 121.971 120.122 140.283 129.21 154.584 153.857 121.782 113.351
threshold=3643419.0000000005 1.0000000180025095e-35 9893.2300000000014 1.0000000180025095e-35 4.5000000000000009 0.080128205128205135 4.8333333333333348 23.500000000000004 1.2550000000000001 5.416666666666667 11730.050000000001 9658.345000000003 3076812.0000000005 0.70295819320622599 191548.98500000002 0.99960050708512582 1835736.5000000002 1334019.0000000002 0.12816264125069893 0.63961038961038974 97386.500000000015 20341.975000000002 20842.630000000001 2506.5157210401899 236861.00000000003 370994.00000000006 0.42500000000000004 1.5000000000000002 37429.000000000007 666151.00000000012
decision_type=2 2 2 2 2 2 2 2 2 2 2 2 2 2 2 2 2 2 2 2 2 2 2 2 2 2 2 2 2 2
left_child=1 8 -3 4 5 -4 -7 -6 -1 10 11 -10 21 14 15 23 -17 -18 -2 -13 -16 -12 -23 25 -25 26 27 -11 -29 -20
right_child=18 2 3 -5 7 6 -8 -9 9 13 12 19 -14 -15 20 16 17 -19 29 -21 -22 22 -24 24 -26 -27 -28 28 -30 -31
leaf_value=-0.0069240677042184291 0.00044439610403779368 0.018106367089497113 -0.0076715082887199044 -0.0027448519041908762 -0.0028929015477503063 -0.069984905544346693 -0.048924782606523602 -0.028040754686085419 0.001982734202223513 0.23168046025297509 0.018554633948353907 -0.011312081861212853 -0.059843453229544596 -0.031066894096865277 -0.0034563107515531489 -0.0026519352999848202 -0.017030473485302938 -0.0017717433151308816 -0.010550926013384877 -0.029848846284123393 0.095477313014569659 -0.049317103156657195 0.0038815850052401181 -0.0067171848183551599 -0.041936199012903956 -0.00751433928246561 0.0066270339034330663 -0.0038745701220754825 -0.063861104739653965 0.0075509239923050604
leaf_weight=16964 31765 17642 4465 38280 9774 1640 1187 863 91946 10668 18477 2595 600 7254 241344 64114 310 1365 52801 992 3085 1062 109951 13460 2899 44972 419069 69980 605 9781
leaf_count=16964 31765 17642 4465 38280 9774 1640 1187 863 91946 10668 18477 2595 600 7254 241344 64114 310 1365 52801 992 3085 1062 109951 13460 2899 44972 419069 69980 605 9781
internal_value=0 0.000391802 -0.00387278 -0.00632381 -0.013769 -0.0247467 -0.0431879 -0.00624345 0.000672573 0.00080828 0.00306089 -0.000229929 0.00547753 0.00023016 0.000346309 0.00118294 -0.00390628 -0.031771 -0.00468018 -0.0258967 -0.0018013 0.00572365 0.00447032 0.00177906 -0.00666427 0.00203237 0.00249387 -0.00149803 -0.00318973 -0.00735091
internal_weight=0 1.19556e+06 73851 56209 17929 7292 2827 10637 1.12171e+06 1.10475e+06 225623 95533 130090 879125 871871 627442 65789 1675 94347 3587 244429 129490 111013 561653 16359 545294 500322 81253 70585 62582
internal_count=1289910 1195563 73851 56209 17929 7292 2827 10637 1121712 1104748 225623 95533 130090 879125 871871 627442 65789 1675 94347 3587 244429 129490 111013 561653 16359 545294 500322 81253 70585 62582
is_linear=0
shrinkage=0.1


Tree=44
num_leaves=31
num_cat=0
split_feature=0 20 20 128 3 3 26 6 20 3 137 13 4 124 64 123 20 6 3 136 62 137 13 4 3 2 2 137 3 1
split_gain=198.993 146.982 175.201 155.099 159.076 149.448 130.226 138.713 233.379 152.269 146.384 191.647 140.605 129.328 124.495 156.94 140.244 125.954 124.047 278.964 200.335 208.93 330.341 198.029 191.583 170.135 139.211 159.361 146.963 185.655
threshold=11981733.500000002 17.500000000000004 16.500000000000004 0.06458333333333334 40717.015000000007 599765.71000000008 2.5000000000000004 8.4166666666666696 6.5000000000000009 27904.140000000003 27583.000000000004 1610.5000000000002 1902.1000000000001 7.5000000000000009 0.25742915371139524 2546671.0000000005 1.5000000000000002 24.750000000000004 302884.29500000004 1.0000000180025095e-35 2489.5000000000005 1608.5000000000002 1610.5000000000002 7823.2200000000003 67658.875000000015 107708.69000000002 183554.85500000001 97338.500000000015 45099.170000000006 529440.50000000012
decision_type=2 2 2 2 2 2 2 2 2 2 2 2 2 2 2 2 2 2 2 2 2 2 2 2 2 2 2 2 2 2
left_child=1 2 3 6 -5 -3 7 8 18 10 11 -10 -11 -13 -9 17 -17 -16 20 -20 21 -1 -23 -21 -24 -26 27 28 -22 -30
right_child=-2 5 -4 4 -6 -7 -8 14 9 12 -12 13 -14 -15 15 16 -18 -19 19 23 26 22 24 -25 25 -27 -28 -29 29 -31
leaf_value=0.0041935753124245313 -0.019898927077958779 -0.0034077567769764117 0.094700576546258616 0.0064561777257971633 -0.017632067927688479 -0.017792872608827542 0.3946252441773398 -0.00054788684137525585 -0.018189790220738866 0.0030693686836067119 -0.03662401703802478 0.031206484397845149 -0.0052930807427719641 -0.045805630121194006 -0.0035664037293290487 -0.019972398180342063 -0.015827097654695164 0.030728779417040199 0.0017782840206399559 0.005460604188822573 0.0070338150430062198 -0.099980495480647566 -0.0033328056586169512 -0.037850747919260602 -0.055559254584093533 -0.0060353893384602697 0.0066785723299723392 0.0095916596593697105 -0.0058839913742987906 0.0009197949061794
leaf_weight=258702 23431 53501 7648 3256 5144 10631 27625 471646 20922 19167 8410 9312 23796 1174 76358 1641 3413 3146 59259 2674 42247 457 71782 8663 1280 1599 24981 17794 11217 19034
leaf_count=258702 23431 53501 7648 3256 5144 10631 27625 471646 20922 19167 8410 9312 23796 1174 76358 1641 3413 3146 59259 2674 42247 457 71782 8663 1280 1599 24981 17794 11217 19034
internal_value=0 0.000179303 0.000428106 0.000331524 -0.0132089 -0.00448526 0.000427401 0.000265623 0.00131692 -0.00361447 -0.00806948 -0.00493198 0.000514416 0.0061019 -0.000873127 -0.0044065 -0.0214935 -0.0033203 0.00210244 -0.00179428 0.002715 0.00147386 -0.00316886 -0.0161661 -0.00265003 -0.0279441 0.0063092 0.00448129 0.00239997 -0.00292074
internal_weight=0 1.26648e+06 1.20235e+06 1.1947e+06 8400 64132 1.1863e+06 1.15867e+06 602470 82781 39818 31408 42963 10486 556204 84558 5054 79504 519689 70596 449093 333820 75118 11337 74661 2879 115273 90292 72498 30251
internal_count=1289910 1266479 1202347 1194699 8400 64132 1186299 1158674 602470 82781 39818 31408 42963 10486 556204 84558 5054 79504 519689 70596 449093 333820 75118 11337 74661 2879 115273 90292 72498 30251
is_linear=0
shrinkage=0.1


Tree=45
num_leaves=31
num_cat=0
split_feature=0 3 52 2 4 2 4 6 3 1 62 64 123 3 20 13 138 137 5 20 6 0 20 13 137 0 62 93 137 2
split_gain=190.004 208.249 177.921 150.787 236.163 186.122 135.704 185.596 267.548 165.533 154.503 303.021 162.666 139.683 136.104 186.485 188.903 167.278 137.294 156.29 131.657 130.313 168.672 162.421 128.515 135.79 121.728 123.701 121.076 119.687
threshold=34456.500000000007 852767.94500000018 1.0104875981739067e-06 56006.060000000005 0.8450000000000002 266.27500000000003 44935.665000000008 7.5833333333333348 97837.580000000016 19398384.500000004 558295.50000000012 1.3830306507515977e-06 1179146.0000000002 421431.01000000007 7.5000000000000009 66306.000000000015 4.5000000000000009 2926674.5000000005 1.0000000180025095e-35 8.5000000000000018 5.5833333333333348 1550.5000000000002 6.5000000000000009 1610.5000000000002 2843435.0000000005 284929.50000000006 160354.50000000003 47.500000000000007 1.5000000000000002 361825.27000000008
decision_type=2 2 2 2 2 2 2 2 2 2 2 2 2 2 2 2 2 2 2 2 2 2 2 2 2 2 2 2 2 2
left_child=3 2 6 5 -5 21 7 8 14 13 11 -8 -12 29 15 -2 17 -17 -16 -20 -6 22 -1 -23 25 -9 27 -15 -22 -10
right_child=1 -3 -4 4 20 -7 10 24 9 -11 12 -13 -14 26 18 16 -18 -19 19 -21 28 23 -24 -25 -26 -27 -28 -29 -30 -31
leaf_value=0.0091535295615905229 -0.0038929847248767124 -0.051250531704570723 0.018176876734661191 -0.0074223525028523684 0.0091055844463005416 0.015998115750887634 0.0025194234245331185 0.00050056106420938559 0.0042978062930399902 -0.036591974851804543 0.0048252484126052771 -0.016227439555460854 -0.014989701867029349 -0.012619369807407816 -0.057482639132449324 0.001913890797554685 0.043680627439831213 -0.047136322852924101 -0.039554093783113899 -0.0031016776098596877 -0.00029197374995026948 -0.050430197957653772 -0.013235675383565454 -0.0092693496616848472 0.056169193461662839 -0.0033739171060132231 0.0045187441903156 0.040188867728278795 -0.0095927156830371493 0.012759303268671834
leaf_weight=55999 31453 7714 10932 11890 49731 229798 17643 83432 22953 2273 28958 30752 19377 1901 1602 74307 4487 619 2097 23589 376115 1637 18632 17852 3368 135751 5521 217 13377 5933
leaf_count=55999 31453 7714 10932 11890 49731 229798 17643 83432 22953 2273 28958 30752 19377 1901 1602 74307 4487 619 2097 23589 376115 1637 18632 17852 3368 135751 5521 217 13377 5933
internal_value=0 -0.00150034 -0.00125231 0.000977933 -0.000204011 0.002624 -0.00153031 -0.000716592 0.0017006 0.00903814 -0.00489103 -0.00888512 -0.000891985 0.0106676 -0.000360008 0.00119718 0.0037783 0.00258476 -0.00668657 -0.00491515 0.000172442 -0.00112153 0.000779933 -0.00840299 -0.00263852 -0.00293641 -0.00135786 -0.0217387 -0.000446206 0.0138478
internal_weight=0 514879 507165 775031 451113 323918 496233 399503 176952 38798 96730 48395 48335 36525 138154 110866 79413 74926 27288 25686 439223 94120 74631 19489 222551 219183 7639 2118 389492 28886
internal_count=1289910 514879 507165 775031 451113 323918 496233 399503 176952 38798 96730 48395 48335 36525 138154 110866 79413 74926 27288 25686 439223 94120 74631 19489 222551 219183 7639 2118 389492 28886
is_linear=0
shrinkage=0.1


Tree=46
num_leaves=31
num_cat=0
split_feature=1 62 0 52 3 95 4 62 141 92 26 6 4 0 127 2 64 6 134 20 4 3 124 85 20 67 4 2 18 13
split_gain=158.687 179.155 140.172 136.504 125.979 115.829 112.166 126.414 120.457 133.417 110.249 105.923 128.762 146.732 119.81 111.444 127.446 104.935 97.0487 95.4711 95.4122 94.2159 120.374 91.1107 90.265 87.3149 88.1069 83.4941 96.2121 94.412
threshold=1473359.0000000002 1566129.5000000002 1294999.0000000002 1.0105210398990684e-06 143161.52000000005 1.0000000180025095e-35 102959.26500000001 1113859.5000000002 0.36602870813397131 73.088888888888903 6.5000000000000009 5.5833333333333348 1163.3850000000002 13984792.500000002 0.93750000000000011 116062.57000000002 0.10588697443553279 7.8333333333333348 15957626.500000002 1.5000000000000002 76673.340000000011 751164.3550000001 9.5000000000000018 10.500000000000002 3.5000000000000004 12.500000000000002 13126.830000000002 1.2550000000000001 1.0000000180025095e-35 4.5000000000000009
decision_type=2 2 2 2 2 2 2 2 2 2 2 2 2 2 2 2 2 2 2 2 2 2 2 2 2 2 2 2 2 2
left_child=1 5 4 6 -3 10 8 -8 9 11 18 12 14 15 -2 24 -17 21 25 -10 -18 22 -9 -13 -14 27 -27 29 -29 -1
right_child=3 2 -4 -5 -6 -7 7 17 19 -11 -12 23 13 -15 -16 16 20 -19 -20 -21 -22 -23 -24 -25 -26 26 -28 28 -30 -31
leaf_value=0.0082754308621400853 -0.0025125817553282234 -0.015689131858723171 0.0043603777248998957 0.029348087522924188 -0.038659186628428516 0.022157535803952789 -0.036899049692781759 -0.008827226453434589 0.0064447016462002918 -0.049317893204118959 0.35645158182086106 -0.0036301220654543415 0.0053326723429075002 -0.011402155786345349 0.0028593478613041252 0.019813190616965751 0.0090368485785040885 0.018866956914326268 -0.02207193225668003 0.0019561823047543024 -0.014257748876476498 -0.048853936791992417 0.051058801580778003 0.012487219202119275 -0.022626171737908627 -0.0012837106052957072 -0.11116286134921449 0.0011916875682801539 -0.0036710838612093685 -0.0075768817042672354
leaf_weight=7413 11402 487 278 3755 557 4487 11533 7994 3342 1022 27301 82124 852 3946 2368 2176 6016 7424 11658 7329 1070 4214 400 539 541 1949 1753 998580 65187 12213
leaf_count=7413 11402 487 278 3755 557 4487 11533 7994 3342 1022 27301 82124 852 3946 2368 2176 6016 7424 11658 7329 1070 4214 400 539 541 1949 1753 998580 65187 12213
internal_value=0 0.000398332 -0.036393 -0.00298434 -0.053196 0.000441354 -0.00344281 -0.00875932 -0.00207543 -0.00304221 0.00037746 -0.00271117 0.00256096 0.00910328 -0.00437618 0.0152039 0.0191701 -0.00395752 0.000221487 0.00807677 0.0126697 -0.00951137 -0.00338643 -0.00452063 -0.0111672 0.000318812 -0.0150127 0.000371201 0.000490442 -0.00609192
internal_weight=0 1.13186e+06 1322 158047 1044 1.13054e+06 154292 31565 122727 112056 1.12605e+06 111034 28371 14601 13770 10655 9262 20032 1.09875e+06 10671 7086 12608 8394 82663 1393 1.0871e+06 3702 1.08339e+06 1.06377e+06 19626
internal_count=1289910 1131863 1322 158047 1044 1130541 154292 31565 122727 112056 1126054 111034 28371 14601 13770 10655 9262 20032 1098753 10671 7086 12608 8394 82663 1393 1087095 3702 1083393 1063767 19626
is_linear=0
shrinkage=0.1


Tree=47
num_leaves=31
num_cat=0
split_feature=64 4 2 123 4 4 6 1 3 63 123 3 1 64 122 2 133 128 1 2 20 6 76 5 4 2 6 13 2 123
split_gain=150.528 249.33 258.56 249.689 225.135 221.471 206.727 180.653 193.939 171.716 268.413 200.628 180.371 169.078 159.149 135.218 132.242 126.634 126.304 121.912 117.163 132.756 115.86 125.01 127.877 120.866 147.903 147.091 114.876 170.823
threshold=0.38791967935128963 4103.5100000000011 633213.91500000015 108738.50000000001 5834.7150000000011 220537.52500000002 4.166666666666667 529440.50000000012 27149.735000000004 0.40065242796743755 4742489.5000000009 23170.520000000004 308.50000000000006 2.3308541548375712 1.0000000180025095e-35 35898.020000000011 34.000000000000007 0.080128205128205135 369568.00000000006 89232.175000000003 1.0000000180025095e-35 5.5833333333333348 9.5000000000000018 3.0000000000000004 1378.0850000000003 1.4600000000000002 5.5833333333333348 4.5000000000000009 161284.24000000002 1925539.5000000002
decision_type=2 2 2 2 2 2 2 2 2 2 2 2 2 2 2 2 2 2 2 2 2 2 2 2 2 2 2 2 2 2
left_child=9 2 6 5 -5 7 -2 13 -9 10 12 14 16 -3 -11 -13 22 -14 -15 -20 21 -17 25 24 -24 27 -27 -1 29 -8
right_child=1 3 -4 4 -6 -7 28 8 -10 11 -12 15 17 18 -16 20 -18 -19 19 -21 -22 -23 23 -25 -26 26 -28 -29 -30 -31
leaf_value=0.021774029275832579 0.0066694208740425039 0.00042475122387802122 -0.016152789264564767 -0.019618406905959864 -0.0080750222664437207 -0.039387185867410239 -0.00097189360474252216 -0.088708227849415858 0.0040540103469732351 0.025424906846493435 -0.016184288372149001 -0.015519407054288871 -0.0022995691366156572 -0.0054070872985384853 0.031090088818399721 0.021620258289302897 -0.0066608888457684763 -0.017942529073004414 -0.011363862268003833 -0.007031117621168103 0.00069043510509520141 0.0041182417821760695 -0.0027753964778799546 0.0051114731660196755 -0.085676403601563159 0.017196901771636443 0.0041128473478452502 -0.0079531754468533025 0.0049928729292407891 -0.028923850741074588
leaf_weight=9975 14752 19342 6894 2631 39123 8110 72997 629 36728 33358 542 1947 312146 12832 11939 1367 72099 3710 1141 1134 96395 5778 1404 3919 2236 76815 400375 15290 24081 221
leaf_count=9975 14752 19342 6894 2631 39123 8110 72997 629 36728 33358 542 1947 312146 12832 11939 1367 72099 3710 1141 1134 96395 5778 1404 3919 2236 76815 400375 15290 24081 221
internal_value=0 -0.00226788 0.000987818 -0.00545067 -0.0117179 -0.0021762 0.00214429 -0.000407022 0.00440962 0.000505301 -1.87486e-05 0.00362808 2.37143e-05 -0.00563025 0.00919459 0.00123777 0.0010677 -0.00190032 -0.0135574 -0.0352732 0.00172873 0.0140844 0.0016344 -0.0106539 -0.0239976 0.00181927 0.00217614 -0.0049212 0.000471807 -0.00149875
internal_weight=0 240615 118945 121670 41754 79916 112051 71806 37357 1.0493e+06 898511 150784 897969 34449 45297 105487 582113 315856 15107 2275 103540 7145 510014 7559 3640 502455 477190 25265 97299 73218
internal_count=1289910 240615 118945 121670 41754 79916 112051 71806 37357 1049295 898511 150784 897969 34449 45297 105487 582113 315856 15107 2275 103540 7145 510014 7559 3640 502455 477190 25265 97299 73218
is_linear=0
shrinkage=0.1


Tree=48
num_leaves=31
num_cat=0
split_feature=3 128 146 118 127 0 64 4 123 1 64 62 2 0 3 5 134 62 123 3 62 2 13 1 4 2 3 20 20 20
split_gain=144.041 150.05 140.909 139.829 139.321 148.774 138.555 199.322 152.859 192.049 171.496 314.251 207.368 166.492 133.613 133.532 129.027 127.704 221.161 126.921 124.919 121.633 116.525 161.65 125.828 116.237 115.193 180.792 260.235 143.622
threshold=58854.630000000012 0.06458333333333334 199658.00000000003 0.51923076923076927 0.53137254901960795 34456.500000000007 0.043251907604740084 208897.82500000004 132506.50000000003 529440.50000000012 0.75549354587501494 1760576.0000000002 107708.69000000002 20601742.000000004 290444.55500000005 3.0000000000000004 1115247.0000000002 1979316.0000000002 4742489.5000000009 598458.83000000019 625065.00000000012 266.27500000000003 1368243.5000000002 294266.50000000006 4603.5500000000011 384932.14500000008 85.995000000000019 1.5000000000000002 5.5000000000000009 6.5000000000000009
decision_type=2 2 2 2 2 2 2 2 2 2 2 2 2 2 2 2 2 2 2 2 2 2 2 2 2 2 2 2 2 2
left_child=2 6 3 4 5 16 17 8 9 19 -11 13 -13 15 -14 -12 21 18 -2 20 -8 26 23 24 -6 -16 29 -28 -29 -1
right_child=1 -3 -4 -5 22 -7 7 -9 -10 10 11 12 14 -15 25 -17 -18 -19 -20 -21 -22 -23 -24 -25 -26 -27 27 28 -30 -31
leaf_value=0.0072062599550928091 -0.0004463131509369056 -0.01226708782693841 -0.066657017303025506 0.048022495774760678 0.017397263690267683 -0.001830278330281357 -0.0010404670513142528 -0.033729931774507164 -0.0045645445364136689 -0.0071868812357123281 -0.022574988418746493 -0.0025610853285370889 0.01250436100571138 -0.027015723693474093 -0.021417078191414963 0.013070880552746789 -0.15691424592679581 0.0077732347169803904 -0.013379921452760303 -0.01253348891670108 -0.029687374143916978 0.011508388250878099 0.0053742686877591983 -0.0014925768718665911 -0.00045703118600384232 0.00017102605807211831 0.027600923107978393 -0.026986956714310929 0.02212059473215286 -0.011686742529911257
leaf_weight=59175 477484 5917 1415 2208 18110 205462 36763 15903 67842 13081 1012 1891 5060 2179 2277 20712 1603 21244 525 6411 707 258568 2165 13925 6872 6454 3582 7393 4391 19579
leaf_count=59175 477484 5917 1415 2208 18110 205462 36763 15903 67842 13081 1012 1891 5060 2179 2277 20712 1603 21244 525 6411 707 258568 2165 13925 6872 6454 3582 7393 4391 19579
internal_value=0 -0.0010102 0.00110744 0.0011814 0.00108909 0.0006766 -0.000872138 -0.00324829 -0.00221411 0.00034205 0.00441313 0.00769345 -0.0033067 0.0149103 0.000951425 0.0175535 0.00191811 -1.40549e-05 -0.000351219 -0.00454406 -0.00231947 0.00204677 0.00671067 0.0054542 0.0102666 -0.0065418 -0.00103129 -0.00895135 -0.0149317 0.00051402
internal_weight=0 685462 604448 603033 600825 559753 679545 180292 164389 96547 52666 39585 15682 23903 13791 21724 354291 499253 478009 43881 37470 352688 41072 38907 24982 8731 94120 15366 11784 78754
internal_count=1289910 685462 604448 603033 600825 559753 679545 180292 164389 96547 52666 39585 15682 23903 13791 21724 354291 499253 478009 43881 37470 352688 41072 38907 24982 8731 94120 15366 11784 78754
is_linear=0
shrinkage=0.1


Tree=49
num_leaves=31
num_cat=0
split_feature=0 26 3 134 92 4 21 95 62 2 93 1 94 64 88 0 4 52 90 141 2 105 62 118 3 17 127 3 2 76
split_gain=125.944 109.791 102.715 101.424 99.0574 126.564 136.359 91.3552 90.4406 167.951 83.1564 107.065 91.1477 82.2854 98.0443 105.974 79.7515 93.1048 78.788 93.6815 78.4092 77.9065 73.6948 73.5809 84.8835 77.0476 88.3696 161.955 75.6042 75.3937
threshold=11981733.500000002 6.5000000000000009 598458.83000000019 22645024.500000004 0.0026333673122663952 703397.92000000004 1.5000000000000002 1.0000000180025095e-35 558295.50000000012 633213.91500000015 25.500000000000004 962845.50000000012 0.04083333333333334 1.0003983371729721 509136.50000000006 15331758.000000002 110017.70000000001 28.000000000000004 0.86647726659927871 0.17424242424242428 1189568.9100000001 47164.000000000007 3809836.0000000005 0.51923076923076927 52247.635000000002 2.5000000000000004 0.78888888888888908 353304.05000000005 1.2550000000000001 9.5000000000000018
decision_type=2 2 2 2 2 2 2 2 2 2 2 2 2 2 2 2 2 2 2 2 2 2 2 2 2 2 2 2 2 2
left_child=1 2 3 7 5 8 -7 10 -4 -10 18 12 -12 14 15 -2 -6 -18 21 -20 -17 23 -15 25 -25 28 -27 -28 -1 -30
right_child=13 -3 4 -5 16 6 -8 -9 9 -11 11 -13 -14 22 -16 20 17 -19 19 -21 -22 -23 -24 24 -26 26 27 -29 29 -31
leaf_value=-0.0052753821762916101 -0.012125657958746433 0.31996790217330029 -0.015755514798428169 -0.05286426974395745 0.011176140354295426 0.041522563402268543 -0.0080455999009457334 0.018311824935275139 0.012531142711537708 -0.012392228222913743 -0.11207655531754682 -0.0303664642898911 -0.0032371230081744587 -0.018473154792705903 -0.053555432265257101 0.050290343110826974 -0.028689570705516476 0.027541815374281971 -0.021281121035846385 0.029794736732364709 -0.02729291551560253 0.033185705562375427 -0.036029894854968929 0.049404624684292922 -0.0038477888789957282 -0.0016358890771786207 -0.0050935447560772574 -0.026180296164686114 0.00094604423192823361 -0.019735466445547759
leaf_weight=19297 3231 27301 26012 2415 3230 11574 25578 4705 4686 13697 920 1810 13103 9724 1299 4298 905 233 8933 1136 1549 3758 3330 1962 1361 35651 4915 261 1036902 16134
leaf_count=19297 3231 27301 26012 2415 3230 11574 25578 4705 4686 13697 920 1810 13103 9724 1299 4298 905 233 8933 1136 1549 3758 3330 1962 1361 35651 4915 261 1036902 16134
internal_value=0 0.000126683 -1.15167e-05 0.00023698 -0.00334717 -0.00413303 0.000173504 0.000279939 -0.00773695 -0.00236795 0.000222855 -0.00697405 -0.00401971 -0.00727232 -0.000625687 0.00305124 0.0113242 -0.0114403 0.000323667 -0.00848264 0.0110829 0.00040282 -0.0125559 0.000354438 0.0152128 0.000310083 -0.00395367 -0.0161637 0.000472417 0.000586083
internal_weight=0 1.26648e+06 1.23918e+06 1.15326e+06 85915 81547 37152 1.15085e+06 44395 18383 1.14614e+06 15833 14023 23431 10377 9078 4368 1138 1.13031e+06 10069 5847 1.12024e+06 13054 1.11648e+06 3323 1.11316e+06 40827 5176 1.07233e+06 1.05304e+06
internal_count=1289910 1266479 1239178 1153263 85915 81547 37152 1150848 44395 18383 1146143 15833 14023 23431 10377 9078 4368 1138 1130310 10069 5847 1120241 13054 1116483 3323 1113160 40827 5176 1072333 1053036
is_linear=0
shrinkage=0.1


Tree=50
num_leaves=31
num_cat=0
split_feature=3 21 7 4 62 6 64 3 6 1 64 53 1 124 3 2 137 63 0 3 127 5 92 3 94 118 3 88 20 64
split_gain=112.399 141.692 155.339 193.524 195.935 201.218 190.464 177.762 257.583 219.675 170.037 148.516 136.493 214.01 136.168 138.88 135.517 120.106 249.593 134.058 113.9 138.023 147.956 139.741 157.607 120.585 110.591 147.392 129.096 202.858
threshold=58854.630000000012 2.5000000000000004 1.0000000180025095e-35 122435.72000000002 575090.00000000012 24.416666666666668 4.8348022028456315e-05 87804.735000000001 5.5833333333333348 162717.50000000003 1.0847675124691785 2.227081354049337 3772997.0000000005 4.5000000000000009 597319.8550000001 598893.5900000002 3140290.5000000005 37177.55677655679 1334019.0000000002 64371.520000000011 0.53137254901960795 1.5000000000000002 5.849921549520846e-05 2590.7150000000006 1.9999901415848524 0.41428571428571431 160847.74000000002 1367591.5000000002 3.5000000000000004 1.0003983371729721
decision_type=2 2 2 2 2 2 2 2 2 2 2 2 2 2 2 2 2 2 2 2 2 2 2 2 2 2 2 2 2 2
left_child=20 2 -2 7 5 6 -5 17 9 14 12 16 -11 -14 -9 -16 26 -4 -19 -20 21 22 -1 -24 -25 -23 27 -10 -28 -30
right_child=1 -3 3 4 -6 -7 -8 8 11 10 -12 -13 13 -15 15 -17 -18 18 19 -21 -22 25 23 24 -26 -27 28 -29 29 -31
leaf_value=0.019100177893436543 0.00092397217509834209 0.012675502071042366 -0.0032397779161184867 -0.0080178401049781564 -0.0040092535593639136 0.028140997617948901 -0.039126789007275842 -0.0041675117233616861 0.0014268162730614199 0.0090426273848594804 0.0010916114702596235 0.043550349784746339 -0.00012548825797927392 0.02438565332207315 0.017131037143902447 -0.00026492489436382496 0.048820315209955438 -0.012454544253643896 0.0012720624980249535 -0.0021140348080090272 0.003362328469292897 -0.00068615955528841257 0.19397059632662136 -0.1301779003669889 -0.0072934091376190002 0.036513669207526391 -0.001180408122136409 -0.072375149316677212 -0.014131653254683499 0.0012846855767527877
leaf_weight=131175 356245 14335 64835 8070 23288 864 14205 13706 41466 12145 13121 515 7801 1805 1128 1846 4366 953 867 769 41072 417995 4588 2638 4648 2332 53052 442 35047 14591
leaf_count=131175 356245 14335 64835 8070 23288 864 14205 13706 41466 12145 13121 515 7801 1805 1128 1846 4366 953 867 769 41072 417995 4588 2638 4648 2332 53052 442 35047 14591
internal_value=0 -0.000881212 -0.00109134 -0.00270956 -0.0086709 -0.0151881 -0.0170247 -0.0016786 -0.00018835 0.00590695 0.0104216 -0.00229048 0.0158451 0.00693785 -0.00353166 0.0158649 -0.00247582 -0.00612192 -0.0272429 -0.00354523 0.000989423 0.00061878 0.00330183 -0.00738753 -0.0159961 -0.000294335 -0.00299992 0.00132915 -0.00476663 -0.00843215
internal_weight=0 685462 671127 314882 46427 23139 22275 268455 201031 51552 34872 149479 21751 9606 16680 2974 148964 67424 2589 1636 604448 563376 143049 11874 7286 420327 144598 41908 102690 49638
internal_count=1289910 685462 671127 314882 46427 23139 22275 268455 201031 51552 34872 149479 21751 9606 16680 2974 148964 67424 2589 1636 604448 563376 143049 11874 7286 420327 144598 41908 102690 49638
is_linear=0
shrinkage=0.1


Tree=51
num_leaves=31
num_cat=0
split_feature=26 1 3 4 4 64 6 62 20 6 141 64 123 6 0 53 89 63 63 134 93 0 4 84 4 137 20 94 6 20
split_gain=110.377 104.806 80.5294 124.88 186.576 144.02 252.983 221.125 135.03 141.045 121.504 116.201 112.212 102.401 109.501 105.427 97.5531 93.6197 104.522 90.9818 87.0779 116.182 87.144 172.592 159.9 145.883 161.371 137.105 108.922 155.248
threshold=2.5000000000000004 15118351.500000002 233421.54000000001 1.2850000000000004 6332.3750000000009 0.00018320025210025976 24.750000000000004 190269.50000000003 2.5000000000000004 5.166666666666667 1.0000000180025095e-35 0.0024643301121529781 4742489.5000000009 5.416666666666667 284929.50000000006 12.250000000000002 17101.500000000004 37177.55677655679 42716.044444444451 4875150.0000000009 25.500000000000004 1000073.0000000001 0.42500000000000004 97268.500000000015 117.48500000000003 95812.000000000015 2.5000000000000004 0.42712600466683953 4.166666666666667 20.500000000000004
decision_type=2 2 2 2 2 2 2 2 2 2 2 2 2 2 2 2 2 2 2 2 2 2 2 2 2 2 2 2 2 2
left_child=1 2 16 10 8 13 7 -7 -5 -10 12 -11 -4 14 -6 -15 17 19 -19 20 22 -22 23 -1 25 -24 -27 28 -26 -30
right_child=-2 -3 3 4 5 6 -8 -9 9 11 -12 -13 -14 15 -16 -17 -18 18 -20 -21 21 -23 24 -25 27 26 -28 -29 29 -31
leaf_value=-0.00089435513923898145 0.28743068551929385 -0.022899416029701514 -0.0063164662023029424 0.0082314575589002171 0.0086093326393067472 -0.018907111537990181 0.055723215017422001 -0.0049859476046288306 0.0087236317983964244 0.0089078787049093593 0.04922526363535415 -0.0047713894565797194 -0.019348164725368312 -0.0038689330113483855 0.025406707549123719 0.029283540813337186 -0.033716316575236938 -0.0044542612243750404 -0.00090790547599182796 -0.052999138666270151 -0.0086445711651598426 -0.026172162243307668 0.0057731581534718806 -0.046582190857208064 0.0040660063818121596 0.078549065495505721 -0.014218957487517626 -0.011849771234454298 0.00114516031232188 -0.017144445357810744
leaf_weight=244257 27625 12651 9355 13513 18121 14284 1714 50826 3980 7356 399 22317 273 150184 1193 1292 1194 1115 4567 4978 12657 1624 98145 1051 60409 4023 2313 29465 480916 8113
leaf_count=244257 27625 12651 9355 13513 18121 14284 1714 50826 3980 7356 399 22317 273 150184 1193 1292 1194 1115 4567 4978 12657 1624 98145 1051 60409 4023 2313 29465 480916 8113
internal_value=0 -0.000135091 -4.34087e-05 -0.00148811 -0.00110192 -0.0022423 -0.00617817 -0.00717647 0.00464314 0.00125264 -0.0124566 -0.00111834 -0.0146975 -0.000702339 0.00615503 -0.00157669 0.00040265 0.000438416 -0.0123594 0.000515126 0.000586307 -0.00716297 0.000705472 -0.00091134 0.00128584 0.00488645 0.019593 0.000636002 0.000992385 0.000497525
internal_weight=0 1.26228e+06 1.24963e+06 294807 284780 237614 66824 65110 47166 33653 10027 29673 9628 170790 19314 151476 954827 953633 5682 947951 942973 14281 928692 245308 683384 104481 6336 578903 549438 489029
internal_count=1289910 1262285 1249634 294807 284780 237614 66824 65110 47166 33653 10027 29673 9628 170790 19314 151476 954827 953633 5682 947951 942973 14281 928692 245308 683384 104481 6336 578903 549438 489029
is_linear=0
shrinkage=0.1


Tree=52
num_leaves=31
num_cat=0
split_feature=26 0 67 137 20 20 4 90 13 127 127 0 3 97 3 3 123 1 5 123 64 4 137 122 0 17 2 3 5 18
split_gain=107.751 97.7641 97.7419 94.1544 102.906 135.715 89.3124 81.7825 83.5996 76.7686 113.059 106.852 93.1172 74.601 73.4987 170.544 122.474 128.616 94.4405 92.1687 89.1272 114.863 134.349 94.558 80.4248 140.546 74.681 72.9411 72.6062 72.3491
threshold=6.5000000000000009 3494586.5000000005 8.5000000000000018 1380363.5000000002 4.5000000000000009 2.5000000000000004 14135.515000000001 0.70295819320622599 1380363.5000000002 0.84523809523809534 0.78888888888888908 378564.00000000006 309452.24000000005 1.0000000180025095e-35 86203.35500000001 113651.98000000001 1925539.5000000002 3140290.5000000005 3.0000000000000004 1884925.0000000002 0.10981949211319723 44.195000000000007 3522706.0000000005 1.0000000180025095e-35 3844427.0000000005 2.5000000000000004 109644.18000000001 382222.49000000005 3.0000000000000004 1.0000000180025095e-35
decision_type=2 2 2 2 2 2 2 2 2 2 2 2 2 2 2 2 2 2 2 2 2 2 2 2 2 2 2 2 2 2
left_child=1 3 14 7 5 6 -5 9 -9 10 13 27 -12 -1 16 26 18 -18 -3 -20 21 22 24 -23 25 -17 -16 -11 -7 -26
right_child=-2 2 -4 4 -6 28 -8 8 -10 11 12 -13 -14 -15 15 20 17 -19 19 -21 -22 23 -24 -25 29 -27 -28 -29 -30 -31
leaf_value=0.00024561816432754318 0.25910065113503472 -0.068185943696157755 0.081255219566307144 0.085065755971049095 -0.0068606968500277664 -0.054414718365001238 -0.031045020228026233 -0.01535790325501455 -0.066662947708565498 0.012329884213633235 -0.0045641128434863896 0.00012467408728590753 -0.023684434153672121 0.017709206363013409 -0.00042356883845543457 0.0063988128277737899 -0.023592876479958079 -0.016923020037395303 0.0051459290797773718 -0.00659296891685232 -0.0079252666580525016 -0.012061620608759894 0.049604675739160581 0.0086150428079953736 -0.0045488185585701004 -0.016162399350095859 0.013044434300789205 -0.015316659378612804 -0.0062474200822633334 -0.017304534013329532
leaf_weight=1083819 27301 728 428 635 14656 1235 483 8195 390 17458 4798 27544 343 4389 2565 860 443 586 2699 2470 55416 6114 807 15507 3989 194 4221 1038 337 262
leaf_count=1083819 27301 728 428 635 14656 1235 483 8195 390 17458 4798 27544 343 4389 2565 860 443 586 2699 2470 55416 6114 807 15507 3989 194 4221 1038 337 262
internal_value=0 -0.000127496 -0.00317291 0.000126756 -0.00718572 -0.0251642 0.00147025 0.000237248 -0.00948642 0.000310513 0.000142074 0.00431058 -0.0146526 0.000211968 -0.0033836 -0.00261917 -0.0133099 -0.0451437 -0.00775508 -0.00300582 -0.0038632 0.000764826 -0.0113394 0.00418656 -0.017122 0.00760535 0.012624 0.0101895 -0.0441065 -0.0232529
internal_weight=0 1.26261e+06 97289 1.16532e+06 17346 2690 1118 1.14797e+06 8585 1.13939e+06 1.09335e+06 46040 5141 1.08821e+06 96861 89935 6926 1029 5897 5169 83149 27733 6112 21621 5305 1054 6786 18496 1572 4251
internal_count=1289910 1262609 97289 1165320 17346 2690 1118 1147974 8585 1139389 1093349 46040 5141 1088208 96861 89935 6926 1029 5897 5169 83149 27733 6112 21621 5305 1054 6786 18496 1572 4251
is_linear=0
shrinkage=0.1


Tree=53
num_leaves=31
num_cat=0
split_feature=26 88 64 123 4 20 20 63 123 3 122 2 13 1 64 4 6 2 4 4 2 64 53 2 4 1 1 62 20 137
split_gain=105.757 93.7283 92.2288 175.058 160.349 150.767 175.471 143.24 180.796 151.308 137.467 128.714 113.826 136.994 109.026 276.976 133.896 108.646 172.231 169.204 210.168 134.106 101.519 98.9173 218.556 159.321 181.491 152.373 153.282 158.696
threshold=6.5000000000000009 1152641.0000000002 0.38791967935128963 240672.00000000003 220537.52500000002 14.500000000000002 4.5000000000000009 0.40065242796743755 4742489.5000000009 23170.520000000004 1.0000000180025095e-35 35898.020000000011 4739167.5000000009 529440.50000000012 2.8419586784946665e-05 44935.665000000008 4.166666666666667 645094.43000000005 3623.7750000000005 9053.1400000000012 134838.29500000004 1.3946494001897662 7.1414821589182176e-06 97798.830000000016 25336.875000000004 480992.00000000006 3772997.0000000005 1835736.5000000002 1.5000000000000002 10002.000000000002
decision_type=2 2 2 2 2 2 2 2 2 2 2 2 2 2 2 2 2 2 2 2 2 2 2 2 2 2 2 2 2 2
left_child=1 2 7 4 23 6 17 8 14 10 -9 -11 13 -8 -1 -16 -17 18 -5 21 -21 -20 -13 24 27 -25 -27 28 -4 -30
right_child=-2 -3 3 5 -6 -7 12 9 -10 11 -12 22 -14 -15 15 16 -18 -19 19 20 -22 -23 -24 25 -26 26 -28 -29 29 -31
leaf_value=5.9502765486444726e-05 0.23319058602153123 -0.030277876386364838 0.0059109817245636687 -0.00080065222781923191 -0.029072462941442015 -0.019700769697273801 -0.0094961881649445537 0.021233078591082991 -0.010743688623715613 -0.014688769670449875 0.027098850539119115 0.00059218499933255404 -0.011666154664586571 0.010502119116501465 0.0090820594311067197 0.0020350457632884937 -0.036727817625965033 0.017606258710545664 -0.018720493962629526 0.0013537407301050742 -0.01933747562288779 0.032662966136738643 0.022493811066678401 -0.0014857874019826968 -0.0069040825140437899 0.009826980902766928 -0.0019155512001178599 -0.0021396871829428045 0.0032744795372137816 -0.0065125878143829953
leaf_weight=850814 27301 4449 22180 18014 8288 9083 1425 33358 541 1947 11939 96616 2470 8933 6852 2049 6505 4972 1446 5584 13867 214 6924 30862 8419 26204 14723 1671 30802 31458
leaf_count=850814 27301 4449 22180 18014 8288 9083 1425 33358 541 1947 11939 96616 2470 8933 6852 2049 6505 4972 1446 5584 13867 214 6924 30862 8419 26204 14723 1671 30802 31458
internal_value=0 -0.000130601 -7.93666e-05 -0.00184005 -0.000181616 -0.006227 -0.00431794 0.000336975 -0.000157885 0.00318161 0.00801574 0.0011058 0.00597587 0.0105758 -0.000121792 -0.00845904 -0.0204596 -0.00731246 -0.00908192 -0.0152108 -0.0125954 -0.0458564 0.0015848 0.000494866 -0.00163038 0.00329334 0.00738419 -0.0001269 0.00046485 -0.00207816
internal_weight=0 1.26261e+06 1.25816e+06 240615 174607 66008 56925 1.01754e+06 866761 150784 45297 105487 12828 10358 866220 15406 8554 44097 39125 21111 19451 1660 103540 166319 94530 71789 40927 86111 84440 62260
internal_count=1289910 1262609 1258160 240615 174607 66008 56925 1017545 866761 150784 45297 105487 12828 10358 866220 15406 8554 44097 39125 21111 19451 1660 103540 166319 94530 71789 40927 86111 84440 62260
is_linear=0
shrinkage=0.1


Tree=54
num_leaves=31
num_cat=0
split_feature=26 3 134 137 138 88 2 0 0 64 128 13 4 94 3 1 20 21 123 4 52 0 93 1 94 6 20 64 123 4
split_gain=103.743 86.991 84.3074 84.2811 85.0816 83.455 81.4286 78.07 71.5376 99.6484 70.963 129.703 93.5437 69.2792 89.5371 105.125 107.448 91.1268 79.8136 79.0016 75.4917 71.9661 64.6366 91.523 68.9922 65.9801 202.726 129.092 180.064 123.409
threshold=295.00000000000006 598458.83000000019 22645024.500000004 13296.500000000002 8.5000000000000018 1182745.5000000002 285042.06000000006 84394721.000000015 20601742.000000004 2.0509650420296324 0.080128205128205135 2728.5000000000005 1.0950000000000004 0.92186866026032777 662773.1050000001 529440.50000000012 17.500000000000004 1.5000000000000002 185.50000000000003 110017.70000000001 28.000000000000004 2786345.0000000005 25.500000000000004 1635482.0000000002 0.04083333333333334 8.4166666666666696 6.5000000000000009 0.89957364251466465 127289.00000000001 0.42500000000000004
decision_type=2 2 2 2 2 2 2 2 2 2 2 2 2 2 2 2 2 2 2 2 2 2 2 2 2 2 2 2 2 2
left_child=1 2 5 4 13 7 -7 8 10 -10 22 -12 -13 14 15 -3 21 -16 19 -15 -21 -17 25 24 -24 26 29 -27 -29 -1
right_child=-2 3 -4 -5 -6 6 -8 -9 9 -11 11 12 -14 18 17 16 -18 -19 -20 20 -22 -23 23 -25 -26 27 -28 28 -30 -31
leaf_value=-0.00030491886152970369 0.2258634911415813 -0.012711708378139175 -0.047260521067841989 -0.02541749073588653 0.088846831965656292 -0.06107988102922584 -0.0047162180970853843 0.10793463462767752 0.038648149379013286 -0.034534692748639344 0.010227311687429266 -0.021797454922218351 -0.006759731096315536 0.010646230139153501 0.024680485129223408 0.017798712733035914 -0.016610167368623013 -0.0081109723219585979 -0.083070272641971324 -0.026417808852875049 0.020561217455434426 -0.0005000882967872933 -0.10040720905003597 -0.044065290505933469 -0.0039513978998488852 0.00030730045321594182 -0.0029069112017852563 -0.0016263416516261718 -0.0099011237894448927 0.0033612749800243872
leaf_weight=152854 23578 29628 2415 8898 500 1135 1866 246 806 3655 2897 2130 4262 3241 14145 4052 4978 23353 76 910 233 5248 917 978 13930 475532 114759 44329 14841 333518
leaf_count=152854 23578 29628 2415 8898 500 1135 1866 246 806 3655 2897 2130 4262 3241 14145 4052 4978 23353 76 910 233 5248 917 978 13930 475532 114759 44329 14841 333518
internal_value=0 -0.000108885 0.000127506 -0.00301488 -0.00206014 0.000166077 -0.0164885 0.000208954 0.000197064 -0.0124421 0.000245631 -0.00845974 -0.0164148 -0.00229965 -0.00296453 -0.00602946 0.00101922 0.000624164 0.00983567 0.011597 -0.0110077 0.00736598 0.000315846 -0.00603107 -0.00407924 0.000404275 0.0011231 -0.000403849 -0.00480872 0.00201512
internal_weight=0 1.26633e+06 1.17107e+06 95262 86364 1.16866e+06 3001 1.16565e+06 1.16541e+06 4461 1.16095e+06 9289 6392 85864 81404 43906 14278 37498 4460 4384 1143 9300 1.15166e+06 15825 14847 1.13583e+06 601131 534702 59170 486372
internal_count=1289910 1266332 1171070 95262 86364 1168655 3001 1165654 1165408 4461 1160947 9289 6392 85864 81404 43906 14278 37498 4460 4384 1143 9300 1151658 15825 14847 1135833 601131 534702 59170 486372
is_linear=0
shrinkage=0.1


Tree=55
num_leaves=31
num_cat=0
split_feature=26 1 124 128 13 4 13 6 138 3 4 64 0 62 63 3 63 4 123 20 0 2 3 1 13 2 0 21 20 4
split_gain=102.659 80.0924 71.2805 67.8061 101.637 81.0651 65.3353 62.7596 148.81 136.153 266.4 276.975 178.505 142.218 124.805 111.983 141.066 120.09 126.495 102.604 90.9666 113.84 85.7183 122.824 147.565 130.293 147.741 108.809 121.951 222.179
threshold=295.00000000000006 19398384.500000004 4.5000000000000009 0.080128205128205135 2728.5000000000005 0.8650000000000001 1.5000000000000002 5.5833333333333348 4.5000000000000009 121500.34500000002 87683.285000000018 0.054476577190168324 155310.50000000003 2112600.0000000005 22571.852272727276 345614.19500000001 69.280350877192987 0.42500000000000004 1160966.5000000002 23.500000000000004 4570324.0000000009 163411.13500000004 182131.69500000004 68710.000000000015 97319.000000000015 105794.34500000002 365677.50000000006 2.5000000000000004 2.5000000000000004 6714.3600000000015
decision_type=2 2 2 2 2 2 2 2 2 2 2 2 2 2 2 2 2 2 2 2 2 2 2 2 2 2 2 2 2 2
left_child=1 3 -3 7 6 -6 -5 8 9 13 12 -12 -11 -1 -10 16 -14 18 -17 -13 21 -15 23 -9 25 26 -25 28 29 -24
right_child=-2 2 -4 4 5 -7 -8 22 14 10 11 19 15 20 -16 17 -18 -19 -20 -21 -22 -23 27 24 -26 -27 -28 -29 -30 -31
leaf_value=-0.00030404770713101661 0.2032771420274232 -0.035706022270881113 0.0011023862097863546 -0.038574717769182476 -0.020001785207813046 -0.0064105303927333053 0.012708353128574813 0.0039319906305085089 0.036013152724462864 0.00084638979496345673 0.010177751093710124 -0.014738587196273323 0.010256337897113723 -0.014812157569698562 -0.0019784920758089144 0.0098017567705014387 -0.0042238895228338923 0.0066187498069081533 -0.011301877822319397 0.011758726085308856 -0.011608455544645624 0.005700384975681521 0.0082106418853653898 -0.0072523055386852333 -0.00017406303271797486 0.0053290802174147528 -0.0059276055603323906 0.012046355610382815 -0.0070801635534445727 -0.0031873583729452371
leaf_weight=208498 23578 5834 4546 266 2148 4799 2728 429519 12376 10845 29367 14198 11762 241 510 201 1390 4663 494 1465 335 258 14543 27748 167293 8492 14265 8310 73540 205698
leaf_count=208498 23578 5834 4546 266 2148 4799 2728 429519 12376 10845 29367 14198 11762 241 510 201 1390 4663 494 1465 335 258 14543 27748 167293 8492 14265 8310 73540 205698
internal_value=0 -0.00010902 -0.00885704 -3.67208e-05 -0.00826282 -0.0149008 0.00713941 2.89092e-05 0.00129866 0.000821299 0.00449621 -0.000335656 0.0119082 -0.000484561 0.0118089 0.0178771 0.0228417 0.00569094 -0.0330877 -0.0110746 -0.041697 -0.0146368 -0.000367771 0.000281343 -0.00165307 -0.00639042 -0.00867395 -0.00175868 -0.00207788 -0.000900558
internal_weight=0 1.26633e+06 10380 1.25595e+06 9941 6947 2994 1.24601e+06 296603 283717 74385 45030 29355 209332 12886 18510 13152 5358 695 15663 834 499 949408 647317 217798 50505 42013 302091 293781 220241
internal_count=1289910 1266332 10380 1255952 9941 6947 2994 1246011 296603 283717 74385 45030 29355 209332 12886 18510 13152 5358 695 15663 834 499 949408 647317 217798 50505 42013 302091 293781 220241
is_linear=0
shrinkage=0.1


Tree=56
num_leaves=31
num_cat=0
split_feature=26 88 2 64 4 137 13 6 63 64 123 4 3 20 2 2 123 4 122 137 20 2 138 2 20 4 0 4 0 4
split_gain=99.9928 73.861 76.3685 66.0971 143.234 157.634 164.291 138.02 125.885 166.175 152.645 145.468 129.078 117.584 112.889 124.968 170.315 128.469 111.429 102.3 273.718 99.3872 95.9255 156.692 127.498 89.3125 129.807 86.8112 111.664 101.43
threshold=6.5000000000000009 1121985.0000000002 273169.86000000004 0.38791967935128963 4103.5100000000011 4509.0000000000009 8093.0000000000009 4.166666666666667 0.11536642841436706 2.8419586784946665e-05 4742489.5000000009 44935.665000000008 23170.520000000004 3.5000000000000004 633213.91500000015 161284.24000000002 1925539.5000000002 1291.2650000000003 1.0000000180025095e-35 19817.500000000004 1.5000000000000002 340235.22500000003 5.5000000000000009 35898.020000000011 1.0000000180025095e-35 8.7550000000000008 403728.00000000006 5834.7150000000011 236619.50000000003 37715.375000000007
decision_type=2 2 2 2 2 2 2 2 2 2 2 2 2 2 2 2 2 2 2 2 2 2 2 2 2 2 2 2 2 2
left_child=1 3 -3 8 7 27 13 -5 9 10 -1 -11 18 -7 15 16 19 -17 25 -9 -21 -19 23 -14 -25 -10 -27 28 -6 -29
right_child=-2 2 -4 4 5 6 -8 14 12 11 -12 -13 22 -15 -16 17 -18 21 -20 20 -22 -23 -24 24 -26 26 -28 29 -30 -31
leaf_value=-1.3903653400770822e-05 0.17515019758819161 -0.054431372485132724 -0.0091613971623881081 0.0044984211417071485 0.0036685741316018652 -0.0076127000813635201 -0.00057366459485581314 0.00071768775545004719 0.064110082428822324 0.0023878745872209636 -0.0094623047282570028 -0.03415439485316684 -0.014117494014579271 0.04243981757028354 -0.011312644298724205 0.0012097521318664183 -0.022450368224714634 0.026417369548068382 0.024343773513000457 0.063122975112593419 -0.01454036636861452 -0.00024898954268297302 -0.0065906840099848908 0.0079893058367266154 0.0014427284646411521 0.019827954890220711 -0.026531957263552383 -0.0011940569138553681 -0.015952254431539276 -0.011479479292091394
leaf_weight=850758 27301 1160 3336 15442 1382 576 44719 52981 3241 3973 541 5845 1222 1512 6204 16805 221 5138 11939 2849 17167 2138 18651 6206 84159 29813 1150 35463 3237 34781
leaf_count=850758 27301 1160 3336 15442 1382 576 44719 52981 3241 3973 541 5845 1222 1512 6204 16805 221 5138 11939 2849 17167 2138 18651 6206 84159 29813 1150 35463 3237 34781
internal_value=0 -0.000115086 -0.0129095 -6.93642e-05 -0.00155988 -0.00397225 0.000579844 0.000907756 0.000283109 -0.000190894 -4.17099e-05 -0.0131264 0.00289322 0.0279976 -0.000407994 0.00042594 -0.00162935 0.00667503 0.00733387 -0.00136398 -0.00745454 0.0177753 0.00103447 0.00236565 0.00284664 0.00443057 0.00277733 -0.00681838 -0.020098 -0.00594516
internal_weight=0 1.26261e+06 4496 1.25811e+06 240615 121670 46807 118945 1.0175e+06 861117 851299 9818 156381 2088 103503 97299 73218 24081 46143 72997 20016 7276 110238 91587 90365 34204 30963 74863 4619 70244
internal_count=1289910 1262609 4496 1258113 240615 121670 46807 118945 1017498 861117 851299 9818 156381 2088 103503 97299 73218 24081 46143 72997 20016 7276 110238 91587 90365 34204 30963 74863 4619 70244
is_linear=0
shrinkage=0.1


Tree=57
num_leaves=31
num_cat=0
split_feature=26 0 64 88 123 0 6 4 6 138 138 4 5 3 3 5 3 0 13 20 64 2 2 2 4 5 20 2 123 3
split_gain=95.6743 69.6087 68.1746 87.827 86.1958 84.0171 64.866 107.037 62.9296 170.548 210.806 139.065 184.098 133.658 137.103 110.158 108.222 157.093 161.421 113.652 108.018 101.412 94.3368 90.719 113.074 244.477 223.47 182.772 182.329 236.547
threshold=295.00000000000006 13984792.500000002 1.0003983371729721 693493.00000000012 3808814.5000000005 15331758.000000002 4.166666666666667 76673.340000000011 8.4166666666666696 5.5000000000000009 4.5000000000000009 68490.210000000006 1.5000000000000002 2421.7650000000003 1383.2900000000002 1.5000000000000002 24404.305000000004 307200.50000000006 329715.50000000006 14.500000000000002 11.655525601931894 42117.115000000005 1.0750000000000004 3971.9950000000003 0.42500000000000004 1.0000000180025095e-35 2.5000000000000004 24816.175000000003 554177.50000000012 107254.33500000002
decision_type=2 2 2 2 2 2 2 2 2 2 2 2 2 2 2 2 2 2 2 2 2 2 2 2 2 2 2 2 2 2
left_child=1 8 3 5 -4 -3 7 -7 9 10 13 -11 -13 14 15 22 17 19 -19 -10 -12 -20 -1 -15 25 -25 -27 -28 -29 -30
right_child=-2 2 4 -5 -6 6 -8 -9 16 11 20 12 -14 23 -16 -17 -18 18 21 -21 -22 -23 -24 24 -26 26 27 28 29 -31
leaf_value=-0.064643125090619424 0.16543440806586168 -0.012541305100376154 -0.015253411799695461 -0.046536981086740294 -0.034378547987108841 0.046550763889640738 0.038046353223086388 -0.092314640803968326 0.0062865877923586671 -0.0021862063574378311 0.083974987500995468 0.0097336850439208224 -0.028245915645266847 0.053063508825796336 -0.021967028014482224 -0.0033501643623981892 -0.0024512531267117058 -0.022414256067716267 -0.0055471790120335436 0.08353944793462463 -0.043626896623314419 0.082544353975635476 0.17553131931843 -0.1047399016143855 0.0022298731096899948 -0.0045859665994428143 0.013335966418594671 -0.0059729594376764401 0.0070651700491082721 -0.00027847847498930649
leaf_weight=800 23578 1946 9312 1148 1985 780 4327 793 127310 51288 12150 2415 6228 11605 17379 77883 435261 4623 8191 14940 673 1137 16299 994 393259 23434 16343 18362 2025 3442
leaf_count=800 23578 1946 9312 1148 1985 780 4327 793 127310 51288 12150 2415 6228 11605 17379 77883 435261 4623 8191 14940 673 1137 16299 994 393259 23434 16343 18362 2025 3442
internal_value=0 -9.7569e-05 -0.00590752 0.00058876 -0.0110795 0.00436869 0.0103117 -0.0070788 -2.95756e-06 0.000672571 0.001185 -0.0044119 -0.0161462 0.000905487 -0.00219261 -0.000698415 -0.000750574 0.00150744 -0.00861907 0.00250059 0.0138677 -0.00104647 0.00656972 0.00164698 0.00142567 -0.00245172 -0.00168268 0.00284444 -0.00274164 0.0132893
internal_weight=0 1.26633e+06 20291 8994 11297 7846 5900 1573 1.24604e+06 654579 594648 59931 8643 581825 112361 94982 591462 156201 13951 142250 12823 9328 17099 469464 457859 64600 63606 40172 23829 5467
internal_count=1289910 1266332 20291 8994 11297 7846 5900 1573 1246041 654579 594648 59931 8643 581825 112361 94982 591462 156201 13951 142250 12823 9328 17099 469464 457859 64600 63606 40172 23829 5467
is_linear=0
shrinkage=0.1


Tree=58
num_leaves=31
num_cat=0
split_feature=26 1 124 3 95 76 4 21 123 6 4 64 2 6 4 3 6 3 3 64 0 1 127 3 2 4 2 3 2 2
split_gain=89.527 69.3979 68.9366 69.0708 64.618 59.2 116.752 67.8085 83.5617 95.0233 190.891 139.244 117.311 134.546 104.511 117.71 204.57 160.096 116.901 121.427 170.145 94.2834 94.1118 135.957 155.006 143.58 116.735 84.0831 156.612 128.524
threshold=6.5000000000000009 26516060.000000004 9.5000000000000018 928765.53000000014 1.0000000180025095e-35 3.5000000000000004 117.48500000000003 2.5000000000000004 289677.50000000006 10.41666666666667 0.8650000000000001 0.81089648779382484 209906.67000000001 11.833333333333334 78093.440000000017 86203.35500000001 5.5833333333333348 146207.035 66299.190000000017 1.0003983371729721 4362565.0000000009 1924011.0000000002 0.62019230769230782 345614.19500000001 340235.22500000003 17749.415000000005 23899.040000000005 345614.19500000001 616411.37000000011 248046.13500000004
decision_type=2 2 2 2 2 2 2 2 2 2 2 2 2 2 2 2 2 2 2 2 2 2 2 2 2 2 2 2 2 2
left_child=1 4 -3 -4 5 7 -7 8 22 14 12 -12 13 -11 15 18 27 -18 -10 20 -20 -15 -1 24 26 -26 -24 29 -29 -17
right_child=-2 2 3 -5 -6 6 -8 -9 9 10 11 -13 -14 21 -16 16 17 -19 19 -21 -22 -23 23 -25 25 -27 -28 28 -30 -31
leaf_value=0.00013730779476408549 0.14438686772491735 -0.031877232956933364 0.047576211645943001 -0.068001221227955225 0.015380560908659947 0.0027647217394004865 -0.013789042486395137 0.010047070839844184 4.3870824376107517e-05 -0.058559480871373283 -0.0015899119992525729 -0.014042343118086338 -0.034838497480835173 0.00033759544634516178 -0.013790342443927123 0.0020638238021356554 0.0045963430675452603 -0.0035275591007926255 -0.003179912404203511 0.021322501985267417 -0.021472132894402154 -0.01064029328867035 0.016657101063903258 -0.012075060497908055 0.016930068501367388 -0.0066413002888461581 0.0010135299225372042 -0.0084484588982309591 0.012774648328881059 0.012381155273500826
leaf_weight=996240 27301 6997 939 476 4790 28341 24667 16911 35206 270 28313 9582 409 1055 14832 5408 7904 17037 9926 538 505 240 7684 2795 2090 650 31043 1173 1500 5088
leaf_count=996240 27301 6997 939 476 4790 28341 24667 16911 35206 270 28313 9582 409 1055 14832 5408 7904 17037 9926 538 505 240 7684 2795 2090 650 31043 1173 1500 5088
internal_value=0 -9.56733e-05 -0.00914824 0.0109822 -3.4957e-05 -7.94006e-05 -0.00334962 6.54904e-05 -2.46546e-05 -0.00232765 -0.00645039 -0.00487111 -0.0367678 -0.0243055 -0.00066931 0.000692863 0.0048064 -0.000517393 -0.00270219 -0.0117165 -0.0141059 -0.0109172 0.00028297 0.00479495 0.00623383 0.0292194 0.00460756 0.0148892 -0.000944776 0.0189216
internal_weight=0 1.26261e+06 8412 1415 1.2542e+06 1.24941e+06 53008 1.1964e+06 1.17949e+06 138986 39869 37895 1974 1565 99117 84285 38110 24941 46175 10969 10431 1295 1.0405e+06 44262 41467 2740 38727 13169 2673 10496
internal_count=1289910 1262609 8412 1415 1254197 1249407 53008 1196399 1179488 138986 39869 37895 1974 1565 99117 84285 38110 24941 46175 10969 10431 1295 1040502 44262 41467 2740 38727 13169 2673 10496
is_linear=0
shrinkage=0.1


Tree=59
num_leaves=31
num_cat=0
split_feature=26 0 67 3 3 123 64 20 123 13 2 64 6 90 20 66 89 67 3 3 6 134 4 138 138 3 20 0 62 4
split_gain=82.1792 63.6988 92.068 78.1618 121.652 113.138 127.653 81.5451 69.5559 73.3337 131.548 65.2927 74.1765 63.2409 64.5652 64.4206 64.0902 64.8233 72.7194 62.615 58.1182 79.6624 93.8665 76.5436 198.857 131.811 162.046 185.269 246.476 152.44
threshold=2.5000000000000004 3494586.5000000005 8.5000000000000018 86203.35500000001 113651.98000000001 1925539.5000000002 0.57142877367993605 7.5000000000000009 2500594.0000000005 3002683.0000000005 91757.885000000024 0.14906097222291012 1.7500000000000002 0.70295819320622599 1.5000000000000002 99839.500000000015 0.41136528340190776 12.500000000000002 178559.26000000004 353304.05000000005 35.583333333333336 255450.50000000003 597453.57500000007 5.5000000000000009 4.5000000000000009 6787.3550000000005 3.5000000000000004 1294999.0000000002 1169323.5000000002 61870.670000000006
decision_type=2 2 2 2 2 2 2 2 2 2 2 2 2 2 2 2 2 2 2 2 2 2 2 2 2 2 2 2 2 2
left_child=1 8 3 5 11 7 -7 -3 9 13 -11 12 -5 16 15 -15 17 20 -19 -18 23 22 -22 24 -1 -25 27 28 -27 -29
right_child=-2 2 -4 4 -6 6 -8 -9 -10 10 -12 -13 -14 14 -16 -17 19 18 -20 -21 21 -23 -24 25 -26 26 -28 29 -30 -31
leaf_value=0.00073470331945642015 0.13034537276347199 -0.00035364038124553325 0.075986171274441267 0.003733241084152468 -0.0028156852018143505 -0.0045454827571286133 -0.019633561838382947 -0.060797800142404115 0.0062565637177758489 -0.039567280784612448 0.034805161627272693 0.017893464078028033 -0.0014780847111360261 -0.036234751730719585 -0.00070956908073088591 0.048334152909521672 0.044086381188291335 -0.004907888175109826 -0.12130586204646084 -0.027972772520946418 0.0018245046870886572 -0.014074319949189862 -0.021396747204963342 0.0099653226121088744 0.06496732396695766 -0.0081452292031437886 0.0003711269377360591 0.0021097702017097257 -0.011661703867930778 -0.037176931106578624
leaf_weight=823450 27625 4332 428 108 83149 455 574 1565 6211 557 554 3726 2952 3435 4605 545 6189 2097 1355 1446 97071 36806 12750 68387 13461 35481 41074 7092 969 1461
leaf_count=823450 27625 4332 428 108 83149 455 574 1565 6211 557 554 3726 2952 3435 4605 545 6189 2097 1355 1446 97071 36806 12750 68387 13461 35481 41074 7092 969 1461
internal_value=0 -9.32264e-05 -0.00255143 -0.00275592 -0.0019676 -0.0129923 -0.0435888 -0.00765333 0.000112058 5.54886e-05 -0.025624 0.0109065 8.25214e-05 8.01328e-05 -0.00847078 -0.0177991 0.000144018 8.29385e-05 -0.0135998 0.00927555 0.000124443 -0.00173377 -0.000384388 0.000399279 0.000776772 -0.00164604 -0.00424983 -0.00839497 -0.011503 0.00485059
internal_weight=0 1.26228e+06 97289 96861 89935 6926 1029 5897 1.165e+06 1.15878e+06 1111 6786 3060 1.15767e+06 8585 3980 1.14909e+06 1.14145e+06 3452 7635 1.138e+06 146627 109821 991375 836911 154464 86077 45003 36450 8553
internal_count=1289910 1262285 97289 96861 89935 6926 1029 5897 1164996 1158785 1111 6786 3060 1157674 8585 3980 1149089 1141454 3452 7635 1138002 146627 109821 991375 836911 154464 86077 45003 36450 8553
is_linear=0
shrinkage=0.1


Tree=60
num_leaves=31
num_cat=0
split_feature=26 1 2 124 134 76 4 20 0 3 0 137 137 0 4 62 3 2 3 1 138 6 64 62 64 4 4 6 137 2
split_gain=74.273 60.8138 57.1694 56.5207 55.1556 52.4583 94.1574 56.6592 133.176 117.336 62.8185 53.8604 166.804 209.349 113.01 128.702 99.5962 98.8327 150.432 128.312 134.085 219.526 127.65 135.346 91.9588 211.485 103.581 108.508 103.539 188.355
threshold=877.50000000000011 26516060.000000004 311685.24500000005 85.000000000000014 25727432.500000004 3.5000000000000004 117.48500000000003 7.5000000000000009 3.5000000000000004 30809.475000000002 1666.5000000000002 8095.0000000000009 6370.5000000000009 550936.50000000012 220537.52500000002 573682.00000000012 662773.1050000001 99903.550000000017 67658.875000000015 200005.50000000003 4.5000000000000009 7.8333333333333348 7.8941831928503143 364602.50000000006 0.89957364251466465 4103.5100000000011 122435.72000000002 8.8333333333333339 5760.5000000000009 162.52000000000001
decision_type=2 2 2 2 2 2 2 2 2 2 2 2 2 2 2 2 2 2 2 2 2 2 2 2 2 2 2 2 2 2
left_child=1 3 -3 4 5 11 -7 8 9 -8 -9 12 24 -14 17 -16 -17 18 22 -19 -21 -22 -13 -24 28 -26 27 -27 -1 -30
right_child=-2 2 -4 -5 -6 6 7 10 -10 -11 -12 14 13 -15 15 16 -18 19 -20 20 21 -23 23 -25 25 26 -28 -29 29 -31
leaf_value=0.0012454331819959402 0.12896310889156623 -0.049523908952140386 -0.012884655924590782 -0.032060789110342609 -0.018358665115974841 0.0023788057565293122 -0.15595894232323071 0.012086645633603286 -0.011658849145222578 -0.01389766939314967 -0.012457969684364424 -0.0013057270622815254 0.030451942504092461 0.064283944081183125 -0.041541443656213192 0.011250256439756745 -0.019653581840403091 -0.0076517663811387334 -0.015682447737107565 0.0098755313611096872 -0.02075591140468086 0.0091877394958490271 -0.008085140621995902 -0.012979180351647267 0.00094564678571945171 -0.00065159590193917876 -0.029352068501065684 -0.010407879623097161 -0.046603953746948847 0.017216769639221075
leaf_weight=821208 22089 1145 7267 308 8397 28341 1281 3803 13571 1014 4998 170886 7954 766 5667 3636 3494 7352 8911 21354 5249 14997 3070 500 65863 30669 9442 13849 1381 1448
leaf_count=821208 22089 1145 7267 308 8397 28341 1281 3803 13571 1014 4998 170886 7954 766 5667 3636 3494 7352 8911 21354 5249 14997 3070 500 65863 30669 9442 13849 1381 1448
internal_value=0 -7.6686e-05 -0.00855103 -2.00831e-05 -9.60541e-06 4.46258e-05 -0.00303383 -0.00755141 -0.0111209 -0.0333998 -0.00111647 0.000180873 0.000521043 0.0142883 -0.00114111 -0.0102899 -0.00134919 -0.000637165 -0.00170286 0.00335477 0.00550708 -0.000323527 -0.00105552 -0.0197704 0.000393852 -0.00219464 -0.0068361 -0.00481834 0.000770243 -0.0183278
internal_weight=0 1.26782e+06 8412 1.25941e+06 1.2591e+06 1.2507e+06 53008 24667 15866 2295 8801 1.1977e+06 952580 8720 245116 12797 7130 232319 183367 48952 41600 20246 174456 3570 943860 119823 53960 44518 824037 2829
internal_count=1289910 1267821 8412 1259409 1259101 1250704 53008 24667 15866 2295 8801 1197696 952580 8720 245116 12797 7130 232319 183367 48952 41600 20246 174456 3570 943860 119823 53960 44518 824037 2829
is_linear=0
shrinkage=0.1


Tree=61
num_leaves=31
num_cat=0
split_feature=26 1 62 67 92 1 1 63 13 6 3 20 3 123 1 3 62 64 137 20 20 2 2 4 138 20 20 5 62 6
split_gain=68.0039 56.5307 101.243 78.7154 94.8149 73.6133 217.562 178.904 161.901 140.418 248.922 136.364 111.547 110.626 109.527 105.224 118.899 96.3279 84.5532 102.123 100.091 208.576 122.614 86.3628 83.6893 159.5 173.336 132.933 105.52 151.233
threshold=2.5000000000000004 1723907.5000000002 1835736.5000000002 8.5000000000000018 76.414423076923086 529440.50000000012 392006.50000000006 17.816012864933224 400017.00000000006 5.166666666666667 22716.275000000005 1.5000000000000002 19625.315000000006 461286.00000000006 391962.50000000006 71424.710000000021 407242.00000000006 0.77471499111610298 30665.000000000004 14.500000000000002 1.0000000180025095e-35 1854.3700000000001 1514.0050000000003 38790.115000000005 10.500000000000002 7.5000000000000009 8.5000000000000018 1.0000000180025095e-35 200770.00000000003 10.833333333333334
decision_type=2 2 2 2 2 2 2 2 2 2 2 2 2 2 2 2 2 2 2 2 2 2 2 2 2 2 2 2 2 2
left_child=1 2 5 4 -3 6 14 9 15 -7 11 -11 13 -10 18 16 -8 -12 -1 20 21 22 -20 -23 25 28 -27 -28 -22 -30
right_child=-2 3 -4 -5 -6 7 8 -9 12 10 17 -13 -14 -15 -16 -17 -18 -19 19 -21 24 23 -24 -25 -26 26 27 -29 29 -31
leaf_value=0.00077528522373449557 0.10758090856759513 -0.0012614046534284804 -0.0080679821622480514 0.062584124612047168 -0.04147592741382769 0.005077965998526575 -0.014647457400726172 0.0064945859014420935 0.013098875164885594 0.0033749046472017485 -0.0013000913939387035 -0.032374734057471183 -0.0053728824532094767 -0.0030514191975051564 0.021467892346074924 -0.0031338584962931899 -0.0097218946541389236 0.0041528154515749031 -0.0094725598046251202 0.019565168743878647 -0.013977178804878448 0.030224675114603028 -0.031519815713146139 -0.018373177142301841 -0.0031922598605443201 -0.04578862574545927 -0.072683864282238025 -0.014685418340033668 0.0091363769906234633 -0.014015458471315351
leaf_weight=866235 27625 144766 1184 639 857 26202 7245 9889 5198 1738 53520 3363 13111 3223 4018 4154 909 20821 2716 8288 28849 13362 498 451 27252 2899 514 4946 4093 1345
leaf_count=866235 27625 144766 1184 639 857 26202 7245 9889 5198 1738 53520 3363 13111 3223 4018 4154 909 20821 2716 8288 28849 13362 498 451 27252 2899 514 4946 4093 1345
internal_value=0 -9.66652e-05 0.000145601 -0.00194523 -0.0020989 0.00017664 -9.96564e-05 0.00256648 -0.00798092 0.00136252 -0.000731262 -0.0221007 -0.0027514 0.00622958 0.000176585 -0.0171296 -0.0237291 0.000735028 0.000107731 -0.00272087 -0.00373214 0.0031431 -0.0198017 0.00848188 -0.00540693 -0.008173 -0.0205589 -0.010066 -0.00515337 0.00762423
internal_weight=0 1.26228e+06 1.11602e+06 146262 145623 1.11484e+06 999306 115533 33840 105644 79442 5101 21532 8421 965466 12308 8154 74341 961448 95213 86925 17027 3214 13813 69898 42646 8359 5460 34287 5438
internal_count=1289910 1262285 1116023 146262 145623 1114839 999306 115533 33840 105644 79442 5101 21532 8421 965466 12308 8154 74341 961448 95213 86925 17027 3214 13813 69898 42646 8359 5460 34287 5438
is_linear=0
shrinkage=0.1


Tree=62
num_leaves=31
num_cat=0
split_feature=5 3 92 2 134 62 3 0 92 3 4 4 4 20 137 48 64 138 4 2 2 0 2 3 64 20 20 20 3 4
split_gain=62.8914 183.435 103.469 90.2876 83.0089 83.343 77.8473 85.4522 65.237 108.666 89.7049 74.9925 66.1927 63.6683 62.4073 61.0027 66.6594 109.454 84.7207 70.2077 62.7272 97.2581 60.9536 56.5797 84.7851 104.934 113.23 94.4406 78.0786 190.532
threshold=1.5000000000000002 2175.1700000000005 5.849921549520846e-05 1.0750000000000004 236715.50000000003 7973213.5000000009 852767.94500000018 84394721.000000015 1.0142857142857145 87804.735000000001 1000.5650000000002 1.6650000000000003 165664.93000000002 7.5000000000000009 8019097.5000000009 10.000000000000002 2.5187749864623177 11.500000000000002 1378.0850000000003 273169.86000000004 2392.5150000000008 133758.50000000003 15536.610000000002 2175.1700000000005 0.96497787495856258 10.500000000000002 14.500000000000002 2.5000000000000004 6787.3550000000005 0.42500000000000004
decision_type=2 2 2 2 2 2 2 2 2 2 2 2 2 2 2 2 2 2 2 2 2 2 2 2 2 2 2 2 2 2
left_child=1 3 4 -1 5 15 7 14 9 11 -11 -4 -12 -13 23 16 20 18 -18 -20 21 -3 -17 24 25 -2 -27 -26 -25 -30
right_child=6 2 8 -5 -6 -7 -8 -9 -10 10 12 13 -14 -15 -16 22 17 -19 19 -21 -22 -23 -24 28 27 26 -28 -29 29 -31
leaf_value=-0.058468085533552608 -0.00093051122787204401 0.20453207271496227 -0.0045764053357365527 0.16494557032540388 -0.11610448273634728 -0.032512247248015359 -0.018405495124727979 0.069252968938702947 -0.00032759347816575584 -0.052219774042296753 0.0069099920828826766 -0.14987236854295599 -0.061428075266839771 -0.012501360365290773 0.067914554405963487 0.042290500730789306 0.018583547064950325 -0.052872545580065024 -0.028794953127708002 0.016558494851020671 0.009588616969827447 -0.058506091145836374 -0.0023379335531612533 0.019753220847431655 -0.052905241652219243 -0.026222757290295214 0.0036563074864967744 -0.010055583401248701 -0.0028706888572837706 0.00035601421608770782
leaf_weight=800 122003 257 1520 35748 1843 872 14023 700 6088 386 2959 2171 477 645 885 4479 2728 1041 2626 1076 142633 238 140847 42401 3805 10064 5722 7909 92392 640572
leaf_count=800 122003 257 1520 35748 1843 872 14023 700 6088 386 2959 2171 477 645 885 4479 2728 1041 2626 1076 142633 238 140847 42401 3805 10064 5722 7909 92392 640572
internal_value=0 0.00115489 0.000371825 0.00785866 0.000769002 0.000900379 -0.000416266 -0.000304333 -0.00795423 -0.0138001 -0.00150717 -0.0246357 0.0036277 -0.0342978 -0.000330742 0.000991344 0.00240175 -0.00680683 -0.00193665 -0.0117902 0.00288242 -0.032654 -0.000470238 -0.00035614 -0.00213736 -0.00144301 -0.00911486 -0.0103049 -1.26912e-05 -0.000254048
internal_weight=0 349434 312886 36548 298640 296797 940476 926453 14246 8158 3822 4336 3436 2816 925753 295925 150599 7471 6430 3702 143128 495 145326 924868 149503 137789 15786 11714 775365 732964
internal_count=1289910 349434 312886 36548 298640 296797 940476 926453 14246 8158 3822 4336 3436 2816 925753 295925 150599 7471 6430 3702 143128 495 145326 924868 149503 137789 15786 11714 775365 732964
is_linear=0
shrinkage=0.1


Tree=63
num_leaves=31
num_cat=0
split_feature=26 1 2 146 128 3 97 3 6 21 20 67 3 4 20 20 64 6 20 3 62 6 21 123 4 3 6 64 137 13
split_gain=59.9924 53.7291 52.811 51.1286 50.5142 81.1679 49.2771 64.5332 76.7905 67.1133 48.4986 46.3831 52.2834 83.6443 47.041 146.69 60.6095 57.0373 99.9984 171.313 157.781 129.674 82.5632 77.7031 115.492 112.724 137.796 76.2758 75.5628 192.834
threshold=877.50000000000011 26516060.000000004 333269.13500000007 800120.00000000012 0.06458333333333334 22220.060000000001 1.0000000180025095e-35 133603.97500000001 6.5833333333333348 1.5000000000000002 19.500000000000004 12.500000000000002 178559.26000000004 34924.205000000009 17.500000000000004 16.500000000000004 125.30814102564104 10.16666666666667 6.5000000000000009 28927.465000000004 260261.00000000003 5.5833333333333348 2.5000000000000004 384704.00000000006 0.8650000000000001 143161.52000000005 11.833333333333334 0.17719850224202227 27583.000000000004 1610.5000000000002
decision_type=2 2 2 2 2 2 2 2 2 2 2 2 2 2 2 2 2 2 2 2 2 2 2 2 2 2 2 2 2 2
left_child=1 3 -3 4 6 -6 11 -8 -9 -10 -7 14 -13 -14 15 17 -16 18 -1 20 28 -22 23 -19 25 26 -25 -26 29 -20
right_child=-2 2 -4 -5 5 10 7 8 9 -11 -12 12 13 -15 16 -17 -18 22 19 -21 21 -23 -24 24 27 -27 -28 -29 -30 -31
leaf_value=0.0012021305400920724 0.10434984544866738 -0.043044034426772806 -0.011383075318529223 0.08928894317861652 0.012738342037550554 -0.010888333928220141 0.039875849887171237 0.018556553989607923 -0.063033657969241139 -0.0064338553973966872 0.0082029952438802383 -0.0053025585013488198 -0.1389303785170305 0.02726583222243982 -0.0033617155521645349 0.07291536136824657 -0.062706278792068637 -0.0013260427062168345 -0.015274751052872621 0.00097458938369165971 0.020782206830224581 -0.066902424863809526 0.018150468863631631 -0.053492087814669936 0.0005313804222208063 -0.0183007850575185 0.00070452708968227369 -0.0083935873262537593 -0.025682089154633228 0.021985692487117993
leaf_weight=588046 22089 1224 7188 2333 2403 6942 2815 638 204 976 695 2359 1052 351 62876 7583 481 444088 22587 52036 214 1697 8826 188 14452 544 833 13825 9266 11099
leaf_count=588046 22089 1224 7188 2333 2403 6942 2815 638 204 976 695 2359 1052 351 62876 7583 481 444088 22587 52036 214 1697 8826 188 14452 544 833 13825 9266 11099
internal_value=0 -8.22804e-05 -0.00804772 -2.90767e-05 -5.65256e-05 -0.00712131 3.53602e-07 0.0102943 -0.00439164 -0.0195038 -0.0121649 -3.80333e-05 -0.011125 -0.0264115 -4.36001e-06 0.000138724 -0.0026586 4.86947e-05 0.00063544 -0.00234112 -0.0068695 -0.0349849 -0.000783793 -0.000962258 -0.00590175 -0.0323454 -0.0127552 -0.00443822 -0.00561861 -0.0034188
internal_weight=0 1.26782e+06 8412 1.25941e+06 1.25708e+06 10040 1.24704e+06 4633 1818 1180 7637 1.2424e+06 3762 1403 1.23864e+06 1.17528e+06 63357 1.1677e+06 684945 96899 44863 1911 482756 473930 29842 1565 1021 28277 42952 33686
internal_count=1289910 1267821 8412 1259409 1257076 10040 1247036 4633 1818 1180 7637 1242403 3762 1403 1238641 1175284 63357 1167701 684945 96899 44863 1911 482756 473930 29842 1565 1021 28277 42952 33686
is_linear=0
shrinkage=0.1


Tree=64
num_leaves=31
num_cat=0
split_feature=0 2 4 2 134 127 127 138 3 3 13 3 6 64 124 4 2 3 5 0 13 64 13 137 137 63 3 2 141 6
split_gain=63.3679 84.8652 130.563 95.8744 99.2086 85.4391 133.002 84.3253 84.1002 79.3321 167.133 155.799 144.217 159.409 155.38 119.732 97.4289 211.282 168.232 149.657 251.657 142.418 115.934 112.604 241.899 95.1864 90.9093 139.873 90.9038 86.4771
threshold=34456.500000000007 42117.115000000005 0.43500000000000005 347.11500000000007 297890.50000000006 0.84523809523809534 0.76388888888888895 4.5000000000000009 852767.94500000018 87804.735000000001 141.50000000000003 67658.875000000015 5.5833333333333348 1.5728546287735332 4.5000000000000009 43777.770000000004 10860.435000000003 9658.345000000003 3.0000000000000004 365677.50000000006 140770.50000000003 0.71696471415390073 384840.00000000006 146932.00000000003 150056.50000000003 4.6261740180431383 408474.73000000004 244144.96500000003 0.84523809523809534 5.5833333333333348
decision_type=2 2 2 2 2 2 2 2 2 2 2 2 2 2 2 2 2 2 2 2 2 2 2 2 2 2 2 2 2 2
left_child=1 3 5 -1 -5 6 -3 -4 9 10 -2 15 13 14 26 16 17 18 22 -18 25 -20 23 -12 -25 -21 27 -11 -19 -13
right_child=8 2 7 4 -6 -7 -8 -9 -10 12 11 29 -14 -15 -16 -17 19 28 21 20 -22 -23 -24 24 -26 -27 -28 -29 -30 -31
leaf_value=-0.00096261216138236619 -0.004520621135680857 -0.0051209685602041123 0.00033055576606786378 0.014443540431312041 -0.0115098002765067 0.0065691278677795012 -0.015334872128127099 -0.01486763661237284 -0.025449496873104983 0.0014929487550636366 0.0077265259194390984 -0.0066925516186945215 -0.00066350358821934852 -0.001359600148727258 0.015670119379265209 -0.016605494953606231 0.0069553307808747356 -0.015231869011196561 -0.0091740738509270559 -0.011397453147902177 0.0003041149850160574 -0.039052696854121195 0.09993813482528463 -0.1238162688300518 -0.012301261502538774 -0.021815095583113561 -0.0016194829284819794 0.010401267498042028 -0.035420092503561658 -0.0028596255466978252
leaf_weight=104667 28375 8896 466581 182054 5477 1625 1431 4300 7714 13672 42676 7454 156186 18404 3213 1594 54028 3129 8692 4806 97111 8211 2808 1237 12776 1300 7643 9554 776 23520
leaf_count=104667 28375 8896 466581 182054 5477 1625 1431 4300 7714 13672 42676 7454 156186 18404 3213 1594 54028 3129 8692 4806 97111 8211 2808 1237 12776 1300 7643 9554 776 23520
internal_value=0 0.000573 -0.00024104 0.00191813 0.00327139 -0.0105626 -0.0139165 2.0945e-05 -0.000858206 -0.000700586 -0.0017463 -0.000979375 0.000795252 0.00533023 0.00937998 -0.000115055 6.82363e-05 -0.00276566 -0.00160601 0.0015155 -0.000716491 -0.0104099 0.00089515 -8.72905e-05 -0.00786505 -0.0204083 0.00720163 0.0103147 -0.0254537 -0.00765261
internal_weight=0 775031 482833 292198 187531 11952 10327 470881 514879 507165 298493 270118 208672 52486 34082 239144 237550 80305 76400 157245 103217 16903 59497 56689 14013 6106 30869 23226 3905 30974
internal_count=1289910 775031 482833 292198 187531 11952 10327 470881 514879 507165 298493 270118 208672 52486 34082 239144 237550 80305 76400 157245 103217 16903 59497 56689 14013 6106 30869 23226 3905 30974
is_linear=0
shrinkage=0.1


Tree=65
num_leaves=31
num_cat=0
split_feature=26 88 2 123 64 64 124 6 64 20 3 2 123 1 2 20 0 2 6 20 64 4 13 64 2 1 3 6 17 0
split_gain=53.9808 50.4287 70.6745 49.3846 114.363 103.808 191.133 199.634 135.094 112.603 111.093 131.042 105.977 198.81 105.764 103.384 81.7062 81.1501 119.443 117.454 111.056 104.731 98.1343 97.8989 80.2384 93.1761 77.0594 75.5244 74.8966 74.1106
threshold=2.5000000000000004 1160966.5000000002 278680.38000000006 289677.50000000006 0.054476577190168324 3.3169055274815749e-06 9.5000000000000018 11.833333333333334 0.00049013461087545041 1.0000000180025095e-35 68306.210000000006 353301.6750000001 3805919.0000000005 550908.50000000012 179814.52500000002 14.500000000000002 837295.00000000012 633213.91500000015 4.8333333333333348 4.5000000000000009 1.2988010201541353 2385.5750000000003 3321164.5000000005 1.1373806583871848 369074.04500000004 529440.50000000012 270208.27000000008 24.750000000000004 2.5000000000000004 614457.00000000012
decision_type=2 2 2 2 2 2 2 2 2 2 2 2 2 2 2 2 2 2 2 2 2 2 2 2 2 2 2 2 2 2
left_child=1 3 -3 -1 5 6 12 -8 -7 -10 -9 -12 13 -5 -14 17 -15 19 -19 21 24 23 -22 29 25 -21 -16 -26 -18 -6
right_child=-2 2 -4 4 15 8 7 10 9 -11 11 -13 14 16 26 -17 28 18 -20 20 22 -23 -24 -25 27 -27 -28 -29 -30 -31
leaf_value=0.00025798995825136376 0.087460240412516391 -0.044604357873463216 -0.0064380942646986798 -0.0032140205504729738 0.011081372132156009 0.014233237825427457 -0.052128921860539683 0.004188549291320987 0.011861062530776439 -8.3357689594443229e-05 -0.013029953340886968 -0.0017758610310926147 5.689817555037e-05 0.010198981966308911 -0.013779847812380237 -0.013517597059417739 0.0034926885679170648 -0.045078699635470204 0.02726711907164079 -0.0088358562845385572 0.038401216149512273 -0.0065069574935511911 -0.0069388096528945958 0.050000249153875569 -0.020286978760878441 0.0028228845228059924 -0.003745324946490831 0.2669231088849886 -0.0015148412158619304 -0.0020757936672326574
leaf_weight=1109892 27625 1139 3227 4901 3189 8368 914 1060 1891 25880 1391 1672 1835 1299 386 13210 4151 1661 6221 1751 1306 27992 670 258 2965 13593 973 363 1506 18621
leaf_count=1109892 27625 1139 3227 4901 3189 8368 914 1060 1891 25880 1391 1672 1835 1299 386 13210 4151 1661 6221 1751 1306 27992 670 258 2965 13593 973 363 1506 18621
internal_value=0 -9.27224e-05 -0.0108214 -5.54853e-05 -0.00177118 0.00178041 -0.00398279 -0.0208443 0.0049839 0.00162772 -0.0114709 -0.0211273 0.00166012 0.00601527 -0.0145074 -0.0039465 0.0168844 -0.00257065 0.00705382 -0.00364351 0.00270259 -0.00626106 0.0252468 -0.00110963 0.000316806 0.00336975 -0.0356525 -0.013759 0.0116909 -0.00183404
internal_weight=0 1.26228e+06 4366 1.25792e+06 148027 56227 20088 5037 36139 27771 4123 3063 15051 11857 3194 91800 6956 78590 7882 70708 20648 50060 1976 22068 18672 15344 1359 3328 5657 21810
internal_count=1289910 1262285 4366 1257919 148027 56227 20088 5037 36139 27771 4123 3063 15051 11857 3194 91800 6956 78590 7882 70708 20648 50060 1976 22068 18672 15344 1359 3328 5657 21810
is_linear=0
shrinkage=0.1


Tree=66
num_leaves=31
num_cat=0
split_feature=18 2 8 20 140 6 20 123 3 5 13 2 79 123 64 62 1 4 6 62 2 20 4 0 2 62 0 5 3 4
split_gain=50.6222 68.9326 154.995 117.295 168.017 158.538 103.245 69.2601 55.1636 71.6864 54.6412 51.9728 51.3724 54.0713 49.6576 178.303 123.944 245.545 159.146 134.704 128.85 114.61 109.604 217.419 174.151 129.293 167.066 118.919 114.589 113.265
threshold=1.0000000180025095e-35 9893.2300000000014 1.0000000180025095e-35 4.5000000000000009 0.080128205128205135 4.8333333333333348 23.500000000000004 2825557.0000000005 2590.7150000000006 1.0000000180025095e-35 102518.50000000001 42117.115000000005 1.0000000180025095e-35 3992401.0000000005 1.7667912494452016 3809836.0000000005 550908.50000000012 19458.620000000003 24.750000000000004 625065.00000000012 35115.965000000004 1.5000000000000002 107750.32000000002 20601742.000000004 228939.14500000005 999666.00000000012 1260225.5000000002 3.0000000000000004 64371.520000000011 4103.5100000000011
decision_type=2 2 2 2 2 2 2 2 2 2 2 2 2 2 2 2 2 2 2 2 2 2 2 2 2 2 2 2 2 2
left_child=14 8 3 4 12 -6 7 -5 -2 10 -10 -8 13 -3 -1 16 17 19 20 -16 -18 -19 23 24 25 27 -27 -22 -28 -29
right_child=1 2 -4 6 5 -7 11 -9 9 -11 -12 -13 -14 -15 15 -17 18 21 -20 -21 22 -23 -24 -25 -26 26 28 29 -30 -31
leaf_value=0.00050469326663691303 -0.002221334917999849 -0.0029511916027812114 -0.00075476859833709109 -0.0011585300253974882 -0.056889913671289809 -0.037958728570653244 0.030341536167788386 -0.016307858844943283 -0.0065028884354109365 0.062964490295688985 -0.092318952725822356 -0.025171485612202602 -0.17362453593426996 -0.0076339092807619306 0.00044154412446099635 -0.013065579612385705 -0.024133246422731763 -0.01204254986836753 0.07348785645922859 -0.029515940620450726 -0.024741655637713196 -0.0045554201920623765 -0.012524921835093039 -0.02603977833895086 0.013234130948099715 -0.0058122833506915467 0.0022340299643936233 0.015265050712594989 -0.001517424693355564 0.007676005931019414
leaf_weight=1122605 12401 4386 44636 9972 1642 1207 107 138 291 4813 137 756 167 106 27804 7054 2259 3770 450 511 829 5150 8643 4250 10020 1265 1087 2196 4578 6680
leaf_count=1122605 12401 4386 44636 9972 1642 1207 107 138 291 4813 137 756 167 106 27804 7054 2259 3770 450 511 829 5150 8643 4250 10020 1265 1087 2196 4578 6680
internal_value=0 -0.00241358 -0.00395818 -0.0116595 -0.0212906 -0.0404206 -0.00506966 -0.00223565 0.00311249 0.011714 -0.0275051 -0.0382699 -0.00959255 -0.00756787 0.000172339 -0.0021357 -0.000783587 -0.00499013 0.00292303 -0.000432237 0.00228634 -0.0194584 0.00361316 0.00639716 0.00974635 0.00347304 -0.00695991 0.0109228 0.000377165 0.0143058
internal_weight=0 80759 63117 18481 7508 2849 10973 10110 17642 5241 428 863 4659 4492 1.20915e+06 86546 79492 37235 42257 28315 41807 8920 39548 30905 26655 16635 6930 9705 5665 8876
internal_count=1289910 80759 63117 18481 7508 2849 10973 10110 17642 5241 428 863 4659 4492 1209151 86546 79492 37235 42257 28315 41807 8920 39548 30905 26655 16635 6930 9705 5665 8876
is_linear=0
shrinkage=0.1


Tree=67
num_leaves=31
num_cat=0
split_feature=76 4 3 134 118 124 2 146 5 2 3 20 5 2 14 64 6 20 3 20 64 141 4 13 20 62 140 4 123 84
split_gain=51.4071 76.9955 54.4144 102.069 88.9223 77.72 93.9978 77.2352 72.1945 113.347 159.926 158.441 128.029 174.157 104.608 93.3173 85.5944 113.074 160.34 91.6777 109.496 125.527 133.237 170.665 100.918 89.9393 88.0937 179.721 96.4698 96.5763
threshold=3.5000000000000004 117.48500000000003 54833.950000000004 499419.00000000006 0.34848484848484856 14.500000000000002 102032.16000000002 199658.00000000003 1.5000000000000002 11964.915000000003 8552.010000000002 1.5000000000000002 3.0000000000000004 1967.5500000000002 1.0000000180025095e-35 0.98437130960065777 10.583333333333334 5.5000000000000009 31963.425000000007 9.5000000000000018 0.083333342124260829 0.51470588235294124 9403.4150000000027 558948.00000000012 2.5000000000000004 333342.00000000006 1.0000000180025095e-35 1.4350000000000003 355403.00000000006 95506.000000000015
decision_type=2 2 2 2 2 2 2 2 2 2 2 2 2 2 2 2 2 2 2 2 2 2 2 2 2 2 2 2 2 2
left_child=2 -2 3 4 7 -4 -7 8 -1 10 12 -12 13 -10 -15 -14 17 26 -19 20 25 -22 -23 24 -24 -18 28 -28 29 -11
right_child=1 -3 5 -5 -6 6 -8 -9 9 16 11 -13 15 14 -16 -17 19 18 -20 -21 21 22 23 -25 -26 -27 27 -29 -30 -31
leaf_value=0.013237488808803523 0.0012551638543919332 -0.011602604052713761 -0.00025839137754752884 -0.018644632146454489 0.032038993581290941 -0.01251979226277501 -0.005287583728645396 -0.055812461554286041 -0.0020557037116108613 0.0091952690769973727 -0.020494219475244029 0.0099572064485778725 -0.010512704170750254 0.0027317357588453094 0.064696823283558816 -0.029069887467213375 -0.0010684521687494453 -0.013117626762680246 0.0029451678514845537 0.04641205916264908 -0.0021523785114972204 -0.0066161985473135237 -0.031776059974524623 -0.00044829966467816167 0.026456538964661627 0.02534937161235469 -0.072166902829843962 0.024305964966302707 -0.00052668458197982623 -0.03345285350490481
leaf_weight=128936 28430 24787 657726 6355 2391 802 25215 1120 104276 83807 11187 3948 32329 17863 21523 12350 52620 9081 13564 6958 14647 2280 1223 694 178 4826 1715 1081 16478 1520
leaf_count=128936 28430 24787 657726 6355 2391 802 25215 1120 104276 83807 11187 3948 32329 17863 21523 12350 52620 9081 13564 6958 14647 2280 1223 694 178 4826 1715 1081 16478 1520
internal_value=0 -0.00303288 0.00014133 0.000878944 0.00102544 -0.000455187 -0.00581579 0.000940898 0.000994999 0.000351677 -0.00133167 -0.0112214 -0.000536934 0.000917062 0.00658233 -0.00521215 0.00197752 0.00360963 -0.00279717 -0.000511852 -0.00151181 -0.00808779 -0.0229515 -0.0411568 -0.0612451 0.000665679 0.00499663 -0.0125148 0.00547757 0.00683033
internal_weight=0 53217 1.23669e+06 552950 546595 683743 26017 544204 543084 414148 203476 15135 188341 143662 39386 44679 210672 127246 22645 83426 76468 19022 4375 2095 1401 57446 104601 2796 101805 85327
internal_count=1289910 53217 1236693 552950 546595 683743 26017 544204 543084 414148 203476 15135 188341 143662 39386 44679 210672 127246 22645 83426 76468 19022 4375 2095 1401 57446 104601 2796 101805 85327
is_linear=0
shrinkage=0.1


Tree=68
num_leaves=31
num_cat=0
split_feature=26 99 124 3 0 134 92 4 21 1 134 134 3 0 2 6 13 4 4 64 6 88 4 93 93 1 94 93 0 74
split_gain=49.7649 46.4261 46.0967 45.7379 73.6297 62.3468 58.6249 71.0958 84.3361 76.2701 66.1403 66.8896 59.7212 61.3735 54.8879 50.9856 95.5199 85.6956 55.6459 76.9175 47.6522 47.3372 65.388 46.1946 96.0022 102.685 71.4082 59.4662 46.662 51.3877
threshold=41036.000000000007 1.0000000180025095e-35 85.000000000000014 598458.83000000019 84394721.000000015 22645024.500000004 7.3532683906767793e-05 703397.92000000004 1.5000000000000002 249372.50000000003 2019026.5000000002 29611337.000000004 608788.80500000005 191633.50000000003 616411.37000000011 4.166666666666667 4739739.5000000009 53.260000000000012 87683.285000000018 0.48177781260488001 20.416666666666668 1182745.5000000002 1378.0850000000003 25.500000000000004 135.50000000000003 221757.50000000003 0.00010095262634068584 23.500000000000004 658.50000000000011 1.0000000180025095e-35
decision_type=2 2 2 2 2 2 2 2 2 2 2 2 2 2 2 2 2 2 2 2 2 2 2 2 2 2 2 2 2 2
left_child=1 2 3 4 5 21 7 9 -9 -5 -10 -12 -8 -14 -11 17 18 -16 -17 -20 -21 23 -23 27 25 -25 -26 -1 -28 -30
right_child=-2 -3 -4 6 -6 -7 12 8 10 14 11 -13 13 -15 15 16 -18 -19 19 20 -22 22 -24 24 26 -27 28 -29 29 -31
leaf_value=0.00026853626838552191 0.13438864373385204 0.053931939540787843 -0.024990054725826473 -0.012844597571223621 0.08314753059968695 -0.040437292813510883 0.014120532294807565 0.033779293703765222 -0.018011586167787908 0.009120980600737634 0.016668261300815557 -0.010346584651747035 -0.0025086799045129227 0.024355623605948565 0.0093347794978806096 -0.010318788308575098 0.030065796628218979 -0.015670337894312557 -0.023000729573152842 0.031643947219992509 0.076952115894425854 -0.032393934496408254 0.010201547513261766 -0.016659605913299291 -0.08772026044375264 -0.042882816839642492 -0.043683581926820127 0.025080234756988951 0.013649914113552484 -0.0099170983941977067
leaf_weight=1155957 14481 231 310 22069 263 2415 1312 12053 13559 3492 6271 6339 2748 481 479 9785 4473 7150 2665 3248 163 1823 1161 4612 587 2122 569 1077 5267 2748
leaf_count=1155957 14481 231 310 22069 263 2415 1312 12053 13559 3492 6271 6339 2748 481 479 9785 4473 7150 2665 3248 163 1823 1161 4612 587 2122 569 1077 5267 2748
internal_value=0 -6.45345e-05 -7.26548e-05 -6.32794e-05 0.00010792 9.61118e-05 -0.00215885 -0.00270781 0.000586364 -0.0050602 -0.00260153 0.00261156 0.00893227 0.0016222 -0.00189829 -0.00337447 -0.000758975 -0.0103457 -0.00439871 0.00311792 0.0130631 0.000129076 -0.01245 0.000161078 -0.00519151 -0.0142581 0.00146585 0.000234656 0.00377334 0.00573779
internal_weight=0 1.27543e+06 1.2752e+06 1.27489e+06 1.1786e+06 1.17834e+06 96287 91746 38222 53524 26169 12610 4541 3229 31455 27963 20334 7629 15861 6076 3411 1.17592e+06 2984 1.17294e+06 15905 6734 9171 1.15703e+06 8584 8015
internal_count=1289910 1275429 1275198 1274888 1178601 1178338 96287 91746 38222 53524 26169 12610 4541 3229 31455 27963 20334 7629 15861 6076 3411 1175923 2984 1172939 15905 6734 9171 1157034 8584 8015
is_linear=0
shrinkage=0.1


Tree=69
num_leaves=31
num_cat=0
split_feature=1 6 124 4 1 20 3 4 6 84 64 64 62 13 124 1 137 20 2 123 1 1 3 6 3 4 1 4 0 63
split_gain=47.2469 82.8612 80.7313 118.167 140.834 115.94 80.5679 140.642 130.476 112.518 110.094 108.406 166.256 101.991 98.5869 94.6547 93.7428 96.7229 92.868 85.0016 141.032 88.0692 80.8449 78.9026 78.4122 77.7116 76.649 81.3655 144.08 82.917
threshold=30657.000000000004 24.750000000000004 14.500000000000002 18346.890000000003 2075075.5000000002 6.5000000000000009 87804.735000000001 131570.56000000003 5.5833333333333348 717436.00000000012 1.0847675124691785 8.5114899306426018e-06 575090.00000000012 141.50000000000003 4.5000000000000009 3772997.0000000005 2926674.5000000005 2.5000000000000004 248046.13500000004 3321164.5000000005 3555488.5000000005 26516060.000000004 408474.73000000004 98.500000000000014 10279.385000000002 0.42500000000000004 529440.50000000012 14135.515000000001 1882446.5000000002 0.96644504208750603
decision_type=2 2 2 2 2 2 2 2 2 2 2 2 2 2 2 2 2 2 2 2 2 2 2 2 2 2 2 2 2 2
left_child=-1 2 6 24 5 -5 13 8 10 19 14 -9 -13 25 15 18 -15 -18 -8 21 -21 26 -20 -3 -4 -2 -10 28 -28 -29
right_child=1 23 3 4 -6 -7 7 11 9 -11 -12 12 -14 16 -16 -17 17 -19 22 20 -22 -23 -24 -25 -26 -27 27 29 -30 -31
leaf_value=0.0011309167241056537 -0.039285739461836014 0.018478909168641516 0.091247228620204901 -0.031585694889371289 6.2181416337947495e-05 0.0010579800844707332 0.0032508162259487147 0.010084166316028566 -0.0020537791358025475 0.015791021619113551 0.00020024249891091919 -0.025055055080688417 -0.0016680446856682963 -0.00081774090645074797 0.014088413771966174 8.0418889596786306e-05 0.25386304990966652 -0.03873771511198304 0.013170956511499188 -0.022275838835611256 -0.0029523926550535876 -0.033207718343265524 0.0027757638912768254 -0.02477304250654843 -0.0040714800494572349 -0.0028432009020733615 0.013118095388338833 -0.009434705482113899 0.0027477490218609708 0.0038573578343506342
leaf_weight=778884 1269 13880 1193 2469 2176 777 9432 9524 23057 1078 15105 14067 21936 253528 3014 8142 238 1017 3629 706 17447 3054 1855 289 16340 27061 7522 6634 19448 25139
leaf_count=778884 1269 13880 1193 2469 2176 777 9432 9524 23057 1078 15105 14067 21936 253528 3014 8142 238 1017 3629 706 17447 3054 1855 289 16340 27061 7522 6634 19448 25139
internal_value=0 -0.000746079 -0.000961114 -0.00675288 -0.0196549 -0.0328505 -0.000680571 0.000907757 0.00242774 0.000542697 0.00719266 -0.00394203 -0.00645179 -0.00175094 0.0111284 0.00890519 -0.00111803 -0.0283811 0.0136389 0.000206346 -0.00600438 0.00153502 0.023987 0.00679442 -0.00276298 -0.00744292 0.00215751 0.0040753 0.00811483 0.000646406
internal_weight=0 511026 496857 22955 5422 3246 473902 190789 145262 104085 41177 45527 36003 283113 26072 23058 254783 1255 14916 103007 18153 84854 5484 14169 17533 28330 81800 58743 26970 31773
internal_count=1289910 511026 496857 22955 5422 3246 473902 190789 145262 104085 41177 45527 36003 283113 26072 23058 254783 1255 14916 103007 18153 84854 5484 14169 17533 28330 81800 58743 26970 31773
is_linear=0
shrinkage=0.1


Tree=70
num_leaves=31
num_cat=0
split_feature=123 64 6 127 2 62 0 3 4 3 3 6 64 3 64 20 6 2 3 4 90 4 87 90 17 129 2 0 2 20
split_gain=45.4149 86.1587 82.2967 70.902 90.7749 70.3111 149.221 83.5159 216.557 126.481 114.376 98.1429 83.0206 75.5997 74.0003 102.705 80.3046 66.7437 81.8096 65.6314 63.6199 64.5579 119.559 85.6797 67.5759 75.3202 77.2989 151.458 72.9025 58.4077
threshold=289677.50000000006 0.14906097222291012 98.500000000000014 0.62019230769230782 15110.180000000002 2112600.0000000005 1975412.5000000002 182131.69500000004 34157.540000000008 259526.08500000002 353304.05000000005 1.7500000000000002 0.0021220714622086183 87804.735000000001 0.0013502650415288004 1.0000000180025095e-35 4.8333333333333348 37933.610000000008 14746.810000000001 12714.170000000002 29.230580664587723 38790.115000000005 1.0000000180025095e-35 0.86647726659927871 3.5000000000000004 0.080128205128205135 89232.175000000003 658.50000000000011 173203.61500000002 5.5000000000000009
decision_type=2 2 2 2 2 2 2 2 2 2 2 2 2 2 2 2 2 2 2 2 2 2 2 2 2 2 2 2 2 2
left_child=3 2 5 -1 -5 6 -2 11 9 12 -11 -8 -9 -13 -7 16 -16 18 -3 -20 21 23 -23 24 29 26 -26 -28 -29 -6
right_child=1 17 -4 4 20 14 7 8 -10 10 -12 13 -14 -15 15 -17 -18 -19 19 -21 -22 22 -24 -25 25 -27 27 28 -30 -31
leaf_value=7.86064691529198e-05 0.00081218077811847983 0.0017997588730411353 -0.02561229239437678 0.031576193767975491 0.0055431944911882242 0.011105625158433051 0.0033200321100856044 -0.017002989249120842 -0.00079870002531105648 0.001742092755862768 -0.0116210985342732 -0.0054815038358001396 0.012474623910440389 0.00031209232070016736 0.017443312706213909 -0.00111764199294495 0.0049347572082183468 -0.0020923256480906631 -0.0099288685109230959 0.0040606763922453326 0.054009558170456641 -0.016718754364561772 0.039687255522150744 -0.13534318435024531 -0.00091675713292167511 0.010067227470863549 -0.019499168760219218 -0.010124550257101862 0.0045462687977297694 -0.00081207924005378691
leaf_weight=1091730 37158 1799 148 3900 26109 6794 417 1482 2791 798 415 1318 121 3024 224 13901 1476 72997 4025 215 842 3818 754 387 2569 1011 585 475 695 7932
leaf_count=1091730 37158 1799 148 3900 26109 6794 417 1482 2791 798 415 1318 121 3024 224 13901 1476 72997 4025 215 842 3818 754 387 2569 1011 585 475 695 7932
internal_value=0 -0.00164231 0.000910757 0.000213485 0.00393176 0.00106843 -0.00110844 -0.0117175 -0.0199869 -0.0395521 -0.015189 -0.00197469 -0.0579878 -0.00642504 0.00568794 0.00189455 0.0250961 -0.00390565 -0.0140089 -0.0215904 0.00266814 0.00215098 -0.00910252 0.00344493 0.00390512 -0.00655927 -0.0123047 -0.0284813 -0.0077086 0.00554513
internal_weight=0 149103 70067 1.14081e+06 49077 69919 47524 10366 5607 2816 1213 4759 1603 4342 22395 15601 1700 79036 6039 4240 45177 44335 4572 39763 39376 5335 4324 1755 1170 34041
internal_count=1289910 149103 70067 1140807 49077 69919 47524 10366 5607 2816 1213 4759 1603 4342 22395 15601 1700 79036 6039 4240 45177 44335 4572 39763 39376 5335 4324 1755 1170 34041
is_linear=0
shrinkage=0.1


Tree=71
num_leaves=31
num_cat=0
split_feature=26 146 21 64 3 52 2 93 128 0 12 2 4 3 6 62 20 4 2 4 64 5 127 6 20 62 97 1 53 13
split_gain=43.5906 42.8353 42.8892 78.8642 72.8791 63.2715 61.7047 61.0359 52.2032 81.9461 75.4184 50.9384 67.0821 50.3665 87.2003 165.641 96.4729 73.71 134.655 131.211 146.835 126.036 121.289 93.9459 112.918 71.6576 71.2412 69.3088 65.865 65.0483
threshold=41036.000000000007 800120.00000000012 2.5000000000000004 8.5114899306426018e-06 353304.05000000005 0.0018163459527702152 21667.390000000003 1806.5000000000002 0.080128205128205135 1666.5000000000002 1.0000000180025095e-35 56006.060000000005 32109.445000000003 194880.18000000002 5.5833333333333348 6141967.5000000009 23.500000000000004 0.8650000000000001 353301.6750000001 102702.39000000001 1.1373806583871848 3.0000000000000004 0.76388888888888895 4.166666666666667 22.500000000000004 3809836.0000000005 1.0000000180025095e-35 36294016.500000007 2.227081354049337 6806508.5000000009
decision_type=2 2 2 2 2 2 2 2 2 2 2 2 2 2 2 2 2 2 2 2 2 2 2 2 2 2 2 2 2 2
left_child=1 2 8 4 6 -5 -4 -6 13 10 -10 12 -8 26 15 17 28 18 -15 20 -19 -21 -20 24 -23 27 -1 -22 29 -16
right_child=-2 -3 3 5 7 -7 11 -9 9 -11 -12 -13 -14 14 16 -17 -18 19 22 21 25 23 -24 -25 -26 -27 -28 -29 -30 -31
leaf_value=0.0003051864069022603 0.12082882704114102 0.079852856940837671 0.089214279088235648 0.057239980705002802 0.011842341196675928 0.007069849799843337 -0.044444967137327068 -0.072148971232702849 0.017015739688723008 -0.0093789075685282233 -0.035472968702406842 -0.0068810662411126437 -0.15146806674009128 0.0016927810591904709 -0.0029725290418945909 -0.02401877226279521 -0.034631697392446384 0.010090853655729584 -0.0042263198914591895 0.0095930354760235936 0.0044341413036891562 -0.017303428077138205 -0.015621711887900042 0.037482588468224526 0.01183889299580416 -0.0071548210643493709 0.024809524688119811 -0.037222121589093507 0.034845334978795044 0.032647128422695883
leaf_weight=894440 14481 2333 640 3100 2352 6296 1401 104 1931 7251 287 6122 179 2810 277845 3010 1000 10066 1225 22756 6680 8950 326 797 1813 1735 3379 1196 478 4927
leaf_count=894440 14481 2333 640 3100 2352 6296 1401 104 1931 7251 287 6122 179 2810 277845 3010 1000 10066 1225 22756 6680 8950 326 797 1813 1735 3379 1196 478 4927
internal_value=0 -6.25835e-05 -8.7392e-05 0.00448445 -0.00134502 0.0111837 -0.00580269 0.0137958 -0.00016108 -0.00755797 0.00926219 -0.0082819 -0.02429 -0.000104751 -0.00113054 0.00228813 -0.00186856 0.00346811 -0.00903747 0.00447818 0.0109882 0.000745271 -0.0326894 -0.00775764 -0.0102108 0.00214767 0.000290125 0.00620037 -0.0017591 -0.0018218
internal_weight=0 1.27543e+06 1.2731e+06 20194 10798 9396 8342 2456 1.2529e+06 9469 2218 7702 1580 1.24343e+06 345614 61364 284250 58354 4361 53993 19677 34316 1551 11560 10763 9611 897819 7876 283250 282772
internal_count=1289910 1275429 1273096 20194 10798 9396 8342 2456 1252902 9469 2218 7702 1580 1243433 345614 61364 284250 58354 4361 53993 19677 34316 1551 11560 10763 9611 897819 7876 283250 282772
is_linear=0
shrinkage=0.1


Tree=72
num_leaves=31
num_cat=0
split_feature=66 88 2 3 67 4 4 92 133 134 1 6 64 13 124 4 4 3 4 1 1 20 64 62 0 127 13 4 137 1
split_gain=42.8726 47.3887 66.5029 44.9648 43.5991 48.5664 83.0241 44.5871 41.4267 67.001 51.4767 67.8406 71.3621 125.572 65.2756 102.612 134.473 79.8413 121.797 96.8879 189.216 85.8045 85.1673 147.844 84.3205 84.2455 79.7135 79.5297 77.6613 116.706
threshold=1079549.0000000002 1013010.5000000001 273169.86000000004 394480.84500000003 12.500000000000002 13126.830000000002 34924.205000000009 18.050000000000004 42.000000000000007 4875150.0000000009 30657.000000000004 24.750000000000004 63.42204349164215 6370.5000000000009 14.500000000000002 18780.910000000003 21941.185000000001 87804.735000000001 57526.05000000001 2545693.0000000005 529440.50000000012 23.500000000000004 0.00012850972633581331 558295.50000000012 1556603.5000000002 0.42261904761904767 113.50000000000001 247374.15500000003 3.5000000000000004 194190.00000000003
decision_type=2 2 2 2 2 2 2 2 2 2 2 2 2 2 2 2 2 2 2 2 2 2 2 2 2 2 2 2 2 2
left_child=1 4 -3 -4 8 -6 7 -7 10 -10 -1 14 -13 -14 17 -16 -17 21 19 20 25 26 -20 27 -22 -19 28 -24 29 -12
right_child=-2 2 3 -5 5 6 -8 -9 9 -11 11 12 13 -15 15 16 -18 18 22 -21 24 -23 23 -25 -26 -27 -28 -29 -30 -31
leaf_value=0.0015702064808333306 0.028613359992458998 -0.03781519440167766 0.032647914219892042 -0.016188316006434469 0.00070385978982218664 -0.025057022321108909 0.025683163706802209 -0.12592541820931108 -0.0040768342042242891 -0.040228137543326527 -0.0067288816201784398 0.010806680852983076 -0.018068569726227088 0.067384872290383188 -0.0024091482228174397 -0.039559171025146209 -0.012365966944036773 -0.0021156236280525718 0.0059721026252463677 0.00025817872747827859 0.0099297849571753204 -0.02780170862682578 -0.0052699899276032573 0.00028062307875518502 0.0035748888860825862 0.0046094753990180565 -0.0007570235186285133 -0.047385895251404943 0.00032997656655958148 -0.028763324520258694
leaf_weight=738992 1706 1125 664 2728 1954 553 453 815 32817 4183 11497 13246 236 350 17596 540 4533 17015 16950 52062 13151 2045 18267 43740 12425 5801 251571 6863 6600 9432
leaf_count=738992 1706 1125 664 2728 1954 553 453 815 32817 4183 11497 13246 236 350 17596 540 4533 17015 16950 52062 13151 2045 18267 43740 12425 5801 251571 6863 6600 9432
internal_value=0 -2.19452e-05 -0.0102466 -0.00325877 1.40331e-05 -0.010717 -0.0224664 -0.0347536 4.56834e-05 -0.0032517 0.000143843 -0.000635493 0.00627102 0.0404205 -0.000830419 -0.00607095 -0.0186011 -0.000576262 0.00102938 0.00339287 0.00661412 -0.00164009 -0.00173712 -0.00329995 0.0125201 -6.35293e-06 -0.00149055 -0.00941261 -0.00659938 -0.00958204
internal_weight=0 1.2882e+06 4517 3392 1.28369e+06 3775 1821 1368 1.27991e+06 37000 1.24291e+06 503920 13832 586 490088 22669 5073 467419 186274 100454 48392 281145 85820 68870 25576 22816 279100 25130 27529 20929
internal_count=1289910 1288204 4517 3392 1283687 3775 1821 1368 1279912 37000 1242912 503920 13832 586 490088 22669 5073 467419 186274 100454 48392 281145 85820 68870 25576 22816 279100 25130 27529 20929
is_linear=0
shrinkage=0.1


Tree=73
num_leaves=31
num_cat=0
split_feature=99 17 127 3 63 138 3 2 20 6 0 20 3 2 0 1 13 6 1 3 13 4 3 20 64 0 62 2 4 2
split_gain=41.1922 40.13 62.4921 111.617 102.733 45.2041 43.6347 95.9497 100.397 61.6692 55.9919 49.3129 47.0664 42.5515 59.8272 56.6017 135.612 51.4845 111.824 133.824 144.754 126.597 139.092 173.128 134 109.461 165.24 110.36 95.1473 82.7844
threshold=1.0000000180025095e-35 2.5000000000000004 0.78888888888888908 353304.05000000005 0.99611801242236042 15.500000000000002 175269.96500000003 89232.175000000003 4.5000000000000009 7.8333333333333348 495.50000000000006 6.5000000000000009 197842.08000000005 1.2550000000000001 20.500000000000004 19.500000000000004 8.5000000000000018 5.5833333333333348 308.50000000000006 646096.67000000004 517530.00000000006 7271.7050000000008 20341.975000000002 1.0000000180025095e-35 1.0003983371729721 6333383.5000000009 2924550.5000000005 113147.735 1291.2650000000003 266.27500000000003
decision_type=2 2 2 2 2 2 2 2 2 2 2 2 2 2 2 2 2 2 2 2 2 2 2 2 2 2 2 2 2 2
left_child=1 13 5 6 -5 -3 7 10 -9 -8 -4 -12 -11 14 15 16 -1 18 -15 20 29 22 -22 -24 28 26 27 -23 -25 -20
right_child=-2 2 3 4 -6 -7 9 8 -10 12 11 -13 -14 17 -16 -17 -18 -19 19 -21 21 25 23 24 -26 -27 -28 -29 -30 -31
leaf_value=-0.0017708493586410805 0.046374392761156208 -0.00064089299047466681 0.0058242090910707311 -0.014928052908161042 0.0053388827749000752 -0.023397913453076381 0.013877058383920053 -0.0039622726532243637 -0.02198287243611248 0.010704437188170539 -0.0057209262017804624 0.010129022549777789 -0.0061816534688951316 0.012085061043416024 -0.11008761697318087 0.0047695799646966137 -0.010927116064419441 -0.00029057589444054789 -0.010204965507031427 -0.016566994282562898 0.039299051203726523 0.013449192940062566 -0.016981972534279553 0.00059525866579363961 0.032213598700919249 0.0020603787421423158 0.015218573661101829 0.0054864384031117486 -0.0057172279376838638 0.00010664643353173187
leaf_weight=13209 231 40146 609 304 124 1453 220 833 495 105 2007 332 364 77203 594 2226 3268 952894 22318 8259 5381 1291 1518 19083 280 5775 1918 6669 1924 118877
leaf_count=13209 231 40146 609 304 124 1453 220 833 495 105 2007 332 364 77203 594 2226 3268 952894 22318 8259 5381 1291 1518 19083 280 5775 1918 6669 1924 118877
internal_value=0 -2.14107e-05 -0.00288996 -0.013018 -0.0620171 -0.00157693 -0.00879415 -0.0125573 -0.0348759 0.0145601 -0.00250327 -0.00953549 -0.00593028 8.70631e-05 -0.00457217 -0.00357987 -0.00560187 0.000160555 0.00137814 9.31572e-05 0.000649057 0.00566865 0.001664 -0.00174833 0.000578409 0.0128797 0.0192737 0.0129249 -0.000337584 -0.000909453
internal_weight=0 1.28968e+06 46992 5393 428 41599 4965 4276 1328 689 2948 2339 469 1.24269e+06 19297 18703 16477 1.22339e+06 270496 193293 185034 43839 28186 22805 21287 15653 9878 7960 21007 141195
internal_count=1289910 1289679 46992 5393 428 41599 4965 4276 1328 689 2948 2339 469 1242687 19297 18703 16477 1223390 270496 193293 185034 43839 28186 22805 21287 15653 9878 7960 21007 141195
is_linear=0
shrinkage=0.1


Tree=74
num_leaves=31
num_cat=0
split_feature=67 3 4 4 75 94 90 76 123 52 52 6 127 127 3 63 64 2 2 4 64 4 64 2 2 64 3 13 124 4
split_gain=39.0503 48.0574 68.396 43.679 39.4853 110.597 41.8711 41.2699 40.9236 67.9408 61.3212 60.4816 55.6321 59.798 84.4133 64.4031 53.443 73.0563 90.606 76.6031 73.6272 109.312 110.094 138.084 84.5154 94.8636 83.5572 81.2356 93.6918 84.7821
threshold=12.500000000000002 182131.69500000004 34924.205000000009 14744.320000000002 24.500000000000004 1673.288888888889 9.7754953598404981 8.5000000000000018 289677.50000000006 1.0105210398990684e-06 0.015624552779217359 98.500000000000014 0.84523809523809534 0.78888888888888908 316430.23000000004 0.99611801242236042 0.83233334201357312 37933.610000000008 81708.800000000003 13665.800000000001 0.99999947370637032 13665.800000000001 1.0003983371729721 327402.82000000001 290961.89500000008 5.0510178610657332 116697.38500000002 3808814.5000000005 9.5000000000000018 57526.05000000001
decision_type=2 2 2 2 2 2 2 2 2 2 2 2 2 2 2 2 2 2 2 2 2 2 2 2 2 2 2 2 2 2
left_child=4 -2 3 -3 8 6 -6 -7 12 11 -11 16 13 -1 -15 -16 -10 -18 19 -19 -20 22 -22 -24 25 -23 -27 28 29 -26
right_child=1 2 -4 -5 5 7 -8 -9 9 10 -12 -13 -14 14 15 -17 17 18 20 -21 21 24 23 -25 27 26 -28 -29 -30 -31
leaf_value=0.00041178518898412622 -0.0036793609306690236 0.042000613038111728 0.013555489331542069 -0.13245325499462085 -0.0022854944852205472 -0.043094121684295494 -0.036801917681090292 -0.018800925890279773 -0.00024058309156091973 0.029424018421784416 -0.011860212351561617 -0.022938762052116739 0.0039895780085766443 -0.0035030936870990904 -0.014505918548215575 0.0041255336323464424 -0.0077955507371870961 -0.00086404781511297826 -0.0055026506980517965 0.0049700875606277324 -5.1057731730130842e-05 -0.037680591703687594 0.023971060544005978 -0.038879268927136716 0.013726403501629729 0.016461679270594706 -0.011976295943818993 -0.014014169922252595 0.029122303078251855 -0.032297326972846152
leaf_weight=1089578 2482 87 357 853 18557 1145 602 866 97124 4648 1346 185 22377 3597 225 81 3981 2331 11137 1781 7706 3156 1926 698 1421 621 2141 4265 2301 2335
leaf_count=1089578 2482 87 357 853 18557 1145 602 866 97124 4648 1346 185 22377 3597 225 81 3981 2331 11137 1781 7706 3156 1926 698 1421 621 2141 4265 2301 2335
internal_value=0 -0.0101592 -0.0257592 -0.0399111 2.10638e-05 -0.00426199 -0.00192029 -0.0265716 9.27437e-05 -0.00146326 0.00896706 -0.00190012 0.000300659 0.000199652 -0.0121561 -0.0625775 -0.00182616 -0.0046421 -0.00340983 0.0106855 -0.00494695 -0.00208609 0.00595624 0.0236478 -0.00720168 -0.016729 -0.0031952 -0.00173932 0.00570495 -0.00402964
internal_weight=0 3779 1297 940 1.28613e+06 21170 19159 2011 1.26496e+06 149103 5994 143109 1.11586e+06 1.09348e+06 3903 306 142924 45800 41819 4112 37707 26570 10330 2624 16240 5918 2762 10322 6057 3756
internal_count=1289910 3779 1297 940 1286131 21170 19159 2011 1264961 149103 5994 143109 1115858 1093481 3903 306 142924 45800 41819 4112 37707 26570 10330 2624 16240 5918 2762 10322 6057 3756
is_linear=0
shrinkage=0.1


Tree=75
num_leaves=31
num_cat=0
split_feature=26 6 134 1 13 137 20 2 2 137 3 1 63 4 3 3 5 20 123 53 2 0 6 62 4 4 90 84 6 124
split_gain=38.9604 40.2076 52.477 50.9474 60.0244 101.794 74.2668 73.6442 73.5964 67.651 58.9643 70.9145 64.4045 113.12 144.661 155.471 160.275 144.835 131.04 105.801 102.494 95.0101 117.985 88.6939 79.7122 77.9529 98.192 77.1835 68.9115 86.116
threshold=2.5000000000000004 35.583333333333336 4875150.0000000009 308.50000000000006 45.500000000000007 8.5000000000000018 3.5000000000000004 3.9650000000000003 1.1450000000000002 103.50000000000001 852767.94500000018 118201408.50000001 0.11536642841436706 716.72000000000014 58854.630000000012 21532.560000000001 3.0000000000000004 6.5000000000000009 333369.50000000006 1.0226058644930129e-05 9512.1950000000015 166453.00000000003 5.5833333333333348 62.500000000000007 44935.665000000008 22726.115000000002 0.9806131113774571 566056.00000000012 26.583333333333339 14.500000000000002
decision_type=2 2 2 2 2 2 2 2 2 2 2 2 2 2 2 2 2 2 2 2 2 2 2 2 2 2 2 2 2 2
left_child=1 3 -3 4 5 -1 7 -6 -7 -9 11 12 23 14 15 16 -14 20 -17 28 -18 -19 -23 25 -25 26 -5 -16 29 -15
right_child=-2 2 -4 10 6 8 -8 9 -10 -11 -12 -13 13 19 27 18 17 21 -20 -21 -22 22 -24 24 -26 -27 -28 -29 -30 -31
leaf_value=0.0026029935103865755 0.065571932765428012 -0.0029543783657175028 -0.02447105020479318 -0.0016332017485955808 0.11379718382060638 -0.025927810255723119 0.0012713072094075399 0.01128871762314787 -0.0045262263177813537 -0.030050606078682818 -0.018450189484965306 0.064892970603617414 0.14399812021083988 -0.00059587292613144107 -0.00054035917154732639 0.031171876887183304 -0.0043139303357170094 -0.039328318894908953 0.0024808399850850954 0.016189772439995115 0.011081818742349104 0.019436796939202639 -0.044405934681917815 0.00042447744952632863 -0.029022189724678821 0.0054982770391163041 -0.026880960158293644 0.01009970883332429 0.025931970397538653 -0.0075673935575627464
leaf_weight=368948 27625 138667 8589 259171 5982 998 16499 5910 16787 939 7831 398 11815 232462 53966 10516 19826 4646 8316 8601 11847 201 1903 3597 5563 33872 6615 406 4285 13129
leaf_count=368948 27625 138667 8589 259171 5982 998 16499 5910 16787 939 7831 398 11815 232462 53966 10516 19826 4646 8316 8601 11847 201 1903 3597 5563 33872 6615 406 4285 13129
internal_value=0 -9.74985e-05 -0.00165054 0.000107603 0.000983729 0.000652952 0.00534521 0.0110513 -0.00673647 0.00397106 -0.000413915 -0.000316148 -0.000340463 0.000527832 0.0030182 0.0060555 0.00315073 1.86094e-05 0.0138045 -0.000661504 0.00285292 -0.0132808 -0.0309107 -0.00141429 -0.0111074 -0.00111799 -0.00169378 -0.000840147 -0.00103686 -0.00125622
internal_weight=0 1.26228e+06 147256 1.11503e+06 416063 386733 29330 12831 17785 6849 698966 691135 690737 381919 123442 69070 50238 38423 18832 258477 31673 6750 2104 308818 9160 299658 265786 54372 249876 245591
internal_count=1289910 1262285 147256 1115029 416063 386733 29330 12831 17785 6849 698966 691135 690737 381919 123442 69070 50238 38423 18832 258477 31673 6750 2104 308818 9160 299658 265786 54372 249876 245591
is_linear=0
shrinkage=0.1


Tree=76
num_leaves=31
num_cat=0
split_feature=67 3 4 4 146 0 89 4 76 4 20 0 3 94 3 134 118 1 124 90 2 3 3 123 2 62 137 20 20 14
split_gain=38.2941 46.8175 65.2444 38.0419 37.5535 41.8084 37.2734 37.1651 35.6249 61.9005 46.92 126.331 106.039 50.0728 40.1313 91.9617 74.5912 66.5745 79.3751 90.2172 69.7529 136.432 70.0235 99.1822 85.6167 174.939 139.937 106.782 142.96 128.671
threshold=12.500000000000002 182131.69500000004 34924.205000000009 47943.080000000009 800120.00000000012 2720590.5000000005 10563.937500000002 14744.320000000002 3.5000000000000004 117.48500000000003 7.5000000000000009 3.5000000000000004 30809.475000000002 1444.6872901059162 54833.950000000004 499419.00000000006 0.34848484848484856 30657.000000000004 2.5000000000000004 0.86647726659927871 10860.435000000003 10279.385000000002 15122.720000000003 28336.000000000004 37933.610000000008 558295.50000000012 32926.000000000007 1.5000000000000002 2.5000000000000004 1.0000000180025095e-35
decision_type=2 2 2 2 2 2 2 2 2 2 2 2 2 2 2 2 2 2 2 2 2 2 2 2 2 2 2 2 2 2
left_child=4 -2 7 -4 6 -6 8 -3 14 -10 11 12 -11 -12 15 16 17 18 -1 -20 21 -19 23 -22 25 26 -24 -26 29 -29
right_child=1 2 3 -5 5 -7 -8 -9 9 10 13 -13 -14 -15 -16 -17 -18 20 19 -21 22 -23 24 -25 27 -27 -28 28 -30 -31
leaf_value=0.0040371668168207543 -0.0038612525415137548 0.042728776255485705 0.065699019547453399 -0.017225889713167585 0.089375896153544021 -0.030525137064547458 -0.016178108980494366 -0.11946822884619741 0.001835009555984657 -0.12927082184224092 0.0079495338427524233 -0.0088963617538397807 -0.012888401365956138 -0.015610764840833666 -0.00043332100585320921 -0.017062304618410986 0.028651551752169692 -0.0063384875962311238 0.01822001116146681 -0.18095409566440979 8.3018511068468006e-05 -0.025136540053079245 -0.0051240814187882185 0.0085288279391514624 0.0072359400681303813 -0.035954306077216523 0.0076002221178832711 -0.00016832551420126548 0.0024624878727153355 -0.0088386055859255627
leaf_weight=310466 2482 87 101 256 2205 128 2256 853 28430 1281 5694 13685 1014 3112 677201 6355 2391 75717 13616 315 17153 1602 27933 12806 17147 1422 21520 7344 29747 5591
leaf_count=310466 2482 87 101 256 2205 128 2256 853 28430 1281 5694 13685 1014 3112 677201 6355 2391 75717 13616 315 17153 1602 27933 12806 17147 1422 21520 7344 29747 5591
internal_value=0 -0.0100534 -0.0254508 0.0109434 2.78601e-05 0.0127036 4.82493e-06 -0.0392728 2.74325e-05 -0.00250563 -0.00615831 -0.00938812 -0.0311 -0.000297265 0.000137175 0.00077078 0.000910298 0.000832606 0.00174079 0.00912526 -0.000518939 -0.00293172 0.000807307 0.00509625 -0.000353377 -0.00336917 -0.00237481 0.00221107 -0.000466651 -0.0092432
internal_weight=0 3779 1297 357 1.28613e+06 2333 1.2838e+06 940 1.28154e+06 53216 24786 15980 2295 8806 1.22833e+06 551125 544770 542379 324397 13931 217982 77319 140663 29959 110704 50875 49453 59829 42682 12935
internal_count=1289910 3779 1297 357 1286131 2333 1283798 940 1281542 53216 24786 15980 2295 8806 1228326 551125 544770 542379 324397 13931 217982 77319 140663 29959 110704 50875 49453 59829 42682 12935
is_linear=0
shrinkage=0.1


Tree=77
num_leaves=31
num_cat=0
split_feature=2 13 2 20 20 5 138 0 18 20 8 3 123 6 20 3 123 6 4 0 3 13 8 4 64 3 62 13 64 13
split_gain=38.3847 124.353 59.6878 100.849 134.71 87.4317 75.9587 46.59 43.9268 54.3772 76.0411 92.9242 147.074 115.746 52.9381 56.1822 51.1642 47.0667 73.1739 130.703 99.8252 161.412 92.3772 186.29 104.084 168.116 84.919 93.2105 80.3295 79.9141
threshold=1.4600000000000002 3.5000000000000004 3.9650000000000003 9.5000000000000018 1.0000000180025095e-35 1.0000000180025095e-35 7.5000000000000009 113.50000000000001 1.0000000180025095e-35 4.5000000000000009 1.0000000180025095e-35 9658.345000000003 2.5000000000000004 4.8333333333333348 5.5000000000000009 104790.55 1055978.0000000002 8.4166666666666696 14744.320000000002 220609.00000000003 87804.735000000001 160572.00000000003 1.0000000180025095e-35 21941.185000000001 0.0016020711391414569 182131.69500000004 160354.50000000003 8093.0000000000009 1.3830306507515977e-06 5730.0000000000009
decision_type=2 2 2 2 2 2 2 2 2 2 2 2 2 2 2 2 2 2 2 2 2 2 2 2 2 2 2 2 2 2
left_child=1 -1 3 4 6 -6 -2 -7 17 10 11 -10 13 -13 15 -11 -16 -4 19 -19 21 -21 -20 24 25 -24 28 29 -25 -28
right_child=2 -3 8 -5 5 7 -8 -9 9 14 -12 12 -14 -15 16 -17 -18 18 22 20 -22 -23 23 26 -26 -27 27 -29 -30 -31
leaf_value=0.0774318550777508 0.011516222783798069 -0.0064102007100732238 0.000797209016921241 -0.0084933672538588575 -0.03497002503893256 0.095468556814155656 -0.048812946288702475 0.13243266927383143 -0.0046681142204260343 0.024786801291985495 -0.0014256343059705079 -0.046047471931108974 -0.0027138812597435448 -0.029388138045168558 -0.00030780549304577475 -0.0074403993051031306 -0.010353967542682033 0.0079344420134055595 -0.00172964771828088 -0.010062720289400693 0.0021896204597239796 -0.0019789663150289573 -0.015962612579085454 -0.0023942542345798228 -0.005330860541624351 -0.065408930477068916 0.0020571282489198479 0.00029147648928606857 -0.013783646768756578 0.06169981906823966
leaf_weight=7301 1759 17964 580527 2100 638 9955 2311 926 5753 3551 19318 2178 4002 1326 36592 1332 2485 132771 305455 7817 35325 48426 4301 10195 5088 1559 402 27588 10507 458
leaf_count=7301 1759 17964 580527 2100 638 9955 2311 926 5753 3551 19318 2178 4002 1326 36592 1332 2485 132771 305455 7817 35325 48426 4301 10195 5088 1559 402 27588 10507 458
internal_value=0 -0.00386486 7.16832e-05 0.00583978 0.00861108 0.0141367 -0.00702764 0.0162463 -1.01415e-05 -0.00233114 -0.00542746 -0.0112591 -0.0185883 -0.0335479 -3.65748e-05 0.00978029 -0.00126327 0.000141635 -0.000487453 0.00093427 -0.00197223 -0.00458894 -0.00135996 -0.00494382 -0.0167405 -0.025826 -0.00231615 0.0012297 -0.00718875 0.03365
internal_weight=0 25265 1.26464e+06 17689 15589 11519 4070 10881 1.24696e+06 76537 32577 13259 7506 3504 43960 4883 39077 1.17042e+06 589892 224339 91568 56243 365553 60098 10948 5860 49150 28448 20702 860
internal_count=1289910 25265 1264645 17689 15589 11519 4070 10881 1246956 76537 32577 13259 7506 3504 43960 4883 39077 1170419 589892 224339 91568 56243 365553 60098 10948 5860 49150 28448 20702 860
is_linear=0
shrinkage=0.1


Tree=78
num_leaves=31
num_cat=0
split_feature=99 17 127 3 63 3 2 20 6 3 129 123 20 1 3 20 3 138 67 3 4 3 134 4 2 123 64 134 3 123
split_gain=36.9583 37.0936 60.5516 112.967 94.2746 47.961 76.5123 87.063 52.7828 39.8646 39.7884 63.5115 38.24 36.8598 63.936 36.2247 41.9435 40.7807 35.9864 45.4658 59.3109 35.2992 67.5389 64.7837 60.9519 66.6776 91.3917 66.5712 67.4433 92.5705
threshold=1.0000000180025095e-35 2.5000000000000004 0.78888888888888908 353304.05000000005 0.99611801242236042 175269.96500000003 91757.885000000024 4.5000000000000009 7.8333333333333348 194880.18000000002 0.07417582417582419 1908092.0000000002 5.5000000000000009 271707.00000000006 109268.26000000002 1.5000000000000002 39930.580000000009 15.500000000000002 12.500000000000002 182131.69500000004 34924.205000000009 509652.76500000007 11132308.000000002 0.8450000000000002 456975.34000000008 3808814.5000000005 2.0509650420296324 1115247.0000000002 233421.54000000001 390.50000000000006
decision_type=2 2 2 2 2 2 2 2 2 2 2 2 2 2 2 2 2 2 2 2 2 2 2 2 2 2 2 2 2 2
left_child=1 18 10 5 -5 6 -4 13 -7 -10 11 15 -9 -8 -15 17 -17 -3 21 -20 -21 22 24 -23 27 -26 -27 28 -1 -30
right_child=-2 2 3 4 -6 8 7 12 9 -11 -12 -13 -14 14 -16 16 -18 -19 19 20 -22 23 -24 -25 25 26 -28 -29 29 -31
leaf_value=0.00074928609304940558 0.043655743499433797 -0.004522625091056923 -0.0010312312891546771 -0.012187727345551914 0.0045542177186268873 0.012911321389894162 -0.007533322283136923 -0.02701636096286382 0.01091175670887223 -0.0046715862232463885 0.0023615005355814922 -0.0077830315466093786 -0.012127861102112024 -0.010618605704467578 0.011083543390489965 0.0085685878599454316 -0.0020937336334419915 -0.023805692798856182 -0.00293558612866931 -0.094308216472958617 0.011701344543525817 -0.017756898238713917 -0.023202087777301594 -0.0020027039942876277 0.0063305334087733305 -0.001199863735806439 -0.024817055620074548 -0.01317443795851423 -0.00120885377494392 -0.0072194007060530259
leaf_weight=902883 231 8964 3023 304 124 220 473 198 98 371 9509 707 297 152 133 9033 12403 983 2464 935 355 569 6328 128774 69474 9971 1200 26924 79735 13075
leaf_count=902883 231 8964 3023 304 124 220 473 198 98 371 9509 707 297 152 133 9033 12403 983 2464 935 355 569 6328 128774 69474 9971 1200 26924 79735 13075
internal_value=0 4.91813e-06 -0.00275298 -0.0127226 -0.0620171 -0.0084732 -0.0124185 -0.0331958 0.0160115 -0.0029452 -0.00146049 -0.00314402 -0.065815 -0.0118944 0.0165143 -0.00247628 -0.00016193 -0.00746376 0.000109207 -0.00966688 -0.0248766 0.000138829 0.000321071 -0.00142456 0.000380158 0.00302696 -0.00414382 0.000171427 0.000304104 -0.00226289
internal_weight=0 1.28968e+06 46992 5393 428 4965 4276 1253 689 469 41599 32090 495 758 285 31383 21436 9947 1.24269e+06 3754 1290 1.23893e+06 1.10959e+06 129343 1.10326e+06 80645 11171 1.02262e+06 995693 92810
internal_count=1289910 1289679 46992 5393 428 4965 4276 1253 689 469 41599 32090 495 758 285 31383 21436 9947 1242687 3754 1290 1238933 1109590 129343 1103262 80645 11171 1022617 995693 92810
is_linear=0
shrinkage=0.1


Tree=79
num_leaves=31
num_cat=0
split_feature=128 3 13 4 13 20 106 88 4 2 13 2 0 64 20 20 20 5 6 6 0 105 4 146 0 5 20 141 20 20
split_gain=38.7603 61.5906 42.772 74.1985 43.1783 42.4328 34.7831 40.3451 40.2323 34.386 102.368 65.7044 95.5025 74.8456 82.9308 52.2377 47.9851 71.0927 52.1121 41.2669 34.7716 34.3714 44.9414 33.5247 40.7826 33.4935 43.1871 41.977 33.4356 150.259
threshold=0.06458333333333334 16893.980000000007 3071.5000000000005 0.8650000000000001 1.5000000000000002 6.5000000000000009 6.5000000000000009 1152641.0000000002 1451.1250000000002 1.4600000000000002 3.5000000000000004 3.9650000000000003 113.50000000000001 0.99999947370637032 9.5000000000000018 6.5000000000000009 1.0000000180025095e-35 1.0000000180025095e-35 7.8333333333333348 7.8333333333333348 64.500000000000014 1025306.0000000001 2385.5750000000003 800120.00000000012 2720590.5000000005 1.0000000180025095e-35 6.5000000000000009 0.55050505050505061 6.5000000000000009 9.5000000000000018
decision_type=2 2 2 2 2 2 2 2 2 2 2 2 2 2 2 2 2 2 2 2 2 2 2 2 2 2 2 2 2 2
left_child=6 -2 4 5 -3 -4 7 9 -9 10 15 12 13 14 16 -1 18 20 -11 25 -18 23 -23 -13 -25 26 -12 28 -27 -30
right_child=1 2 3 -5 -6 -7 -8 8 -10 11 19 21 -14 -15 -16 -17 17 -19 -20 -21 -22 22 -24 24 -26 27 -28 -29 29 -31
leaf_value=0.11995881259616946 0.022073148239318677 -0.028590443743477668 -0.023484611967359847 -0.0051703231803725833 0.0060653822259165184 0.0027820036813174967 0.048727022268212405 -0.024899189101415233 -0.002315660545744236 0.012364533373914233 -0.072793248310251676 2.2920985452179467e-05 0.11807234612789044 -0.21983150280129529 -0.007718959137777915 -0.017379402415073585 0.043046052888570913 0.085793840503506094 -0.027411871291906809 -0.053298319250944776 -0.042379309402462546 0.024289629583668849 -0.052010483854357872 0.080486400102574393 -0.027099388186835861 0.0012122613168844953 -0.011343330470980906 -0.0079142421985471719 -0.023516131077992553 0.0002232109947649913
leaf_weight=4682 1244 257 1655 4555 2285 225 2896 1840 2275 2301 331 1226822 941 643 2100 2619 286 9955 1126 394 337 431 138 2205 128 6761 366 4455 1341 4316
leaf_count=4682 1244 257 1655 4555 2285 225 2896 1840 2275 2301 331 1226822 941 643 2100 2619 286 9955 1126 394 337 431 138 2205 128 6761 366 4455 1341 4316
internal_value=0 -0.00612356 -0.00901327 -0.0133517 0.00196921 -0.030066 5.90896e-05 3.42599e-05 -0.00985149 6.62239e-05 -0.00358617 0.000140199 0.00619144 0.00444975 0.00578551 0.00639849 0.00856423 0.0118959 -0.00171963 -0.00764417 -0.0208749 5.31549e-05 0.0246252 4.178e-05 0.0120178 -0.00692644 -0.0284084 -0.00603905 -0.00305155 -0.00872427
internal_weight=0 10221 8977 6435 2542 1880 1.27969e+06 1.27679e+06 4115 1.27268e+06 25265 1.24741e+06 17689 16748 16105 7301 14005 10578 3427 17964 623 1.22972e+06 569 1.22916e+06 2333 17570 697 16873 12418 5657
internal_count=1289910 10221 8977 6435 2542 1880 1279689 1276793 4115 1272678 25265 1247413 17689 16748 16105 7301 14005 10578 3427 17964 623 1229724 569 1229155 2333 17570 697 16873 12418 5657
is_linear=0
shrinkage=0.1


Tree=80
num_leaves=31
num_cat=0
split_feature=26 66 146 0 4 5 64 124 6 6 146 20 1 2 4 84 2 3 3 137 0 2 5 137 140 20 2 127 3 6
split_gain=33.4558 32.5445 31.8295 40.148 30.9956 123.002 57.5678 66.7312 54.8371 49.3137 46.584 44.3925 38.7058 40.2568 39.6458 110.322 94.183 152.782 150.536 140.213 160.05 104.7 163.573 153.806 100.731 168.357 101.2 149.324 93.1161 86.1641
threshold=2.5000000000000004 1079549.0000000002 800120.00000000012 2720590.5000000005 243000.85000000001 3.0000000000000004 9.8326387716063431e-05 9.5000000000000018 24.750000000000004 35.583333333333336 124684.50000000001 4.5000000000000009 26516060.000000004 304501.35000000003 0.42500000000000004 97268.500000000015 7615.0750000000007 11730.050000000001 5593.5400000000009 146932.00000000003 150520.50000000003 1967.5500000000002 1.0000000180025095e-35 100666.50000000001 1.0000000180025095e-35 3.5000000000000004 353301.6750000001 0.73863636363636376 10279.385000000002 4.8333333333333348
decision_type=2 2 2 2 2 2 2 2 2 2 2 2 2 2 2 2 2 2 2 2 2 2 2 2 2 2 2 2 2 2
left_child=1 2 4 -4 10 9 -7 8 -8 -6 12 -9 14 -14 15 16 18 28 19 21 -21 -1 23 -23 26 29 -19 -28 -18 -26
right_child=-2 -3 3 -5 5 6 7 11 -10 -11 -12 -13 13 -15 -16 -17 17 24 -20 20 -22 22 -24 -25 25 -27 27 -29 -30 -31
leaf_value=-0.0010616090149698978 0.059158682673159026 0.025973534183527294 0.07243776009231695 -0.02438944936815228 0.0012731098255448271 -0.00033449052701281512 -0.039091531905207068 -0.0039898534573937104 0.030412461039021468 -0.0066184428406590445 -0.024959096255012719 0.049927683105587442 -0.030335815713524197 -0.0089151509969649604 0.00066911053235408919 -0.031648561140007615 -0.014814567361587264 0.00017444180804428646 0.074210218262022162 -0.11512668304111416 -0.013333684362029308 0.08646011940416104 0.045157708296137342 -0.078191548025353025 -0.048645482565496591 -0.012046591152938947 -0.0023903827297659806 -0.010900200120677321 -0.02304143233963174 -0.033176032259196568
leaf_weight=124442 27625 1706 2205 128 137436 4936 10308 1667 106 56393 5982 225 1102 5901 782862 1051 12052 67576 9963 1155 3458 475 18372 447 1450 5359 1469 471 2704 884
leaf_count=124442 27625 1706 2205 128 137436 4936 10308 1667 106 56393 5982 225 1102 5901 782862 1051 12052 67576 9963 1155 3458 475 18372 447 1450 5359 1469 471 2704 884
internal_value=0 -6.17291e-05 -8.04085e-05 0.0115892 -0.000102046 -0.00120756 -0.00930145 -0.012961 -0.0160997 -0.000487565 0.000120783 0.00431546 0.000171338 -0.00723802 0.000221511 -0.000871239 -0.00073547 -0.00328067 0.00074306 -5.6068e-05 -0.0172171 0.000494691 0.007349 -0.0337525 -0.0014988 -0.0123566 -0.000297221 -0.0228159 -0.0126041 -0.0347727
internal_weight=0 1.26228e+06 1.26058e+06 2333 1.25825e+06 211071 17242 12306 10414 193829 1.04718e+06 1892 1.04119e+06 7003 1.03419e+06 251328 250277 91965 158312 148349 4613 143736 19294 922 77209 7693 69516 1940 14756 2334
internal_count=1289910 1262285 1260579 2333 1258246 211071 17242 12306 10414 193829 1047175 1892 1041193 7003 1034190 251328 250277 91965 158312 148349 4613 143736 19294 922 77209 7693 69516 1940 14756 2334
is_linear=0
shrinkage=0.1


Tree=81
num_leaves=31
num_cat=0
split_feature=76 4 20 0 3 6 13 3 123 64 20 6 123 14 124 64 6 123 124 4 4 6 62 0 3 13 123 13 1 123
split_gain=31.8826 49.2613 40.3517 114.391 92.6381 44.9725 40.2983 36.5611 33.8656 90.3354 72.8551 70.6806 62.5492 59.0772 64.3651 85.0296 135.309 92.8258 63.944 59.9706 59.0548 86.0817 82.9086 86.0372 137.127 94.2108 99.8662 63.681 67.4605 110.346
threshold=3.5000000000000004 117.48500000000003 7.5000000000000009 3.5000000000000004 31963.425000000007 19.583333333333339 63.500000000000007 7953.8700000000017 251777.00000000003 0.054476577190168324 14.500000000000002 98.500000000000014 406134.00000000006 1.0000000180025095e-35 8.5000000000000018 3.3169055274815749e-06 11.833333333333334 2546671.0000000005 12.500000000000002 42286.305000000008 4603.5500000000011 5.166666666666667 790947.00000000012 550936.50000000012 188788.61500000002 3808814.5000000005 3808232.5000000005 857819.00000000012 1261026.5000000002 1908092.0000000002
decision_type=2 2 2 2 2 2 2 2 2 2 2 2 2 2 2 2 2 2 2 2 2 2 2 2 2 2 2 2 2 2
left_child=8 6 3 4 7 -4 -2 -3 -1 11 12 13 -11 19 20 16 -16 18 -18 -10 22 -22 23 -15 27 26 -26 -25 -29 -30
right_child=1 2 5 -5 -6 -7 -8 -9 9 10 -12 -13 -14 14 15 -17 17 -19 -20 -21 21 -23 -24 24 25 -27 -28 28 29 -31
leaf_value=0.00047988121882660997 0.0097944324844785116 -0.046647331180623537 -0.0051761918309893729 -0.008065341939018672 -0.010503447106358386 0.032322303366597742 -0.010116541659532352 -0.12317169328405353 0.0067415779013775936 -0.0050613958729146665 -0.010453409679704817 -0.021894452853671351 -0.00058968295455266164 -0.0024186625259539074 -0.043056490232744875 -0.00088631685585788961 0.0021391904784872728 -0.016221874039886546 -0.011506342434706244 -0.0054039617758739602 0.016519163765015454 0.0046485523967787299 -0.0062470167474627291 0.0083728225664501995 -0.0020303634577819806 -0.010199461997045861 0.021250993671868244 -0.0010397382081063777 0.0058320938680071549 0.00058533452985714098
leaf_weight=1082957 16769 220 7167 13685 991 1640 11661 1084 17693 11555 13831 139 68676 6838 681 7929 1599 337 1176 6283 1197 4041 2145 1489 1661 494 161 1717 1199 2895
leaf_count=1082957 16769 220 7167 13685 991 1640 11661 1084 17693 11555 13831 139 68676 6838 681 7929 1599 337 1176 6283 1197 4041 2145 1489 1661 494 161 1717 1199 2895
internal_value=0 -0.00239219 -0.00565059 -0.00864592 -0.0293063 -0.000215669 0.000448679 -0.046821 0.00010758 -0.00128131 -0.00321206 0.00176207 -0.00205653 0.00192837 -0.000658283 -0.0067253 -0.0190394 -0.010204 -0.00418535 0.00576465 0.00232521 0.0117044 -0.00031622 0.00209442 0.00819224 -0.0130087 -0.00250678 0.0149185 0.0101906 0.0171683
internal_weight=0 53217 24787 15980 2295 8807 28430 1304 1.23669e+06 153736 94062 59674 80231 59535 35559 11722 3793 3112 2775 23976 23837 5238 18599 16454 9616 2316 1822 7300 5811 4094
internal_count=1289910 53217 24787 15980 2295 8807 28430 1304 1236693 153736 94062 59674 80231 59535 35559 11722 3793 3112 2775 23976 23837 5238 18599 16454 9616 2316 1822 7300 5811 4094
is_linear=0
shrinkage=0.1


Tree=82
num_leaves=31
num_cat=0
split_feature=128 13 4 13 20 67 3 4 4 4 2 26 146 0 2 4 5 64 124 6 3 3 134 134 20 134 2 134 6 138
split_gain=30.4807 48.5294 58.3814 37.8007 36.7543 30.6719 44.1783 61.539 42.0123 39.8305 30.3829 29.3706 29.4485 35.1966 29.0023 28.8278 97.4863 49.1895 52.887 44.7519 42.5785 111.767 75.102 43.8037 41.2601 39.7359 46.6502 49.6932 39.2792 38.709
threshold=0.06458333333333334 3071.5000000000005 0.8650000000000001 1.5000000000000002 5.5000000000000009 12.500000000000002 185290.94000000003 34924.205000000009 14744.320000000002 47943.080000000009 26146.105000000003 48730.500000000007 800120.00000000012 2720590.5000000005 91757.885000000024 243000.85000000001 3.0000000000000004 9.8326387716063431e-05 9.5000000000000018 5.5833333333333348 684146.57500000007 597319.8550000001 2019026.5000000002 48167134.500000007 4.5000000000000009 19477477.500000004 472592.58500000008 4875150.0000000009 25.416666666666668 7.5000000000000009
decision_type=2 2 2 2 2 2 2 2 2 2 2 2 2 2 2 2 2 2 2 2 2 2 2 2 2 2 2 2 2 2
left_child=5 3 4 14 10 11 -7 8 -8 -9 -3 12 15 -14 -2 -1 19 -18 28 29 21 25 -23 -22 -20 26 27 -21 -19 -17
right_child=1 2 -4 -5 -6 6 7 9 -10 -11 -12 -13 13 -15 -16 16 17 18 24 20 23 22 -24 -25 -26 -27 -28 -29 -30 -31
leaf_value=0.00026195916072265169 0.022642077140001951 -0.011086532906830239 -0.0036131388808490518 0.0083783785563193557 0.0017426375341240139 -0.0031880852241311427 0.047955636300907406 0.058764971515914824 -0.10169187216777616 -0.016934068445337454 -0.023406400421937024 0.099421521824316988 0.065145995961202602 -0.021998492553219708 -0.031869702885687398 0.0068770927027892448 0.00046612259646460212 -0.034897404276830503 -0.0040354623367148011 -0.0023780685131454594 0.022608669016985161 -0.020762275810986622 0.0079967830250338157 -0.012303558690545668 0.045069889746929007 -0.03092575025505296 0.0043818835970842246 -0.048057270975279037 0.028453256278624706 0.031523126568587481
leaf_weight=1044077 77 702 4965 2877 320 2577 75 97 783 247 1087 14071 2205 128 193 23482 4911 10333 1625 70808 16449 22206 3198 4648 217 2938 50055 4310 99 150
leaf_count=1044077 77 702 4965 2877 320 2577 75 97 783 247 1087 14071 2205 128 193 23482 4911 10333 1625 70808 16449 22206 3198 4648 217 2938 50055 4310 99 150
internal_value=0 -0.00543703 -0.0100329 0.00489391 -0.0239718 4.5649e-05 -0.00895015 -0.0247816 -0.0391087 0.0109529 -0.029555 7.22928e-05 2.1628e-05 0.0112463 -0.0308819 8.36433e-07 -0.00105238 -0.0082775 -0.0116617 -0.000426068 -0.000978805 -0.00155769 -0.007617 0.00323353 0.00395973 -0.00035615 -8.6333e-05 -0.00166221 -0.01442 0.003658
internal_weight=0 10221 7074 3147 2109 1.27969e+06 3779 1202 858 344 1789 1.27591e+06 1.26184e+06 2333 270 1.25951e+06 215429 17185 12274 198244 174612 153515 25404 21097 1842 128111 125173 75118 10432 23632
internal_count=1289910 10221 7074 3147 2109 1279689 3779 1202 858 344 1789 1275910 1261839 2333 270 1259506 215429 17185 12274 198244 174612 153515 25404 21097 1842 128111 125173 75118 10432 23632
is_linear=0
shrinkage=0.1


Tree=83
num_leaves=31
num_cat=0
split_feature=21 64 3 2 93 52 20 92 6 124 3 2 124 6 4 4 123 6 64 20 4 2 6 4 124 4 0 1 0 4
split_gain=31.2732 59.2645 60.5734 57.064 53.1868 45.992 41.7398 50.6661 39.4387 57.4457 70.9997 50.4292 44.1012 75.3412 37.0653 51.6849 36.6809 48.1388 47.1949 73.1272 126.616 49.9825 56.2738 126.417 70.8468 59.6228 81.0049 74.0939 54.0833 65.2348
threshold=2.5000000000000004 8.5114899306426018e-06 353304.05000000005 21667.390000000003 1806.5000000000002 0.0018163459527702152 16.500000000000004 574.50000000000011 9.1666666666666696 8.5000000000000018 57041.455000000009 62911.800000000003 14.500000000000002 14.583333333333334 97442.720000000016 16159.545 289677.50000000006 98.500000000000014 0.15155556150486046 1.0000000180025095e-35 9403.4150000000027 35898.020000000011 8.4166666666666696 47943.080000000009 9.5000000000000018 114829.49000000001 4570324.0000000009 2924466.0000000005 800000.50000000012 23694.355000000007
decision_type=2 2 2 2 2 2 2 2 2 2 2 2 2 2 2 2 2 2 2 2 2 2 2 2 2 2 2 2 2 2
left_child=16 2 3 -2 -4 -3 7 8 9 -5 -11 -10 -13 -14 15 -7 -1 18 19 20 -18 -20 23 28 -25 26 -24 -28 -23 -30
right_child=1 5 4 6 -6 14 -8 -9 11 10 -12 12 13 -15 -16 -17 17 -19 21 -21 -22 22 25 24 -26 -27 27 -29 29 -31
leaf_value=0.00020392963558286682 0.078804560012671318 0.048239031039050986 0.010095154974072235 -0.016369180717717449 -0.066085124767791575 0.0002229955398216657 -0.037852534578073783 0.051168222622795793 -0.065655008973490372 0.0082337191430314604 -0.052338476534077638 0.016708686489453707 -0.053710660285915063 -0.0062738207978348063 -0.0049433735695721031 0.025448950194297749 -0.00030219196647631022 -0.017255041393038243 -0.0062520456306905288 -0.00015727610800015309 0.009688837044133522 -0.0030128905543782545 -0.0015627889269586638 -0.013259618964372423 0.027811199553761393 0.038941911455348248 -0.015862758389688137 -0.013551851858995779 0.0010996072680091536 0.0062182030373366184
leaf_weight=1127938 640 3100 2352 1041 104 1903 951 1340 667 120 336 2344 132 771 2730 1663 2430 185 5426 59125 1600 4747 16044 12153 1034 1508 566 10942 20913 5105
leaf_count=1127938 640 3100 2352 1041 104 1903 951 1340 667 120 336 2344 132 771 2730 1663 2430 185 5426 59125 1600 4747 16044 12153 1034 1508 566 10942 20913 5105
internal_value=0 0.00390568 -0.00114775 -0.0052117 0.0126558 0.00971314 -0.00759585 -0.00483286 -0.00914397 -0.0229485 -0.0525464 -0.0038641 0.00128051 -0.0174962 0.00480385 0.0115173 -6.07664e-05 -0.00157679 -0.00151018 0.000524451 0.0135582 -0.00314838 -0.00246022 -0.000202794 -0.0083944 -0.00587449 -0.00693419 -0.0133365 0.00330843 0.00509934
internal_weight=0 20194 10798 8342 2456 9396 7702 6751 5411 1497 456 3914 3247 903 6296 3566 1.26972e+06 141778 141593 63155 4030 78438 73012 43952 13187 29060 27552 11508 30765 26018
internal_count=1289910 20194 10798 8342 2456 9396 7702 6751 5411 1497 456 3914 3247 903 6296 3566 1269716 141778 141593 63155 4030 78438 73012 43952 13187 29060 27552 11508 30765 26018
is_linear=0
shrinkage=0.1


Tree=84
num_leaves=31
num_cat=0
split_feature=67 3 4 4 4 2 13 2 0 64 20 20 20 5 4 84 5 137 3 2 127 6 62 138 3 1 13 62 90 92
split_gain=29.9475 42.134 56.1847 35.605 34.8299 28.8289 95.7269 64.3054 93.3735 74.4147 69.8115 48.8605 44.1495 62.0163 40.2984 91.5816 80.1792 77.7072 418.857 73.841 151.298 65.8348 107.325 82.2167 62.4285 94.9296 132.504 172.737 87.7901 82.1102
threshold=12.500000000000002 185290.94000000003 34924.205000000009 47943.080000000009 14744.320000000002 1.4600000000000002 3.5000000000000004 3.9650000000000003 113.50000000000001 0.99999947370637032 9.5000000000000018 6.5000000000000009 1.0000000180025095e-35 1.0000000180025095e-35 0.42500000000000004 97268.500000000015 1.5000000000000002 94977.000000000015 5593.5400000000009 353301.6750000001 0.73863636363636376 5.416666666666667 6755517.5000000009 8.5000000000000018 24404.305000000004 962845.50000000012 952926.50000000012 558295.50000000012 0.50943295897346363 0.0026333673122663952
decision_type=2 2 2 2 2 2 2 2 2 2 2 2 2 2 2 2 2 2 2 2 2 2 2 2 2 2 2 2 2 2
left_child=5 -2 4 -4 -3 6 11 8 9 10 12 -1 -7 -14 15 16 17 -9 -19 -18 -21 22 23 -16 25 26 27 28 29 -23
right_child=1 2 3 -5 -6 7 -8 14 -10 -11 -12 -13 13 -15 21 -17 19 18 -20 20 -22 24 -24 -25 -26 -27 -28 -29 -30 -31
leaf_value=0.10797451523653628 -0.0027609189658459213 0.043139679707258377 0.052868081400765057 -0.015261054564361996 -0.091543077914556834 -0.0020693203807882646 -0.0053118956240369615 0.15296077531294691 0.10627669541508517 -0.19800984057591442 -0.006935479324016342 -0.015629878273582455 -0.030555862665937374 0.077226040353139291 0.0019750908502287555 -0.028578282027520076 -0.0015073301661768059 -0.080783311092184978 0.20183466018808974 -0.0016467035395971959 -0.0097108202422929793 0.0065295285224406642 -0.020778308446864003 0.06018456644950753 -0.00067789006260676743 -0.029180337565544286 0.074675684534482131 -0.038187581629874949 -0.064339714881724533 -0.018084989054366309
leaf_weight=4682 2577 75 97 247 783 3427 17964 17315 941 643 2100 2619 623 9955 141315 1051 185511 1216 2467 1426 471 164198 1862 230 693132 2300 1161 1026 1840 26656
leaf_count=4682 2577 75 97 247 783 3427 17964 17315 941 643 2100 2619 623 9955 141315 1051 185511 1216 2467 1426 471 164198 1862 230 693132 2300 1161 1026 1840 26656
internal_value=0 -0.00889363 -0.0243545 0.00979009 -0.0380441 2.15257e-05 -0.00332309 8.85445e-05 0.00607547 0.00435331 0.00568521 0.00633225 0.00823469 0.0114305 3.35732e-06 -0.00126147 -0.00111298 0.00474679 -0.00844342 -0.00176953 -0.0213989 0.000259642 0.00224808 0.00256185 -6.06452e-05 0.00150934 0.00174771 0.00154584 0.00176374 0.00197332
internal_weight=0 3779 1202 344 858 1.28613e+06 25265 1.26087e+06 17689 16748 16105 7301 14005 10578 1.24318e+06 209457 208406 20998 3683 187408 1897 1.03372e+06 143407 141545 890313 197181 194881 193720 192694 190854
internal_count=1289910 3779 1202 344 858 1286131 25265 1260866 17689 16748 16105 7301 14005 10578 1243177 209457 208406 20998 3683 187408 1897 1033720 143407 141545 890313 197181 194881 193720 192694 190854
is_linear=0
shrinkage=0.1


Tree=85
num_leaves=31
num_cat=0
split_feature=147 3 3 5 64 124 4 123 20 6 137 13 4 84 2 134 3 20 13 137 94 3 20 4 3 2 20 1 20 3
split_gain=27.7932 33.211 30.6163 99.7597 90.3733 113.521 115.208 110.894 88.087 141.262 196.914 94.2734 90.0515 79.21 71.5202 100.036 83.6401 102.15 161.278 152.486 77.0052 97.5851 73.2951 73.0691 129.435 68.9556 97.4405 121.017 65.0894 86.9446
threshold=11.500000000000002 149935.45500000005 24404.305000000004 1.5000000000000002 0.9850746594374572 3.5000000000000004 4900.2300000000005 333369.50000000006 4.5000000000000009 4.8333333333333348 97338.500000000015 308412.50000000006 1075.7650000000001 95506.000000000015 13934.710000000003 166564.00000000003 6787.3550000000005 1.5000000000000002 400017.00000000006 318038.50000000006 5.0000048771922989 1967.4650000000004 17.500000000000004 0.42500000000000004 10279.385000000002 6722.0750000000016 2.5000000000000004 2.5000000000000004 10.500000000000002 1383.2900000000002
decision_type=2 2 2 2 2 2 2 2 2 2 2 2 2 2 2 2 2 2 2 2 2 2 2 2 2 2 2 2 2 2
left_child=2 -2 3 8 5 13 7 -7 25 10 -10 -12 -11 14 16 22 20 18 23 -19 21 28 -16 24 -18 -1 -27 -28 29 -5
right_child=1 -3 -4 4 -6 6 -8 -9 9 12 11 -13 -14 -15 15 -17 17 19 -20 -21 -22 -23 -24 -25 -26 26 27 -29 -30 -31
leaf_value=0.14051456143310315 0.0026663702745118719 0.039848192803833962 -0.00039365682679431789 0.0011223172514887691 -0.005928615002733873 0.016861061902659326 -0.0073224259438405609 -0.00021201341322503177 -0.028834727803624595 0.09572300627432076 -0.070704948043198115 0.13050658947607924 -0.02088791584345577 -0.025634679063922101 0.010957797853605667 -0.0086399269174727965 -0.015979153928455402 0.033269292292465849 0.060137010484156365 -0.020691647814719671 -0.044035517299050045 0.021402440196477347 -0.054279281072533929 0.0032486264513016841 -0.026041296574702756 0.01237829166659914 -0.10446834785708892 -0.016241587352011866 -0.012692158942591398 -0.015120430973297334
leaf_weight=29211 5075 3099 865231 102450 29498 16005 4154 8124 5677 13473 961 141 5505 1032 50685 8714 10472 8235 871 1581 9164 38514 630 3353 2992 37725 426 1314 15215 10383
leaf_count=29211 5075 3099 865231 102450 29498 16005 4154 8124 5677 13473 961 141 5505 1032 50685 8714 10472 8235 871 1581 9164 38514 630 3353 2992 37725 426 1314 15215 10383
internal_value=0 0.00582071 -2.89742e-05 0.000675448 -0.000162569 0.000369321 0.00639073 0.00903889 0.00353358 -0.00145353 -0.0138446 -0.0525279 0.00297258 -0.000275058 -0.000166666 0.00286608 -0.00106246 -0.00619029 -0.0107302 0.00199047 -0.000259874 0.000231144 0.00454831 -0.0129033 -0.0161928 0.005404 0.00267785 -0.020459 -0.00109633 -0.000268416
internal_weight=0 8174 1.28174e+06 416505 322072 292574 28283 24129 94433 25757 6779 1102 18978 264291 263259 60029 203230 27504 17688 9816 175726 166562 51315 16817 13464 68676 39465 1740 128048 112833
internal_count=1289910 8174 1281736 416505 322072 292574 28283 24129 94433 25757 6779 1102 18978 264291 263259 60029 203230 27504 17688 9816 175726 166562 51315 16817 13464 68676 39465 1740 128048 112833
is_linear=0
shrinkage=0.1


Tree=86
num_leaves=31
num_cat=0
split_feature=128 3 8 0 13 6 3 62 4 62 138 4 0 64 3 2 3 127 64 62 64 3 4 0 3 20 127 3 0 13
split_gain=29.4319 44.4993 42.0804 53.9086 37.9766 29.1003 104.983 192.398 115.147 104.595 91.2738 84.0157 116.854 143.979 84.6528 105.076 86.0931 97.7735 80.5537 74.6439 68.5664 62.4914 109.507 122.95 61.825 59.1557 66.8354 54.6848 53.2952 89.0399
threshold=0.17424242424242428 16578.730000000007 1.0000000180025095e-35 1666.5000000000002 10978.500000000002 5.5833333333333348 121500.34500000002 1876864.0000000002 2.7850000000000006 12159632.500000002 4.5000000000000009 85574.710000000021 155310.50000000003 1.4854301827162433 597319.8550000001 598893.5900000002 345614.19500000001 0.78888888888888908 14226.306306306307 954145.00000000012 0.25000002637278251 182131.69500000004 9403.4150000000027 837295.00000000012 175269.96500000003 23.500000000000004 0.60555555555555574 270208.27000000008 4570324.0000000009 2924975.0000000005
decision_type=2 2 2 2 2 2 2 2 2 2 2 2 2 2 2 2 2 2 2 2 2 2 2 2 2 2 2 2 2 2
left_child=5 -2 3 -3 -4 6 7 10 -9 11 25 12 14 21 16 -16 24 -18 -12 -15 -13 -14 23 -23 -8 -1 -27 -25 29 -10
right_child=1 2 4 -5 -6 -7 9 8 28 -11 18 20 13 19 15 -17 17 -19 -20 -21 -22 22 -24 27 -26 26 -28 -29 -30 -31
leaf_value=-0.00026566845273260368 0.02236777501619587 -0.0015503553857674074 0.014607356698234748 -0.019560186412304916 -0.0053065843141517155 -0.00031287012564761761 -0.0069574645069223956 -0.00031211127553069061 -0.0084300765647764859 -0.021301647990397445 0.036402881959459538 0.0073817730334565304 0.0067624852397307799 0.0086350781173552427 0.012004100180107561 -0.00037473436855683587 -0.009493895276811555 -0.0096687729523929847 -0.0018780270666723339 -0.003141802585771947 -0.0043338577878427537 0.013767250858644451 0.013942051947241511 -0.0034625250497069405 0.0034847246294981392 -0.022882012089620186 0.021726134051308178 0.0022762547185540493 -0.012239638511961203 0.0022740341135174661
leaf_weight=207096 1062 1215 1021 1696 3303 977256 2120 856 791 1311 10717 34307 3217 3695 1127 1776 1868 204 492 4923 14480 766 4658 1833 3846 1309 170 2207 335 253
leaf_count=207096 1062 1215 1021 1696 3303 977256 2120 856 791 1311 10717 34307 3217 3695 1127 1776 1868 204 492 4923 14480 766 4658 1833 3846 1309 170 2207 335 253
internal_value=0 -0.0059225 -0.00872832 -0.0180232 -0.00247085 5.26584e-05 0.000906511 -0.000224516 -0.0294166 0.00395625 7.23406e-05 0.00440961 0.00837074 0.0126857 -2.91732e-05 0.0146075 -0.00531535 -0.0228767 0.00886303 0.00271224 0.00179196 0.0194636 0.0153708 0.00478091 0.000783717 -0.000400079 -0.0203283 -0.00218368 -0.0472996 -0.0361635
internal_weight=0 8297 7235 2911 4324 1.28161e+06 304357 222019 2235 82338 219784 81027 32240 21299 10941 2903 8038 2072 11209 8618 48787 12681 9464 4806 5966 208575 1479 4040 1379 1044
internal_count=1289910 8297 7235 2911 4324 1281613 304357 222019 2235 82338 219784 81027 32240 21299 10941 2903 8038 2072 11209 8618 48787 12681 9464 4806 5966 208575 1479 4040 1379 1044
is_linear=0
shrinkage=0.1


Tree=87
num_leaves=31
num_cat=0
split_feature=89 147 3 88 106 88 2 4 90 20 2 4 2 1 4 62 118 3 17 129 123 20 13 20 8 127 3 2 8 2
split_gain=30.4083 30.7808 28.3327 43.8933 27.0983 28.9278 42.6595 36.6386 30.1868 52.6978 43.0835 41.3776 39.245 33.1226 48.1004 34.0563 31.6955 50.8041 35.43 64.8663 78.3551 62.9414 55.4778 54.9454 38.8295 45.1323 35.7136 35.0708 116.471 86.1433
threshold=10563.937500000002 10.500000000000002 250541.58500000002 405739.50000000006 6.5000000000000009 1152641.0000000002 278680.38000000006 1902.1000000000001 37.107735907811644 5.5000000000000009 1307498.7200000004 4603.5500000000011 248046.13500000004 26516060.000000004 73622.770000000004 653561.50000000012 0.51923076923076927 41739.17500000001 2.5000000000000004 0.07417582417582419 964792.00000000012 4.5000000000000009 542121.00000000012 2.5000000000000004 1.0000000180025095e-35 0.73863636363636376 210483.26000000004 89232.175000000003 1.0000000180025095e-35 173203.61500000002
decision_type=2 2 2 2 2 2 2 2 2 2 2 2 2 2 2 2 2 2 2 2 2 2 2 2 2 2 2 2 2 2
left_child=1 4 -2 -4 5 8 7 -7 13 10 11 12 -10 16 15 -15 18 -18 -1 20 22 -22 23 -20 25 -24 -23 -25 29 -29
right_child=2 -3 3 -5 -6 6 -8 -9 9 -11 -12 -13 -14 14 -16 -17 17 -19 19 -21 21 26 24 27 -26 -27 -28 28 -30 -31
leaf_value=0.00010147613451971793 -0.024202140489090539 0.022394209318200641 0.051849511829659745 -0.0093435892105786962 0.043831273688147404 -0.029671934280970494 -0.0032463715433635578 0.039632847092233449 -0.033279333281223136 -0.051862030048857102 -0.055901281406216176 0.02832416003134481 0.030825146585078594 -0.011321323332060464 0.0097992580311472739 -0.036715727288425939 0.03812359089279125 -0.0027105598304112254 -0.0059378403515777667 0.0024724896375175609 -0.0025238317688767108 -0.012182269958269577 0.0090454467888643423 0.0029584998848889211 0.00020589944764061175 0.0082945278507348449 -0.0087160236171378701 -0.021885061289875107 0.002350656057312639 -0.00084287617023423946
leaf_weight=1212560 1381 9079 152 723 2896 994 2491 88 321 458 428 3215 141 1749 2231 1931 1750 1872 15363 9410 1849 433 672 9199 2009 542 239 1155 3668 911
leaf_count=1212560 1381 9079 152 723 2896 994 2491 88 321 458 428 3215 141 1749 2231 1931 1750 1872 15363 9410 1849 433 672 9199 2009 542 239 1155 3668 911
internal_value=0 3.48408e-05 -0.0115852 0.00249368 -6.35906e-06 -2.8294e-05 -0.00901359 -0.0255928 -3.05676e-06 0.00811595 0.0117056 0.0152008 -0.0127829 -3.22842e-05 -0.0075005 -0.0145243 2.70589e-06 0.00934385 -2.41887e-05 -0.00276531 -0.0046957 -0.0216977 -0.00341696 -0.0047439 0.0090562 0.0231761 -0.0479076 -0.000424364 -0.00656256 -0.0255528
internal_weight=0 1.28765e+06 2256 875 1.27858e+06 1.27568e+06 3573 1082 1.27211e+06 4563 4105 3677 462 1.26754e+06 5911 3680 1.26163e+06 3622 1.25801e+06 45450 36040 2521 33519 30296 3223 1214 672 14933 5734 2066
internal_count=1289910 1287654 2256 875 1278575 1275679 3573 1082 1272106 4563 4105 3677 462 1267543 5911 3680 1261632 3622 1258010 45450 36040 2521 33519 30296 3223 1214 672 14933 5734 2066
is_linear=0
shrinkage=0.1


Tree=88
num_leaves=31
num_cat=0
split_feature=18 20 64 2 16 3 6 3 62 0 62 13 138 3 138 63 63 0 0 4 0 64 3 2 3 127 5 62 123 20
split_gain=26.667 28.2293 29.4262 36.8035 33.6138 29.0044 26.4428 82.2875 169.823 111.386 94.5586 74.9683 71.3874 70.5987 81.5997 89.7133 75.8264 73.0737 70.2483 70.0895 109.112 113.179 83.347 97.6595 83.4921 87.1224 78.0491 67.2715 66.9874 202.206
threshold=1.5000000000000002 4.5000000000000009 2.0001060112371915e-05 24816.175000000003 1.0000000180025095e-35 302884.29500000004 5.5833333333333348 121500.34500000002 1884925.0000000002 4570324.0000000009 6755517.5000000009 1922210.0000000002 8.5000000000000018 53263.170000000006 4.5000000000000009 1.0001320864373648 177723.00000000003 4739635.5000000009 766831.00000000012 105506.55000000002 155310.50000000003 1.1373806583871848 597319.8550000001 598893.5900000002 345614.19500000001 0.78888888888888908 3.0000000000000004 3809836.0000000005 547723.50000000012 2.5000000000000004
decision_type=2 2 2 2 2 2 2 2 2 2 2 2 2 2 2 2 2 2 2 2 2 2 2 2 2 2 2 2 2 2
left_child=6 2 3 -2 5 -5 7 8 13 11 12 -10 19 14 15 28 18 -15 -17 20 22 -22 24 -24 -9 -26 -21 -23 -1 -30
right_child=1 -3 -4 4 -6 -7 -8 10 9 -11 -12 -13 -14 17 -16 16 -18 -19 -20 26 21 27 23 -25 25 -27 -28 -29 29 -31
leaf_value=-3.2492147316465213e-05 -0.01147324939429395 -0.00037918189161993281 -0.0014495176403500393 -0.033286538364014809 -0.011649720111737805 0.016715396748007882 -0.00028365537571204417 4.8437897903360548e-05 -0.0076527274849189659 -0.011025822274217056 -0.016520701285201691 -0.00088417206883171357 0.033533137700366485 -0.0020528796906088332 0.039027540557570545 0.021418298821433937 -0.015600654998767172 0.0033977538780680053 -0.074281400422148813 0.0088324654758521609 0.0054530812402918231 0.0043671803219571875 0.010807885335461046 -0.00033223180587894566 -0.0091263575911998043 -0.0081081116219959056 -0.0055280549213867136 -0.0062838565236594812 -0.01322281013204589 0.0090050192381217805
leaf_weight=158997 1976 7631 2790 586 1169 49 975439 6256 596 335 1842 1143 474 42043 10191 2580 166 1169 158 30704 13696 7985 1117 1773 2031 204 13277 1868 341 1324
leaf_count=158997 1976 7631 2790 586 1169 49 975439 6256 596 335 1842 1143 474 42043 10191 2580 166 1169 158 30704 13696 7985 1117 1773 2031 204 13277 1868 341 1324
internal_value=0 -0.00429773 -0.00910278 -0.0148524 -0.0251794 -0.0437003 5.97166e-05 0.000880298 -0.000127785 -0.028607 0.00359877 -0.0184355 0.0041185 0.000144447 0.00104401 0.000503086 0.0179228 -0.00347272 0.0219015 0.00388609 0.00723028 0.0111157 -0.000809287 0.0138592 -0.00580186 -0.0223921 0.00123011 0.00294218 0.000188221 0.0201421
internal_weight=0 14201 6570 3780 1804 635 1.27571e+06 300270 219043 2074 81227 1739 79385 216969 173757 163566 2904 43212 2738 78911 34930 23549 11381 2890 8491 2235 43981 9853 160662 1665
internal_count=1289910 14201 6570 3780 1804 635 1275709 300270 219043 2074 81227 1739 79385 216969 173757 163566 2904 43212 2738 78911 34930 23549 11381 2890 8491 2235 43981 9853 160662 1665
is_linear=0
shrinkage=0.1


Tree=89
num_leaves=31
num_cat=0
split_feature=137 137 0 0 6 4 3 0 5 13 64 20 63 4 138 20 64 6 13 3 137 137 5 137 2 13 2 2 1 3
split_gain=27.7665 129.727 152.647 98.6634 110.274 100.567 63.6031 100.543 95.7555 69.216 107.286 94.7013 158.333 125.055 73.4827 112.522 69.5272 68.9889 66.8744 71.3432 66.6946 74.64 64.9471 63.5516 74.8166 136.671 61.249 86.236 59.5889 66.7283
threshold=8095.0000000000009 6370.5000000000009 550936.50000000012 13709.000000000002 4.166666666666667 9053.1400000000012 725.69500000000005 38828.000000000007 3.0000000000000004 355403.00000000006 0.77471499111610298 1.5000000000000002 4.6261740180431383 2949.3600000000006 10.500000000000002 6.5000000000000009 0.032937527250584797 13.833333333333334 34804.500000000007 48890.135000000009 318038.50000000006 323411.50000000006 1.5000000000000002 4003.5000000000005 266.27500000000003 4509.0000000000009 1967.5500000000002 1514.0050000000003 13296.500000000002 506.74000000000007
decision_type=2 2 2 2 2 2 2 2 2 2 2 2 2 2 2 2 2 2 2 2 2 2 2 2 2 2 2 2 2 2
left_child=1 23 -3 4 26 -6 7 -5 -9 14 16 12 -12 -13 20 -16 -11 -15 -17 -20 -8 22 -22 -1 25 -25 27 28 29 -2
right_child=3 2 -4 6 5 -7 9 8 -10 10 11 13 -14 17 15 18 -18 -19 19 -21 21 -23 -24 24 -26 -27 -28 -29 -30 -31
leaf_value=0.00025920510040719692 -0.066883497880635592 0.025793492651416252 0.047677780736242438 0.027200861500815202 0.027506423358131738 -0.04161595517315652 -0.0047438605688176283 0.099190943412440682 -0.099727178603441047 0.0027812176807453736 0.031344006312249949 -0.064654118637773095 -0.01679392296409642 0.009721561916475073 -0.0094825160057255952 -0.017308817018230945 -0.0034996844232751388 -0.004385820464297952 0.052577670356437789 -0.012220842160250612 0.030824102176764637 -0.0076113445128022164 -0.031359777758440774 -0.0089811503686380804 -0.0012061755542457447 -0.042276895266481221 -0.011746469933455995 -0.060232701759491872 0.03386759060344402 0.037899180379148328
leaf_weight=1023425 1636 7954 1018 18046 5106 1471 82165 218 455 44453 5692 1116 947 10835 19399 5459 27401 2801 12647 883 140 2002 1534 2846 6751 1507 1149 221 319 314
leaf_count=1023425 1636 7954 1018 18046 5106 1471 82165 218 455 44453 5692 1116 947 10835 19399 5459 27401 2801 12647 883 140 2002 1534 2846 6751 1507 1149 221 319 314
internal_value=0 0.000231369 0.0122042 -0.000948858 -0.0105704 -0.00284224 -0.000532702 0.0050606 -0.0328899 -0.00101414 0.00104506 0.00726188 0.0171802 0.00279825 -0.00255976 0.00107714 -0.000805698 0.00543223 0.0065493 0.0103188 -0.00418617 -0.0173643 -0.0329473 0.000127535 -0.00739701 -0.0176193 -0.0245379 -0.0333508 -0.0275428 -0.0340974
internal_weight=0 1.0435e+06 8972 246409 10216 6577 236193 18719 673 217474 93245 21391 6639 14752 124229 38388 71854 13636 18989 13530 85841 3676 1674 1.03453e+06 11104 4353 3639 2490 2269 1950
internal_count=1289910 1043501 8972 246409 10216 6577 236193 18719 673 217474 93245 21391 6639 14752 124229 38388 71854 13636 18989 13530 85841 3676 1674 1034529 11104 4353 3639 2490 2269 1950
is_linear=0
shrinkage=0.1


Tree=90
num_leaves=31
num_cat=0
split_feature=75 94 76 90 76 4 3 2 5 76 4 137 137 0 0 6 4 2 2 137 2 13 2 1 124 20 3 0 13 84
split_gain=26.9034 90.2072 35.2184 34.6097 30.0949 90.4658 56.5837 36.3279 36.3239 45.6916 39.0003 32.0789 97.858 121.552 90.2913 101.757 82.8821 59.3141 89.5452 59.1341 67.3616 126.332 62.2424 89.5486 87.7028 100.657 78.2344 96.7311 71.3877 61.4378
threshold=24.500000000000004 1673.288888888889 8.5000000000000018 168.53375683114606 10.500000000000002 11609.785000000002 33955.080000000009 48116.110000000008 1.0000000180025095e-35 11.500000000000002 1378.0850000000003 8095.0000000000009 6370.5000000000009 590852.00000000012 13709.000000000002 4.166666666666667 9053.1400000000012 1967.5500000000002 1514.0050000000003 4003.5000000000005 266.27500000000003 4509.0000000000009 23899.040000000005 903371.50000000012 3.5000000000000004 6.5000000000000009 12913.175000000001 62892.500000000007 349.50000000000006 95506.000000000015
decision_type=2 2 2 2 2 2 2 2 2 2 2 2 2 2 2 2 2 2 2 2 2 2 2 2 2 2 2 2 2 2
left_child=4 3 -3 -2 11 8 7 -7 9 10 -6 12 19 -14 15 17 -17 18 -13 22 21 -21 23 24 25 29 -26 -28 -27 -1
right_child=1 2 -4 -5 5 6 -8 -9 -10 -11 -12 14 13 -15 -16 16 -18 -19 -20 20 -22 -23 -24 -25 26 28 27 -29 -30 -31
leaf_value=0.0075230664892203649 -0.0016078961416035741 -0.0369721525195367 -0.014791484720283903 -0.033211126721695683 0.01391629440631832 -0.086515701322412625 -0.020276897213547626 -0.10993406137203476 0.0076160717068035517 -0.0086090742652576331 -0.079746547257720443 -0.048980685132466326 0.023060788530514909 0.045280902597453335 -0.00073407362716940453 0.024755781022318547 -0.037454359655840867 -0.010571822940110399 -0.054209431583542682 -0.0080830353317742683 -0.001085557998821171 -0.0380492057398331 -7.497872897255925e-05 -0.075488634334152593 0.022760903945336388 -0.012919365210511319 0.022093466608427238 -0.002850877497511917 0.011510719629483364 -0.019759923340316815
leaf_weight=150049 18808 1145 866 351 193 662 2576 177 9514 1349 445 2269 8006 966 236193 5106 1471 1149 221 2846 6751 1507 782635 411 8839 23482 2798 5004 12988 1133
leaf_count=150049 18808 1145 866 351 193 662 2576 177 9514 1349 445 2269 8006 966 236193 5106 1471 1149 221 2846 6751 1507 782635 411 8839 23482 2798 5004 12988 1133
internal_value=0 -0.0035482 -0.0236966 -0.00143335 4.62842e-05 -0.00441903 -0.0187109 -0.0412658 -0.000175345 -0.0124727 -0.034523 9.94054e-05 0.000349564 0.0107466 -0.00092334 -0.0101276 -0.00270389 -0.0235449 -0.0322175 0.000256136 -0.00700076 -0.0167004 0.00033775 0.00189023 0.00198404 0.00136703 0.00894176 0.0016437 -0.00334845 0.00250456
internal_weight=0 21170 2011 19159 1.26874e+06 14916 3415 839 11501 1987 638 1.25382e+06 1.00742e+06 8972 246409 10216 6577 3639 2490 998443 11104 4353 987339 204704 204293 187652 16641 7802 36470 151182
internal_count=1289910 21170 2011 19159 1268740 14916 3415 839 11501 1987 638 1253824 1007415 8972 246409 10216 6577 3639 2490 998443 11104 4353 987339 204704 204293 187652 16641 7802 36470 151182
is_linear=0
shrinkage=0.1


Tree=91
num_leaves=31
num_cat=0
split_feature=64 62 1 2 62 2 63 0 4 20 138 4 5 0 64 4 4 2 62 137 6 62 4 64 96 62 124 2 2 62
split_gain=27.2639 124.061 121.975 130.976 126.121 139.367 108.826 101.866 100.947 137.166 69.3607 81.8727 130.854 113.023 90.6824 89.3607 88.4295 74.5015 82.4158 66.3003 96.4465 65.3701 63.7448 59.9435 57.9388 56.292 54.5032 80.8462 52.6623 76.0851
threshold=1.7667912494452016 4525000.0000000009 550908.50000000012 35115.965000000004 407242.00000000006 117835.83000000002 1.7574145485927735 738990.00000000012 19458.620000000003 1.5000000000000002 8.5000000000000018 13665.800000000001 3.0000000000000004 42399800.500000007 6.9951799396964427 22726.115000000002 112397.53500000002 517677.96000000008 177.50000000000003 6.5000000000000009 6.416666666666667 1260781.5000000002 12087.220000000003 63.42204349164215 46130.500000000007 790947.00000000012 9.5000000000000018 1200066.4150000003 161284.24000000002 2267151.0000000005
decision_type=2 2 2 2 2 2 2 2 2 2 2 2 2 2 2 2 2 2 2 2 2 2 2 2 2 2 2 2 2 2
left_child=-1 2 4 6 8 -6 23 21 19 -10 11 12 -9 14 -14 -13 17 18 -17 -2 -21 -5 -12 -4 -20 -18 -27 -28 29 -16
right_child=1 -3 3 7 5 -7 -8 10 9 -11 22 15 13 -15 28 16 25 -19 24 20 -22 -23 -24 -25 -26 26 27 -29 -30 -31
leaf_value=0.00015365537400091611 -0.0073461515691046935 -0.012648536624506469 -0.023256273821637238 0.01509972492422223 -0.0080998359385193296 -0.0034184501316955268 -0.070824759555542446 -0.035127328424587913 -0.012330110222005093 -0.0021527447691619185 -0.023888946244490918 -0.0086193825224599504 0.029104921823581233 -0.048459122301634766 0.00062162711508392571 -0.032350804665358772 -0.023725493991692881 -0.0162339396460651 0.013671015095904416 0.007363179748934261 -0.0025319273221789452 -0.008331478385916127 0.032939955122606841 0.013122702304509319 -0.021098760181836977 -0.0042922813914270108 0.051695360915837957 -0.046875887034834522 0.0094514706979648075 -0.0074835205322754568
leaf_weight=1192880 9094 5326 1082 2676 1635 2183 678 638 3362 6630 413 6111 1223 769 5624 142 4949 2009 7637 7935 12599 161 1858 604 151 2997 623 320 7203 398
leaf_count=1192880 9094 5326 1082 2676 1635 2183 678 638 3362 6630 413 6111 1223 769 5624 142 4949 2009 7637 7935 12599 161 1858 604 151 2997 623 320 7203 398
internal_value=0 -0.00163475 -0.000773023 0.00268681 -0.00461741 -0.0219754 -0.0202676 0.00386899 -0.0029447 -0.0116366 0.00265988 0.00171298 0.00733158 0.00919176 0.01118 -0.00185905 0.00155121 0.00803236 0.0123901 -1.33797e-05 0.00313471 0.022223 0.0196691 -0.00666166 0.0137667 -0.00569551 0.00322332 0.024191 0.00877085 0.00186943
internal_weight=0 97030 91704 48266 43438 3818 2364 45902 39620 9992 43065 40794 15855 15217 14448 24939 18828 9939 7930 29628 20534 2837 2271 1686 7788 8889 3940 943 13225 6022
internal_count=1289910 97030 91704 48266 43438 3818 2364 45902 39620 9992 43065 40794 15855 15217 14448 24939 18828 9939 7930 29628 20534 2837 2271 1686 7788 8889 3940 943 13225 6022
is_linear=0
shrinkage=0.1


Tree=92
num_leaves=31
num_cat=0
split_feature=128 3 8 1 4 62 20 1 2 97 3 6 8 64 13 146 0 26 4 67 3 4 0 4 4 64 62 146 3 134
split_gain=26.9733 36.574 32.3828 44.2011 32.7663 30.5023 29.9809 26.9322 30.6148 27.8856 48.7415 60.268 63.9457 30.7793 25.8275 25.0704 34.347 24.8008 24.3681 24.1964 35.305 54.4191 34.1018 29.5669 24.6431 87.2409 77.5035 40.973 38.1484 34.852
threshold=0.17424242424242428 18139.775000000005 1.0000000180025095e-35 552.50000000000011 992.95000000000016 10001.500000000002 5.5000000000000009 26516060.000000004 311685.24500000005 1.0000000180025095e-35 130072.67500000002 6.5833333333333348 1.0000000180025095e-35 1.0498794742118116 25008.500000000004 857198.50000000012 2720590.5000000005 75969.500000000015 30394.260000000006 12.500000000000002 185290.94000000003 34924.205000000009 10.500000000000002 14744.320000000002 243000.85000000001 9.8326387716063431e-05 598645.00000000012 124684.50000000001 62321.285000000011 255450.50000000003
decision_type=2 2 2 2 2 2 2 2 2 2 2 2 2 2 2 2 2 2 2 2 2 2 2 2 2 2 2 2 2 2
left_child=7 -2 3 4 -3 -4 -5 9 14 15 13 -12 -13 -11 -9 17 -17 19 -15 24 -21 23 -23 -22 27 -26 -27 29 -29 -1
right_child=1 2 5 6 -6 -7 -8 8 -10 10 11 12 -14 18 -16 16 -18 -19 -20 20 21 22 -24 -25 25 26 -28 28 -30 -31
leaf_value=0.00040995210880604576 0.01194170009690021 0.010510056772450227 0.012428022909443049 -0.021739941160106715 -0.030232834199880671 -0.0052822913896407864 -0.0017111019416748308 0.018605296120874248 -0.0064780493653996633 0.04200026167692264 0.014064334419656042 -0.058368554340280279 -0.0060359760747648213 0.012981299645519707 -0.028283393522087821 0.053765716479113518 -0.019231804941094263 0.10345120851887657 -0.040246077644484818 -0.0028278959097075233 0.038880794181352429 -0.07453850599982928 0.040007007646336502 -0.082432831354567318 -0.00084323770182379585 -0.034282548868162475 -0.0018109984353607 -0.042325924204939587 -0.0041339063388868783 -0.0057715814604751619
leaf_weight=985492 1434 688 1047 1432 190 3089 417 211 7108 2445 646 214 988 207 930 2122 128 12701 133 2577 75 138 190 782 196391 8591 9407 2574 3428 44135
leaf_count=985492 1434 688 1047 1432 190 3089 417 211 7108 2445 646 214 988 207 930 2122 128 12701 133 2577 75 138 190 782 196391 8591 9407 2574 3428 44135
internal_value=0 -0.00570186 -0.00873676 -0.0171963 0.00127913 -0.00315909 -0.0259694 1.82951e-05 -0.00567722 5.51913e-05 0.00779923 -0.00479234 -0.0180314 0.0161544 -0.0208826 2.69126e-05 0.0105733 8.1761e-06 -0.012037 -3.63631e-05 -0.00804417 -0.02233 0.0123093 -0.0355876 -1.22631e-05 -0.00098813 -0.00765171 0.000189754 -0.00804857 0.000237778
internal_weight=0 8297 6863 2727 878 4136 1849 1.28161e+06 8249 1.27336e+06 4633 1848 1202 2785 1141 1.26873e+06 2250 1.26648e+06 340 1.25378e+06 3762 1185 328 857 1.25002e+06 214389 17998 1.03563e+06 6002 1.02963e+06
internal_count=1289910 8297 6863 2727 878 4136 1849 1281613 8249 1273364 4633 1848 1202 2785 1141 1268731 2250 1266481 340 1253780 3762 1185 328 857 1250018 214389 17998 1035629 6002 1029627
is_linear=0
shrinkage=0.1


Tree=93
num_leaves=31
num_cat=0
split_feature=66 88 2 105 62 20 4 63 114 3 17 129 123 3 1 2 4 0 123 127 20 2 6 13 6 3 4 2 20 123
split_gain=25.1239 50.0154 47.8076 42.5694 41.3396 38.8371 35.0301 33.0832 30.8928 32.9661 29.8126 54.3016 74.2491 30.3517 82.0981 54.1304 65.7716 64.3397 53.5781 52.2365 45.6503 45.5918 37.2461 34.281 42.9338 30.2193 34.2056 49.1021 40.4895 48.3557
threshold=388297.00000000006 414642.00000000006 273169.86000000004 144579.50000000003 598645.00000000012 1.5000000000000002 0.43500000000000005 0.84772313448882963 28707.000000000004 48890.135000000009 2.5000000000000004 0.07417582417582419 2195312.0000000005 175269.96500000003 494.50000000000006 83334.400000000009 24688.950000000004 556.50000000000011 132.50000000000003 0.76388888888888895 2.5000000000000004 205961.71000000005 6.5833333333333348 542121.00000000012 7.416666666666667 10279.385000000002 0.42500000000000004 80240.050000000017 1.5000000000000002 567.50000000000011
decision_type=2 2 2 2 2 2 2 2 2 2 2 2 2 2 2 2 2 2 2 2 2 2 2 2 2 2 2 2 2 2
left_child=1 3 5 8 -2 -3 -5 -6 10 -10 -1 12 13 15 19 20 17 18 -17 -15 23 -16 -23 25 -25 -12 27 28 -27 -30
right_child=4 2 -4 6 7 -7 -8 -9 9 -11 11 -13 -14 14 21 16 -18 -19 -20 -21 -22 22 -24 24 -26 26 -28 -29 29 -31
leaf_value=5.9842882642748509e-05 0.021297455884730587 -0.026596438428548863 -0.0034238524302499852 0.024013733472099744 -0.013720262894600417 -0.004653672840108306 0.019352674827819633 0.00019473023906728046 0.028938515952089294 -0.00085684370003135605 -0.0016291104446146899 0.0021879102759393533 -0.0075141755941874324 -0.0056147220940472838 0.007886613006623043 -0.014086269716057304 0.0083244244987709989 -0.0053460408154861559 -0.0265258774080738 -0.0066072058465950663 0.0023231343011333562 0.0057684168062764165 -0.0014678762294935935 -0.0023027437724198779 0.0051804212584961491 -0.011712581047907001 -0.0025839878055218951 0.01412629763717972 0.00036059930159744181 -0.017122967678068823
leaf_weight=1225490 4890 1756 4341 319 193 878 2358 267 1847 1604 3561 9474 668 657 586 571 1138 5042 382 245 9482 2398 3410 279 421 3014 3424 149 237 829
leaf_count=1225490 4890 1756 4341 319 193 878 2358 267 1847 1604 3561 9474 668 657 586 571 1138 5042 382 245 9482 2398 3410 279 421 3014 3424 149 237 829
internal_value=0 -4.46218e-05 -0.00848958 1.48362e-06 0.0068224 -0.0191179 0.0125985 -0.021838 -2.49672e-05 0.00942363 -5.06127e-05 -0.00255085 -0.00430209 -0.00368615 0.00206957 -0.00515812 -0.0127022 -0.0168859 -0.0407146 -0.0261732 -0.00264306 0.00605377 0.00337156 -0.00676382 0.014706 -0.00810401 -0.0116451 -0.0176607 -0.0197199 -0.0364706
internal_weight=0 1.28456e+06 6975 1.27758e+06 5350 2634 2677 460 1.27491e+06 3451 1.27146e+06 45967 36493 35825 7296 28529 7133 5995 953 902 21396 6394 5808 11914 700 11214 7653 4229 4080 1066
internal_count=1289910 1284560 6975 1277585 5350 2634 2677 460 1274908 3451 1271457 45967 36493 35825 7296 28529 7133 5995 953 902 21396 6394 5808 11914 700 11214 7653 4229 4080 1066
is_linear=0
shrinkage=0.1


Tree=94
num_leaves=31
num_cat=0
split_feature=2 13 2 0 64 20 20 5 0 20 6 20 20 5 6 14 20 5 4 5 13 2 127 4 3 3 5 0 138 20
split_gain=24.0387 93.5395 69.4483 86.9527 75.5418 44.0986 110.576 74.5054 56.1784 42.1865 37.9795 33.2867 42.7328 40.5883 40.1205 33.1055 29.9308 52.0215 29.4825 71.4303 82.2537 70.8266 132.003 64.7995 77.9498 146.237 162.435 120.458 100.177 117.982
threshold=1.4600000000000002 3.5000000000000004 3.9650000000000003 113.50000000000001 0.99999947370637032 9.5000000000000018 6.5000000000000009 1.0000000180025095e-35 4.5000000000000009 6.5000000000000009 7.8333333333333348 9.5000000000000018 1.0000000180025095e-35 1.0000000180025095e-35 7.8333333333333348 1.0000000180025095e-35 9.5000000000000018 1.5000000000000002 0.42500000000000004 1.5000000000000002 1.5000000000000002 353301.6750000001 0.73863636363636376 716.72000000000014 64371.520000000011 10279.385000000002 3.0000000000000004 644690.00000000012 4.5000000000000009 1.5000000000000002
decision_type=2 2 2 2 2 2 2 2 2 2 2 2 2 2 2 2 2 2 2 2 2 2 2 2 2 2 2 2 2 2
left_child=1 9 3 4 11 6 7 -3 -9 -1 -10 12 14 -14 -2 -13 17 -11 19 -4 -21 -22 -23 24 25 26 -20 -27 -29 -30
right_child=2 5 18 -5 -6 -7 -8 8 10 16 -12 15 13 -15 -16 -17 -18 -19 23 20 21 22 -24 -25 -26 27 -28 28 29 -31
leaf_value=0.096158335968881528 0.010491615122090715 -0.067773595852432561 0.057628035306426864 0.094715890399472993 -0.18130721650285603 0.0010463306900119543 -0.020690170914299671 0.028871896720526525 -0.0033098174046107009 1.0663214080251231 -0.048329012847435432 0.0020645320576932777 -0.024107709894245113 0.06394558363003626 -0.025355467208626161 -0.0218159107107515 0.0035479001866262731 -0.051879160649351046 0.07063995100604803 -0.025539299758586355 -0.0012423831726142626 -0.001824378225099636 -0.0073042359679035941 -0.00029064922860022602 -0.00050416433108788072 0.016410889550832055 -0.013157929304884198 -0.0013994206033968505 0.0040138461305729749 -0.034944945721313424
leaf_weight=4682 2301 335 21078 941 643 5380 1855 1729 8276 213 389 1286 623 9955 1126 814 2177 229 25329 3184 183613 1409 464 839881 74096 36375 38788 17274 4246 1219
leaf_count=4682 2301 335 21078 941 643 5380 1855 1729 8276 213 389 1286 623 9955 1126 814 2177 229 25329 3184 183613 1409 464 839881 74096 36375 38788 17274 4246 1219
internal_value=0 -0.0030702 4.5033e-05 0.00626689 0.004605 -0.00694927 -0.0101889 -0.00629114 -0.00479509 0.00647419 -0.00807912 0.00594695 0.0077074 0.0108515 -0.00199734 -0.00579356 -0.00368931 -0.0274145 -4.32287e-05 -0.00112451 -0.00174133 -0.00146777 -0.0208153 0.000175433 0.00180611 0.00334729 3.9581e-05 0.00693493 0.00122555 0.0130261
internal_weight=0 25265 1.26464e+06 17689 16748 17964 12584 10729 10394 7301 8665 16105 14005 10578 3427 2100 2619 442 1.24696e+06 209748 188670 185486 1873 1.03721e+06 197327 123231 64117 59114 22739 5465
internal_count=1289910 25265 1264645 17689 16748 17964 12584 10729 10394 7301 8665 16105 14005 10578 3427 2100 2619 442 1246956 209748 188670 185486 1873 1037208 197327 123231 64117 59114 22739 5465
is_linear=0
shrinkage=0.1


Tree=95
num_leaves=31
num_cat=0
split_feature=64 62 1 0 3 2 2 6 0 63 20 0 4 5 62 3 137 2 64 4 138 62 2 0 4 63 4 20 62 64
split_gain=25.0691 105.705 99.0579 115.011 137.846 113.375 109.215 101.008 91.7137 80.1553 69.4013 57.4784 54.7063 85.2171 86.5728 117.724 89.7993 81.2851 95.3885 127.377 73.695 69.2122 66.0197 63.4088 54.0997 53.6569 53.2111 68.2707 58.9434 53.6398
threshold=1.7667912494452016 4525000.0000000009 550908.50000000012 454441.00000000006 89669.260000000024 48116.110000000008 35115.965000000004 4.166666666666667 718418.50000000012 1.7574145485927735 12.500000000000002 27692978.500000004 105506.55000000002 3.0000000000000004 3321164.5000000005 172518.43000000002 234995.50000000003 228939.14500000005 5.0510178610657332 13126.830000000002 8.5000000000000018 1876864.0000000002 139370.90000000005 1294999.0000000002 10827.600000000002 42716.044444444451 21170.420000000002 1.5000000000000002 800029.00000000012 231.06875000000002
decision_type=2 2 2 2 2 2 2 2 2 2 2 2 2 2 2 2 2 2 2 2 2 2 2 2 2 2 2 2 2 2
left_child=-1 2 3 5 -5 7 9 -2 -8 -4 26 12 13 -10 15 16 17 18 19 -15 -14 -20 -21 -23 -16 -25 28 29 -7 -28
right_child=1 -3 6 4 -6 10 8 -9 11 -11 -12 -13 20 14 24 -17 -18 -19 21 22 -22 23 -24 25 -26 -27 27 -29 -30 -31
leaf_value=0.000152468642896908 0.028200366478353712 -0.011398456346418097 -0.0058349083592453728 -0.018178571591670366 -0.0011761637292836081 -0.0024385611552252026 0.012198725659120072 0.001081581544144683 -0.021930639029278054 -0.063760198176273028 0.004509535242318191 -0.013204051090279112 -0.0072249637759592483 0.016357698997774575 0.00033532719592794884 0.011320059947116821 0.058567824941156948 0.048396918379210091 0.0026809067275537501 0.0011084557724227375 0.045499223986331966 -0.0082222988952246959 -0.071152644047041899 -0.0042659893637384061 -0.01783741162502701 0.00048034208594444717 -0.018460489508285379 -0.0048637583431434166 -0.026379401477900036 -0.0018152969679394561
leaf_weight=1192880 2408 5326 1686 1568 1554 16093 2518 10256 1204 678 3387 5350 8379 662 2053 10526 343 183 9416 586 353 176 1548 720 1071 814 1945 4616 296 1315
leaf_count=1192880 2408 5326 1686 1568 1554 16093 2518 10256 1204 678 3387 5350 8379 662 2053 10526 343 183 9416 586 353 176 1548 720 1071 814 1945 4616 296 1315
internal_value=0 -0.00155899 -0.00076356 -0.00422803 -0.0227189 -0.00279613 0.00235436 0.00503994 0.00343387 -0.0186067 -0.00638487 0.002357 0.00372214 0.00579248 0.0069088 0.008872 0.00301175 0.00178235 0.000911998 -0.0155999 -0.00322529 0.0050615 -0.0274879 -0.0134464 -0.00878548 -0.0069238 -0.00825658 -0.0150117 -0.00501029 -0.0260904
internal_weight=0 97030 91704 43438 3122 40316 48266 12664 45902 2364 27652 43384 38034 29302 28098 24974 14448 14105 13922 2796 8732 11126 2134 1710 3124 1534 24265 7876 16389 3260
internal_count=1289910 97030 91704 43438 3122 40316 48266 12664 45902 2364 27652 43384 38034 29302 28098 24974 14448 14105 13922 2796 8732 11126 2134 1710 3124 1534 24265 7876 16389 3260
is_linear=0
shrinkage=0.1


Tree=96
num_leaves=31
num_cat=0
split_feature=93 93 94 0 94 0 2 3 93 0 13 0 75 3 20 21 4 52 123 4 3 134 2 123 138 6 4 4 4 0
split_gain=24.4357 69.7777 67.9893 59.6253 56.199 61.6079 54.0248 47.0014 46.8812 44.5996 39.0563 47.7173 44.5299 38.7473 55.8613 34.0307 54.4044 39.8435 37.2593 32.6976 32.1609 49.0531 56.7949 60.4558 48.219 93.8634 46.2691 62.2913 145.61 118.065
threshold=25.500000000000004 135.50000000000003 4883.0000000000009 191633.50000000003 0.00010095262634068584 969036.00000000012 1044344.9000000001 353304.05000000005 23.500000000000004 51.500000000000007 5043.5000000000009 416795.00000000006 32533.500000000004 36191.790000000001 2.5000000000000004 2.5000000000000004 1075.7650000000001 1.0105210398990684e-06 4741159.0000000009 1005.0950000000001 486877.74000000005 12108853.500000002 472592.58500000008 4585474.0000000009 4.5000000000000009 21.583333333333339 117.48500000000003 910.40000000000009 1005.0950000000001 18.500000000000004
decision_type=2 2 2 2 2 2 2 2 2 2 2 2 2 2 2 2 2 2 2 2 2 2 2 2 2 2 2 2 2 2
left_child=8 3 4 9 -3 6 7 10 15 -2 -6 -12 -13 -5 -15 20 -17 18 -18 -4 21 22 -1 -24 26 -26 -22 29 -29 -28
right_child=1 2 19 13 5 -7 -8 -9 -10 -11 11 12 -14 14 -16 16 17 -19 -20 -21 24 -23 23 -25 25 -27 27 28 -30 -31
leaf_value=-2.8308417564855073e-06 -0.25337593373081518 -0.078398608955601995 0.0039792201014129018 -0.0095968797037064082 -0.0073885604894403656 -0.013804162195886181 -0.034717532295536389 0.022709190102366928 0.022029243324308924 -0.0068606196380325063 0.030674037739201299 0.0014767752496768873 -0.023517284980458936 -0.050078259472182508 -0.0047620852719942874 -0.016571549267998486 -0.011092148984466378 0.012322349321813688 0.012644752572772637 0.032991453447325951 -0.0054541089317849982 -0.023790647077438068 0.0053425417526805335 -0.0065578871377356858 -0.027030862440074934 0.040139434460303686 0.02407106154832719 -0.033193745358016245 -0.0022155865067689184 0.002354619637821586
leaf_weight=1051713 205 592 270 726 4327 835 186 507 1078 4290 1862 629 179 1142 447 3423 1206 13906 220 439 13275 5218 57918 5442 5647 399 645 414 98236 14534
leaf_count=1051713 205 592 270 726 4327 835 186 507 1078 4290 1862 629 179 1142 447 3423 1206 13906 220 439 13275 5218 57918 5442 5647 399 645 414 98236 14534
internal_value=0 -0.0038234 0.00156821 -0.0116028 -0.000751474 0.00131748 0.00411873 0.00543833 3.40984e-05 -0.00488775 0.00330795 0.012819 -0.00747497 -0.0246415 -0.0333863 1.64352e-05 0.0042446 0.00678945 -0.00912973 0.031397 -4.68301e-05 0.000127799 0.000173065 0.00308073 -0.00151612 -0.0102415 -0.00110108 -0.000449512 -0.00136713 0.00551417
internal_weight=0 16636 9826 6810 9117 8525 7690 7504 1.27327e+06 4495 6997 2670 808 2315 1589 1.2722e+06 18755 15332 1426 709 1.25344e+06 1.12029e+06 1.11507e+06 63360 133150 6046 127104 113829 98650 15179
internal_count=1289910 16636 9826 6810 9117 8525 7690 7504 1273274 4495 6997 2670 808 2315 1589 1272196 18755 15332 1426 709 1253441 1120291 1115073 63360 133150 6046 127104 113829 98650 15179
is_linear=0
shrinkage=0.1


Tree=97
num_leaves=31
num_cat=0
split_feature=64 4 64 62 1 2 3 2 1 63 20 62 4 64 3 4 2 62 4 0 4 2 138 5 137 64 4 20 4 6
split_gain=24.3902 27.9468 26.306 106.274 86.9866 96.8354 123.447 93.1295 74.9385 67.6218 66.4707 96.4961 92.9167 73.3986 62.3455 59.0534 58.533 56.0417 52.4588 49.1087 58.3195 93.8945 69.8478 69.4336 77.8982 92.2613 102.828 76.7348 61.8483 63.9317
threshold=948319.50000000012 23.140000000000004 1.7667912494452016 3809836.0000000005 550908.50000000012 45709.80000000001 31963.425000000007 35115.965000000004 718458.50000000012 1.7574145485927735 1.5000000000000002 509189.00000000006 21170.420000000002 23789.250000000004 118785.82000000002 1291.2650000000003 65201.175000000003 1260781.5000000002 1902.1000000000001 27692978.500000004 112397.53500000002 228939.14500000005 8.5000000000000018 3.0000000000000004 235343.50000000003 5.0510178610657332 13126.830000000002 1.5000000000000002 3.4150000000000005 10.41666666666667
decision_type=2 2 2 2 2 2 2 2 2 2 2 2 2 2 2 2 2 2 2 2 2 2 2 2 2 2 2 2 2 2
left_child=2 -2 -1 4 5 6 15 9 17 -6 11 12 13 16 -13 -4 -7 -9 -8 20 21 23 -22 -10 25 26 -25 -28 -27 -30
right_child=1 -3 3 -5 7 10 18 8 19 -11 -12 14 -14 -15 -16 -17 -18 -19 -20 -21 22 -23 -24 24 -26 28 27 -29 29 -31
leaf_value=0.00013614510021329185 0.010501665298809474 0.0035856882569410332 0.017089624829018879 -0.0088443479189594856 -0.00525113443914519 0.016088395630495491 0.08066828333994909 0.012325012968637293 -0.022988567359783822 -0.057670812996373444 -0.0022408821578310928 -0.017988132187467767 -0.0081995802448887618 -0.015090971592584147 -0.0065109917302559692 -0.022800674875826245 -0.0021966309229770847 -0.0078621587945334453 0.003853916468846719 -0.011631569230598139 -0.011374708055934747 0.0088040351331567825 0.040995597800671885 0.013803294394643579 0.078839761587582033 -0.0038854787285196517 -0.06503309686180303 0.0028059328500884503 0.0022607439013040908 -0.0040450720195279446
leaf_weight=1192880 324 1088 4769 7427 1686 589 1474 2934 900 646 21223 483 3502 249 272 4738 4520 174 1619 5179 6886 10031 345 663 316 460 1581 657 10423 1872
leaf_count=1192880 324 1088 4769 7427 1686 589 1474 2934 900 646 21223 483 3502 249 272 4738 4520 174 1619 5179 6886 10031 345 663 316 460 1581 657 10423 1872
internal_value=0 0.0131213 -2.8787e-05 -0.00162472 -0.000657245 -0.00384504 0.00354148 0.00243688 0.00350644 -0.0170193 -0.00686307 -0.0137607 -0.0108363 -0.00255715 -0.0480788 -0.00210429 2.6745e-05 0.0184547 0.020895 0.00232467 0.00370137 0.00584432 -0.00427149 0.00128911 0.00281191 0.00181974 -0.0142769 -0.0245242 0.00548077 0.00682768
internal_weight=0 1412 1.2885e+06 95618 88191 43438 12600 44753 42421 2332 30838 9615 8860 5358 755 9507 5109 3108 3093 39313 34134 26903 7231 16872 15972 15656 2901 2238 12755 12295
internal_count=1289910 1412 1288498 95618 88191 43438 12600 44753 42421 2332 30838 9615 8860 5358 755 9507 5109 3108 3093 39313 34134 26903 7231 16872 15972 15656 2901 2238 12755 12295
is_linear=0
shrinkage=0.1


Tree=98
num_leaves=31
num_cat=0
split_feature=67 3 4 2 4 66 88 2 62 105 4 6 63 2 75 4 76 0 2 0 4 2 20 63 4 1 92 3 89 4
split_gain=23.8349 32.437 62.4938 34.8793 28.1755 25.6354 41.9953 40.0747 39.6854 35.1524 34.3444 33.2071 30.6769 30.3334 28.8487 24.7358 23.7484 36.9643 57.3508 45.2586 40.4606 74.8818 70.613 33.4848 30.9501 43.2755 41.8064 51.3804 30.4261 83.5669
threshold=12.500000000000002 188788.61500000002 34924.205000000009 219353.65500000003 14744.320000000002 476227.00000000006 414642.00000000006 273169.86000000004 598645.00000000012 144579.50000000003 0.43500000000000005 6.8333333333333348 0.84772313448882963 144251.28500000003 130370.00000000001 1.8250000000000004 3.5000000000000004 105026.50000000001 89232.175000000003 2.5000000000000004 1378.0850000000003 29817.595000000001 7.5000000000000009 0.99611801242236042 9053.1400000000012 2.5000000000000004 30.04545454545455 182131.69500000004 0.83799991458406842 27300.340000000007
decision_type=2 2 2 2 2 2 2 2 2 2 2 2 2 2 2 2 2 2 2 2 2 2 2 2 2 2 2 2 2 2
left_child=5 -2 4 -4 -3 6 9 11 -7 16 13 -8 -10 -11 -13 -9 28 19 -19 20 -18 22 -22 -20 -21 26 -26 -28 -1 -30
right_child=1 2 3 -5 -6 8 7 15 12 10 -12 14 -14 -15 -16 -17 17 18 23 24 21 -23 -24 -25 25 -27 27 -29 29 -31
leaf_value=5.0890653645169209e-05 -0.0041389612213192503 0.032867800150669813 0.044769589583277689 -0.016863833514498366 -0.081931936035577177 0.025174903522044562 -0.0065875721158486656 0.084820808319248417 -0.012334298462944905 0.025116231545099656 0.017467945144822018 -0.030803282992640204 0.0021666046911213879 -0.0050130763249294115 0.14853352748619583 -0.0048468218352959117 -0.00098184742761115991 -0.02055597022686927 -0.0063486223957268956 0.0041121108519467818 -0.097812940055934772 -0.005602925014829196 0.066456833163677967 0.011878876728555145 -0.0061334961524531773 -0.0041300535962761403 -0.082158500621639291 0.028252765621234705 -0.013230643270529474 0.017582213271896709
leaf_weight=1207309 2668 70 129 193 719 4136 1220 75 190 291 2358 1206 253 28 210 4289 2130 5990 2529 31631 750 1407 148 1663 409 5116 470 50 5522 6751
leaf_count=1207309 2668 70 129 193 719 4136 1220 75 190 291 2358 1206 253 28 210 4289 2130 5990 2529 31631 750 1407 148 1663 409 5116 470 50 5522 6751
internal_value=0 -0.0079436 -0.0223007 0.0148247 -0.0374521 9.84983e-06 -1.68368e-05 -0.00774119 0.0074788 2.55863e-05 0.0114727 -0.0174766 -0.020967 0.0422677 -0.0278948 -0.00186066 1.49272e-06 -0.0020853 -0.00749223 -0.000777957 -0.0103331 -0.0195148 -0.042076 0.00147908 0.000346823 -0.00620945 -0.0260649 -0.0448786 9.09696e-05 0.00504492
internal_weight=0 3779 1111 322 789 1.28613e+06 1.28155e+06 7000 4579 1.27455e+06 2677 2636 443 319 1416 4364 1.27188e+06 52293 10182 42111 4435 2305 898 4192 37676 6045 929 520 1.21958e+06 12273
internal_count=1289910 3779 1111 322 789 1286131 1281552 7000 4579 1274552 2677 2636 443 319 1416 4364 1271875 52293 10182 42111 4435 2305 898 4192 37676 6045 929 520 1219582 12273
is_linear=0
shrinkage=0.1


Tree=99
num_leaves=31
num_cat=0
split_feature=133 134 1 2 127 2 93 137 137 4 20 76 92 92 3 94 2 4 4 0 92 6 2 20 1 6 2 6 137 138
split_gain=23.371 42.2499 32.2087 54.2757 46.9711 71.4524 44.6357 39.1054 63.7848 41.2273 58.3525 57.3484 59.0972 46.8304 43.3984 60.7134 51.8434 42.3881 114.052 42.0742 41.5489 39.8344 39.2458 50.166 77.3752 37.4671 37.0411 45.815 46.1728 34.7426
threshold=42.000000000000007 4875150.0000000009 308.50000000000006 25.060000000000006 0.86607142857142871 994380.92000000016 32.500000000000007 45.500000000000007 8.5000000000000018 15512.270000000002 1.0000000180025095e-35 9.5000000000000018 432.50000000000006 55.138703208556159 597319.8550000001 0.92186866026032777 480378.94500000007 992.95000000000016 1005.0950000000001 10.500000000000002 11872.500000000002 10.833333333333334 1.1450000000000002 1.0000000180025095e-35 19.500000000000004 4.8333333333333348 1.2550000000000001 5.5833333333333348 41.500000000000007 4.5000000000000009
decision_type=2 2 2 2 2 2 2 2 2 2 2 2 2 2 2 2 2 2 2 2 2 2 2 2 2 2 2 2 2 2
left_child=2 -2 4 25 6 -6 7 8 9 10 -1 21 13 -13 16 -16 20 19 -19 -17 -12 -11 -10 26 29 -4 -24 -28 -29 -25
right_child=1 -3 3 -5 5 -7 -8 -9 22 11 14 12 -14 -15 15 17 -18 18 -20 -21 -22 -23 23 24 -26 -27 27 28 -30 -31
leaf_value=0.034353697524437475 -0.002979337802101334 -0.031533349772151338 -0.025639226522324768 -0.0002949056306346898 0.04075097672398198 -0.04058930199988299 -0.052500780517945489 0.010712298614649797 -0.017131810448144196 0.0041631089401760416 0.0015190599686244822 -0.025922978102549839 0.036396293555381563 -0.10575777596422692 -0.0051287663226798749 0.027648658272806104 -0.017215688274626311 -0.029799268411209487 0.0068319332093356722 0.0068788816443715196 -0.094322207897055324 -0.0011229564068293563 -0.098719310141406211 -0.0064596332188013202 0.0067042608462746572 0.055460118978808183 0.0036324200160116507 -0.035051569843231788 -0.040759617289468621 0.076819709091484889
leaf_weight=26232 32817 4183 2210 697815 1884 137 1209 19364 998 172126 48119 1312 222 417 767 464 582 216 1450 473 311 258618 594 3101 5126 1226 2110 4650 486 691
leaf_count=26232 32817 4183 2210 697815 1884 137 1209 19364 998 172126 48119 1312 222 417 767 464 582 216 1450 473 311 258618 594 3101 5126 1226 2110 4650 486 691
internal_value=0 -0.00249191 5.81896e-05 -0.000391513 0.000629836 0.0158471 0.000573883 0.000616194 0.000454647 0.00065926 0.00276591 0.000276515 -0.0168296 -0.023066 0.000837919 0.0118149 8.31577e-05 0.0191009 0.00953075 0.0361167 0.000439691 0.000353995 -0.00543749 -0.00429019 0.000839818 -0.012929 -0.0101256 -0.00815756 -0.0132542 -0.00999003
internal_weight=0 37000 1.25291e+06 701251 551659 2021 549638 548429 529065 511309 78614 432695 1951 1729 52382 3370 49012 2603 1666 937 48430 430744 17756 16758 8918 3436 7840 7246 5136 3792
internal_count=1289910 37000 1252910 701251 551659 2021 549638 548429 529065 511309 78614 432695 1951 1729 52382 3370 49012 2603 1666 937 48430 430744 17756 16758 8918 3436 7840 7246 5136 3792
is_linear=0
shrinkage=0.1


Tree=100
num_leaves=31
num_cat=0
split_feature=6 6 99 89 3 146 147 146 3 89 29 2 63 18 20 62 3 140 6 4 124 6 76 2 62 0 62 20 123 123
split_gain=23.9049 24.6507 23.1935 23.0594 26.6673 41.6623 26.3993 32.2081 25.3189 23.1097 22.7571 31.3747 37.9992 22.9118 34.154 32.6265 64.4479 42.107 37.4521 29.8956 73.3773 78.0523 63.3838 61.0725 86.6679 183.416 147.108 125.174 120.938 92.7908
threshold=98.500000000000014 107.50000000000001 1.0000000180025095e-35 10563.937500000002 250541.58500000002 7326.0000000000009 9.5000000000000018 2763683.5000000005 22716.275000000005 2661.928571428572 346441.50000000006 290961.89500000008 0.11536642841436706 1.0000000180025095e-35 1.0000000180025095e-35 383601.00000000006 20842.630000000001 0.10555555555555557 4.166666666666667 14744.320000000002 21.500000000000004 32.583333333333336 9.5000000000000018 173203.61500000002 954145.00000000012 1106797.0000000002 938140.00000000012 1.0000000180025095e-35 1290084.5000000002 1908092.0000000002
decision_type=2 2 2 2 2 2 2 2 2 2 2 2 2 2 2 2 2 2 2 2 2 2 2 2 2 2 2 2 2 2
left_child=2 -2 3 6 -5 -6 9 8 -8 10 13 -12 -13 19 15 16 -15 -18 -19 23 22 -22 -21 24 26 27 28 -26 -1 -30
right_child=1 -3 -4 4 5 -7 7 -9 -10 -11 11 12 -14 14 -16 -17 17 18 -20 20 21 -23 -24 -25 25 -27 -28 -29 29 -31
leaf_value=0.00032849726959320873 -0.014482566160462441 0.017638739862196273 0.036461811404506987 -0.021000543204093051 -0.014555715889126597 0.043491334974491702 -0.014156074438849676 -0.018379069232296336 0.028373631950940892 0.037799921952232092 0.08917354499891271 -0.036348003691022882 0.084402803146145053 -0.0052972577932480121 -0.00099944507510094614 0.0082921175276121986 -0.0037145253363453849 -0.055542329387995026 -0.020763206216343009 -0.00050652456345199324 -0.027976162797097914 0.031260990167105006 -0.029480221549316038 0.00189366985243496 -0.0091905862916919039 -0.0010116013655856113 0.051309559231513195 -0.0069104084172606165 0.0055162071489621494 0.00068065690170397101
leaf_weight=448468 262 121 231 1381 665 209 3793 105 6662 544 347 418 325 4536 70825 1297 1217 863 1424 615250 1430 355 3102 85036 700 33590 1682 787 1305 2980
leaf_count=448468 262 121 231 1381 665 209 3793 105 6662 544 347 418 325 4536 70825 1297 1217 863 1424 615250 1430 355 3102 85036 700 33590 1682 787 1305 2980
internal_value=0 -0.0249907 -3.9844e-06 -9.66111e-06 -0.0101131 0.0035565 8.04099e-06 0.00498742 0.00554087 -3.31521e-05 -4.19378e-05 0.0144011 0.00280677 -5.42867e-05 -0.00169089 -0.00737584 -0.00975007 -0.0199367 -0.0279333 5.55275e-05 -0.000425973 -0.0206718 -0.000367529 0.000575234 0.00014552 -0.00464378 0.000515197 -0.039012 0.000405533 0.0171257
internal_weight=0 383 1.28953e+06 1.2893e+06 2255 874 1.28704e+06 10560 10455 1.27648e+06 1.27594e+06 1090 743 1.27485e+06 80162 9337 8040 3504 2287 1.19468e+06 620137 1785 618352 574548 489512 35077 454435 1487 452753 4285
internal_count=1289910 383 1289527 1289296 2255 874 1287041 10560 10455 1276481 1275937 1090 743 1274847 80162 9337 8040 3504 2287 1194685 620137 1785 618352 574548 489512 35077 454435 1487 452753 4285
is_linear=0
shrinkage=0.1


Tree=101
num_leaves=31
num_cat=0
split_feature=26 6 134 4 123 0 127 2 137 13 20 2 4 3 5 2 20 136 0 62 138 138 4 14 2 3 0 6 6 6
split_gain=21.5347 22.8465 37.5205 28.996 41.2295 27.1264 65.8319 42.3659 81.4353 103.725 62.9257 211.015 132.194 48.5384 94.8291 69.9131 105.203 120.354 196.939 48.6981 43.8035 53.2464 72.6244 74.3482 57.0641 66.9561 47.652 47.3493 42.0643 43.7384
threshold=2.5000000000000004 42.583333333333336 4875150.0000000009 0.8650000000000001 575098.00000000012 429.50000000000006 0.84523809523809534 162.52000000000001 4509.0000000000009 6066.5000000000009 1.0000000180025095e-35 47.155000000000008 1.0000000180025095e-35 1383.2900000000002 1.5000000000000002 1854.3700000000001 1.0000000180025095e-35 1.0000000180025095e-35 52565.000000000007 1604.5000000000002 11.500000000000002 3.5000000000000004 0.28500000000000009 1.0000000180025095e-35 25.060000000000006 85.995000000000019 872.00000000000011 4.8333333333333348 26.833333333333339 5.5833333333333348
decision_type=2 2 2 2 2 2 2 2 2 2 2 2 2 2 2 2 2 2 2 2 2 2 2 2 2 2 2 2 2 2
left_child=1 5 3 4 -3 6 -1 8 10 -10 11 12 -7 14 19 16 17 -15 -19 -9 21 22 23 -12 27 -26 -27 -23 29 -17
right_child=-2 2 -4 -5 -6 7 -8 13 9 -11 20 -13 -14 15 -16 28 -18 18 -20 -21 -22 24 -24 -25 25 26 -28 -29 -30 -31
leaf_value=0.0012040479708732565 0.044294308815140584 -0.0020456108172357823 -0.028329362338590992 -0.0026509162785087526 -0.021409140323743615 -0.089942956604365562 0.032131198760845879 0.049395877236697007 -0.041636584558929268 -0.012289722746205272 -0.0016825626588022975 -0.00041647882953429474 0.0009474935103989335 0.046607232091311061 0.00098465135770560148 0.00053645629759104809 0.0082501284910527165 -0.042703287838527809 -0.011395692272468574 0.13232802907241631 -0.11524945455461677 -0.049490599301944133 0.0062821106941684862 -0.075132763352184037 0.022020104265321219 -0.043297853455073129 -0.0019976905903188531 0.41199157628348959 0.015360056353804181 -0.00092706133406507277
leaf_weight=481538 27625 132 4183 78787 96 526 1954 7032 684 1260 444 2153 237 1021 49631 162038 2894 622 1799 7473 1439 1030 1437 517 9088 179 3977 720 10392 429002
leaf_count=481538 27625 132 4183 78787 96 526 1954 7032 684 1260 444 2153 237 1021 49631 162038 2894 622 1799 7473 1439 1030 1437 517 9088 179 3977 720 10392 429002
internal_value=0 -7.1097e-05 -0.00167267 -0.00118406 -0.0367942 4.19124e-05 0.000617229 -0.000357977 -0.00451414 -0.0241236 -0.00276121 -0.0164309 -0.0616188 -0.000211433 0.00240499 -0.000487536 -0.010937 -0.0227525 -0.0348959 0.00951774 -0.000644452 0.000742858 -0.013093 -0.0343735 0.00295563 0.00519813 -0.00531621 -0.0140156 -0.000377452 -0.000488345
internal_weight=0 1.26228e+06 83198 79015 228 1.17909e+06 483492 695595 23691 1944 21747 2916 763 671904 64136 607768 6336 3442 2421 14505 18831 17392 2398 961 14994 13244 4156 1750 601432 591040
internal_count=1289910 1262285 83198 79015 228 1179087 483492 695595 23691 1944 21747 2916 763 671904 64136 607768 6336 3442 2421 14505 18831 17392 2398 961 14994 13244 4156 1750 601432 591040
is_linear=0
shrinkage=0.1


Tree=102
num_leaves=31
num_cat=0
split_feature=106 3 13 67 3 4 4 4 21 64 3 6 124 3 52 2 124 6 92 3 4 4 20 128 0 12 8 4 52 3
split_gain=21.1941 21.0937 46.5033 21.0661 30.4765 49.7357 33.8924 23.3819 21.341 43.874 46.0012 48.0696 70.7708 52.9505 41.3785 39.1733 32.7288 65.9036 46.9071 47.9995 32.0003 50.9029 27.9281 26.2613 36.7293 36.3583 30.8714 26.1485 23.7303 23.7085
threshold=6.5000000000000009 382222.49000000005 2749981.0000000005 12.500000000000002 188788.61500000002 34924.205000000009 47943.080000000009 14744.320000000002 2.5000000000000004 8.5114899306426018e-06 353304.05000000005 9.1666666666666696 8.5000000000000018 57041.455000000009 0.0018163459527702152 1861604.1200000003 14.500000000000002 14.583333333333334 15.086789297658864 111210.12000000001 70689.450000000012 16159.545 17.500000000000004 0.17424242424242428 1666.5000000000002 1.0000000180025095e-35 1.0000000180025095e-35 1163.3850000000002 66.500000000000014 509652.76500000007
decision_type=2 2 2 2 2 2 2 2 2 2 2 2 2 2 2 2 2 2 2 2 2 2 2 2 2 2 2 2 2 2
left_child=3 2 -2 8 -5 7 -7 -6 23 10 11 12 22 -14 -11 27 18 -18 -13 -20 21 -16 -10 29 25 -25 -26 28 -12 -1
right_child=1 -3 -4 4 5 6 -8 -9 9 14 15 16 13 -15 20 -17 17 -19 19 -21 -22 -23 -24 24 26 -27 -28 -29 -30 -31
leaf_value=0.00015367003628181665 0.034009798182731886 -0.027368106665031935 0.082810573779621935 -0.003135862990043026 0.02951384984682931 0.041699415869923685 -0.0097567232214671572 -0.073565893279204292 -0.0032729513147442993 0.042226659682313809 -0.02536033366287857 0.026506058651964315 0.0034378366451398358 -0.044663635371333943 -0.00020832428649065761 -0.038816345568646549 -0.048081783995871021 -0.0059954507753076985 -0.042348629533427086 0.027109073602778491 -0.0037829158999001505 0.026981485407487515 -0.026872383908570788 0.012252484052730994 -0.013869385237929084 -0.029578340657114899 -0.003844027431929381 0.010701703159448924 0.0053580350968836926 -0.001862485117233792
leaf_weight=1127154 2744 87 65 2668 70 95 227 719 1599 3099 103 2272 122 336 1900 148 133 781 1610 866 3010 1383 532 1593 1963 219 3924 1884 321 128283
leaf_count=1127154 2744 87 65 2668 70 95 227 719 1599 3099 103 2272 122 336 1900 148 133 781 1610 866 3010 1383 532 1593 1963 219 3924 1884 321 128283
internal_value=0 0.00853556 0.0100375 -2.88224e-05 -0.00748413 -0.0214006 0.0117192 -0.0349172 -6.86725e-06 0.00322603 -0.00114981 -0.00472592 -0.0160135 -0.0516767 0.00821454 0.0108643 0.000435424 -0.0168931 0.00377121 -0.00575001 0.00355664 0.0103847 -0.00834869 -5.83091e-05 -0.00588086 0.00656879 -0.00971283 0.0140624 -0.00837454 -2.26021e-05
internal_weight=0 2896 2809 1.28701e+06 3779 1111 322 789 1.28324e+06 20099 10707 8251 2589 458 9392 2456 5662 914 4748 2476 6293 3283 2131 1.26314e+06 7699 1812 5887 2308 424 1.25544e+06
internal_count=1289910 2896 2809 1287014 3779 1111 322 789 1283235 20099 10707 8251 2589 458 9392 2456 5662 914 4748 2476 6293 3283 2131 1263136 7699 1812 5887 2308 424 1255437
is_linear=0
shrinkage=0.1


Tree=103
num_leaves=31
num_cat=0
split_feature=18 2 13 2 0 64 20 20 20 5 0 20 20 6 5 13 20 5 4 2 127 84 123 2 3 3 20 6 123 20
split_gain=21.5586 23.6046 83.1378 57.2306 82.0943 73.5146 39.5166 38.8563 84.5794 66.2939 45.7007 34.3124 35.8191 32.1672 25.156 29.7213 23.4497 44.8845 23.3327 67.4415 116.127 57.1061 52.2891 185.926 128.327 103.395 200.538 103.165 99.5797 95.9286
threshold=1.5000000000000002 1.4600000000000002 3.5000000000000004 3.9650000000000003 113.50000000000001 0.99999947370637032 6.5000000000000009 9.5000000000000018 6.5000000000000009 1.0000000180025095e-35 4.5000000000000009 7.5000000000000009 1.0000000180025095e-35 7.8333333333333348 1.0000000180025095e-35 1.5000000000000002 9.5000000000000018 1.5000000000000002 0.42500000000000004 353301.6750000001 0.73863636363636376 97268.500000000015 547723.50000000012 155600.04500000001 175269.96500000003 20341.975000000002 1.0000000180025095e-35 8.8333333333333339 382522.50000000006 1.0000000180025095e-35
decision_type=2 2 2 2 2 2 2 2 2 2 2 2 2 2 2 2 2 2 2 2 2 2 2 2 2 2 2 2 2 2
left_child=1 2 6 4 5 11 14 8 9 -4 -11 12 -3 -12 15 -1 17 -8 19 21 -21 22 24 -24 25 29 -27 -25 -28 -5
right_child=-2 3 7 18 -6 -7 16 -9 -10 10 13 -13 -14 -15 -16 -17 -18 -19 -20 20 -22 -23 23 27 -26 26 28 -29 -30 -31
leaf_value=1.0046577626686097 -0.0038782732501098844 -0.00066106951518729584 -0.060643291726569994 0.012251375339510737 0.083970782614886025 -0.15987362675142194 0.95933507234257365 0.00081818019413715129 -0.017857705256557565 0.025236310889750192 -0.00320211913415579 -0.0030114391011846729 0.061089779725650134 -0.039622438716919728 0.080682531086621739 -0.11351786199922718 0.00089644482044676026 -0.045673303958673465 0.00027300582508157369 -0.0020346520918449944 -0.0066726372921707099 -0.018718250550964564 0.0018975299704542513 -0.0011363499845900976 0.0075942544260938043 -0.064777251361735497 -0.002556040328520004 -0.011612497182605055 -0.012034487591501343 -0.0029848410565450922
leaf_weight=2081 14201 3421 327 32531 941 643 213 5261 1853 1668 8269 3726 8756 389 2468 51 2066 222 1029089 1331 471 1051 7253 2218 3215 3101 34689 437 886 117082
leaf_count=2081 14201 3421 327 32531 941 643 213 5261 1853 1668 8269 3726 8756 389 2468 51 2066 222 1029089 1331 471 1051 7253 2218 3215 3101 34689 437 886 117082
internal_value=0 3.55225e-05 -0.0030152 9.6174e-05 0.00577684 0.00414286 0.00613069 -0.00667057 -0.00970375 -0.00627391 -0.0048701 0.00548317 0.00805261 -0.00779011 0.0116313 0.00367479 -0.00398631 -0.0250887 1.56312e-05 -0.000960635 -0.0202209 -0.000789211 -0.000667892 0.00641579 -0.00103439 -0.00137264 -0.00598158 -0.0162256 -0.00385561 -0.000181202
internal_weight=0 1.27571e+06 24868 1.25084e+06 17487 16546 7101 17767 12506 10653 10326 15903 12177 8658 4600 2132 2501 435 1.23335e+06 204265 1802 202463 201412 9908 191504 188289 38676 2655 35575 149613
internal_count=1289910 1275709 24868 1250841 17487 16546 7101 17767 12506 10653 10326 15903 12177 8658 4600 2132 2501 435 1233354 204265 1802 202463 201412 9908 191504 188289 38676 2655 35575 149613
is_linear=0
shrinkage=0.1


Tree=104
num_leaves=31
num_cat=0
split_feature=97 3 97 21 64 4 4 146 0 0 127 63 64 3 2 64 5 0 2 137 3 137 2 4 123 64 0 0 13 2
split_gain=20.7301 44.0213 45.2932 59.6024 26.5448 23.8372 23.0523 20.7763 29.2334 19.931 59.0983 36.783 82.5355 80.1777 126.131 97.8086 71.7042 170.773 155.254 81.5443 71.933 131.247 126.535 79.6391 94.4751 122.54 80.5932 147.869 87.33 85.3496
threshold=1.0000000180025095e-35 130072.67500000002 4.5000000000000009 1.5000000000000002 1.0498794742118116 70689.450000000012 35690.100000000013 892994.50000000012 2720590.5000000005 429.50000000000006 0.86607142857142871 0.11536642841436706 0.054476577190168324 49943.455000000009 99903.550000000017 0.0016020711391414569 3.0000000000000004 467061.00000000006 223723.52000000005 8019097.5000000009 7953.8700000000017 10002.000000000002 10860.435000000003 4103.5100000000011 333369.50000000006 1.0847675124691785 2143474.0000000005 3494586.5000000005 1497298.5000000002 384932.14500000008
decision_type=2 2 2 2 2 2 2 2 2 2 2 2 2 2 2 2 2 2 2 2 2 2 2 2 2 2 2 2 2 2
left_child=7 4 5 -4 -2 -3 -6 9 -9 10 -1 -11 13 -13 15 -15 17 -14 -19 20 21 -18 -23 24 -22 26 -26 28 -28 -30
right_child=1 2 3 -5 6 -7 -8 8 -10 11 -12 12 16 14 -16 -17 19 18 -20 -21 23 22 -24 -25 25 -27 27 -29 29 -31
leaf_value=0.00074798383264518264 0.037698810596807478 -0.0028121297139727555 -0.052620655911242015 -0.0040408599825275731 0.0042417566939927593 0.030650383361271773 -0.039022853701901491 0.049223783828464741 -0.015488624108338143 -0.0014568462382232193 0.029211929403619854 0.014963332864550273 0.01873368997650875 -0.029398460363107521 0.0012216855307355483 0.001740485415766946 0.010489765193405255 -0.022826558198367906 0.0091591810953205628 0.10275473227051755 0.0020964408222661659 -0.024236933528645511 -0.085123427429802084 -0.0014298122275503645 -0.0039716957751441354 0.021093644514827432 -0.0014198717729445986 -0.0032292623417498716 0.0066425983996559945 -0.0075178734548864458
leaf_weight=591060 2445 201 213 1277 222 249 118 2038 128 303275 1951 27557 25492 871 50148 634 10621 4641 3528 452 66254 17774 400 137196 17906 1285 2236 14797 4082 859
leaf_count=591060 2445 201 213 1277 222 249 118 2038 128 303275 1951 27557 25492 871 50148 634 10621 4641 3528 452 66254 17774 400 137196 17906 1285 2236 14797 4082 859
internal_value=0 0.00659853 -0.00496637 -0.0133635 0.0146545 0.0228373 -0.0115259 -3.73285e-05 0.0097483 -5.38487e-05 0.000371302 -0.000419235 0.000227326 0.00310581 0.000781974 -0.0277427 -0.000514097 0.00384138 -0.00874101 -0.00104944 -0.0011196 -0.00584719 -0.0110083 -0.000563089 0.00147607 -0.00228628 -0.00326566 0.000792381 0.0125711 0.0199917
internal_weight=0 4725 1940 1490 2785 450 340 1.28518e+06 2166 1.28302e+06 593011 690008 386733 79210 51653 1505 307523 33661 8169 273862 273410 28795 18174 244615 107419 41165 39880 21974 7177 4941
internal_count=1289910 4725 1940 1490 2785 450 340 1285185 2166 1283019 593011 690008 386733 79210 51653 1505 307523 33661 8169 273862 273410 28795 18174 244615 107419 41165 39880 21974 7177 4941
is_linear=0
shrinkage=0.1


Tree=105
num_leaves=31
num_cat=0
split_feature=29 2 63 64 63 138 0 0 2 6 6 137 2 63 138 6 2 62 0 138 0 3 1 4 7 3 63 63 64 62
split_gain=19.8946 27.9577 34.4968 19.6433 24.9253 64.5032 236.025 84.3399 75.1114 41.6061 51.0506 39.8668 35.5317 27.6151 71.4272 39.3668 35.9171 26.3825 25.1548 44.2873 24.5442 23.7386 23.0927 22.4323 22.7319 21.8458 21.5862 65.8583 45.4388 70.3893
threshold=346441.50000000006 290961.89500000008 0.34677554212323142 948319.50000000012 22571.852272727276 7.5000000000000009 1294999.0000000002 1500918.5000000002 57137.540000000008 5.5833333333333348 7.8333333333333348 2.5000000000000004 67601.030000000013 1999.8977272727275 7.5000000000000009 4.166666666666667 139370.90000000005 1195475.0000000002 166453.00000000003 6.5000000000000009 550936.50000000012 63406.285000000011 1108780.5000000002 23.140000000000004 1.0000000180025095e-35 64371.520000000011 69.280350877192987 17.816012864933224 2.3308541548375712 3809836.0000000005
decision_type=2 2 2 2 2 2 2 2 2 2 2 2 2 2 2 2 2 2 2 2 2 2 2 2 2 2 2 2 2 2
left_child=3 -2 -3 4 13 11 8 12 20 -9 -11 -6 -8 26 15 16 -15 22 19 -17 -7 -16 -10 24 -5 -12 27 28 -1 -30
right_child=1 2 -4 23 5 6 7 9 17 10 25 -13 -14 14 21 18 -18 -19 -20 -21 -22 -23 -24 -25 -26 -27 -28 -29 29 -31
leaf_value=8.8931373498447874e-05 0.080449210269046639 -0.030792264164069185 0.075299011500214244 0.0096717189741047562 -0.0093571815652607471 -0.0065773551832745804 0.0051304736082211592 -0.0015351168824954159 -0.0069423875028031259 0.002237673831894188 0.00046825382773396651 0.0029433982416962037 -0.0021320349136465032 0.011666194613643269 0.013043929178055726 -0.0075155877372615146 0.00056821278924696446 -0.0078054054723528665 0.00070491566074938768 -0.012864096263007878 0.0034626484911245582 0.0012004715631579218 0.00057375438063120841 0.0031058519415548269 0.0028630049144068607 -0.0013685497134485027 -0.0024645395640204727 0.0052808637935496845 -0.0019643161391481425 -0.018258469461071635
leaf_weight=1196811 347 420 323 172 2403 97 286 245 688 344 494 5589 51 877 674 1166 1062 611 2018 212 151 221 75 1088 152 464 17632 10047 42559 2631
leaf_count=1196811 347 420 323 172 2403 97 286 245 688 344 494 5589 51 877 674 1166 1062 611 2018 212 151 221 75 1088 152 464 17632 10047 42559 2631
internal_value=0 0.0134865 0.00254172 -2.91694e-05 -4.20986e-05 -0.00467722 -0.0159856 0.00808891 -0.0439489 -0.00178629 0.00532766 0.000283651 0.0534211 -3.28706e-07 0.00664117 0.00225554 0.0136238 -0.0530913 -0.00423532 -0.0146504 0.00670294 0.0327835 -0.0406913 0.0117592 0.0348564 -0.00653798 -3.29169e-05 1.60138e-05 -4.92168e-05 -0.00316196
internal_weight=0 1090 743 1.28882e+06 1.28741e+06 11498 3506 1884 1622 1547 1302 7992 337 1.27591e+06 6230 5335 1939 1374 3396 1378 248 895 763 1412 324 958 1.26968e+06 1.25205e+06 1.242e+06 45190
internal_count=1289910 1090 743 1288820 1287408 11498 3506 1884 1622 1547 1302 7992 337 1275910 6230 5335 1939 1374 3396 1378 248 895 763 1412 324 958 1269680 1252048 1242001 45190
is_linear=0
shrinkage=0.1


Tree=106
num_leaves=31
num_cat=0
split_feature=134 134 4 134 4 146 146 64 62 3 4 134 48 2 49 0 20 3 6 29 7 3 89 2 4 0 89 84 84 137
split_gain=19.5302 62.4429 51.5466 46.432 39.481 42.0316 37.7558 33.3309 85.9617 58.1725 76.072 44.6604 59.3892 40.146 34.8447 32.7933 32.1095 33.7973 32.9883 31.2757 30.9676 42.7334 41.2605 43.4895 40.0896 39.5812 35.9113 33.678 50.7977 31.0121
threshold=173239.00000000003 1044.0000000000002 87683.285000000018 1196525.5000000002 195203.74000000002 83083.000000000015 124684.50000000001 8.5114899306426018e-06 383601.00000000006 712091.39500000014 597453.57500000007 402.50000000000006 10.000000000000002 369074.04500000004 1.5000000000000002 1.5000000000000002 8.5000000000000018 452826.04500000004 20.416666666666668 364104.00000000006 1.0000000180025095e-35 200860.91500000004 1253.5000000000002 12648.660000000002 0.42500000000000004 32770.000000000007 99.662863999792336 1007866.5000000001 1279019.0000000002 3140290.5000000005
decision_type=2 2 2 2 2 2 2 2 2 2 2 2 2 2 2 2 2 2 2 2 2 2 2 2 2 2 2 2 2 2
left_child=1 4 3 -2 6 7 19 9 16 10 13 12 -12 14 -6 -11 18 -18 -9 20 21 22 23 25 -25 -1 29 -23 -29 -22
right_child=2 -3 -4 -5 5 -7 -8 8 -10 15 11 -13 -14 -15 -16 -17 17 -19 -20 -21 26 27 -24 24 -26 -27 -28 28 -30 -31
leaf_value=0.21557280787451158 -0.0084570253199403034 0.006745716018178128 -0.00094982143375501595 -0.28822619183844272 0.010589670478987534 0.022371045284477871 -0.019963640061639327 -0.032268900086928225 -0.0007027807661619534 0.027626351103221137 -0.0027458383497580563 -0.040373991826040047 -0.028095686202355676 0.0071280868915670819 -0.0060275748074353876 -0.013884564937949784 0.024597842860031929 -0.015310774143707809 0.025320187129700134 0.048057296868652677 -0.00016448817239658189 0.022271264808087901 -0.019221736267062854 -0.015784310076287542 0.0035708998535111114 -0.035767256622315016 0.026940089304408922 -0.012885214016990299 0.0091363787549201044 0.014095184129813573
leaf_weight=14807 16462 68662 110449 523 11276 3402 6035 8559 15840 13074 11459 2118 9402 26250 45852 1190 493 692 245 810 738611 1304 1130 907 169962 1192 1129 220 213 7642
leaf_count=14807 16462 68662 110449 523 11276 3402 6035 8559 15840 13074 11459 2118 9402 26250 45852 1190 493 692 245 810 738611 1304 1130 907 169962 1192 1129 220 213 7642
internal_value=0 0.000114013 -0.00119005 -0.00631873 -6.96141e-05 -0.0015775 0.00016976 -0.00183276 -0.0050929 -0.00113465 -0.00193889 -0.00703325 -0.00562853 -0.000534884 -0.00202231 0.00486201 -0.0123576 0.00309627 -0.0144376 0.00022049 0.000203513 0.00134443 0.00120018 0.00131538 0.000848569 0.00630089 -8.61275e-05 0.0169574 -0.00720652 -0.000113089
internal_weight=0 1.16248e+06 127434 16985 1.09381e+06 149852 943962 146450 25829 120621 106357 22979 20861 83378 57128 14264 9989 1185 8804 937927 937117 189735 187998 186868 170869 15999 747382 1737 433 746253
internal_count=1289910 1162476 127434 16985 1093814 149852 943962 146450 25829 120621 106357 22979 20861 83378 57128 14264 9989 1185 8804 937927 937117 189735 187998 186868 170869 15999 747382 1737 433 746253
is_linear=0
shrinkage=0.1


Tree=107
num_leaves=31
num_cat=0
split_feature=6 6 0 94 75 2 93 66 3 14 92 2 93 5 2 93 13 4 94 93 3 134 2 134 20 0 6 3 123 4
split_gain=19.1727 19.3412 19.8645 18.8721 61.281 53.7555 43.4686 45.929 41.0887 39.8376 30.4739 29.4387 25.5477 35.3511 24.576 24.1654 32.2888 23.5442 32.0719 22.2587 21.921 40.933 40.5084 49.1786 49.0457 62.0032 42.3121 41.3732 62.6704 129.53
threshold=98.500000000000014 107.50000000000001 550936.50000000012 1557.5000000000002 32.500000000000007 4840.9300000000012 104.50000000000001 71.000000000000014 116697.38500000002 1.0000000180025095e-35 1875.7894736842106 28897.600000000002 108.50000000000001 3.0000000000000004 18525.885000000006 113890.50000000001 23230.000000000004 0.8650000000000001 3604.5000000000005 47.500000000000007 509652.76500000007 22645024.500000004 472592.58500000008 4875150.0000000009 6.5000000000000009 6333383.5000000009 5.166666666666667 233421.54000000001 390.50000000000006 4603.5500000000011
decision_type=2 2 2 2 2 2 2 2 2 2 2 2 2 2 2 2 2 2 2 2 2 2 2 2 2 2 2 2 2 2
left_child=3 2 -2 15 5 -5 7 9 -8 10 17 -6 -13 -14 -9 20 -17 18 -7 -11 21 22 23 27 -24 26 -26 -1 29 -29
right_child=1 -3 -4 4 11 6 8 14 -10 19 -12 12 13 -15 -16 16 -18 -19 -20 -21 -22 -23 24 -25 25 -27 -28 28 -30 -31
leaf_value=0.00039718812733142707 -0.003786433233962141 0.015102869261799302 -0.018551675509549653 -0.10062920119569672 0.005186034678203855 0.0031813433453642629 -0.0064736209520360301 0.02484252796838167 0.0240020689718385 -0.0045361486667837908 0.018000457263734695 -0.042038406098796749 -0.022729801195648287 0.01499940577482075 -0.036796493627074586 0.029144742277775873 -0.042880795876125803 0.0012209514695822828 -0.12026509102013405 0.021512222754485423 -0.0015835042583498993 -0.03059104967563003 0.0021484372008906162 -0.040137943958012491 0.019414125372264803 -0.018273033629369807 0.02144947289793896 0.0075702413060274648 -0.0043492263475436712 -0.0024341661960155751
leaf_weight=940367 111 121 151 1470 406 104 510 109 640 23151 3582 926 182 279 485 97 805 2371 84 321 129927 1763 69159 5044 1357 1307 4542 7411 19746 73382
leaf_count=940367 111 121 151 1470 406 104 510 109 640 23151 3582 926 182 279 485 97 805 2371 84 321 129927 1763 69159 5044 1357 1307 4542 7411 19746 73382
internal_value=0 -0.0223797 -0.0376513 -2.43654e-06 -0.00230566 -0.00132239 -0.000446224 -0.00117269 0.0186358 -0.000620433 0.00655026 -0.0203078 -0.0272404 -0.00800539 -0.0287047 6.11042e-05 -0.0163009 -0.0017841 -0.035848 -0.00249651 7.28734e-05 0.000215018 0.000238935 7.66024e-05 0.00246237 0.0103135 0.0146797 0.000124335 -0.00180379 -0.000569501
internal_weight=0 383 262 1.28953e+06 34620 32827 31357 30207 1150 29613 6141 1793 1387 461 594 1.25491e+06 902 2559 188 23472 1.254e+06 1.12408e+06 1.12232e+06 1.04595e+06 76365 7206 5899 1.04091e+06 100539 80793
internal_count=1289910 383 262 1289527 34620 32827 31357 30207 1150 29613 6141 1793 1387 461 594 1254907 902 2559 188 23472 1254005 1124078 1122315 1045950 76365 7206 5899 1040906 100539 80793
is_linear=0
shrinkage=0.1


Tree=108
num_leaves=31
num_cat=0
split_feature=66 6 3 62 62 1 64 4 0 62 5 1 4 4 2 0 62 4 3 138 20 3 64 105 4 1 3 3 64 1
split_gain=18.9182 18.766 84.3698 161.618 79.9641 78.8109 98.2228 86.6384 74.8632 70.9053 128.268 121.998 158.212 122.619 121.038 84.775 132.42 130.491 74.8702 74.5415 67.1452 66.7797 64.5764 64.2319 63.6145 107.766 90.8576 76.2855 61.5772 74.552
threshold=2563886.0000000005 5.416666666666667 121500.34500000002 2112600.0000000005 5709041.0000000009 200005.50000000003 1.5728546287735332 85574.710000000021 4570324.0000000009 221757.50000000003 3.0000000000000004 529440.50000000012 6714.3600000000015 1636.0450000000003 50395.260000000017 2064191.0000000002 752976.50000000012 4103.5100000000011 95872.905000000013 4.5000000000000009 2.5000000000000004 71424.710000000021 0.83233334201357312 577561.00000000012 6714.3600000000015 824237.50000000012 188788.61500000002 265945.48000000004 1.0000128766417722 3772997.0000000005
decision_type=2 2 2 2 2 2 2 2 2 2 2 2 2 2 2 2 2 2 2 2 2 2 2 2 2 2 2 2 2 2
left_child=1 2 3 9 5 -4 7 24 22 10 19 13 15 -11 -12 16 -13 20 -18 23 -17 -15 -5 -1 25 -7 -27 -28 -14 -30
right_child=-2 -3 4 8 -6 6 -8 -9 -10 11 14 12 28 21 -16 17 18 -19 -20 -21 -22 -23 -24 -25 -26 26 27 -29 29 -31
leaf_value=-0.0010849676846001466 0.051334036554219302 -0.00032210909838517046 0.001102508264858526 -0.00023604760847522853 -0.0086878413745514523 0.013599564152967239 0.00089973163302833892 0.004304745098592056 -0.010024570599094278 0.0020948104817145818 0.023544222314864083 0.0067414695632423086 0.011480685426257806 -0.003477520123068878 0.00071919328661474997 0.00016335506052748456 -0.004147965969051759 -0.013145464469387828 0.012797514132891465 0.040624244417142921 0.0070731329245236063 -0.014141687037376022 -0.014712608932848668 0.018495040714197976 0.011706940901462563 0.0024212650463546845 -0.006393520921002642 0.0015101213027510403 -0.0043381481705845664 0.017934524371495186
leaf_weight=180054 318 987933 40834 381 3806 1024 14779 9811 335 2211 7102 894 1545 3950 8141 1545 2393 260 155 9306 739 835 120 162 5216 1454 1079 1945 1165 418
leaf_count=180054 318 987933 40834 381 3806 1024 14779 9811 335 2211 7102 894 1545 3950 8141 1545 2393 260 155 9306 739 835 120 162 5216 1454 1079 1945 1165 418
internal_value=0 -1.54731e-05 0.00067487 -0.000329388 0.00345987 0.00416695 0.00762678 0.0121019 -0.044215 -0.000163284 0.000339274 -0.00655101 0.00107328 -0.0164835 0.00916452 -0.00845096 -0.018682 0.00539147 -0.0303002 -0.000370529 0.0130328 -0.0254828 -0.0197449 -0.000821194 0.0183174 0.0108162 0.00412369 -0.00575342 0.0192997 0.00543847
internal_weight=0 1.28959e+06 301659 221711 79948 76142 35308 20529 836 220875 204765 16110 9114 6996 15243 5986 3442 2544 2548 189522 2284 4785 501 180216 10718 5502 4478 3024 3128 1583
internal_count=1289910 1289592 301659 221711 79948 76142 35308 20529 836 220875 204765 16110 9114 6996 15243 5986 3442 2544 2548 189522 2284 4785 501 180216 10718 5502 4478 3024 3128 1583
is_linear=0
shrinkage=0.1


Tree=109
num_leaves=31
num_cat=0
split_feature=141 5 4 4 13 89 6 2 2 1 20 3 2 20 20 20 94 4 129 2 127 123 2 3 3 20 20 2 6 137
split_gain=18.6539 28.9719 30.5844 28.5659 55.4122 31.1223 30.0112 27.6556 134.876 48.6663 61.8296 48.0313 43.8067 27.4866 42.7387 27.3405 25.387 24.5395 49.1745 76.3933 98.324 42.5406 115.86 128.824 69.4768 138.026 108.986 80.8794 75.358 70.995
threshold=0.84523809523809534 1.5000000000000002 1291.2650000000003 252162.26500000004 2786483.0000000005 99.662863999792336 11.833333333333334 54674.660000000003 39867.835000000006 30657.000000000004 1.5000000000000002 36191.790000000001 45709.80000000001 6.5000000000000009 14.500000000000002 14.500000000000002 0.04083333333333334 0.42500000000000004 0.07417582417582419 353301.6750000001 0.73863636363636376 547723.50000000012 194313.60000000006 253314.27000000005 20341.975000000002 1.0000000180025095e-35 1.5000000000000002 131240.95000000004 4.8333333333333348 400388.00000000006
decision_type=2 2 2 2 2 2 2 2 2 2 2 2 2 2 2 2 2 2 2 2 2 2 2 2 2 2 2 2 2 2
left_child=17 2 -2 4 5 6 13 8 15 -10 -11 12 -12 -3 -15 -8 -4 18 19 21 -21 24 -23 -24 29 28 27 -27 -26 -1
right_child=1 3 16 -5 -6 -7 7 -9 9 10 11 -13 -14 14 -16 -17 -18 -19 -20 20 -22 22 23 -25 25 26 -28 -29 -30 -31
leaf_value=-0.0017160770056877895 0.06700782065019624 0.0018600458658083248 -0.0030309524075615131 -0.032076017733649195 0.058220349411811624 0.037034560951643265 -0.008522512425425453 0.0023372895510103322 -0.054564818669284067 0.029189726558778696 -0.013130574201038534 -0.0025167146933683772 -0.024471208046187021 -0.0080088810886117506 0.0098452746480258493 0.066812980648115583 0.043162106443660503 0.00010971419658923065 0.0038377442255093431 -0.0025538706353641694 -0.0056710964313695751 0.0013325858352561163 -0.0077198475876056778 0.0017201402879522048 -0.048122701083425951 0.0047276276206896896 -0.0041774784899293246 0.016712542583837916 -0.012964445497588521 0.020326232340285702
leaf_weight=139591 11193 56727 4533 1875 1360 442 10523 5166 142 224 326 389 541 9773 5073 1104 113 983010 4781 942 469 7504 786 921 1875 2538 30627 548 2068 4746
leaf_count=139591 11193 56727 4533 1875 1360 442 10523 5166 142 224 326 389 541 9773 5073 1104 113 983010 4781 942 469 7504 786 921 1875 2538 30627 548 2068 4746
internal_value=0 0.0012441 0.00519957 0.000575216 0.000824813 0.0005235 0.000393483 -0.00320681 -0.00562668 -0.0326404 -0.027275 -0.0359067 -0.0490056 0.0013198 -0.00251088 -0.00185818 -0.00162099 -0.000120279 -0.00113776 -0.00138643 -0.0245693 -0.00121535 0.00541486 -0.0181 -0.00155091 -0.0053762 -0.00330569 0.0146062 -0.0230793 -0.000552937
internal_weight=0 109504 15839 93665 91790 90430 89988 18415 13249 1622 1480 1256 867 71573 14846 11627 4646 1.18041e+06 197396 192615 1411 191204 9211 1707 181993 37656 33713 3086 3943 144337
internal_count=1289910 109504 15839 93665 91790 90430 89988 18415 13249 1622 1480 1256 867 71573 14846 11627 4646 1180406 197396 192615 1411 191204 9211 1707 181993 37656 33713 3086 3943 144337
is_linear=0
shrinkage=0.1


Tree=110
num_leaves=31
num_cat=0
split_feature=13 13 6 2 3 1 20 4 4 127 64 64 63 3 3 3 2 62 64 2 123 6 123 20 123 1 4 4 4 64
split_gain=19.0016 90.0685 53.3578 99.4131 93.1822 77.0956 85.1051 104.236 72.8258 70.0375 49.8228 48.889 63.371 48.3731 51.8506 46.7421 95.927 47.8024 74.5276 67.3525 85.9775 79.6012 62.1428 49.8304 57.2206 79.5521 54.6442 175.815 77.6309 65.23
threshold=1212681.5000000002 542121.00000000012 5.166666666666667 40902.330000000009 23170.520000000004 824237.50000000012 1.0000000180025095e-35 0.42500000000000004 3.4150000000000005 0.73863636363636376 0.77471499111610298 0.18669497231610896 0.99611801242236042 109268.26000000002 107254.33500000002 45099.170000000006 59567.915000000008 2112600.0000000005 0.0013502650415288004 194313.60000000006 3808814.5000000005 1.7500000000000002 3808232.5000000005 2.5000000000000004 3321164.5000000005 3555488.5000000005 468.52500000000003 117.48500000000003 6332.3750000000009 0.75549354587501494
decision_type=2 2 2 2 2 2 2 2 2 2 2 2 2 2 2 2 2 2 2 2 2 2 2 2 2 2 2 2 2 2
left_child=1 -1 5 8 -5 -3 7 -7 -4 -8 11 -6 -13 14 -11 -2 -17 19 -19 21 22 -18 -21 26 -25 -26 27 -20 -28 -29
right_child=15 2 3 4 10 6 9 -9 -10 13 -12 12 -14 -15 -16 16 17 18 23 20 -22 -23 -24 24 25 -27 28 29 -30 -31
leaf_value=-0.00012934025502640001 -0.019081447097842364 0.0102443359411737 -0.008074514367622276 0.054118843352526327 0.0031338726245336078 -0.062997173652115115 0.0081514447049812148 0.0080581893032634529 -0.016097574124706804 -0.0029519911655662744 0.0049304516032188861 -0.0086312484929427745 -0.00088505720652220338 0.0035247913302663605 -0.01368307269961232 0.0039108056165597588 0.0018168626933115495 0.0066442220293338409 0.0023038993936495096 -0.0054987174426634382 -0.0097700394394001078 -0.00036057171625697367 0.018838503002322114 0.0011263638092006577 -0.01988035908611516 -0.0076463427198559366 0.025997895550544627 -0.048246128978065801 0.0020556236680612018 -0.013742553250005807
leaf_weight=1088239 2052 5361 6320 1299 16456 777 9159 739 1790 1089 14436 1350 8778 608 92 1502 653 7873 1719 27104 518 36327 179 18464 867 15803 2687 346 17025 298
leaf_count=1088239 2052 5361 6320 1299 16456 777 9159 739 1790 1089 14436 1350 8778 608 92 1502 653 7873 1719 27104 518 36327 179 18464 867 15803 2687 346 17025 298
internal_value=0 0.000123837 0.00364765 0.00198535 0.00392903 0.00835049 0.00403735 -0.0181685 -0.008157 0.00711225 0.00309399 0.000525791 -0.00494054 -0.0109852 -0.0227836 -0.00113653 -0.000902597 -0.00119321 0.000720933 -0.00311626 -0.00683509 -0.000320496 -0.00606882 -0.000534421 -0.0028738 -0.00712105 0.00318888 -0.0111811 0.0049115 -0.0557458
internal_weight=0 1.15649e+06 68254 50429 42319 17825 12464 1516 8110 10948 41020 26584 10128 1789 1181 133417 131365 129863 65082 64781 27801 36980 27283 57209 35134 16670 22075 2363 19712 644
internal_count=1289910 1156493 68254 50429 42319 17825 12464 1516 8110 10948 41020 26584 10128 1789 1181 133417 131365 129863 65082 64781 27801 36980 27283 57209 35134 16670 22075 2363 19712 644
is_linear=0
shrinkage=0.1


Tree=111
num_leaves=31
num_cat=0
split_feature=133 134 64 137 6 20 64 20 4 3 4 13 137 4 64 62 4 1 62 62 20 1 0 123 3 5 4 124 1 62
split_gain=18.486 22.6066 19.1296 62.802 74.2704 90.4149 73.5016 69.936 126.659 66.0784 125.166 77.3332 76.2759 120.426 84.2566 65.0817 64.721 70.0276 181.748 135.923 126.752 113.491 76.9175 69.1809 166.671 64.7606 62.4537 74.8991 62.827 59.8581
threshold=56.000000000000007 321828.00000000006 0.38791967935128963 508880.00000000006 10.16666666666667 2.5000000000000004 0.77471499111610298 1.5000000000000002 4603.5500000000011 52247.635000000002 1163.3850000000002 400017.00000000006 3569.5000000000005 10827.600000000002 4.6344770050518731 954145.00000000012 4103.5100000000011 1329821.5000000002 1329962.0000000002 1876864.0000000002 7.5000000000000009 36294016.500000007 6333383.5000000009 1979316.0000000002 86203.35500000001 3.0000000000000004 9053.1400000000012 9.5000000000000018 93166.000000000015 1500159.0000000002
decision_type=2 2 2 2 2 2 2 2 2 2 2 2 2 2 2 2 2 2 2 2 2 2 2 2 2 2 2 2 2 2
left_child=2 -2 -1 4 16 9 -5 15 -9 10 -6 12 -12 -14 -15 -8 17 18 -4 20 21 -19 23 -21 -25 -22 28 29 -18 -28
right_child=1 -3 3 6 5 -7 7 8 -10 -11 11 -13 13 14 -16 -17 26 19 -20 22 25 -23 -24 24 -26 -27 27 -29 -30 -31
leaf_value=0.00036252473306399582 0.000290937142954828 -0.016532353254900246 0.00043638627969531664 -0.002568214310760836 -0.0014584887415957761 -0.0012140372394732646 0.04501953379041948 -0.070458171651050824 0.006492783530050868 -0.0034454004678359513 -0.0089384627316663971 -0.017793389008923684 -0.013947041331618077 -0.03132102943204184 0.0087074355439371413 0.011372780934754823 0.0042760361899976005 0.0064271063574595768 -0.0077977767521115919 2.3649127429636874e-05 -0.03929279181438388 -0.026644396508033543 0.0084534391146617142 -0.012693514700303762 -0.0011120847611457991 0.0043221758606752517 -0.00011465971643667007 0.01137764486958155 -0.0075969302053191523 -0.0070170729084128346
leaf_weight=1028755 11019 9521 65621 8809 3194 28702 2400 1126 10862 14161 2188 338 1903 688 66 3037 2740 5452 590 7809 357 422 3026 440 1172 542 47631 3781 7494 16064
leaf_count=1028755 11019 9521 65621 8809 3194 28702 2400 1126 10862 14161 2188 338 1903 688 66 3037 2740 5452 590 7809 357 422 3026 440 1172 542 47631 3781 7494 16064
internal_value=0 -0.0029791 4.50691e-05 -0.000757632 -0.00132278 -0.00464396 0.00386071 0.00762422 0.00335774 -0.00938435 -0.0164244 -0.0260201 -0.0227938 -0.0341799 -0.0680018 0.0170314 -0.000279655 0.00161999 7.74392e-05 0.00693391 0.0183341 0.0236859 0.00073054 -0.00372465 -0.0225854 -0.0166342 -0.00236804 -0.00126399 -0.00964739 -0.00207572
internal_weight=0 20540 1.26937e+06 240615 214381 51240 26234 17425 11988 22538 8377 5183 4845 2657 754 5437 163141 85431 66211 19220 6773 5874 12447 9421 1612 899 77710 67476 10234 63695
internal_count=1289910 20540 1269370 240615 214381 51240 26234 17425 11988 22538 8377 5183 4845 2657 754 5437 163141 85431 66211 19220 6773 5874 12447 9421 1612 899 77710 67476 10234 63695
is_linear=0
shrinkage=0.1


Tree=112
num_leaves=31
num_cat=0
split_feature=99 18 20 64 2 3 2 16 6 2 13 2 64 0 20 20 20 5 13 141 138 6 20 5 13 2 6 20 13 94
split_gain=17.9624 17.7324 20.4623 25.023 25.9838 24.6787 28.9105 23.7666 19.9323 18.5034 78.1745 42.9931 75.8829 60.6943 34.957 34.5714 69.351 61.8595 39.2974 48.9962 30.0309 26.325 25.1965 23.4906 29.7213 21.6988 25.2886 20.2069 19.1406 18.0161
threshold=1.0000000180025095e-35 1.5000000000000002 4.5000000000000009 2.0001060112371915e-05 106.17500000000001 332531.65000000008 27169.800000000003 1.0000000180025095e-35 4.166666666666667 1.4600000000000002 3.5000000000000004 3.9650000000000003 0.99999947370637032 113.50000000000001 6.5000000000000009 9.5000000000000018 6.5000000000000009 1.0000000180025095e-35 23.500000000000004 0.5634920634920636 8.5000000000000018 7.8333333333333348 7.5000000000000009 1.0000000180025095e-35 1.5000000000000002 1.2550000000000001 7.8333333333333348 5.5000000000000009 8.5000000000000018 1557.5000000000002
decision_type=2 2 2 2 2 2 2 2 2 2 2 2 2 2 2 2 2 2 2 2 2 2 2 2 2 2 2 2 2 2
left_child=1 9 3 4 -3 6 -6 -8 -4 10 14 12 13 20 23 16 17 -12 19 -19 21 22 -11 24 -1 -20 -27 -25 -17 -13
right_child=-2 2 8 -5 5 -7 7 -9 -10 11 15 29 -14 -15 -16 28 -18 18 25 -21 -22 -23 -24 27 -26 26 -28 -29 -30 -31
leaf_value=0.88481752740813246 0.027539974864294953 0.031245023528971252 0.0038828939813351491 -0.00073625123635515436 -0.019314333968631581 0.0038554513402552348 -0.025971974012239631 -0.016592088627464131 -0.006319775852864017 0.027222838406432893 -0.054429138048795817 8.4720668945403873e-05 -0.14400269070467489 0.075549030300470166 -0.01295145651283168 0.0036868331704529608 -0.015925808449948346 0.0042299960941151408 -0.087369650310624367 -0.004293058526162863 0.074659736857954115 -0.022473787085517574 -0.0025494061565979626 0.089266363723492156 -0.10801493000476568 -0.007265223272328503 -0.034938229189149551 0.068596394408878797 -0.023531605655709661 -0.0035346855284725861
leaf_weight=2081 231 333 3715 2784 1888 299 442 803 3892 9062 327 1198961 643 941 2501 4917 1853 4553 561 2640 1989 1126 3726 1527 51 2289 283 941 344 34207
leaf_count=2081 231 333 3715 2784 1888 299 442 803 3892 9062 327 1198961 643 941 2501 4917 1853 4553 561 2640 1989 1126 3726 1527 51 2289 283 941 344 34207
internal_value=0 -1.68418e-05 -0.00353664 -0.00763421 -0.0129496 -0.0155373 -0.018157 -0.0299864 -8.96363e-06 2.22216e-05 -0.00267881 7.59289e-05 0.00499954 0.0062866 0.00618988 -0.00622339 -0.00908445 -0.00597868 -0.00462264 -0.000551262 0.00482642 0.00318342 0.00447413 0.0113634 0.00367479 -0.01397 -0.0100833 0.0180052 0.000577666 6.10938e-06
internal_weight=0 1.28968e+06 14156 6549 3765 3432 3133 1245 7607 1.27552e+06 24868 1.25066e+06 17487 16844 7101 17767 12506 10653 10326 7193 15903 13914 12788 4600 2132 3133 2572 2468 5261 1.23317e+06
internal_count=1289910 1289679 14156 6549 3765 3432 3133 1245 7607 1275523 24868 1250655 17487 16844 7101 17767 12506 10653 10326 7193 15903 13914 12788 4600 2132 3133 2572 2468 5261 1233168
is_linear=0
shrinkage=0.1


Tree=113
num_leaves=31
num_cat=0
split_feature=13 13 123 13 20 20 2 4 3 2 3 5 20 3 20 6 6 1 2 123 3 4 3 4 4 64 62 0 3 3
split_gain=18.3267 72.305 52.4042 72.2959 55.5531 52.9222 52.8226 51.8437 53.8759 44.6699 86.1247 60.5924 82.8714 104.979 52.4836 52.1721 47.0456 44.8409 43.7099 42.3752 62.2134 98.3652 68.9501 64.4531 62.5701 64.1155 42.2482 90.5591 43.2174 41.7607
threshold=1212681.5000000002 542121.00000000012 1179146.0000000002 1160414.5000000002 2.5000000000000004 5.5000000000000009 13279.115000000002 561170.57000000018 60466.030000000006 40902.330000000009 23170.520000000004 3.0000000000000004 1.0000000180025095e-35 20341.975000000002 20.500000000000004 6.8333333333333348 7.8333333333333348 653737.50000000012 96199.780000000013 355403.00000000006 14746.810000000001 10093.620000000001 87804.735000000001 78093.440000000017 0.8650000000000001 0.015625216096996169 1676234.5000000002 1260225.5000000002 143161.52000000005 45099.170000000006
decision_type=2 2 2 2 2 2 2 2 2 2 2 2 2 2 2 2 2 2 2 2 2 2 2 2 2 2 2 2 2 2
left_child=1 19 3 6 -5 7 -3 8 -6 11 -11 12 13 -8 -13 -14 -15 -12 -4 26 -21 22 24 -23 -22 -26 -1 28 -28 -2
right_child=29 2 18 4 5 -7 9 -9 -10 10 17 14 15 16 -16 -17 -18 -19 -20 20 21 23 -24 -25 25 -27 27 -29 -30 -31
leaf_value=0.00013569009621433592 -0.017178745424713093 0.051377084698826937 -0.0141469582699588 -0.0063921283245283777 0.030079497496190034 -0.007958084182185755 0.11229307970571718 -0.017814131601066107 0.027312036287743625 0.045938042441773019 0.0052887483941960536 -0.0085389337819643234 0.019910384611549259 -0.080784692294160423 -0.060352424222017226 -0.0080344318927376927 -0.037265753574401837 0.0011050724626387564 -0.0033788728844744522 0.002351581887844656 -0.012025227623942848 0.0024178455640968266 0.0024282901736431138 -0.015412484781492933 0.014893597448436768 -0.0075655695109398072 -0.0078342938435026124 -0.00087376576082808595 -0.014893425727821664 -0.0005549442222330226
leaf_weight=1050629 2052 908 257 490 1074 484 297 70 1282 1299 7838 1884 5380 912 244 5048 646 39079 1062 5138 1565 7519 1491 1985 1132 6594 439 11428 319 131365
leaf_count=1050629 2052 908 257 490 1074 484 297 70 1282 1299 7838 1884 5380 912 244 5048 646 39079 1062 5138 1565 7519 1491 1985 1132 6594 439 11428 319 131365
internal_value=0 0.000117247 0.00327451 0.00366348 0.0178703 0.0231156 0.00290322 0.0291391 0.0316589 0.00255603 0.00401611 -0.00232909 0.000369859 -0.0191052 -0.0179077 0.00383421 -0.0294918 0.00331287 -0.0164644 -8.07755e-05 -0.00411538 -0.00660491 -0.0131426 0.000811928 -0.0163461 -0.0126527 1.57377e-05 -0.00583849 -0.0393108 -0.00112054
internal_weight=0 1.15649e+06 68254 66935 3400 2910 63535 2426 2356 62627 48216 14411 12283 1855 2128 10428 1558 46917 1319 1.08824e+06 25424 20286 10782 9504 9291 7726 1.06282e+06 12186 758 133417
internal_count=1289910 1156493 68254 66935 3400 2910 63535 2426 2356 62627 48216 14411 12283 1855 2128 10428 1558 46917 1319 1088239 25424 20286 10782 9504 9291 7726 1062815 12186 758 133417
is_linear=0
shrinkage=0.1


Tree=114
num_leaves=31
num_cat=0
split_feature=26 3 6 6 20 64 63 92 2 124 3 4 1 20 87 64 4 4 64 124 124 123 64 6 64 6 6 20 20 4
split_gain=17.2706 25.1566 18.6698 30.7155 35.6419 56.2785 39.4871 39.8137 34.2318 33.1065 81.5759 57.3995 75.4505 65.3481 39.7786 48.1184 49.478 83.8529 38.8574 38.6485 82.3082 122.616 214.96 164.841 102.736 77.4027 71.0129 68.3452 62.3408 54.8063
threshold=2.5000000000000004 28927.465000000004 35.583333333333336 24.750000000000004 5.5000000000000009 108.31904017857144 4.5423817789550123 70.295454545454561 340235.22500000003 14.500000000000002 8822.3600000000024 18780.910000000003 2075075.5000000002 6.5000000000000009 1.0000000180025095e-35 8.5114899306426018e-06 21941.185000000001 40980.81500000001 0.06586021513127796 11.500000000000002 10.500000000000002 36674.000000000007 0.0016020711391414569 16.166666666666668 0.00070885770733248373 8.5833333333333339 14.833333333333334 17.500000000000004 1.5000000000000002 6332.3750000000009
decision_type=2 2 2 2 2 2 2 2 2 2 2 2 2 2 2 2 2 2 2 2 2 2 2 2 2 2 2 2 2 2
left_child=2 -2 3 9 5 6 7 -5 -6 19 -11 -12 13 14 15 -13 -17 18 -18 20 -1 -22 23 -23 -25 -24 29 28 -21 -27
right_child=1 -3 -4 4 8 -7 -8 -9 -10 10 11 12 -14 -15 -16 16 17 -19 -20 27 21 22 25 24 -26 26 -28 -29 -30 -31
leaf_value=4.3126673958349131e-05 0.26962384222533714 0.0040408634127308222 -0.0027200418054030176 0.0034253906605389074 0.050275480295173508 0.033726141760148445 -0.011529655015652004 -0.045261536983700251 0.0012225280486363212 0.074847987922481138 -0.0019414406022364144 -0.073690599379555993 0.0010721682786221016 0.00072855492041456007 0.048781711815819008 -0.030801854430192621 0.020251124790179986 -0.017807482509834181 -0.010301198804267796 -0.0014726142692866265 0.012559706210760392 -0.025188495049142331 0.0037468653713672584 0.019582685690358995 -0.037999628948275889 -0.017084611703175767 0.014322427424933216 -0.011255418163222168 0.0062531007510354857 -0.0046237453421970462
leaf_weight=968176 9205 18420 147256 64842 5189 281 331 844 3981 1397 18983 439 2174 862 130 448 233 1154 143 7834 3749 2503 3887 999 348 1610 1559 1387 20157 1389
leaf_count=968176 9205 18420 147256 64842 5189 281 331 844 3981 1397 18983 439 2174 862 130 448 233 1154 143 7834 3749 2503 3887 999 348 1610 1559 1387 20157 1389
internal_value=0 0.00246536 -6.22165e-05 7.75438e-05 0.0020255 0.00121727 0.00102719 0.0012008 0.00786888 -6.38701e-05 -0.00358991 -0.00492661 -0.0138398 -0.0231234 -0.0311779 -0.0340762 -0.0274291 -0.0188708 0.0221423 2.64483e-05 -8.02354e-05 -0.00718412 -0.0120115 -0.0315947 -0.00338823 -0.00308367 -0.0119246 0.00360056 0.00467423 -0.0209241
internal_weight=0 27625 1.26228e+06 1.11503e+06 75468 66298 66017 65686 9170 1.03956e+06 25963 24566 5583 3409 2547 2417 1978 1530 376 1.0136e+06 984220 16044 12295 3850 1347 8445 4558 29378 27991 2999
internal_count=1289910 27625 1262285 1115029 75468 66298 66017 65686 9170 1039561 25963 24566 5583 3409 2547 2417 1978 1530 376 1013598 984220 16044 12295 3850 1347 8445 4558 29378 27991 2999
is_linear=0
shrinkage=0.1


Tree=115
num_leaves=31
num_cat=0
split_feature=106 88 4 3 90 90 118 3 17 129 123 123 6 4 20 2 3 2 3 3 6 1 0 20 2 13 1 126 95 3
split_gain=16.9657 18.7201 23.8113 24.8321 23.0195 27.7605 18.3128 40.162 18.8872 65.2561 45.11 34.6828 33.3755 27.5247 27.1852 26.8316 20.8882 78.3381 24.6806 38.1007 30.8065 22.4638 30.5031 27.9405 21.2093 20.5875 19.8757 21.5866 19.6676 38.8311
threshold=6.5000000000000009 1152641.0000000002 1451.1250000000002 362719.47500000003 218.81223788989857 41.078070595865093 0.51923076923076927 40717.015000000007 3.5000000000000004 0.07417582417582419 1002168.0000000001 547723.50000000012 7.8333333333333348 992.95000000000016 6.5000000000000009 111618.67000000003 353304.05000000005 361825.27000000008 175269.96500000003 185290.94000000003 7.416666666666667 494.50000000000006 556.50000000000011 3.5000000000000004 105794.34500000002 3802464.5000000005 1979253.0000000002 0.080128205128205135 1.0000000180025095e-35 130072.67500000002
decision_type=2 2 2 2 2 2 2 2 2 2 2 2 2 2 2 2 2 2 2 2 2 2 2 2 2 2 2 2 2 2
left_child=1 6 4 -4 5 -3 8 -8 28 10 11 14 15 26 16 -12 18 -18 21 -20 -21 24 23 -23 -10 -17 27 -11 -1 -30
right_child=-2 2 3 -5 -6 -7 7 -9 9 13 12 -13 -14 -15 -16 25 17 -19 19 20 -22 22 -24 -25 -26 -27 -28 -29 29 -31
leaf_value=4.0184743986149131e-06 0.031775828960342804 -0.015658065979954061 0.03004553871033816 -0.0091771444673059543 -0.029276127099909389 0.013261250752678921 0.03141880276469422 -0.0028895661654565574 0.0016051978239927324 0.0083989927946020448 -0.010806091528497597 0.0042363043403203186 -0.00098649176740149796 -0.0015545143763614285 0.0016477856531903813 -0.0015268190108580293 -0.0038392032779188123 0.00019525761321569286 0.016773264012181443 0.0062791904714363314 -0.003977565205590076 0.0015039016967154152 -0.0070912315959386525 -0.027705269729687385 -0.011173745576316242 -0.0046493739370448107 -0.0037208978761478096 0.001296332878170151 0.025926135994343624 -0.0030549232228113633
leaf_weight=1255392 2896 1341 262 2040 371 128 1727 1990 1649 2116 156 407 236 2722 2875 129 171 295 113 226 587 40 5414 86 214 72 296 1265 2767 1927
leaf_count=1255392 2896 1341 262 2040 371 128 1727 1990 1649 2116 156 407 236 2722 2875 129 171 295 113 226 587 40 5414 86 214 72 296 1265 2767 1927
internal_value=0 -1.9985e-05 -0.00673195 4.66914e-05 -0.0152126 -0.00959159 1.68585e-06 0.0070106 -1.86808e-05 -0.0031423 -0.00729963 -0.00597744 -0.0342274 0.0050892 -0.00697822 -0.0535164 -0.00973773 -0.030341 -0.00858499 0.00680647 -0.000755849 -0.0105102 -0.0137046 -0.0623444 -0.00101103 -0.0293643 0.0107321 0.0129075 2.85892e-05 0.0064895
internal_weight=0 1.28701e+06 4142 2302 1840 1469 1.28287e+06 3717 1.27916e+06 19069 12670 12077 593 6399 11670 357 8795 466 8329 926 813 7403 5540 126 1863 201 3677 3381 1.26009e+06 4694
internal_count=1289910 1287014 4142 2302 1840 1469 1282872 3717 1279155 19069 12670 12077 593 6399 11670 357 8795 466 8329 926 813 7403 5540 126 1863 201 3677 3381 1260086 4694
is_linear=0
shrinkage=0.1


Tree=116
num_leaves=31
num_cat=0
split_feature=146 146 26 6 3 62 3 1 0 64 62 5 2 137 0 2 138 20 127 137 62 64 2 4 62 4 1 105 4 64
split_gain=16.8385 25.5447 16.9424 16.8234 76.4735 161.439 83.929 83.3623 70.0576 63.993 61.799 110.76 106.438 101.157 93.8971 59.7303 57.9281 56.743 58.3126 54.1061 61.3167 53.2357 48.2614 50.1342 50.6171 61.4923 53.4008 44.9462 42.9874 45.6111
threshold=2763683.5000000005 892994.50000000012 75969.500000000015 5.416666666666667 121500.34500000002 2112600.0000000005 662773.1050000001 150495.50000000003 4570324.0000000009 1.5728546287735332 221757.50000000003 3.0000000000000004 49158.920000000006 789010.00000000012 2974145.0000000005 163411.13500000004 4.5000000000000009 23.500000000000004 0.60555555555555574 3.5000000000000004 141530.00000000003 0.00031297569694912309 173203.61500000002 40980.81500000001 1087234.0000000002 14135.515000000001 1252411.0000000002 577561.00000000012 87683.285000000018 9.8326387716063431e-05
decision_type=2 2 2 2 2 2 2 2 2 2 2 2 2 2 2 2 2 2 2 2 2 2 2 2 2 2 2 2 2 2
left_child=1 2 3 4 5 10 7 -6 15 28 11 16 -13 14 22 -7 17 27 -19 -14 -21 -8 23 24 -12 26 -26 -1 -9 -30
right_child=-2 -3 -4 -5 6 8 21 9 -10 -11 13 12 19 -15 -16 -17 -18 18 -20 20 -22 -23 -24 -25 25 -27 -28 -29 29 -31
leaf_value=-0.00079574985728816385 -0.016206263846071108 0.038666930047519192 0.085452077220243977 -0.00038167803715704056 0.0010117655207625309 -0.010312423128639607 0.0035927971157809768 0.0043923644599813119 -0.0092881691583655262 0.0017356958485740235 -0.0015852667408429279 0.021772081101467534 -0.0028075178097704784 0.0090688356406296682 0.0029662353614805913 0.0025748229527621552 0.034340852480668427 -0.022560458173737249 0.018323549511040427 0.013863830329292793 -0.0076815068579481841 -0.013314230667172345 0.011296451312466128 -0.010053074853630462 -0.0099818153381245334 0.025519611391284582 -0.0018562700165575268 0.015511411500849915 0.023280654276434987 0.0024968897072971887
leaf_weight=178332 123 2043 12701 975011 32307 243 6773 11725 335 12972 9214 6926 6200 710 2138 258 9306 1236 161 1679 438 6490 274 1040 472 89 2173 158 1171 7212
leaf_count=178332 123 2043 12701 975011 32307 243 6773 11725 335 12972 9214 6926 6200 710 2138 258 9306 1236 161 1679 438 6490 274 1040 472 89 2173 158 1171 7212
internal_value=0 -3.22072e-06 -2.09467e-05 -5.71484e-05 0.000597662 -0.000353927 0.00327617 0.00474741 -0.044215 0.00827602 -0.000187668 0.000282237 0.00848256 -0.00615077 -0.00785222 -0.0205433 -0.000378451 -0.000776442 -0.0208519 0.000857015 0.0146601 -0.00397706 -0.0109874 -0.0118636 -0.0100306 -0.0219794 -0.0247305 -0.000619316 0.0118087 0.00634051
internal_weight=0 1.28979e+06 1.28774e+06 1.27504e+06 300032 221382 78650 65387 836 33080 220546 204436 15243 16110 15400 501 189193 179887 1397 8317 2117 13263 13262 12988 11948 2734 2645 178490 20108 8383
internal_count=1289910 1289787 1287744 1275043 300032 221382 78650 65387 836 33080 220546 204436 15243 16110 15400 501 189193 179887 1397 8317 2117 13263 13262 12988 11948 2734 2645 178490 20108 8383
is_linear=0
shrinkage=0.1


Tree=117
num_leaves=31
num_cat=0
split_feature=128 13 20 4 3 13 2 1 2 128 20 20 20 90 52 4 64 3 20 0 4 3 6 20 6 92 53 20 124 2
split_gain=16.3143 29.1233 27.6415 29.131 25.943 27.8329 18.4159 23.4638 21.2065 30.0062 21.124 17.2269 96.7223 42.0189 37.1866 84.0332 37.7827 37.0485 31.9013 95.4016 95.6877 60.4015 45.9833 41.7425 80.3184 79.3433 45.4963 56.0906 45.3567 69.8059
threshold=0.17424242424242428 3071.5000000000005 6.5000000000000009 1.135 104790.55 1.5000000000000002 23076.905000000002 97981.000000000015 161284.24000000002 0.35416666666666669 1.5000000000000002 17.500000000000004 16.500000000000004 1.3635748270532584 0.99986552919934857 17749.415000000005 125.30814102564104 11730.050000000001 14.500000000000002 901343.50000000012 22726.115000000002 11.695000000000002 5.166666666666667 5.5000000000000009 20.833333333333339 58.721014492753632 7.1414821589182176e-06 6.5000000000000009 12.500000000000002 340235.22500000003
decision_type=2 2 2 2 2 2 2 2 2 2 2 2 2 2 2 2 2 2 2 2 2 2 2 2 2 2 2 2 2 2
left_child=11 4 3 6 -2 -6 7 -3 10 -10 -8 12 18 14 16 -16 -13 -14 23 21 -21 -20 -23 -1 25 26 28 -28 -25 -30
right_child=1 2 -4 -5 5 -7 8 -9 9 -11 -12 13 17 -15 15 -17 -18 -19 19 20 -22 22 -24 24 -26 -27 27 -29 29 -31
leaf_value=0.00023116282216806717 0.012467548695515564 0.0075673890125683048 0.0018801344662557617 -0.0050435951747826342 -0.036865697974576797 -0.0028436238527718496 -0.010527815003590013 -0.016761818493232061 0.0051735724827743747 -0.018234100295155264 -0.037781720326300956 -0.0007059235533807979 0.093243662690576781 -0.060487147143239599 -0.032041132684719642 0.0049751654156893746 -0.043634780037091939 -0.0028045860453404627 -0.0071929980107976665 -0.010776991557872543 0.0066144985321602845 0.012680498938594787 0.013725185982170585 -0.0013869351354433169 0.01577321173627284 -0.039429778202149365 -0.055626475720271934 0.03225742566778738 0.001395319931169875 -0.021831068684565264
leaf_weight=1032829 1715 306 1569 2831 89 732 137 202 163 95 458 59591 5976 441 2199 1533 507 1630 1650 4905 7992 3729 9522 123771 10706 7463 327 2508 2045 2289
leaf_count=1032829 1715 306 1569 2831 89 732 137 202 163 95 458 59591 5976 441 2199 1533 507 1630 1650 4905 7992 3729 9522 123771 10706 7463 327 2508 2045 2289
internal_value=0 -0.00442621 -0.00835705 -0.0125948 0.00450343 -0.0101148 -0.0246176 -0.00954428 -0.0335945 -0.00964986 -0.0439772 2.24063e-05 0.000106648 -0.00157319 -0.00136066 -0.0110466 -0.000759181 0.0113481 3.59689e-05 0.00338446 -0.00291255 0.0088346 0.0110812 -4.27843e-05 -0.00160685 -0.00225235 -0.00168073 0.0108495 -0.00195803 -0.0120135
internal_weight=0 8297 5761 4192 2536 821 1361 508 853 258 595 1.28161e+06 1.21734e+06 64271 63830 3732 60098 7606 1.20974e+06 27798 12897 14901 13251 1.18194e+06 149109 138403 130940 2835 128105 4334
internal_count=1289910 8297 5761 4192 2536 821 1361 508 853 258 595 1281613 1217342 64271 63830 3732 60098 7606 1209736 27798 12897 14901 13251 1181938 149109 138403 130940 2835 128105 4334
is_linear=0
shrinkage=0.1


Tree=118
num_leaves=31
num_cat=0
split_feature=29 64 137 4 137 20 5 4 64 138 4 124 6 138 0 2 63 4 138 6 3 4 3 2 0 13 13 123 3 5
split_gain=16.0655 16.4903 52.1813 64.7317 78.9577 74.7166 86.7091 119.071 77.3911 71.0218 87.6151 96.4024 67.4643 70.2473 64.6348 62.5955 61.9309 109.198 62.0951 68.8473 59.719 59.0692 123.095 216.308 179.504 74.776 61.8462 98.0242 57.8179 55.0022
threshold=175534.50000000003 0.30000014070911768 716695.00000000012 4103.5100000000011 19817.500000000004 1.5000000000000002 3.0000000000000004 207.38000000000002 9.2929330636898566 8.5000000000000018 9053.1400000000012 9.5000000000000018 12.41666666666667 7.5000000000000009 260050.50000000003 19917.145000000004 0.99611801242236042 26206.980000000003 5.5000000000000009 6.416666666666667 408474.73000000004 249.90000000000001 64371.520000000011 173203.61500000002 4167622.5000000005 44.500000000000007 27.500000000000004 199613.00000000003 49943.455000000009 1.5000000000000002
decision_type=2 2 2 2 2 2 2 2 2 2 2 2 2 2 2 2 2 2 2 2 2 2 2 2 2 2 2 2 2 2
left_child=1 -1 3 4 21 15 8 -8 -7 10 11 -5 -12 -14 -13 -6 17 -4 -19 -20 -11 22 26 24 25 -24 -3 -28 -29 -18
right_child=-2 2 16 9 5 6 7 -9 -10 20 12 14 13 -15 -16 -17 29 18 19 -21 -22 -23 23 -25 -26 -27 27 28 -30 -31
leaf_value=0.00024964548041157554 0.022657392658981021 -0.006936273561398614 -0.022978418144604922 -0.0053384008640112749 -0.11403191004108333 0.048549198867351873 -0.04865920738998733 -0.0064403372169284379 -0.024539207818261913 0.0032775389787145651 -0.00097446541568524392 -0.0058748350264842489 -0.0073246396169672021 -0.017527725829034998 -0.012228449970080124 0.017713356043726765 -0.020616372291482478 0.0049662089978184491 -0.05202050784889143 -0.0023023151084821114 0.032023791359775601 0.0032994456870372338 -0.0081189600797341409 -0.00044977298850560986 -0.011419827031698766 -0.0027070233021075888 0.0062527860203177273 -0.0051314405427434822 0.001481982978958859 0.006517294550060314
leaf_weight=1035607 1610 2720 157 10239 156 3840 1312 12472 847 7779 76225 1022 7906 704 1641 2104 1761 1571 625 1137 874 49236 1101 17556 415 3818 13833 5592 5708 20342
leaf_count=1035607 1610 2720 157 10239 156 3840 1312 12472 847 7779 76225 1022 7906 704 1641 2104 1761 1571 625 1137 874 49236 1101 17556 415 3818 13833 5592 5708 20342
internal_value=0 -1.68953e-05 -0.000741176 -0.00122358 0.000361415 -0.00525514 -0.00735508 -0.0113504 0.00439463 -0.00302192 -0.00379069 -0.0114682 -0.00262308 -0.0110137 -0.0284178 0.0119077 0.00353947 -0.00884011 -0.00500103 -0.0178894 0.00566151 0.00152603 -0.000868277 -0.00630134 -0.0239373 -0.0186089 0.00359669 0.00514688 -0.00176289 0.00549417
internal_weight=0 1.2883e+06 252693 227100 120710 20731 18471 13784 4687 106390 97737 12902 84835 8610 2663 2260 25593 3490 3333 1762 8653 99979 50743 22890 5334 4919 27853 25133 11300 22103
internal_count=1289910 1288300 252693 227100 120710 20731 18471 13784 4687 106390 97737 12902 84835 8610 2663 2260 25593 3490 3333 1762 8653 99979 50743 22890 5334 4919 27853 25133 11300 22103
is_linear=0
shrinkage=0.1


Tree=119
num_leaves=31
num_cat=0
split_feature=13 137 137 62 6 62 4 64 1 3 1 62 4 4 0 4 0 62 63 124 2 137 20 5 62 6 3 0 20 3
split_gain=15.7384 56.7975 114.545 49.5813 51.3091 46.3627 43.6428 46.5182 38.3263 183.198 136.478 102.386 94.7873 83.3633 80.2011 76.5041 68.2007 63.6763 70.8836 60.7828 121.726 59.2939 57.6897 57.474 57.2402 56.9279 56.2531 56.2421 95.6974 53.7132
threshold=1212681.5000000002 901391.00000000012 955577.50000000012 1106848.5000000002 4.8333333333333348 3321164.5000000005 49356.885000000009 1.0003983371729721 529440.50000000012 87804.735000000001 900095.50000000012 623301.00000000012 6714.3600000000015 61870.670000000006 399208.00000000006 2235.4400000000005 27692978.500000004 1087234.0000000002 22.724187327823696 3.5000000000000004 14509.325000000003 391876.50000000006 1.5000000000000002 1.0000000180025095e-35 364602.50000000006 4.166666666666667 118785.82000000002 1294999.0000000002 2.5000000000000004 23766.845000000005
decision_type=2 2 2 2 2 2 2 2 2 2 2 2 2 2 2 2 2 2 2 2 2 2 2 2 2 2 2 2 2 2
left_child=1 5 -3 4 -4 8 7 -5 11 10 17 14 15 16 19 27 -11 18 25 21 -21 -1 -23 -15 -14 -10 -13 28 -12 -27
right_child=-2 2 3 6 -6 -7 -8 -9 9 13 12 26 24 23 -16 -17 -18 -19 -20 20 -22 22 -24 -25 -26 29 -28 -29 -30 -31
leaf_value=-0.00029185946254632887 -0.00064514596698437296 0.041125426493702523 0.0077284977090097927 0.020517160697620041 -0.0068238042701240509 -0.004281166358733492 -0.020190599329342404 0.10849585588351425 0.0063232361661252293 0.0065424803969226708 -0.0081864408066384467 -0.026053405469985819 -0.0078345037266339262 0.01467286241723721 -0.0018030560481097858 -0.021755692955057422 -0.0074807486702356931 -0.0059704400686722819 0.0058971687812537175 0.0266936305084585 0.0011633541704198249 -0.014490928238406187 0.067733886423400766 0.00055237123499847778 0.010497466697605084 -0.013467986625524701 -0.013596240678167512 -0.00054393642426803777 0.00057901818820196296 8.6707588933743199e-05
leaf_weight=899558 133417 2375 1656 1988 4802 6273 505 208 8488 28231 4154 363 2035 1776 52806 2258 3737 270 1229 6580 63568 226 3265 26853 1831 3225 750 6564 2009 18910
leaf_count=899558 133417 2375 1656 1988 4802 6273 505 208 8488 28231 4154 363 2035 1776 52806 2258 3737 270 1229 6580 63568 226 3265 26853 1831 3225 750 6564 2009 18910
internal_value=0 0.000110668 0.00709296 0.00201831 -0.00273995 4.03302e-05 0.0133951 0.0194908 8.7561e-05 0.00184784 -0.00257032 -0.000103649 -0.00932486 0.00556432 -7.0765e-05 -0.0129266 0.00907432 0.00139362 0.00180354 0.000135183 0.00297074 -8.50804e-05 0.0129223 0.00164495 0.00463578 0.000858491 -0.0304173 -0.00991696 -0.0167775 -0.00181145
internal_weight=0 1.15649e+06 11534 9159 6458 1.14496e+06 2701 2196 1.13869e+06 111570 50973 1.02712e+06 18851 60597 1.026e+06 14985 31968 32122 31852 973197 70148 903049 3491 28629 3866 30623 1113 12727 6163 22135
internal_count=1289910 1156493 11534 9159 6458 1144959 2701 2196 1138686 111570 50973 1027116 18851 60597 1026003 14985 31968 32122 31852 973197 70148 903049 3491 28629 3866 30623 1113 12727 6163 22135
is_linear=0
shrinkage=0.1


Tree=120
num_leaves=31
num_cat=0
split_feature=17 16 3 2 127 127 2 3 2 20 0 100 4 52 0 2 124 3 4 138 6 1 134 2 134 1 64 6 64 134
split_gain=15.8876 48.0222 46.9057 78.8238 25.7999 25.2968 24.7637 40.9662 121.058 27.546 24.1398 21.5849 21.4967 18.8656 18.5761 23.4385 22.1869 17.4533 55.4308 41.379 66.4244 38.644 35.6531 41.4055 53.6108 42.9289 35.5975 34.1069 33.905 30.9445
threshold=3.5000000000000004 1.0000000180025095e-35 353304.05000000005 369074.04500000004 0.56696428571428581 0.81666666666666676 264673.32500000001 107254.33500000002 109644.18000000001 2.5000000000000004 211988.00000000003 0.77500000000000013 1.135 0.99986552919934857 199732.50000000003 166655.91000000003 4.5000000000000009 486877.74000000005 0.8450000000000002 4.5000000000000009 21.583333333333339 3811228.0000000005 17342529.000000004 594975.59500000009 7099636.0000000009 5645909.0000000009 7.8941831928503143 6.416666666666667 1.0498794742118116 7474370.5000000009
decision_type=2 2 2 2 2 2 2 2 2 2 2 2 2 2 2 2 2 2 2 2 2 2 2 2 2 2 2 2 2 2
left_child=17 2 5 -4 -3 6 7 9 -9 -2 -11 14 -6 -5 16 -16 -10 22 -19 -20 21 27 23 24 -1 28 -27 -21 -25 -26
right_child=1 4 3 13 12 -7 -8 8 11 10 -12 -13 -14 -15 15 -17 -18 18 19 20 -22 -23 -24 25 29 26 -28 -29 -30 -31
leaf_value=0.00015413983284205592 -0.004944120132603088 -0.0017869620612255427 -0.0039909218682024185 0.00029257052023543315 0.0060710926627044852 0.0018949361857842463 0.0028122921754633987 -0.019338222392144513 0.00020690454207912567 0.0042361617260404218 -0.0073179544119194697 -0.066072782000362609 0.0010668178300159759 -0.053384170704888927 0.010577120830549378 -0.0026276063068875078 -0.010151416674456249 -0.011626705620257206 -0.00067736014119145491 -0.038174926108883067 0.026884114762717504 -0.0041697254539407652 -0.025082316987581618 0.0090638191478611407 -0.081399799360649686 -0.010389929683846022 0.10529588294547608 -0.026411329325834815 0.032663851143382126 -0.022692114663799324
leaf_weight=1096705 2875 7294 242 324 1647 1066 630 202 222 1606 386 50 2650 36 119 124 190 781 129682 1413 401 2264 2657 26860 685 3289 70 1925 363 3152
leaf_count=1096705 2875 7294 242 324 1647 1066 630 202 222 1606 386 50 2650 36 119 124 190 781 129682 1413 401 2264 2657 26860 685 3289 70 1925 363 3152
internal_value=0 -0.00283158 -0.00875355 -0.035606 0.0012925 -0.00658953 -0.00896378 -0.0110178 -0.0305298 -0.00738165 0.00165636 -0.0109741 0.0074393 -0.0059381 -0.00613968 0.0157885 -0.019073 3.28631e-05 -0.00103557 -0.000882665 -0.00899937 -0.0118137 0.000161464 0.000188642 8.77857e-05 0.00381812 -0.00684796 -0.0186539 0.00513419 -0.0117119
internal_weight=0 19663 8072 602 11591 7470 6404 5774 907 4867 1992 705 4297 360 655 243 412 1.27025e+06 136466 135685 6003 5602 1.13378e+06 1.13112e+06 1.10054e+06 30582 3359 3338 27223 3837
internal_count=1289910 19663 8072 602 11591 7470 6404 5774 907 4867 1992 705 4297 360 655 243 412 1270247 136466 135685 6003 5602 1133781 1131124 1100542 30582 3359 3338 27223 3837
is_linear=0
shrinkage=0.1


Tree=121
num_leaves=31
num_cat=0
split_feature=89 3 88 85 4 3 3 0 1 4 4 84 0 1 84 147 146 3 2 6 64 20 3 105 20 137 4 3 6 137
split_gain=15.5737 21.2377 37.3273 17.5763 23.5805 30.8715 42.4077 47.1871 50.1352 21.9053 21.333 24.7193 18.5841 21.9521 16.6512 16.5092 25.5381 18.9127 30.3153 17.2207 59.3137 60.3201 63.4057 50.4925 40.8015 71.4824 40.3804 63.6382 55.6446 43.4677
threshold=10563.937500000002 250541.58500000002 1864190.0000000002 4.5000000000000009 0.42500000000000004 362719.47500000003 118785.82000000002 614457.00000000012 624135.00000000012 122435.72000000002 23.140000000000004 1241461.5000000002 1450.5000000000002 384858.00000000006 1111007.0000000002 9.5000000000000018 2763683.5000000005 16893.980000000007 10860.435000000003 10.16666666666667 0.91111123518665738 12.500000000000002 13853.540000000003 4897042.5000000009 2.5000000000000004 901391.00000000012 2949.3600000000006 37293.500000000007 14.833333333333334 78422.500000000015
decision_type=2 2 2 2 2 2 2 2 2 2 2 2 2 2 2 2 2 2 2 2 2 2 2 2 2 2 2 2 2 2
left_child=3 -2 -3 15 12 6 7 -6 -9 -8 -7 -12 -5 -14 -11 19 17 18 -17 -1 21 23 -23 -21 25 26 29 28 -28 -22
right_child=1 2 -4 4 5 10 9 8 -10 14 11 -13 13 -15 -16 16 -18 -19 -20 20 24 22 -24 -25 -26 -27 27 -29 -30 -31
leaf_value=0.00023182821614141093 -0.017274097875646845 0.02009573351153128 -0.033724048977185304 0.65736277669243059 0.12871061210890719 0.005315711226465636 0.04875614421174998 -0.031075919570986446 -0.010428628036415491 0.025853866168007746 -0.0083803184003988351 -0.0081622770636478933 -0.027885538463436384 0.0016777612257260481 -0.018964823033236267 0.096331155530669801 -0.015273645566332367 0.023592589516143538 -0.1753562157035492 -0.00093128828927762091 -0.0029092708810729518 0.071532342407398697 -0.00076960373895207086 0.07226609270102817 -0.001596590775422644 0.04787401800387317 -0.0092462895741940668 -0.0054079077465983673 -0.025413023928570797 0.051081191874968845
leaf_weight=754376 1381 536 339 485 2651 129 967 125 432 322 1259 223 429 305 35 1543 106 8080 835 448902 6529 11584 12225 60 22981 1048 1522 9486 699 316
leaf_count=754376 1381 536 339 485 2651 129 967 125 432 322 1259 223 429 305 35 1543 106 8080 835 448902 6529 11584 12225 60 22981 1048 1522 9486 699 316
internal_value=0 -0.00831861 0.00387063 -2.75919e-06 0.0048694 0.0073905 0.0116171 0.00540263 -0.0210563 0.0266745 -0.00449961 -0.00789468 -0.00783538 -0.0178721 0.00550507 -3.07753e-05 0.00390609 0.00440109 -0.00343775 -6.35296e-05 -0.000509096 -0.000187131 0.00471788 -0.00044725 -0.00408382 -0.00743569 -0.00887103 -0.0124385 -0.0276756 -0.00276968
internal_weight=0 2256 875 1.28765e+06 7362 6143 4532 3208 557 1324 1611 1482 1219 734 357 1.28029e+06 10564 10458 2378 1.26973e+06 515352 472771 23809 448962 42581 19600 18552 11707 2221 6845
internal_count=1289910 2256 875 1287654 7362 6143 4532 3208 557 1324 1611 1482 1219 734 357 1280292 10564 10458 2378 1269728 515352 472771 23809 448962 42581 19600 18552 11707 2221 6845
is_linear=0
shrinkage=0.1


Tree=122
num_leaves=31
num_cat=0
split_feature=141 4 2 127 20 127 20 122 126 18 1 5 137 0 5 13 124 2 2 124 123 137 123 1 2 20 137 20 20 2
split_gain=15.6208 26.8764 42.3408 102.678 49.6001 108.26 82.8214 93.9649 60.1537 53.2992 49.5738 61.4327 141.688 130.997 63.0951 55.8899 53.9426 51.4154 45.3013 90.0855 112.934 88.1134 83.1819 77.3261 76.3029 100.056 84.8562 74.4947 96.6377 68.9181
threshold=0.84523809523809534 0.42500000000000004 353301.6750000001 0.73863636363636376 14.500000000000002 0.62019230769230782 20.500000000000004 1.0000000180025095e-35 0.10263157894736843 1.0000000180025095e-35 431.50000000000006 1.0000000180025095e-35 100666.50000000001 249435.50000000003 1.5000000000000002 900.50000000000011 9.5000000000000018 285042.06000000006 87093.160000000018 8.5000000000000018 1179146.0000000002 1242097.0000000002 3805919.0000000005 1261026.5000000002 8001.8600000000006 2.5000000000000004 901391.00000000012 2.5000000000000004 1.0000000180025095e-35 1854.3700000000001
decision_type=2 2 2 2 2 2 2 2 2 2 2 2 2 2 2 2 2 2 2 2 2 2 2 2 2 2 2 2 2 2
left_child=1 2 4 -4 10 6 7 -6 -8 -7 17 12 -12 -14 -13 16 -16 -1 21 22 -21 23 27 24 29 26 -26 28 -20 -17
right_child=-2 -3 3 -5 5 9 8 -9 -10 -11 11 14 13 -15 15 18 -18 -19 19 20 -22 -23 -24 -25 25 -27 -28 -29 -30 -31
leaf_value=0.0014258184998821146 0.0011824673042137601 0.00012127413168716572 -0.0011645209304291047 -0.0044237009294219717 0.016956431630459071 0.011428512234722389 -0.0066692003979644037 0.013558580606391236 -0.00895135232679878 -0.0074564986003677119 -0.041130535898558751 0.1363950925536567 -0.071136598713379115 0.040589749644938382 -0.0094056112011369347 -0.0061277330777036055 0.022049592106202453 0.021145201186742901 0.0011966106648923112 9.5185128304242642e-05 -0.01081811146351612 -0.028070112596286292 -0.00076699094258592224 0.0021615976702646002 -0.008494886434407569 -0.00042465828866385601 0.017317665474690627 0.0019933208913890366 0.012342298546323648 0.012534599199428897
leaf_weight=50230 109504 983010 1453 471 8730 1098 8628 783 1401 174 3641 2270 994 486 5647 33768 466 205 799 1033 500 1022 2566 1618 19813 17105 1145 4573 1046 25731
leaf_count=50230 109504 983010 1453 471 8730 1098 8628 783 1401 174 3641 2270 994 486 5647 33768 466 205 799 1033 500 1022 2566 1618 19813 17105 1145 4573 1046 25731
internal_value=0 -0.000123805 -0.00118863 -0.0159508 -0.00104333 0.00357107 0.00173108 0.0084154 -0.00460932 0.0318392 -0.00159323 -0.00266672 -0.0133913 -0.039481 -0.0022056 -0.00252642 -0.0118347 0.0010508 -0.00201249 0.00423113 -0.0181739 -0.00266781 0.00805424 -0.00236679 -0.00272638 -0.00622287 -0.0108547 0.0141385 0.0311 -0.000489578
internal_weight=0 1.18041e+06 197396 1924 195472 20814 19542 9513 10029 1272 174658 124223 5121 1480 119102 116832 6113 50435 110719 10517 1533 100202 8984 99180 97562 38063 20958 6418 1845 59499
internal_count=1289910 1180406 197396 1924 195472 20814 19542 9513 10029 1272 174658 124223 5121 1480 119102 116832 6113 50435 110719 10517 1533 100202 8984 99180 97562 38063 20958 6418 1845 59499
is_linear=0
shrinkage=0.1


Tree=123
num_leaves=31
num_cat=0
split_feature=67 2 4 2 4 66 62 88 2 6 88 63 3 88 0 89 90 4 2 123 0 4 4 90 20 0 2 4 4 20
split_gain=15.4029 22.2667 30.6289 28.7538 21.2048 16.4445 35.504 30.9675 33.1165 29.1499 30.2772 28.2114 28.1639 42.1968 23.619 23.3754 76.7562 91.2699 40.0002 40.1543 38.3452 32.8269 29.5582 30.711 23.2978 22.5855 21.1097 19.9941 19.8277 19.1045
threshold=12.500000000000002 190473.59000000005 34924.205000000009 219353.65500000003 14744.320000000002 391950.00000000006 598645.00000000012 414642.00000000006 318943.96000000008 6.8333333333333348 499522.00000000006 0.84772313448882963 394480.84500000003 4093571.5000000005 20601742.000000004 0.83799991458406842 0.35337663358485294 27300.340000000007 133213.19500000004 567.50000000000011 5847.5000000000009 89344.385000000009 58908.740000000005 315.18204494245191 1.0000000180025095e-35 92039.500000000015 183554.85500000001 247374.15500000003 67073.12000000001 5.5000000000000009
decision_type=2 2 2 2 2 2 2 2 2 2 2 2 2 2 2 2 2 2 2 2 2 2 2 2 2 2 2 2 2 2
left_child=5 -2 4 -4 -3 7 -7 15 9 14 -11 -8 13 -10 -9 -1 21 18 19 25 -21 26 29 24 28 -18 -17 -25 -24 -19
right_child=1 2 3 -5 -6 6 11 8 12 10 -12 -13 -14 -15 -16 16 17 22 -20 20 -22 -23 23 27 -26 -27 -28 -29 -30 -31
leaf_value=-3.5295963072634608e-05 -0.002849877023019995 0.026318877893544451 0.035309298379956548 -0.017707101354748334 -0.06701237583717741 0.02055815080226471 -0.010583068396529748 0.0026593334641928008 0.010357323171753634 -0.03112353570343919 -0.023453231211849689 0.0016810990991406594 -0.0098014803473107648 0.065037214679071739 -0.023655281154573382 0.085603261011404336 0.0085633011424619768 0.029194787803406438 0.027227147332602432 -0.18448277921483447 -0.040282959092409809 0.036545462792362114 0.019250318543224135 -0.015901275117179127 0.021441481061041424 -0.02722371080579556 -0.055235137539511793 0.038630917642370262 -0.023095639853683819 -0.028888545592188536
leaf_weight=1260291 2690 83 124 204 678 4517 190 1119 939 413 1170 266 3084 59 192 3322 906 2084 477 203 335 917 149 1414 1323 2151 67 85 289 169
leaf_count=1260291 2690 83 124 204 678 4517 190 1119 939 413 1170 266 3084 59 192 3322 906 2084 477 203 335 917 149 1414 1323 2151 67 85 289 169
internal_value=0 -0.00638982 -0.0184541 0.00709097 -0.0294643 3.85536e-06 0.00574317 -1.84226e-05 -0.00666295 -0.0148458 -0.0239792 -0.0208501 -0.000861567 0.0137401 -0.00381754 1.79554e-05 0.00409769 -0.00088462 -0.0122389 -0.0158491 -0.0410417 0.0151881 0.00750182 0.00141463 0.0103695 -0.0114155 0.0106463 -0.0091054 -0.00962084 0.0163097
internal_weight=0 3779 1089 328 761 1.28613e+06 4973 1.28116e+06 6976 2894 1583 456 4082 998 1311 1.27418e+06 13891 9585 4072 3595 538 4306 5513 3260 1761 3057 3389 1499 438 2253
internal_count=1289910 3779 1089 328 761 1286131 4973 1281158 6976 2894 1583 456 4082 998 1311 1274182 13891 9585 4072 3595 538 4306 5513 3260 1761 3057 3389 1499 438 2253
is_linear=0
shrinkage=0.1


Tree=124
num_leaves=31
num_cat=0
split_feature=64 62 6 62 4 4 138 0 3 3 20 1 6 62 2 3 4 13 62 123 20 137 0 13 1 20 3 13 0 3
split_gain=14.6849 74.243 55.1214 59.9594 58.5166 89.5289 44.1005 48.3659 42.6475 72.9948 65.5999 59.2743 53.0417 40.7726 60.0852 56.1439 49.5216 44.7042 43.6442 39.4261 38.7876 50.3375 36.8275 34.5941 33.6443 33.5025 32.7375 32.411 30.7872 30.069
threshold=2.3308541548375712 4739746.5000000009 6.166666666666667 160354.50000000003 24688.950000000004 18346.890000000003 6.5000000000000009 166453.00000000003 43970.635000000009 37293.500000000007 2.5000000000000004 529440.50000000012 4.166666666666667 653561.50000000012 109644.18000000001 95872.905000000013 269504.19500000007 15.500000000000002 177.50000000000003 103977.50000000001 1.5000000000000002 62929.500000000007 2143474.0000000005 1.5000000000000002 718458.50000000012 3.5000000000000004 486877.74000000005 28085.000000000004 2064191.0000000002 2421.7650000000003
decision_type=2 2 2 2 2 2 2 2 2 2 2 2 2 2 2 2 2 2 2 2 2 2 2 2 2 2 2 2 2 2
left_child=-1 2 8 19 5 -5 25 -8 9 10 -2 20 13 16 17 -16 18 -15 -13 29 21 -10 -14 -22 -12 -6 -3 -11 -7 -4
right_child=1 26 3 4 6 28 7 -9 11 27 24 12 22 14 15 -17 -18 -19 -20 -21 23 -23 -24 -25 -26 -27 -28 -29 -30 -31
leaf_value=0.00010231985101841757 0.01865487245166943 -0.012294833404657224 0.032580398298617967 -1.443845195872469e-05 -0.002368413345723042 -0.0012815542985937785 -0.0094218814779454211 0.0073117993454053197 -0.0027416385223573143 0.037105274792595087 -0.0062452584363720037 -0.030020935378735705 0.0047833755297420014 0.0048182490688043859 0.028699719734398534 -0.0010420205875617094 -0.019070977738218531 -0.0026484434429066444 0.0098025801371753787 -0.0241052838781463 -0.0096822635605528645 -0.0098597723970980915 0.00399903049533593 0.00038816045712627766 -0.046713544840054758 0.023377801085685126 -0.0023819129093753501 -0.0083714411219325859 -0.03472769228909358 -0.0065543891505062193
leaf_weight=1198604 1401 2185 2040 13810 3628 520 80 2416 3375 1652 1711 64 3343 335 90 7028 832 763 4388 959 1148 369 5841 8549 436 1150 1118 139 1439 20497
leaf_count=1198604 1401 2185 2040 13810 3628 520 80 2416 3375 1652 1711 64 3343 335 90 7028 832 763 4388 959 1148 369 5841 8549 436 1150 1118 139 1439 20497
internal_value=0 -0.00123731 -0.00068487 -0.00304719 0.000577305 -0.00284528 0.00799699 0.01877 0.00196659 0.0103089 0.00200134 0.00073366 0.00385172 -0.000136671 -0.00454393 -0.0011852 0.0067161 -0.0263176 0.0109011 -0.0066018 -0.00452861 -0.0131739 0.00971446 -0.00119066 -0.00898272 0.00236925 -0.0159561 0.0267662 -0.0228512 -0.00575681
internal_weight=0 91306 88003 46539 23043 15769 7274 2496 41464 5339 3548 36125 22684 13500 8216 7118 5284 1098 4452 23496 13441 3744 9184 9697 2147 4778 3303 1791 1959 22537
internal_count=1289910 91306 88003 46539 23043 15769 7274 2496 41464 5339 3548 36125 22684 13500 8216 7118 5284 1098 4452 23496 13441 3744 9184 9697 2147 4778 3303 1791 1959 22537
is_linear=0
shrinkage=0.1


Tree=125
num_leaves=31
num_cat=0
split_feature=2 13 20 2 64 0 138 20 20 5 0 6 5 13 20 20 5 17 20 2 6 20 2 18 4 53 138 6 20 20
split_gain=14.5432 76.7875 33.3965 32.7428 67.3599 56.6501 31.4997 28.1484 55.2371 60.4244 32.5265 25.2572 23.2796 27.9394 21.1496 20.7343 35.8962 20.6236 37.8654 17.8181 17.8076 20.6717 26.8659 17.4958 31.7658 69.7468 68.6611 91.6177 39.8967 54.936
threshold=1.4600000000000002 3.5000000000000004 6.5000000000000009 3.9650000000000003 0.99999947370637032 113.50000000000001 8.5000000000000018 9.5000000000000018 6.5000000000000009 1.0000000180025095e-35 4.5000000000000009 7.8333333333333348 1.0000000180025095e-35 1.5000000000000002 5.5000000000000009 9.5000000000000018 1.5000000000000002 1.5000000000000002 1.0000000180025095e-35 1.1450000000000002 7.8333333333333348 9.5000000000000018 1.9650000000000001 1.0000000180025095e-35 21941.185000000001 0.97007223942208476 4.5000000000000009 6.416666666666667 22.500000000000004 4.5000000000000009
decision_type=2 2 2 2 2 2 2 2 2 2 2 2 2 2 2 2 2 2 2 2 2 2 2 2 2 2 2 2 2 2
left_child=1 2 12 4 5 6 20 8 9 -3 -11 17 13 -1 -14 16 -4 -12 -19 -9 21 -2 -23 -5 25 28 -26 -28 29 -25
right_child=3 7 15 23 -6 -7 -8 19 -10 10 11 -13 14 -15 -16 -17 -18 18 -20 -21 -22 22 -24 24 26 -27 27 -29 -30 -31
leaf_value=0.79608490918894348 0.018843907763970959 -0.048819115170765946 0.86056937446000425 7.8874029567099776e-05 -0.12894026694163277 0.067848642804010373 0.067445680918569242 0.0032121589126456111 -0.01431320405144143 0.022850031304515728 -0.0022355793894231128 -0.032279724928242985 0.080177170822283955 -0.092597518833709147 0.062461120212052391 0.0029474098190203405 -0.040839615776811479 0.094650699102169347 -0.034561058038339754 -0.020978102254430822 -0.020388964905824848 -0.00069700070761250519 -0.035287523887240178 -0.0048266383874061352 0.0037177309325855329 -0.03028176553633833 -0.0191993088153668 0.0013606623240433463 -0.0079465778560164398 0.0018293343957603736
leaf_weight=2091 10856 335 213 1170419 643 941 2022 4896 1855 1729 7932 389 1536 53 1002 2177 229 138 206 484 1127 1826 274 23142 19574 1892 1581 2776 2060 25512
leaf_count=2091 10856 335 213 1170419 643 941 2022 4896 1855 1729 7932 389 1536 53 1002 2177 229 138 206 484 1127 1826 274 23142 19574 1892 1581 2776 2060 25512
internal_value=0 -0.00239441 0.0062532 2.86575e-05 0.00430082 0.00549933 0.00410584 -0.00590901 -0.00849726 -0.00574241 -0.00439513 -0.00689398 0.0113116 0.00363963 0.0177925 -0.00278969 -0.0225364 -0.00572348 -0.0296944 0.000145007 0.00243006 0.00347884 -0.00560309 -3.19462e-05 -0.00149674 -0.0028708 0.00152378 -0.00982949 -0.0021675 -0.00159037
internal_weight=0 25265 7301 1.26464e+06 17689 17046 16105 17964 12584 10729 10394 8665 4682 2144 2538 2619 442 8276 344 5380 14083 12956 2100 1.24696e+06 76537 52606 23931 4357 50714 48654
internal_count=1289910 25265 7301 1264645 17689 17046 16105 17964 12584 10729 10394 8665 4682 2144 2538 2619 442 8276 344 5380 14083 12956 2100 1246956 76537 52606 23931 4357 50714 48654
is_linear=0
shrinkage=0.1


Tree=126
num_leaves=31
num_cat=0
split_feature=1 3 6 3 13 13 4 20 62 64 62 64 1 123 6 138 0 1 124 124 8 3 64 64 4 3 64 137 13 123
split_gain=14.4686 56.1406 83.2988 106.382 71.924 70.2199 74.7955 77.9016 65.4766 69.8928 90.6667 78.4164 71.9345 80.8763 69.4986 65.3693 62.6935 73.731 60.9882 115.774 181.662 99.9861 134.533 90.3791 115.895 68.0489 57.4767 55.5823 55.2318 54.1197
threshold=30657.000000000004 109268.26000000002 5.5833333333333348 646096.67000000004 1380363.5000000002 141.50000000000003 42286.305000000008 7.5000000000000009 1979316.0000000002 0.0011100770441234407 9177138.0000000019 0.0201680875306058 5051050.0000000009 4740604.0000000009 7.8333333333333348 7.5000000000000009 202435.00000000003 3374561.5000000005 11.500000000000002 10.500000000000002 1.0000000180025095e-35 18139.775000000005 0.00049013461087545041 0.0016020711391414569 5386.3550000000005 61279.165000000008 0.83233334201357312 97338.500000000015 1979253.0000000002 2546671.0000000005
decision_type=2 2 2 2 2 2 2 2 2 2 2 2 2 2 2 2 2 2 2 2 2 2 2 2 2 2 2 2 2 2
left_child=-1 5 3 -3 16 -2 18 -8 14 12 29 -12 13 -10 15 -6 27 -18 19 -7 -21 -22 25 -24 -25 -23 -20 -4 -28 -11
right_child=1 2 4 -5 8 6 7 -9 9 10 11 -13 -14 -15 -16 -17 17 -19 26 20 21 22 23 24 -26 -27 28 -29 -30 -31
leaf_value=0.00054013316206549258 -0.0024477787572873113 0.0027313373275716633 -0.0012507686597941709 -0.0063205013588664375 -0.011181389772921213 -0.00036411935255082441 -0.0080107009631502895 0.0079133968456828272 0.0049251199422536253 0.0036807687329669376 -0.017361060380832561 0.073558802735110618 -0.0080994838178457575 0.012905108052527738 -0.0037322829883941339 -0.041588450480920199 0.0041930732552511642 -0.002922730661260942 0.0054587146823955159 -0.035977584493178831 0.0041737608839457875 0.017510373554667582 -0.022055322973025572 -0.018008962066592662 -0.00046473170595546788 -0.077960076731820677 -0.0009667691067657858 -0.031530578404740148 -0.012800252488494968 -0.0056578998719939051
leaf_weight=778884 31549 40930 13226 8547 2526 246682 6560 1927 3225 11342 1098 2522 1316 1745 17503 1148 49489 15003 13352 648 3023 1081 995 1138 1730 81 5264 2108 165 25103
leaf_count=778884 31549 40930 13226 8547 2526 246682 6560 1927 3225 11342 1098 2522 1316 1745 17503 1148 49489 15003 13352 648 3023 1081 995 1138 1730 81 5264 2108 165 25103
internal_value=0 -0.000429759 0.000894491 0.00444468 -0.000297556 -0.00125935 -0.000759889 -0.0100056 -0.00269963 -0.000594862 -0.00213299 0.0129611 0.00920866 0.0147133 -0.00730642 -0.0198102 0.00173445 0.00310097 -0.000473674 -0.000878147 -0.0122184 -0.00811714 -0.0167624 -0.0257364 -0.016727 0.0130712 0.00502622 -0.00401285 -0.00364939 -0.00363225
internal_weight=0 511026 196831 49477 147354 314195 282646 8487 67528 46351 40065 3620 6286 4970 21177 3674 79826 64492 274159 255378 8696 8048 5025 3863 2868 1162 18781 15334 5429 36445
internal_count=1289910 511026 196831 49477 147354 314195 282646 8487 67528 46351 40065 3620 6286 4970 21177 3674 79826 64492 274159 255378 8696 8048 5025 3863 2868 1162 18781 15334 5429 36445
is_linear=0
shrinkage=0.1


Tree=127
num_leaves=31
num_cat=0
split_feature=3 124 124 13 4 3 6 124 2 3 62 4 20 20 20 124 20 20 3 124 0 134 134 2 134 6 20 62 138 64
split_gain=15.002 40.1218 112.27 139.19 149.311 95.5141 147.062 53.0296 87.1066 57.541 63.3088 54.5874 61.8197 61.3001 47.9781 42.477 41.0793 41.6903 39.8706 57.7501 43.7962 38.2822 69.587 46.1271 40.16 39.6574 60.1427 59.7905 55.4957 47.4242
threshold=233421.54000000001 11.500000000000002 10.500000000000002 69152.500000000015 1.2850000000000004 19231.795000000002 20.833333333333339 7.5000000000000009 376940.95000000007 143161.52000000005 4739452.5000000009 19458.620000000003 4.5000000000000009 3.5000000000000004 17.500000000000004 5.5000000000000009 1.5000000000000002 2.5000000000000004 8822.3600000000024 12.500000000000002 3494586.5000000005 3808562.0000000005 10177752.000000002 779411.70000000019 25727432.500000004 5.5833333333333348 23.500000000000004 6141967.5000000009 8.5000000000000018 1.0003983371729721
decision_type=2 2 2 2 2 2 2 2 2 2 2 2 2 2 2 2 2 2 2 2 2 2 2 2 2 2 2 2 2 2
left_child=1 2 7 16 -5 -6 -7 15 9 10 -9 -11 13 -13 -14 -1 -4 -18 -3 20 -20 25 -23 -24 -25 27 -27 28 -2 -28
right_child=21 18 3 4 5 6 -8 8 -10 11 -12 12 14 -15 -16 -17 17 -19 19 -21 -22 22 23 24 -26 26 29 -29 -30 -31
leaf_value=3.623301567525772e-05 0.0014063035082839054 0.063588326733252751 0.025197143256219159 -0.034326072593666559 0.0025260703379808461 -0.014747838252300484 0.020074573504407136 0.0016024258029148531 0.0074830027425062465 0.0011227308045870111 0.010403894733354581 -0.031632087601748494 0.0043136726966697186 -0.02320722015007138 -0.022208697548007479 -0.015846583452727724 -0.018463689579902388 0.01228424987278256 0.0051582860683882011 -0.0011554803999985987 -0.0031397327396363774 0.020001640303767013 -0.031995779458324471 0.018133143873995561 -0.0070645491290491306 -0.0020002242198474463 -0.037378446743084028 -0.012437874606123479 0.03110626840838468 0.031221383460775187
leaf_weight=879348 51932 2073 1459 555 2270 4726 1242 41017 1651 2892 464 806 1476 462 154 660 928 2066 14339 15970 1590 12889 3137 4053 7816 229766 688 2934 419 128
leaf_count=879348 51932 2073 1459 555 2270 4726 1242 41017 1651 2892 464 806 1476 462 154 660 928 2066 14339 15970 1590 12889 3137 4053 7816 229766 688 2934 419 128
internal_value=0 0.000176275 5.45367e-05 -0.00908692 -0.0163818 -0.0129995 -0.0196403 0.000184889 0.00338938 0.00260079 0.00390427 -0.0067377 -0.0164374 -0.0329969 -0.00355546 6.74246e-06 0.00531775 -0.00138707 0.00355255 0.00267922 0.00693958 -0.000618596 0.00291744 -0.00171146 0.00113888 -0.000963644 -0.00154037 0.00144177 0.0022203 -0.0286408
internal_weight=0 976148 942176 13246 8793 8238 5968 928930 48922 47271 41481 5790 2898 1268 1630 880008 4453 2994 33972 31899 15929 313762 27895 15006 11869 285867 230582 55285 52351 816
internal_count=1289910 976148 942176 13246 8793 8238 5968 928930 48922 47271 41481 5790 2898 1268 1630 880008 4453 2994 33972 31899 15929 313762 27895 15006 11869 285867 230582 55285 52351 816
is_linear=0
shrinkage=0.1


Tree=128
num_leaves=31
num_cat=0
split_feature=134 134 4 134 4 146 21 3 4 4 20 2 5 4 91 6 3 1 3 0 6 3 20 134 52 134 6 49 48 4
split_gain=15.1235 51.1069 43.1089 36.4371 30.2994 32.2905 32.2263 52.3062 49.7366 58.5147 42.5824 39.6351 39.1406 54.0874 45.8619 35.4342 35.2445 31.8166 30.8135 43.0767 36.9854 38.3519 36.1248 30.6853 45.3419 30.3193 46.9708 28.7312 28.2392 27.0197
threshold=173239.00000000003 1044.0000000000002 87683.285000000018 1115247.0000000002 195203.74000000002 124684.50000000001 1.5000000000000002 712091.39500000014 597453.57500000007 364003.32500000007 6.5000000000000009 679828.76500000013 3.0000000000000004 335522.08000000007 1.0000000180025095e-35 6.5833333333333348 362719.47500000003 2737748.5000000005 332531.65000000008 6038391.0000000009 4.166666666666667 1220981.4700000002 4.5000000000000009 402.50000000000006 0.0010519169566289253 29.500000000000004 5.5833333333333348 1.5000000000000002 10.000000000000002 58908.740000000005
decision_type=2 2 2 2 2 2 2 2 2 2 2 2 2 2 2 2 2 2 2 2 2 2 2 2 2 2 2 2 2 2
left_child=1 4 3 -2 5 -1 7 8 9 16 18 12 13 -12 -14 -13 27 -11 25 23 -21 22 -22 24 -20 26 -8 -6 -10 -7
right_child=2 -3 -4 -5 6 29 10 -9 28 17 11 15 14 -15 -16 -17 -18 -19 19 20 21 -23 -24 -25 -26 -27 -28 -29 -30 -31
leaf_value=0.00018995628894543095 -0.0074391420211333608 0.0060343046646829995 -0.00080249992574540354 -0.25460101176995992 0.048634960244000519 -0.037575803385125173 0.013983721921372351 0.023651871539491866 -0.0063110782874495012 0.016111923735432222 0.042498764836547326 -0.0082428765949612137 -0.0027085018747031071 0.0058681115669168889 0.046667384390046501 0.016803256673632892 -0.09003250508682932 -0.0091871161053705529 -0.027546992715592834 -0.020633049020927753 0.01099789193518594 -0.037083473597193238 0.043965876295698814 -0.040456637035860867 0.001319090323018446 0.0081192715183037844 -0.01442773576510098 -0.0047401931394988502 -0.02476909548436286 -0.0018096623917344637
leaf_weight=937927 16360 68662 110449 625 5813 2454 930 13267 7049 21324 683 3922 2963 1464 209 1654 502 125 11907 1095 2816 400 274 2215 4294 6693 6051 44800 9402 3581
leaf_count=937927 16360 68662 110449 625 5813 2454 930 13267 7049 21324 683 3922 2963 1464 209 1654 502 125 11907 1095 2816 400 274 2215 4294 6693 6051 44800 9402 3581
internal_value=0 9.51552e-05 -0.00105239 -0.00574257 -7.09695e-05 0.000138731 -0.00139193 -0.00039184 -0.00126488 -0.000139385 -0.00354228 0.00194706 0.00812256 0.0185493 0.0010651 -0.00394382 -0.00197889 0.00424433 -0.00517299 -0.0074079 0.00126523 0.00629607 0.0100677 -0.00956723 -0.0080579 -0.00141365 -0.00602431 -0.00171738 -0.00622932 -0.00715258
internal_weight=0 1.16248e+06 127434 16985 1.09381e+06 943962 149852 102282 89015 72564 47570 10895 5319 2147 3172 5576 51115 21449 36675 23001 4585 3490 3090 18416 16201 13674 6981 50613 16451 6035
internal_count=1289910 1162476 127434 16985 1093814 943962 149852 102282 89015 72564 47570 10895 5319 2147 3172 5576 51115 21449 36675 23001 4585 3490 3090 18416 16201 13674 6981 50613 16451 6035
is_linear=0
shrinkage=0.1


Tree=129
num_leaves=31
num_cat=0
split_feature=123 3 2 3 2 64 64 4 4 2 3 2 123 20 13 64 13 4 6 20 4 64 3 3 0 3 3 64 3 4
split_gain=15.9475 63.5725 97.7294 49.9789 56.1549 63.9079 125.215 165.174 145.032 70.3838 59.94 68.8958 100.136 54.2321 85.5392 74.5218 63.9374 62.97 57.4962 52.9995 58.2042 100.873 150.348 61.6535 93.1158 58.9071 50.083 73.0426 75.4878 53.2411
threshold=127289.00000000001 14746.810000000001 35898.020000000011 29929.935000000005 42117.115000000005 0.0011100770441234407 0.0016020711391414569 14744.320000000002 27300.340000000007 46833.650000000001 178559.26000000004 420944.45000000001 827975.50000000012 1.0000000180025095e-35 2786483.0000000005 0.19403297094135238 392006.50000000006 35690.100000000013 12.833333333333334 1.5000000000000002 3623.7750000000005 5.0510178610657332 76921.265000000014 89669.260000000024 2974145.0000000005 133603.97500000001 265945.48000000004 3.3169055274815749e-06 204152.65000000002 21941.185000000001
decision_type=2 2 2 2 2 2 2 2 2 2 2 2 2 2 2 2 2 2 2 2 2 2 2 2 2 2 2 2 2 2
left_child=-1 -2 -3 -4 -5 9 7 -7 -9 -6 -11 12 -12 14 16 -16 17 -8 -17 20 23 22 -22 24 -15 -23 27 -14 29 -29
right_child=1 2 3 4 5 6 13 8 -10 10 11 -13 26 19 15 18 -18 -19 -20 -21 21 25 -24 -25 -26 -27 -28 28 -30 -31
leaf_value=0.00018711746697694931 0.0036151177172624397 -0.0040488151158648567 0.0047526035469275035 -0.016709536912666901 -0.042372257915886058 0.0032303762776358493 0.011795031560631664 -0.043318356735611761 0.016673409755191902 0.0015236172153397381 0.0051293748581249634 0.0037344980321645962 -0.0075214951285424159 -0.0067792184514783973 0.0039160575102213293 -0.0019271986618329938 0.0092786137428154843 -0.022094064948875773 -0.017289145585889107 -0.00079430698503714912 -0.0020774865114912529 0.010473938937004518 -0.053527065411626974 0.0059992945088407305 0.010562546632935767 -0.01220222310555954 0.00010612229241531494 -0.0020647210494980578 -0.031845659943875268 0.02129239179983167
leaf_weight=1118167 9099 12406 4092 892 191 743 2065 693 236 15395 1469 9148 1690 3377 1552 4371 3297 358 1035 87601 2269 1194 2520 1783 187 1671 1103 481 545 280
leaf_count=1118167 9099 12406 4092 892 191 743 2065 693 236 15395 1469 9148 1690 3377 1552 4371 3297 358 1035 87601 2269 1194 2520 1783 187 1671 1103 481 545 280
internal_value=0 -0.00090993 -0.00136499 -0.000660594 -0.00096579 -0.00081218 -0.00188912 -0.0290553 -0.057164 0.00327323 0.00365708 -0.000906345 -0.00967666 -0.00148815 0.00467538 -0.00277216 0.0137348 0.00140201 -0.00831724 -0.00226488 -0.00822286 -0.0138153 -0.0226947 -0.000217559 -0.00781261 0.00102709 -0.0177049 -0.0244118 -0.00664989 0.0136958
internal_weight=0 171743 162644 150238 146146 145254 114952 1672 929 30302 30111 14716 5568 113280 12678 6958 5720 2423 5406 100602 13001 7654 4789 5347 3564 2865 4099 2996 1306 761
internal_count=1289910 171743 162644 150238 146146 145254 114952 1672 929 30302 30111 14716 5568 113280 12678 6958 5720 2423 5406 100602 13001 7654 4789 5347 3564 2865 4099 2996 1306 761
is_linear=0
shrinkage=0.1


Tree=130
num_leaves=31
num_cat=0
split_feature=84 84 4 84 84 2 2 1 84 11 8 90 2 0 20 2 64 0 138 20 20 5 13 141 5 0 20 4 66 123
split_gain=14.9021 17.495 16.1686 15.3112 15.245 26.3878 25.6865 21.3138 14.8003 24.4217 18.6743 18.4427 17.5617 63.2916 34.5732 27.2195 59.4079 52.3957 29.87 26.1665 47.2326 54.944 31.3283 38.8878 19.7681 21.3487 18.3103 18.0895 81.5928 45.6116
threshold=1407870.5000000002 1107298.5000000002 503645.25500000006 2786319.0000000005 670737.50000000012 506845.30500000005 89232.175000000003 1085938.0000000002 95506.000000000015 1.0000000180025095e-35 1.0000000180025095e-35 64558994.500000007 1.4600000000000002 3.5000000000000004 6.5000000000000009 3.9650000000000003 0.99999947370637032 113.50000000000001 8.5000000000000018 9.5000000000000018 6.5000000000000009 1.0000000180025095e-35 23.500000000000004 0.5634920634920636 1.0000000180025095e-35 1.5000000000000002 5.5000000000000009 0.28500000000000009 160.50000000000003 3805919.0000000005
decision_type=2 2 2 2 2 2 2 2 2 2 2 2 2 2 2 2 2 2 2 2 2 2 2 2 2 2 2 2 2 2
left_child=1 4 -2 -4 8 6 7 -6 9 11 -11 12 13 14 24 16 17 18 -14 20 21 -15 23 -23 25 -1 -26 28 29 -17
right_child=2 -3 3 -5 5 -7 -8 -9 -10 10 -12 -13 15 19 -16 27 -18 -19 -20 -21 -22 22 -24 -25 26 -27 -28 -29 -30 -31
leaf_value=0.64981180572557617 0.015250638076281499 -0.010357494552665832 0.00042643946997646798 -0.010301686842667031 -0.027617459109201131 -0.0072067036205806017 0.024218815905698104 0.15395743263300193 -0.0091785821459943375 0.30138782178215223 -0.039179526235048355 0.14947121043461761 0.003488505390576724 -0.044032547647055671 -0.0096633087705495363 -0.00064505981223989548 -0.11614158424083582 0.060968434530243011 0.060605768833345987 0.00018690073240943081 -0.012977227639663603 0.0035931719337759294 -0.022357376370343851 -0.0038115781096817736 0.071753164235824993 -0.083433110943704564 0.056119664197480823 0.00015577487368707011 -0.07440656634950614 -0.0016440426629159835
leaf_weight=970 335 963 49 33 279 911 748 104 3679 3911 150 44 14047 335 2619 190599 643 941 2022 5380 1855 4619 3135 2640 1439 53 1002 1042559 808 3038
leaf_count=970 335 963 49 33 279 911 748 104 3679 3911 150 44 14047 335 2619 190599 643 941 2022 5380 1855 4619 3135 2640 1439 53 1002 1042559 808 3038
internal_value=0 -1.74341e-05 0.0188897 -0.0209103 -7.3645e-06 0.00862622 0.0188286 -0.00223207 -2.10683e-05 -2.90412e-06 0.00773962 -2.74925e-05 -2.97203e-05 -0.00270661 0.00610967 2.15856e-05 0.00392059 0.00504848 0.00370542 -0.00569199 -0.00818747 -0.00564003 -0.0043553 -0.000747378 0.0126649 0.000995758 0.0175554 -3.40563e-05 -0.000919539 -0.000787215
internal_weight=0 1.28949e+06 417 82 1.28853e+06 2042 1131 383 1.28649e+06 1.28281e+06 4061 1.27875e+06 1.2787e+06 24047 6083 1.25466e+06 17653 17010 16069 17964 12584 10729 10394 7259 3464 1023 2441 1.237e+06 194445 193637
internal_count=1289910 1289493 417 82 1288530 2042 1131 383 1286488 1282809 4061 1278748 1278704 24047 6083 1254657 17653 17010 16069 17964 12584 10729 10394 7259 3464 1023 2441 1237004 194445 193637
is_linear=0
shrinkage=0.1


Tree=131
num_leaves=31
num_cat=0
split_feature=76 0 20 4 2 0 2 63 64 4 92 20 20 4 4 1 4 92 3 76 1 1 4 90 94 2 6 2 3 3
split_gain=14.8062 28.7209 39.5293 71.5821 59.6478 29.7848 40.8669 25.6492 32.6469 23.8807 22.2378 36.3731 29.0973 31.1664 21.31 36.5174 32.6336 32.6308 47.8907 25.7034 22.8436 22.3598 25.0798 20.8152 28.0943 21.4552 20.8136 20.1526 20.03 19.9521
threshold=3.5000000000000004 2.5000000000000004 7.5000000000000009 1378.0850000000003 29817.595000000001 105026.50000000001 89232.175000000003 0.99611801242236042 0.023855487230065527 169814.38000000003 34.009708737864081 2.5000000000000004 4.5000000000000009 1.135 9053.1400000000012 2.5000000000000004 22726.115000000002 30.04545454545455 76921.265000000014 12.500000000000002 1.5000000000000002 30.500000000000004 14744.320000000002 218.81223788989857 49348.500000000007 1099026.9950000003 19.583333333333339 48116.110000000008 157402.10500000001 182131.69500000004
decision_type=2 2 2 2 2 2 2 2 2 2 2 2 2 2 2 2 2 2 2 2 2 2 2 2 2 2 2 2 2 2
left_child=-1 2 3 -2 -5 14 10 8 23 -4 -7 -12 13 -13 20 17 19 29 27 -17 28 -21 -23 24 -8 -26 -18 -19 -3 -16
right_child=1 5 9 4 -6 6 7 -9 -10 -11 11 12 -14 -15 15 16 26 18 -20 21 -22 22 -24 -25 25 -27 -28 -29 -30 -31
leaf_value=7.3245436354875011e-05 -0.010904919693838519 0.064482518603141567 0.0082461474755177299 -0.085353050763165406 -0.012465272552281283 -0.010317658283054466 0.0073480770485318692 0.0097465719024764988 -0.037123744685828262 -0.095224360756594364 -0.038771790980125703 -0.14782362151018455 -0.03169046608193312 0.022533119660934676 0.015181537794533457 -0.0032161053616167907 0.002289340198455646 -0.057029971114097744 0.014068586116146696 0.031407290195112306 0.0024062814012902113 -0.042421747426264894 -0.15037057769765583 -0.019014076802287373 -0.02701336203335556 0.013899377857610296 0.031287069485822931 -0.073296654027382335 -0.014143871929141405 -0.031422863181941006
leaf_weight=1236693 1709 720 1355 750 466 4152 2174 1663 267 155 925 23 561 346 253 952 3168 185 104 73 30810 294 411 297 628 64 224 231 101 156
leaf_count=1236693 1709 720 1355 750 466 4152 2174 1663 267 155 925 23 561 346 253 952 3168 185 104 73 30810 294 411 297 628 64 224 231 101 156
internal_value=0 -0.00164113 -0.00934584 -0.0161291 -0.0346748 -0.000940654 -0.00549339 0.00109632 -0.00384507 0.0037939 -0.0110804 -0.0201832 -0.006218 0.0155919 0.000400448 -0.00503665 -0.0017282 -0.0232776 -0.039899 -0.012905 0.00144056 -0.0263885 -0.0318437 -0.00101055 0.0016009 -0.0159479 0.00397223 -0.0550728 0.0179032 -0.00214537
internal_weight=0 53217 4435 2925 1216 48782 11100 5093 3430 1510 6007 1855 930 369 37682 6051 5122 929 520 1730 31631 778 705 3163 2866 692 3392 416 821 409
internal_count=1289910 53217 4435 2925 1216 48782 11100 5093 3430 1510 6007 1855 930 369 37682 6051 5122 929 520 1730 31631 778 705 3163 2866 692 3392 416 821 409
is_linear=0
shrinkage=0.1


Tree=132
num_leaves=31
num_cat=0
split_feature=29 2 62 3 90 123 5 2 3 20 6 13 4 4 20 20 0 5 2 3 3 20 141 140 137 137 0 3 3 2
split_gain=14.6089 25.5091 25.8921 14.8006 66.1762 60.2079 58.2693 74.8098 70.3291 96.2382 164.081 100.288 76.0079 75.0132 65.2496 107.728 77.2842 70.2625 81.7273 105.176 94.3619 114.1 95.3142 89.0788 64.0302 161.775 62.7395 61.8522 59.1857 57.6857
threshold=364104.00000000006 290961.89500000008 705601.50000000012 24404.305000000004 0.90061185768948027 728.00000000000011 1.5000000000000002 10860.435000000003 2175.1700000000005 3.5000000000000004 4.8333333333333348 33143.500000000007 0.8650000000000001 13.345000000000001 14.500000000000002 11.500000000000002 146912.50000000003 3.0000000000000004 1854.3700000000001 8552.010000000002 1383.2900000000002 1.5000000000000002 0.31666666666666671 0.31666666666666671 13296.500000000002 12213.500000000002 284929.50000000006 5307.5750000000007 10279.385000000002 8.0850000000000026
decision_type=2 2 2 2 2 2 2 2 2 2 2 2 2 2 2 2 2 2 2 2 2 2 2 2 2 2 2 2 2 2
left_child=3 -2 -3 4 6 -6 8 14 -1 12 13 -12 -10 26 15 16 17 18 20 -20 24 22 23 -22 25 -8 -11 -18 -29 -16
right_child=1 2 -4 -5 5 -7 7 -9 9 10 11 -13 -14 -15 29 -17 27 -19 19 -21 21 -23 -24 -25 -26 -27 -28 28 -30 -31
leaf_value=0.091341626980509363 0.072846607311765052 -0.026075898774549713 0.087078783341785135 -0.00025264875065235116 -0.02722637420507228 -0.14157680168958484 -0.0010696368496030638 0.0022017273264393735 0.045864745787999685 -0.069897582902386929 -0.032851624083176344 0.036333934481638422 0.0066462256858814059 -0.023599443001621558 -0.0074024576198832015 -0.022107781739876532 -0.030384165925182761 -0.013629871337975908 0.039762033319156245 -0.016079428324196853 -0.010588922784668428 0.014605654179644599 -0.027840724975748174 -0.056389464351311029 0.015609381389592558 -0.046351533654286563 0.35775503342547127 -0.0048931456140869096 -0.017678079659468268 0.06777149795811703
leaf_weight=36459 319 473 262 869654 1540 302 77237 111901 1618 1299 5625 5201 43231 963 1444 7811 4467 39683 29465 4724 2438 1561 738 138 13267 718 170 17847 965 8390
leaf_count=36459 319 473 262 869654 1540 302 77237 111901 1618 1299 5625 5201 43231 963 1444 7811 4467 39683 29465 4724 2438 1561 738 138 13267 718 170 17847 965 8390
internal_value=0 0.0117583 0.00150938 -1.9521e-05 0.000468567 -0.018444 0.000552037 -8.75052e-05 0.00273507 0.000574895 -0.00691019 -0.00163743 0.00278759 -0.0303818 -0.00119643 -0.00158544 -0.00112007 -0.000379981 0.000742116 0.00494112 -0.000751789 -0.014307 -0.0248068 -0.0157294 -2.73851e-05 -0.00112035 -0.0446014 -0.00652376 -0.00401196 0.006757
internal_weight=0 1054 735 1.28886e+06 419202 1842 417360 322794 94566 58107 13258 10826 44849 2432 210893 201059 193248 169969 130286 34189 96097 4875 3314 2576 91222 77955 1469 23279 18812 9834
internal_count=1289910 1054 735 1288856 419202 1842 417360 322794 94566 58107 13258 10826 44849 2432 210893 201059 193248 169969 130286 34189 96097 4875 3314 2576 91222 77955 1469 23279 18812 9834
is_linear=0
shrinkage=0.1


Tree=133
num_leaves=31
num_cat=0
split_feature=133 134 123 3 2 64 64 4 4 2 20 3 2 124 4 4 20 4 3 4 4 3 13 124 2 90 64 2 20 4
split_gain=14.1162 21.2372 14.9095 47.2644 89.5324 53.769 115.476 155.718 128.916 68.1587 71.7506 56.419 72.0635 99.3354 50.1083 49.8405 64.186 47.3378 48.9564 47.2433 52.7431 46.383 44.218 43.1334 74.2928 46.6772 42.9602 67.5608 45.5584 44.6989
threshold=56.000000000000007 4875150.0000000009 127289.00000000001 14746.810000000001 37933.610000000008 0.0011100770441234407 0.0016020711391414569 14744.320000000002 24688.950000000004 46833.650000000001 2.5000000000000004 188788.61500000002 420944.45000000001 10.500000000000002 20412.215000000004 44935.665000000008 6.5000000000000009 34924.205000000009 210483.26000000004 12087.220000000003 16717.385000000006 23766.845000000005 800029.00000000012 3.5000000000000004 22452.005000000001 37.107735907811644 0.079562164619110767 21667.390000000003 2.5000000000000004 6332.3750000000009
decision_type=2 2 2 2 2 2 2 2 2 2 2 2 2 2 2 2 2 2 2 2 2 2 2 2 2 2 2 2 2 2
left_child=2 -2 23 -4 14 9 7 -7 -9 10 -6 15 13 22 19 -11 -17 -15 -19 21 -21 26 -13 -1 -25 -26 27 28 -5 -28
right_child=1 -3 3 4 5 6 -8 8 -10 11 -12 12 -14 17 -16 16 -18 18 -20 20 -22 -23 -24 24 25 -27 29 -29 -30 -31
leaf_value=4.7789775714451867e-05 -0.003584853595203441 -0.02658411490567867 0.0030403840657706295 -0.010996292135399122 -0.046324702559881567 0.0029641776812899361 -0.00064406801645277168 -0.03899028095612031 0.012199590018426148 0.0016768168954976422 0.0043357294635660848 0.0070068757959624046 0.0036699539378893514 -0.013920453395318295 -0.027193539534409505 -0.023714293009742593 0.030469562255739015 0.01618469105221158 -0.059372369120567009 0.0022069890678501737 -0.013947794407457659 -0.0081431110548845897 -0.0013691051709949535 0.020904274715532356 0.00064542742175346945 0.052031532279058726 -0.0051384817397588378 0.0067677208897196197 0.00097310309210771892 -0.0059180753727046571
leaf_weight=1044723 18145 2395 9099 1061 239 766 116551 684 249 15472 241 861 8663 1077 95 847 398 217 519 864 201 1890 2207 8756 43602 546 5068 2761 881 832
leaf_count=1044723 18145 2395 9099 1061 239 766 116551 684 249 15472 241 861 8663 1077 95 847 398 217 519 864 201 1890 2207 8756 43602 546 5068 2761 881 832
internal_value=0 -0.00260538 3.72902e-05 -0.000829123 -0.0012215 -0.000511262 -0.00147986 -0.0273624 -0.0547937 0.00321461 -0.0341726 0.00380764 -0.000989435 -0.0107071 -0.00897213 0.0076942 -0.0115545 -0.0292649 -0.00971821 -0.00846502 0.0117526 -0.0101885 0.000259376 0.000172856 0.00295857 0.00128968 -0.00761599 -0.000486515 -0.0147777 -0.013299
internal_weight=0 20540 1.26937e+06 171743 162644 148991 118250 1699 933 30741 480 30261 13544 4881 13653 16717 1245 1813 736 13558 1065 12493 3068 1.09763e+06 52904 44148 10603 4703 1942 5900
internal_count=1289910 20540 1269370 171743 162644 148991 118250 1699 933 30741 480 30261 13544 4881 13653 16717 1245 1813 736 13558 1065 12493 3068 1097627 52904 44148 10603 4703 1942 5900
is_linear=0
shrinkage=0.1


Tree=134
num_leaves=31
num_cat=0
split_feature=141 4 2 127 20 127 20 122 126 1 2 2 123 5 137 0 5 2 140 138 1 0 124 2 126 20 20 0 137 20
split_gain=14.0131 29.2841 42.7639 102.153 40.129 86.5602 67.2171 81.6439 47.0221 44.78 46.3704 43.8999 43.291 42.0274 87.5975 87.8598 51.5392 38.0947 65.0054 59.2302 56.7223 83.2131 75.7548 73.9777 61.1382 55.9494 64.3834 52.9362 46.6279 50.0262
threshold=0.84523809523809534 0.42500000000000004 353301.6750000001 0.73863636363636376 14.500000000000002 0.62019230769230782 20.500000000000004 1.0000000180025095e-35 0.10263157894736843 431.50000000000006 25.060000000000006 285042.06000000006 1349307.5000000002 1.0000000180025095e-35 100666.50000000001 249435.50000000003 1.5000000000000002 8001.8600000000006 0.19090909090909094 4.5000000000000009 529440.50000000012 789520.50000000012 12.500000000000002 120017.44000000002 0.70833333333333337 1.0000000180025095e-35 1.5000000000000002 1334019.0000000002 2963733.0000000005 4.5000000000000009
decision_type=2 2 2 2 2 2 2 2 2 2 2 2 2 2 2 2 2 2 2 2 2 2 2 2 2 2 2 2 2 2
left_child=1 2 4 -4 9 6 7 -6 -8 11 -11 -1 -7 14 -12 -16 -15 -18 20 -20 23 -22 24 -19 25 -23 27 -27 -28 -30
right_child=-2 -3 3 -5 5 12 8 -9 -10 10 13 -13 -14 16 15 -17 17 18 19 -21 21 22 -24 -25 -26 26 28 -29 29 -31
leaf_value=0.001190108585146058 0.0011345124558758358 0.00014019010961205139 -0.0010358989425236452 -0.0042743342710415341 0.01448069113846817 0.0063370308739427511 -0.0072773986813101654 0.011937831600673389 -0.0074323401761608211 -0.04826762071119825 -0.037997429518605234 0.018801643804168537 0.012734685089410815 0.11831814895903177 -0.057300919396119282 0.031977194028005633 -0.0011143749035403582 -0.0045300109187371039 -0.027516141337836694 -0.012783553681945543 0.0083044215510658225 -0.0062835903199333874 -0.01030941246205825 0.0021495565598915549 0.0089274678490899734 0.0048944984568965013 -0.00023457798183881839 0.0071137372483653667 -0.030085007502164324 0.15071654722300432
leaf_weight=50230 109504 983010 1453 471 8730 1116 8628 783 1401 1492 3356 205 156 2232 994 486 61137 27735 1593 1707 3197 1913 374 3227 186 1717 11831 497 428 121
leaf_count=50230 109504 983010 1453 471 8730 1116 8628 783 1401 1492 3356 205 156 2232 994 486 61137 27735 1593 1707 3197 1913 374 3227 186 1717 11831 497 428 121
internal_value=0 -0.000107507 -0.00121901 -0.0160548 -0.00107298 0.00307755 0.00143226 0.00745405 -0.0042797 -0.0015676 -0.00258786 0.000945344 0.0283544 -0.00237484 -0.0115116 -0.0317783 -0.00200005 -0.0022905 -0.0042122 -0.017816 -0.00333584 0.000777396 -0.00199609 -0.00602787 -0.00099886 -0.00164127 0.000466553 0.0161728 -0.00234229 -0.0308319
internal_weight=0 1.18041e+06 197396 1924 195472 20814 19542 9513 10029 174658 124223 50435 1272 122731 4836 1480 117895 115663 54526 3300 51226 20264 17067 30962 16693 16507 14594 2214 12380 549
internal_count=1289910 1180406 197396 1924 195472 20814 19542 9513 10029 174658 124223 50435 1272 122731 4836 1480 117895 115663 54526 3300 51226 20264 17067 30962 16693 16507 14594 2214 12380 549
is_linear=0
shrinkage=0.1


Tree=135
num_leaves=31
num_cat=0
split_feature=75 92 76 76 4 3 2 4 1 92 92 20 4 2 3 2 1 13 90 0 6 2 3 20 3 134 3 2 0 123
split_gain=14.0471 43.4105 27.9237 19.7766 53.0339 48.8662 42.1344 27.5397 35.4209 31.4799 25.9999 50.3727 42.4902 37.9102 27.1271 24.4332 19.055 18.7681 18.093 23.5009 17.1071 17.0957 16.7887 15.9329 15.9233 38.9759 46.1657 43.9403 66.8524 58.4723
threshold=24.500000000000004 125.06666666666668 23.500000000000004 10.500000000000002 12087.220000000003 33955.080000000009 48116.110000000008 26206.980000000003 56.500000000000007 2.6969696969696972 1.5166666666666668 7.5000000000000009 1378.0850000000003 53682.620000000003 7953.8700000000017 50395.260000000017 1.5000000000000002 113.50000000000001 218.81223788989857 2528504.5000000005 4.8333333333333348 74743.625000000015 175269.96500000003 4.5000000000000009 233421.54000000001 1115247.0000000002 64371.520000000011 173203.61500000002 6333383.5000000009 567.50000000000011
decision_type=2 2 2 2 2 2 2 2 2 2 2 2 2 2 2 2 2 2 2 2 2 2 2 2 2 2 2 2 2 2
left_child=3 18 17 24 10 6 -6 8 -7 15 11 12 -5 14 -14 -9 -12 -3 19 20 -2 -17 -23 -18 25 27 -27 28 -1 -30
right_child=1 2 -4 4 5 7 -8 9 -10 -11 16 -13 13 -15 -16 21 23 -19 -20 -21 -22 22 -24 -25 -26 26 -28 -29 29 -31
leaf_value=6.9803628761511141e-05 -0.011195093169423754 -0.040475354782377029 0.13577210162539988 -0.021590482563674317 -0.063113535351935188 -0.0034793766836163581 -0.065956419185747212 0.039462608588907593 -0.11863016847061399 0.020860743156133097 0.039800756782119279 0.027208759185647559 -0.031380386121661975 0.02727214020258727 -0.072734368494692572 -0.025222410825281275 0.013612148176133522 0.0045934830338620579 -0.01823012472507619 0.017939909190939643 0.000180125687987609 0.074390214364537952 -0.051456999946314967 -0.014070523579372161 -0.0006417586907336237 -0.049399895605665115 -0.0056634374509554105 0.0022547610945721887 -0.0043133491356627052 0.016832111269628545
leaf_weight=791020 5638 827 104 695 652 606 174 80 581 703 939 602 146 74 461 99 4742 77 312 754 13458 79 397 3886 310172 2614 25460 121032 1281 2245
leaf_count=791020 5638 827 104 695 652 606 174 80 581 703 939 602 146 74 461 99 4742 77 312 754 13458 79 397 3886 310172 2614 25460 121032 1281 2245
internal_value=0 -0.00256368 -0.0228159 3.36515e-05 -0.00358612 -0.014621 -0.0357549 -0.00776185 -0.0188884 0.00196362 -0.00036407 -0.0108008 -0.0213561 -0.0391084 -0.0473465 -0.0138097 0.00179374 -0.0284613 -0.00155116 -0.0011756 -0.00185932 -0.0210138 -0.0131502 0.000321453 7.67139e-05 0.000281026 -0.00338915 0.000393563 0.000123183 0.0138621
internal_weight=0 21170 1008 1.26874e+06 14916 3371 826 2545 1187 1358 11545 1978 1376 681 607 655 9567 904 20162 19850 19096 575 476 8628 1.25382e+06 943652 28074 915578 794546 3526
internal_count=1289910 21170 1008 1268740 14916 3371 826 2545 1187 1358 11545 1978 1376 681 607 655 9567 904 20162 19850 19096 575 476 8628 1253824 943652 28074 915578 794546 3526
is_linear=0
shrinkage=0.1


Tree=136
num_leaves=31
num_cat=0
split_feature=146 146 146 4 3 52 146 146 0 89 21 4 21 4 2 85 0 0 5 4 6 3 3 84 1 3 0 6 84 2
split_gain=14.0083 16.754 17.901 48.1049 16.1974 15.9029 15.2953 29.2622 31.2293 22.8985 18.8866 15.4889 20.3335 15.8052 14.9821 14.7439 22.9406 26.4564 16.2847 17.6443 15.4483 21.5676 36.2655 24.04 23.524 19.5203 14.1698 14.0259 13.9988 14.0984
threshold=2763683.5000000005 892994.50000000012 189622.00000000003 39774.850000000006 296520.98000000004 28.000000000000004 7326.0000000000009 34791.500000000007 1728700.5000000002 10563.937500000002 1.5000000000000002 21941.185000000001 1.5000000000000002 87683.285000000018 96199.780000000013 4.5000000000000009 4885671.0000000009 4570324.0000000009 1.0000000180025095e-35 0.42500000000000004 14.41666666666667 214484.96000000005 116697.38500000002 555932.50000000012 624135.00000000012 38503.685000000005 320377.00000000006 12.833333333333334 2786319.0000000005 223723.52000000005
decision_type=2 2 2 2 2 2 2 2 2 2 2 2 2 2 2 2 2 2 2 2 2 2 2 2 2 2 2 2 2 2
left_child=1 2 6 26 -5 -3 9 8 10 15 -8 -9 -13 -14 -10 -1 17 18 -17 -20 21 22 23 -21 -25 -22 -4 -18 29 -23
right_child=-2 5 3 4 -6 -7 7 11 14 -11 -12 12 13 -15 -16 16 27 -19 19 20 25 28 -24 24 -26 -27 -28 -29 -30 -31
leaf_value=-3.9846985467278945e-05 -0.013081804384243667 0.063596561303499693 -0.041112014430793792 -0.0074923040315262694 0.057821643695846726 -0.0073022809369104108 0.14494740379153309 -0.055483493206629909 -0.022678097206286121 -0.018074143256773305 -0.015169126325594943 0.038307283878567855 0.0054598432761986688 -0.020214049877639063 0.041407904354366892 0.30857852140918096 0.0084936387702900691 -0.015757412079434829 -0.017437044583852892 0.077072695848237685 0.10872778957811501 -0.016245710774370876 0.031747651208246401 -0.029340528429444686 -0.0036574204545214528 -0.063399543552659976 -0.076403007417519153 0.00010630177617321213 -0.0085955429796438446 -0.00072451412272997017
leaf_weight=1263890 123 1758 857 4304 606 285 3729 1579 44 1259 367 2608 236 550 306 1922 220 67 847 1146 255 24 544 115 320 483 47 111 21 1287
leaf_count=1263890 123 1758 857 4304 606 285 3729 1579 44 1259 367 2608 236 550 306 1922 220 67 847 1146 255 24 544 115 320 483 47 111 21 1287
internal_value=0 -3.68598e-06 -1.80415e-05 -0.00555433 -0.00165131 0.00904491 7.06746e-06 0.00402197 0.00991687 -2.26505e-05 0.00746696 -0.00124822 0.00255836 -0.0115408 0.0385878 -9.30085e-06 0.00445288 0.0032417 0.00384338 0.000857749 0.00351588 0.00631972 0.0125732 0.00491018 -0.0151045 -0.00961809 -0.0267532 0.0301805 -0.00365679 -0.0023593
internal_weight=0 1.28979e+06 1.28774e+06 5814 4910 2043 1.28193e+06 9419 4446 1.27251e+06 4096 4973 3394 786 350 1.27125e+06 7362 7031 6964 5042 4195 3457 2125 1581 435 738 904 331 1332 1311
internal_count=1289910 1289787 1287744 5814 4910 2043 1281930 9419 4446 1272511 4096 4973 3394 786 350 1271252 7362 7031 6964 5042 4195 3457 2125 1581 435 738 904 331 1332 1311
is_linear=0
shrinkage=0.1


Tree=137
num_leaves=31
num_cat=0
split_feature=106 3 13 105 6 64 4 6 5 53 4 123 6 2 20 3 62 20 63 13 6 6 0 4 63 138 6 52 62 91
split_gain=13.817 17.8063 48.4842 16.12 13.929 43.3378 48.4851 55.4601 52.7327 49.6832 45.492 81.1448 147.589 75.8156 64.1664 49.1435 43.68 40.7288 48.3955 51.3999 42.299 53.5045 75.6865 66.6464 64.9761 64.0395 51.887 47.1707 42.2347 40.2034
threshold=6.5000000000000009 382222.49000000005 2749981.0000000005 1355340.0000000002 10.16666666666667 0.91111123518665738 14744.320000000002 11.833333333333334 1.5000000000000002 1.0226058644930129e-05 1.2850000000000004 71821.500000000015 11.833333333333334 81708.800000000003 12.500000000000002 143161.52000000005 1601741.5000000002 5.5000000000000009 1.0001320864373648 1.5000000000000002 4.166666666666667 7.8333333333333348 399208.00000000006 23694.355000000007 0.84772313448882963 8.5000000000000018 9.8333333333333339 4.0282328617462491e-06 5006090.0000000009 1.0000000180025095e-35
decision_type=2 2 2 2 2 2 2 2 2 2 2 2 2 2 2 2 2 2 2 2 2 2 2 2 2 2 2 2 2 2
left_child=3 2 -2 4 17 6 8 9 29 16 11 13 -13 14 -10 -14 -8 -1 20 -20 27 22 -22 -23 -24 -25 -27 -19 -21 -6
right_child=1 -3 -4 -5 5 -7 7 -9 10 -11 -12 12 15 -15 -16 -17 -18 18 19 28 21 23 24 25 -26 26 -28 -29 -30 -31
leaf_value=0.00062563270908184705 0.026275714630795546 -0.0289147169328146 0.057815508840326046 -0.0087535364683985744 0.074340135454571452 -0.0029282447567565871 -0.012920949854728237 -0.0015105792674460885 -0.0090593909475412456 0.0113472659477977 0.0027019733450352442 -0.028674198986178269 0.00093188769506053761 0.014192152917733873 0.053518816955829676 -0.007899165916360508 -0.030465288394860752 0.00039888897979392104 -0.0088486537978923977 0.003750595944149171 -0.0024187231500831133 -0.0040719209683801241 -0.02038465765674518 0.014752838193763905 -0.0071399373579187578 -0.035259081816813496 0.019962467813639431 -0.026297736261753649 -0.026891462475315153 -0.0040801820356180631
leaf_weight=583739 2744 87 65 763 20714 43530 3649 332407 33346 949 75200 592 1738 4147 3558 2108 437 68018 1970 20042 19065 32368 2469 12729 16047 379 339 1159 484 5068
leaf_count=583739 2744 87 65 763 20714 43530 3649 332407 33346 949 75200 592 1738 4147 3558 2108 437 68018 1970 20042 19065 32368 2469 12729 16047 379 339 1159 484 5068
internal_value=0 0.00689566 0.00827563 -1.94076e-05 -1.0788e-05 -0.000405496 -0.000133629 -0.000793101 0.00138567 -0.0112097 0.000508695 -0.00198756 -0.0148329 -0.000598862 -0.00203948 -0.00767822 -0.015997 0.000263571 -0.00107422 0.00325574 -0.00171265 -0.00322912 -0.0060258 -0.000935074 -0.0105796 0.00498231 -0.0240744 0.000115525 0.00473658 0.00549093
internal_weight=0 2896 2809 1.28701e+06 1.28625e+06 527443 483913 337442 146471 5035 120689 45489 4438 41051 36904 3846 4086 758808 175069 22496 152573 83396 37581 45815 18516 13447 718 69177 20526 25782
internal_count=1289910 2896 2809 1287014 1286251 527443 483913 337442 146471 5035 120689 45489 4438 41051 36904 3846 4086 758808 175069 22496 152573 83396 37581 45815 18516 13447 718 69177 20526 25782
is_linear=0
shrinkage=0.1


Tree=138
num_leaves=31
num_cat=0
split_feature=64 63 63 141 62 1 13 64 1 140 1 0 0 13 2 2 64 0 6 141 4 66 123 6 123 3 20 123 127 123
split_gain=14.7914 17.9222 52.3868 28.761 39.9298 24.7052 31.4322 26.5549 15.0519 15.1286 16.4245 20.9547 23.921 24.5951 23.8882 18.1689 14.8846 14.8312 14.6004 14.3329 25.6333 71.9137 46.2122 65.4297 60.616 100.292 66.8887 55.7357 67.9841 66.3402
threshold=948319.50000000012 37177.55677655679 42716.044444444451 0.5634920634920636 1908092.0000000002 550908.50000000012 10.500000000000002 23789.250000000004 903371.50000000012 0.58571428571428574 1108780.5000000002 1659861.5000000002 1334019.0000000002 27.500000000000004 64225.510000000009 202356.42000000004 67625.500000000015 1294999.0000000002 4.8333333333333348 0.84523809523809534 0.28500000000000009 178.00000000000003 3805919.0000000005 8.8333333333333339 1260770.5000000002 143161.52000000005 2.5000000000000004 1148930.0000000002 0.69615384615384623 554177.50000000012
decision_type=2 2 2 2 2 2 2 2 2 2 2 2 2 2 2 2 2 2 2 2 2 2 2 2 2 2 2 2 2 2
left_child=1 19 3 4 -3 6 16 -7 -9 10 15 12 13 -12 -14 -10 -4 -5 -16 20 21 22 24 -24 27 26 -26 29 -29 -1
right_child=-2 2 5 17 -6 7 -8 8 9 -11 11 -13 14 -15 18 -17 -18 -19 -20 -21 -22 -23 23 -25 25 -27 -28 28 -30 -31
leaf_value=-0.0014533019703649244 0.0036089608150380093 0.00035690309935303122 0.0015540682411721018 -0.009084327441978025 -0.0062604713131889506 -0.0039635727225719947 -0.016200526839087927 0.005687679884119546 -0.007127421490630826 0.020677892539286549 0.0048718180645365506 -0.00029367541968590872 0.0030647547030027257 -0.0026310499234513361 -0.013125800311103658 0.011528243267854338 -0.0082880559072015629 -0.0010066645880391805 0.017393934494172533 0.0013628890559770888 0.00015325669908221597 -0.067774936212194617 -0.0011564792170933142 -0.016973565338477974 0.001357698540523629 -0.0012246950794146596 0.0076157538774437638 0.0014244223163504429 -0.0061137256222470382 0.0029900550428582531
leaf_weight=171211 1412 475 1047 432 123 163 87 1123 397 156 235 2752 238 147 83 179 1902 210 186 105883 990119 776 2920 118 1522 1494 894 383 692 2551
leaf_count=171211 1412 475 1047 432 123 163 87 1123 397 156 235 2752 238 147 83 179 1902 210 186 105883 990119 776 2920 118 1522 1494 894 383 692 2551
internal_value=0 -1.6094e-05 -0.00424698 -0.0234757 -0.00769568 -0.00150475 -0.00878219 0.00239953 0.00357923 0.000927242 -0.000204038 0.00227821 0.0156258 -0.00327195 0.0298644 -0.0158948 -0.00703453 -0.0381743 0.00944704 1.67818e-05 -8.38254e-05 -0.00117264 -0.00104296 -0.0132729 -0.0008351 0.011479 0.0240732 -0.00111049 -0.0238103 -0.000970053
internal_weight=0 1.2885e+06 9935 1240 598 8695 3036 5659 5496 4373 4217 3641 889 382 507 576 2949 642 269 1.27856e+06 1.17268e+06 182561 181785 3038 178747 3910 2416 174837 1075 173762
internal_count=1289910 1288498 9935 1240 598 8695 3036 5659 5496 4373 4217 3641 889 382 507 576 2949 642 269 1278563 1172680 182561 181785 3038 178747 3910 2416 174837 1075 173762
is_linear=0
shrinkage=0.1


Tree=139
num_leaves=31
num_cat=0
split_feature=123 15 123 3 2 2 2 123 124 6 64 64 64 4 4 6 3 2 4 6 3 2 20 124 6 124 124 64 2 3
split_gain=14.1124 48.2843 42.1729 81.9257 60.5637 51.5352 47.1199 44.1014 40.1066 39.2511 37.4945 104.15 81.0855 138.284 104.077 58.5995 40.4541 94.2438 63.0276 53.6324 49.9697 58.6317 38.7173 50.2556 40.0232 53.7129 61.8621 36.0356 35.5017 74.0402
threshold=289677.50000000006 1.0000000180025095e-35 1979162.0000000002 87804.735000000001 102032.16000000002 107708.69000000002 126512.94000000002 547723.50000000012 16.500000000000004 1.7500000000000002 3.3169055274815749e-06 0.0011100770441234407 0.0016020711391414569 14744.320000000002 24688.950000000004 4.8333333333333348 200860.91500000004 443478.26500000007 6332.3750000000009 4.8333333333333348 133603.97500000001 190473.59000000005 6.5000000000000009 13.500000000000002 19.833333333333339 9.5000000000000018 11.500000000000002 0.012741369474831342 80240.050000000017 57041.455000000009
decision_type=2 2 2 2 2 2 2 2 2 2 2 2 2 2 2 2 2 2 2 2 2 2 2 2 2 2 2 2 2 2
left_child=-1 9 3 28 -5 -6 7 -7 -8 -2 15 16 13 -13 -15 -11 18 -18 19 20 21 -12 23 24 25 -17 -27 -14 29 -3
right_child=1 2 -4 4 5 6 8 -9 -10 10 11 12 27 14 -16 22 17 -19 -20 -21 -22 -23 -24 -25 -26 26 -28 -29 -30 -31
leaf_value=0.00016124640398642589 0.0028156011286417718 -0.0030095009909739791 -0.0026002457032581775 0.0054386210138829966 -0.008309116399877324 -0.016137805450916053 0.0021229089791862492 0.027345942347275515 -0.0073530550478759175 0.0011736158855911681 -0.0009315695973440175 0.0066135302484018853 0.0037974995050919173 -0.039498757862541235 0.016657879052578161 -0.0015969828449535267 -0.025906414387227551 0.011154571332806744 0.01481168670949877 0.0084681938445898552 0.0046481658259349959 -0.0076015520046935946 0.0023905988238902189 -0.015652185054703886 0.015740892865166955 -0.045590036493620541 -0.0013042329843721764 -0.00049378826654926714 -0.0047964320940572279 0.0021155781508150006
leaf_weight=1140807 1141 4299 7712 295 219 58 8747 125 1426 3109 145 586 8752 484 192 2534 824 3368 2612 2171 63 132 1542 1234 805 544 489 88195 5550 1750
leaf_count=1140807 1141 4299 7712 295 219 58 8747 125 1426 3109 145 586 8752 484 192 2534 824 3368 2612 2171 63 132 1542 1234 805 544 489 88195 5550 1750
internal_value=0 -0.000923742 -0.00449585 -0.00230586 0.00393169 0.00268499 0.00370016 0.0539929 0.00279545 -1.71845e-05 -0.000195998 0.000355068 -0.000603435 -0.0257879 -0.0566078 -0.00597282 0.0104607 0.00317547 0.0164219 0.00510922 -0.0318209 -0.0501038 -0.0109577 -0.0148176 -0.00978742 -0.0143327 -0.0335522 -0.000275598 -0.00815137 -0.00285206
internal_weight=0 149103 30181 22469 10870 10575 10356 183 10173 118922 117781 107524 98209 1262 676 10257 9315 4192 5123 2511 340 277 7148 5606 4372 3567 1033 96947 11599 6049
internal_count=1289910 149103 30181 22469 10870 10575 10356 183 10173 118922 117781 107524 98209 1262 676 10257 9315 4192 5123 2511 340 277 7148 5606 4372 3567 1033 96947 11599 6049
is_linear=0
shrinkage=0.1


Tree=140
num_leaves=31
num_cat=0
split_feature=64 62 1 0 2 2 3 62 62 4 3 138 20 137 4 20 4 0 20 4 13 6 137 137 1 0 4 1 64 6
split_gain=14.8012 56.3433 42.4925 83.2826 71.8569 70.5642 84.911 69.9492 61.1061 59.8102 52.1387 49.6359 46.0844 39.9522 38.3814 34.0688 59.7918 33.8285 32.9944 39.4286 37.4345 42.6593 40.5554 39.2141 62.0545 52.3795 32.3139 31.404 29.9403 29.1867
threshold=2.3308541548375712 4739746.5000000009 550908.50000000012 738990.00000000012 35115.965000000004 45709.80000000001 31963.425000000007 33129.000000000007 1002084.5000000001 17749.415000000005 143161.52000000005 8.5000000000000018 4.5000000000000009 2.5000000000000004 716.72000000000014 3.5000000000000004 199459.71500000003 434111.50000000006 12.500000000000002 144746.32500000004 63905.500000000007 19.833333333333339 64022.000000000007 27.500000000000004 164756.00000000003 307200.50000000006 2235.4400000000005 81030.500000000015 9.2929330636898566 8.4166666666666696
decision_type=2 2 2 2 2 2 2 2 2 2 2 2 2 2 2 2 2 2 2 2 2 2 2 2 2 2 2 2 2 2
left_child=-1 2 5 -4 7 6 17 14 18 13 -10 -6 15 27 -5 -13 -17 -2 19 20 21 23 -22 -7 -25 -26 29 -8 -9 -16
right_child=1 -3 3 4 11 8 9 28 10 -11 -12 12 -14 -15 26 16 -18 -19 -20 -21 22 -23 -24 24 25 -27 -28 -29 -30 -31
leaf_value=0.00011203309683311958 -0.00010185673520874962 -0.0092200417990122574 0.0079358372661701253 -0.025597240734872562 7.0126664807285325e-05 -0.0034519662342091407 0.020998521407942918 0.0010936609842637057 -0.027441063134913853 -0.0029142963809678738 -0.017974955686489356 0.009878563969880072 0.00020837590709177082 0.036987242819473319 0.030436356548003692 0.043906731254552828 6.7064542143557843e-07 -0.037706113595666162 0.0026941327331143914 -0.023961282438680037 -0.012045592942345942 -0.015490555922618766 0.0020391568566072993 -0.0024645622278713399 0.0086173940479209975 4.2578374988366813e-05 -0.02977187559177414 -0.051747592259765919 -0.056553942678557539 -0.0051360897535665667
leaf_weight=1198604 7633 3303 3290 177 40401 11523 315 121 160 602 223 474 1053 1989 327 464 215 509 3259 2392 651 665 294 6322 1644 1909 245 105 762 279
leaf_count=1198604 7633 3303 3290 177 40401 11523 315 121 160 602 223 474 1053 1989 327 464 215 509 3259 2392 651 665 294 6322 1644 1909 245 105 762 279
internal_value=0 -0.00123468 -0.000753426 0.00126143 0.00012679 -0.0031499 0.0036113 -0.0188436 -0.0057464 0.0179595 -0.0454254 0.000977646 0.0155843 0.025005 -0.00111214 0.0293968 0.043759 -0.00169481 -0.00521613 -0.00643151 -0.00516114 -0.00432635 -0.0246512 -0.00355118 0.00107316 0.0116474 0.00770009 -0.00301997 -0.0394868 0.0200902
internal_weight=0 91306 88003 47808 44518 40195 11153 1911 29042 3011 383 42607 2206 2409 1028 1153 679 8142 28659 25400 23008 22063 945 21398 9875 3553 851 420 883 606
internal_count=1289910 91306 88003 47808 44518 40195 11153 1911 29042 3011 383 42607 2206 2409 1028 1153 679 8142 28659 25400 23008 22063 945 21398 9875 3553 851 420 883 606
is_linear=0
shrinkage=0.1


Tree=141
num_leaves=31
num_cat=0
split_feature=94 93 0 4 66 3 92 4 20 20 93 13 1 2 2 6 70 20 67 62 63 4 4 4 53 2 2 2 92 94
split_gain=13.7306 53.6603 53.6986 21.7269 21.7065 26.7872 23.9372 84.8685 21.7084 24.3742 17.4131 22.5805 19.1309 15.3785 17.1094 20.0603 16.781 15.9691 14.3506 25.538 24.9382 24.4676 28.432 30.799 26.8216 25.0621 25.517 27.3458 25.8758 23.2931
threshold=9918.0000000000018 135.50000000000003 2064191.0000000002 555.0150000000001 21.500000000000004 104790.55 2230.5000000000005 1.0950000000000004 6.5000000000000009 2.5000000000000004 130672.50000000001 21482.500000000004 824237.50000000012 1251981.4600000002 80240.050000000017 8.4166666666666696 0.5277777777777779 5.5000000000000009 10.500000000000002 424517.50000000006 0.75660207645482191 12087.220000000003 34924.205000000009 35690.100000000013 19.500000000000004 9512.1950000000015 333269.13500000007 131240.95000000004 413.97777777777782 168.68457423094074
decision_type=2 2 2 2 2 2 2 2 2 2 2 2 2 2 2 2 2 2 2 2 2 2 2 2 2 2 2 2 2 2
left_child=10 2 4 -3 6 -6 7 -2 9 -9 18 12 -12 14 15 17 -16 -8 -1 21 -21 24 29 -24 25 -20 27 -27 -28 -23
right_child=1 3 -4 -5 5 -7 13 8 -10 -11 11 -13 -14 -15 16 -17 -18 -19 19 20 -22 22 23 -25 -26 26 28 -29 -30 -31
leaf_value=8.5567685763137183e-05 -0.088284017252641456 -0.03617666849172177 -0.028716806985226558 0.022044395660106648 -0.00019560065183135136 0.02710823062715095 0.017049982984804934 -0.015548410958492085 -0.048881232513264615 0.0087884362277274759 0.030199994081196054 -0.04059535365653813 -0.059937833365167503 0.010028366952559944 -0.00170975924548403 -0.020404424713382621 -0.011490171733671273 -0.0066914118203895701 -0.035182725269181425 -0.012468432030455856 0.0048901354599977537 -0.014704916872400709 0.038109948657084357 -0.003496906747619025 -0.096275990054662836 0.011233457045106832 -0.00052418054491623069 0.025977716756931148 -0.022886979908739623 -0.055287907607484837
leaf_weight=1261600 180 107 596 395 479 289 1984 735 339 852 82 774 33 212 4737 1297 2727 510 2991 121 81 1093 52 847 374 4339 194 1047 110 733
leaf_count=1261600 180 107 596 395 479 289 1984 735 339 852 82 774 33 212 4737 1297 2727 510 2991 121 81 1093 52 847 374 4339 194 1047 110 733
internal_value=0 -0.00296666 -0.00404744 0.0291919 -0.00282513 0.0135303 -0.00375056 -0.0135499 -0.00741291 -0.00250613 3.3533e-05 -0.0139571 0.0273893 -0.00195085 -0.00245346 0.00301737 -0.00523212 0.00826319 4.32989e-05 -0.00340114 -0.0386566 -0.00279659 -0.0111044 0.0034533 -0.000296459 0.000833205 0.00472882 0.00631979 -0.0234586 -0.0182716
internal_weight=0 15439 14937 502 14341 768 13573 2106 1926 1587 1.27447e+06 889 115 11467 11255 3791 7464 2494 1.27358e+06 11982 202 11780 2725 899 9055 8681 5690 5386 304 1826
internal_count=1289910 15439 14937 502 14341 768 13573 2106 1926 1587 1274471 889 115 11467 11255 3791 7464 2494 1273582 11982 202 11780 2725 899 9055 8681 5690 5386 304 1826
is_linear=0
shrinkage=0.1


Tree=142
num_leaves=31
num_cat=0
split_feature=99 18 17 129 123 20 100 0 20 20 13 4 2 123 1 6 52 20 64 123 13 1 20 126 20 2 3 4 94 92
split_gain=13.5642 13.4473 14.7433 47.6406 36.0773 33.5656 21.5514 20.4272 20.0184 24.6724 21.1796 22.2189 26.3591 70.8492 36.2036 31.7361 19.5127 19.1267 17.6973 17.2716 16.2219 15.4929 16.2722 15.1026 19.3871 14.6038 13.7105 45.9215 36.4063 54.1226
threshold=1.0000000180025095e-35 1.5000000000000002 3.5000000000000004 0.080128205128205135 1002168.0000000001 4.5000000000000009 0.77500000000000013 1160977.0000000002 6.5000000000000009 17.500000000000004 517530.00000000006 0.43500000000000005 96199.780000000013 874.00000000000011 431.50000000000006 7.8333333333333348 0.028199206855665574 5.5000000000000009 0.021701452505486721 2195312.0000000005 748.50000000000011 194190.00000000003 2.5000000000000004 0.080128205128205135 13.500000000000002 133213.19500000004 486877.74000000005 0.8650000000000001 0.50008514363266066 0.050412394115024524
decision_type=2 2 2 2 2 2 2 2 2 2 2 2 2 2 2 2 2 2 2 2 2 2 2 2 2 2 2 2 2 2
left_child=1 2 26 4 6 19 8 -7 10 -10 11 12 20 14 -14 17 18 25 23 -6 -4 22 -17 24 -5 -15 -1 -28 29 -29
right_child=-2 -3 3 16 5 7 -8 -9 9 -11 -12 -13 13 15 -16 21 -18 -19 -20 -21 -22 -23 -24 -25 -26 -27 27 28 -30 -31
leaf_value=0.00021765899234962307 0.024619854302980481 -0.0028596424908823108 4.5742448009900022e-05 0.0044871489765391419 -0.00071550056094146536 -0.0092432360672625342 -0.044653120767772156 -0.004799687352168968 0.0062667120754145824 -0.0081907447100437441 0.0030939990950002894 -0.0007751682133896765 -0.008105308410571924 -0.011177928881182107 -0.0050951205527746792 -0.0016983401034124769 -0.017802445170907451 -0.0081803616099200734 0.00011877702496809137 -0.0031901869805292804 -0.0066471141201042807 0.0023653014997276935 -0.016066983546896636 0.0002151761941019953 0.014109825653689978 0.0074242364395204598 -0.011416316486744101 -0.0015688918103750453 0.0037270255693799444 -0.04890564900695047
leaf_weight=1122004 231 14156 1456 1540 334 98 120 46 1974 1109 688 2972 231 38 239 149 294 25 2681 120 2951 68 152 873 381 194 956 126357 7391 82
leaf_count=1122004 231 14156 1456 1540 334 98 120 46 1974 1109 688 2972 231 38 239 149 294 25 2681 120 2951 68 152 873 381 194 956 126357 7391 82
internal_value=0 -7.4651e-06 2.65525e-05 -0.00275816 -0.00612224 -0.0301112 -0.00496217 -0.0721784 -0.00454891 0.00242135 -0.00689414 -0.00826396 -0.0120268 -0.025905 -0.0552477 -0.00387449 0.00480154 0.0231051 0.00614923 -0.0167683 -0.00857537 -0.0226652 -0.0324044 0.0117185 0.0166748 0.0320604 6.80598e-05 -0.000884891 -0.000728886 -0.00112766
internal_weight=0 1.28968e+06 1.27552e+06 18733 12964 598 12366 144 12246 3083 9163 8475 5503 1096 470 626 5769 257 5475 454 4407 369 301 2794 1921 232 1.25679e+06 134786 133830 126439
internal_count=1289910 1289679 1275523 18733 12964 598 12366 144 12246 3083 9163 8475 5503 1096 470 626 5769 257 5475 454 4407 369 301 2794 1921 232 1256790 134786 133830 126439
is_linear=0
shrinkage=0.1


Tree=143
num_leaves=31
num_cat=0
split_feature=66 13 137 137 62 62 62 0 4 1 6 62 127 2 124 6 4 2 64 20 0 20 6 123 6 64 2 138 20 4
split_gain=13.5081 13.5591 44.5633 102.438 42.1075 46.3357 37.6063 77.5467 36.1518 47.5164 34.2166 31.7062 49.1199 59.2302 80.3704 44.4382 41.0131 68.1207 64.989 62.5438 58.2594 49.1274 48.8329 46.9662 56.9905 41.6094 39.063 34.935 34.4184 33.6065
threshold=2563886.0000000005 1212681.5000000002 901391.00000000012 955577.50000000012 1106848.5000000002 999666.00000000012 1601741.5000000002 1260225.5000000002 49356.885000000009 1252411.0000000002 2.8333333333333335 2112600.0000000005 0.10555555555555557 173203.61500000002 11.500000000000002 4.8333333333333348 555.0150000000001 85017.575000000026 0.17719850224202227 1.0000000180025095e-35 1409361.5000000002 23.500000000000004 29.833333333333339 3805919.0000000005 8.8333333333333339 0.0016020711391414569 264673.32500000001 13.500000000000002 1.5000000000000002 207.38000000000002
decision_type=2 2 2 2 2 2 2 2 2 2 2 2 2 2 2 2 2 2 2 2 2 2 2 2 2 2 2 2 2 2
left_child=1 2 6 -4 5 10 -1 -8 9 -6 -5 16 27 14 -14 29 21 18 -18 -19 28 23 -22 -3 -25 -24 -17 -13 -21 -15
right_child=-2 11 3 4 8 -7 7 -9 -10 -11 -12 12 13 15 -16 26 17 19 -20 20 22 -23 25 24 -26 -27 -28 -29 -30 -31
leaf_value=0.00014312610816755723 0.042110337409351953 0.00071466063998577498 0.036202918140762021 0.0070936730901801194 0.017089443137757312 -0.0095900143255249742 -0.0083426031312017999 -0.00069893640697747737 -0.017924662396932012 0.1222096317593655 0.0016844387475638844 0.0028294149549840334 -0.0085098524936141201 0.012156590720459293 0.0066317512873626198 0.0050493149889616999 -0.0052017927701031533 0.010775485271837741 -0.022697220775482918 -0.01683212118640285 -0.0045865107517391477 -0.033733104525493544 -0.00039524384362601419 -0.00094419267727442388 -0.014921134686947893 0.1773391412716569 -0.0048731026899362997 -0.023021875105863177 0.01064297744095535 0.0022894168646427401
leaf_weight=1131368 318 28297 2375 102 2045 2428 1002 12589 505 151 3928 47628 209 194 188 958 438 1153 323 553 30794 157 492 2920 118 347 11986 871 2458 3015
leaf_count=1131368 318 28297 2375 102 2045 2428 1002 12589 505 151 3928 47628 209 194 188 958 438 1153 323 553 30794 157 492 2920 118 347 11986 871 2458 3015
internal_value=0 -8.04427e-06 0.000101959 0.00628671 0.00148773 -0.00289726 3.96553e-05 -0.00518926 0.0119721 0.01752 0.00367751 -0.000963858 0.000614766 -0.00408933 -0.0422489 -0.00315146 -0.00247286 -0.0047514 -0.0343574 -0.00412202 -0.00488457 0.000172215 -0.00614975 0.000451788 -0.0113638 0.0176536 -0.00576303 0.00222001 0.00840723 0.00738273
internal_weight=0 1.28959e+06 1.15649e+06 11534 9159 6458 1.14496e+06 13591 2701 2196 4030 133099 65049 16550 397 16153 68050 36558 761 35797 34644 31492 31633 31335 3038 839 12944 48499 3011 3209
internal_count=1289910 1289592 1156493 11534 9159 6458 1144959 13591 2701 2196 4030 133099 65049 16550 397 16153 68050 36558 761 35797 34644 31492 31633 31335 3038 839 12944 48499 3011 3209
is_linear=0
shrinkage=0.1


Tree=144
num_leaves=31
num_cat=0
split_feature=64 123 15 52 6 3 0 2 64 0 124 64 20 6 20 0 6 4 12 20 4 64 6 4 64 64 20 123 13 2
split_gain=14.4855 13.5761 51.9593 38.5532 37.1234 37.7193 203.866 49.2226 166.74 89.6877 46.5253 48.6042 45.7203 100.684 81.9509 52.8489 51.8663 43.9222 42.0716 53.9135 41.7091 41.3463 45.9585 38.7809 45.2324 44.8446 37.8198 37.5967 39.9942 35.3494
threshold=948319.50000000012 1884925.0000000002 1.0000000180025095e-35 0.015624552779217359 1.7500000000000002 86203.35500000001 4362565.0000000009 333269.13500000007 1.0003983371729721 1989624.0000000002 9.5000000000000018 0.11154974153084198 4.5000000000000009 5.416666666666667 2.5000000000000004 3643419.0000000005 5.5833333333333348 5386.3550000000005 1.0000000180025095e-35 3.5000000000000004 1636.0450000000003 0.027405255351189619 5.416666666666667 31525.970000000005 2.0001060112371915e-05 0.0011100770441234407 6.5000000000000009 3805919.0000000005 2749981.0000000005 120017.44000000002
decision_type=2 2 2 2 2 2 2 2 2 2 2 2 2 2 2 2 2 2 2 2 2 2 2 2 2 2 2 2 2 2
left_child=1 -1 3 4 -3 6 10 8 12 23 11 -6 14 -14 27 -16 -17 20 19 -11 -15 22 -21 25 -25 -9 -19 28 -7 -4
right_child=-2 2 29 -5 5 7 -8 9 -10 18 -12 -13 13 17 15 16 -18 26 -20 21 -22 -23 -24 24 -26 -27 -28 -29 -30 -31
leaf_value=7.3713480566306452e-05 0.0034601832067818919 0.0022147314508518196 0.0029834485394823538 -0.037982636598797345 -0.0075045607528365869 -0.00040227185144879661 -0.011161703672396914 -0.019011695512068806 0.042211426787216851 0.0019508396846295573 0.010428619824170727 -0.00028345733621889526 -0.0025708796073442893 0.0053951875991874003 -0.001153353492047498 -0.00051912138872056571 -0.023517387061236503 0.024586886303563274 0.016827958222242097 0.01366249800255156 -0.0079700671014506213 -0.012491730517328097 -0.00012153694333435545 -0.026555124690143851 0.028356382791465309 -0.049557628021278145 0.0896644635888907 -0.0020484966743670881 0.010026052618844903 -0.0024955559216995812
leaf_weight=1221274 1412 463 305 487 1382 279 549 714 417 21661 1807 3610 1467 3246 356 150 397 1073 2446 337 605 10189 3899 548 467 200 1054 721 313 8082
leaf_count=1221274 1412 463 305 487 1382 279 549 714 417 21661 1807 3610 1467 3246 356 150 397 1073 2446 337 605 10189 3899 548 467 200 1054 721 313 8082
internal_value=0 -1.84287e-05 -0.00140197 -0.000352308 -0.000118452 -0.000344034 -0.00703856 0.000629302 0.00688247 -0.000928233 -0.0023054 -0.00728236 0.00421014 0.00796329 -0.00839915 -0.0315881 -0.0511047 0.0137241 0.000125191 -0.000735094 0.00735381 -0.00547163 0.00283162 -0.0219705 -0.00851553 -0.0369123 0.0252578 0.00754874 0.0262233 -0.00876559
internal_weight=0 1.2885e+06 67224 58837 58350 57887 7348 50539 10078 40461 6799 4992 9661 7445 2216 903 547 5978 38532 36086 3851 14425 4236 1929 1015 914 2127 1313 592 8387
internal_count=1289910 1288498 67224 58837 58350 57887 7348 50539 10078 40461 6799 4992 9661 7445 2216 903 547 5978 38532 36086 3851 14425 4236 1929 1015 914 2127 1313 592 8387
is_linear=0
shrinkage=0.1


Tree=145
num_leaves=31
num_cat=0
split_feature=84 4 84 89 90 25 3 6 105 64 20 2 20 20 137 1 138 6 2 52 4 20 20 3 134 134 0 2 20 63
split_gain=13.3259 15.3494 15.3112 12.942 16.2903 12.8035 26.1301 14.2142 50.5159 32.9105 38.6864 46.6466 30.6161 94.918 115.595 59.4699 40.1412 91.6863 85.6613 45.2663 58.857 39.9889 47.6088 36.1239 39.7684 46.752 41.5926 44.7465 55.6001 56.3802
threshold=1407870.5000000002 503645.25500000006 2786319.0000000005 2003680.0000000002 47929480.000000007 6.0000000000000009 23170.520000000004 10.16666666666667 4897042.5000000009 0.97777807523184457 12.500000000000002 16671.765000000003 7.5000000000000009 8.5000000000000018 3142.5000000000005 88756.500000000015 6.5000000000000009 6.8333333333333348 146884.43000000002 0.012256490388639357 16159.545 13.500000000000002 10.500000000000002 228987.06500000003 3808562.0000000005 29611337.000000004 7051345.5000000009 594975.59500000009 2.5000000000000004 16.771798390380479
decision_type=2 2 2 2 2 2 2 2 2 2 2 2 2 2 2 2 2 2 2 2 2 2 2 2 2 2 2 2 2 2
left_child=3 -2 -3 4 5 7 -7 12 9 10 -9 -12 23 14 -14 -16 19 18 -18 -15 -21 22 -19 -1 26 -26 27 28 -25 -30
right_child=1 2 -4 -5 -6 6 -8 8 -10 -11 11 -13 13 16 15 -17 17 21 -20 20 -22 -23 -24 24 25 -27 -28 -29 29 -31
leaf_value=0.00079513129255363033 0.012082830802097289 0.00059253351844804113 -0.0083272140857760368 -0.024370557821496597 0.01919392171167246 0.23178115069496386 0.00088054512369648572 -0.00085957444645230481 0.053159419346282058 -0.0026990342223051794 0.05579840778582397 -0.00098241828584660906 -0.0052710091887842791 0.00086477033236616048 -0.10480602423753636 -0.019526455455205021 9.9264440581037233e-05 0.051567508167892996 -0.019530069679993545 -0.027320123233021288 0.0020717948516342662 0.0083391774160821181 -0.048906768032049179 -0.0015524722066646761 0.023669031307260904 -0.012578903823508167 0.0033949456732753794 0.00027466985809413102 -0.0082372449779035788 0.014478025509501233
leaf_weight=486081 335 49 33 297 152 9312 21791 441237 60 40410 11344 13119 7327 98700 578 2300 2172 390 3376 2350 2107 10148 2179 46547 7862 3131 21748 41424 12500 851
leaf_count=486081 335 49 33 297 152 9312 21791 441237 60 40410 11344 13119 7327 98700 578 2300 2172 390 3376 2350 2107 10148 2179 46547 7862 3131 21748 41424 12500 851
internal_value=0 0.0178684 -0.0209103 -1.09223e-05 -6.11379e-06 -9.97384e-06 0.00199431 -5.95304e-05 -0.000469193 -0.00048007 -0.00024253 0.00362833 0.000216297 -0.00116888 -0.0104317 -0.0274134 -0.000390382 -0.0047114 -0.0154381 0.000374698 -0.009483 -3.16951e-05 -0.0111768 0.000510304 -0.00094298 0.00481981 -0.00145773 -0.00230944 -0.00405706 -0.00974586
internal_weight=0 417 82 1.28949e+06 1.2892e+06 1.28904e+06 31103 1.25794e+06 506170 506110 465700 24463 751771 131627 10205 2878 121422 18265 5548 103157 4457 12717 2569 620144 134063 10993 123070 101322 59898 13351
internal_count=1289910 417 82 1289493 1289196 1289044 31103 1257941 506170 506110 465700 24463 751771 131627 10205 2878 121422 18265 5548 103157 4457 12717 2569 620144 134063 10993 123070 101322 59898 13351
is_linear=0
shrinkage=0.1


Tree=146
num_leaves=31
num_cat=0
split_feature=97 3 6 8 64 4 3 2 20 21 2 3 4 4 2 84 26 3 137 64 137 137 5 20 4 3 6 20 0 2
split_gain=13.2316 34.6137 36.9415 44.3379 24.0081 20.8102 15.4951 15.2878 15.3862 18.2184 14.4295 15.9169 13.865 13.414 18.5448 13.1083 12.749 27.6621 12.8635 61.1149 54.9161 70.8645 51.9553 45.8984 80.4847 70.6363 54.5583 50.0686 45.4449 68.7471
threshold=1.0000000180025095e-35 130072.67500000002 6.416666666666667 1.0000000180025095e-35 1.0498794742118116 47943.080000000009 204152.65000000002 161284.24000000002 4.5000000000000009 1.5000000000000002 91757.885000000024 66299.190000000017 30394.260000000006 15512.270000000002 56006.060000000005 4516578.0000000009 2.5000000000000004 29929.935000000005 356646.50000000006 0.81089648779382484 318038.50000000006 323411.50000000006 1.0000000180025095e-35 1.5000000000000002 2949.3600000000006 309452.24000000005 13.833333333333334 1.0000000180025095e-35 550936.50000000012 13279.115000000002
decision_type=2 2 2 2 2 2 2 2 2 2 2 2 2 2 2 2 2 2 2 2 2 2 2 2 2 2 2 2 2 2
left_child=15 4 7 6 10 -6 12 -3 9 -9 11 13 -4 -2 -15 16 18 -18 20 28 -1 22 -22 25 -25 -21 -26 -27 -20 -30
right_child=1 2 3 -5 5 -7 -8 8 -10 -11 -12 -13 -14 14 -16 -17 17 -19 19 23 21 -23 -24 24 26 27 -28 -29 29 -31
leaf_value=-0.00011672367699370108 0.046921441597211101 -0.023402661048833442 -0.04723405882448329 -0.0054586534214084957 -0.0034239859630863499 -0.052255422342303272 -0.055095608412601083 -0.060126124573995493 0.028534202526132386 0.0036602814013262258 0.040592277523933996 -0.015558067388292086 -0.0057868336929715811 -0.021151421703326401 0.02516023686140292 0.11750570760767175 0.21085851434103839 -0.0019968772999216177 0.0063405622456153225 0.020795769453234893 0.033364416246122852 -0.0040668082508017143 -0.024981277626790064 -0.054402946914847518 0.0079221430756487056 0.011308429334605907 -0.0043858870799167188 -0.018623654213639051 0.044422648022261507 -0.0019134575478303802
leaf_weight=1156590 1108 43 67 1038 282 58 66 29 294 322 793 159 81 184 201 62 9327 18298 10347 4907 157 5546 2015 1085 10549 1201 2668 434 908 61091
leaf_count=1156590 1108 43 67 1038 282 58 66 29 294 322 793 159 81 184 201 62 9327 18298 10347 4907 157 5546 2015 1085 10549 1201 2668 434 908 61091
internal_value=0 0.00528024 -0.00497474 -0.0152041 0.0124237 -0.0124743 -0.0566496 0.0136403 0.0174892 0.00335386 0.0158861 0.0105635 -0.0386803 0.0137668 -0.00231332 -2.13023e-05 -2.35205e-05 0.00210153 -7.02041e-05 0.00106031 -0.000160689 -0.00856793 -0.0238796 0.00583127 0.00265757 0.0127695 0.00480692 -0.00523193 -0.000314278 -0.00133816
internal_weight=0 4725 1940 1252 2785 340 214 688 645 351 2445 1652 148 1493 385 1.28518e+06 1.28512e+06 27625 1.2575e+06 93190 1.16431e+06 7718 2172 20844 14302 6542 13217 1635 72346 61999
internal_count=1289910 4725 1940 1252 2785 340 214 688 645 351 2445 1652 148 1493 385 1285185 1285123 27625 1257498 93190 1164308 7718 2172 20844 14302 6542 13217 1635 72346 61999
is_linear=0
shrinkage=0.1


Tree=147
num_leaves=31
num_cat=0
split_feature=105 3 105 2 88 4 26 3 6 134 134 134 3 134 2 2 4 134 134 134 0 4 29 0 2 20 87 93 124 65
split_gain=12.7122 50.8011 13.5811 13.3439 16.9737 14.4893 12.4181 27.2503 12.041 23.4486 17.8867 30.312 54.5878 39.5942 28.0311 16.857 14.6506 33.4641 14.1579 28.9031 28.2863 20.3599 23.0347 21.2231 100.059 237.97 50.4523 35.0344 47.0396 31.1099
threshold=3572255.0000000005 394480.84500000003 1355340.0000000002 144251.28500000003 1564577.0000000002 1378.0850000000003 2.5000000000000004 28927.465000000004 42.583333333333336 4875150.0000000009 4698586.0000000009 25727432.500000004 339022.17000000004 7099636.0000000009 152519.79000000001 857387.30000000016 408731.36000000004 4742018.5000000009 255450.50000000003 1044.0000000000002 2.5000000000000004 195203.74000000002 605257.00000000012 1550.5000000000002 35.390000000000008 2.5000000000000004 1.0000000180025095e-35 27.500000000000004 9.5000000000000018 1.0000000180025095e-35
decision_type=2 2 2 2 2 2 2 2 2 2 2 2 2 2 2 2 2 2 2 2 2 2 2 2 2 2 2 2 2 2
left_child=2 -2 6 -4 -5 -6 8 -8 10 -10 18 12 13 14 -12 -11 17 -16 19 21 -20 22 23 26 25 -25 27 28 -1 -29
right_child=1 -3 3 4 5 -7 7 -9 9 15 11 -13 -14 -15 16 -17 -18 -19 20 -21 -22 -23 -24 24 -26 -27 -28 29 -30 -31
leaf_value=0.0013739439408591014 0.041819813476715643 -0.013198672177492999 0.0023010488424541477 -0.019218131449822675 -0.012709411054259202 0.027192189377431411 0.18931795099287196 -0.0016090227836400572 -0.0018839209162460513 -0.038763871028950715 -0.33201825870839474 -0.0063138358563870249 0.026330844901083641 -0.022132359520205581 0.010232583765682125 -0.0033485036265336015 0.053916643352920061 -0.043567579413181658 -0.11686600747885781 0.0044597112215075006 -0.0024741648438451505 -0.0025495214041119985 0.051290328222337624 -0.081639792750183765 -0.00012109637018452806 0.00080191291550066887 0.073353531683157974 -0.011395901911120727 0.014099563940275162 -0.12744009527222055
leaf_weight=259007 74 87 28 92 707 80 9205 18420 79015 2247 90 7288 9001 4534 1313 1936 2355 1800 1164 66864 69547 120670 633 570 625439 1172 922 1710 3397 543
leaf_count=259007 74 87 28 92 707 80 9205 18420 79015 2247 90 7288 9001 4534 1313 1936 2355 1800 1164 66864 69547 120670 633 570 625439 1172 922 1710 3397 543
internal_value=0 0.0280981 -3.0625e-06 -0.0122355 -0.0144003 -0.0096491 5.54583e-06 0.0021029 -4.03934e-05 -0.00120306 4.17203e-05 0.00261627 0.00471052 -0.000339201 0.00531809 -0.00849953 0.0062292 0.00172705 -1.72558e-05 7.24224e-05 -0.00138813 -6.03591e-05 0.000104318 9.07973e-05 -0.000226479 -0.0241597 0.000840065 0.000758713 0.000865324 -0.0116581
internal_weight=0 161 1.28975e+06 907 879 787 1.28884e+06 27625 1.26122e+06 83198 1.17802e+06 26381 19093 10092 5558 4183 5468 3113 1.15164e+06 1.08093e+06 70711 1.01406e+06 893393 892760 627181 1742 265579 264657 262404 2253
internal_count=1289910 161 1289749 907 879 787 1288842 27625 1261217 83198 1178019 26381 19093 10092 5558 4183 5468 3113 1151638 1080927 70711 1014063 893393 892760 627181 1742 265579 264657 262404 2253
is_linear=0
shrinkage=0.1


Tree=148
num_leaves=31
num_cat=0
split_feature=2 13 5 20 141 6 20 2 0 64 138 0 13 0 20 5 17 20 2 5 13 20 20 137 5 6 4 5 137 3
split_gain=13.6197 68.7414 27.7391 32.259 28.1094 33.1798 27.5517 23.449 53.1235 46.6593 27.781 21.0339 28.9405 18.7787 18.0005 31.6334 17.9399 26.9861 27.3696 17.6709 22.6795 19.3297 14.6633 14.275 49.2577 17.6694 13.8341 54.6551 57.091 74.512
threshold=1.4600000000000002 3.5000000000000004 1.0000000180025095e-35 6.5000000000000009 0.55050505050505061 7.8333333333333348 6.5000000000000009 3.9650000000000003 113.50000000000001 0.99999947370637032 8.5000000000000018 38.500000000000007 23.500000000000004 18.500000000000004 9.5000000000000018 1.5000000000000002 1.5000000000000002 1.0000000180025095e-35 1.1450000000000002 1.0000000180025095e-35 1.5000000000000002 5.5000000000000009 10.500000000000002 67.500000000000014 1.0000000180025095e-35 7.8333333333333348 0.42500000000000004 1.5000000000000002 308.50000000000006 5593.5400000000009
decision_type=2 2 2 2 2 2 2 2 2 2 2 2 2 2 2 2 2 2 2 2 2 2 2 2 2 2 2 2 2 2
left_child=1 6 3 -3 5 11 19 8 9 10 23 12 13 -4 15 -8 -6 -18 -19 20 -1 -21 -16 25 -25 -2 27 28 -9 -30
right_child=7 2 4 -5 16 -7 14 26 -10 -11 -12 -13 -14 -15 22 -17 17 18 -20 21 -22 -23 -24 24 -26 -27 -28 -29 29 -31
leaf_value=0.6708616445355442 0.011466328237513057 -0.049095805585015494 -0.0039383064039568419 -0.012837724691598518 -0.0044215124259371517 -0.02682775312084831 0.76626657728066583 0.24925195402792333 0.054642641911847804 -0.1030758064823456 0.054143040601267602 0.0052839025426878686 -0.065802838929474541 0.003632569964916621 0.084655215337223713 -0.036442571473905616 0.085242493844183365 -0.015176743403805799 -0.034168127288225679 0.064488784210264966 -0.084537201024787442 0.05027215146411923 -0.017386914279811979 -0.041299544469521159 0.0021205214036488437 -0.019157632937917279 0.00018001356256313052 -0.001093504510706822 -0.03193677450737073 0.12812253313066657
leaf_weight=2091 10655 335 8094 366 3851 346 213 9167 941 643 2022 412 1733 2179 1666 229 153 193 302 1536 53 1002 511 397 1904 1127 1037208 188670 8963 2948
leaf_count=2091 10655 335 8094 366 3851 346 213 9167 941 643 2022 412 1733 2179 1666 229 153 193 302 1536 53 1002 511 397 1904 1127 1037208 188670 8963 2948
internal_value=0 -0.00229597 -0.00562133 -0.0251218 -0.00482948 -0.00243378 0.00588604 4.8902e-05 0.00366426 0.00236527 0.00341993 -0.00158273 -0.00234513 -0.000328597 -0.00232751 -0.0207265 -0.0116263 -0.0270203 -0.0383658 0.0104805 0.00379635 0.016127 0.00140806 0.00184618 -0.00535811 0.00325316 -2.38458e-06 -0.000743071 0.00408644 -0.000479274
internal_weight=0 25265 17964 701 17263 12764 7301 1.26464e+06 17689 16748 16105 12418 12006 10273 2619 442 4499 648 495 4682 2144 2538 2177 14083 2301 11782 1.24696e+06 209748 21078 11911
internal_count=1289910 25265 17964 701 17263 12764 7301 1264645 17689 16748 16105 12418 12006 10273 2619 442 4499 648 495 4682 2144 2538 2177 14083 2301 11782 1246956 209748 21078 11911
is_linear=0
shrinkage=0.1


Tree=149
num_leaves=31
num_cat=0
split_feature=26 2 66 1 0 62 4 6 5 105 2 0 64 3 3 6 6 1 123 4 123 64 123 64 4 4 0 2 4 6
split_gain=12.154 26.3154 11.6547 11.8348 24.8932 73.5016 52.7677 48.591 58.8599 51.3911 36.141 34.5314 54.9528 35.1299 36.5458 57.2173 47.609 35.5878 46.8717 47.6418 34.5582 103.253 61.2282 50.8379 51.7731 54.9381 56.7691 94.2536 36.6045 48.7922
threshold=2.5000000000000004 29817.595000000001 2563886.0000000005 26516060.000000004 7051345.5000000009 4525000.0000000009 102959.26500000001 7.416666666666667 3.0000000000000004 320890.00000000006 290961.89500000008 3762686.0000000005 0.012741369474831342 121500.34500000002 113651.98000000001 3.8333333333333335 1.7500000000000002 4731530.0000000009 3808814.5000000005 11.110000000000001 1884925.0000000002 1.0003983371729721 1645590.5000000002 0.28963706640572678 2385.5750000000003 1000.5650000000002 4570324.0000000009 173203.61500000002 1779.3800000000003 5.5833333333333348
decision_type=2 2 2 2 2 2 2 2 2 2 2 2 2 2 2 2 2 2 2 2 2 2 2 2 2 2 2 2 2 2
left_child=2 -2 3 4 11 6 7 8 -6 -10 -8 -1 13 14 16 -16 -13 18 -15 -20 22 23 -14 -22 25 26 -25 -28 29 -27
right_child=1 -3 -4 -5 5 -7 10 -9 9 -11 -12 12 20 17 15 -17 -18 -19 19 -21 21 -23 -24 24 -26 28 27 -29 -30 -31
leaf_value=9.3791820565680695e-06 0.17090555001462349 -0.0016439296391546065 0.038134015944218357 -0.0064173315062388547 -0.021764280289270344 -0.001656707670775648 -0.026696875767897366 0.0048090433739621068 0.018094903380109086 -0.011849340147005961 0.0060945349019658314 0.0017904278452546718 -0.0022873049289348765 0.0021331091041864592 -0.0032711472837715252 -0.0023762891840585 -0.0020432255938722362 0.0029128672259294036 -0.006831452848387461 -0.0061691375204271153 -0.0027817598334179943 0.013575729695687667 0.017563613892874967 -0.0017026374195774974 -0.016813041262119379 -0.0073087926858595963 -0.010391799093580048 -0.0049275791368125418 -0.0078477562521831433 0.034246715245023047
leaf_weight=1170649 9319 18306 318 8365 478 19757 1059 5906 4954 264 2809 93 15966 2270 125 806 2904 7748 359 882 7571 551 324 1869 3216 101 516 1025 477 923
leaf_count=1170649 9319 18306 318 8365 478 19757 1059 5906 4954 264 2809 93 15966 2270 125 806 2904 7748 359 882 7571 551 324 1869 3216 101 516 1025 477 923
internal_value=0 0.00207471 -4.5648e-05 -5.04715e-05 -2.5456e-05 0.00259522 0.00775731 0.0111295 0.0177193 0.0207961 -0.0023576 -0.000101228 -0.00273788 0.002229 -0.00591367 -0.0232199 -0.000537604 0.00506979 -0.00328201 -0.0189087 -0.00505608 -0.00831911 -0.00180127 -0.00981256 -0.0153052 -0.0088463 -0.0158635 -0.0300731 0.00709555 0.0177538
internal_weight=0 27625 1.26228e+06 1.26197e+06 1.2536e+06 35227 15470 11602 5696 5218 3868 1.21838e+06 47726 15187 3928 931 2997 11259 3511 1241 32539 16249 16290 15698 8127 4911 3410 1541 1501 1024
internal_count=1289910 27625 1262285 1261967 1253602 35227 15470 11602 5696 5218 3868 1218375 47726 15187 3928 931 2997 11259 3511 1241 32539 16249 16290 15698 8127 4911 3410 1541 1501 1024
is_linear=0
shrinkage=0.1


Tree=150
num_leaves=31
num_cat=0
split_feature=105 3 64 63 138 0 0 3 1 0 62 62 63 138 6 2 1 2 63 3 5 63 137 0 138 63 63 0 20 3
split_gain=12.5761 46.6264 12.3232 14.2503 38.0714 88.9247 68.0506 32.6373 25.9826 25.1016 35.178 29.3675 24.7391 82.0877 32.2145 28.4783 21.9404 21.2675 20.8559 20.4477 20.4107 20.0471 19.3739 19.1375 32.6296 17.8183 47.5073 38.4484 36.4891 52.2783
threshold=3572255.0000000005 394480.84500000003 948319.50000000012 19143.694444444449 7.5000000000000009 1294999.0000000002 1500918.5000000002 58006.130000000012 480992.00000000006 550936.50000000012 938140.00000000012 392032.50000000006 1999.8977272727275 7.5000000000000009 4.166666666666667 139370.90000000005 994844.00000000012 65201.175000000003 2207.6034161490688 68919.37000000001 3.0000000000000004 42755.556847545224 14.500000000000002 166453.00000000003 6.5000000000000009 69.280350877192987 17.816012864933224 42399800.500000007 3.5000000000000004 160847.74000000002
decision_type=2 2 2 2 2 2 2 2 2 2 2 2 2 2 2 2 2 2 2 2 2 2 2 2 2 2 2 2 2 2
left_child=2 -2 3 12 8 7 -7 -6 20 11 17 -9 25 14 15 -14 -10 -11 -16 21 -5 -8 -15 24 -20 26 -1 28 -28 -30
right_child=1 -3 -4 4 5 6 19 9 16 10 -12 -13 13 22 18 -17 -18 -19 23 -21 -22 -23 -24 -25 -26 -27 27 -29 29 -31
leaf_value=-2.2392143822262854e-05 0.037138926435391552 -0.01071187230129942 0.0033481785898576964 0.013624319308490099 -0.00038362190608491663 0.0031855966667130304 0.00035932492192217728 -0.0079734997404421245 0.010310090560278149 0.0016833559319484521 -0.0034645896199903994 -0.016898636283876525 0.008476171171353044 -0.0037454820194614772 0.028573333886039554 0.0010169664513956507 -4.8666026732457906e-05 -0.0041945909907821618 -0.0073753865525076311 -0.001992147444241762 -0.0068859599118132834 -0.0010690339703489399 0.013373625230401988 -3.3842308074442962e-05 -0.010398000939287631 -0.0021077520554543317 8.1265800756302617e-05 -0.042275501498436667 0.0039387055653323129 0.012295884223492093
leaf_weight=1242930 74 87 1412 394 380 337 1040 134 1733 194 786 215 859 80 266 1007 3039 70 950 198 3036 309 658 1832 211 17632 3637 428 3329 2653
leaf_count=1242930 74 87 1412 394 380 337 1040 134 1733 194 786 215 859 80 266 1007 3039 70 950 198 3036 309 658 1832 211 17632 3637 428 3329 2653
internal_value=0 0.0279516 1.32496e-06 -8.90822e-06 -0.00345851 -0.0119348 0.00320568 -0.0279689 0.000326998 -0.0350281 -0.0273055 -0.0582621 2.31563e-05 0.00650401 0.00201387 0.0124915 0.00509875 0.00427721 -0.00398532 -0.00566476 -0.00631172 -0.00126019 0.0376856 -0.00637016 -0.0164148 -6.74844e-06 3.76745e-05 0.00688646 0.00819137 0.0129938
internal_weight=0 161 1.28975e+06 1.28834e+06 11865 3663 1884 1779 8202 1399 1050 349 1.27647e+06 5863 5125 1866 4772 264 3259 1547 3430 1349 738 2993 1161 1.27061e+06 1.25298e+06 10047 9619 5982
internal_count=1289910 161 1289749 1288337 11865 3663 1884 1779 8202 1399 1050 349 1276472 5863 5125 1866 4772 264 3259 1547 3430 1349 738 2993 1161 1270609 1252977 10047 9619 5982
is_linear=0
shrinkage=0.1


Tree=151
num_leaves=31
num_cat=0
split_feature=76 0 5 0 4 20 4 3 4 13 63 62 2 1 93 64 93 3 52 76 3 134 134 4 134 2 2 4 5 20
split_gain=12.1084 20.9782 30.9588 22.6846 31.2961 22.2862 46.5336 40.7842 23.9032 21.7404 19.5417 31.322 17.1648 18.7649 28.0809 26.4488 19.2689 16.8111 28.7163 15.6695 14.0964 12.9248 42.2966 35.7137 31.997 22.5475 25.0852 21.6087 33.6985 41.1033
threshold=3.5000000000000004 2.5000000000000004 3.0000000000000004 105026.50000000001 12714.170000000002 7.5000000000000009 1378.0850000000003 51014.310000000005 44935.665000000008 508626.00000000006 0.99611801242236042 22791.000000000004 340235.22500000003 280117.00000000006 155.50000000000003 999.48472794117663 32613.000000000004 339022.17000000004 1.000420521446594 10.500000000000002 172518.43000000002 113101.50000000001 1044.0000000000002 87683.285000000018 1416396.5000000002 1169304.2650000001 176274.905 243000.85000000001 3.0000000000000004 7.5000000000000009
decision_type=2 2 2 2 2 2 2 2 2 2 2 2 2 2 2 2 2 2 2 2 2 2 2 2 2 2 2 2 2 2
left_child=21 2 5 17 9 6 -2 19 -7 12 11 -6 13 14 -5 16 -15 -3 -19 -8 -9 22 27 24 -23 26 -24 -1 29 -29
right_child=1 3 -4 4 10 8 7 20 -10 -11 -12 -13 -14 15 -16 -17 -18 18 -20 -21 -22 23 25 -25 -26 -27 -28 28 -30 -31
leaf_value=0.00020592868650425868 -0.012955632305406951 0.0021948311306065893 0.025040516556524096 -0.016974449524115642 0.0024306045603412242 0.0074487467197940534 0.14098243415254438 0.025639731143464673 -0.022172114002124481 0.023057004305961179 0.0118174244760268 -0.036754420076858675 0.012351558654998512 -0.013957984565158815 0.020334893630367515 0.032777946527619915 -0.016379848774736482 -0.013348499161334411 0.019372337697085705 -0.073141785673785292 -0.036478227741208832 -0.0065006629965178144 0.0036771359368117373 -0.00037531537437867084 -0.24053967871634863 -0.01018809504778413 0.013822612101150968 -0.0022966717019733186 -0.01165925689798486 0.0082301274198934432
leaf_weight=919342 1540 34892 645 2412 1035 853 32 92 331 1265 1422 227 253 3450 713 78 245 2424 366 766 176 21000 32852 116950 391 4093 20810 100338 16645 4272
leaf_count=919342 1540 34892 645 2412 1035 853 32 92 331 1265 1422 227 253 3450 713 78 245 2424 366 766 176 21000 32852 116950 391 4093 20810 100338 16645 4272
internal_value=0 -0.00147116 -0.00805595 -0.000872509 -0.00484571 -0.0115027 -0.0166714 -0.0327326 -0.000126137 -0.00784434 0.00455682 -0.00450071 -0.00998202 -0.0109203 -0.0051893 -0.015667 -0.0168835 0.000297879 -0.00717162 -0.0440679 0.00101952 6.93552e-05 0.000184087 -0.000841555 -0.00459843 0.00281816 0.00336385 3.78914e-05 -0.00121687 -0.00055189
internal_weight=0 53217 4435 48782 11100 3790 2606 1066 1184 8416 2684 1262 7151 6898 3125 3773 3695 37682 2790 798 268 1.23669e+06 1.09835e+06 138341 21391 57755 53662 1.0406e+06 121255 104610
internal_count=1289910 53217 4435 48782 11100 3790 2606 1066 1184 8416 2684 1262 7151 6898 3125 3773 3695 37682 2790 798 268 1236693 1098352 138341 21391 57755 53662 1040597 121255 104610
is_linear=0
shrinkage=0.1


Tree=152
num_leaves=31
num_cat=0
split_feature=26 3 84 4 84 84 84 2 84 3 2 0 13 5 20 20 141 5 20 20 13 20 5 6 138 62 3 62 2 4
split_gain=12.0545 14.9112 11.8875 12.1753 11.7465 13.3981 11.8786 13.7296 13.0942 12.0942 11.496 35.3234 21.6113 26.0704 30.0161 22.4111 21.4027 20.3418 19.9838 16.7446 15.5832 15.2568 19.428 13.7043 47.7347 42.7407 46.0866 137.854 58.6203 89.1621
threshold=98777.500000000015 39930.580000000009 1407870.5000000002 23.140000000000004 1107298.5000000002 1072214.0000000002 1305580.0000000002 99903.550000000017 1241461.5000000002 408474.73000000004 1.2550000000000001 20.500000000000004 3.5000000000000004 1.5000000000000002 6.5000000000000009 6.5000000000000009 0.55050505050505061 1.0000000180025095e-35 5.5000000000000009 5.5000000000000009 1.5000000000000002 8.5000000000000018 1.5000000000000002 5.416666666666667 8.5000000000000018 12159632.500000002 121500.34500000002 2112600.0000000005 67601.030000000013 22726.115000000002
decision_type=2 2 2 2 2 2 2 2 2 2 2 2 2 2 2 2 2 2 2 2 2 2 2 2 2 2 2 2 2 2
left_child=2 -2 4 -4 5 10 8 -8 -6 -9 11 12 15 14 19 17 -15 20 -19 -14 -1 22 -17 24 25 26 27 28 -12 -30
right_child=1 -3 3 -5 6 -7 7 9 -10 -11 23 -13 13 16 -16 21 -18 18 -20 -21 -22 -23 -24 -25 -26 -27 -28 -29 29 -31
leaf_value=0.58913553375991456 0.14706348344830042 -0.00084396330899636504 0.011885891828872001 -0.0002463574069936611 -0.015228209243908997 0.12709891118554856 -0.015417271159261964 0.015495440047666675 -0.015015394632913685 -0.0039539334328195039 0.0010185161219807047 -0.071258488934044878 0.032428637815612539 -0.00033264643503833205 -0.011573243794912515 0.65419468094046129 -0.0039921517209367159 3.2635935407947758 0.045225644745233454 -0.046599327059086454 -0.076102772494782547 0.0019145515775823851 -0.035298745188150231 -0.00020079808645231565 0.039224404948795845 -0.014404584810517608 0.0016934034917894315 -0.0064532080410069463 -0.0025295394583303211 0.0027142117738795141
leaf_weight=553 5392 6358 213 204 523 127 197 61 162 20 160796 594 38 10176 366 115 3438 547 1002 252 53 2342 150 976957 230 1311 77254 836 24775 14868
leaf_count=553 5392 6358 213 204 523 127 197 61 162 20 160796 594 38 10176 366 115 3438 547 1002 252 53 2342 150 976957 230 1311 77254 836 24775 14868
internal_value=0 0.00319573 -2.19452e-05 0.0168594 -2.74545e-05 -1.91275e-05 -0.0110677 0.00636617 -0.018143 0.0410236 -2.23585e-05 -0.00242392 -0.00167443 -0.00362104 -0.0230927 0.00415889 -0.00268279 0.0117043 0.0177812 -0.0471234 -0.00382885 -0.00207832 -0.0248205 1.51371e-05 0.000631819 0.000594391 0.000679178 -0.000117747 5.12684e-05 -0.00339292
internal_weight=0 11750 1.27816e+06 417 1.27774e+06 1.27678e+06 963 278 685 81 1.27665e+06 19626 19032 14270 656 4762 13614 2155 1549 290 606 2607 265 1.25703e+06 280070 279840 278529 201275 200439 39643
internal_count=1289910 11750 1278160 417 1277743 1276780 963 278 685 81 1276653 19626 19032 14270 656 4762 13614 2155 1549 290 606 2607 265 1257027 280070 279840 278529 201275 200439 39643
is_linear=0
shrinkage=0.1


Tree=153
num_leaves=31
num_cat=0
split_feature=26 3 93 13 1 29 4 20 2 4 29 62 5 4 13 2 20 6 146 146 52 146 4 0 146 146 0 89 21 146
split_gain=11.8225 25.4364 11.4311 30.478 28.5234 12.7564 16.9645 17.6723 21.8798 16.3599 16.2952 13.8279 13.6582 16.5359 15.3835 15.3369 20.8844 12.6677 11.4292 15.833 12.8494 11.5562 42.5074 15.0291 13.8621 26.4738 30.2861 16.0453 15.9278 14.5004
threshold=2.5000000000000004 28927.465000000004 113890.50000000001 21482.500000000004 824237.50000000012 175534.50000000003 190368.39500000005 1.5000000000000002 51440.825000000004 122435.72000000002 8818.5000000000018 343398.00000000006 1.5000000000000002 21170.420000000002 155402.50000000003 1377.7050000000002 1.5000000000000002 11.833333333333334 2763683.5000000005 892994.50000000012 28.000000000000004 199658.00000000003 39774.850000000006 320377.00000000006 7326.0000000000009 34791.500000000007 1728700.5000000002 10563.937500000002 1.5000000000000002 9178.5000000000018
decision_type=2 2 2 2 2 2 2 2 2 2 2 2 2 2 2 2 2 2 2 2 2 2 2 2 2 2 2 2 2 2
left_child=2 -2 5 4 -4 10 7 9 -9 -7 18 -8 13 -12 15 16 -14 -16 19 21 -21 24 23 -23 27 26 28 -1 -26 -28
right_child=1 -3 3 -5 -6 6 11 8 -10 -11 12 -13 14 -15 17 -17 -18 -19 -20 20 -22 22 -24 -25 25 -27 29 -29 -30 -31
leaf_value=-3.2175235268504964e-05 0.14359238186350912 -0.0012275504820143724 0.024278803574778591 -0.040568590554969051 -0.052297859922570022 0.06629674484258416 -0.02844760828790649 -0.05272925962206701 0.025818015699458449 -0.013769473668314137 0.036630187095960387 0.01483664283738464 -0.13526578648196372 -0.039831052593154649 -0.03487227097604937 -0.014515127049062437 -0.067496300404372517 -0.051305158687866385 -0.011183567993205745 0.057878931724738084 -0.0060784168394659947 -0.036437917826811682 -0.0022166746043800925 -0.06911480585881602 0.13033777634024349 -0.0026075355140423697 0.11944483323700604 -0.015133563458924672 -0.013070648511001388 0.020195861406477139
leaf_weight=1237067 9205 18420 149 807 83 492 166 124 379 168 602 102 52 80 43 3183 69 61 123 1758 285 795 4842 47 3729 5103 106 1259 367 244
leaf_count=1237067 9205 18420 149 807 83 492 166 124 379 168 602 102 52 80 43 3183 69 61 123 1758 285 795 4842 47 3729 5103 106 1259 367 244
internal_value=0 0.00205348 -3.77556e-05 -0.0105225 0.0214207 -2.91184e-05 0.00940709 0.0146338 0.000513478 0.0253952 -3.98368e-05 -0.0132745 -0.0063416 0.00657632 -0.0089267 -0.0077347 -0.0426788 -0.0467955 -1.93115e-05 -1.63255e-05 0.00877984 -3.06612e-05 -0.00452943 -0.0252672 -1.01695e-05 0.00378532 0.00942634 -3.94373e-05 0.0070137 0.037661
internal_weight=0 27625 1.26228e+06 1039 232 1.26125e+06 1431 1163 503 660 1.25982e+06 268 4090 682 3408 3304 121 104 1.25572e+06 1.2556e+06 2043 1.25356e+06 5684 842 1.24788e+06 9549 4446 1.23833e+06 4096 350
internal_count=1289910 27625 1262285 1039 232 1261246 1431 1163 503 660 1259815 268 4090 682 3408 3304 121 104 1255725 1255602 2043 1253559 5684 842 1247875 9549 4446 1238326 4096 350
is_linear=0
shrinkage=0.1


Tree=154
num_leaves=31
num_cat=0
split_feature=26 84 128 3 4 1 2 20 20 1 127 123 64 3 2 124 3 20 67 62 63 1 53 4 4 4 2 4 2 6
split_gain=11.5791 11.3296 10.8788 22.591 18.6295 16.1342 26.3963 22.8897 32.3813 27.1674 22.2891 19.2384 17.7454 14.2365 17.4711 17.7674 12.3088 24.8692 11.0543 24.9098 23.8015 23.1671 20.4376 24.2573 22.8865 25.0856 20.3095 25.8038 28.7804 22.1042
threshold=179270.50000000003 4516578.0000000009 0.15476190476190479 15530.115000000002 23694.355000000007 552.50000000000011 698392.76000000013 2.5000000000000004 1.5000000000000002 402172.50000000006 0.43650793650793657 9349.5000000000018 0.40234946315177683 332531.65000000008 105794.34500000002 9.5000000000000018 126206.31000000001 3.5000000000000004 10.500000000000002 424517.50000000006 0.75660207645482191 2737748.5000000005 1.9864713909216178 4900.2300000000005 34924.205000000009 35690.100000000013 9512.1950000000015 0.8450000000000002 237490.09000000003 10.833333333333334
decision_type=2 2 2 2 2 2 2 2 2 2 2 2 2 2 2 2 2 2 2 2 2 2 2 2 2 2 2 2 2 2
left_child=1 2 18 -4 5 6 13 8 11 -10 12 -7 -9 14 -5 -16 17 -6 -1 21 -21 22 23 26 -25 -26 -20 28 -28 -30
right_child=-2 -3 3 4 16 7 -8 10 9 -11 -12 -13 -14 -15 15 -17 -18 -19 19 20 -22 -23 -24 24 25 -27 27 -29 29 -31
leaf_value=4.8339292883348155e-05 0.052222788579716989 0.10527784040022853 0.02066258918802899 0.012342594661656971 -0.00098055783888814359 0.011220827219009922 -0.026562960695615246 -0.0069911748044635767 -0.026623416945771996 0.0020998538654153709 0.008125881827010158 -0.010096619517976736 0.0038855366245956536 0.017195761635001788 -0.016231961079016432 0.0164741034946864 -0.00037127790682285334 0.020283254448066671 -0.031774590557854192 -0.011334765406614234 0.0043539159197494778 0.032025006525842288 -0.085049712740999955 -0.029393168035187767 0.035039956375305145 -0.0017309140682650799 -0.011634003013991017 0.016277451777819852 -0.021563087554259355 -0.0016767660244189084
leaf_weight=1257375 9825 62 825 683 273 413 57 2022 577 116 317 1331 698 96 241 137 896 185 2956 121 81 317 443 2659 56 944 1598 4481 72 53
leaf_count=1257375 9825 62 825 683 273 413 57 2022 577 116 317 1331 698 96 241 137 896 185 2956 121 81 317 443 2659 56 944 1598 4481 72 53
internal_value=0 -1.38971e-05 -1.59676e-05 -0.00350651 -0.0051232 -0.0072888 0.00314083 -0.00960184 -0.0168206 -0.0351069 -0.00380924 -0.00955431 -0.00673386 0.00641373 0.00307707 -0.014172 0.00557369 0.0189095 8.38081e-06 -0.00280843 -0.0376665 -0.00228989 -0.00292848 -0.00219872 -0.00908144 0.00381493 0.000550619 0.00380088 -0.00659953 -0.0528099
internal_weight=0 1.28008e+06 1.28002e+06 8867 8042 6688 1214 5474 2437 693 3037 1744 2720 1157 1061 378 1354 458 1.27116e+06 13781 202 13579 13262 12819 3659 1000 9160 6204 1723 125
internal_count=1289910 1280085 1280023 8867 8042 6688 1214 5474 2437 693 3037 1744 2720 1157 1061 378 1354 458 1271156 13781 202 13579 13262 12819 3659 1000 9160 6204 1723 125
is_linear=0
shrinkage=0.1


Tree=155
num_leaves=31
num_cat=0
split_feature=94 3 75 93 66 14 92 2 3 4 94 3 4 0 20 93 94 93 94 1 92 2 94 92 52 92 2 2 52 1
split_gain=11.4228 44.4832 32.3349 28.8564 26.0718 27.3306 25.2916 22.8715 22.455 21.9929 30.6098 21.334 22.2795 20.2338 17.3631 15.7815 19.1074 15.3823 19.3573 15.0171 14.985 14.9142 16.2023 14.1595 23.4285 15.7396 50.4754 86.4737 88.1127 52.4743
threshold=1557.5000000000002 3803.3550000000005 32.500000000000007 155.50000000000003 71.000000000000014 1.0000000180025095e-35 1875.7894736842106 28897.600000000002 42849.80000000001 0.8650000000000001 3604.5000000000005 204152.65000000002 119375.09000000001 11981733.500000002 9.5000000000000018 130672.50000000001 3.0000048726769517 47.500000000000007 69405.823529411777 854295.50000000012 32.045634920634932 1189568.9100000001 111834.50000000001 21895.500000000004 9.0000000000000018 1.0142857142857145 3971.9950000000003 109644.18000000001 0.99986552919934857 20.500000000000004
decision_type=2 2 2 2 2 2 2 2 2 2 2 2 2 2 2 2 2 2 2 2 2 2 2 2 2 2 2 2 2 2
left_child=15 14 3 4 5 6 9 -4 19 10 -3 12 -8 -9 -2 23 -17 21 -19 -5 -6 22 -7 25 -25 -1 -27 28 -28 -29
right_child=1 2 7 8 20 17 11 13 -10 -11 -12 -13 -14 -15 -16 16 -18 18 -20 -21 -22 -23 -24 24 -26 26 27 29 -30 -31
leaf_value=1.9793945863755272e-05 -0.0027630604091860135 0.0030808641772872795 0.009681144596317505 0.002171501651760277 0.021490403146106174 -0.0030975866118864558 0.027130914827876176 -0.022190102568072634 0.021226863403552735 0.0011917994098006091 -0.10797660338052367 -0.0027667004601129048 -0.033861536867673903 0.16003615632743842 -0.097904575160079971 -0.037607413469478601 0.019107405187542739 0.00035335184087265472 0.03096435235777972 -0.038980161690633786 -0.032124065380772525 0.0085359760595834291 -0.023632848811405458 -0.092027768509177821 0.044160733666706697 -0.02092620388820712 0.031824593676908819 0.0089372345268481264 -0.019829586838312041 -0.005261089948267246
leaf_weight=1215552 391 104 404 145 137 22105 3132 1361 757 2395 84 464 33 26 953 741 125 291 119 40 577 340 763 519 95 9454 14802 2270 2234 9497
leaf_count=1215552 391 104 404 145 137 22105 3132 1361 757 2395 84 464 33 26 953 741 125 291 119 40 577 340 763 519 95 9454 14802 2270 2234 9497
internal_value=0 -0.00178039 -0.00106002 -0.00031657 -0.000848218 -0.000396212 0.00550585 -0.01413 0.0169219 -0.00205732 -0.034992 0.010889 0.0138248 -0.0202289 -0.0196165 6.09086e-05 -0.0134339 -0.00194857 0.0172521 -0.0143096 -0.0197325 -0.00228777 -0.00259688 7.02248e-05 -0.0151119 7.76596e-05 0.00207482 0.00415583 0.00870961 -0.00243704
internal_weight=0 34621 33277 31486 30544 29830 6212 1791 942 2583 188 3629 3165 1387 1344 1.25529e+06 866 23618 410 185 714 23208 22868 1.25442e+06 614 1.25381e+06 38257 28803 17036 11767
internal_count=1289910 34621 33277 31486 30544 29830 6212 1791 942 2583 188 3629 3165 1387 1344 1255289 866 23618 410 185 714 23208 22868 1254423 614 1253809 38257 28803 17036 11767
is_linear=0
shrinkage=0.1


Tree=156
num_leaves=31
num_cat=0
split_feature=2 0 13 5 20 20 141 5 20 20 0 20 0 20 5 3 90 123 64 63 123 2 137 64 63 3 137 0 0 20
split_gain=10.9549 34.5948 19.5202 23.664 27.8844 19.8796 19.3631 16.9547 18.068 15.6975 13.8851 15.2018 52.5506 13.4916 17.5777 12.7342 57.2912 58.5372 53.7103 72.2605 62.9077 55.0776 72.1866 56.2724 51.6119 47.3088 62.3519 43.743 83.006 114.809
threshold=1.2550000000000001 20.500000000000004 3.5000000000000004 1.5000000000000002 6.5000000000000009 6.5000000000000009 0.55050505050505061 1.0000000180025095e-35 5.5000000000000009 5.5000000000000009 18.500000000000004 9.5000000000000018 4.5000000000000009 8.5000000000000018 1.5000000000000002 24404.305000000004 0.90061185768948027 291.50000000000006 0.98437130960065777 0.10232203613655673 277984.00000000006 42117.115000000005 509139.50000000006 0.00024925263765462994 0.74550965892298426 18634.335000000003 27151.500000000004 1550.5000000000002 1666.5000000000002 1.0000000180025095e-35
decision_type=2 2 2 2 2 2 2 2 2 2 2 2 2 2 2 2 2 2 2 2 2 2 2 2 2 2 2 2 2 2
left_child=1 2 5 4 9 7 10 -1 -9 -4 11 12 -5 14 -7 16 18 -18 19 27 -20 22 23 -21 -25 26 -26 -2 29 -29
right_child=15 -3 3 6 -6 13 -8 8 -10 -11 -12 -13 -14 -15 -16 -17 17 -19 20 21 -22 -23 -24 24 25 -27 -28 28 -30 -31
leaf_value=-0.046362313926148785 0.0045306023429877882 -0.064136235840988251 0.029182178233703438 0.019180580226805601 -0.010419515215769115 0.5887716170460674 -0.0035965323491909014 2.9372305909149503 0.04069948447036225 -0.041942990153525664 0.0032795269849332457 0.0020648266407522278 -0.011287107810689367 0.0017195006194762859 -0.031772466469683069 -0.0001569474705691465 -0.025016305590048211 -0.12459110975781039 -0.0019947782061166988 0.050561856236403108 -0.0080561602644662507 0.029164571611674673 -0.019839742969147395 0.045839660100041216 0.011926109497534344 -0.0052665840138171882 -0.0031912607071081902 -0.067985239508787917 -0.0011360774605217228 -0.003497659860149255
leaf_weight=606 138814 594 38 1497 366 115 3438 547 1002 252 2178 4300 2201 2342 150 870702 1523 319 38912 2386 2534 2642 972 2257 34089 3935 17857 649 151399 1294
leaf_count=606 138814 594 38 1497 366 115 3438 547 1002 252 2178 4300 2201 2342 150 870702 1523 319 38912 2386 2534 2642 972 2257 34089 3935 17857 649 151399 1294
internal_value=0 -0.00233615 -0.00159443 -0.00344448 -0.0219957 0.0039495 -0.00255057 0.011056 0.0166039 -0.0451574 -0.000358478 -0.00228611 -0.00698731 -0.00192489 -0.023311 4.46212e-05 0.000511997 -0.0170833 0.000593484 0.000989822 -0.00281367 0.00402928 0.00342188 0.00385607 0.00323835 0.00263955 0.00344037 0.00032256 -0.000841654 -0.0213792
internal_weight=0 19626 19032 14270 656 4762 13614 2155 1549 290 10176 7998 3698 2607 265 1.27028e+06 399582 1842 397740 356294 41446 64138 61496 60524 58138 55881 51946 292156 153342 1943
internal_count=1289910 19626 19032 14270 656 4762 13614 2155 1549 290 10176 7998 3698 2607 265 1270284 399582 1842 397740 356294 41446 64138 61496 60524 58138 55881 51946 292156 153342 1943
is_linear=0
shrinkage=0.1


Tree=157
num_leaves=31
num_cat=0
split_feature=76 0 5 4 20 3 3 0 2 94 90 94 20 92 94 94 2 0 76 4 1 92 92 76 20 20 1 21 13 1
split_gain=10.8568 18.9086 26.2779 19.6135 36.6436 35.1028 19.7113 15.3551 26.1301 19.8297 17.2896 19.9231 15.1271 19.2566 17.7263 21.5984 14.9763 14.2493 14.2155 13.8391 30.6651 31.5527 54.4909 24.7449 20.3212 34.7624 29.3453 24.7371 29.4791 16.8565
threshold=3.5000000000000004 2.5000000000000004 3.0000000000000004 1378.0850000000003 7.5000000000000009 51014.310000000005 45099.170000000006 105026.50000000001 89232.175000000003 23864.500000000004 255.23183384135601 49348.500000000007 2.5000000000000004 45.146246898263037 17.00003793818605 4.9999826441684911 1099026.9950000003 15331758.000000002 10.500000000000002 2949.3600000000006 2.5000000000000004 58.721014492753632 164.17857142857147 4.5000000000000009 4.5000000000000009 7.5000000000000009 552.50000000000011 2.5000000000000004 1.5000000000000002 1.5000000000000002
decision_type=2 2 2 2 2 2 2 2 2 2 2 2 2 2 2 2 2 2 2 2 2 2 2 2 2 2 2 2 2 2
left_child=-1 2 3 -2 5 18 -6 19 9 12 11 -10 13 14 15 -9 17 -13 -5 23 21 -21 -23 -3 -22 27 -27 28 -26 -25
right_child=1 7 -4 4 6 -7 -8 8 10 -11 -12 16 -14 -15 -16 -17 -18 -19 -20 20 24 22 -24 29 25 26 -28 -29 -30 -31
leaf_value=8.2434526823560461e-05 -0.0084713046790890981 -0.0051310773380387259 0.021496462250514582 0.12404741237743935 0.063674664613894927 0.0022311236722500796 -0.0076570551675690032 -0.0084033018995434364 0.0050391149753772277 -0.033899278648046705 -0.015061846519612954 -0.023361135721645995 -0.0029403590086800602 -0.033451876402266913 0.011035066359061298 -0.020330297570400755 0.012930819182652277 0.14623106334002153 -0.066977533821274179 -0.007008615337004343 0.0061697256118094851 -0.064665035749708596 0.010176881534487349 0.049020290725523989 -0.084728178364375503 0.017614333244698088 -0.0057352800832231095 0.062772582091608076 -0.0085852281922366158 0.0095549281554625949
leaf_weight=1236693 1777 10153 645 32 180 268 767 1387 4123 435 278 607 2577 660 749 199 64 21 766 587 2542 251 144 732 963 659 2258 134 711 18548
leaf_count=1236693 1777 10153 645 32 180 268 767 1387 4123 435 278 607 2577 660 749 199 64 21 766 587 2542 251 144 732 963 659 2258 134 711 18548
internal_value=0 -0.00139094 -0.00764248 -0.010818 -0.0175769 -0.0302936 -0.00326227 -0.000822582 -0.00409149 -0.00855901 0.00117779 0.0025778 -0.00695367 -0.0117868 -0.00752379 -0.0135114 -0.0131235 -0.0178198 -0.0408098 0.00014034 -0.00347961 -0.0200657 -0.0419172 0.00115488 -0.00123832 -0.005117 0.00163582 -0.0160119 -0.0193213 0.003259
internal_weight=0 53217 4435 3790 2013 1066 947 48782 11100 6007 5093 4815 5572 2995 2335 1586 692 628 798 37682 8249 982 395 29433 7267 4725 2917 1808 1674 19280
internal_count=1289910 53217 4435 3790 2013 1066 947 48782 11100 6007 5093 4815 5572 2995 2335 1586 692 628 798 37682 8249 982 395 29433 7267 4725 2917 1808 1674 19280
is_linear=0
shrinkage=0.1


Tree=158
num_leaves=31
num_cat=0
split_feature=64 123 1 1 62 2 62 3 20 4 138 20 20 1 20 4 0 0 3 13 137 137 6 6 3 63 4 141 64 20
split_gain=10.7072 43.6864 40.4232 73.1637 66.1343 57.6329 63.7466 52.4408 47.0558 42.1416 38.708 44.4793 35.6424 33.6722 32.6754 51.6467 32.1312 50.3821 48.9402 42.6011 49.8216 43.0298 35.6175 31.6617 30.8821 33.4944 30.8498 30.6042 30.1903 58.0474
threshold=1.7667912494452016 3808814.5000000005 550908.50000000012 718458.50000000012 1002084.5000000001 34163.545000000006 33129.000000000007 143161.52000000005 12.500000000000002 141728.92500000002 8.5000000000000018 4.5000000000000009 23.500000000000004 1261026.5000000002 3.5000000000000004 199459.71500000003 454441.00000000006 166453.00000000003 89669.260000000024 63905.500000000007 64022.000000000007 20.500000000000004 19.833333333333339 8.4166666666666696 598458.83000000019 8.0344355370361296 851.81500000000017 0.5634920634920636 1.0847675124691785 4.5000000000000009
decision_type=2 2 2 2 2 2 2 2 2 2 2 2 2 2 2 2 2 2 2 2 2 2 2 2 2 2 2 2 2 2
left_child=28 2 4 -4 8 6 13 -6 9 16 -7 14 24 26 -12 -16 17 -2 27 21 -21 -19 -23 -15 25 -10 -5 -18 -1 -30
right_child=1 -3 3 5 7 10 -8 -9 12 -11 11 -13 -14 23 15 -17 18 19 -20 20 -22 22 -24 -25 -26 -27 -28 -29 29 -31
leaf_value=5.8906013293678734e-05 -0.0034373021469589204 -0.012378874115784644 0.0070948317312393211 -0.039897770578431857 -0.022941099019594277 8.0255118805979252e-05 -0.047317847981871421 -0.014117316486326886 0.0045793470009270051 -0.020271795905404164 0.0091892533133359766 -0.00041929283165662669 -0.023723344300681903 0.018478021723289377 0.037502181714450467 0.0018369408971988634 -0.0095297322963052954 -0.002236044814189442 0.00060942694415508315 -0.010505716946025655 0.0011025707502253547 0.0031861877119119253 -0.01115491881932308 -0.0064027577204967649 -0.0051076115838459314 0.018778029155379961 -0.0091153923180315091 -0.011399573531676758 -0.0014984218483227397 0.01112095460788063
leaf_weight=1181800 20552 1983 3594 98 163 43766 826 232 2562 2569 519 1189 1466 290 464 217 905 3156 1083 427 598 5643 169 217 1202 2344 424 372 5867 5213
leaf_count=1181800 20552 1983 3594 98 163 43766 826 232 2562 2569 519 1189 1466 290 464 217 905 3156 1083 427 598 5643 169 217 1202 2344 424 372 5867 5213
internal_value=0 -0.000999547 -0.00069306 0.00119913 -0.00294071 0.00016891 -0.0171136 -0.0436723 -0.00256696 -0.00409466 0.000863506 0.0132587 0.00458825 -0.000504777 0.0268409 0.0412464 -0.0031316 -0.00226301 -0.0143737 0.00356134 -0.0157516 0.00576872 0.0108731 0.0178504 0.00794901 0.0114686 -0.0183325 -0.0276353 9.28143e-05 0.00528844
internal_weight=0 97030 95047 51604 43443 48010 1855 395 43048 35474 46155 2389 7574 1029 1200 681 32905 30545 2360 9993 1025 8968 5812 507 6108 4906 522 1277 1.19288e+06 11080
internal_count=1289910 97030 95047 51604 43443 48010 1855 395 43048 35474 46155 2389 7574 1029 1200 681 32905 30545 2360 9993 1025 8968 5812 507 6108 4906 522 1277 1192880 11080
is_linear=0
shrinkage=0.1


Tree=159
num_leaves=31
num_cat=0
split_feature=64 64 62 137 5 62 4 0 4 64 20 4 4 4 2 20 62 0 0 62 13 3 4 63 1 3 2 2 2 4
split_gain=10.5108 12.3727 47.0891 44.0103 43.2127 46.5787 59.9747 44.9503 44.7304 40.7826 65.8391 45.9424 67.4854 48.0781 41.7526 41.6659 80.7256 45.1019 38 37.0592 36.4421 35.9914 44.154 35.9265 39.0537 35.842 42.8726 34.6169 34.269 79.8433
threshold=948319.50000000012 2.3308541548375712 3809836.0000000005 44.500000000000007 1.5000000000000002 12742.000000000002 2235.4400000000005 42399800.500000007 12087.220000000003 125.30814102564104 14.500000000000002 21941.185000000001 4103.5100000000011 185912.92000000004 50395.260000000017 6.5000000000000009 800029.00000000012 571549.00000000012 229834.50000000003 1923996.5000000002 40703.000000000007 1033236.2050000001 76673.340000000011 2.6779568130864475 58164.500000000007 547209.35000000021 311685.24500000005 255637.11500000002 166655.91000000003 2547.6200000000003
decision_type=2 2 2 2 2 2 2 2 2 2 2 2 2 2 2 2 2 2 2 2 2 2 2 2 2 2 2 2 2 2
left_child=1 -1 3 19 5 6 -5 9 18 10 23 12 15 -13 -12 16 -11 -18 -7 -3 -14 22 -21 24 -6 26 -4 -17 29 -19
right_child=-2 2 25 4 7 8 -8 -9 -10 11 14 13 20 -15 -16 27 17 28 -20 21 -22 -23 -24 -25 -26 -27 -28 -29 -30 -31
leaf_value=0.00010370840814197813 0.0029355889346937194 -0.0017958013128233721 2.3544180997233101e-05 0.021829795906926554 -0.00988263474153705 -0.0022023915707817922 -0.043366921554998605 -0.027394133721974568 0.010260535180435619 0.019115158355911401 0.054554298103055524 0.014973936100665728 -0.006828845595787828 -0.0013839728017824848 0.002277846803160173 -0.042592262044764101 -0.017595262990412929 0.00032642689564888958 -0.023315044485796733 0.0031932167390969824 0.031478397615630739 -0.051630818760021402 0.050202308762096241 -0.0011673659952814808 0.014737308935360275 -0.00095928102066129568 -0.017046343842164059 0.0026033145568819683 0.011769098928549833 -0.032899131774680151
leaf_weight=1198604 1412 39942 1027 2359 692 1090 456 1019 616 2200 1466 1797 2063 705 1411 315 52 1715 2183 1687 98 363 705 15207 2708 3226 2283 1398 985 126
leaf_count=1198604 1412 39942 1027 2359 692 1090 456 1019 616 2200 1466 1797 2063 705 1411 315 52 1715 2183 1687 98 363 705 15207 2708 3226 2283 1398 985 126
internal_value=0 -4.4279e-06 -0.00113595 -0.000495067 0.00185951 -0.00547742 0.00431988 0.00330801 -0.0125691 0.00394795 0.00137868 0.00876707 0.00541887 0.0207467 0.0154571 0.0103167 0.0148661 0.00384249 -0.0172217 -0.00273737 -0.00997275 0.00848033 0.0129329 -0.000798104 0.0084948 -0.00930953 -0.0166202 -0.00316953 0.00554061 -0.00251421
internal_weight=0 1.2885e+06 89894 83358 40661 6704 2815 33957 3889 32938 21484 11454 8952 2502 2877 6791 5078 2878 3273 42697 2161 2755 2392 18607 3400 6536 3310 1713 2826 1841
internal_count=1289910 1288498 89894 83358 40661 6704 2815 33957 3889 32938 21484 11454 8952 2502 2877 6791 5078 2878 3273 42697 2161 2755 2392 18607 3400 6536 3310 1713 2826 1841
is_linear=0
shrinkage=0.1


Tree=160
num_leaves=31
num_cat=0
split_feature=106 3 88 105 2 0 64 3 25 3 6 20 20 137 1 52 2 138 6 13 64 0 3 3 13 0 2 137 4 123
split_gain=10.6309 15.5934 40.8735 11.4957 13.4397 18.147 10.9113 11.036 10.4794 23.5864 12.51 28.3616 71.3252 90.5064 62.4263 34.8812 46.1768 39.1485 75.2693 73.2875 36.8647 33.1123 54.4945 45.5018 65.9929 82.9254 98.4333 116.931 68.1537 71.3296
threshold=6.5000000000000009 382222.49000000005 2545417.5000000005 1355340.0000000002 144251.28500000003 3085311.5000000005 1.2988010201541353 97837.580000000016 6.0000000000000009 20341.975000000002 10.16666666666667 7.5000000000000009 8.5000000000000018 3142.5000000000005 88756.500000000015 0.012256490388639357 166655.91000000003 6.5000000000000009 6.8333333333333348 308412.50000000006 0.37310641455479637 7051345.5000000009 136150.64500000005 66299.190000000017 1.0000000180025095e-35 155310.50000000003 99903.550000000017 18205.500000000004 263806.81500000006 251777.00000000003
decision_type=2 2 2 2 2 2 2 2 2 2 2 2 2 2 2 2 2 2 2 2 2 2 2 2 2 2 2 2 2 2
left_child=3 2 6 8 -5 -6 7 -2 10 -10 11 21 13 -13 -15 17 -17 -14 19 -19 -21 23 -23 -1 -25 -26 27 -27 29 -28
right_child=1 -3 -4 4 5 -7 -8 -9 9 -11 -12 12 15 14 -16 16 -18 18 -20 20 -22 22 -24 24 25 26 28 -29 -30 -31
leaf_value=0.0011491705787127326 0.064562511200496497 -0.025047206676021873 0.039060058488832233 0.0022741990271947692 -0.022082048005996481 -0.0061619369817936748 -0.029301212704331926 -0.016245533839182626 0.12764431724881539 0.0010169002536591254 -0.00070943112248781368 -0.00396654790345226 0.00072035411666592224 -0.094683235927650156 -0.016606167811436475 -0.033523559435533139 -0.0013145209177070367 0.0020011519504548993 -0.0004003295641704508 -0.015064574926630797 -0.059843574345637564 0.015133442379023086 0.0032754228443415776 0.0026068177125225579 -0.0037295076536884974 -0.00057741752647975171 0.0030330060061498519 -0.012428728737291467 -0.023752411698547395 -0.00041042865492500551
leaf_weight=343144 2017 87 87 28 73 662 180 525 8565 22538 505218 7326 98665 578 2300 1449 3008 1719 12717 2486 1343 1577 27256 121513 42140 6359 31771 3074 4965 36540
leaf_count=343144 2017 87 87 28 73 662 180 525 8565 22538 505218 7326 98665 578 2300 1449 3008 1719 12717 2486 1343 1577 27256 121513 42140 6359 31771 3074 4965 36540
internal_value=0 0.00606293 0.00735431 -2.67146e-06 -0.0122736 -0.014864 0.00519776 0.00688254 4.6076e-06 0.00181783 -4.03248e-05 0.000218801 -0.00111428 -0.00914416 -0.0241701 -0.000439269 -0.0091219 -0.000108315 -0.00436103 -0.0140801 -0.021781 0.000502498 0.00381138 0.000340659 -0.000696204 -0.00231086 -0.000471268 -0.0100863 0.000766498 0.0015887
internal_weight=0 2896 2809 1.28701e+06 763 735 2722 2542 1.28625e+06 31103 1.25515e+06 749930 131591 10204 2878 121387 4457 116930 18265 5548 3829 618339 28833 589506 246362 124849 82709 9433 73276 68311
internal_count=1289910 2896 2809 1287014 763 735 2722 2542 1286251 31103 1255148 749930 131591 10204 2878 121387 4457 116930 18265 5548 3829 618339 28833 589506 246362 124849 82709 9433 73276 68311
is_linear=0
shrinkage=0.1


Tree=161
num_leaves=31
num_cat=0
split_feature=2 13 20 6 141 5 20 17 20 2 2 0 64 6 2 2 5 20 19 5 20 20 5 99 64 134 134 2 134 4
split_gain=10.8069 56.0789 22.6829 21.1998 19.246 24.1655 19.8995 18.3773 23.0737 23.5758 17.2394 47.2814 38.8741 27.7553 14.6909 14.2128 23.1623 13.5889 13.0796 11.2377 13.9976 12.5206 10.9854 10.8034 17.1394 10.6033 33.6244 31.7887 28.6195 19.3886
threshold=1.4600000000000002 3.5000000000000004 6.5000000000000009 7.8333333333333348 0.55050505050505061 1.5000000000000002 6.5000000000000009 1.5000000000000002 1.0000000180025095e-35 1.1450000000000002 3.9650000000000003 113.50000000000001 0.99999947370637032 4.8333333333333348 1.675 1.1450000000000002 1.5000000000000002 10.500000000000002 1.5000000000000002 1.0000000180025095e-35 5.5000000000000009 5.5000000000000009 1.5000000000000002 1.0000000180025095e-35 0.25000002637278251 113101.50000000001 1044.0000000000002 89232.175000000003 1416396.5000000002 597453.57500000007
decision_type=2 2 2 2 2 2 2 2 2 2 2 2 2 2 2 2 2 2 2 2 2 2 2 2 2 2 2 2 2 2
left_child=1 2 19 4 5 6 -3 -6 -9 -10 11 12 13 -2 -15 17 -17 -4 23 20 -1 -21 -13 25 -25 26 29 28 -27 -12
right_child=10 3 15 -5 7 -7 -8 8 9 -11 18 22 -14 14 -16 16 -18 -19 -20 21 -22 -23 -24 24 -26 27 -28 -29 -30 -31
leaf_value=0.59848976216841165 -0.0030774531638521965 -0.03531225155064547 0.069401445466079958 -0.024740267559935927 -0.0033621597564974185 -0.0014081777259606965 -0.0094741040006846924 0.07640507541324347 -0.013832133744147355 -0.030406932337916345 8.3774708441819451e-05 -0.03412161702711547 -0.092710977530373051 0.0029379918574485853 0.047837382789604102 0.81978954214873179 -0.034667530004028106 -0.015397515417156069 -0.0075633907309753728 0.057188506800395091 -0.13741195492079517 0.036490114070628833 0.05131915158191136 0.03137688376679218 -0.02608182798566186 -0.0061199340663235626 0.0055535426437190345 -0.00034407900521005175 -0.21217940752841222 -0.0057638226346254486
leaf_weight=1926 5631 321 1579 394 3880 12407 317 140 198 307 1006586 35 643 4106 6368 221 321 498 2598 1536 218 1002 906 166 55 21368 57755 116568 405 41455
leaf_count=1926 5631 321 1579 394 3880 12407 317 140 198 307 1006586 35 643 4106 6368 221 321 498 2598 1536 218 1002 906 166 55 21368 57755 116568 405 41455
internal_value=0 -0.00203595 0.00535416 -0.00503946 -0.00452503 -0.00257577 -0.0215559 -0.0101445 -0.0257748 -0.0357334 5.28009e-05 0.00315272 0.00192724 0.0028899 0.00593379 -0.00209842 -0.0165192 0.00166475 8.8262e-06 0.00952295 0.0041926 0.0140258 0.024964 2.36248e-05 0.0221314 1.96977e-05 0.000122956 -0.000805672 -0.00431312 -6.49223e-06
internal_weight=0 25265 7301 17964 17570 13045 638 4525 645 505 1.26464e+06 17689 16748 16105 10474 2619 542 2077 1.24696e+06 4682 2144 2538 941 1.24436e+06 221 1.24414e+06 1.1058e+06 138341 21773 1.04804e+06
internal_count=1289910 25265 7301 17964 17570 13045 638 4525 645 505 1264645 17689 16748 16105 10474 2619 542 2077 1246956 4682 2144 2538 941 1244358 221 1244137 1105796 138341 21773 1048041
is_linear=0
shrinkage=0.1


Tree=162
num_leaves=31
num_cat=0
split_feature=123 124 2 53 52 3 2 20 20 3 4 3 1 13 6 2 62 1 2 2 1 3 13 62 6 4 64 4 64 0
split_gain=10.7817 43.7929 47.8843 41.0332 41.4346 40.5639 76.0045 41.0745 51.0599 67.8341 61.4146 124.276 126.886 93.7286 74.0241 56.8198 53.1228 51.4004 141.323 81.11 73.5552 69.5416 49.5038 64.7457 59.5109 52.0361 58.4289 46.4397 47.6168 39.8882
threshold=127289.00000000001 3.5000000000000004 22452.005000000001 1.0226058644930129e-05 0.0018163459527702152 14746.810000000001 35898.020000000011 1.0000000180025095e-35 1.5000000000000002 30809.475000000002 3623.7750000000005 89669.260000000024 1380119.0000000002 1979253.0000000002 8.4166666666666696 40902.330000000009 25898.000000000004 5645909.0000000009 134838.29500000004 149940.57500000004 1723907.5000000002 69649.030000000013 2786483.0000000005 392032.50000000006 4.8333333333333348 9403.4150000000027 0.17719850224202227 9403.4150000000027 0.034282508142511776 2622222.5000000005
decision_type=2 2 2 2 2 2 2 2 2 2 2 2 2 2 2 2 2 2 2 2 2 2 2 2 2 2 2 2 2 2
left_child=1 -1 -3 5 -5 -2 -7 22 10 -10 11 12 14 16 -9 -11 -13 18 20 -19 21 27 23 -8 -24 29 -27 28 -12 -25
right_child=3 2 -4 4 -6 6 7 8 9 15 17 13 -14 -15 -16 -17 -18 19 -20 -21 -22 -23 24 25 -26 26 -28 -29 -30 -31
leaf_value=-1.7569829998120845e-05 0.0024089793693439889 0.01765404668459878 0.0010471440005253242 0.049495140541344664 -0.00052448544558040134 -0.0033194288035157007 0.001087704960022498 -0.0096499205374674501 0.005304216879385603 -0.015991938860027921 0.011230928001682862 0.010512027895333483 0.0043237906819909985 -0.002236146916339742 -0.00475950839963053 -0.00037577206522786035 0.011069334338268646 0.023383737851916345 -0.044946827207924291 -0.0088229785666762428 0.016106934784814928 -0.038569136626353875 0.0040682297585243219 -0.0053898821487206048 -0.0024193083278332139 0.017501308937875725 0.010234097350820712 0.0014487394210721007 -0.012731321153516807 0.0037086761329936735
leaf_weight=1065263 8976 8756 44148 2594 3019 12406 4224 1449 3250 408 176 342 678 749 2670 109878 1237 394 1956 3196 389 533 1657 406 5578 425 1962 2136 524 531
leaf_count=1065263 8976 8756 44148 2594 3019 12406 4224 1449 3250 408 176 342 678 749 2670 109878 1237 394 1956 3196 389 533 1657 406 5578 425 1962 2136 524 531
internal_value=0 0.000126964 0.0029352 -0.000724037 0.00768517 -0.00100816 -0.0013816 -0.000737777 -0.00130591 -0.000551918 -0.00651651 0.000470202 -0.0087302 0.0194283 -0.0153286 -0.000971521 0.0332478 -0.0118669 -0.0177584 -0.00248977 -0.00641244 -0.0111664 0.00425695 0.00992249 -0.00165369 0.020363 0.0282021 -0.00493789 -0.0272913 0.000392976
internal_weight=0 1.11817e+06 52904 171743 5613 166130 157154 144748 129965 113536 16429 7125 4797 2328 4119 110286 1579 9304 5714 3590 3758 3369 14783 7548 7235 3324 2387 2836 700 937
internal_count=1289910 1118167 52904 171743 5613 166130 157154 144748 129965 113536 16429 7125 4797 2328 4119 110286 1579 9304 5714 3590 3758 3369 14783 7548 7235 3324 2387 2836 700 937
is_linear=0
shrinkage=0.1


Tree=163
num_leaves=31
num_cat=0
split_feature=137 64 3 20 3 6 1 1 63 20 4 3 6 138 20 137 0 4 137 6 20 5 3 2 13 20 6 20 138 6
split_gain=10.5296 53.6955 44.0594 97.2368 82.0799 54.2873 87.2773 70.6508 33.5231 49.2633 92.3631 44.8835 43.1955 31.6808 30.7062 30.2702 43.2678 33.3495 28.2943 47.8611 55.8579 36.3949 71.399 142.753 40.6588 45.4658 33.1144 34.3536 31.5571 31.1929
threshold=391876.50000000006 0.81089648779382484 20341.975000000002 1.0000000180025095e-35 20842.630000000001 6.8333333333333348 397557.00000000006 550908.50000000012 4.715225876100317 1.5000000000000002 4603.5500000000011 20842.630000000001 14.41666666666667 4.5000000000000009 20.500000000000004 955577.50000000012 2301113.5000000005 226545.36500000002 25895.500000000004 18.416666666666668 4.5000000000000009 1.0000000180025095e-35 4608.9050000000016 5792.0700000000006 48316.000000000007 7.5000000000000009 7.8333333333333348 15.500000000000002 8.5000000000000018 4.8333333333333348
decision_type=2 2 2 2 2 2 2 2 2 2 2 2 2 2 2 2 2 2 2 2 2 2 2 2 2 2 2 2 2 2
left_child=18 2 3 -2 13 14 -7 -8 9 15 11 -11 -12 -4 -5 17 -17 -3 -1 21 28 22 29 -24 -25 -26 -23 -28 -21 -20
right_child=1 8 4 5 -6 6 7 -9 -10 10 12 -13 -14 -15 -16 16 -18 -19 19 20 -22 26 23 24 25 -27 27 -29 -30 -31
leaf_value=0.0001040518747819963 0.043808341275297383 0.025494117477146451 -0.071814958734154902 0.0074333107986152133 -0.00088713591141317675 0.054828185042051295 -0.042216542660616058 -0.0098328981768374384 -0.0099307488957286697 0.015979441908898603 0.0096470528187036671 -0.083595683841089077 -0.0031262428231884905 -0.031044260319754654 -0.064970695324992542 -0.0055426545916600822 0.088660260812620226 -0.01018062221096221 -0.024481453740326637 -0.027368584116883705 0.054236224671632985 0.00044850715719165656 -0.077593336313469083 -0.038856216120411791 -0.012819581738134812 0.023747710024522164 -0.0071731049552237859 0.017103428950676937 -0.0060704684115035715 0.063955358845330865
leaf_weight=1088904 2392 2721 631 8227 55708 585 264 1055 1028 184 9139 968 2167 542 80 1206 1044 372 722 79 7033 42355 711 1113 3738 915 43373 4934 4463 3257
leaf_count=1088904 2392 2721 631 8227 55708 585 264 1055 1028 184 9139 968 2167 542 80 1206 1044 372 722 79 7033 42355 711 1113 3738 915 43373 4934 4463 3257
internal_value=0 0.00106576 -0.000217831 0.0051318 -0.00140314 0.000880466 -0.0143497 -0.0286081 0.00580257 0.00681656 0.00337141 -0.0236031 0.00611991 -0.0275816 0.00437128 0.0148494 0.00602446 0.0212692 -6.55807e-05 -0.00157398 0.00451713 -0.00227123 -0.00785768 -0.0143345 -0.00912135 -0.00501438 -0.00162695 -0.0034165 -0.00412714 0.0026853
internal_weight=0 88313 69484 12603 56881 10211 1904 1319 18829 17801 12458 1152 11306 1173 8307 5343 2250 3093 1.2016e+06 112693 11575 101118 10456 6477 5766 4653 90662 48307 4542 3979
internal_count=1289910 88313 69484 12603 56881 10211 1904 1319 18829 17801 12458 1152 11306 1173 8307 5343 2250 3093 1201597 112693 11575 101118 10456 6477 5766 4653 90662 48307 4542 3979
is_linear=0
shrinkage=0.1


Tree=164
num_leaves=31
num_cat=0
split_feature=138 6 20 138 5 4 4 13 2 64 3 20 20 13 6 1 5 13 20 3 6 62 6 3 0 64 6 2 3 138
split_gain=10.8102 55.4963 48.646 33.9009 58.6908 51.0731 95.9513 36.0281 39.8856 60.5562 40.4064 30.6261 38.1293 60.1578 29.6056 27.0474 37.2299 26.7095 29.0916 54.7269 24.5626 23.7196 23.6468 21.765 21.7496 21.0848 21.0509 27.4132 34.9989 20.7935
threshold=11.500000000000002 8.1666666666666696 21.500000000000004 8.5000000000000018 1.0000000180025095e-35 16717.385000000006 220537.52500000002 199160.00000000003 28897.600000000002 0.16838763808858645 118785.82000000002 1.0000000180025095e-35 6.5000000000000009 34804.500000000007 7.416666666666667 529440.50000000012 1.0000000180025095e-35 13296.500000000002 1.5000000000000002 345614.19500000001 6.8333333333333348 3707.0000000000005 12.833333333333334 751164.3550000001 163167.50000000003 9.2929330636898566 10.833333333333334 1967.5500000000002 8822.3600000000024 10.500000000000002
decision_type=2 2 2 2 2 2 2 2 2 2 2 2 2 2 2 2 2 2 2 2 2 2 2 2 2 2 2 2 2 2
left_child=3 2 -2 -1 5 26 -7 20 9 -9 -10 -3 15 22 23 16 25 -17 19 21 -6 -19 -14 -8 -24 -13 27 -5 -29 -12
right_child=1 11 -4 4 7 6 14 8 10 -11 29 12 13 -15 -16 17 -18 18 -20 -21 -22 -23 24 -25 -26 -27 -28 28 -30 -31
leaf_value=-2.3915220078585266e-05 -0.010118505112641785 0.044733288109633979 -0.047700189458989975 0.10542564439410321 0.027004759412068348 -0.029325951589724619 0.027013580504004493 -0.0072688025010270042 0.022451244290216041 -0.01683214733661868 -0.021308076788644426 0.036253362726934489 -0.041791074950326107 0.031033620273963669 -0.0016450162838110233 0.020606231725484116 -0.012177271757775894 0.033371127763329227 -0.0039650169092475453 -0.031794010255835239 0.026785901093949318 0.015921787517921417 0.0086746155153880622 -0.0065453883558823428 -0.033268879297871819 -0.057586288704894573 0.04483682687330464 -0.12453248395720702 -0.008892626275361604 0.0040381328893276999
leaf_weight=1210031 480 3036 353 659 566 1502 152 4806 3535 543 622 3129 2769 8979 270 459 15749 294 5626 585 15529 744 5461 45 411 164 1542 219 529 1121
leaf_count=1210031 480 3036 353 659 566 1502 152 4806 3535 543 622 3129 2769 8979 270 459 15749 294 5626 585 15529 744 5461 45 411 164 1542 219 529 1121
internal_value=0 -0.00146064 -0.0270481 6.51539e-05 0.00329649 -0.00674289 -0.0192143 0.00514417 0.000625337 -0.00546023 0.00679277 -0.00101102 -0.00167589 0.00193608 0.0203751 -0.00405506 -0.00607815 0.000942821 -0.000538432 0.0112562 0.00812781 0.0250417 -0.0040202 0.0498517 -0.000427906 0.0035917 0.00158408 -0.00726083 -0.0203624 -0.00566777
internal_weight=0 48239 833 1.24167e+06 31640 4918 1969 26722 10627 5349 5278 47406 44370 17620 467 26750 19042 7708 7249 1623 16095 1038 8641 197 5872 3293 2949 1407 748 1743
internal_count=1289910 48239 833 1241671 31640 4918 1969 26722 10627 5349 5278 47406 44370 17620 467 26750 19042 7708 7249 1623 16095 1038 8641 197 5872 3293 2949 1407 748 1743
is_linear=0
shrinkage=0.1


Tree=165
num_leaves=31
num_cat=0
split_feature=106 3 88 3 84 25 3 6 64 123 2 4 20 137 1 1 2 3 6 64 2 5 20 2 64 21 53 20 124 4
split_gain=10.5065 13.8929 38.2838 10.5343 10.2101 9.98109 22.0884 11.3087 22.7095 34.8529 45.1107 45.6147 45.3912 44.3956 37.5476 36.2143 35.7714 33.0374 46.295 31.5555 29.2194 28.0281 27.3869 33.2221 23.4306 23.2532 39.1533 30.7772 35.3284 23.204
threshold=6.5000000000000009 382222.49000000005 2501911.5000000005 25557.290000000005 4516578.0000000009 6.0000000000000009 20341.975000000002 10.16666666666667 0.85934493681689506 1160966.5000000002 96199.780000000013 1163.3850000000002 2.5000000000000004 155147.50000000003 1924011.0000000002 624135.00000000012 96199.780000000013 59535.475000000013 16.833333333333339 7.8941831928503143 15536.610000000002 3.0000000000000004 12.500000000000002 16671.765000000003 0.9850746594374572 2.5000000000000004 1.3830306507515977e-06 2.5000000000000004 4.5000000000000009 53.260000000000012
decision_type=2 2 2 2 2 2 2 2 2 2 2 2 2 2 2 2 2 2 2 2 2 2 2 2 2 2 2 2 2 2
left_child=4 2 3 -2 5 7 -7 -1 22 10 11 13 15 21 -14 17 -11 18 -13 -12 -20 -10 25 -24 -17 -9 -27 28 -28 -25
right_child=1 -3 -4 -5 -6 6 -8 8 9 16 19 12 14 -15 -16 24 -18 -19 20 -21 -22 -23 23 29 -26 26 27 -29 -30 -31
leaf_value=0.00017354693215203555 0.077665607006633122 -0.02255712016173439 0.036026228399532956 -0.0055616194123622557 0.094795575776784352 0.11486525137061908 0.0011730709654588446 -0.00093956792349094711 0.045474006201326092 -0.019681360834981537 0.0058035445375277332 -0.010035826364652412 -0.0020367958093374327 0.040349685385808035 -0.042162065715268669 0.0064426295144244736 -0.0068175429373595444 0.0026123166452708736 0.016534822104283187 -0.001043087633566082 -0.02443234078556264 -0.0035774483151836071 0.045044049198301898 -0.0168461013035969 -0.0025985564142025556 -0.0092164991472804443 -0.032785135866040802 0.024773593409678153 0.0092025798766211305 0.0041708134500131003
leaf_weight=750651 1382 87 93 1334 62 8565 22538 428239 2744 81 7477 3079 6588 626 263 376 6540 464 80 9630 514 4772 11136 3288 1886 838 956 5403 1456 8762
leaf_count=750651 1382 87 93 1334 62 8565 22538 428239 2744 81 7477 3079 6588 626 263 376 6540 464 80 9630 514 4772 11136 3288 1886 838 956 5403 1456 8762
internal_value=0 0.00602272 0.00724165 0.00508138 -7.30482e-06 -9.25978e-06 0.00176034 -5.30866e-05 -0.000418872 -0.00255981 -0.00140723 -0.00446832 -0.00808811 0.00142241 -0.00243149 -0.0141443 -0.00926171 -0.019707 -0.0228832 0.00242061 -0.0484437 -0.00070866 -0.000208909 0.0031402 -0.00397056 -0.000386648 0.00474568 0.00694839 -0.00244405 -0.000498715
internal_weight=0 2896 2809 2716 1.28701e+06 1.28695e+06 31103 1.25585e+06 505198 45120 38499 21392 13250 8142 6851 6399 6621 4137 3673 17107 594 7516 460078 23186 2262 436892 8653 7815 2412 12050
internal_count=1289910 2896 2809 2716 1287014 1286952 31103 1255849 505198 45120 38499 21392 13250 8142 6851 6399 6621 4137 3673 17107 594 7516 460078 23186 2262 436892 8653 7815 2412 12050
is_linear=0
shrinkage=0.1


Tree=166
num_leaves=31
num_cat=0
split_feature=105 1 137 64 137 137 5 3 62 2 5 4 63 0 5 1 20 1 64 6 138 6 3 64 2 2 3 13 6 0
split_gain=13.3352 36.2902 10.3987 46.0002 36.4283 56.2816 39.79 34.463 106.205 65.2462 50.8539 37.735 32.4887 31.8936 61.3449 37.8371 88.6938 47.801 29.5225 29.352 56.9562 28.8417 30.7195 28.7004 40.698 48.4415 44.9181 38.6885 32.5705 81.9532
threshold=4209332.5000000009 5081309.5000000009 356646.50000000006 0.87488697123383263 318038.50000000006 323411.50000000006 1.0000000180025095e-35 76921.265000000014 1218548.0000000002 169996.09500000003 3.0000000000000004 3.4150000000000005 4.2553536175424904 1380670.5000000002 1.5000000000000002 903371.50000000012 2.5000000000000004 900095.50000000012 1.0000128766417722 5.5833333333333348 7.5000000000000009 14.41666666666667 852767.94500000018 0.079562164619110767 11964.915000000003 9893.2300000000014 12248.315000000001 575098.00000000012 7.8333333333333348 399208.00000000006
decision_type=2 2 2 2 2 2 2 2 2 2 2 2 2 2 2 2 2 2 2 2 2 2 2 2 2 2 2 2 2 2
left_child=2 -2 4 13 -1 6 -6 8 11 10 -9 -5 21 14 -4 17 -17 23 -12 -19 -21 22 -11 24 25 28 -26 -28 -16 -30
right_child=1 -3 3 7 5 -7 -8 9 -10 12 18 -13 -14 -15 15 16 -18 19 -20 20 -22 -23 -24 -25 26 -27 27 -29 29 -31
leaf_value=-3.0560269293511412e-05 0.025907575468328392 -0.016835955632413135 0.012659917398156934 0.030487305105690199 0.028381714580348195 -0.0025750829812257016 -0.021108258245791933 -0.024365296198915937 -0.022862084573058456 0.024599125448100667 0.032872956717337608 0.00034535159900476304 -0.0083510934497869945 -0.0032829484186529048 0.00079874953774780036 0.014982652781931671 -0.010722546156329426 -0.05298383239949498 0.030519811542802262 0.075673081002185227 -0.042160047728173805 -0.012562178206606789 -0.0077532594581855912 -0.0019807128683976146 0.03789879737107698 -0.017170888278826259 0.026780013320319762 0.00023811323575179122 0.1437727673924436 -0.039809899515329317
leaf_weight=1188844 89 69 4216 1355 157 5546 2015 128 626 6235 749 7306 1170 33901 3539 3172 2359 678 539 107 1026 842 1068 8145 1086 669 3509 10307 246 212
leaf_count=1188844 89 69 4216 1355 157 5546 2015 128 626 6235 749 7306 1170 33901 3539 3172 2359 678 539 107 1026 842 1068 8145 1086 669 3509 10307 246 212
internal_value=0 0.0290636 1.00953e-05 0.00102756 -6.91464e-05 -0.00691712 -0.0205627 0.00527529 0.000815154 0.00913526 0.0291347 0.00369015 0.00609509 -0.000134511 0.00180526 0.0004346 0.00802508 -0.000987395 0.0351089 -0.0167277 -0.00687946 0.00833341 0.010354 4.121e-05 0.00211744 -0.00603267 0.00466934 0.00313008 -0.00186415 -0.0269572
internal_weight=0 158 1.28975e+06 93190 1.19656e+06 7718 2172 20018 9287 10731 1416 8661 9315 73172 39271 35055 5531 29524 1288 1811 1133 8145 7303 27713 19568 4666 14902 13816 3997 458
internal_count=1289910 158 1289752 93190 1196562 7718 2172 20018 9287 10731 1416 8661 9315 73172 39271 35055 5531 29524 1288 1811 1133 8145 7303 27713 19568 4666 14902 13816 3997 458
is_linear=0
shrinkage=0.1


Tree=167
num_leaves=31
num_cat=0
split_feature=143 138 6 20 138 5 4 4 137 6 6 20 20 6 13 1 2 13 4 3 13 138 1 20 62 62 137 6 2 64
split_gain=9.94844 10.1766 37.7851 29.6672 26.2774 46.9262 41.2472 78.16 32.1902 27.8431 24.1023 23.9312 24.4861 46.4702 28.1138 20.9373 29.9254 21.042 22.2582 55.0939 23.0744 20.8919 20.144 19.1099 18.5252 26.9674 19.834 19.5231 18.3498 40.3849
threshold=0.20714285714285716 11.500000000000002 8.1666666666666696 15.500000000000002 8.5000000000000018 1.0000000180025095e-35 16717.385000000006 220537.52500000002 137903.00000000003 6.416666666666667 6.8333333333333348 1.0000000180025095e-35 6.5000000000000009 18.833333333333339 34804.500000000007 529440.50000000012 2839.2350000000001 13296.500000000002 4603.5500000000011 175269.96500000003 1368243.5000000002 12.500000000000002 37303.500000000007 1.5000000000000002 383601.00000000006 323400.00000000006 341097.50000000006 14.833333333333334 32319.910000000003 0.35555566026630758
decision_type=2 2 2 2 2 2 2 2 2 2 2 2 2 2 2 2 2 2 2 2 2 2 2 2 2 2 2 2 2 2
left_child=1 4 3 -3 -1 6 -6 -8 10 -9 -7 -4 15 14 -14 16 -13 21 19 -19 -20 -17 23 -18 25 26 -24 -26 29 -10
right_child=-2 2 11 -5 5 8 7 9 28 -11 -12 12 13 -15 -16 17 22 18 20 -21 -22 -23 24 -25 27 -27 -28 -29 -30 -31
leaf_value=1.289932183454919e-05 -0.0053928703155702697 -0.0092381775480270614 0.037853569638899298 -0.041157110331052633 0.0050239903835299637 0.029905063544110135 -0.026407655097038019 0.028275891140090527 -0.00015008155361162352 0.00058144954309061875 0.02669188412050957 0.0018919398440486069 -0.02770127285848072 0.055725333048567666 0.011642144001944099 -0.027518827802415192 -0.021717307054068619 0.0037668069893737281 0.00047722746071410162 0.033882712109025395 -0.022274914277706174 0.022875022854396816 -0.0086230126167616168 -0.015284112650457883 0.0032247563307575885 0.015345858081697484 -0.046178864871140715 -0.0210995714842536 0.0078839147679002301 -0.011808131528953892
leaf_weight=1205010 6043 476 2993 342 2917 490 1482 147 6869 303 12914 6180 6294 6085 5008 62 967 2661 2435 329 1734 389 8653 1372 71 936 377 275 5494 602
leaf_count=1205010 6043 476 2993 342 2917 490 1482 147 6869 303 12914 6180 6294 6085 5008 62 967 2661 2435 329 1734 389 8653 1372 71 936 377 275 5494 602
internal_value=0 3.0383e-05 -0.00140382 -0.0227108 8.5651e-05 0.00295006 -0.00609114 -0.0174239 0.00461265 0.0190772 0.00804889 -0.00103157 -0.00162237 0.00129245 -0.00250094 -0.00353908 -0.00532794 0.000887478 -0.000432339 0.0061518 -0.00515447 0.0218377 -0.00811416 -0.0164927 -0.00621372 -0.00542398 -0.00709874 -0.0289612 0.00106005 -0.00216609
internal_weight=0 1.28387e+06 47639 818 1.23623e+06 31218 4849 1932 26369 450 13404 46821 43828 17387 11302 26441 18831 7610 7159 2990 4169 451 12651 2339 10312 9966 9030 346 12965 7471
internal_count=1289910 1283867 47639 818 1236228 31218 4849 1932 26369 450 13404 46821 43828 17387 11302 26441 18831 7610 7159 2990 4169 451 12651 2339 10312 9966 9030 346 12965 7471
is_linear=0
shrinkage=0.1


Tree=168
num_leaves=31
num_cat=0
split_feature=105 3 1 67 124 13 0 62 4 2 2 20 6 92 62 64 64 20 4 6 3 6 6 20 20 62 0 64 3 3
split_gain=9.79794 31.6495 9.73455 24.705 26.3353 23.6901 20.469 56.0923 50.5332 41.0047 80.0764 46.167 42.1917 35.6642 29.9282 43.0406 29.4926 29.9674 33.9795 43.8747 59.9701 35.2799 31.1465 31.1253 29.0426 31.8581 27.4178 58.6817 43.8178 37.3356
threshold=4209332.5000000009 394480.84500000003 19398384.500000004 8.5000000000000018 4.5000000000000009 13296.500000000002 7051345.5000000009 4525000.0000000009 107750.32000000002 506845.30500000005 273169.86000000004 12.500000000000002 6.8333333333333348 64.599514563106808 2924550.5000000005 5.0510178610657332 0.0091150835160612523 4.5000000000000009 37715.375000000007 5.166666666666667 547209.35000000021 13.833333333333334 2.8333333333333335 19.500000000000004 1.0000000180025095e-35 3803493.0000000005 4167622.5000000005 0.0030219391902576399 70495.135000000024 121500.34500000002
decision_type=2 2 2 2 2 2 2 2 2 2 2 2 2 2 2 2 2 2 2 2 2 2 2 2 2 2 2 2 2 2
left_child=2 -2 6 4 5 -4 26 8 9 10 11 12 14 -11 15 -8 -9 18 21 -20 -21 -18 23 -19 -10 -26 -1 29 -29 -28
right_child=1 -3 3 -5 -6 -7 7 16 24 13 -12 -13 -14 -15 -16 -17 17 22 19 20 -22 -23 -24 -25 25 -27 27 28 -30 -31
leaf_value=6.2270397844965683e-05 0.027770960499243519 -0.007398365091983306 0.00070346441781348194 0.056038586091077675 0.0036103817820138497 -0.016426133023538191 -0.0022852419069046893 -0.0087876419009047229 0.024296424831381627 -0.0025008548542458488 0.020282638263095329 -0.068575730723701364 -0.00030776369436451572 0.10063661503239135 0.016086842170073088 0.017976274063839261 0.012261092258929377 0.013927548894806874 -0.017360718302376354 -0.0079325712534059623 0.035877903683848765 -0.0032715575484930058 -0.010481504671077318 -0.022205186640302289 -0.020884239345712752 0.028082541105434691 -0.0011301059857589913 -0.015057191050625435 -0.003055058126226389 0.0022167040202337464
leaf_weight=1207694 71 87 2059 151 4546 3624 968 1675 515 2031 2785 254 2464 44 196 1628 2883 493 1732 2036 2879 1598 6090 226 2303 330 2621 454 27921 7552
leaf_count=1207694 71 87 2059 151 4546 3624 968 1675 515 2031 2785 254 2464 44 196 1628 2883 493 1732 2036 2879 1598 6090 226 2303 330 2621 454 27921 7552
internal_value=0 0.0249127 8.95148e-06 -0.00304108 -0.00363382 -0.00817197 3.36975e-05 0.00248694 0.00744311 0.0108118 0.0139568 0.00697161 0.00898385 -0.00176085 0.0174007 0.0145558 -0.000929204 0.000255821 0.00345312 -0.00108395 0.00373893 0.0101833 -0.00496954 0.0147142 -0.00365386 -0.0079018 -3.15194e-05 -0.0026569 -0.00499308 0.00385929
internal_weight=0 158 1.28975e+06 10380 10229 5683 1.27937e+06 33130 13518 10370 8295 5510 5256 2075 2792 2596 19612 17937 11128 6647 4915 4481 6809 719 3148 2633 1.24624e+06 38548 28375 10173
internal_count=1289910 158 1289752 10380 10229 5683 1279372 33130 13518 10370 8295 5510 5256 2075 2792 2596 19612 17937 11128 6647 4915 4481 6809 719 3148 2633 1246242 38548 28375 10173
is_linear=0
shrinkage=0.1


Tree=169
num_leaves=31
num_cat=0
split_feature=64 63 138 0 0 62 0 0 63 138 6 2 0 2 62 6 62 63 1 13 63 63 0 6 2 64 3 4 2 64
split_gain=9.88457 10.6059 38.0149 79.6681 59.485 32.1088 37.8952 33.477 22.4193 66.1364 30.5012 20.7902 20.7834 20.3114 18.6653 18.4064 17.818 17.727 17.4501 17.3055 17.0894 31.907 30.6023 33.3547 30.2794 29.945 29.5016 42.1769 38.7457 52.1716
threshold=948319.50000000012 19143.694444444449 7.5000000000000009 1294999.0000000002 1500918.5000000002 938140.00000000012 571549.00000000012 550936.50000000012 1999.8977272727275 7.5000000000000009 4.166666666666667 65201.175000000003 550936.50000000012 137039.28500000003 452748.50000000006 5.5833333333333348 517521.00000000006 2207.6034161490688 994844.00000000012 10.500000000000002 69.280350877192987 17.816012864933224 42399800.500000007 6.416666666666667 857387.30000000016 14226.306306306307 197842.08000000005 16159.545 85017.575000000026 378.56669661843733
decision_type=2 2 2 2 2 2 2 2 2 2 2 2 2 2 2 2 2 2 2 2 2 2 2 2 2 2 2 2 2 2
left_child=1 8 16 5 -5 6 -4 -7 20 10 13 15 14 -10 19 -8 -3 -12 -18 -11 21 25 23 -23 -25 -1 27 28 -22 -30
right_child=-2 2 3 4 -6 7 11 -9 9 12 17 -13 -14 -15 -16 -17 18 -19 -20 -21 26 22 -24 24 -26 -27 -28 -29 29 -31
leaf_value=1.2798979330497229e-05 0.0025304573001052409 -0.003841301560125643 -0.0076094413162937115 0.0029030051060676808 -0.00033158874029821109 -0.01805738747448651 -0.0027858323372585963 -0.002945037572454387 0.0072025117153077141 -0.0067616941960002347 0.024415969000495676 -0.0045557802280687841 0.009697581401171074 0.0017512685396444509 -0.0011099088664572544 0.0023774851883912158 0.0086407507818710046 -0.0015061448663241917 -5.6568965901091563e-05 0.020801763983953305 -0.002718589036518608 0.0061915951977004101 -0.034378355156774808 0.00021702969423862079 0.092232991852418622 -0.021169584370493683 -0.00013555918250494756 0.013249170090205559 -0.01425430857596461 -0.0044964222080335903
leaf_weight=1242507 1412 3377 408 337 1547 82 45 895 828 60 266 67 164 1038 107 282 1817 2993 3008 407 2932 4713 428 4870 36 584 11690 508 1485 1017
leaf_count=1242507 1412 3377 408 337 1547 82 45 895 828 60 266 67 164 1038 107 282 1817 2993 3008 407 2932 4713 428 4870 36 584 11690 508 1485 1017
internal_value=0 2.39128e-06 -0.0029736 -0.0114436 0.00288721 -0.0266203 -0.0117922 -0.0387923 3.00501e-05 0.00619957 0.00216924 0.0103279 0.034188 0.0123645 0.025218 0.0207257 0.000809094 -0.00366824 0.00470839 0.0338496 1.58552e-06 4.50847e-05 0.00565785 0.00682202 0.00105039 -2.79207e-07 -0.00308998 -0.00882735 -0.0114033 -0.0205443
internal_weight=0 1.2885e+06 11865 3663 1884 1779 802 977 1.27663e+06 5863 5125 394 738 1866 574 327 8202 3259 4825 467 1.27077e+06 1.25314e+06 10047 9619 4906 1.24309e+06 17632 5942 5434 2502
internal_count=1289910 1288498 11865 3663 1884 1779 802 977 1276633 5863 5125 394 738 1866 574 327 8202 3259 4825 467 1270770 1253138 10047 9619 4906 1243091 17632 5942 5434 2502
is_linear=0
shrinkage=0.1


Tree=170
num_leaves=31
num_cat=0
split_feature=133 134 0 2 20 87 137 84 20 128 4 93 124 2 1 2 6 127 3 127 0 3 2 123 2 4 17 4 93 3
split_gain=9.80195 15.2278 9.99293 59.3238 149.649 44.3516 26.5808 22.2037 22.2025 21.6552 22.5766 21.0173 39.406 30.5457 29.8935 35.2063 36.323 23.4059 89.3995 83.7543 51.9186 80.9269 36.2465 31.5023 28.7668 25.6662 23.3922 26.1292 22.1098 35.2148
threshold=56.000000000000007 4875150.0000000009 1550.5000000000002 35.390000000000008 2.5000000000000004 1.0000000180025095e-35 1247.5000000000002 1.5000000000000002 24.500000000000004 0.23611111111111113 23694.355000000007 27.500000000000004 9.5000000000000018 679828.76500000013 39.500000000000007 721199.39000000013 14.833333333333334 0.73863636363636376 89669.260000000024 0.84523809523809534 113.50000000000001 332531.65000000008 105794.34500000002 2.5000000000000004 133213.19500000004 0.8650000000000001 2.5000000000000004 79863.740000000005 2.5000000000000004 339022.17000000004
decision_type=2 2 2 2 2 2 2 2 2 2 2 2 2 2 2 2 2 2 2 2 2 2 2 2 2 2 2 2 2 2
left_child=2 -2 5 4 -4 6 7 11 9 -5 -11 12 17 26 -13 -16 -17 23 -19 24 25 22 -22 28 -20 -21 27 -14 -1 -30
right_child=1 -3 3 8 -6 -7 -8 -9 -10 10 -12 14 13 -15 15 16 -18 18 19 20 21 -23 -24 -25 -26 -27 -28 -29 29 -31
leaf_value=0.00024626209306148893 -0.0028361186547995578 -0.021389519480740735 -0.066869829700434452 -8.9676904661950562e-05 0.00092182908002233499 0.053828312167123006 0.019218468272384714 0.43745862339700015 -0.065656310159921003 -0.0070689394467308379 0.0061029339042450448 -0.17774584783567532 0.025801346631997693 -0.0079849823667786386 -0.0034733854485956509 -0.03340437652332031 0.038138059740389585 0.0037412149493150529 -0.018224193100074206 0.037223511932300196 -0.011620543895249314 -0.012710231731313136 0.0014709823861045691 0.0044474311208684723 -0.0035641044157400828 -0.057482559904970448 0.00023377248524125704 -0.057480044463392471 0.022762979895586646 -0.027285499227752009
leaf_weight=577099 18145 2395 570 656851 1172 1083 3062 2991 346 4579 1102 317 2180 429 1815 121 21 2111 378 114 78 94 629 4685 596 22 848 39 5902 136
leaf_count=577099 18145 2395 570 656851 1172 1083 3062 2991 346 4579 1102 317 2180 429 1815 121 21 2111 378 114 78 94 629 4685 596 22 848 39 5902 136
internal_value=0 -0.00215826 4.38672e-05 -0.000223774 -0.0186536 0.000338005 0.000301732 0.000254352 -0.000175342 -0.000162116 -0.00630961 0.000211338 0.000247989 0.0108336 -0.00938412 -0.00476959 -0.0527219 0.00018546 -0.00741711 -0.0230868 -0.00174245 -0.0114418 0.000148181 0.000237479 -0.0436203 0.0553842 0.0143295 0.0197283 0.000171862 0.00619171
internal_weight=0 20540 1.26937e+06 664620 1742 604750 603667 600605 662878 662532 5681 597614 595340 3496 2274 1957 142 591844 4022 1911 937 801 707 587822 974 136 3067 2219 583137 6038
internal_count=1289910 20540 1269370 664620 1742 604750 603667 600605 662878 662532 5681 597614 595340 3496 2274 1957 142 591844 4022 1911 937 801 707 587822 974 136 3067 2219 583137 6038
is_linear=0
shrinkage=0.1


Tree=171
num_leaves=31
num_cat=0
split_feature=137 64 138 63 3 62 6 20 64 6 20 64 137 137 2 5 63 3 6 138 63 2 20 20 17 138 20 20 4 3
split_gain=9.86643 37.1816 31.2801 44.6613 39.7802 73.2999 59.7528 74.0789 53.8444 33.2886 62.5621 37.6865 30.6904 49.0716 37.5554 29.0343 29.0252 28.4865 27.9073 25.9279 25.9221 25.5884 117.476 73.7681 72.1075 67.0245 51.8356 85.0061 185.275 54.6327
threshold=356646.50000000006 0.87488697123383263 5.5000000000000009 4.0055563909774436 74486.47500000002 1240479.0000000002 5.5833333333333348 4.5000000000000009 1.0003983371729721 6.416666666666667 13.500000000000002 1.0000128766417722 318038.50000000006 323411.50000000006 22452.005000000001 3.0000000000000004 0.99611801242236042 73501.990000000005 14.833333333333334 4.5000000000000009 0.84772313448882963 19917.145000000004 1.0000000180025095e-35 2.5000000000000004 1.0000000180025095e-35 7.5000000000000009 1.0000000180025095e-35 1.5000000000000002 11609.785000000002 51014.310000000005
decision_type=2 2 2 2 2 2 2 2 2 2 2 2 2 2 2 2 2 2 2 2 2 2 2 2 2 2 2 2 2 2
left_child=12 21 3 4 5 19 -6 15 -9 10 -4 18 -1 14 -14 -8 -17 -7 -11 -3 -13 22 -2 24 25 -24 29 28 -28 -23
right_child=1 2 9 -5 6 17 7 8 -10 11 -12 20 13 -15 -16 16 -18 -19 -20 -21 -22 26 23 -25 -26 -27 27 -29 -30 -31
leaf_value=-3.1843653842444922e-05 0.062543746505071579 0.00044165772042252825 0.0020931664929069505 -0.0097447383814071933 -0.0020500368418418517 -0.017760357106038838 -0.039608674781371832 0.011403879333232888 0.021313894614343392 0.0048141267552711704 -0.064330113959753299 -0.0020575594105331943 -0.027252130315124197 -0.0019094172347658622 0.00050764363231463154 -0.00042138816731739949 0.078308102997500004 -0.011982805211109249 -0.0035485903691024855 0.022990924079158107 0.036999779242385643 -0.019940751875593101 0.0037019882836933646 0.067327369659980721 -0.018937590901733983 -0.010977939137441805 0.045433865065830796 -0.0016048261144206652 -0.0029767424685217701 0.00017326615793641825
leaf_weight=1189002 1632 2628 1287 735 1387 102 56 2291 340 4453 595 336 1520 5546 652 169 1468 86 2428 818 839 2987 3061 6524 912 1306 3185 47388 3495 2682
leaf_count=1189002 1632 2628 1287 735 1387 102 56 2291 340 4453 595 336 1520 5546 652 169 1468 86 2428 818 839 2987 3061 6524 912 1306 3185 47388 3495 2682
internal_value=0 0.00099848 0.00481741 0.00874244 0.0106092 0.00243006 0.0158137 0.0216069 0.0111073 0.000836293 -0.0111379 0.00363365 -6.97842e-05 -0.00635535 -0.0190969 0.0379238 0.0403459 -0.0583748 0.000807298 0.00574733 0.0201853 -4.62812e-05 0.00389694 0.000419821 -0.00836877 -0.0030278 -0.000933122 2.07172e-05 0.0105816 -0.0100304
internal_weight=0 93190 20018 10080 9345 3634 5711 4324 2631 9938 1882 8056 1.19672e+06 7718 2172 1693 1637 188 6881 3446 1175 73172 13435 11803 5279 4367 59737 54068 6680 5669
internal_count=1289910 93190 20018 10080 9345 3634 5711 4324 2631 9938 1882 8056 1196720 7718 2172 1693 1637 188 6881 3446 1175 73172 13435 11803 5279 4367 59737 54068 6680 5669
is_linear=0
shrinkage=0.1


Tree=172
num_leaves=31
num_cat=0
split_feature=99 64 56 147 146 3 4 146 4 3 0 0 146 4 146 4 146 0 2 89 89 146 146 18 20 62 2 129 3 5
split_gain=9.69363 13.0301 9.67498 9.94175 17.4453 17.825 24.5591 17.0116 12.7068 12.3642 14.4939 11.9307 10.0299 28.4674 21.0809 15.2881 13.5381 29.1954 13.453 12.9434 12.2102 10.6533 9.886 9.54469 13.3328 22.8703 17.7263 20.7219 16.0727 19.733
threshold=1.0000000180025095e-35 0.25000002637278251 2396.5000000000005 9.5000000000000018 2763683.5000000005 16893.980000000007 12087.220000000003 15961.000000000002 147585.45000000004 13447.695000000002 5847.5000000000009 1800.5000000000002 35562.000000000007 58908.740000000005 318475.50000000006 34924.205000000009 7326.0000000000009 1160977.0000000002 45709.80000000001 17101.500000000004 100020.23333333335 1375.5000000000002 212056.50000000003 1.5000000000000002 4.5000000000000009 16330.500000000002 106.17500000000001 0.07417582417582419 24404.305000000004 3.0000000000000004
decision_type=2 2 2 2 2 2 2 2 2 2 2 2 2 2 2 2 2 2 2 2 2 2 2 2 2 2 2 2 2 2
left_child=2 -2 3 12 5 6 -5 -7 -9 10 11 -8 16 14 15 22 19 -18 -16 23 -15 -21 -14 -1 25 26 -25 28 -28 -30
right_child=1 -3 -4 4 -6 7 9 8 -10 -11 -12 -13 13 20 18 -17 17 -19 -20 21 -22 -23 -24 24 -26 -27 27 -29 29 -31
leaf_value=2.3930095117130626e-05 0.025268724596863412 -0.023165576870151611 -0.054651157262261489 0.035252844597302824 -0.010243537958291249 0.1114692376108958 0.23072046406475932 -0.0024873933579461749 0.015911366466578713 -0.13816693828196311 0.22847800701487833 -0.29667854516851144 -0.047599515685119519 0.011007546034424477 -0.065113980482229897 0.022327477297857234 0.021370017795262444 0.029289381799659425 -0.06419221872648799 -0.010649089384489009 -0.019070271352741842 -0.037143410518589146 -0.058887660836769107 0.026114736967984966 0.0002016585002319049 0.0012967286474379809 -0.017334739988496772 0.00052762946373523527 -0.022190539715739435 -0.0055175025241607709
leaf_weight=1254752 175 56 93 1671 106 2196 24 3355 2957 581 39 105 1370 3540 50 734 1559 263 338 985 229 142 439 353 7602 2379 1546 853 977 441
leaf_count=1254752 175 56 93 1671 106 2196 24 3355 2957 581 39 105 1370 3540 50 734 1559 263 338 985 229 142 439 353 7602 2379 1546 853 977 441
internal_value=0 0.0204847 -2.20646e-06 1.19493e-07 0.00298893 0.00338055 -0.00419214 0.00553451 0.00289701 -0.019239 -0.0431323 -0.0592824 -2.56742e-05 -0.00388463 -0.0112763 -0.00796361 -5.34555e-06 0.00860844 -0.032988 -1.7703e-05 0.00186356 -0.0107297 -0.0129025 -8.18894e-06 -0.00259076 -0.00589783 -0.0103614 -0.0123441 -0.0162968 -0.0239858
internal_weight=0 231 1.28968e+06 1.28959e+06 11034 10928 2420 8508 6312 749 168 129 1.27855e+06 6700 2931 2543 1.27185e+06 1822 388 1.27003e+06 3769 1127 1809 1.2689e+06 14151 6549 4170 3817 2964 1418
internal_count=1289910 231 1289679 1289586 11034 10928 2420 8508 6312 749 168 129 1278552 6700 2931 2543 1271852 1822 388 1270030 3769 1127 1809 1268903 14151 6549 4170 3817 2964 1418
is_linear=0
shrinkage=0.1


Tree=173
num_leaves=31
num_cat=0
split_feature=99 64 106 64 88 2 3 141 4 129 17 123 2 123 3 137 123 123 3 2 2 6 3 20 17 20 123 123 20 1
split_gain=9.57759 10.837 9.25342 15.8068 10.0023 28.1421 11.4028 9.47632 20.3133 34.5263 34.0228 40.1875 39.8222 41.9949 36.3373 62.2113 41.147 51.5093 56.3044 48.3811 58.5125 47.1551 37.0395 80.8449 63.9366 49.2293 44.4982 47.3546 45.7361 39.0082
threshold=1.0000000180025095e-35 0.25000002637278251 6.5000000000000009 1.2988010201541353 2138154.5000000005 679828.76500000013 23170.520000000004 0.84523809523809534 0.42500000000000004 0.07417582417582419 3.5000000000000004 1121369.5000000002 550757.255 874.00000000000011 89669.260000000024 2926674.5000000005 3805919.0000000005 8266.5000000000018 143161.52000000005 311685.24500000005 340235.22500000003 9.8333333333333339 75628.700000000012 4.5000000000000009 2.5000000000000004 21.500000000000004 1260770.5000000002 1055978.0000000002 15.500000000000002 1566224.0000000002
decision_type=2 2 2 2 2 2 2 2 2 2 2 2 2 2 2 2 2 2 2 2 2 2 2 2 2 2 2 2 2 2
left_child=2 -2 7 4 6 -6 -4 8 9 10 12 -12 14 -14 15 22 17 21 -19 -20 -21 -16 26 24 -24 -25 27 -1 29 -28
right_child=1 -3 3 -5 5 -7 -8 -9 -10 -11 11 -13 13 -15 16 -17 -18 18 19 20 -22 -23 23 25 -26 -27 28 -29 -30 -31
leaf_value=-0.0016706618806663969 0.022741852137177068 -0.020849019183136447 0.11297357237543447 -0.031059076073794281 0.029537668576797477 -0.01279769050253925 -0.00088265915370864265 0.00082872832162482208 0.00010372645858220951 0.0030188056547979184 -0.0020690318653969419 -0.0035971901922698386 0.006175414770941824 -0.019446104282156249 -0.0015456278696699194 -0.023813619728503675 -0.00074523618792411706 0.0050620978245209929 0.00023876193735071678 0.03270240799960486 0.0029117837664774716 0.021543270556255496 -0.015418962845750027 0.0067671864408057839 0.0011677190226788933 -0.021826571640098949 0.0044342373076918552 -0.0043821310230375207 0.014388258750996908 -0.00026191257530729372
leaf_weight=164360 175 56 1231 198 94 51 1322 109504 979896 4781 6996 419 126 270 6575 762 2740 1531 2422 109 376 1675 897 411 317 917 408 373 89 829
leaf_count=164360 175 56 1231 198 94 51 1322 109504 979896 4781 6996 419 126 270 6575 762 2740 1531 2422 109 376 1675 897 411 317 917 408 373 89 829
internal_value=0 0.0203602 -3.6868e-06 0.00564261 0.00764401 0.0331928 0.00619294 -1.63942e-05 -9.91584e-05 -0.00102468 -0.00123305 -0.00787514 -0.000967101 -0.0326446 -0.000899218 -0.00132245 0.0037469 0.0061468 0.014834 0.00665985 0.035489 0.00147361 -0.00119361 -0.0131733 -0.0318254 0.00387766 -0.00101022 -0.00115709 0.0172354 0.0122538
internal_weight=0 231 1.28968e+06 2896 2698 145 2553 1.28678e+06 1.17728e+06 197383 192602 7415 185187 396 184791 169363 15428 12688 4438 2907 485 8250 168601 2542 1214 1328 166059 164733 1326 1237
internal_count=1289910 231 1289679 2896 2698 145 2553 1286783 1177279 197383 192602 7415 185187 396 184791 169363 15428 12688 4438 2907 485 8250 168601 2542 1214 1328 166059 164733 1326 1237
is_linear=0
shrinkage=0.1


Tree=174
num_leaves=31
num_cat=0
split_feature=105 90 90 87 6 3 20 4 4 0 3 2 3 2 124 1 3 0 109 4 3 1 67 66 118 3 90 90 138 20
split_gain=9.76476 27.2873 9.26652 58.584 42.3544 40.3409 35.3199 33.1851 33.0435 29.9836 30.7452 43.2619 22.0529 20.9403 28.7179 18.1626 24.2369 20.647 16.858 60.4092 23.1433 21.0803 16.7648 16.5299 16.3065 40.9722 15.2713 15.2562 15.0325 14.7845
threshold=4209332.5000000009 0.99999783930137942 0.33884552159299369 1.0000000180025095e-35 6.8333333333333348 353304.05000000005 5.5000000000000009 102702.39000000001 1378.0850000000003 658.50000000000011 26216.385000000006 24816.175000000003 16578.730000000007 1099026.9950000003 4.5000000000000009 4741160.5000000009 149935.45500000005 3997462.5000000005 1.0000000180025095e-35 4103.5100000000011 64371.520000000011 1034713.5000000001 4.5000000000000009 201481.00000000003 0.41428571428571431 38503.685000000005 11.014617202701332 232.92278274411572 7.5000000000000009 1.0000000180025095e-35
decision_type=2 2 2 2 2 2 2 2 2 2 2 2 2 2 2 2 2 2 2 2 2 2 2 2 2 2 2 2 2 2
left_child=2 -2 3 18 6 7 8 -5 15 -6 11 29 -13 14 22 16 -4 -18 24 20 21 -20 28 -12 -1 -26 -17 -28 -10 -11
right_child=1 -3 4 5 9 -7 -8 -9 13 10 23 12 -14 -15 -16 26 17 -19 19 -21 -22 -23 -24 -25 25 -27 27 -29 -30 -31
leaf_value=-5.9494924097447391e-05 0.022579595686309812 -0.007718972151415527 -0.0012628258474596289 0.056725782253291036 0.048435899660425032 -0.0097368417551348743 -0.021547908488997292 0.032617955561538889 0.0070449089154307606 -0.045016455142135307 -0.0083358690031786684 -0.14415808770737323 -0.070383231356539303 -0.038187594037157394 0.041562511978900915 -0.016470603047432242 0.031818998853096844 -0.00099242264947564597 0.055007096971380114 -0.026826287771041159 -0.0010980040206521769 0.014251203160969839 0.055431226480469477 0.024794988904088856 0.030087162153661764 -0.0031312450968270511 0.005566315368621933 -0.015684436866692211 0.030341136905774779 -0.026016968044402702
leaf_weight=1261177 83 75 1736 4019 288 1989 719 1019 2192 229 6199 165 283 348 934 126 86 79 1262 474 436 91 56 987 1479 1816 219 287 120 937
leaf_count=1261177 83 75 1736 4019 288 1989 719 1019 2192 229 6199 165 283 348 934 126 86 79 1262 474 436 91 56 987 1479 1816 219 287 120 937
internal_value=0 0.024861 -5.62904e-07 2.94692e-05 -0.00239292 0.00913496 0.00351279 0.0138957 0.00595221 -0.00687808 -0.00791719 -0.0203893 -0.0468019 0.0120422 0.0145011 -0.0028233 0.00205916 0.0386844 -2.1042e-05 0.00860223 0.0170122 0.0234688 0.00864417 -0.00511592 -3.64749e-05 0.00698916 -0.0175093 -0.00975237 0.00733466 -0.010241
internal_weight=0 158 1.28975e+06 1.27376e+06 15990 7027 6902 5038 6183 9088 8800 1614 448 3650 3302 2533 1901 165 1.26674e+06 2263 1789 1353 2368 7186 1.26447e+06 3295 632 506 2312 1166
internal_count=1289910 158 1289752 1273762 15990 7027 6902 5038 6183 9088 8800 1614 448 3650 3302 2533 1901 165 1266735 2263 1789 1353 2368 7186 1264472 3295 632 506 2312 1166
is_linear=0
shrinkage=0.1


Tree=175
num_leaves=31
num_cat=0
split_feature=67 62 63 1 53 4 4 4 92 3 4 6 2 67 2 6 3 92 0 94 92 20 20 62 20 6 6 20 92 2
split_gain=9.22988 26.0227 22.9165 20.871 17.5491 19.1466 21.9394 22.9129 18.6701 15.6483 19.6876 36.751 22.483 15.2969 49.727 15.476 14.8354 14.7263 15.1216 34.3249 19.0175 13.9735 12.873 11.7008 12.033 15.2464 13.1554 16.2535 11.6656 12.0827
threshold=10.500000000000002 424517.50000000006 0.75660207645482191 2737748.5000000005 270.94444444444451 10093.620000000001 34924.205000000009 35690.100000000013 7.2646396396396407 66299.190000000017 0.8450000000000002 10.833333333333334 103482.80000000002 8.5000000000000018 198191.27000000005 21.583333333333339 116697.38500000002 3877.0000000000005 199.50000000000003 27.045871559633031 6.8697053406998165 15.500000000000002 5.5000000000000009 271787.50000000006 5.5000000000000009 15.41666666666667 15.41666666666667 4.5000000000000009 122997.00000000001 616411.37000000011
decision_type=2 2 2 2 2 2 2 2 2 2 2 2 2 2 2 2 2 2 2 2 2 2 2 2 2 2 2 2 2 2
left_child=13 3 -3 4 5 9 17 -8 -9 23 11 12 -11 28 15 -15 -6 18 19 -7 21 -20 -5 24 26 -26 27 -2 -1 -30
right_child=1 2 -4 22 16 6 7 8 -10 10 -12 -13 -14 14 -16 -17 -18 -19 20 -21 -22 -23 -24 -25 25 -27 -28 -29 29 -31
leaf_value=4.7789312343654582e-05 0.03433080533529087 -0.010547772805534495 0.0038507608764492122 0.035776851665294623 -0.12455409046368149 -0.028761052415124153 0.03202292441212759 -0.031989678547693072 0.018816678930122455 0.0026832057892819173 0.01296801695583173 0.0090915760374256568 -0.022423591654921783 0.070108027292812777 0.063144701825269697 -0.049252782961521011 -0.0055718297159972202 0.045458253769720229 0.011429418733429189 0.04468351909686713 -0.049738993110544076 -0.031701577299841986 -0.018100882548472301 0.016700083907529219 -0.0093026176818967517 0.062906563285263409 -0.060176947804946757 -0.049729040670097868 -0.02438609278974066 0.0067538335847906264
leaf_weight=1273093 1603 121 81 254 180 644 56 391 577 21 2530 196 144 360 147 72 148 65 191 77 1066 40 63 24 1423 1006 2665 215 2028 429
leaf_count=1273093 1603 121 81 254 180 644 56 391 577 21 2530 196 144 360 147 72 148 65 191 77 1066 40 63 24 1423 1006 2665 215 2028 429
internal_value=0 -0.00256534 -0.0381935 -0.00203533 -0.00264146 -0.00206217 -0.00890475 0.00308021 -0.000517667 0.000101243 0.00628218 -0.0155642 -0.0503392 3.65601e-05 0.016287 -0.000808232 -0.0254844 -0.0147965 -0.0163056 -0.00469534 -0.0227597 0.00325264 0.0233225 -0.00247504 -0.00271706 0.00295128 -0.00578831 0.000770409 2.91837e-05 -0.00685468
internal_weight=0 13781 202 13579 13262 12934 3107 1024 968 9827 2891 361 165 1.27613e+06 579 432 328 2083 2018 721 1297 231 317 6936 6912 2429 4483 1818 1.27555e+06 2457
internal_count=1289910 13781 202 13579 13262 12934 3107 1024 968 9827 2891 361 165 1276129 579 432 328 2083 2018 721 1297 231 317 6936 6912 2429 4483 1818 1275550 2457
is_linear=0
shrinkage=0.1


Tree=176
num_leaves=31
num_cat=0
split_feature=64 105 62 0 1 0 5 2 3 4 4 1 1 4 123 2 6 4 123 62 2 4 62 63 2 3 137 20 62 4
split_gain=9.46295 32.2902 32.898 55.2034 47.1492 58.5047 56.844 53.5462 80.3383 51.4396 37.9728 50.6969 54.7696 51.6268 45.3126 43.2599 40.8584 39.7607 37.0238 49.0484 33.3043 32.547 46.6939 39.0166 57.0318 38.1187 35.49 33.7306 32.443 31.0871
threshold=2.3308541548375712 39461.000000000007 1500159.0000000002 1260225.5000000002 550908.50000000012 800000.50000000012 3.0000000000000004 44418.650000000001 32934.340000000004 1902.1000000000001 99956.215000000011 36294016.500000007 1108780.5000000002 4103.5100000000011 9349.5000000000018 27918.940000000006 4.166666666666667 2949.3600000000006 1121369.5000000002 1169323.5000000002 137039.28500000003 197.70000000000002 15241.500000000002 13309.714285714288 456975.34000000008 175269.96500000003 820.50000000000011 5.5000000000000009 517521.00000000006 2735.0100000000007
decision_type=2 2 2 2 2 2 2 2 2 2 2 2 2 2 2 2 2 2 2 2 2 2 2 2 2 2 2 2 2 2
left_child=-1 2 4 -4 7 -6 -7 8 -2 -10 11 12 16 17 -12 -15 -8 29 -16 -20 28 22 26 24 25 -24 -9 -25 -19 -14
right_child=1 -3 3 -5 5 6 10 21 9 -11 14 -13 13 15 18 -17 -18 20 19 -21 -22 -23 23 27 -26 -27 -28 -29 -30 -31
leaf_value=9.7855708405680813e-05 -0.002348303513237027 -0.035567578003694249 -0.0056798575143638249 -0.00092905148751436521 0.0057445472829629855 -0.01061539298361225 -0.0058078707574609548 -0.015586622244894733 0.058895138756142412 0.002004107726094806 0.0039343932226464234 -0.020449817321610022 0.0055929517881236658 -0.10699529955365057 -0.030227699950579945 0.0062695865050798483 0.0010623972072964939 0.031027209461935851 0.038355835714966216 -0.052271354552803899 0.032753716776787969 -0.0011151220893003645 0.0062861678938910485 -0.0075133132134399764 -0.0070954669541086843 0.040076014391722495 -0.034255479186046399 -0.0061491289603616923 -0.070684698881435637 -0.028376032270880747
leaf_weight=1198604 7999 678 793 18857 4056 2905 955 1659 1415 1190 4390 1832 2131 133 2358 8518 2849 144 227 218 420 23957 558 490 941 180 207 1118 51 77
leaf_count=1198604 7999 678 793 18857 4056 2905 955 1659 1415 1190 4390 1832 2131 133 2358 8518 2849 144 227 218 420 23957 558 490 941 180 207 1118 51 77
internal_value=0 -0.000974989 -0.000812333 -0.00443338 0.00019014 0.003095 0.00142478 -0.00209665 0.0039872 0.0192397 0.00300507 0.005568 0.00745293 0.0109004 -0.00309137 0.00706859 -0.00294564 0.0226428 -0.0130243 0.0134316 0.0451299 -0.00431283 -0.0115226 -0.00435032 0.00631177 0.0271231 -0.0241567 -0.0154832 0.0109777 0.0163794
internal_weight=0 91306 90628 19650 70978 31264 27208 39714 10604 2605 24303 17110 15278 11474 7193 8651 3804 2823 2803 445 615 29110 5153 3287 1679 738 1866 1608 195 2208
internal_count=1289910 91306 90628 19650 70978 31264 27208 39714 10604 2605 24303 17110 15278 11474 7193 8651 3804 2823 2803 445 615 29110 5153 3287 1679 738 1866 1608 195 2208
is_linear=0
shrinkage=0.1


Tree=177
num_leaves=31
num_cat=0
split_feature=29 2 64 29 2 4 20 2 20 20 2 62 30 33 93 3 20 67 76 13 5 2 93 1 0 13 3 66 93 5
split_gain=9.21199 22.327 20.765 9.47614 18.9335 48.8374 21.7719 15.0002 21.7793 14.7843 13.6845 38.5667 11.7131 19.0404 13.7127 44.8118 64.3406 40.8351 40.4052 36.5244 36.4976 36.2337 30.4785 29.883 26.8771 26.5081 21.3842 24.4271 33.0995 21.0795
threshold=454690.50000000006 285042.06000000006 0.21483741640584963 8818.5000000000018 46833.650000000001 14135.515000000001 1.5000000000000002 1377.7050000000002 1.5000000000000002 1.0000000180025095e-35 23076.905000000002 43744.000000000007 4.5000000000000009 0.58571428571428574 25.500000000000004 345614.19500000001 16.500000000000004 4.5000000000000009 11.500000000000002 113.50000000000001 1.5000000000000002 34163.545000000006 23.500000000000004 33131.000000000007 96.500000000000014 23.500000000000004 39930.580000000009 35.500000000000007 45.500000000000007 3.0000000000000004
decision_type=2 2 2 2 2 2 2 2 2 2 2 2 2 2 2 2 2 2 2 2 2 2 2 2 2 2 2 2 2 2
left_child=3 -2 -3 12 5 7 -7 8 -5 -9 11 -11 13 14 22 17 -17 18 19 25 21 23 -1 -21 -19 -16 27 -27 29 -29
right_child=1 2 -4 4 -6 6 -8 9 -10 10 -12 -13 -14 -15 15 16 -18 24 -20 20 -22 -23 -24 -25 -26 26 -28 28 -30 -31
leaf_value=3.6004881180761208e-05 0.068195359589255045 -0.019884681641118642 0.12530860937453964 -0.12147135448643516 0.0042626993201280916 0.030446554083126843 -0.053130222074986827 0.045388694453206459 -0.030891450466774131 -0.058034396269466472 0.027738595560250712 -0.044890079834031177 0.034786177388335261 -0.022379820634715338 0.010711353060080309 0.012533569276499826 -0.045068829581513772 -0.17865265469407887 0.012786657680999267 -0.081752827183162485 0.01324530863355753 -0.013866833829343823 0.018288760067477872 0.007809001020512585 0.015847974471904513 -0.011693880026611004 -0.028550915528943344 0.051934620546679855 -0.017520604689941498 -0.075068060917181781
leaf_weight=1263263 266 491 218 55 1473 34 183 470 81 1850 403 185 3105 1038 495 1160 164 90 1941 310 2003 1649 1073 1116 2680 1625 1688 52 482 267
leaf_count=1263263 266 491 218 55 1473 34 183 470 81 1850 403 185 3105 1038 495 1160 164 90 1941 310 2003 1649 1073 1116 2680 1625 1688 52 482 267
internal_value=0 0.00971926 0.000450315 -4.60113e-06 -0.00447044 -0.00872081 -0.0545554 -0.00545336 -0.0379137 -0.00393527 -0.00706593 -0.0103999 1.18615e-05 -3.00679e-06 7.97141e-06 -0.00292713 0.0146784 -0.00454609 -0.00714537 -0.00978403 -0.00393406 -0.0107764 4.44694e-05 0.000896672 0.00636526 -0.0162293 -0.0188599 -0.012846 -0.0271383 -0.0521258
internal_weight=0 975 709 1.28894e+06 4734 3261 217 3044 136 2908 2438 2035 1.2842e+06 1.2811e+06 1.28006e+06 15722 1324 14398 11628 9687 5078 3075 1.26434e+06 1426 2770 4609 4114 2426 801 319
internal_count=1289910 975 709 1288935 4734 3261 217 3044 136 2908 2438 2035 1284201 1281096 1280058 15722 1324 14398 11628 9687 5078 3075 1264336 1426 2770 4609 4114 2426 801 319
is_linear=0
shrinkage=0.1


Tree=178
num_leaves=31
num_cat=0
split_feature=93 3 13 94 1 2 29 4 29 4 4 20 2 5 2 20 3 64 141 2 20 3 66 92 2 0 30 33 4 30
split_gain=9.67074 45.2687 23.732 23.0064 19.3884 11.6808 10.9448 20.7318 10.9444 16.3894 18.1966 39.4826 21.1161 15.6744 15.8328 20.8844 11.3589 10.8997 10.8116 10.5677 10.5523 10.5012 13.1317 13.8993 17.5899 10.7609 9.79763 16.4718 12.6362 10.3371
threshold=82558.000000000015 19625.315000000006 30657.000000000004 10.000013527406528 824237.50000000012 52625.740000000005 454690.50000000006 141728.92500000002 8818.5000000000018 26206.980000000003 14744.320000000002 1.5000000000000002 51440.825000000004 1.5000000000000002 1377.7050000000002 1.5000000000000002 324026.82500000007 0.21990514774955336 0.63961038961038974 1200066.4150000003 5.5000000000000009 26216.385000000006 102518.50000000001 3.904612461532156e-05 99903.550000000017 307200.50000000006 4.5000000000000009 0.58571428571428574 53.260000000000012 5.5000000000000009
decision_type=2 2 2 2 2 2 2 2 2 2 2 2 2 2 2 2 2 2 2 2 2 2 2 2 2 2 2 2 2 2
left_child=6 -2 4 19 18 -5 8 20 26 10 13 -12 -13 -10 15 -15 -11 -9 -3 21 -8 -4 23 24 25 -23 27 -1 -29 -28
right_child=1 2 3 5 -6 -7 7 17 9 16 11 12 -14 14 -16 -17 -18 -19 -20 -21 -22 22 -24 -25 -26 -27 29 28 -30 -31
leaf_value=2.1525186293047674e-05 0.018698371233180678 0.027761989413551316 -0.0072852790061943345 -0.0031903858291879444 -0.050248628253875584 -0.015077321197832887 0.081514847930436118 -0.018088406659082335 0.031819365433645198 0.018765280586564678 0.0043349672462177288 -0.044991284421262837 -0.013761277002792208 -0.10967165821432974 -0.014269648535435185 -0.057737111146463807 -0.025396799482601141 0.073477854201140877 -0.0031962685334794754 -0.049024481676209958 -0.023703716473717024 0.046499947638143871 0.0056223456755254871 -0.013671118683112219 -0.03026424516142652 -0.0066438288187428141 0.060795414262965912 -0.084627486876212646 -0.006470886897629282 0.0176681150877251
leaf_weight=1277974 417 146 177 60 83 83 340 324 561 319 157 185 81 52 3095 69 80 97 40 85 97 100 182 181 706 77 612 356 682 2492
leaf_count=1277974 417 146 177 60 83 83 340 324 561 319 157 185 81 52 3095 69 80 97 40 85 97 100 182 181 706 77 612 356 682 2492
internal_value=0 -0.00642652 -0.0129127 -0.0174003 0.0146305 -0.0557343 1.21212e-05 0.0113027 4.59245e-06 -0.00486494 -0.00670492 -0.0263735 -0.0498451 -0.00450216 -0.00719273 -0.0426788 0.0145032 -0.00453438 0.0325645 -0.0137652 0.0265599 -0.0117192 -0.00848149 -0.0127274 -0.00755266 0.0206355 2.20597e-05 8.44144e-06 -0.0125836 0.00563349
internal_weight=0 2337 1920 1651 269 143 1.28757e+06 858 1.28672e+06 4599 4200 423 266 3777 3216 121 399 421 186 1508 437 1423 1246 1064 883 177 1.28212e+06 1.27901e+06 1038 3104
internal_count=1289910 2337 1920 1651 269 143 1287573 858 1286715 4599 4200 423 266 3777 3216 121 399 421 186 1508 437 1423 1246 1064 883 177 1282116 1279012 1038 3104
is_linear=0
shrinkage=0.1


Tree=179
num_leaves=31
num_cat=0
split_feature=17 17 16 6 123 0 100 141 13 3 3 3 2 13 4 4 2 13 123 123 3 2 1 2 3 20 18 117 3 6
split_gain=9.24823 30.7116 26.9557 26.1434 24.6399 38.4314 18.8521 16.1604 14.0809 43.1 49.4569 36.0315 29.4558 23.5214 32.7125 20.0015 17.0231 15.5491 13.7198 13.2206 13.129 12.5074 12.3359 16.9528 11.239 11.1951 11.0968 11.8788 12.9998 11.6046
threshold=4.5000000000000009 3.5000000000000004 1.0000000180025095e-35 4.8333333333333348 1121369.5000000002 1160977.0000000002 0.77500000000000013 0.63068181818181823 1794.5000000000002 57041.455000000009 46314.080000000009 43970.635000000009 68428.250000000015 432.50000000000006 0.42500000000000004 0.42500000000000004 105794.34500000002 900.50000000000011 212108.50000000003 2195312.0000000005 79369.505000000019 22452.005000000001 308.50000000000006 662018.77500000002 256364.23500000002 3.5000000000000004 1.5000000000000002 0.23611111111111113 33955.080000000009 5.5833333333333348
decision_type=2 2 2 2 2 2 2 2 2 2 2 2 2 2 2 2 2 2 2 2 2 2 2 2 2 2 2 2 2 2
left_child=1 26 4 22 6 -6 8 -5 11 10 18 -3 -11 25 16 -12 20 -18 -10 -7 -15 -20 23 -2 -24 -13 -1 -28 -29 -30
right_child=3 2 -4 7 5 19 -8 -9 9 12 15 13 -14 14 -16 -17 17 -19 21 -21 -22 -23 24 -25 -26 -27 27 28 29 -31
leaf_value=6.7050096601706252e-05 0.001054907895938606 0.0026618624063531994 3.0545210562299225e-05 0.0004018706310922945 -0.0071875309745073057 -0.00056814320858958052 -0.037475822773816427 -0.017660510456145612 -0.0027429269942740309 0.0045036567574165002 -0.036666734614411257 -0.00030761684348481479 -0.00024276843640964581 -0.0076581328855962029 0.0050401119929774363 -0.0071774105707794744 -0.0061519487004965921 -0.0060762887266953974 0.0032968556998414392 -0.0025159180912191445 0.0091449977115480863 -0.0072582224685428633 0.0042860960308747087 -0.011836268481372184 0.0067484332191231292 -0.0084865332250493985 -0.0024642197165440586 0.024708232902604401 -0.043288782570135513 0.011166269185430792
leaf_weight=1256948 317 848 5543 4504 105 252 117 394 1187 538 150 459 1527 218 89 79 193 22 49 116 26 161 1789 39 650 291 13175 35 66 23
leaf_count=1256948 317 848 5543 4504 105 252 117 394 1187 538 150 459 1527 218 89 79 193 22 49 116 26 161 1789 39 650 291 13175 35 66 23
internal_value=0 -2.0937e-05 -0.00506252 0.00345667 -0.00946956 -0.0314375 -0.00772438 -0.000946999 -0.00692772 -0.00318261 -0.0153604 -0.0133691 0.00640625 -0.0238425 -0.0395908 -0.0584362 -0.0503494 -0.0708652 -0.00829925 -0.0162116 -0.0322719 -0.0318601 0.0111737 -0.00621534 0.0137119 -0.0123357 2.65717e-05 -0.00284689 -0.0336533 -0.053958
internal_weight=0 1.28222e+06 11970 7693 6427 473 5954 4898 5837 3691 1626 2146 2065 1298 548 229 459 215 1397 368 244 210 2795 356 2439 750 1.27025e+06 13299 124 89
internal_count=1289910 1282217 11970 7693 6427 473 5954 4898 5837 3691 1626 2146 2065 1298 548 229 459 215 1397 368 244 210 2795 356 2439 750 1270247 13299 124 89
is_linear=0
shrinkage=0.1


Tree=180
num_leaves=31
num_cat=0
split_feature=105 3 109 4 3 20 4 25 3 6 6 20 63 63 63 2 4 2 4 124 92 92 64 6 4 1 137 127 3 2
split_gain=9.14326 29.304 9.19765 43.0125 20.1221 21.2851 10.0784 9.14717 20.2842 9.46807 25.7796 17.5548 22.8128 33.1626 24.1576 22.4736 25.1352 65.4857 24.2689 26.4293 19.2947 19.5781 18.9364 17.1039 26.1468 40.4869 45.0989 38.0535 37.5347 40.7966
threshold=3572255.0000000005 394480.84500000003 0.59166666666666679 0.43500000000000005 27149.735000000004 1.5000000000000002 9053.1400000000012 6.0000000000000009 20341.975000000002 35.583333333333336 24.750000000000004 5.5000000000000009 33.717886949054581 47.596704310242451 4.5423817789550123 340235.22500000003 34924.205000000009 384932.14500000008 79863.740000000005 32.500000000000007 70.295454545454561 460.50000000000006 0.00039936741503965729 10.16666666666667 2000.8450000000003 209099.50000000003 842949.50000000012 0.93750000000000011 437095.56000000006 297313.86000000004
decision_type=2 2 2 2 2 2 2 2 2 2 2 2 2 2 2 2 2 2 2 2 2 2 2 2 2 2 2 2 2 2
left_child=2 -2 7 -4 6 -6 -5 9 -9 10 23 12 14 -14 20 -13 17 22 19 -18 -12 -22 -17 -1 25 27 -27 -25 29 -29
right_child=1 -3 3 4 5 -7 -8 8 -10 -11 11 15 13 -15 -16 16 18 -19 -20 -21 21 -23 -24 24 -26 26 -28 28 -30 -31
leaf_value=0.0001424842807773663 0.019940310960824742 -0.0059155473835784461 0.019048047047429198 0.043501678839803604 -0.026490633422788509 -0.0014932201941178836 -0.039035715608276705 0.10331770486522079 0.00099474250057665094 -0.0019688971236918817 0.0035539515239228162 0.035027903315202981 0.060488550817871425 -0.027877294233553958 -0.010486451991397625 -0.046151036739963236 0.043314821093207591 -0.00032472412787694084 -0.03221007014520396 -0.087048168899105327 -0.049739789567959963 -0.0066933726515310266 -0.061016264499870403 0.0030164833336964215 -0.0021525969729196295 -0.0024308586890457486 0.016391512796691154 0.016126526910726958 -0.011961267427427228 0.02326300113799953
leaf_weight=749639 74 87 499 1050 311 1109 64 8565 22538 144472 64023 5185 131 79 401 78 841 2753 155 25 368 476 129 73535 167583 39399 2849 2472 388 632
leaf_count=749639 74 87 499 1050 311 1109 64 8565 22538 144472 64023 5185 131 79 401 78 841 2753 155 25 368 476 129 73535 167583 39399 2849 2472 388 632
internal_value=0 0.0238274 -4.81729e-06 0.00549554 0.000210991 -0.00768182 0.0102718 -1.77825e-05 0.00167628 -5.97464e-05 3.92707e-05 0.00183417 0.00126039 0.0341669 0.00115452 0.00593298 0.000281997 -0.00438473 0.0138114 0.020334 0.00130578 -0.0137154 -0.0586279 -8.99902e-05 -0.000746674 0.000384986 -0.00210273 0.00174946 0.0119491 0.0156146
internal_weight=0 161 1.28975e+06 3033 2534 1420 1114 1.28672e+06 31103 1.25561e+06 1.11114e+06 74644 65478 210 65268 9166 3981 2960 1021 866 64867 844 207 1.0365e+06 286858 119275 42248 77027 3492 3104
internal_count=1289910 161 1289749 3033 2534 1420 1114 1286716 31103 1255613 1111141 74644 65478 210 65268 9166 3981 2960 1021 866 64867 844 207 1036497 286858 119275 42248 77027 3492 3104
is_linear=0
shrinkage=0.1


Tree=181
num_leaves=31
num_cat=0
split_feature=84 4 2 84 3 76 4 3 2 63 92 1 20 20 4 6 20 2 6 13 75 92 0 20 20 4 20 0 3 4
split_gain=9.26654 11.3655 9.90379 11.8273 12.0771 9.15499 38.7788 48.3442 43.5391 27.7059 23.5136 22.7154 15.4441 16.6233 14.5919 20.923 19.8653 15.3684 14.071 13.4358 13.3767 28.1793 11.1673 34.9921 38.7175 21.3524 12.3162 11.1018 13.4595 10.9722
threshold=1407870.5000000002 23.140000000000004 506845.30500000005 2786319.0000000005 509652.76500000007 9.5000000000000018 12714.170000000002 33955.080000000009 48116.110000000008 22.724187327823696 3169.5000000000005 25.500000000000004 2.5000000000000004 6.5000000000000009 30394.260000000006 19.833333333333339 6.5000000000000009 50395.260000000017 21.583333333333339 18.500000000000004 24.500000000000004 40.720000000000006 2.5000000000000004 7.5000000000000009 5.5000000000000009 1378.0850000000003 6.5000000000000009 3.5000000000000004 40717.015000000007 11609.785000000002
decision_type=2 2 2 2 2 2 2 2 2 2 2 2 2 2 2 2 2 2 2 2 2 2 2 2 2 2 2 2 2 2
left_child=5 -2 -3 4 -4 20 22 8 12 10 14 -12 -8 18 16 17 19 -16 -14 -9 -1 29 23 24 -7 26 -26 28 -24 -22
right_child=1 2 3 -5 -6 6 7 9 -10 -11 11 -13 13 -15 15 -17 -18 -19 -20 -21 21 -23 27 -25 25 -27 -28 -29 -30 -31
leaf_value=8.0532356345730532e-05 0.00902195702166818 0.20992064518355091 -0.0081432933678807114 -0.0070598092091065379 0.0018435466761253156 -0.0029282289102774829 0.027116192606329449 -0.11130801566077686 -0.048111433734397357 0.027830961191103155 0.029575896596483027 0.012154670665266192 -0.13328275930327069 -0.0001827910070504757 0.02396355936928465 0.028284636683454864 4.4318773180159977e-05 -0.018918841577093854 -0.031702738260162941 0.0037195514441636119 -0.005751532493731993 -0.022116429840316695 0.047527020002751025 0.012700547088155312 -0.076250827444841685 -0.10652084942377563 0.055556613243629774 0.00088176177719190285 -0.017085220439992256 0.0042473829645908959
leaf_weight=1253169 213 47 44 42 71 708 79 638 169 72 59 250 330 167 99 362 333 1079 76 73 13029 814 724 718 107 359 63 13762 160 2094
leaf_count=1253169 213 47 44 42 71 708 79 638 169 72 59 250 330 167 99 362 333 1079 76 73 13029 814 724 718 107 359 63 13762 160 2094
internal_value=0 0.0149073 -0.00196216 -0.0140176 0.00256941 -2.11328e-06 -0.0021044 -0.0112371 -0.0327115 -0.00529084 -0.00681582 0.0192549 -0.0209872 -0.0267019 -0.00993341 -0.00374613 -0.0190602 -0.0102076 -0.0376258 -0.0285005 3.1658e-05 -0.00284724 -2.16172e-05 -0.00712055 -0.0173132 -0.0377804 -0.00858473 0.000925973 0.011789 -0.00187168
internal_weight=0 417 204 157 115 1.28949e+06 20387 3786 821 2965 2893 309 652 573 2584 1540 1044 1178 406 711 1.26911e+06 15937 16601 1955 1237 529 170 14646 884 15123
internal_count=1289910 417 204 157 115 1289493 20387 3786 821 2965 2893 309 652 573 2584 1540 1044 1178 406 711 1269106 15937 16601 1955 1237 529 170 14646 884 15123
is_linear=0
shrinkage=0.1


Tree=182
num_leaves=31
num_cat=0
split_feature=67 62 63 53 1 66 88 2 6 87 90 4 123 0 4 90 4 90 0 3 88 3 88 1 90 90 114 3 1 4
split_gain=8.84704 21.9307 19.7289 16.8699 14.5332 13.8564 13.9933 24.365 20.4885 19.0828 58.0888 65.0269 34.2429 36.8241 21.9741 20.1785 27.3834 21.3268 18.2906 17.7129 17.7271 16.8588 16.6219 16.1735 15.4189 13.8146 13.6932 31.2139 13.5453 13.3758
threshold=10.500000000000002 424517.50000000006 0.75660207645482191 1.9864713909216178 1184909.0000000002 899953.50000000012 414642.00000000006 318943.96000000008 6.8333333333333348 1.0000000180025095e-35 0.50943295897346363 21941.185000000001 728.00000000000011 6667.5000000000009 92169.700000000012 319.06221576488889 47943.080000000009 8.8654115646258536 20601742.000000004 394480.84500000003 4093571.5000000005 93518.200000000026 499522.00000000006 4319.0000000000009 37.107735907811644 0.17285603046288464 28707.000000000004 35486.265000000007 1000044.5000000001 4603.5500000000011
decision_type=2 2 2 2 2 2 2 2 2 2 2 2 2 2 2 2 2 2 2 2 2 2 2 2 2 2 2 2 2 2
left_child=5 3 -3 4 29 6 9 8 -8 26 14 12 18 -14 21 17 -17 28 23 20 -9 -11 25 -12 -15 -10 -1 -28 -13 -2
right_child=1 2 -4 -5 -6 -7 7 19 22 10 11 15 13 24 -16 16 -18 -19 -20 -21 -22 -23 -24 -25 -26 -27 27 -29 -30 -31
leaf_value=-2.005549652143128e-05 0.00029618519570075012 -0.0095375407759414679 0.0028375763857814602 -0.059449372054577947 0.018855102139494213 0.014608032389695725 -0.0024770156167803203 0.010153838643810219 0.033868440566245453 0.060555474255666097 0.09119626778713974 0.0030388493843403839 -0.12979166599559575 -0.045291053175246093 0.025736121533395252 0.021365589656027004 -0.010133904349547135 0.018697162029516774 0.041079440101724166 -0.0050361667003904105 0.020409774861828982 -0.045345695511858103 -0.01668020330006743 -0.020963448862645631 0.082733231509478644 -0.025421129424242996 0.030889471024502679 -0.0013462471913643027 -0.052092726517107585 -0.015266918164963278
leaf_weight=1248961 9059 121 81 443 422 2995 1339 950 31 3692 233 1025 189 229 1091 972 1812 1800 186 3085 59 116 1206 2712 57 388 1162 1805 34 3655
leaf_count=1248961 9059 121 81 443 422 2995 1339 950 31 3692 233 1025 189 229 1091 972 1812 1800 186 3085 59 116 1206 2712 57 388 1162 1805 34 3655
internal_value=0 -0.00251603 -0.0352233 -0.00202948 -0.0013822 3.13325e-05 1.53502e-05 -0.00442494 -0.0113302 4.01035e-05 0.00369212 -0.000971304 -0.0114605 -0.0364793 0.0124964 0.0057315 -0.00032834 0.0116324 -0.0076649 0.000574344 0.0120758 0.00891157 -0.0188773 -0.00958572 -0.013845 -0.0360358 -1.16787e-06 0.00678429 0.000372234 -0.00198819
internal_weight=0 13781 202 13579 13136 1.27613e+06 1.27313e+06 7058 2964 1.26608e+06 14148 9249 3606 475 4899 5643 2784 2859 3131 4094 1009 3808 1625 2945 286 419 1.25193e+06 2967 1059 12714
internal_count=1289910 13781 202 13579 13136 1276129 1273134 7058 2964 1266076 14148 9249 3606 475 4899 5643 2784 2859 3131 4094 1009 3808 1625 2945 286 419 1251928 2967 1059 12714
is_linear=0
shrinkage=0.1


Tree=183
num_leaves=31
num_cat=0
split_feature=128 1 52 20 1 3 1 123 2 4 4 6 6 4 6 20 13 62 3 13 63 63 13 1 127 2 124 53 18 20
split_gain=8.49463 16.379 26.2422 21.3837 21.9718 36.3895 42.8318 28.1058 25.7433 24.7551 20.088 17.0476 16.1108 14.0301 15.4234 13.8833 41.7219 13.6782 13.1235 11.8541 12.3429 12.2317 11.8832 11.3305 17.4297 15.3603 11.2891 11.1809 10.032 10.014
threshold=0.080128205128205135 552.50000000000011 0.012256490388639357 6.5000000000000009 461177.00000000006 41739.17500000001 30123.000000000004 97684.500000000015 166655.91000000003 23694.355000000007 33153.06500000001 12.833333333333334 2.5833333333333335 25336.875000000004 11.833333333333334 1.5000000000000002 10978.500000000002 824188.00000000012 118785.82000000002 1925539.5000000002 3.0014011849467166 1.080637111303431 867.50000000000011 3657.5000000000005 0.58578431372549034 120017.44000000002 11.500000000000002 2.3788443616029826 1.0000000180025095e-35 5.5000000000000009
decision_type=2 2 2 2 2 2 2 2 2 2 2 2 2 2 2 2 2 2 2 2 2 2 2 2 2 2 2 2 2 2
left_child=29 2 -2 4 5 7 11 -3 9 26 -11 15 -5 -10 -15 16 -7 -6 -4 20 21 22 -14 24 28 -25 -8 -20 -17 -1
right_child=1 3 18 12 17 6 8 -9 13 10 -12 -13 19 14 -16 23 -18 -19 27 -21 -22 -23 -24 25 -26 -27 -28 -29 -30 -31
leaf_value=0.00019046085448926053 0.0098609422463214955 0.0056837127643370794 -0.0069833945434198521 0.020988531525915621 0.0045706523717794871 0.0085592844597462362 -0.022219360606479579 -0.0090819769294095305 0.01031162675872635 0.0094013612647873748 -0.014530501575182726 -0.0069684319497085095 -0.037756620331965043 -0.023835341761174321 0.015873714640029193 -0.014547232932110778 -0.032320201642517012 -0.0046437171428472231 -0.025995806805181494 -0.018879803690270716 -0.016528374843798408 0.025065800173213471 0.0021005779890124867 -0.035037365901464425 0.0056216787644645105 -0.026673990936145399 0.0020228282237074856 0.01372058592778499 -0.042493975088430613 -0.00055057205701424005
leaf_weight=1031536 1331 1610 235 90 876 171 255 716 262 123 103 209 67 89 44 208 130 849 96 159 26 126 1712 277 64 156 57 27 87 248219
leaf_count=1031536 1331 1610 235 90 876 171 255 716 262 123 103 209 67 89 44 208 130 849 96 159 26 126 1712 277 64 156 57 27 87 248219
internal_value=0 -0.00287665 0.00611475 -0.00467047 -0.00763014 -0.011266 -0.0203782 -0.00251031 -0.0040248 -0.0182579 0.0069458 -0.032097 0.00386369 0.015361 -0.0110909 -0.0371006 -0.0188189 0.00198334 -0.0179196 0.00207976 0.00424083 0.00517484 0.00304232 -0.0440486 -0.0309127 -0.0549395 -0.0365144 -0.0443841 -0.0411758 2.70244e-05
internal_weight=0 10155 1689 8466 6286 4561 2235 2326 933 538 226 1302 2180 395 133 1093 301 1725 358 2090 1931 1905 1779 792 359 433 312 123 295 1.27976e+06
internal_count=1289910 10155 1689 8466 6286 4561 2235 2326 933 538 226 1302 2180 395 133 1093 301 1725 358 2090 1931 1905 1779 792 359 433 312 123 295 1279755
is_linear=0
shrinkage=0.1


Tree=184
num_leaves=31
num_cat=0
split_feature=64 137 62 63 0 20 13 1 0 6 3 1 0 14 62 4 14 0 2 0 3 20 3 4 4 4 3 4 63 6
split_gain=8.62902 26.9195 41.8669 41.3849 34.0509 46.6208 34.5772 32.236 30.9815 31.1236 71.4671 55.6303 40.6843 31.1788 34.5138 30.5455 37.0163 36.7406 42.248 29.6065 29.2048 29.0294 28.1088 27.851 27.8378 55.4829 72.8006 33.9356 30.2435 29.2887
threshold=1.7667912494452016 44.500000000000007 1761000.5000000002 1999.8977272727275 1294999.0000000002 6.5000000000000009 5730.0000000000009 36294016.500000007 969036.00000000012 4.166666666666667 84877.930000000008 550908.50000000012 271839.50000000006 1.0000000180025095e-35 414523.50000000006 19458.620000000003 1.0000000180025095e-35 166453.00000000003 53682.620000000003 529031.00000000012 22220.060000000001 8.5000000000000018 58854.630000000012 37715.375000000007 2547.6200000000003 10827.600000000002 224306.87000000002 63686.945000000007 37.996126639061423 8.4166666666666696
decision_type=2 2 2 2 2 2 2 2 2 2 2 2 2 2 2 2 2 2 2 2 2 2 2 2 2 2 2 2 2 2
left_child=-1 -2 3 4 8 7 -7 24 9 10 12 15 -3 23 -15 -11 -17 18 -18 -4 -10 -12 -5 -14 29 26 -26 -27 -29 -6
right_child=1 2 19 22 5 6 -8 -9 20 11 21 -13 13 14 -16 16 17 -19 -20 -21 -22 -23 -24 -25 25 27 -28 28 -30 -31
leaf_value=9.6948725210105449e-05 -0.001313740984018974 0.020776639486784057 -0.023208621337287252 0.017873353132351655 0.018265238994298546 -0.031590221062737033 0.0020490660822285235 -0.0089422671061358816 -0.033654821506653637 -0.00077040047230538401 -0.0023834198554955406 0.0075798723785973372 0.0045188785832232384 9.0814429958242608e-05 -0.011123953314930457 -0.01215765002068965 -0.012858660600187477 0.0025453320753091942 -0.0050060390066727078 -0.0010575038604654188 -0.0024949141420239343 0.0075977665403749372 0.0022147094359630053 -0.004588823314810456 -0.020852807918200558 0.016321230585898679 0.021792043710520678 0.0028314271264280322 0.055262844617420703 0.0039835799933346959
leaf_weight=1192880 48810 1419 142 453 854 548 1265 788 320 13805 2474 2273 483 344 111 847 320 1207 1198 9875 1612 836 1750 54 1141 1509 256 1679 200 457
leaf_count=1192880 48810 1419 142 453 854 548 1265 788 320 13805 2474 2273 483 344 111 847 320 1207 1198 9875 1612 836 1750 54 1141 1509 256 1679 200 457
internal_value=0 -0.000903397 0.000772401 0.00228124 0.00146704 0.00691625 -0.00735054 0.0106736 -0.00026873 0.000660836 0.00715198 -0.00122903 0.0202478 0.00471141 -0.0145485 -0.00315339 -0.0113957 -0.00572026 -0.0160742 -0.00498202 -0.0124758 -0.00238699 0.0155863 0.0210304 0.0131339 0.00959677 -0.00717242 0.0165113 0.00754247 0.0260442
internal_weight=0 97030 48220 38203 36000 8697 1813 6884 27303 25371 5721 19650 2411 992 455 17377 3572 2725 1518 10017 1932 3310 2203 537 6096 4785 1397 3388 1879 1311
internal_count=1289910 97030 48220 38203 36000 8697 1813 6884 27303 25371 5721 19650 2411 992 455 17377 3572 2725 1518 10017 1932 3310 2203 537 6096 4785 1397 3388 1879 1311
is_linear=0
shrinkage=0.1


Tree=185
num_leaves=31
num_cat=0
split_feature=89 90 99 18 20 64 20 62 2 137 138 2 4 124 13 5 2 3 2 136 143 75 124 123 2 1 5 20 2 64
split_gain=8.47707 12.3191 8.43638 8.84266 22.6681 34.8508 25.0175 29.1483 59.6082 31.3596 32.5756 23.6844 25.1091 28.278 26.9005 31.4318 23.5889 31.3345 67.5101 56.3141 40.8703 25.1025 19.1527 41.4188 48.9134 39.9276 36.8255 31.7965 29.518 34.9073
threshold=3269682.0000000005 100703647.00000001 1.0000000180025095e-35 1.0000000180025095e-35 23.500000000000004 1.0847675124691785 1.0000000180025095e-35 16330.500000000002 22452.005000000001 1.5000000000000002 4.5000000000000009 35115.965000000004 94481.205000000016 7.5000000000000009 734027.00000000012 3.0000000000000004 2570.8200000000002 1383.2900000000002 1967.5500000000002 1.0000000180025095e-35 1.0000000180025095e-35 3.5000000000000004 7.5000000000000009 547723.50000000012 102032.16000000002 46131.500000000007 3.0000000000000004 2.5000000000000004 318943.96000000008 0.027405255351189619
decision_type=2 2 2 2 2 2 2 2 2 2 2 2 2 2 2 2 2 2 2 2 2 2 2 2 2 2 2 2 2 2
left_child=1 2 3 -1 6 11 7 8 16 -10 -11 -6 14 -14 -13 -16 17 -5 19 -19 -20 -18 23 -8 27 -24 -27 -25 -26 -30
right_child=-2 -3 -4 4 5 -7 22 -9 9 10 -12 12 13 -15 15 -17 21 18 20 -21 -22 -23 25 24 28 26 -28 -29 29 -31
leaf_value=7.8070871085958319e-05 -0.020290550281758836 0.077033070171740048 0.014584231937123821 0.01093513735268381 0.03184867589901863 0.018506753727764114 9.5327202456924751e-05 0.0023821622558250332 -0.0067940352190280651 -0.040219726828667243 -0.02881409801348811 -0.014122505368617186 3.1384245254006465e-05 -0.024855022178150148 -0.019692313630207323 0.027015253235072742 0.032336442864984605 0.046649345853875257 0.042053264606595066 -0.056241699822854256 -0.10656234712701901 -0.16809696323112713 0.0059602057755359095 -0.012021548950896126 -0.0044061523417681667 -0.007937705614359223 -0.0040228017784716382 0.008379477440580263 0.0084290172890088885 0.0011479784504570957
leaf_weight=1208910 182 59 231 989 245 504 50690 2804 1151 882 686 807 767 123 211 48 1974 91 564 223 77 107 4149 58 764 1060 8784 496 980 1294
leaf_count=1208910 182 59 231 989 245 504 50690 2804 1151 882 686 807 767 123 211 48 1974 91 564 223 77 107 4149 58 764 1060 8784 496 980 1294
internal_value=0 9.25758e-06 7.16719e-06 3.74389e-06 -0.0010109 -0.0100101 -0.000698105 -0.00549259 -0.00905531 -0.0204939 -0.0296951 -0.0154417 -0.019113 -0.0067132 -0.0294656 -0.0575062 -0.00132822 -0.00924884 -0.0221688 -0.0601568 -0.00355995 0.00607096 -2.76138e-05 0.000822762 0.0111996 -0.00332641 -0.00679432 0.0385261 0.00621639 0.0119299
internal_weight=0 1.28973e+06 1.28967e+06 1.28944e+06 80528 2705 77823 9548 6744 2719 1568 2201 1956 890 1066 259 4025 1944 955 314 641 2081 68275 54282 3592 13993 9844 554 3038 2274
internal_count=1289910 1289728 1289669 1289438 80528 2705 77823 9548 6744 2719 1568 2201 1956 890 1066 259 4025 1944 955 314 641 2081 68275 54282 3592 13993 9844 554 3038 2274
is_linear=0
shrinkage=0.1


Tree=186
num_leaves=31
num_cat=0
split_feature=17 17 16 6 123 0 20 100 141 1 2 13 3 3 3 2 123 0 3 4 3 123 2 1 3 97 3 20 21 64
split_gain=8.68044 27.3491 25.5373 22.1484 20.9734 33.089 18.5919 17.6889 14.1804 11.1011 14.2922 10.6721 39.1219 50.6692 28.8687 23.2744 22.4267 21.5475 20.6643 20.6491 16.6344 15.2017 11.7446 10.1129 9.54701 9.38429 26.8548 15.5308 46.0641 13.7947
threshold=4.5000000000000009 3.5000000000000004 1.0000000180025095e-35 4.8333333333333348 1087466.0000000002 1160977.0000000002 4.5000000000000009 0.77500000000000013 0.63068181818181823 56.500000000000007 662018.77500000002 1794.5000000000002 56038.110000000008 46314.080000000009 39111.760000000002 68428.250000000015 434.50000000000006 556.50000000000011 104790.55 0.42500000000000004 79369.505000000019 212108.50000000003 18525.885000000006 2369500.0000000005 123232.98000000003 1.0000000180025095e-35 197842.08000000005 22.500000000000004 1.5000000000000002 1.0498794742118116
decision_type=2 2 2 2 2 2 2 2 2 2 2 2 2 2 2 2 2 2 2 2 2 2 2 2 2 2 2 2 2 2
left_child=1 25 4 9 7 6 -6 11 -5 10 -2 14 13 21 -3 -14 -16 18 -18 -15 -19 -13 -23 -7 -9 -1 29 28 -28 -27
right_child=3 2 -4 8 5 23 -8 24 -10 -11 -12 12 15 19 16 -17 17 20 -20 -21 -22 22 -24 -25 -26 26 27 -29 -30 -31
leaf_value=1.4417722019055557e-05 -0.0017067959256974908 0.0023638639354278458 0.00013435777455810262 0.00051877192193650057 -0.0018795034803852561 -0.00048587915116432535 -0.0069170805111032664 -0.00534306735550465 -0.01652745932952639 0.004385301336801972 -0.011851851809878144 -0.0027231740810910623 0.0041114266047495018 -0.033048602808797227 -0.0017636343754090008 -8.0262944523984956e-05 0.003843557247360985 -0.0073583836344591315 -0.015992900491905184 -0.0063393023179425306 0.0044792566345409962 0.0039289270978580147 -0.0065892443808272423 -0.002225115354977427 -0.046714551818719384 0.017475229539229375 -0.052434880631840888 0.01910142836559757 -0.0049821103020697205 -0.0060419612978598715
leaf_weight=1265691 205 817 5543 4504 26 258 93 62 394 2562 28 1187 536 148 885 1519 29 210 121 73 84 44 166 114 55 2908 69 156 1018 405
leaf_count=1265691 205 817 5543 4504 26 258 93 62 394 2562 28 1187 536 148 885 1519 29 210 121 73 84 44 166 114 55 2908 69 156 1018 405
internal_value=0 -1.58111e-05 -0.00477341 0.00335335 -0.00906293 -0.0289255 -0.0748241 -0.00741998 -0.000699914 0.0104564 -0.0104416 -0.00664592 -0.00337247 -0.0150034 -0.0122486 0.00578515 -0.0213425 -0.0396825 -0.070524 -0.0594958 -0.0239471 -0.00796493 -0.0327656 -0.0142429 -0.0459176 2.90215e-05 0.00455934 -0.00797479 -0.0122094 0.009262
internal_weight=0 1.28222e+06 11970 7693 6427 491 119 5936 4898 2795 233 5819 3673 1618 2146 2055 1329 444 150 221 294 1397 210 372 117 1.27025e+06 4556 1243 1087 3313
internal_count=1289910 1282217 11970 7693 6427 491 119 5936 4898 2795 233 5819 3673 1618 2146 2055 1329 444 150 221 294 1397 210 372 117 1270247 4556 1243 1087 3313
is_linear=0
shrinkage=0.1


Tree=187
num_leaves=31
num_cat=0
split_feature=123 124 4 62 2 3 123 90 64 20 126 6 20 4 14 4 62 6 64 2 64 3 0 64 3 3 20 3 4 20
split_gain=8.59104 34.1039 42.5265 51.8259 50.3773 100.963 37.9676 37.1733 34.0634 39.6445 42.4616 61.7078 46.3064 57.1882 38.0491 63.1221 44.5736 43.9087 43.2042 41.7566 46.6763 37.7427 39.7855 58.0975 50.0181 41.7057 36.4494 33.0189 32.7784 32.1631
threshold=127289.00000000001 3.5000000000000004 910.40000000000009 14210.500000000002 18525.885000000006 13447.695000000002 132.50000000000003 77.353347698599464 0.04074966489134229 19.500000000000004 0.06458333333333334 5.166666666666667 21.500000000000004 21170.420000000002 1.0000000180025095e-35 17749.415000000005 1210789.0000000002 3.5833333333333335 0.0014999600462529442 102032.16000000002 0.0021220714622086183 54179.980000000003 1989624.0000000002 3.3169055274815749e-06 197842.08000000005 214484.96000000005 4.5000000000000009 265945.48000000004 7271.7050000000008 14.500000000000002
decision_type=2 2 2 2 2 2 2 2 2 2 2 2 2 2 2 2 2 2 2 2 2 2 2 2 2 2 2 2 2 2
left_child=1 -1 3 4 -3 -6 -7 -4 9 14 11 -11 -12 27 15 16 -2 28 -19 20 -17 -21 23 -23 -25 -24 -26 -14 -18 -10
right_child=8 2 7 -5 5 6 -8 -9 29 10 12 -13 13 -15 -16 19 17 18 -20 21 -22 22 25 24 26 -27 -28 -29 -30 -31
leaf_value=-2.9797053354069236e-05 0.018627329905607587 0.038610741013671616 -0.00064103905454787613 0.013746325822174299 -0.25767636638716546 0.0082183309149227966 -4.4123781227423112e-06 0.043931074774751888 -0.00046297238867897277 0.018550337703187904 0.010493777643628844 0.011150316802532661 -0.0082644075877302495 0.012911470430198042 -0.00041240666974922394 -0.02440181156274206 -0.0031186495967653995 0.0079197366191029687 0.00021797731980126579 0.036162187107372248 0.023855050037475203 -0.025703880107139185 0.014117983844592705 0.020871876283485753 -0.039773124530729426 -0.0013632679585976536 -0.034357403858750156 0.00025372303596786429 0.012767844157251846 -0.0057871889216774336
leaf_weight=1065263 3942 3116 26509 4847 116 2637 15165 514 92272 673 247 1017 424 530 38068 381 302 3566 5877 265 116 925 1069 963 467 4448 273 232 32 15654
leaf_count=1065263 3942 3116 26509 4847 116 2637 15165 514 92272 673 247 1017 424 530 38068 381 302 3566 5877 265 116 925 1069 963 467 4448 273 232 32 15654
internal_value=0 0.000103773 0.00258195 0.00547904 0.00333092 0.00129008 0.00189602 -0.000192704 -0.000655871 0.0011756 0.0121634 0.0229006 -0.000499491 -0.00870307 0.000610223 0.00385792 0.00811382 0.00449445 0.0057548 -0.00269723 -0.0308627 -0.00103275 -0.00224111 -0.0123675 -0.00140957 0.00258257 -0.0209599 -0.0284408 -0.0311387 -0.00173882
internal_weight=0 1.11817e+06 52904 25881 21034 17918 17802 27023 171743 63817 3123 1690 1433 1186 60694 22626 13719 9777 9443 8907 497 8410 8145 2628 1703 5517 740 656 334 107926
internal_count=1289910 1118167 52904 25881 21034 17918 17802 27023 171743 63817 3123 1690 1433 1186 60694 22626 13719 9777 9443 8907 497 8410 8145 2628 1703 5517 740 656 334 107926
is_linear=0
shrinkage=0.1


Tree=188
num_leaves=31
num_cat=0
split_feature=4 2 2 20 3 140 20 6 1 3 13 19 129 17 2 3 123 123 123 20 3 20 136 6 5 20 122 123 13 2
split_gain=8.8006 31.7772 54.9325 72.6775 52.6283 55.4662 82.9878 37.3464 54.3481 33.8666 33.1226 28.139 28.3988 40.0126 37.3264 45.4228 61.4886 44.8068 59.6182 45.5711 34.7354 68.8073 99.0849 54.9317 60.9861 53.7733 42.1607 34.2687 38.5728 114.382
threshold=0.42500000000000004 7615.0750000000007 6183.1150000000007 1.5000000000000002 11730.050000000001 1.0000000180025095e-35 3.5000000000000004 4.8333333333333348 2924466.0000000005 10279.385000000002 231935.50000000003 1.0000000180025095e-35 0.080128205128205135 2.5000000000000004 550757.255 99950.97500000002 3805919.0000000005 1260770.5000000002 1055978.0000000002 6.5000000000000009 20341.975000000002 1.0000000180025095e-35 1.0000000180025095e-35 5.5833333333333348 1.5000000000000002 1.0000000180025095e-35 1.0000000180025095e-35 1087466.0000000002 1857.5000000000002 53682.620000000003
decision_type=2 2 2 2 2 2 2 2 2 2 2 2 2 2 2 2 2 2 2 2 2 2 2 2 2 2 2 2 2 2
left_child=1 2 -1 -4 9 11 7 8 -7 -3 -8 12 13 14 15 17 -17 18 20 -19 21 22 -6 -23 -25 26 -22 28 -15 -30
right_child=-2 4 3 -5 5 6 10 -9 -10 -11 -12 -13 -14 27 -16 16 -18 19 -20 -21 25 23 -24 24 -26 -27 -28 -29 29 -31
leaf_value=6.9498039104282988e-06 0.00015179317443134722 -0.0070016206119780299 -0.058298258533148295 0.064990544742322506 -0.0052619292048199824 -0.030051813491246832 -0.035405537465436843 -0.022673076237070336 0.014319649923233497 -0.012921985858856792 0.016473032302875858 -0.0052230175178516009 0.002929533481323199 -0.0032403371569230234 -0.020335528804888401 0.0039693563770457387 -0.00054771004489807698 0.0011029502225923689 -0.0036000833475102034 0.0082309906053912082 -0.041488965778171551 0.0050652131779659994 0.060236500787193448 0.14341433553353028 -0.0073567416413335088 -0.0011104157331967902 0.0096390466215031667 -0.0023055399614845028 -0.0085041951474198688 0.0028510890622935325
leaf_weight=153702 1038577 12075 338 4352 1011 1355 2249 884 95 2790 3110 4832 3200 2996 262 6966 2628 1282 699 180 1986 7652 2437 575 5640 19847 166 1181 3167 3676
leaf_count=153702 1038577 12075 338 4352 1011 1355 2249 884 95 2790 3110 4832 3200 2996 262 6966 2628 1282 699 180 1986 7652 2437 575 5640 19847 166 1181 3167 3676
internal_value=0 -0.000530195 0.000331136 0.0109922 -0.00199809 -0.000959777 -0.00902175 -0.0247598 -0.0346366 -0.00745168 -0.00216738 -7.85876e-05 0.000464281 -7.25382e-06 0.0011665 0.00135965 0.00756051 -7.47335e-05 -0.000703012 0.0171204 -0.000188312 0.00316214 0.0158041 1.87465e-05 -0.00696498 -0.00282539 -0.0178398 -0.00547459 -0.00354259 0.000600394
internal_weight=0 251333 158392 4690 92941 78076 7693 2334 1450 14865 5359 70383 65551 62351 51331 51069 9594 41475 40013 1462 39314 17315 3448 13867 6215 21999 2152 11020 9839 6843
internal_count=1289910 251333 158392 4690 92941 78076 7693 2334 1450 14865 5359 70383 65551 62351 51331 51069 9594 41475 40013 1462 39314 17315 3448 13867 6215 21999 2152 11020 9839 6843
is_linear=0
shrinkage=0.1


Tree=189
num_leaves=31
num_cat=0
split_feature=123 6 2 64 53 52 0 1 6 137 3 0 123 123 3 64 123 3 2 20 6 3 5 1 64 2 4 64 2 6
split_gain=8.82228 35.8486 61.0143 68.4862 24.3418 20.2374 19.4403 43.4636 35.9682 42.0069 36.1156 33.3922 50.4699 79.9431 75.6563 53.3484 34.805 33.4441 46.2127 49.5335 42.9049 32.8448 66.7615 52.5469 45.5647 32.7512 31.368 32.0746 31.8693 31.8462
threshold=5836247.0000000009 6.5833333333333348 497458.00000000006 0.057137969796197653 0.049146594093147027 3.3060552487631795e-06 6333383.5000000009 4731530.0000000009 5.5833333333333348 9203151.0000000019 1033236.2050000001 4167622.5000000005 4739137.0000000009 2074981.0000000002 86203.35500000001 0.602242344632126 1645590.5000000002 143161.52000000005 456975.34000000008 4.5000000000000009 5.5833333333333348 270208.27000000008 1.5000000000000002 3555488.5000000005 0.99999947370637032 369074.04500000004 6332.3750000000009 0.0033690257905566938 384932.14500000008 4.8333333333333348
decision_type=2 2 2 2 2 2 2 2 2 2 2 2 2 2 2 2 2 2 2 2 2 2 2 2 2 2 2 2 2 2
left_child=6 5 -3 4 -4 -2 11 21 10 -10 -9 -1 13 16 15 -15 -13 -16 19 20 -19 22 -8 24 -24 -22 27 -14 -28 -29
right_child=1 2 3 -5 -6 -7 7 8 9 -11 -12 12 26 14 17 -17 -18 18 -20 -21 25 -23 23 -25 -26 -27 28 29 -30 -31
leaf_value=4.4630759179487001e-05 -0.0076663969479366899 -0.0087176641495843293 0.0052092506162599618 0.084677932555594179 -0.038483291072053234 0.10687616259765401 -0.069255109180570026 0.0065967343643691251 -0.002391316476278044 0.044738245810552385 -0.01634918239026897 -0.0022722415836638255 0.00060726400376252604 -0.0018222416699190812 0.0004267109165624979 -0.0077875198802016101 0.01518623248300178 -0.0021773907755997602 -0.0065005584813971756 -0.0033412885318813584 -0.024714206991988216 0.00078949385119464217 -0.0054590809041517932 0.016183634121773063 0.0080241312998475603 -0.0082529789663454492 0.0072988444917404076 -0.011115978734680811 0.0011347969041558283 -0.020021960843289711
leaf_weight=1207694 5350 1368 2009 1099 180 54 137 9949 22827 682 1550 14479 4341 178 1354 477 269 223 3067 655 334 2188 472 1832 803 314 1360 75 2321 2269
leaf_count=1207694 5350 1368 2009 1099 180 54 137 9949 22827 682 1550 14479 4341 178 1354 477 269 223 3067 655 334 2188 472 1832 803 314 1360 75 2321 2269
internal_value=0 -0.00295128 0.00347987 0.0108638 0.00063764 -0.00849225 2.16968e-05 0.00217931 0.000887932 -0.00135383 0.00547107 -4.87027e-05 -0.00325168 -0.00603129 -0.0151771 -0.0474333 -0.00193715 -0.0116244 -0.015696 -0.0299164 -0.0455401 0.0105019 0.0168881 0.0199005 0.00431173 -0.0585601 0.00247325 -0.00160872 0.00988645 -0.0110351
internal_weight=0 10060 4656 3288 2189 5404 1.27985e+06 40440 35008 23509 11499 1.23941e+06 31716 21350 6602 655 14748 5947 4593 1526 871 5432 3244 3107 1275 648 10366 6685 3681 2344
internal_count=1289910 10060 4656 3288 2189 5404 1279850 40440 35008 23509 11499 1239410 31716 21350 6602 655 14748 5947 4593 1526 871 5432 3244 3107 1275 648 10366 6685 3681 2344
is_linear=0
shrinkage=0.1


Tree=190
num_leaves=31
num_cat=0
split_feature=84 84 64 5 4 63 138 0 0 3 137 63 63 138 2 0 138 4 20 140 0 63 2 0 62 6 62 62 2 5
split_gain=8.59946 23.9171 8.98705 10.5351 9.59386 8.83905 29.3915 70.529 38.2403 31.0604 16.587 16.5103 15.8326 46.8597 24.686 21.8711 41.7902 15.7551 21.2387 15.9226 15.6665 17.6959 14.7044 14.4478 21.7867 14.5656 14.4522 16.6752 14.4347 13.9376
threshold=1305580.0000000002 1241461.5000000002 948319.50000000012 3.0000000000000004 169814.38000000003 19143.694444444449 7.5000000000000009 1294999.0000000002 1500918.5000000002 58006.130000000012 2.5000000000000004 25720.966666666671 1999.8977272727275 7.5000000000000009 39867.835000000006 166453.00000000003 6.5000000000000009 110017.70000000001 5.5000000000000009 0.58571428571428574 550936.50000000012 8648.7500000000018 67601.030000000013 550936.50000000012 392032.50000000006 5.5833333333333348 1835736.5000000002 938140.00000000012 32319.910000000003 3.0000000000000004
decision_type=2 2 2 2 2 2 2 2 2 2 2 2 2 2 2 2 2 2 2 2 2 2 2 2 2 2 2 2 2 2
left_child=1 2 5 4 -4 12 10 9 22 -8 -7 -11 -1 14 28 16 -16 18 -12 -20 21 -15 -9 24 -13 -25 27 -27 -14 -19
right_child=-2 -3 3 -5 -6 6 7 8 -10 11 17 23 13 20 15 -17 -18 29 19 -21 -22 -23 -24 25 -26 26 -28 -29 -30 -31
leaf_value=-8.5044406502587933e-06 0.0041217211275207171 -0.013966039895959693 -0.018360848733658602 0.0052427890102064801 0.035814899581621942 -0.0049365191155460349 -3.5342012661329723e-05 0.0028546681958595554 -0.00018158343259842667 -0.0013016547704350803 0.018524726994293774 -0.0063080856208651559 0.0012745438638475772 0.022637861507071366 -0.0020602398566774262 0.001102390780509932 -0.0079135142059375361 0.023758323991903252 0.0012772308891551946 0.012038834916650918 0.0073518285610448472 0.00051147014493813092 -0.0022971957151108079 -0.0045780951065179194 -0.01240169466318946 -0.0016586704052284622 -0.00075240624266212927 -0.0047159654211678228 0.028454092628601324 -0.013301530602824152
leaf_weight=1270125 695 162 160 1002 43 2456 380 286 1547 270 465 116 226 313 1449 2882 187 124 4321 237 164 261 51 125 166 160 224 338 378 597
leaf_count=1270125 695 162 160 1002 43 2456 380 286 1547 270 465 116 226 313 1449 2882 187 124 4321 237 164 261 51 125 166 160 224 338 378 597
internal_value=0 -4.33837e-06 4.90147e-07 0.0086325 -0.0121411 -7.58656e-06 -0.00272463 -0.010172 0.00331184 -0.0244516 0.00060216 -0.0313381 1.76741e-05 0.00520362 0.00180924 -0.000729101 -0.00996369 0.00354308 0.0055273 0.00345037 0.0287618 0.0209739 0.0338365 -0.0366507 -0.0562558 -0.0301234 -0.0246669 -0.0341557 0.0207964 -0.0102804
internal_weight=0 1.28922e+06 1.28905e+06 1205 203 1.28785e+06 11863 3663 1884 1779 8200 1399 1.27598e+06 5860 5122 4518 1636 5744 5023 4558 738 574 337 1129 282 847 722 498 604 721
internal_count=1289910 1289215 1289053 1205 203 1287848 11863 3663 1884 1779 8200 1399 1275985 5860 5122 4518 1636 5744 5023 4558 738 574 337 1129 282 847 722 498 604 721
is_linear=0
shrinkage=0.1


Tree=191
num_leaves=31
num_cat=0
split_feature=124 3 4 124 13 13 64 64 6 4 2 6 2 4 0 64 13 64 0 3 4 52 2 1 124 62 4 64 2 13
split_gain=8.38714 45.1916 40.5309 35.6149 101.735 96.5782 83.5889 107.085 82.8926 49.3373 47.0546 41.6377 39.2461 64.9561 37.7041 34.0508 49.9215 32.8964 31.8515 29.0667 28.4201 27.3277 25.2868 28.5582 24.2412 41.55 24.1282 24.0934 46.9142 41.384
threshold=11.500000000000002 224306.87000000002 53.260000000000012 10.500000000000002 2456840.5000000005 10978.500000000002 0.0016020711391414569 0.0013502650415288004 17.416666666666668 5386.3550000000005 1410748.1400000004 7.416666666666667 52625.740000000005 9403.4150000000027 872.00000000000011 2.0001060112371915e-05 69152.500000000015 0.00059977447463842391 320377.00000000006 51014.310000000005 49356.885000000009 1.0104875981739067e-06 721199.39000000013 3811228.0000000005 9.5000000000000018 906594.50000000012 1213.0850000000003 0.83233334201357312 297313.86000000004 1979253.0000000002
decision_type=2 2 2 2 2 2 2 2 2 2 2 2 2 2 2 2 2 2 2 2 2 2 2 2 2 2 2 2 2 2
left_child=3 27 -3 24 5 11 7 8 15 -6 22 14 -8 18 -5 16 -7 -17 -14 -19 -15 -10 -11 -24 -1 -26 -20 -2 29 -29
right_child=1 2 -4 4 9 6 12 -9 21 10 -12 -13 13 20 -16 17 -18 19 26 -21 -22 -23 23 -25 25 -27 -28 28 -30 -31
leaf_value=-8.5791959784864421e-06 0.0034255043186321998 -0.0073782959276877452 0.00014602598679039236 -0.035705339406947138 -0.0039224799099364955 -0.0074390123889288787 0.00072899785360491798 -0.020344011915689606 -0.0075208645825653349 0.024509189022981867 -0.037446932520234989 0.014183778059360686 -0.0036182390102890596 0.00578151153260932 0.0025735344514870697 0.0021590116846784469 -0.028980781236268228 -0.0039071375906179822 -0.0024896604069815764 -0.018341540518856406 -0.0149203346166087 0.024909080305296129 -0.004593670473200584 0.038866699686681883 3.2867832197517077e-05 0.016411583143649766 -0.014409372569897983 -0.00062750978863247437 0.010311638948847682 -0.0063467886884232888
leaf_weight=1208673 25208 5771 23446 87 607 454 4208 536 626 765 193 2532 416 1088 119 529 1205 316 159 128 893 592 345 500 1138 638 813 7316 339 270
leaf_count=1208673 25208 5771 23446 87 607 454 4208 536 626 765 193 2532 416 1088 119 529 1205 316 159 128 893 592 345 500 1138 638 813 7316 339 270
internal_value=0 0.00113547 -0.0017315 -5.34358e-05 -0.00458377 -0.00770576 -0.0115834 -0.0225701 -0.0167399 0.0144604 0.0227622 0.00923643 -0.00522361 -0.013267 -0.0339975 -0.0267217 -0.0354324 -0.0118696 -0.0298555 -0.0319399 -0.00164412 0.00482992 0.0283555 0.0164311 1.06053e-05 0.0116851 -0.0397657 0.00366359 -0.00114578 -0.00277225
internal_weight=0 62350 29217 1.22756e+06 17111 14701 11963 4386 3850 2410 1803 2738 7577 3369 206 2632 1659 973 1388 444 1981 1218 1610 845 1.21045e+06 1776 972 33133 7925 7586
internal_count=1289910 62350 29217 1227560 17111 14701 11963 4386 3850 2410 1803 2738 7577 3369 206 2632 1659 973 1388 444 1981 1218 1610 845 1210449 1776 972 33133 7925 7586
is_linear=0
shrinkage=0.1


Tree=192
num_leaves=31
num_cat=0
split_feature=2 13 20 6 141 5 20 17 20 2 2 0 64 6 20 5 2 0 13 0 4 66 20 14 5 75 2 137 5 0
split_gain=8.28424 48.0404 20.4041 18.408 18.6262 19.9959 16.7168 16.3487 21.298 22.2105 15.0061 44.0247 33.4726 22.7545 14.119 18.264 12.832 11.2416 18.5248 11.3438 10.8835 73.8733 31.568 40.1583 30.7377 48.6205 48.3167 46.8797 62.4563 51.6102
threshold=1.4600000000000002 3.5000000000000004 6.5000000000000009 7.8333333333333348 0.55050505050505061 1.5000000000000002 6.5000000000000009 1.5000000000000002 1.0000000180025095e-35 1.1450000000000002 3.9650000000000003 113.50000000000001 0.99999947370637032 4.8333333333333348 8.5000000000000018 1.5000000000000002 1.675 38.500000000000007 23.500000000000004 18.500000000000004 0.28500000000000009 178.00000000000003 1.0000000180025095e-35 1.0000000180025095e-35 1.5000000000000002 677.50000000000011 25.060000000000006 308.50000000000006 1.0000000180025095e-35 83041.000000000015
decision_type=2 2 2 2 2 2 2 2 2 2 2 2 2 2 2 2 2 2 2 2 2 2 2 2 2 2 2 2 2 2
left_child=1 2 -1 4 5 6 -3 -6 -9 -10 11 12 13 -2 15 -4 -15 18 19 -7 21 24 -23 -24 27 26 -26 -12 29 -29
right_child=10 3 14 -5 7 17 -8 8 9 -11 20 -13 -14 16 -16 -17 -18 -19 -20 -21 -22 22 23 -25 25 -27 -28 28 -30 -31
leaf_value=0.042114784005447929 -0.0026075587035084328 -0.031618885527891397 0.51645154166683771 -0.022232190632690732 -0.0031932876597928783 -0.0032889846483715336 -0.0084185401382142373 0.068798618043170598 -0.011786922862782503 -0.027332188932873119 0.24911297359787207 0.043363291561707533 -0.083597752777061163 0.002411095814332187 0.00039151335185950509 -0.032299608662356843 0.041256132158351111 0.004213159060251037 -0.050445026820406996 0.0029871835317642152 0.00014583699771724136 0.012095777769062056 -0.24529803840176323 -0.074280274812768513 -0.016041637867156493 -0.10566803485542742 -0.00044426614249245427 -0.0037187576686739999 0.098885607982128004 -0.035775243662552421
leaf_weight=4682 5631 321 116 394 3880 8092 317 140 198 307 6608 941 643 4106 2351 152 6368 412 1724 2179 1052219 199 183 394 7890 97 167459 5548 3973 2386
leaf_count=4682 5631 321 116 394 3880 8092 317 140 198 307 6608 941 643 4106 2351 152 6368 412 1724 2179 1052219 199 183 394 7890 97 167459 5548 3973 2386
internal_value=0 -0.0017937 0.00504626 -0.00457363 -0.00409426 -0.00217664 -0.0194418 -0.00962253 -0.0243649 -0.0339326 3.50824e-05 0.00292725 0.00174472 0.002638 -0.00202205 -0.0237687 0.00539407 -0.00128882 -0.00184668 -0.000236632 -5.94513e-06 -0.000692679 -0.0314852 -0.0433301 -0.000569484 -0.000978433 -0.000939279 0.00330567 -0.000442894 -0.00556797
internal_weight=0 25265 7301 17964 17570 13045 638 4525 645 505 1.26464e+06 17689 16748 16105 2619 268 10474 12407 11995 10271 1.24696e+06 194737 776 577 193961 175446 175349 18515 11907 7934
internal_count=1289910 25265 7301 17964 17570 13045 638 4525 645 505 1264645 17689 16748 16105 2619 268 10474 12407 11995 10271 1246956 194737 776 577 193961 175446 175349 18515 11907 7934
is_linear=0
shrinkage=0.1


Tree=193
num_leaves=31
num_cat=0
split_feature=92 2 2 13 1 3 4 93 6 94 92 3 1 4 5 92 4 4 3 5 53 92 4 93 1 4 92 94 20 15
split_gain=8.2799 40.8145 37.9729 85.5467 44.3669 44.9145 35.5181 35.3783 34.9448 34.1531 32.3325 37.6047 30.8951 28.1668 27.6547 27.3477 47.6896 26.8703 26.3724 25.1973 22.6646 33.5468 32.1834 23.0015 21.1109 34.5241 21.5381 20.9085 19.8991 19.7432
threshold=96.082524271844676 4840.9300000000012 80240.050000000017 2.5000000000000004 280117.00000000006 48890.135000000009 100.83500000000002 136.50000000000003 6.166666666666667 8578.3333333333339 2.0144927536231889 7508.1000000000013 25.500000000000004 1.0950000000000004 3.0000000000000004 144.13636363636365 12714.170000000002 0.8650000000000001 182131.69500000004 3.0000000000000004 1.716602804644338 6.0383489461358328 2235.4400000000005 282.50000000000006 56540.000000000007 13665.800000000001 16.747435897435903 2089.8000000000006 9.5000000000000018 1.0000000180025095e-35
decision_type=2 2 2 2 2 2 2 2 2 2 2 2 2 2 2 2 2 2 2 2 2 2 2 2 2 2 2 2 2 2
left_child=10 6 3 8 5 -5 -2 12 -3 -6 -1 19 18 -7 -8 16 -10 -11 -4 27 21 -13 -22 -24 25 -23 -27 -12 -16 -14
right_child=1 2 7 4 9 13 14 -9 15 17 11 20 29 -15 28 -17 -18 -19 -20 -21 22 24 23 -25 -26 26 -28 -29 -30 -31
leaf_value=-7.8087285976247145e-06 -0.018219908052746581 0.02888902919166805 -0.0016773254875529276 -0.021106463136622889 -0.09356537462699227 -0.069136697748735279 0.030912961822885256 0.029190118361585804 0.0004576817236451536 -0.06086145124527325 0.094403941870857863 0.025321777133135194 -0.0047634920207590206 0.019779310909638692 -0.018757944479641298 0.016227539252255774 -0.051609133411294222 -0.013294285967464762 0.016380097183962574 -0.031762214188903258 -0.026069545213257408 0.02203931887469919 0.0074348161080438294 0.065925192126730869 -0.0018186306350478961 0.012943004287228799 -0.0076562219695826775 -0.12106201114807898 -0.087327354427596857 -0.00040042488743155329
leaf_weight=1218031 4126 5261 366 5317 156 80 404 277 382 75 2336 1863 14914 1462 549 8073 163 1140 394 3390 574 5297 411 38 2891 417 1358 55 874 9236
leaf_count=1218031 4126 5261 366 5317 156 80 404 277 382 75 2336 1863 14914 1462 549 8073 163 1140 394 3390 574 5297 411 38 2891 417 1358 55 874 9236
internal_value=0 -0.00121981 -0.000237595 0.00278673 -0.00529113 -0.00200853 -0.00902343 -0.00289233 0.00757676 -0.0217137 5.37241e-05 0.00418816 -0.00328754 0.0130178 -0.0206313 0.00365624 -0.0180246 -0.0160582 0.0165647 -0.00250988 0.00720174 0.008437 -0.007078 0.0129765 0.00613387 0.00907701 -0.00299296 0.00535126 -0.0271868 -0.00391229
internal_weight=0 53249 47296 22109 8230 6859 5953 25187 13879 1371 1.23666e+06 18630 24910 1542 1827 8618 545 1215 760 5781 12849 11826 1023 449 9963 7072 1775 2391 1423 24150
internal_count=1289910 53249 47296 22109 8230 6859 5953 25187 13879 1371 1236661 18630 24910 1542 1827 8618 545 1215 760 5781 12849 11826 1023 449 9963 7072 1775 2391 1423 24150
is_linear=0
shrinkage=0.1


Tree=194
num_leaves=31
num_cat=0
split_feature=147 146 3 4 0 3 0 2 0 90 90 2 5 3 1 13 3 20 6 4 62 13 6 2 20 20 5 62 20 6
split_gain=8.21054 14.1217 15.6675 21.3887 16.4075 12.911 14.1493 12.515 11.6206 9.64076 9.17434 9.02523 62.0177 53.4378 105.604 51.1935 61.59 79.0967 94.1776 67.9264 55.2414 52.2675 46.8772 39.8507 51.9103 68.0216 88.6159 50.7519 48.1209 41.6467
threshold=9.5000000000000018 2763683.5000000005 16893.980000000007 12087.220000000003 17031.000000000004 13447.695000000002 5847.5000000000009 19917.145000000004 1800.5000000000002 47929480.000000007 692451.71875000012 23899.040000000005 1.5000000000000002 2421.7650000000003 68710.000000000015 234997.50000000003 2421.7650000000003 2.5000000000000004 4.8333333333333348 13.345000000000001 62.500000000000007 47918.000000000007 7.8333333333333348 3031.9200000000005 8.5000000000000018 7.5000000000000009 3.0000000000000004 97321.000000000015 9.5000000000000018 5.5833333333333348
decision_type=2 2 2 2 2 2 2 2 2 2 2 2 2 2 2 2 2 2 2 2 2 2 2 2 2 2 2 2 2 2
left_child=11 2 3 10 -4 6 8 -6 -5 -9 -2 12 15 -14 22 16 20 -18 19 -19 -1 -20 -15 28 25 27 -27 29 -16 -25
right_child=1 -3 4 5 7 -7 -8 9 -10 -11 -12 -13 13 14 23 -17 17 18 21 -21 -22 -23 -24 24 -26 26 -28 -29 -30 -31
leaf_value=0.039571399600083317 0.045002898832025996 -0.0093376729170084518 0.13470511325042725 0.20718878217942249 -0.13303945209269827 -0.12443766908987851 0.20574122568421391 0.0051438531101246562 -0.26712917940620662 0.10515918710994417 -0.13395084970181587 -0.00017759887012651633 -0.0030529844068732576 0.02936776508592134 0.03765315872730271 0.10654329584087013 0.00765242108282358 -0.059874229761937715 -0.020685260824076093 -0.021710159702800592 0.092550103910119808 0.022086744617372533 0.010142791141737995 -7.4932090787172004e-05 0.013240664437177098 -0.0089474965819429826 -0.046614309275621706 0.0042587116116366121 -0.029461654316345644 -0.0077583935460681991
leaf_weight=26859 1647 106 1940 24 334 581 39 6221 105 30 24 916645 152746 16854 5043 1391 39485 1067 6719 1028 10537 3947 29765 22392 6374 3469 1292 9397 517 23332
leaf_count=26859 1647 106 1940 24 334 581 39 6221 105 30 24 916645 152746 16854 5043 1391 39485 1067 6719 1028 10537 3947 29765 22392 6374 3469 1292 9397 517 23332
internal_value=0 0.00271392 0.00306571 -0.00403548 0.00508154 -0.0180776 -0.0424935 0.00270033 -0.0584504 0.00370804 0.00225867 -2.35749e-05 0.000399031 -0.000359101 0.00123509 0.00265745 0.00236205 0.000144439 -0.00669982 -0.0260837 0.00546028 -0.00289247 0.00494128 -0.00117077 -0.00185316 -0.00276637 -0.0142343 -0.00177585 0.00696095 -0.00315144
internal_weight=0 11051 10945 2420 8525 749 168 6585 129 6251 1671 1.27886e+06 362214 271181 118435 91033 89642 52246 12761 2095 37396 10666 46619 71816 66256 59882 4761 55121 5560 45724
internal_count=1289910 11051 10945 2420 8525 749 168 6585 129 6251 1671 1278859 362214 271181 118435 91033 89642 52246 12761 2095 37396 10666 46619 71816 66256 59882 4761 55121 5560 45724
is_linear=0
shrinkage=0.1


Tree=195
num_leaves=31
num_cat=0
split_feature=141 137 5 1 4 2 62 6 0 1 2 3 20 4 2 4 20 2 3 13 63 6 3 20 3 20 20 2 2 2
split_gain=8.59103 17.8698 18.7904 36.2202 29.8219 35.6004 59.3438 38.6037 44.2878 54.3795 37.6712 35.9733 28.4052 33.7088 63.6609 38.7081 27.3191 58.5246 30.7015 40.647 29.3155 28.7786 26.1005 24.2151 21.4892 37.6619 23.7518 32.7002 30.0518 28.7725
threshold=0.84523809523809534 1500.5000000000002 3.0000000000000004 186027.50000000003 3.4150000000000005 116062.57000000002 1210789.0000000002 4.8333333333333348 1334019.0000000002 355727.00000000006 59567.915000000008 121500.34500000002 2.5000000000000004 9403.4150000000027 60557.06500000001 14744.320000000002 1.0000000180025095e-35 85.995000000000019 20341.975000000002 146920.50000000003 0.40065242796743755 4.166666666666667 506.74000000000007 1.5000000000000002 18634.335000000003 1.5000000000000002 1.5000000000000002 9893.2300000000014 15536.610000000002 6183.1150000000007
decision_type=2 2 2 2 2 2 2 2 2 2 2 2 2 2 2 2 2 2 2 2 2 2 2 2 2 2 2 2 2 2
left_child=-1 -2 16 12 -5 6 7 8 9 -6 -11 -7 13 22 15 -15 17 -3 19 -19 24 -20 23 -4 26 -26 27 -18 29 -28
right_child=1 2 3 4 5 11 -8 -9 -10 10 -12 -13 -14 14 -16 -17 20 18 21 -21 -22 -23 -24 -25 25 -27 28 -29 -30 -31
leaf_value=-7.4879466169330838e-05 0.0018262223038238859 -0.061791083339794529 -0.0029659220729203908 0.049926900980594047 0.0022794978742723959 0.025071262846757869 -0.0072124832464997915 1.244540618956134e-05 0.0066389771683687182 -0.011190736650788281 -0.0058777333588284856 0.0017851286318593985 -0.0047955150079953823 -0.03118003880528418 -0.0032793175832145915 -0.0078154146469686606 -0.0063979958209449631 0.01718691629664091 -0.087957907308821914 0.10245342948333594 0.0099605544456399693 -0.00084807824775368675 -0.0047972892048311344 -0.098316665092421096 0.032273635652860802 0.0036209147947376379 -0.0058390159595142991 -0.01554431059680913 -0.031107395129122452 0.039800519479635282
leaf_weight=1180406 34159 77 153 869 207 1210 598 7366 98 202 268 8104 9465 318 958 341 4539 6905 158 774 7137 295 3384 226 606 5109 11126 823 245 3784
leaf_count=1180406 34159 77 153 869 207 1210 598 7366 98 202 268 8104 9465 318 958 341 4539 6905 158 774 7137 295 3384 226 606 5109 11126 823 245 3784
internal_value=0 0.000859577 -5.66718e-07 -0.00175294 0.00114798 0.000276982 -0.00430749 -0.00207408 -0.0233036 -0.0323988 -0.0512075 0.00457844 -0.00545056 -0.0112526 -0.0233277 -0.047251 0.0014226 0.00659066 0.00741228 0.00890466 0.000151219 -0.0178856 -0.00606375 -0.0309496 -0.00139482 0.00402823 -0.0029054 -0.00862554 -0.000881558 -0.000310735
internal_weight=0 109504 75345 33767 18922 18053 8739 8141 775 677 470 9314 14845 5380 1617 659 41578 8209 8132 7679 33369 453 3763 379 26232 5715 20517 5362 15155 14910
internal_count=1289910 109504 75345 33767 18922 18053 8739 8141 775 677 470 9314 14845 5380 1617 659 41578 8209 8132 7679 33369 453 3763 379 26232 5715 20517 5362 15155 14910
is_linear=0
shrinkage=0.1


Tree=196
num_leaves=31
num_cat=0
split_feature=6 2 62 3 1 62 63 64 0 13 20 1 4 1 137 4 2 4 123 2 123 4 1 20 2 13 137 93 141 3
split_gain=8.35684 42.7234 127.31 67.0703 86.9053 58.1389 74.2059 57.784 52.027 47.0329 42.8991 45.1198 40.4152 38.3749 38.2334 35.398 40.6665 34.1124 60.9192 44.1484 53.3161 45.8924 30.5665 30.201 32.7199 30.1521 29.6875 28.7505 28.5457 27.9029
threshold=5.416666666666667 268519.09000000003 4523505.0000000009 421431.01000000007 10002.000000000002 824188.00000000012 69.280350877192987 0.12816264125069893 2720590.5000000005 432.50000000000006 3.5000000000000004 1777239.5000000002 1378.0850000000003 329061.00000000006 2926674.5000000005 12714.170000000002 144251.28500000003 6714.3600000000015 3805919.0000000005 376940.95000000007 3808232.5000000005 1075.7650000000001 529440.50000000012 2.5000000000000004 340235.22500000003 6109137.0000000009 2609177.5000000005 11.500000000000002 0.63961038961038974 302884.29500000004
decision_type=2 2 2 2 2 2 2 2 2 2 2 2 2 2 2 2 2 2 2 2 2 2 2 2 2 2 2 2 2 2
left_child=1 2 5 4 9 -1 8 17 10 -3 15 -12 -4 -9 -10 -7 -17 18 23 20 -20 -22 -19 24 -6 27 -15 -5 -8 -11
right_child=-2 3 12 25 7 6 28 13 14 29 11 -13 -14 26 -16 16 -18 22 19 -21 21 -23 -24 -25 -26 -27 -28 -29 -30 -31
leaf_value=0.00030350486632488852 -0.00015975281962985478 0.0018973623480267488 -0.0069054731023838233 0.00045725529338901154 0.02492283757997182 -0.0081934530909334793 -0.0023802403866147979 0.0095688268473944054 0.00044522909870262686 -0.0012647970813732844 -5.9878676000280077e-05 -0.010037058111027772 -0.0044608773330275849 0.0023493034028540163 0.011175773804918699 0.0098645083702067152 -0.028225115855029875 0.0059620693340893946 -0.0042842498560241643 -0.011581356173963463 0.010741573103033806 -0.01427198542838818 0.016283568365576311 0.0042370695272090459 0.00342566096819516 -0.012230983401675943 0.034650115039022954 0.02142525294274733 -0.0043785092658322131 -0.0080961284586858369
leaf_weight=234371 988187 9254 137 29021 208 1040 910 1077 4040 294 3141 560 278 8533 130 271 101 765 330 92 321 82 2199 765 275 2192 148 208 511 469
leaf_count=234371 988187 9254 137 29021 208 1040 910 1077 4040 294 3141 560 278 8533 130 271 101 765 330 92 321 82 2199 765 275 2192 148 208 511 469
internal_value=0 0.000470948 -9.85703e-05 0.00295723 0.00684364 -4.85978e-06 -0.007212 0.0117134 -0.00395439 -0.000348875 -0.0107152 -0.00505747 -0.0554386 0.0072233 0.00433534 -0.0255448 0.000929066 0.0204118 0.0105714 -0.0105128 -0.00231734 0.0220878 0.027294 0.0245093 0.044087 -0.000111726 0.00501445 0.000736599 -0.0284931 -0.0242124
internal_weight=0 301723 245490 56233 24812 245075 10704 14795 9283 10017 5113 3701 415 9758 4170 1412 372 5037 2073 825 733 403 2964 1248 483 31421 8681 29229 1421 763
internal_count=1289910 301723 245490 56233 24812 245075 10704 14795 9283 10017 5113 3701 415 9758 4170 1412 372 5037 2073 825 733 403 2964 1248 483 31421 8681 29229 1421 763
is_linear=0
shrinkage=0.1


Tree=197
num_leaves=31
num_cat=0
split_feature=134 134 2 134 3 2 4 3 0 6 134 2 6 146 2 1 20 1 0 6 20 3 2 4 2 13 137 4 92 4
split_gain=8.14217 30.9876 26.3265 24.4076 17.8762 19.5979 15.2461 63.925 33.7663 30.6829 27.463 17.0946 16.0027 15.1349 14.6294 21.8021 15.9393 14.6165 14.1035 13.6121 32.7054 47.6617 38.9819 39.0485 78.4197 28.8774 26.2395 28.6836 26.8182 30.8806
threshold=94728.500000000015 1806.5000000000002 87093.160000000018 1233843.5000000002 587125.44000000006 176274.905 597453.57500000007 684146.57500000007 1.5000000000000002 5.5833333333333348 342.50000000000006 747080.68000000005 40.583333333333336 949037.00000000012 1861604.1200000003 1760576.0000000002 13.500000000000002 2545693.0000000005 2.5000000000000004 20.833333333333339 5.5000000000000009 382222.49000000005 340235.22500000003 31525.970000000005 384932.14500000008 384840.00000000006 5053.5000000000009 204373.35000000001 73.088888888888903 18346.890000000003
decision_type=2 2 2 2 2 2 2 2 2 2 2 2 2 2 2 2 2 2 2 2 2 2 2 2 2 2 2 2 2 2
left_child=1 6 3 -2 5 -3 13 9 -9 -8 11 -11 14 19 15 -10 -17 -15 -4 -1 21 26 25 24 -24 -22 28 -28 -21 -30
right_child=2 4 18 -5 -6 -7 7 8 12 10 -12 -13 -14 17 -16 16 -18 -19 -20 20 22 -23 23 -25 -26 -27 27 -29 29 -31
leaf_value=-9.580551614906119e-05 -0.0053764407838860608 0.0031426034236741174 -0.068310932157559137 -0.18552195819418765 -0.0096622895108627663 0.012804261183510725 0.020337425132793997 0.020954253045075168 -0.016314860058408633 -0.018995891700960901 -0.026216085364405742 0.002164725144659263 -0.069772475748124577 0.05397618873655833 -0.034546517849430636 0.015641719150084079 -0.0029416889946266124 -0.0084205125088532857 -2.8449600986979463e-05 0.0010833329164733896 0.027300917112536086 0.019564239616260682 -0.036064999240966823 0.024706506099607808 -0.0022193234959769215 0.035958529914737428 -0.0090812007459491889 0.035235344908813887 -0.011699688116042641 -0.047028537842919799
leaf_weight=890706 22150 28534 942 476 3558 17690 1816 14600 1559 15741 2508 3322 125 1557 252 809 1196 68 118447 127935 10427 9212 465 1932 5558 797 5551 116 1434 427
leaf_count=890706 22150 28534 942 476 3558 17690 1816 14600 1559 15741 2508 3322 125 1557 252 809 1196 68 118447 127935 10427 9212 465 1932 5558 797 5551 116 1434 427
internal_value=0 0.000101507 -0.000701153 -0.00382873 0.00254174 0.00306747 -9.11907e-06 -0.00187926 0.00250609 -0.00535592 -0.00640687 -0.00511266 -0.00570779 6.51209e-05 -0.00455449 -0.00290807 0.0039887 0.00970849 -0.000108432 5.02611e-05 0.000887917 0.000373521 0.00476821 -0.00058694 -0.00455501 0.00856368 -9.97989e-05 -0.00676052 0.000191014 -0.011727
internal_weight=0 1.1479e+06 142015 22626 49782 46224 1.09811e+06 41928 18541 23387 21571 19063 3941 1.05618e+06 3816 3564 2005 1625 119389 1.05456e+06 163854 144675 19179 7955 6023 11224 135463 5667 129796 1861
internal_count=1289910 1147895 142015 22626 49782 46224 1098113 41928 18541 23387 21571 19063 3941 1056185 3816 3564 2005 1625 119389 1054560 163854 144675 19179 7955 6023 11224 135463 5667 129796 1861
is_linear=0
shrinkage=0.1


Tree=198
num_leaves=31
num_cat=0
split_feature=137 64 64 2 64 2 62 4 2 3 3 20 20 62 64 62 3 138 63 2 6 6 20 62 137 138 20 4 1 137
split_gain=8.30034 30.2778 29.4824 44.2183 31.822 40.2847 31.2224 30.5386 28.5321 60.3288 32.6559 55.4563 29.6428 30.4021 28.5205 27.2794 32.782 26.0643 29.0259 28.5877 36.2067 28.3066 57.735 28.6108 25.6488 35.1803 48.8769 63.8442 45.1492 126.78
threshold=221822.50000000003 0.77471499111610298 0.032937527250584797 16671.765000000003 0.0021220714622086183 605198.91000000015 122072.00000000001 185912.92000000004 278680.38000000006 99950.97500000002 67658.875000000015 14.500000000000002 13.500000000000002 20.500000000000004 0.31095791837408254 1289771.0000000002 22220.060000000001 5.5000000000000009 4.715225876100317 22452.005000000001 6.416666666666667 6.416666666666667 13.500000000000002 2821149.5000000005 25895.500000000004 10.500000000000002 2.5000000000000004 11609.785000000002 155558.50000000003 146932.00000000003
decision_type=2 2 2 2 2 2 2 2 2 2 2 2 2 2 2 2 2 2 2 2 2 2 2 2 2 2 2 2 2 2
left_child=24 2 4 14 8 7 -5 15 9 10 -2 -12 13 -10 -4 16 -6 18 19 -3 -21 22 -19 -23 -1 26 27 -26 29 -28
right_child=1 17 3 6 5 -7 -8 -9 12 -11 11 -13 -14 -15 -16 -17 -18 21 -20 20 -22 23 -24 -25 25 -27 28 -29 -30 -31
leaf_value=7.4818987582230459e-05 0.0017134061620634356 -0.0031010274412309525 -0.055900773702534601 0.0093262112356554527 -0.0033484558153350284 -0.0063873481264991932 -0.0021733722235958318 0.018298254638776209 0.018541357935199725 0.011850547802090923 -0.018768043028720559 -0.0086280534911228873 0.006106460547485937 -0.028162875922376554 0.011530711344573031 -0.0020010222360132149 0.017789808582706935 0.0014808064111752081 -0.0076857657515018831 0.0052258602760512987 0.019563558252688087 0.00050716085668833788 -0.055607179241566246 0.096503488880391675 0.0034572943339800256 0.0037792568252899557 -0.012179018671277804 -0.0050359379422404097 0.0020838623043177964 -0.058755012637185071
leaf_weight=1088904 35747 893 380 1167 794 1266 28016 785 524 4953 1036 3178 952 3235 75 1389 2182 1463 897 7515 3260 8870 665 1126 25840 28907 22937 5427 5811 1716
leaf_count=1088904 35747 893 380 1167 794 1266 28016 785 524 4953 1036 3178 952 3235 75 1389 2182 1463 897 7515 3260 8870 665 1126 25840 28907 22937 5427 5811 1716
internal_value=0 0.000844068 -4.50409e-05 -0.00259582 0.00130397 0.00793115 -0.00211352 0.0118599 0.000447145 0.00122372 -6.65723e-05 -0.00839255 -0.00695659 -0.0109485 -0.0335298 0.00859427 0.0139951 0.00392957 0.0071212 0.00845383 0.00987881 0.000621842 -0.00985061 0.00285127 -6.2811e-05 -0.00167909 -0.00302726 -0.000249782 -0.00587795 -0.007747
internal_weight=0 110368 85679 29638 56041 6416 29183 5150 49625 44914 39961 4214 4711 3759 455 4365 2976 24689 12565 11668 10775 12124 2128 9996 1.17954e+06 90638 61731 31267 30464 24653
internal_count=1289910 110368 85679 29638 56041 6416 29183 5150 49625 44914 39961 4214 4711 3759 455 4365 2976 24689 12565 11668 10775 12124 2128 9996 1179542 90638 61731 31267 30464 24653
is_linear=0
shrinkage=0.1


Tree=199
num_leaves=31
num_cat=0
split_feature=6 2 62 3 1 62 63 64 0 20 20 64 123 4 2 123 4 13 127 127 3 137 123 1 4 4 2 0 3 4
split_gain=8.54485 35.8121 106.345 55.1233 70.8297 48.9365 61.884 48.035 43.5401 44.9856 38.4191 36.9037 36.1729 68.7085 44.0478 36.7261 46.655 34.8509 47.2793 35.4455 34.1071 31.4572 29.7588 29.3313 29.1316 53.2875 30.7332 35.3708 43.4118 42.2399
threshold=5.416666666666667 268519.09000000003 4523505.0000000009 421431.01000000007 10002.000000000002 824188.00000000012 68.730958664603648 0.21483741640584963 2974145.0000000005 5.5000000000000009 3.5000000000000004 0.79560683841729463 3805919.0000000005 6714.3600000000015 376940.95000000007 3808232.5000000005 716.72000000000014 308.50000000000006 0.93750000000000011 0.81666666666666676 121500.34500000002 9203151.0000000019 1884925.0000000002 329061.00000000006 81766.705000000016 8599.1100000000024 219353.65500000003 2064191.0000000002 109268.26000000002 2000.8450000000003
decision_type=2 2 2 2 2 2 2 2 2 2 2 2 2 2 2 2 2 2 2 2 2 2 2 2 2 2 2 2 2 2
left_child=1 2 5 4 17 -1 8 12 10 11 -7 -10 -6 14 15 -14 -17 19 -19 -3 -4 -2 24 -9 25 26 27 28 -12 -29
right_child=21 3 20 -5 7 6 -8 23 9 -11 22 -13 13 -15 -16 16 -18 18 -20 -21 -22 -23 -24 -25 -26 -27 -28 29 -30 -31
leaf_value=0.00030985835255989972 -0.00018062624492278803 0.002226979186229272 -0.0058644083990553007 -4.0910167234708977e-05 0.010746104193719262 -0.0058321235679742681 -0.0027263464398220982 0.0086999010089780279 0.0035091647486883907 0.0079985968798581032 -0.0017478529854380921 -0.0014842191022048576 -0.0038537262175650623 0.0088966561265531319 -0.0089810989655785406 0.012021043438383189 -0.005643387844375995 -0.0010862411278662811 -0.011294678916320409 0.025904255198311184 -0.0043701054183411794 0.039070410966501573 -0.0097800172810020188 0.002376971578590235 -0.010049447921729517 0.009871927986355512 -0.005381784992995596 0.0070586817238548986 0.012467969190388173 -0.003885580579772026
leaf_weight=234371 987505 9005 111 31421 4100 1615 1575 986 579 667 1275 2463 330 644 117 256 163 827 120 65 304 682 354 8199 1005 646 70 330 51 74
leaf_count=234371 987505 9005 111 31421 4100 1615 1575 986 579 667 1275 2463 330 644 117 256 163 827 120 65 304 682 354 8199 1005 646 70 330 51 74
internal_value=0 0.000480762 -4.06602e-05 0.00275708 0.00628039 4.49877e-05 -0.00656721 0.0106767 -0.00340897 0.00493945 -0.00912194 -0.000217487 0.0179676 0.00473592 -0.0136591 -0.00474547 0.0149061 -0.000212913 -0.0184673 0.00169303 -0.0506193 -0.000127244 -0.00363686 0.00622359 -0.000804429 0.00508488 -0.0037574 -0.00112899 -0.00902156 0.0247758
internal_weight=0 301723 245490 56233 24812 245075 10704 14795 9129 3709 5420 3042 5610 1510 866 749 419 10017 947 9070 415 988187 3805 9185 3451 2446 1800 1730 1326 404
internal_count=1289910 301723 245490 56233 24812 245075 10704 14795 9129 3709 5420 3042 5610 1510 866 749 419 10017 947 9070 415 988187 3805 9185 3451 2446 1800 1730 1326 404
is_linear=0
shrinkage=0.1


end of trees

feature_importances:
pg_est_startup_sum=667
pg_est_cost_max=642
pg_est_cost_sum=584
pg_table_id_sum=508
pg_est_width_avg=401
pg_card_sum=375
Hash_Join_out_percentage=343
pg_card_max=235
pg_scan_act_card_sum=208
Hash_Join_in_card=206
Parallel_Seq_Scan_in_card=203
Seq_Scan_in_card=185
pg_workers_planned_sum=145
Hash_Join_right_percentage=102
Partial_Aggregate_in_percentage=93
Parallel_Seq_Scan_in_size=87
Seq_Scan_in_size=80
Parallel_Seq_Scan_compare_percentage=58
Nested_Loop_in_percentage=55
Sort_out_card=46
Merge_Join_out_percentage=43
Materialize_out_card=39
Nested_Loop_right_card=38
Nested_Loop_out_percentage=36
Aggregate_in_percentage=32
Gather_in_percentage=32
Merge_Join_in_card=32
Seq_Scan_compare_percentage=30
Index_Scan_in_size=29
Index_Only_Scan_in_size=27
pg_filter_compare_count=26
Parallel_Seq_Scan_const=24
pg_pipeline_num_ops=22
pg_num_join=21
pg_filter_like_count=20
Parallel_Seq_Scan_in_expression_percentage=20
pg_num_agg=19
Index_Only_Scan_in_card=19
Parallel_Index_Only_Scan_in_card=19
Merge_Join_right_percentage=18
Gather_out_percentage=17
pg_scan_has_filter=16
Bitmap_Heap_Scan_in_card=12
Seq_Scan_const=11
Seq_Scan_like_percentage=11
Index_Scan_in_card=10
Parallel_Bitmap_Heap_Scan_like_percentage=10
Parallel_Seq_Scan_or_exp_percentage=10
pg_num_select=9
Parallel_Bitmap_Heap_Scan_const=9
Parallel_Seq_Scan_like_percentage=9
Parallel_Bitmap_Heap_Scan_in_size=8
Parallel_Index_Only_Scan_in_size=8
Parallel_Index_Scan_compare_percentage=8
Partial_Aggregate_out_size=8
Gather_const=7
Merge_Join_const=6
Sort_out_size=6
pg_num_scan=5
pg_filter_and_count=5
pg_filter_or_count=5
Aggregate_out_size=4
Parallel_Bitmap_Heap_Scan_compare_percentage=4
Bitmap_Heap_Scan_in_size=3
Finalize_Aggregate_out_size=3
Materialize_out_size=3
Nested_Loop_const=3
pg_filter_in_count=2
Bitmap_Heap_Scan_compare_percentage=2
Finalize_Aggregate_in_percentage=2
Parallel_Index_Only_Scan_compare_percentage=2
Parallel_Index_Scan_in_card=2
Seq_Scan_or_exp_percentage=2
pg_num_temp=1
Aggregate_const=1
Gather_Merge_out_percentage=1
Index_Only_Scan_const=1
Index_Only_Scan_compare_percentage=1
Index_Scan_const=1
Index_Scan_compare_percentage=1
Parallel_Bitmap_Heap_Scan_in_card=1
Parallel_Index_Scan_like_percentage=1

parameters:
[boosting: gbdt]
[objective: mape]
[metric: mape]
[tree_learner: serial]
[device_type: cpu]
[data_sample_strategy: bagging]
[data: ]
[valid: ]
[num_iterations: 100]
[learning_rate: 0.1]
[num_leaves: 31]
[num_threads: 0]
[seed: 0]
[deterministic: 0]
[force_col_wise: 0]
[force_row_wise: 0]
[histogram_pool_size: -1]
[max_depth: -1]
[min_data_in_leaf: 20]
[min_sum_hessian_in_leaf: 0.001]
[bagging_fraction: 1]
[pos_bagging_fraction: 1]
[neg_bagging_fraction: 1]
[bagging_freq: 0]
[bagging_seed: 3]
[feature_fraction: 1]
[feature_fraction_bynode: 1]
[feature_fraction_seed: 2]
[extra_trees: 0]
[extra_seed: 6]
[early_stopping_round: 0]
[early_stopping_min_delta: 0]
[first_metric_only: 0]
[max_delta_step: 0]
[lambda_l1: 0]
[lambda_l2: 0]
[linear_lambda: 0]
[min_gain_to_split: 0]
[drop_rate: 0.1]
[max_drop: 50]
[skip_drop: 0.5]
[xgboost_dart_mode: 0]
[uniform_drop: 0]
[drop_seed: 4]
[top_rate: 0.2]
[other_rate: 0.1]
[min_data_per_group: 100]
[max_cat_threshold: 32]
[cat_l2: 10]
[cat_smooth: 10]
[max_cat_to_onehot: 4]
[top_k: 20]
[monotone_constraints: ]
[monotone_constraints_method: basic]
[monotone_penalty: 0]
[feature_contri: ]
[forcedsplits_filename: ]
[refit_decay_rate: 0.9]
[cegb_tradeoff: 1]
[cegb_penalty_split: 0]
[cegb_penalty_feature_lazy: ]
[cegb_penalty_feature_coupled: ]
[path_smooth: 0]
[interaction_constraints: ]
[verbosity: -1]
[saved_feature_importance_type: 0]
[use_quantized_grad: 0]
[num_grad_quant_bins: 4]
[quant_train_renew_leaf: 0]
[stochastic_rounding: 1]
[linear_tree: 0]
[max_bin: 255]
[max_bin_by_feature: ]
[min_data_in_bin: 3]
[bin_construct_sample_cnt: 200000]
[data_random_seed: 1]
[is_enable_sparse: 1]
[enable_bundle: 1]
[use_missing: 1]
[zero_as_missing: 0]
[feature_pre_filter: 1]
[pre_partition: 0]
[two_round: 0]
[header: 0]
[label_column: ]
[weight_column: ]
[group_column: ]
[ignore_column: ]
[categorical_feature: ]
[forcedbins_filename: ]
[precise_float_parser: 0]
[parser_config_file: ]
[objective_seed: 5]
[num_class: 1]
[is_unbalance: 0]
[scale_pos_weight: 1]
[sigmoid: 1]
[boost_from_average: 1]
[reg_sqrt: 0]
[alpha: 0.9]
[fair_c: 1]
[poisson_max_delta_step: 0.7]
[tweedie_variance_power: 1.5]
[lambdarank_truncation_level: 30]
[lambdarank_norm: 1]
[label_gain: ]
[lambdarank_position_bias_regularization: 0]
[eval_at: ]
[multi_error_top_k: 1]
[auc_mu_weights: ]
[num_machines: 1]
[local_listen_port: 12400]
[time_out: 120]
[machine_list_filename: ]
[machines: ]
[gpu_platform_id: -1]
[gpu_device_id: -1]
[gpu_use_dp: 0]
[num_gpu: 1]

end of parameters

pandas_categorical:null
