tree
version=v4
num_class=1
num_tree_per_iteration=1
label_index=0
max_feature_idx=152
objective=mape
feature_names=pg_act_card_sum pg_act_card_max pg_est_cost_sum pg_est_cost_max pg_est_startup_sum pg_workers_planned_sum pg_est_width_avg pg_num_scan pg_num_join pg_num_sort pg_num_agg pg_num_temp pg_num_select pg_scan_act_card_sum pg_scan_has_filter pg_filter_and_count pg_filter_or_count pg_filter_compare_count pg_filter_like_count pg_filter_in_count pg_table_id_sum pg_pipeline_num_ops pg_pipeline_root_act_card Aggregate_const Aggregate_out_card Aggregate_out_size Aggregate_in_percentage Aggregate_out_percentage Bitmap_Heap_Scan_const Bitmap_Heap_Scan_in_card Bitmap_Heap_Scan_in_size Bitmap_Heap_Scan_out_percentage Bitmap_Heap_Scan_like_percentage Bitmap_Heap_Scan_compare_percentage Bitmap_Heap_Scan_in_expression_percentage Bitmap_Heap_Scan_or_exp_percentage Bitmap_Heap_Scan_empty_output Bitmap_Index_Scan_const Bitmap_Index_Scan_in_card Bitmap_Index_Scan_in_size Bitmap_Index_Scan_out_percentage Bitmap_Index_Scan_like_percentage Bitmap_Index_Scan_compare_percentage Bitmap_Index_Scan_in_expression_percentage Bitmap_Index_Scan_or_exp_percentage Bitmap_Index_Scan_empty_output Finalize_Aggregate_const Finalize_Aggregate_out_card Finalize_Aggregate_out_size Finalize_Aggregate_in_percentage Finalize_Aggregate_out_percentage Gather_const Gather_in_percentage Gather_out_percentage Gather_Merge_const Gather_Merge_in_percentage Gather_Merge_out_percentage Hash_const Hash_out_card Hash_out_size Hash_in_percentage Hash_Join_const Hash_Join_in_card Hash_Join_right_percentage Hash_Join_out_percentage Index_Only_Scan_const Index_Only_Scan_in_card Index_Only_Scan_in_size Index_Only_Scan_out_percentage Index_Only_Scan_like_percentage Index_Only_Scan_compare_percentage Index_Only_Scan_in_expression_percentage Index_Only_Scan_or_exp_percentage Index_Only_Scan_empty_output Index_Scan_const Index_Scan_in_card Index_Scan_in_size Index_Scan_out_percentage Index_Scan_like_percentage Index_Scan_compare_percentage Index_Scan_in_expression_percentage Index_Scan_or_exp_percentage Index_Scan_empty_output Materialize_const Materialize_out_card Materialize_out_size Materialize_in_percentage Merge_Join_const Merge_Join_in_card Merge_Join_right_percentage Merge_Join_out_percentage Nested_Loop_const Nested_Loop_in_percentage Nested_Loop_right_card Nested_Loop_out_percentage Parallel_Bitmap_Heap_Scan_const Parallel_Bitmap_Heap_Scan_in_card Parallel_Bitmap_Heap_Scan_in_size Parallel_Bitmap_Heap_Scan_out_percentage Parallel_Bitmap_Heap_Scan_like_percentage Parallel_Bitmap_Heap_Scan_compare_percentage Parallel_Bitmap_Heap_Scan_in_expression_percentage Parallel_Bitmap_Heap_Scan_or_exp_percentage Parallel_Bitmap_Heap_Scan_empty_output Parallel_Index_Only_Scan_const Parallel_Index_Only_Scan_in_card Parallel_Index_Only_Scan_in_size Parallel_Index_Only_Scan_out_percentage Parallel_Index_Only_Scan_like_percentage Parallel_Index_Only_Scan_compare_percentage Parallel_Index_Only_Scan_in_expression_percentage Parallel_Index_Only_Scan_or_exp_percentage Parallel_Index_Only_Scan_empty_output Parallel_Index_Scan_const Parallel_Index_Scan_in_card Parallel_Index_Scan_in_size Parallel_Index_Scan_out_percentage Parallel_Index_Scan_like_percentage Parallel_Index_Scan_compare_percentage Parallel_Index_Scan_in_expression_percentage Parallel_Index_Scan_or_exp_percentage Parallel_Index_Scan_empty_output Parallel_Seq_Scan_const Parallel_Seq_Scan_in_card Parallel_Seq_Scan_in_size Parallel_Seq_Scan_out_percentage Parallel_Seq_Scan_like_percentage Parallel_Seq_Scan_compare_percentage Parallel_Seq_Scan_in_expression_percentage Parallel_Seq_Scan_or_exp_percentage Parallel_Seq_Scan_empty_output Partial_Aggregate_const Partial_Aggregate_out_card Partial_Aggregate_out_size Partial_Aggregate_in_percentage Partial_Aggregate_out_percentage Seq_Scan_const Seq_Scan_in_card Seq_Scan_in_size Seq_Scan_out_percentage Seq_Scan_like_percentage Seq_Scan_compare_percentage Seq_Scan_in_expression_percentage Seq_Scan_or_exp_percentage Seq_Scan_empty_output Sort_const Sort_out_card Sort_out_size Sort_in_percentage Sort_out_percentage Other_const Other_in_percentage Other_out_percentage
feature_infos=[1:5844822172] [1:5841013510] [1.04:826505770.75999999] [1.04:413253385.48000002] [0:826505770.53999996] [0:4] [0:142] [0:1] [0:1] [0:1] [0:1] [0:1] [0:1] [0:120763360] [0:1] [0:5] [0:3] [0:13] [0:6] [0:4] [0:26] [1:3] none [0:1] [0:1] [0:96] [0:235042045] [0:1] [0:1] [0:4473856] [0:40] [0:1] [0:1] [0:1] [0:1] [0:0.33333333333333331] none none none none none none none none none none [0:1] [0:1] [0:96] [0:2] [0:1] [0:1] [0:834642] [0:2003141] [0:1] [0:18054] [0:43329] none none none none [0:1] [0:120763360] [0:16659400] [0:154321000] [0:1] [0:36244344] [0:24] [0:1] [0:1] [0:1] [0:1] [0:0.33333333333333331] none [0:1] [0:36244344] [0:39] [0:1] [0:1] [0:1] [0:0.40000000000000002] [0:0.33333333333333331] none [0:1] [0:6728282] [0:49] [0:6728282] [0:1] [0:20228728] [0:10716259] [0:4770009139] [0:1] [0:11374666] [0:8096236] [0:33496372] [0:1] [0:1535478] [0:44] [0:1] [0:1] [0:1] [0:1] [0:0.25] none [0:1] [0:15101810] [0:21] [0:1] [0:1] [0:1] [0:1] [0:0.33333333333333331] none [0:1] [0:15101810] [0:31] [0:1] [0:0.75] [0:1] [0:0.20000000000000001] [0:0.25] none [0:1] [0:120763360] [0:112] [0:1] [0:1] [0:1] [0:1] [0:0.33333333333333331] none [0:1] [0:1] [0:96] [0:30049372073] [0:1] [0:1] [0:72538632] [0:112] [0:1] [0:1] [0:1] [0:1] [0:0.33333333333333331] none [0:1] [0:6927965] [0:142] [0:6927965] [0:6927965] none none none
tree_sizes=2960 3100 3109 3084 3088 3093 3092 3106 3086 3124 3114 3105 3083 3108 3091 3100 3111 3109 3130 3120 3106 3129 3099 3109 3099 3100 3105 3107 3123 3102 3112 3127 3106 3116 3118 3126 3111 3113 3107 3120 3089 3098 3116 3101 3163 3130 3115 3137 3124 3086 3126 3099 3071 3061 3117 3116 3068 3124 3126 3121 3082 3109 3077 3089 3086 3065 3048 3067 3055 3116 2995 3058 3072 3004 3064 3074 3014 3083 3064 3056 3049 3071 3102 3084 3096 3017 3020 3025 3042 3003 3072 3063 3037 3106 2966 3028 3003 2990 2960 3073 3014 3078 3073 2955 2985 2891 2990 2983 2969 2964 3026 2961 2964 3127 2981 3046 3043 3037 2991 3006 3037 2993 3056 3005 2988 3035 3062 3001 3052 3039 2984 2963 3048 2974 2971 3066 2922 3051 2959 3024 2919 3044 2962 2946 2951 2983 3022 2924 2911 2913 3037 3095 2954 2903 3041 2963 2953 3038 3063 2880 2933 3060 2925 2956 2979 3076 2878 2894 2996 2936 3012 2918 2987 2960 2948 2949 3057 3015 3023 2911 2983 3000 2983 2918 3055 2935 3045 2950 3026 3026 2954 2908 3011 3017 3036 2956 2996 3001 2957 2909

Tree=0
num_leaves=31
num_cat=0
split_feature=1 10 3 136 3 6 64 6 4 6 4 122 0 62 14 6 0 123 137 20 62 134 2 64 64 138 137 62 3 4
split_gain=51980.3 17520.1 19528.5 4477.45 3800.84 3769.45 3617.45 2997.56 2492.63 2128.54 1652.94 1536.52 1421.57 1324.83 1226.74 1097.59 939.163 891.373 857.483 833.931 599.047 587.245 598.387 585.321 540.088 523.733 515.327 511.384 496.459 475.038
threshold=530043.00000000012 1.0000000180025095e-35 130532.32000000002 1.0000000180025095e-35 87667.890000000014 5.7500000000000009 0.29488893572117059 4.416666666666667 21036.030000000002 7.416666666666667 2.8250000000000006 1.0000000180025095e-35 123531.50000000001 824237.50000000012 1.0000000180025095e-35 9.8333333333333339 394317.50000000006 1126481.0000000002 824357.00000000012 6.5000000000000009 824126.50000000012 17455545.000000004 191176.64000000004 0.13511665967444797 1.0003949229956695 7.5000000000000009 3000518.0000000005 800212.50000000012 479445.83000000007 25050.210000000003
decision_type=2 2 2 2 2 2 2 2 2 2 2 2 2 2 2 2 2 2 2 2 2 2 2 2 2 2 2 2 2 2
left_child=1 2 3 8 6 26 13 14 11 -4 -8 -1 -9 17 16 -7 19 20 25 -5 -2 22 -3 -10 -17 -12 28 -27 -6 -14
right_child=4 21 9 7 5 15 10 12 23 -11 18 -13 29 -15 -16 24 -18 -19 -20 -21 -22 -23 -24 -25 -26 27 -28 -29 -30 -31
leaf_value=1.1137606382369996 1.0264752869723213 1.4055992364883423 0.95131429442987336 1.0219163479229594 0.9072972297923505 0.92256844448635511 1.0393540264187187 1.1180800318717956 1.0441414006261132 0.98928619807752127 0.99682796204482338 1.1235854625701904 1.0378660166064206 1.0741961479187012 1.0397636180965302 0.96660709222683794 0.95418905462021464 1.0163814661526402 1.0099573868682334 0.95395565420262241 0.99243746644253583 1.0490038514137268 1.2617166757583618 1.0012106375415302 0.85419170855357662 0.9919683027437558 0.83171533346176152 0.9777755239430207 0.80460286140441895 1.007572955124959
leaf_weight=110384 38664 261660 42424 41831 36685 69830 8818 113640 16412 53256 14729 75330 42518 16864 60864 59912 2316 2192 5999 13899 1003 10297 249236 7077 12676 4169 6869 6201 16655 4770
leaf_count=110384 38664 261660 42424 41831 36685 69830 8818 113640 16412 53256 14729 75330 42518 16864 60864 59912 2316 2192 5999 13899 1003 10297 249236 7077 12676 4169 6869 6201 16655 4770
internal_value=1.04989 1.05992 1.04804 1.05612 1.01307 1.00523 1.02917 1.04785 1.06719 1.00672 1.00594 1.07107 1.05675 1.04496 1.03581 1.0141 1.02541 1.03542 0.995103 1.028 1.03885 1.07326 1.07373 1.0365 1.02271 0.986985 0.984255 0.96977 0.980935 1.04218
internal_weight=0 1.10591e+06 584721 489041 301266 202627 98639 279838 209203 95680 39916 185714 160928 58723 118910 142418 58046 41859 31098 55730 39667 521193 510896 23489 72588 25099 60209 10370 53340 47288
internal_count=1407180 1105914 584721 489041 301266 202627 98639 279838 209203 95680 39916 185714 160928 58723 118910 142418 58046 41859 31098 55730 39667 521193 510896 23489 72588 25099 60209 10370 53340 47288
is_linear=0
shrinkage=1


Tree=1
num_leaves=31
num_cat=0
split_feature=1 10 3 64 136 4 4 6 3 6 127 4 6 2 0 123 4 0 14 62 13 20 123 3 134 123 3 61 6 2
split_gain=47093 17086.6 16512.2 3842.15 3564.34 3511.31 2545.11 2532.81 2367.39 1944.94 1875.2 2026.09 1795.13 1520.68 1251.79 1190.9 1145.73 1138.32 1102.63 1005.25 969.788 802.127 687.727 678.562 630.828 623.837 566.568 679.014 557.589 534.838
threshold=530043.00000000012 1.0000000180025095e-35 161130.72000000003 1.0003949229956695 1.0000000180025095e-35 6645.505000000001 20056.875000000004 4.416666666666667 89727.680000000008 5.7500000000000009 1.0000000180025095e-35 0.8650000000000001 7.416666666666667 58492.570000000007 117525.50000000001 7784.5000000000009 25050.210000000003 2186137.0000000005 1.0000000180025095e-35 667082.00000000012 397518.50000000006 6.5000000000000009 1341018.0000000002 495548.64500000008 7691070.5000000009 42708.500000000007 86002.040000000023 1.0000000180025095e-35 3.8333333333333335 191176.64000000004
decision_type=2 2 2 2 2 2 2 2 2 2 2 2 2 2 2 2 2 2 2 2 2 2 2 2 2 2 2 2 2 2
left_child=1 2 4 5 6 8 15 16 17 -7 28 -12 -4 -11 -9 -1 18 19 20 22 21 -6 -2 -5 29 -8 -17 -28 -10 -3
right_child=3 24 12 23 7 9 25 14 10 13 11 -13 -14 -15 -16 26 -18 -19 -20 -21 -22 -23 -24 -25 -26 -27 27 -29 -30 -31
leaf_value=0.05179535865783691 -0.010652099892971107 0.32015045881271365 -0.095700773480512091 -0.13467671955269564 -0.023854555367525745 -0.16420933067488636 -0.010588691685163982 0.060744069814682014 -0.088098348991493797 -0.066492169704795198 -0.10305731323855345 -0.057606845559486621 -0.059622000997779125 -0.084741584017813482 -0.018209662662547223 0.078714823722839361 -0.080043032759637978 -0.045529462423354941 -0.0065905388248235219 0.023949308395385741 -0.095533819021232563 -0.086331704329653869 -0.029198571642958561 -0.2194622683513904 0.011378459930419927 -0.0485946601013112 -0.020672944992653354 0.033982335144487862 -0.039823557661083954 0.19542505025863649
leaf_weight=130390 29513 261637 36088 46255 41850 25847 20516 113601 1151 4927 9061 13186 46861 80884 49707 55306 2815 22662 60763 18367 1686 13841 1338 17667 18601 7008 1866 2423 30408 240955
leaf_count=130390 29513 261637 36088 46255 41850 25847 20516 113601 1151 4927 9061 13186 46861 80884 49707 55306 2815 22662 60763 18367 1686 13841 1338 17667 18601 7008 1866 2423 30408 240955
internal_value=0 0.00966524 -0.00207001 -0.034933 0.00476251 -0.0290723 0.0143976 -0.00260999 -0.017608 -0.0419769 -0.0334708 -0.0557057 -0.0434011 -0.0347335 0.00551363 0.0185149 -0.0135781 -0.00573383 -0.0120758 0.00280535 -0.0220176 -0.0197556 -0.00822169 -0.0566938 0.0228309 -0.014022 0.030226 -0.004787 -0.0177967 0.0235002
internal_weight=0 1.10591e+06 584721 301266 501772 237344 217509 284263 125686 111658 53806 22247 82949 85811 163308 189985 120955 71880 118140 49218 57377 55691 30851 63922 521193 27524 59595 4289 31559 502592
internal_count=1407180 1105914 584721 301266 501772 237344 217509 284263 125686 111658 53806 22247 82949 85811 163308 189985 120955 71880 118140 49218 57377 55691 30851 63922 521193 27524 59595 4289 31559 502592
is_linear=0
shrinkage=0.1


Tree=2
num_leaves=31
num_cat=0
split_feature=1 10 3 64 136 3 6 6 4 6 4 123 2 0 62 14 13 4 123 137 6 20 13 134 0 127 3 23 3 5
split_gain=42591.1 16773.7 14610.4 3450.87 3149.96 3089.15 3638.85 2066.31 1864.21 1774.43 1745.97 1331.01 1280.63 1084.23 1171.56 975.278 972.601 969.081 825.345 798.594 735.276 697.511 671.326 629.33 599.292 579.573 567.859 480.252 460.366 434.29
threshold=550751.00000000012 1.0000000180025095e-35 125825.03000000001 1.0003949229956695 1.0000000180025095e-35 119761.34000000001 5.7500000000000009 4.416666666666667 9042.5150000000012 4.8333333333333348 12091.515000000001 7784.5000000000009 58492.570000000007 2127810.5000000005 667082.00000000012 1.0000000180025095e-35 397518.50000000006 25050.210000000003 1126481.0000000002 27775.000000000004 9.8333333333333339 8.5000000000000018 1.5000000000000002 7691070.5000000009 172722.00000000003 0.14835164835164838 514810.57000000007 1.0000000180025095e-35 606555.01500000013 3.0000000000000004
decision_type=2 2 2 2 2 2 2 2 2 2 2 2 2 2 2 2 2 2 2 2 2 2 2 2 2 2 2 2 2 2
left_child=1 2 4 5 10 8 -7 15 13 -4 11 -1 -10 14 18 16 21 19 -2 -9 -8 -6 28 27 -12 -15 -5 -3 -11 -27
right_child=3 23 9 26 7 6 20 17 12 22 24 -13 -14 25 -16 -17 -18 -19 -20 -21 -22 -23 -24 -25 -26 29 -28 -29 -30 -31
leaf_value=0.051453574180603034 -0.012418742334357967 0.2196392924785614 -0.086125065886189345 -0.12314587444959849 -0.026124727336745025 -0.1375224159762313 -0.095605476677642964 0.064796015143394489 -0.060213649568147322 -0.016028642880525534 0.0094893413550820593 0.072269990444183349 -0.035752765185040343 -0.033058852251047335 0.023716643333435063 -0.0074909631723394602 -0.085980437119109299 -0.034151812114586864 -0.020676491512718859 -0.0029326849930811916 -0.074135399360985163 -0.085125758606111004 -0.061770241261510629 0.010240613937377942 -0.029030910150047669 -0.071809853886634287 -0.19637402367603041 0.66143495154380805 -0.061885763290386767 -0.034457518076442213
leaf_weight=119270 30172 461514 27169 46176 46078 33511 41814 83563 4799 20769 20751 53689 15115 26380 18832 61170 1686 6387 2817 70897 54525 10226 48436 18601 14964 1324 17087 41078 2935 5445
leaf_count=119270 30172 461514 27169 46176 46078 33511 41814 83563 4799 20769 20751 53689 15115 26380 18832 61170 1686 6387 2817 70897 54525 10226 48436 18601 14964 1324 17087 41078 2935 5445
internal_value=0 0.00937063 -0.00220718 -0.0332114 0.00489885 -0.0276249 -0.037935 -0.00203204 -0.0148605 -0.0371746 0.014199 0.0183556 -0.0423994 -0.0084064 0.000628218 -0.0120126 -0.0213042 0.00536184 -0.0107321 0.00694023 -0.0280619 -0.0190632 -0.0289714 0.0224323 -0.00593036 -0.02253 -0.0539401 0.0231008 -0.0151818 -0.0486332
internal_weight=0 1.10918e+06 587990 297997 488681 234734 129850 280007 104884 99309 208674 172959 19914 84970 51821 119160 57990 160847 32989 154460 96339 56304 72140 521193 35715 33149 63263 502592 23704 6769
internal_count=1407180 1109183 587990 297997 488681 234734 129850 280007 104884 99309 208674 172959 19914 84970 51821 119160 57990 160847 32989 154460 96339 56304 72140 521193 35715 33149 63263 502592 23704 6769
is_linear=0
shrinkage=0.1


Tree=3
num_leaves=31
num_cat=0
split_feature=1 10 3 3 6 13 4 136 0 6 4 6 64 4 20 2 138 62 137 0 2 137 63 5 4 137 134 0 2 3
split_gain=38390 14767.4 11584.8 5669.78 4044.14 2308.89 2388.5 2235.9 1587.01 1545.63 1451.81 1278.26 1239.47 1080.1 979.791 1395.86 959.006 906.224 887.12 853.724 843.18 822.123 756.377 654.479 652.658 1423.42 650.644 624.941 520.793 518.517
threshold=397518.50000000006 1.0000000180025095e-35 175514.91500000001 89727.680000000008 5.7500000000000009 400017.00000000006 9042.5150000000012 1.0000000180025095e-35 2043757.0000000002 4.416666666666667 27917.500000000004 7.416666666666667 1.0003949229956695 42284.785000000011 10.500000000000002 35.420000000000009 6.5000000000000009 1260781.5000000002 382635.00000000006 164077.00000000003 59913.685000000005 541387.00000000012 0.094930779184709199 1.5000000000000002 0.29500000000000004 392033.50000000006 5027632.5000000009 1128489.5000000002 107709.85500000003 75702.905000000013
decision_type=2 2 2 2 2 2 2 2 2 2 2 2 2 2 2 2 2 2 2 2 2 2 2 2 2 2 2 2 2 2
left_child=1 2 7 5 28 17 8 10 21 13 22 -4 24 14 -9 23 -8 18 27 -11 -18 -7 29 -16 25 -6 -3 -2 -5 -1
right_child=3 26 11 4 12 6 16 9 -10 19 -12 -13 -14 -15 15 -17 20 -19 -20 -21 -22 -23 -24 -25 -26 -27 -28 -29 -30 -31
leaf_value=0.057049841642379764 -0.011659151804748758 0.20445683448314669 -0.076757797489750312 -0.024142945354856334 -0.088404980722600834 0.024833018970489507 -0.023215978606345472 -0.01199430850528572 -0.032502782808130182 0.043855098950862904 -0.025139226865966924 -0.049355792172738756 -0.14388306692249955 -0.08233612218040734 0.084191780242363332 -0.025985519919528289 -0.054770625653061927 -0.038001862455185262 -0.082701312910006888 -0.019907962897753286 -0.013076712980004563 -0.016598228355238432 0.062697453260421754 -0.10402882497080002 -0.06631268699754439 0.01267858156012387 0.020239512133598314 -0.063103199851262254 -0.12847144691165893 -0.0042586987135314475
leaf_weight=106706 11052 494159 31667 4800 3376 37502 12538 103426 25369 125572 18184 41539 33572 2160 805 6866 4538 2572 2081 33390 1687 22113 54481 4364 108189 2075 27034 5961 58173 21229
leaf_count=106706 11052 494159 31667 4800 3376 37502 12538 103426 25369 125572 18184 41539 33572 2160 805 6866 4538 2572 2081 33390 1687 22113 54481 4364 108189 2075 27034 5961 58173 21229
internal_value=0 0.00983944 -0.00158418 -0.0289186 -0.0389588 -0.0120917 -0.00589113 0.00409833 0.00123834 -0.00173124 0.012136 -0.0386248 -0.0298865 -0.0104217 -0.00911103 -0.0361158 -0.0381829 -0.041783 -0.0342769 0.00469913 -0.070268 0.0101528 0.014822 -0.0753664 -0.0248992 -0.0586613 0.021903 -0.0267383 -0.0601671 0.0106199
internal_weight=0 1.07158e+06 550389 335598 210185 125413 103747 477183 84984 276583 200600 73206 147212 117621 115461 12035 18763 21666 19094 158962 6225 59615 182416 5169 113640 5451 521193 17013 62973 127935
internal_count=1407180 1071582 550389 335598 210185 125413 103747 477183 84984 276583 200600 73206 147212 117621 115461 12035 18763 21666 19094 158962 6225 59615 182416 5169 113640 5451 521193 17013 62973 127935
is_linear=0
shrinkage=0.1


Tree=4
num_leaves=31
num_cat=0
split_feature=10 3 6 0 122 4 13 4 64 3 62 4 3 123 6 0 6 0 134 64 123 64 14 3 4 6 4 63 1 4
split_gain=34584.2 24634.6 4989.38 3565.83 2664.94 2167.97 2144.69 1854.3 1845.4 1752.86 1750.95 1146.4 1526.2 1435.57 874.768 782.881 744.201 711.354 655.792 605.691 622.017 597.041 579.324 557.556 552.992 543.085 535.102 554.152 527.976 511.15
threshold=1.0000000180025095e-35 87667.890000000014 5.7500000000000009 900113.50000000012 1.0000000180025095e-35 11723.540000000003 824319.50000000012 1.0000000180025095e-35 1.0003949229956695 147985.44500000004 824126.50000000012 0.42500000000000004 178964.83500000005 2227.0000000000005 3.4166666666666674 146894.50000000003 9.8333333333333339 2976495.0000000005 4758864.5000000009 0.11364660127606974 3334033.0000000005 0.53246278003744607 1.0000000180025095e-35 8266.5250000000015 25050.210000000003 4.8333333333333348 25050.210000000003 5.8345771144278613 800154.00000000012 17458.500000000004
decision_type=2 2 2 2 2 2 2 2 2 2 2 2 2 2 2 2 2 2 2 2 2 2 2 2 2 2 2 2 2 2
left_child=1 3 9 4 7 -6 10 14 11 19 28 13 24 -4 -1 -9 -14 -8 -2 20 -3 -7 25 -24 -13 -16 -17 -28 -5 -21
right_child=18 2 8 6 5 21 17 15 -10 -11 -12 12 16 -15 22 26 -18 -19 -20 29 -22 -23 23 -25 -26 -27 27 -29 -30 -31
leaf_value=-0.09420431606880697 0.18486257906675338 -0.011922136186386136 -0.011406217436312529 -0.011000496712286222 0.063123741412162773 -8.9949641298936456e-05 -0.0028874632411633573 0.054499353231191663 -0.098652090175416443 -0.11243672163984307 -0.041783298389335623 0.0090754999715964239 -0.074738087702663686 -0.070349415943244425 -0.032753827364129399 0.0030409097399511256 -0.053830502816310813 -0.047992086773701446 0.020026423103809379 -0.016624810258540495 -0.053385812838498997 -0.024175305401116481 0.017051092955038882 -0.031903175848975389 -0.03703438863971819 -0.00096114760307028997 -0.018646393854886128 -0.031481202820731968 -0.054358685813137422 -0.07740951003767528
leaf_weight=1704 492239 16964 4447 9239 64230 8816 45854 164292 50809 70823 7027 28691 46224 5371 57032 45291 67468 9666 28954 4308 1090 4475 71242 26988 24268 29157 7569 1496 7645 3801
leaf_count=1704 492239 16964 4447 9239 64230 8816 45854 164292 50809 70823 7027 28691 46224 5371 57032 45291 67468 9666 28954 4308 1090 4475 71242 26988 24268 29157 7569 1496 7645 3801
internal_value=0 -0.0113295 -0.0332763 0.00133967 0.00457307 0.0215588 -0.018293 0.00132 -0.0251732 -0.0522651 -0.0433318 -0.0203381 -0.0183818 -0.0535448 -0.00601598 0.00756471 -0.0249132 -0.00750946 0.0211344 -0.0301462 -0.0199491 -0.0152039 -0.00535699 -0.000106964 -0.00436026 -0.0113405 -0.00283831 -0.025016 -0.0258742 -0.0528493
internal_weight=0 885987 324264 561723 482292 77521 79431 404771 227278 96986 23911 176469 166651 9818 186123 218648 113692 55520 521193 26163 18054 13291 184419 98230 52959 86189 54356 9065 16884 8109
internal_count=1407180 885987 324264 561723 482292 77521 79431 404771 227278 96986 23911 176469 166651 9818 186123 218648 113692 55520 521193 26163 18054 13291 184419 98230 52959 86189 54356 9065 16884 8109
is_linear=0
shrinkage=0.1


Tree=5
num_leaves=31
num_cat=0
split_feature=0 10 3 3 6 136 4 1 64 4 8 6 4 127 5 6 63 6 0 2 64 64 134 13 2 0 20 3 3 20
split_gain=32100.5 12659.9 8170.59 4529.95 3607.69 2022.11 1743.44 2250.66 1721.05 1547.29 1415.31 1037.47 1027 1012.59 1684.99 939.711 896.379 846.093 819.582 1009.3 817.927 812.514 646.178 611.637 580.82 792.823 648.028 638.907 888.406 541.299
threshold=538265.50000000012 1.0000000180025095e-35 182255.63500000004 151421.72500000003 5.7500000000000009 1.0000000180025095e-35 9379.0650000000005 1260853.5000000002 50.338722294654509 25705.180000000004 1.0000000180025095e-35 5.166666666666667 11723.540000000003 0.13392857142857145 3.0000000000000004 13.833333333333334 0.094930779184709199 3.8333333333333335 394317.50000000006 13697.675000000001 0.28545319541793718 0.14355860051710326 3555414.5000000005 1.5000000000000002 1.3150000000000002 308.50000000000006 11.500000000000002 252.09 84.530000000000015 2.5000000000000004
decision_type=2 2 2 2 2 2 2 2 2 2 2 2 2 2 2 2 2 2 2 2 2 2 2 2 2 2 2 2 2 2
left_child=1 2 5 6 -5 12 7 -2 13 10 17 -4 16 -9 -15 -6 -1 -7 24 -20 -16 -8 -3 -13 -19 26 -26 28 -27 -23
right_child=3 22 11 4 15 9 21 8 -10 -11 -12 23 -14 14 20 -17 -18 18 19 -21 -22 29 -24 -25 25 27 -28 -29 -30 -31
leaf_value=0.027965337035655981 0.0042686679186575097 0.17037079843211178 -0.066849575075045437 -0.12275315946782331 -0.09837264296992787 -0.084944744226904109 -0.01851399117472605 -0.016123268264600293 -0.042853826087535629 -0.040301614264116326 0.030356047165177993 -0.01608613993863859 -0.0053638412480620625 -0.047373469753177293 0.011163957513325634 -0.053945502697981873 0.072670846394697147 -0.026934407210770929 -0.073739221518996173 0.041227000610854075 -0.034578665423072301 -0.044122302550168441 0.026277909487962738 -0.0512485693660669 0.041782388634351464 -0.010147714260229479 -0.069237781576687835 -0.0067979615272158031 -0.063765500994013832 -0.039352694707960587
leaf_weight=122142 65719 481806 19463 47411 82447 1696 12911 37391 6406 9766 95092 18447 38222 4490 2933 31264 46620 23836 2230 1794 5594 13568 39387 35169 36240 13606 2122 83826 10198 15384
leaf_count=122142 65719 481806 19463 47411 82447 1696 12911 37391 6406 9766 95092 18447 38222 4490 2933 31264 46620 23836 2230 1794 5594 13568 39387 35169 36240 13606 2122 83826 10198 15384
internal_value=0 0.00909473 -0.00133787 -0.026723 -0.0386389 0.00333742 -0.0150443 -0.00902503 -0.0236013 -0.00219657 -0.000785483 -0.0325191 0.0108344 -0.0173967 -0.0414179 -0.0289767 0.0141867 -0.00610784 -0.00542214 -0.050027 -0.0153102 -0.0326629 0.0203135 -0.0253403 -0.00436525 -0.00200222 0.0103413 -0.00640176 -0.02086 -0.0419663
internal_weight=0 1.08166e+06 560469 325518 161122 487390 164396 122533 56814 280406 270640 73079 206984 50408 13017 113711 168762 175548 173852 4024 8527 41863 521193 53616 169828 145992 38362 107630 23804 28952
internal_count=1407180 1081662 560469 325518 161122 487390 164396 122533 56814 280406 270640 73079 206984 50408 13017 113711 168762 175548 173852 4024 8527 41863 521193 53616 169828 145992 38362 107630 23804 28952
is_linear=0
shrinkage=0.1


Tree=6
num_leaves=31
num_cat=0
split_feature=0 3 10 3 6 4 123 0 4 64 63 4 2 122 64 4 137 6 6 2 3 1 6 20 3 62 64 3 13 3
split_gain=29072.4 9208.91 8702.23 4996.75 4001.88 1802.38 1705.17 1968.1 1464.12 1380.4 1271.87 1245.02 980.058 1146.03 961.3 911.089 1462.65 822.753 816.967 802.284 781.265 738.881 633.739 654.511 628.1 622.747 603.887 599.519 599.026 1481.97
threshold=146894.50000000003 87667.890000000014 1.0000000180025095e-35 252564.32000000004 5.7500000000000009 9042.5150000000012 55163.500000000007 1825997.5000000002 1.0000000180025095e-35 1.0521192439171625 30148.555555555558 12091.515000000001 73922.430000000008 1.0000000180025095e-35 0.39232732632254624 0.29500000000000004 150036.50000000003 3.8333333333333335 4.5833333333333348 1427694.3750000002 154472.91000000003 2924306.5000000005 4.8333333333333348 6.5000000000000009 110124.39500000002 1260781.5000000002 0.13511665967444797 9658.345000000003 1550.5000000000002 252.09
decision_type=2 2 2 2 2 2 2 2 2 2 2 2 2 2 2 2 2 2 2 2 2 2 2 2 2 2 2 2 2 2
left_child=2 5 3 8 20 6 10 -8 12 15 21 27 13 17 -7 16 -6 -1 -5 -4 26 -2 23 28 -13 -12 -3 -10 -19 -30
right_child=1 4 19 18 9 14 7 -9 11 -11 25 24 -14 -15 -16 -17 -18 22 -20 -21 -22 -23 -24 -25 -26 -27 -28 -29 29 -31
leaf_value=-0.076437002680349628 -0.012190244435078603 -0.015879949250147747 0.1471516554861784 -0.068256489195170689 -0.064766836873179093 -0.011034431040986935 0.033203059219417665 -0.015004585851491004 0.048246515482783317 -0.10221346520953267 -0.00079903464594499075 0.005195534599767293 -0.015811612999988702 0.051543298361539841 -0.028740453039742472 -0.046021906922027393 0.017837958976757766 0.011600525498003013 -0.038361124134080077 0.0015782324765443835 -0.1077080924624375 -0.12392284230687303 0.041149855742113453 -0.053902941217319228 -0.03019641597008324 -0.027076796561866928 -0.056937707177766431 0.043599705868861818 -0.054495911790020057 0.0047694073054962635
leaf_weight=1702 103934 11504 499578 10940 3894 19022 45689 16896 108387 38233 1038 22163 9717 10757 23875 123820 2153 33615 28029 21615 53458 2469 50188 25586 14875 2377 6931 77681 10993 26061
leaf_count=1702 103934 11504 499578 10940 3894 19022 45689 16896 108387 38233 1038 22163 9717 10757 23875 123820 2153 33615 28029 21615 53458 2469 50188 25586 14875 2377 6931 77681 10993 26061
internal_value=0 -0.0199802 0.0107437 0.000225627 -0.0334507 -0.00496488 -0.000400918 0.012773 0.00362288 -0.0250058 -0.00790868 0.00893779 -0.00340946 -0.00152419 -0.0233074 -0.0200889 -0.0579904 -0.0038126 -0.0339244 0.0194355 -0.0531964 -0.00598069 -0.00300919 -0.00775936 -0.00780564 -0.06798 -0.0354447 0.0122707 -0.00279763 -0.0115668
internal_weight=0 455293 951887 430694 239993 215300 172403 62585 391725 168100 109818 223106 168619 158902 42897 129867 6047 148145 38969 521193 71893 106403 146443 96255 37038 3415 18435 186068 70669 37054
internal_count=1407180 455293 951887 430694 239993 215300 172403 62585 391725 168100 109818 223106 168619 158902 42897 129867 6047 148145 38969 521193 71893 106403 146443 96255 37038 3415 18435 186068 70669 37054
is_linear=0
shrinkage=0.1


Tree=7
num_leaves=31
num_cat=0
split_feature=0 10 3 64 4 4 4 4 123 6 64 3 2 0 2 122 13 124 4 6 0 6 6 3 90 6 14 20 4 64
split_gain=26252.4 11021.6 6949.93 3181.99 2210.25 2163.75 2252.28 1917.1 3818.52 1719.14 1662.84 1594.69 1322.55 1242.28 1037.5 2216.75 987.945 895.848 731.015 652.751 599.966 599.505 573.094 548.613 498.023 488.529 528.538 481.28 455.133 421.283
threshold=800000.50000000012 1.0000000180025095e-35 198019.90500000003 1.1505586213103591 6645.505000000001 25705.180000000004 0.28500000000000009 0.29500000000000004 1341018.0000000002 5.7500000000000009 0.10155646986649239 41427.81500000001 615997.67500000016 2727637.5000000005 67806.740000000005 1.0000000180025095e-35 1.5000000000000002 2.5000000000000004 14587.040000000003 7.416666666666667 1229514.0000000002 3.4166666666666674 5.7500000000000009 600848.99000000011 0.57660046070085424 4.8333333333333348 1.0000000180025095e-35 14.500000000000002 13415.420000000002 0.20477211322628955
decision_type=2 2 2 2 2 2 2 2 2 2 2 2 2 2 2 2 2 2 2 2 2 2 2 2 2 2 2 2 2 2
left_child=1 2 5 4 7 6 14 8 -2 -6 -7 -11 -3 27 15 21 18 -8 23 -18 -5 -1 -12 -4 -13 26 -23 -9 -19 -15
right_child=3 12 16 20 9 10 17 13 -10 11 22 24 -14 29 -16 -17 19 28 -20 -21 -22 25 -24 -25 -26 -27 -28 -29 -30 -31
leaf_value=-0.068645246679381836 -0.022415855763538772 0.15624746119763142 0.016312752812954062 -0.022817589931792157 -0.092382844459483249 -0.0042930936614136639 0.023859563111093652 0.014346203986924357 -0.051880925580075357 -0.038652661940387523 -0.057438396916610117 -0.04427765941292186 0.020257644303648448 -0.0060278743015132604 -0.014422972072415323 0.054994014749979961 -0.059070529325778311 0.051631198107212666 -0.064516485831138407 -0.042106198532478954 -0.10553847115518906 -0.026073372183072426 -0.036436854172220777 -0.036381673377031347 -0.13757633049575047 0.01626853521193148 -0.0033577806507577358 -0.024529453964051477 -0.0017042929999973512 -0.045258270715294535
leaf_weight=1711 27511 428135 9677 8539 25511 24378 214152 36871 8766 4964 5387 73798 93058 17244 14692 17850 24286 47833 10419 27974 48475 55678 12124 2699 3711 71755 56062 5867 6862 21191
leaf_count=1711 27511 428135 9677 8539 25511 24378 214152 36871 8766 4964 5387 73798 93058 17244 14692 17850 24286 47833 10419 27974 48475 55678 12124 2699 3711 71755 56062 5867 6862 21191
internal_value=0 0.00768725 -0.00151184 -0.0264136 -0.0210758 0.00253216 0.00440955 -0.0115815 -0.0306926 -0.0314024 -0.0192761 -0.0243849 0.0183398 -0.00304055 -0.00315013 -0.0012934 -0.0299868 0.0105324 -0.0126152 -0.0375641 -0.0475193 -0.00453711 -0.0427843 0.00381592 -0.0208659 -0.00398772 -0.00812252 0.00869114 0.0219546 -0.0160857
internal_weight=0 1.12473e+06 603539 282448 225434 528484 486595 117450 36277 107984 41889 82473 521193 81173 217748 203056 75055 268847 22795 52260 57014 185206 17511 12376 77509 183495 111740 42738 54695 38435
internal_count=1407180 1124732 603539 282448 225434 528484 486595 117450 36277 107984 41889 82473 521193 81173 217748 203056 75055 268847 22795 52260 57014 185206 17511 12376 77509 183495 111740 42738 54695 38435
is_linear=0
shrinkage=0.1


Tree=8
num_leaves=31
num_cat=0
split_feature=1 3 10 6 3 0 13 4 123 4 64 64 2 0 63 123 64 3 6 5 6 3 62 64 4 1 20 13 4 4
split_gain=23351.4 9311.75 5900.47 3232.52 2905.7 2166.57 2058.45 1705.96 1948.92 1442.32 1122.33 1113.94 1033.9 980.372 866.209 1805.61 1121.3 861.276 658.156 657.376 657.245 656.176 596.037 585.663 534.532 532.042 517.537 575.473 505.626 723.44
threshold=58824.500000000007 157815.12500000003 1.0000000180025095e-35 5.166666666666667 266008.75000000006 1366925.5000000002 824319.50000000012 30208.655000000002 47468.000000000007 598474.39500000014 0.10622114445419706 1.0521192439171625 1.3150000000000002 60005.000000000007 0.84476001266780887 1818786.0000000002 0.18271969591494999 20409.640000000003 15.583333333333334 3.0000000000000004 5.7500000000000009 57483.480000000003 824126.50000000012 0.32355785361045147 3521.4600000000005 1.5000000000000002 10.500000000000002 4.5000000000000009 0.28500000000000009 12091.515000000001
decision_type=2 2 2 2 2 2 2 2 2 2 2 2 2 2 2 2 2 2 2 2 2 2 2 2 2 2 2 2 2 2
left_child=2 5 4 -3 12 7 22 8 13 -4 -9 18 26 -2 15 -8 -16 -10 -5 21 -12 -19 -7 -21 -25 -6 27 -1 -14 -30
right_child=1 3 9 11 25 6 14 10 17 -11 20 -13 28 -15 16 -17 -18 19 -20 23 -22 -23 -24 24 -26 -27 -28 -29 29 -31
leaf_value=0.044856529729108988 -0.068948031074581945 -0.089110647631579165 0.14302735718297083 -0.055571911692192291 0.011460969407117372 -0.05302278054465305 -0.032482406828904596 -0.0095398838915522009 0.070085067385956282 0.018811884049113471 -0.049987336869408767 -0.094640598499290129 0.0013503859893311265 -0.0062496146366375358 0.01238427829135702 -0.04103977307098524 -0.016675800204337912 0.0064931972735371435 -0.021988174664916441 0.036882094042072211 -0.043367839778661529 -0.011697775211880201 -0.031075592105493446 0.025112227018642155 -0.0075142906240885377 -0.047633268596386551 -0.078850305227827863 -0.023070344321500427 0.039842183708820311 -0.0099890878450878268
leaf_weight=8900 1928 53068 420354 75908 2366 10030 17098 15059 21001 100839 4096 34280 128886 146650 16657 3610 32796 5397 24024 17170 9805 5422 5438 6533 8599 29420 1586 14263 157155 28842
leaf_count=8900 1928 53068 420354 75908 2366 10030 17098 15059 21001 100839 4096 34280 128886 146650 16657 3610 32796 5397 24024 17170 9805 5422 5438 6533 8599 29420 1586 14263 157155 28842
internal_value=0 -0.0160415 0.0107057 -0.0338249 0.00107446 -0.00586562 -0.0195339 -0.00102246 0.00207779 0.0175691 -0.0237926 -0.0255637 0.00378033 -0.0042106 -0.0122539 -0.0294247 -0.00506378 0.0166487 -0.0202278 0.00856066 -0.0442823 -0.0127739 -0.0525549 0.0157063 0.0013631 -0.0278377 -0.0158999 -0.0121159 0.00532715 0.00866287
internal_weight=0 514569 892611 187280 371418 327289 85629 241660 212700 521193 28960 134212 339632 148578 70161 20708 49453 64122 99932 43121 13901 10819 15468 32302 15132 31786 24749 23163 314883 185997
internal_count=1407180 514569 892611 187280 371418 327289 85629 241660 212700 521193 28960 134212 339632 148578 70161 20708 49453 64122 99932 43121 13901 10819 15468 32302 15132 31786 24749 23163 314883 185997
is_linear=0
shrinkage=0.1


Tree=9
num_leaves=31
num_cat=0
split_feature=0 10 3 64 4 4 123 2 6 2 4 3 4 136 6 64 5 4 123 3 124 138 8 90 13 0 0 123 136 2
split_gain=20732.8 9680.7 5064.86 2731.33 1536.26 1663.93 3071.07 1475.68 1470.82 1634.05 1433.87 1535.98 1445.12 1370.22 1216.62 1070.92 991.703 835.345 768.367 783.365 643.058 591.536 525.54 501.527 488.003 498.478 484.967 476.956 468.812 456.406
threshold=1000002.5000000001 1.0000000180025095e-35 110124.39500000002 1.1505586213103591 10061.770000000002 0.29500000000000004 1818786.0000000002 576973.43000000005 4.8333333333333348 59913.685000000005 14587.040000000003 600848.99000000011 1.0000000180025095e-35 1.0000000180025095e-35 6.5833333333333348 0.18271969591494999 1.5000000000000002 11723.540000000003 11861.500000000002 33526.525000000001 4.5000000000000009 3.5000000000000004 1.0000000180025095e-35 1.2918304546575416 499490.00000000006 3459372.5000000005 172722.00000000003 1158196.0000000002 1.0000000180025095e-35 1.3150000000000002
decision_type=2 2 2 2 2 2 2 2 2 2 2 2 2 2 2 2 2 2 2 2 2 2 2 2 2 2 2 2 2 2
left_child=1 2 13 4 5 6 20 -3 -6 -10 11 12 -4 17 -12 24 -15 18 -1 -20 -2 -18 -21 -11 -7 -26 -19 -17 -14 -23
right_child=3 7 10 -5 8 15 -8 -9 9 23 14 -13 28 16 -16 27 21 26 19 22 -22 29 -24 -25 25 -27 -28 -29 -30 -31
leaf_value=0.027562024987617909 -0.013863339080048576 0.13013495032972497 -0.019600906093670829 -0.080991760556998374 -0.084021681296333597 -0.038483956959987506 -0.04586670737747791 0.017976280728163662 -0.03444315084948029 -0.040059583708529987 -0.059118202258403862 -0.057521397345423934 0.013923980300629269 0.082724502040672221 -0.037180390500743406 -0.0023046271059435687 -0.063301723704735705 0.012100513851554796 0.06221667096140189 -0.0073264391020852583 -0.026448257872191822 -0.020713436681033183 0.024275862030991947 -0.12291979555449553 0.019745614658925881 -0.0048054418225795554 -0.013674051631234134 -0.030416403492617813 -0.0070049580485316183 -0.0054942553828516479
leaf_weight=119275 18733 415199 12054 52244 22196 3595 7356 105994 3845 64476 26483 10526 29258 46262 35296 18025 1449 20283 31545 6996 1144 21671 14885 3424 21000 12338 17519 24888 12036 227185
leaf_count=119275 18733 415199 12054 52244 22196 3595 7356 105994 3845 64476 26483 10526 29258 46262 35296 18025 1449 20283 31545 6996 1144 21671 14885 3424 21000 12338 17519 24888 12036 227185
internal_value=0 0.00675487 -0.00155815 -0.024841 -0.0195468 -0.0113586 -0.0327035 0.0168468 -0.0288801 -0.0219204 -0.0195313 -0.00902556 -0.0021374 0.00289564 -0.0303933 -0.00407853 -0.00148391 0.00906576 0.012013 0.0219793 -0.0122747 -0.00396994 0.00744022 -0.0183291 0.00840503 0.0121797 -0.00439885 -0.0148225 0.00675493 -0.00359899
internal_weight=0 1.15392e+06 632723 253264 201020 107079 27233 521193 93941 71745 125653 63874 53348 507070 61779 79846 296567 210503 172701 53426 19877 250305 21881 67900 36933 33338 37802 42913 41294 248856
internal_count=1407180 1153916 632723 253264 201020 107079 27233 521193 93941 71745 125653 63874 53348 507070 61779 79846 296567 210503 172701 53426 19877 250305 21881 67900 36933 33338 37802 42913 41294 248856
is_linear=0
shrinkage=0.1


Tree=10
num_leaves=31
num_cat=0
split_feature=10 3 6 0 137 4 4 62 64 64 0 62 92 20 123 64 62 4 123 4 20 20 137 2 3 2 3 122 123 51
split_gain=18358.8 12736.3 2756.2 2486 1621.12 1573.95 1495.33 1444.85 1208.24 1010.45 924.563 876.205 863.763 791.104 784.193 705.744 921.187 688.134 809.462 654.248 626.413 945.908 1101.79 955.813 1227.41 622.393 782.055 1258.55 975.581 558.35
threshold=1.0000000180025095e-35 161130.72000000003 7.8333333333333348 2889245.0000000005 57991.000000000007 25050.210000000003 552966.24000000011 27.500000000000004 0.10622114445419706 0.50227503050609101 60005.000000000007 1907975.5000000002 0.011863401787992969 1.0000000180025095e-35 1885021.0000000002 0.4285698337702159 1761339.0000000002 0.42500000000000004 1588.0000000000002 1371.9300000000001 2.5000000000000004 1.5000000000000002 337899.00000000006 15083.285000000002 9658.345000000003 1.3150000000000002 57483.480000000003 1.0000000180025095e-35 471.00000000000006 1.0000000180025095e-35
decision_type=2 2 2 2 2 2 2 2 2 2 2 2 2 2 2 2 2 2 2 2 2 2 2 2 2 2 2 2 2 2
left_child=1 3 12 4 5 7 -2 25 -7 17 -6 14 -3 -12 -5 -9 19 18 -4 -17 21 23 -23 24 -15 -1 27 -27 -28 -19
right_child=6 2 9 11 10 8 -8 15 -10 -11 13 -13 -14 20 -16 16 -18 29 -20 -21 -22 22 -24 -25 -26 26 28 -29 -30 -31
leaf_value=-0.018158065545633317 0.11866613398480182 -0.066175613737799038 0.010214105901751824 -0.05379374893131527 -0.064051343427115201 -0.00020929606317484988 0.017206771752651662 0.036308529543407887 -0.028096665799079143 -0.065942827923495359 0.038784364418470385 -0.014859232995498428 -0.012734114124000896 -0.038763232688548206 -0.03824150270947356 0.024033960637018195 -0.0095235821211136339 -0.028314677701445315 -0.048602816123793274 -0.0011557532641251393 -0.013339217903785623 -0.016827987437178459 -0.032907069624544275 0.030181799234238707 -0.067320289483394344 0.0089303311581980568 0.00068891294877144744 0.039762311520924132 -0.01116636624192735 0.021120568590823847
leaf_weight=24749 409837 99427 1550 13765 1799 22554 111356 69688 17158 45299 13729 17505 10329 11224 2439 56164 2579 67173 2527 39110 79006 3434 5992 9674 3616 197544 25865 20508 12621 8959
leaf_count=24749 409837 99427 1550 13765 1799 22554 111356 69688 17158 45299 13729 17505 10329 11224 2439 56164 2579 67173 2527 39110 79006 3434 5992 9674 3616 197544 25865 20508 12621 8959
internal_value=0 -0.00758097 -0.0275212 -0.000371752 0.00107295 0.00370151 0.0160719 0.00538987 -0.0153805 -0.0173994 -0.00892252 -0.0268157 -0.0390956 -0.00791156 -0.0435729 0.0127415 0.00726438 -0.0106564 -0.050682 0.00886072 -0.0106668 -0.0220292 -0.0489514 -0.0116771 -0.02762 0.00101105 0.00247209 0.00479169 -0.0106702 -0.00851294
internal_weight=0 885987 235264 650723 617014 488540 521193 448828 39712 125508 128474 33709 109756 126675 16204 167541 97853 80209 4077 95274 112946 33940 9426 24514 14840 281287 256538 218052 38486 76132
internal_count=1407180 885987 235264 650723 617014 488540 521193 448828 39712 125508 128474 33709 109756 126675 16204 167541 97853 80209 4077 95274 112946 33940 9426 24514 14840 281287 256538 218052 38486 76132
is_linear=0
shrinkage=0.1


Tree=11
num_leaves=31
num_cat=0
split_feature=0 10 4 3 64 64 4 2 6 127 4 4 6 2 3 5 123 127 3 122 3 4 8 0 3 6 90 137 20 13
split_gain=17187.3 8026.06 4680.7 1968.05 1907.68 1579.27 1501.97 1466.67 1313.14 1081.91 1642.04 1134.09 902.951 906.64 793.567 766.783 766.773 617.265 769.186 1185 575.783 555.399 508.484 470.262 446.829 415.887 415.132 412.523 601.581 614.168
threshold=1329140.0000000002 1.0000000180025095e-35 31385.510000000006 262202.26000000007 1.1505586213103591 0.018799506194870263 0.28500000000000009 535759.63500000013 4.416666666666667 0.11805555555555557 0.8650000000000001 12091.515000000001 5.7500000000000009 59913.685000000005 211432.30000000002 1.5000000000000002 2.5000000000000004 0.88194444444444453 58589.56500000001 1.0000000180025095e-35 620188.49500000023 9042.5150000000012 1.0000000180025095e-35 3333711.0000000005 63584.130000000012 3.4166666666666674 1.2918304546575416 25899.500000000004 1.5000000000000002 397518.50000000006
decision_type=2 2 2 2 2 2 2 2 2 2 2 2 2 2 2 2 2 2 2 2 2 2 2 2 2 2 2 2 2 2
left_child=1 2 3 6 9 14 17 -3 -7 11 -11 -2 -13 -14 -4 -5 27 18 19 25 -17 -18 -16 -12 -6 -1 -15 -8 -29 -30
right_child=4 7 5 15 24 8 16 -9 -10 10 23 12 13 26 22 20 21 -19 -20 -21 -22 -23 -24 -25 -26 -27 -28 28 29 -31
leaf_value=-0.056347491671744965 -0.0089995372801663139 0.1080578938468197 0.0038093764014441979 0.019123129756987579 -0.0037372633974439491 -0.056935231178074447 0.017598417642621801 0.016196273419382679 -0.041104118636865347 -0.032262478521258325 -0.0098086248646315471 -0.076413333538654676 -0.031530267823793735 -0.031502058308364438 0.045090832242398848 -0.018832017486433362 0.034584274406806573 0.018473148043945422 -0.013539103504764994 0.037208269809207065 -0.068942574976092116 0.00057122452288806201 -0.060362836524096186 -0.052275564973877087 -0.083391222408549862 -0.0086329539056802882 -0.11394857108762609 0.042288125156068661 -0.006614045312100348 -0.022801976497665889
leaf_weight=1719 64148 405697 24168 3162 3780 12548 188723 115496 29751 8358 17833 14411 2208 43846 2932 27746 53564 8248 19365 12518 4994 16162 15519 19662 43403 189591 2588 9132 40102 5806
leaf_count=1719 64148 405697 24168 3162 3780 12548 188723 115496 29751 8358 17833 14411 2208 43846 2932 27746 53564 8248 19365 12518 4994 16162 15519 19662 43403 189591 2588 9132 40102 5806
internal_value=0 0.00600023 -0.00127556 0.00193052 -0.024417 -0.0232049 0.00342463 0.015294 -0.0368937 -0.0195573 -0.0327267 -0.01481 -0.0243339 -0.0178204 -0.0096189 -0.0207474 0.0079356 -0.00268552 -0.00367829 -0.00186882 -0.0252891 0.0171828 -0.025236 -0.0237922 -0.042241 -0.00381923 -0.0148433 0.00529054 -0.00232698 -0.00698977
internal_weight=0 1.18694e+06 665750 580832 220237 84918 544930 521193 42299 173054 45853 127201 63053 48642 42619 35902 313489 231441 223193 203828 32740 69726 18451 37495 47183 191310 46434 243763 55040 45908
internal_count=1407180 1186943 665750 580832 220237 84918 544930 521193 42299 173054 45853 127201 63053 48642 42619 35902 313489 231441 223193 203828 32740 69726 18451 37495 47183 191310 46434 243763 55040 45908
is_linear=0
shrinkage=0.1


Tree=12
num_leaves=31
num_cat=0
split_feature=1 3 20 6 0 4 3 123 64 3 2 5 124 0 62 123 64 64 4 4 2 3 137 20 20 4 64 4 127 5
split_gain=14924.1 6669.01 3681.98 1978.15 1911.17 1527.77 1420.04 1386.36 1327.34 1325.9 939.647 1066.33 1055.65 917.126 869.784 824.871 729.465 666.458 661.142 834.242 825.775 635.771 1644.07 1395.17 685.141 542.082 537.819 531.387 461.523 438.697
threshold=58824.500000000007 198019.90500000003 1.0000000180025095e-35 5.166666666666667 2976495.0000000005 9042.5150000000012 606555.01500000013 45095.000000000007 0.10622114445419706 333743.86000000004 34346.31500000001 3.0000000000000004 4.5000000000000009 60005.000000000007 1288674.0000000002 221270.00000000003 1.0000128766417722 0.15155555782918456 68751.075000000012 0.28500000000000009 75208.265000000014 252.09 3142.5000000000005 6.5000000000000009 10.500000000000002 2.8250000000000006 0.33516361778261755 3521.4600000000005 0.88194444444444453 1.5000000000000002
decision_type=2 2 2 2 2 2 2 2 2 2 2 2 2 2 2 2 2 2 2 2 2 2 2 2 2 2 2 2 2 2
left_child=2 4 9 -3 5 7 18 13 -7 25 -9 12 28 -2 15 -6 -5 -13 19 20 21 22 23 -4 -24 -1 -16 -19 -12 -25
right_child=1 3 6 16 14 8 -8 10 -10 -11 11 17 -14 -15 26 -17 -18 27 -20 -21 -22 -23 24 29 -26 -27 -28 -29 -30 -31
leaf_value=0.010400770816369122 -0.054918069389029683 -0.070975186507224994 0.019475163063090706 -0.041378079498223364 -0.06707833415738855 0.0030944481111431959 -0.052816380967334244 0.048107463981090941 -0.018156252540302353 0.014830112546016983 -0.0031829528155863599 0.02193431275894905 -0.017382180816770454 -0.0039881768023926206 0.004382906842644029 -0.037017820483376429 -0.067920144118192138 0.0067734094891595655 -0.040363118192465824 0.017404845303657612 -0.017120930825319604 0.02192702638089479 -0.066295254911743526 0.037601314505589456 -0.0094843480669960182 0.093042156876078155 -0.028196957582905486 -0.01865819048489421 0.0083391400870113999 -0.061773221231486236
leaf_weight=32411 1885 46534 45185 83009 10562 34741 7973 21947 52278 126609 4406 17141 4785 151438 9353 4220 31820 16715 10118 159777 10720 46491 5106 4056 2002 424557 17241 4410 2084 17606
leaf_count=32411 1885 46534 45185 83009 10562 34741 7973 21947 52278 126609 4406 17141 4785 151438 9353 4220 31820 16715 10118 159777 10720 46491 5106 4056 2002 424557 17241 4410 2084 17606
internal_value=0 -0.0123554 0.00902743 -0.0291985 -0.00466065 -0.00198117 0.000201597 0.00237363 -0.0132316 0.0137012 0.0138741 0.00624331 -0.0207846 -0.00298857 -0.0248545 -0.0443017 -0.0221502 0.014207 0.00130474 0.00217864 -0.00373138 -0.00136425 -0.00712468 -0.00226275 -0.0528486 0.0162101 -0.014045 0.00231929 0.00548906 -0.0231278
internal_weight=0 514569 892611 161363 353206 311830 309034 224811 87019 583577 71488 49541 11275 153323 41376 14782 114829 38266 301061 290943 131166 120446 73955 66847 7108 456968 26594 21125 6490 21662
internal_count=1407180 514569 892611 161363 353206 311830 309034 224811 87019 583577 71488 49541 11275 153323 41376 14782 114829 38266 301061 290943 131166 120446 73955 66847 7108 456968 26594 21125 6490 21662
is_linear=0
shrinkage=0.1


Tree=13
num_leaves=31
num_cat=0
split_feature=0 10 4 1 2 3 64 4 64 4 6 6 20 3 122 123 3 3 134 6 5 123 137 8 126 1 2 3 64 2
split_gain=13139.1 6299.36 3868.31 1868.3 1738.39 1428.1 1308.39 1112.13 1072.35 1013.48 982.588 935.281 922.879 838.838 1573.2 768.918 754.84 609.011 526.949 524.121 518.499 857.263 494.418 492.426 481.163 479.262 547.07 474.368 447.03 400.667
threshold=1329140.0000000002 1.0000000180025095e-35 49796.785000000011 2725332.0000000005 333266.21500000003 606555.01500000013 0.03803954199792621 1.0000000180025095e-35 1.0000128766417722 9042.5150000000012 4.416666666666667 4.416666666666667 1.0000000180025095e-35 54180.205000000009 1.0000000180025095e-35 13617.500000000002 255741.03500000003 220514.26000000004 1128128.0000000002 7.166666666666667 3.0000000000000004 2686686.0000000005 800574.50000000012 1.0000000180025095e-35 0.059027777777777783 824237.50000000012 58492.570000000007 236789.92500000002 0.67488298069544717 453191.53500000003
decision_type=2 2 2 2 2 2 2 2 2 2 2 2 2 2 2 2 2 2 2 2 2 2 2 2 2 2 2 2 2 2
left_child=1 2 5 16 -3 7 17 13 11 15 -8 27 -13 14 -1 -9 25 -4 -6 -18 21 -14 28 -19 -15 26 -2 -5 -11 -27
right_child=3 4 6 8 18 -7 10 9 -10 22 -12 12 20 24 -16 -17 19 23 -20 -21 -22 -23 -24 -25 -26 29 -28 -29 -30 -31
leaf_value=-0.0089033644631911438 -0.026599961567054149 0.10390033285106802 0.0031138285653394162 -0.017158219786471841 0.027094895763055283 -0.040375476303755292 -0.055911904541423411 0.014179335347932276 -0.087445025890732359 0.0025536646503276973 -0.049813307648477495 -0.074415622750289442 -0.035041758896106771 -0.0075787859729371885 0.035976282906867628 0.027754684643174068 -0.06496512399587126 0.049986068609234074 -0.0064733436216620312 -0.048973565381039641 -0.019808133696423921 -0.04094055018347164 -0.016664761762537592 -0.0576582098839633 -0.033509011960671124 -0.0056892692646252499 0.0017594501738762175 -0.078115903550489418 -0.0080222217584356211 0.038913061521969987
leaf_weight=185276 2276 343426 18655 8991 123642 9913 10501 237066 35066 47820 21328 7447 4560 24897 16469 47642 9938 2737 54125 12883 43022 1711 2266 14408 3825 75014 1694 14368 22947 3267
leaf_count=185276 2276 343426 18655 8991 123642 9913 10501 237066 35066 47820 21328 7447 4560 24897 16469 47642 9938 2737 54125 12883 43022 1711 2266 14408 3825 75014 1694 14368 22947 3267
internal_value=0 0.00535089 -0.00109491 -0.0212439 0.0135845 0.00146826 -0.023764 0.0021026 -0.0300414 0.00559265 -0.0385153 -0.0236568 -0.0167235 -0.00331482 -0.00103846 0.00828842 -0.0116013 -0.0106488 0.00555726 -0.0276924 -0.0117664 -0.0386296 -0.0049164 -0.0242539 -0.0193041 -0.00713672 -0.0410327 -0.0404981 -0.00344408 -0.00541769
internal_weight=0 1.18694e+06 665750 220237 521193 598121 67629 588208 115165 357741 31829 80099 56740 230467 201745 284708 105072 35800 177767 22821 49293 6271 73033 17145 28722 82251 3970 23359 70767 78281
internal_count=1407180 1186943 665750 220237 521193 598121 67629 588208 115165 357741 31829 80099 56740 230467 201745 284708 105072 35800 177767 22821 49293 6271 73033 17145 28722 82251 3970 23359 70767 78281
is_linear=0
shrinkage=0.1


Tree=14
num_leaves=31
num_cat=0
split_feature=0 10 4 6 2 3 137 64 64 62 4 6 3 4 64 20 12 3 127 4 20 3 123 20 6 64 137 3 2 20
split_gain=11511.9 6617.31 3977.55 1625.5 1605.4 1504.09 1141.55 1117.24 1006.39 910.746 898.865 834.672 799.716 784.698 753.356 746.465 700.392 577.204 546.15 907.432 542.639 857.067 597.755 554.288 535.238 497.719 484.575 1096.85 522.54 898.99
threshold=2727637.5000000005 1.0000000180025095e-35 49796.785000000011 4.416666666666667 333266.21500000003 270331.48500000004 30661.000000000004 1.1505586213103591 0.027570526994806121 27.500000000000004 18097.390000000003 4.416666666666667 333743.86000000004 1.2650000000000003 0.21307726849897196 1.0000000180025095e-35 1.0000000180025095e-35 270331.48500000004 0.13392857142857145 0.8650000000000001 6.5000000000000009 8.3050000000000015 1160979.0000000002 10.500000000000002 4.8333333333333348 0.22580496652418036 1551.0000000000002 252.09 89.160000000000011 1.5000000000000002
decision_type=2 2 2 2 2 2 2 2 2 2 2 2 2 2 2 2 2 2 2 2 2 2 2 2 2 2 2 2 2 2
left_child=1 2 5 8 -3 6 9 11 12 20 14 17 -4 -7 -11 -13 -12 -2 -17 -20 22 23 26 -22 -24 -15 -1 28 -28 -30
right_child=7 4 3 -5 -6 13 -8 -9 -10 10 16 15 -14 25 -16 18 -18 -19 19 -21 21 -23 24 -25 -26 -27 27 -29 29 -31
leaf_value=0.012629883437323165 -0.015281877687431673 0.093510299565961227 0.0058599272340473475 -0.031629217096552094 0.015215479387965103 -0.043888722300017217 -0.012100774587632849 -0.076634142714651313 -0.053683376007966535 0.033094122244912934 -0.0083665227162305345 -0.062382287787473151 -0.056235982668492834 0.0029952063277162797 0.0078103568192015365 -0.017827458508530653 0.060859278154194445 -0.078893377332200809 -0.036358541058047186 -0.027504275115802813 -0.045385165100846447 -0.0006895796951867484 0.0015854703897577472 -0.058416940524322419 -0.020670603517757225 -0.021058715653171443 -0.019616227691533716 0.029928206140967684 0.015769096753305411 -0.060909414384468147
leaf_weight=182479 12459 343426 5667 69866 177767 9186 147880 35990 14703 51029 17995 8358 3483 14823 105135 48943 1981 14329 1636 15368 12136 53263 1047 4591 1562 16972 6220 22312 1876 4698
leaf_count=182479 12459 343426 5667 69866 177767 9186 147880 35990 14703 51029 17995 8358 3483 14823 105135 48943 1981 14329 1636 15368 12136 53263 1047 4591 1562 16972 6220 22312 1876 4698
internal_value=0 0.00408813 -0.00193342 -0.0212026 0.0127405 0.000822882 0.00206051 -0.0264146 -0.0437419 0.00448825 0.0101606 -0.021028 -0.0177041 -0.0177261 0.0127155 -0.0155722 -0.00981292 -0.0361614 -0.012004 -0.0274434 0.00104517 -0.00662497 0.00348317 -0.0263716 -0.0440981 -0.0102883 0.00405371 -0.00670554 -0.0300482 -0.0497061
internal_weight=0 1.2701e+06 748904 93719 521193 655185 614204 137083 23853 466324 176140 101093 9150 40981 156164 74305 19976 26788 65947 17004 290184 69990 220194 16727 2609 31795 217585 35106 12794 6574
internal_count=1407180 1270097 748904 93719 521193 655185 614204 137083 23853 466324 176140 101093 9150 40981 156164 74305 19976 26788 65947 17004 290184 69990 220194 16727 2609 31795 217585 35106 12794 6574
is_linear=0
shrinkage=0.1


Tree=15
num_leaves=31
num_cat=0
split_feature=0 10 3 3 3 0 6 4 3 64 2 3 63 124 92 127 5 64 64 6 134 2 137 5 0 64 62 137 2 6
split_gain=10242.1 3499.4 3126.86 2159.44 1590.31 1338.87 1202.17 1158.61 1097.26 983.36 881.806 811.421 795.94 1029.73 668.994 667.925 626.975 620.018 588.34 594.173 579.806 509.943 509.407 496.345 495.548 481.246 470.985 808.397 462.863 438.909
threshold=394317.50000000006 1.0000000180025095e-35 252564.32000000004 83091.910000000018 145680.95000000004 4224192.0000000009 6.5833333333333348 4420.6800000000012 11336.355000000001 0.14939338258782234 12960.960000000001 613306.40500000014 0.69480023580639572 8.5000000000000018 0.04083333333333334 0.27922077922077926 3.0000000000000004 1.7429861224285921 0.080000101995863368 4.416666666666667 1090291.5000000002 13697.675000000001 200027.50000000003 1.5000000000000002 1099236.5000000002 0.56008746854598124 824237.50000000012 800574.50000000012 400704.4150000001 1.7500000000000002
decision_type=2 2 2 2 2 2 2 2 2 2 2 2 2 2 2 2 2 2 2 2 2 2 2 2 2 2 2 2 2 2
left_child=1 3 5 10 -3 7 -4 8 22 28 23 14 13 21 -5 17 -17 -7 -14 -20 -6 -10 -2 -1 -21 -8 27 -11 -9 -23
right_child=2 4 6 11 20 15 25 9 12 26 -12 -13 18 -15 -16 16 -18 -19 19 24 -22 29 -24 -25 -26 -27 -28 -29 -30 -31
leaf_value=0.10041026376763806 -0.007393605831515603 0.097829666414174676 -0.065599074436422475 -0.013004459668072777 0.024263711248159049 -0.01550116504289497 -0.029023248250675704 -0.004044985690596717 0.043905230496679229 -0.01446572830876946 0.021230068667003433 -0.058644132563946433 0.020451161773463834 -0.031223408845022945 0.0025231910467174152 -0.023941886773362644 -0.036408263247568406 -0.050652324332813727 0.012445957993631065 0.01384428897059169 -0.0064808557318035481 0.0076474861824355703 -0.053145139622558603 -0.0050093351801771165 -0.0042373749056019688 -0.069446759531388666 -0.010769630374698105 -0.022306946845056092 0.043148426141262075 -0.0090396074529175974
leaf_weight=56232 1583 266990 52807 70544 196338 19927 33321 29204 2772 31852 131770 8941 15679 1621 32096 2224 6712 5429 8549 16030 57865 2563 2456 228315 24870 23023 21582 5547 2963 47375
leaf_count=56232 1583 266990 52807 70544 196338 19927 33321 29204 2772 31852 131770 8941 15679 1621 32096 2224 6712 5429 8549 16030 57865 2563 2456 228315 24870 23023 21582 5547 2963 47375
internal_value=0 0.00595016 -0.0136368 0.00021145 0.0117627 -0.00744914 -0.0277489 -0.00451784 0.00179393 -0.0130698 0.0035226 -0.0121427 0.00352715 -0.00540983 -0.0096258 -0.0257971 -0.0493063 -0.017512 0.0109825 0.00563061 0.00610163 -0.00299558 -0.0494683 0.000390712 0.000619045 -0.0175889 -0.0207404 -0.0275288 0.000995015 -0.00531295
internal_weight=0 1.04909e+06 358089 527898 521193 248938 109151 214646 123498 91148 416317 111581 119459 54331 102640 34292 8936 25356 65128 49449 254203 52710 4039 284547 40900 56344 58981 37399 32167 49938
internal_count=1407180 1049091 358089 527898 521193 248938 109151 214646 123498 91148 416317 111581 119459 54331 102640 34292 8936 25356 65128 49449 254203 52710 4039 284547 40900 56344 58981 37399 32167 49938
is_linear=0
shrinkage=0.1


Tree=16
num_leaves=31
num_cat=0
split_feature=0 10 4 0 3 64 3 3 62 123 64 4 4 6 6 3 122 4 124 134 123 3 62 6 6 126 8 5 137 1
split_gain=9196.35 4056.14 2742.83 1608.03 1570.05 1065.23 925.62 841.962 973.907 1301.03 972.753 789.365 757.784 713.962 696.075 659.278 1324.92 606.104 571.093 549.829 548.282 470.9 468.866 462.49 444.685 406.047 384.754 378.866 373.182 361.733
threshold=1329140.0000000002 1.0000000180025095e-35 48072.870000000003 6770101.5000000009 121516.18000000001 0.041014716611929659 620188.49500000023 259244.62000000002 824237.50000000012 3526762.5000000005 0.046757935066650005 11723.540000000003 1.0000000180025095e-35 6.5833333333333348 4.416666666666667 49871.80000000001 1.0000000180025095e-35 9042.5150000000012 4.5000000000000009 1384522.5000000002 13617.500000000002 220514.26000000004 5053564.0000000009 5.7500000000000009 5.166666666666667 0.059027777777777783 1.0000000180025095e-35 3.0000000000000004 800574.50000000012 5053564.0000000009
decision_type=2 2 2 2 2 2 2 2 2 2 2 2 2 2 2 2 2 2 2 2 2 2 2 2 2 2 2 2 2 2
left_child=1 2 6 7 -3 21 12 8 9 11 24 18 15 -9 -7 16 -1 20 -2 -6 -14 -4 -5 -24 -10 -17 -23 -20 -19 -12
right_child=3 4 5 22 19 14 -8 13 10 -11 29 -13 17 -15 -16 25 -18 28 27 -21 -22 26 23 -25 -26 -27 -28 -29 -30 -31
leaf_value=-0.00715887772226127 -0.0042654448893216616 0.093869692097586291 0.0043077017149103104 -0.094064041763126022 0.023736723420744756 -0.042999729852010983 -0.041007985996879416 -0.046885797789075791 0.015446470258345564 -0.021377745923598594 -0.0056607505770843456 -0.02833927684656597 0.011084670644783535 -0.035977609910047927 -0.039707802995689226 -0.0065762896591495318 0.032472062326069966 -0.0019447643685666345 -0.018387233383709858 -0.0063722812846729766 0.02156131529952561 0.048073647103118428 -0.11137699634448645 -0.024373267895048227 0.010171634352807546 -0.027197944871285636 -0.04595637773474081 0.0030265962837290996 -0.01168720016682087 -0.03643907474897836
leaf_weight=184928 23669 240306 19132 33570 222934 10503 5597 21810 2559 2642 60586 9306 240887 27028 21505 25945 15611 69997 1905 57953 48020 2744 6450 11486 17562 4024 14624 838 2233 826
leaf_count=184928 23669 240306 19132 33570 222934 10503 5597 21810 2559 2642 60586 9306 240887 27028 21505 25945 15611 69997 1905 57953 48020 2744 6450 11486 17562 4024 14624 838 2233 826
internal_value=0 0.00447909 -0.000693233 -0.0177705 0.011086 -0.0196449 0.00148067 -0.0130495 -0.00854104 -0.0216809 -0.00235896 -0.0166721 0.00186357 -0.0241175 -0.0329608 -0.00261599 -0.000548574 0.0047228 -0.00784791 0.00600938 0.00677121 -0.00796784 -0.0332363 -0.0201833 0.0167236 -0.0164502 -0.0198891 -0.0510426 -0.00347048 -0.00861116
internal_weight=0 1.18694e+06 665750 220237 521193 68508 597242 168731 119893 38360 81533 35718 591645 48838 32008 230508 200539 361137 26412 280887 288907 36500 51506 17936 20121 29969 17368 2743 72230 61412
internal_count=1407180 1186943 665750 220237 521193 68508 597242 168731 119893 38360 81533 35718 591645 48838 32008 230508 200539 361137 26412 280887 288907 36500 51506 17936 20121 29969 17368 2743 72230 61412
is_linear=0
shrinkage=0.1


Tree=17
num_leaves=31
num_cat=0
split_feature=0 10 4 3 6 64 3 137 5 123 4 64 2 4 62 64 4 134 3 64 0 20 6 12 52 3 3 127 3 4
split_gain=8192.25 4345.57 2909.16 1551.37 1371.25 914.893 913.013 842.63 729.711 1050.38 690.603 627.949 573.713 559.879 678.229 555.5 526.746 501.76 492.264 454.01 439.473 424.861 579.976 422.665 406.797 403.243 406.626 383.903 449.096 637.881
threshold=2786328.5000000005 1.0000000180025095e-35 72429.015000000014 100544.35000000002 4.166666666666667 1.1505586213103591 274837.91500000004 30661.000000000004 3.0000000000000004 3809396.0000000005 1.2650000000000003 0.031300515784653628 1.3150000000000002 13880.995000000001 27.500000000000004 0.11364660127606974 10866.050000000001 1128128.0000000002 325346.57500000007 0.67488298069544717 7.5000000000000009 1.0000000180025095e-35 4.416666666666667 1.0000000180025095e-35 5.7705911147883742e-07 341610.97500000003 96213.185000000012 0.88194444444444453 42483.400000000009 0.42500000000000004
decision_type=2 2 2 2 2 2 2 2 2 2 2 2 2 2 2 2 2 2 2 2 2 2 2 2 2 2 2 2 2 2
left_child=1 2 6 -3 11 8 7 12 9 25 -8 18 -1 14 27 -16 19 -5 -4 -10 -12 -18 -23 -15 -6 26 -2 28 -14 -30
right_child=5 3 4 17 24 -7 10 -9 16 -11 20 -13 13 23 15 -17 21 -19 -20 -21 -22 22 -24 -25 -26 -27 -28 -29 29 -31
leaf_value=-0.013737074383128307 -0.096801895751612896 0.088422160754038623 0.0041804428893823355 0.023096065913348743 -0.034946415214555639 -0.058074151084334807 -0.035383531691612617 -0.009262942057209754 0.0042769958300276556 -0.025569680752017199 0.019939391052681221 -0.048464234299055144 0.013762820143146726 -0.0067332045070844504 0.031775884697630374 0.0076596089083823763 -0.0658004319112903 -0.0049610096738936793 -0.043442818925460785 -0.020888642699196252 -0.010507964499402367 -0.058574799604154994 -0.026509944031271923 0.032510242799502646 0.023642217155938932 -0.065371060932796876 0.00092474632662111552 0.0088981149967243007 -0.008439999331827994 0.0022036550829674486
leaf_weight=24749 1925 219956 4119 237112 52307 35614 9015 153335 22597 3747 2605 13027 185078 49210 35162 117426 6422 64125 3491 17332 30274 8845 24170 4927 4830 5874 7015 11073 17881 33937
leaf_count=24749 1925 219956 4119 237112 52307 35614 9015 153335 22597 3747 2605 13027 185078 49210 35162 117426 6422 64125 3491 17332 30274 8845 24170 4927 4830 5874 7015 11073 17881 33937
internal_value=0 0.00343054 -0.00143087 0.010449 -0.0197445 -0.0226038 0.000680276 0.00162682 -0.0176122 -0.0354623 -0.0136166 -0.0418386 0.00369052 0.00449756 0.0057876 0.0110332 -0.0134377 0.00578696 -0.0190159 -0.00534128 -0.00689364 -0.0216351 -0.0170573 -0.00504736 -0.0117645 -0.0234983 -0.0101248 0.00255972 0.00170904 -0.0065196
internal_weight=0 1.27364e+06 752446 521193 77774 133541 674672 632778 97927 18561 41894 20637 479443 454694 400557 152588 79366 301237 7610 39929 32879 39437 33015 54137 57137 14814 8940 247969 236896 51818
internal_count=1407180 1273639 752446 521193 77774 133541 674672 632778 97927 18561 41894 20637 479443 454694 400557 152588 79366 301237 7610 39929 32879 39437 33015 54137 57137 14814 8940 247969 236896 51818
is_linear=0
shrinkage=0.1


Tree=18
num_leaves=31
num_cat=0
split_feature=0 10 4 3 0 6 3 51 4 137 6 3 122 4 62 123 64 124 62 6 2 3 134 4 62 6 64 3 4 20
split_gain=7283.58 3240.09 2131.19 1499.52 1355.75 852.684 791.873 693.691 760.001 609.468 582.784 486.049 1101.52 526.577 457.835 1303.78 841.522 519.057 505.725 455.618 446.764 439.655 437.728 434.707 413.457 414.163 361.44 374.859 360.423 354.213
threshold=1449597.5000000002 1.0000000180025095e-35 82349.755000000019 93846.770000000019 6770101.5000000009 6.5833333333333348 600848.99000000011 1.0000000180025095e-35 104898.07500000003 46876.500000000007 5.7500000000000009 43625.525000000001 1.0000000180025095e-35 0.42500000000000004 824237.50000000012 3989927.0000000005 0.10155646986649239 7.5000000000000009 824126.50000000012 5.7500000000000009 1.3150000000000002 211432.30000000002 593929.00000000012 3110.3150000000005 5053564.0000000009 5.166666666666667 0.025828027247512153 236789.92500000002 4759.3900000000003 6.5000000000000009
decision_type=2 2 2 2 2 2 2 2 2 2 2 2 2 2 2 2 2 2 2 2 2 2 2 2 2 2 2 2 2 2
left_child=1 2 6 -3 7 26 9 8 14 11 -10 12 20 -13 15 17 19 18 -2 -16 29 -18 -5 -15 -6 -26 27 -4 -14 -1
right_child=4 3 5 22 24 -7 -8 -9 10 -11 -12 13 28 23 16 -17 21 -19 -20 -21 -22 -23 -24 -25 25 -27 -28 -29 -30 -31
leaf_value=0.00095569924577313531 -0.0073506736494716078 0.081122798987716793 0.0060535793125158204 0.02214680388587267 -0.079881641442861015 -0.020094238029450304 -0.025398197910701199 0.03315560830085356 -0.060797020702172827 -0.0091677139807390794 -0.060321633678247492 -0.0064696124212229589 0.037307042863379915 0.0054739830579434547 0.014665730499529246 -0.019639506040002808 -0.0038507595649205761 -0.017829193086039578 -0.018161813304434404 0.0041458365024299613 0.014704637666651178 -0.02790123289038221 -0.0029382668608011644 -0.0044501937755710421 -0.097661502723743396 -0.019558300107181945 -0.047172824789975587 -0.042037233045660198 0.0041415656795947614 -0.051860604715863762
leaf_weight=13406 28711 212861 3766 232139 33570 27558 12352 5273 10332 120730 18758 24428 42242 71455 3243 2775 42907 3186 1613 21986 254807 19528 76193 57216 6339 11597 15075 5006 16785 11343
leaf_count=13406 28711 212861 3766 232139 33570 27558 12352 5273 10332 120730 18758 24428 42242 71455 3243 2775 42907 3186 1613 21986 254807 19528 76193 57216 6339 11597 15075 5006 16785 11343
internal_value=0 0.00392429 -0.000642775 0.00984936 -0.0162739 -0.0202149 0.000967603 -0.0116889 -0.0129176 0.00147321 -0.027464 0.00303643 0.00515066 -0.00163925 -0.00950369 -0.0189504 -0.00559361 -0.0134955 -0.00946141 0.00981935 0.00252973 -0.0118217 0.00539265 0.000916092 -0.0303667 -0.0181093 -0.0340601 -0.0179209 0.0175636 -0.0102975
internal_weight=0 1.19736e+06 676169 521193 209818 51405 624764 158312 153039 612412 29090 491682 338583 153099 123949 36285 87664 33510 30324 25229 279556 62435 308332 128671 51506 17936 23847 8772 59027 24749
internal_count=1407180 1197362 676169 521193 209818 51405 624764 158312 153039 612412 29090 491682 338583 153099 123949 36285 87664 33510 30324 25229 279556 62435 308332 128671 51506 17936 23847 8772 59027 24749
is_linear=0
shrinkage=0.1


Tree=19
num_leaves=31
num_cat=0
split_feature=0 10 4 2 0 6 3 4 62 124 64 64 127 3 5 6 4 4 62 6 123 3 20 2 3 3 20 137 20 14
split_gain=6265.64 2820.57 1789.58 1455.57 1133.89 741.608 674.275 649.897 617.631 932.284 926.723 530.642 523.03 649.348 536.738 487.559 428.427 535.833 425.587 425.006 371.094 360.768 506.997 908.393 377.037 676.448 374.517 662.195 358.603 355.249
threshold=1449597.5000000002 1.0000000180025095e-35 82349.755000000019 157585.50000000003 5220316.5000000009 6.5833333333333348 606555.01500000013 169279.49000000002 824237.50000000012 5.5000000000000009 0.046757935066650005 1.0003949229956695 0.60555555555555574 40447.470000000008 1.5000000000000002 2.2500000000000004 0.28500000000000009 9042.5150000000012 824126.50000000012 4.416666666666667 1876864.0000000002 7946.1500000000005 10.500000000000002 35.420000000000009 13937.940000000001 19857.690000000006 1.0000000180025095e-35 341388.00000000006 1.0000000180025095e-35 1.0000000180025095e-35
decision_type=2 2 2 2 2 2 2 2 2 2 2 2 2 2 2 2 2 2 2 2 2 2 2 2 2 2 2 2 2 2
left_child=1 2 6 -3 7 -4 12 8 9 18 -10 15 14 -14 -1 -6 21 -18 -2 -9 -11 22 29 -24 26 -26 -23 -28 -17 -16
right_child=4 3 5 -5 11 -7 -8 19 10 20 -12 -13 13 -15 16 28 17 -19 -20 -21 -22 24 23 -25 25 -27 27 -29 -30 -31
leaf_value=0.032694024079363497 -0.0089516914428421097 0.07158615881367654 -0.033057145483432179 0.01200759590343572 -0.051100765690587635 -0.018084814226505274 -0.024276767138251068 -0.068355327464887067 0.011614192559234649 -0.011330761380876181 -0.0063042724779626249 -0.076971128315027351 0.027969109017859962 0.00074380786358366072 -0.0098155466636346399 -0.050238505127290528 0.0079718888636328266 -0.0051052671944311068 -0.016345631973990967 -0.060328814166943467 -0.022101113782372485 0.1205851399268385 -0.050063158201889807 -0.003341952918083313 0.036656843877778698 -0.023730932948364772 -0.038016230515033236 -0.049319518276833667 -0.029921674951039326 0.016880327057378307
leaf_weight=77730 30002 236240 23847 284953 6420 27558 10568 6200 22886 1878 61790 23333 28788 45080 58024 6929 205848 72073 1613 11642 2554 890 4655 8271 11142 28882 11390 3371 34571 58052
leaf_count=77730 30002 236240 23847 284953 6420 27558 10568 6200 22886 1878 61790 23333 28788 45080 58024 6929 205848 72073 1613 11642 2554 890 4655 8271 11142 28882 11390 3371 34571 58052
internal_value=0 0.0037235 -0.000537657 0.0092517 -0.0150102 -0.0184728 0.000938026 -0.00973863 -0.0071058 -0.0180684 -0.00243895 -0.0252617 0.00136895 0.00926138 0.000289983 -0.0192399 -0.00100196 0.00147878 -0.0120471 -0.0275529 -0.0610207 -0.00473525 -0.00183163 -0.020618 -0.0114631 -0.00631705 -0.0246229 -0.0284214 -0.0152726 0.000260388
internal_weight=0 1.19736e+06 676169 521193 209818 51405 624764 138565 120723 36047 84676 71253 614196 73868 540328 47920 462598 277921 31615 17842 4432 184677 129002 12926 55675 40024 15651 14761 41500 116076
internal_count=1407180 1197362 676169 521193 209818 51405 624764 138565 120723 36047 84676 71253 614196 73868 540328 47920 462598 277921 31615 17842 4432 184677 129002 12926 55675 40024 15651 14761 41500 116076
is_linear=0
shrinkage=0.1


Tree=20
num_leaves=31
num_cat=0
split_feature=1 3 20 3 3 0 64 63 123 4 123 6 6 2 137 20 124 20 4 6 64 3 92 64 123 4 4 62 13 137
split_gain=5400.6 2835.49 1183.2 1244.01 766.497 668.465 728.298 1144.27 1140.13 1105.68 716.683 656.34 604.834 541.876 1405.99 727.282 522.527 511.781 502.465 444.632 436.423 415.368 403.221 395.359 391.354 389.36 389.115 383.726 363.904 616.447
threshold=58824.500000000007 249916.38500000004 1.0000000180025095e-35 230389.64000000004 207842.68500000003 60005.000000000007 0.4285698337702159 0.41532924267253085 4282805.5000000009 1843.0600000000002 131128.00000000003 6.5833333333333348 1.7500000000000002 260.29000000000002 3142.5000000000005 6.5000000000000009 10.500000000000002 10.500000000000002 80501.270000000004 4.416666666666667 0.56008746854598124 270331.48500000004 0.011863401787992969 0.084101854042329907 246691.00000000003 31385.510000000006 13880.995000000001 2249625.0000000005 845125.50000000012 800574.50000000012
decision_type=2 2 2 2 2 2 2 2 2 2 2 2 2 2 2 2 2 2 2 2 2 2 2 2 2 2 2 2 2 2
left_child=2 5 3 -1 13 -2 7 8 12 19 28 18 -7 14 15 -4 -14 -16 21 27 -13 -3 -6 -9 -18 -12 -24 -8 29 -11
right_child=1 11 4 -5 22 6 9 23 -10 10 25 20 16 -15 17 -17 24 -19 -20 -21 -22 -23 26 -25 -26 -27 -28 -29 -30 -31
leaf_value=0.047077632196224878 -0.041593858375644964 0.0070410183396747046 0.017712830420354587 0.0040743387980560989 -0.021334427576322673 0.0085744309423858092 0.016977736541957823 0.015640020831769918 -0.01371292821102346 -0.0081437732393644432 -0.01307814136972525 -0.017417396289726009 -0.0070096841599645984 0.012454181870958559 -0.05340149455027008 -0.038155631442264325 -0.0053744257079363922 -0.0075412616118585496 -0.069537245124559846 -0.00048478932686042681 -0.042333142973746074 -0.021747307371289753 0.0097796541781269078 0.0011176375528538385 -0.024983232086984164 -0.042741381360911157 -0.025272942480374885 -0.018098855961661837 0.0091907153238733382 -0.012203183554200581
leaf_weight=389874 2024 3775 53475 193703 21352 4584 6928 59893 2256 48180 17142 39307 137769 187980 5410 23842 1724 2021 33988 40226 26648 22829 8937 43025 2120 7743 6017 611 10842 2955
leaf_count=389874 2024 3775 53475 193703 21352 4584 6928 59893 2256 48180 17142 39307 137769 187980 5410 23842 1724 2021 33988 40226 26648 22829 8937 43025 2120 7743 6017 611 10842 2955
internal_value=0 -0.00725468 0.00560834 0.00825777 0.000605189 -0.00301542 -0.00271487 0.000463984 -0.00515371 -0.00865032 -0.0153706 -0.0202532 -0.00406507 0.00242228 -0.00421632 -0.000223189 -0.0052223 -0.0457634 -0.0277669 0.00357072 -0.0133505 -0.0174741 -0.0130447 0.00856717 -0.0415876 -0.0297055 -0.000451829 0.0258572 -0.00961486 -0.0131432
internal_weight=0 514569 892611 583577 309034 388022 385998 251371 148453 134627 86862 126547 146197 272728 84748 77317 141613 7431 60592 47765 65955 26604 36306 102918 3844 24885 14954 7539 61977 51135
internal_count=1407180 514569 892611 583577 309034 388022 385998 251371 148453 134627 86862 126547 146197 272728 84748 77317 141613 7431 60592 47765 65955 26604 36306 102918 3844 24885 14954 7539 61977 51135
is_linear=0
shrinkage=0.1


Tree=21
num_leaves=31
num_cat=0
split_feature=0 10 3 3 0 51 4 127 3 3 15 123 0 134 62 5 137 3 4 137 6 3 2 4 92 4 95 146 138 137
split_gain=4727.93 2156.89 1444.76 1365.28 923.748 583.25 611.198 534.509 590.974 453.896 423.3 593.544 419.907 402.596 364.295 356.416 390.262 445.448 413.547 324.757 322.808 321.29 302.117 328.84 287.939 285.501 280.694 272.441 268.31 292.605
threshold=1500048.0000000002 1.0000000180025095e-35 81554.10500000001 274837.91500000004 6770101.5000000009 1.0000000180025095e-35 12871.750000000002 0.60555555555555574 24417.235000000004 643741.83500000008 1.0000000180025095e-35 4735215.0000000009 7.5000000000000009 593929.00000000012 6765673.5000000009 1.5000000000000002 4.5000000000000009 50974.075000000004 0.29500000000000004 3140392.5000000005 2.2500000000000004 799557.52000000014 1.3150000000000002 55318.500000000007 3.8999286702624156e-05 156.45000000000002 1.0000000180025095e-35 176809.00000000003 3.5000000000000004 3142.5000000000005
decision_type=2 2 2 2 2 2 2 2 2 2 2 2 2 2 2 2 2 2 2 2 2 2 2 2 2 2 2 2 2 2
left_child=1 3 -3 7 5 6 10 15 -9 12 20 -12 -5 -4 19 24 17 27 -19 -6 -2 -16 -18 28 -1 -20 -27 -17 -24 -30
right_child=4 2 13 9 14 -7 -8 8 -10 -11 11 -13 -14 -15 21 16 22 18 25 -21 -22 -23 23 -25 -26 26 -28 -29 29 -31
leaf_value=0.037757903870996659 0.004446305626642541 0.065583303195962728 0.016672726950356376 0.016616040486342378 -0.064561726221579699 0.03156688856478642 -0.024111210392565401 0.031406558130476749 0.0017102261119081861 -0.058882095013458237 -0.0066376721745630175 -0.015126663106472879 -0.015633324209844021 -0.0056480475900395179 0.0039872504340013057 0.018288570025254025 -0.015713304399958414 -0.02021411527536764 0.01222736457614333 0.03228572529585029 -0.0033610040073137359 -0.093893883981947271 -0.034880899541106264 -0.015917060089004377 -0.014380637186167456 -0.0095696823843841369 0.02807971558474287 -0.10023624996797559 0.0050341080278772871 -0.0070814692034121291
leaf_weight=64662 4528 194487 247817 2788 37040 5206 59582 19531 53380 9080 10510 1418 49729 78889 7971 125123 14435 4149 18487 2087 73706 4408 1396 10935 16366 43244 2744 1184 65594 176704
leaf_count=64662 4528 194487 247817 2788 37040 5206 59582 19531 53380 9080 10510 1418 49729 78889 7971 125123 14435 4149 18487 2087 73706 4408 1396 10935 16366 43244 2744 1184 65594 176704
internal_value=0 0.00317948 0.00801895 -0.000532345 -0.0132028 -0.0093463 -0.0104903 0.000882843 0.00892398 -0.0147294 -0.00529673 -0.0228447 -0.01116 0.00395672 -0.0248047 -0.000192868 -0.00126151 0.00214578 -0.00433957 -0.0295352 -0.00262127 -0.00985296 -0.00373001 -0.00293218 0.00592655 -0.00237033 -0.00658942 0.00566934 -0.00217093 -0.00191907
internal_weight=0 1.20072e+06 521193 679531 206456 154950 149744 617934 72911 61597 90162 11928 52517 326706 51506 545023 463995 194931 68624 39127 78234 12379 269064 254629 81028 64475 45988 126307 243694 242298
internal_count=1407180 1200724 521193 679531 206456 154950 149744 617934 72911 61597 90162 11928 52517 326706 51506 545023 463995 194931 68624 39127 78234 12379 269064 254629 81028 64475 45988 126307 243694 242298
is_linear=0
shrinkage=0.1


Tree=22
num_leaves=31
num_cat=0
split_feature=0 20 4 3 6 64 3 0 13 137 3 4 5 123 137 1 137 3 2 137 20 6 20 64 3 4 20 122 6 124
split_gain=4137.25 2303.83 1761.81 942.576 561.059 522.409 493.382 463.997 601.682 597.514 581.738 555.515 446.83 733.054 436.863 399.734 884.711 394.958 673.05 1228.18 568.538 486.868 445.29 364.187 415.085 361.972 352.818 338.493 334.586 370.502
threshold=2976495.0000000005 1.0000000180025095e-35 87751.860000000015 241903.70000000004 6.5833333333333348 1.1505586213103591 625322.19000000006 21.500000000000004 67339.000000000015 41876.500000000007 1462.9600000000003 99536.755000000019 3.0000000000000004 4090151.5000000005 63122.000000000007 824237.50000000012 824078.00000000012 49871.80000000001 260.29000000000002 3142.5000000000005 6.5000000000000009 5.166666666666667 10.500000000000002 0.15155555782918456 674787.88000000012 0.42500000000000004 1.0000000180025095e-35 1.0000000180025095e-35 5.7500000000000009 7.5000000000000009
decision_type=2 2 2 2 2 2 2 2 2 2 2 2 2 2 2 2 2 2 2 2 2 2 2 2 2 2 2 2 2 2
left_child=1 3 6 7 -4 12 14 11 9 -9 -11 -1 13 -2 17 16 -16 18 19 20 -3 -20 -21 24 27 -19 28 -14 -25 -30
right_child=5 2 4 -5 -6 -7 -8 8 -10 10 -12 -13 23 -15 15 -17 -18 25 21 22 -22 -23 -24 26 -26 -27 -28 -29 29 -31
leaf_value=0.066208023719183134 -0.022264956153976001 0.015797233803313881 -0.029612857451539066 0.0020054804744568779 -0.022692864341694489 -0.038479473430691552 -0.031424244307453678 0.001394743638834739 0.02946111595023948 0.04414996535242513 -0.038517609884485347 0.020240887833811973 -0.039506189542571131 -0.016219001426059164 -0.014127340631502458 0.0068302873233147378 -0.012003346130809238 -0.005199303567144117 0.022455617916080396 -0.047384688843599268 -0.033668508951255283 0.01088469512035435 -0.006078988530331484 0.0061698807908739505 -0.055181485980804891 -0.00041053308752246473 -0.019108116124237975 0.010132350275304241 0.1125180048819166 -0.058412554145727429
leaf_weight=180443 13399 53475 26600 194125 27049 34446 5484 73399 21614 1144 2988 168394 6194 3576 75685 33004 4528 25026 51510 5410 23842 165200 2021 868 5120 139446 38860 21041 414 2875
leaf_count=180443 13399 53475 26600 194125 27049 34446 5484 73399 21614 1144 2988 168394 6194 3576 75685 33004 4528 25026 51510 5410 23842 165200 2021 868 5120 139446 38860 21041 414 2875
internal_value=0 0.00246373 -0.00179082 0.00669291 -0.0191342 -0.0164733 -0.000199291 0.00921503 0.00317828 -0.0009349 -0.0379349 0.0109308 -0.0125531 -0.0272106 8.33955e-05 -0.00548824 -0.00929969 0.00143725 0.0035878 -0.00396808 -0.000235994 0.00654264 -0.0427992 -0.00925196 -0.00123691 -0.00250444 -0.0152804 0.00367408 -0.04297 -0.0575445
internal_weight=0 1.28039e+06 638280 642107 53649 126793 584631 447982 99145 77531 4132 348837 92347 16975 579147 113217 80213 465930 301458 84748 77317 216710 7431 75372 32355 164472 43017 27235 4157 3289
internal_count=1407180 1280387 638280 642107 53649 126793 584631 447982 99145 77531 4132 348837 92347 16975 579147 113217 80213 465930 301458 84748 77317 216710 7431 75372 32355 164472 43017 27235 4157 3289
is_linear=0
shrinkage=0.1


Tree=23
num_leaves=31
num_cat=0
split_feature=0 3 7 3 3 6 6 0 4 64 123 123 4 62 124 64 4 64 63 2 63 4 134 127 6 64 64 6 4 123
split_gain=3529.01 1583.16 976.852 1215.99 802.862 636.786 529.178 434.869 423.023 780.2 604.607 531.444 735.649 446.207 657.639 429.889 405.541 542.506 391.992 389.97 558.297 382.399 350.661 344.424 335.869 335.481 312.168 291.974 273.407 285.294
threshold=182197.50000000003 270331.48500000004 1.0000000180025095e-35 72446.920000000027 341610.97500000003 3.8333333333333335 6.5833333333333348 6.5000000000000009 3997.6350000000007 0.19119047740461331 131128.00000000003 3334033.0000000005 2.1250000000000004 100014.00000000001 8.5000000000000018 0.62833468219632638 38826.81500000001 0.27309061179204847 0.89564723276046021 56052.900000000001 0.97482274868778007 0.28500000000000009 371865.00000000006 0.5590277777777779 4.8333333333333348 0.015725808193979382 0.50227503050609101 7.416666666666667 14587.040000000003 5750.0000000000009
decision_type=2 2 2 2 2 2 2 2 2 2 2 2 2 2 2 2 2 2 2 2 2 2 2 2 2 2 2 2 2 2
left_child=2 5 3 -1 21 16 -3 -6 11 18 19 13 -13 14 23 -12 -2 -18 -10 20 -11 24 -5 -7 -4 -15 -8 -22 29 -23
right_child=1 6 4 22 7 8 26 -9 9 10 15 12 -14 25 -16 -17 17 -19 -20 -21 27 28 -24 -25 -26 -27 -28 -29 -30 -31
leaf_value=0.057260375491020366 0.0066281919302281951 -0.034179751467176299 -0.0071183185537591932 0.015139690052064482 0.014602838654686085 -0.012449393520361507 -0.012619801113382243 -0.02185367979274655 -0.022259125305815426 0.013742043951695296 -0.0090273376788507116 -0.013422490142365656 -0.012548107166481552 0.029525150359627012 -0.020159220633853937 -0.024804102073322596 0.010965705605431413 -0.019578919541821171 0.008157918591300729 -0.0034571860389586494 -0.0037412535186014807 0.014085209864446214 -0.0047879742145876319 0.0043581685567635423 0.012102520025578279 0.0019908119982583578 -0.039182170708924845 -0.015333706446725215 -0.0045167195632360019 0.028899674570751266
leaf_weight=190742 17194 52020 114973 257314 2894 79393 32719 28250 16270 1366 9490 2177 6633 10226 2642 16672 2283 2716 33190 39125 2900 173570 91178 9093 64807 68868 22969 7519 31431 16556
leaf_count=190742 17194 52020 114973 257314 2894 79393 32719 28250 16270 1366 9490 2177 6633 10226 2642 16672 2283 2716 33190 39125 2900 173570 91178 9093 64807 68868 22969 7519 31431 16556
internal_value=0 -0.0067319 0.00410127 0.00694075 0.000560884 -0.00327542 -0.01725 -0.0149061 -0.00446331 -0.00888915 -0.0151796 -0.00133532 -0.0252841 -9.58312e-05 -0.0048657 -0.0275349 0.0130801 -0.01199 0.000913056 -0.00883036 -0.0247773 0.00176113 0.00342755 -0.00339779 -0.00166557 0.00539976 -0.0104755 -0.0326582 0.00454168 0.00596999
internal_weight=0 435465 971715 539234 432481 327757 107708 31144 305564 126532 77072 179032 8810 170222 91128 26162 22193 4999 49460 50910 11785 401337 348492 88486 179780 79094 55688 10419 221557 190126
internal_count=1407180 435465 971715 539234 432481 327757 107708 31144 305564 126532 77072 179032 8810 170222 91128 26162 22193 4999 49460 50910 11785 401337 348492 88486 179780 79094 55688 10419 221557 190126
is_linear=0
shrinkage=0.1


Tree=24
num_leaves=31
num_cat=0
split_feature=0 20 4 3 0 51 4 3 0 13 137 2 3 2 127 4 3 4 15 123 5 52 3 64 62 3 64 137 137 3
split_gain=3086.02 1493.47 1165.87 799.084 676.119 427.763 433.551 361.942 336.833 544.527 537.555 513.28 460.935 431.157 330.788 331.156 329.666 417.664 322.52 353.126 322.112 303.872 302.078 308.928 282.985 302.701 276.183 256.264 247.305 1044.97
threshold=1908073.5000000002 1.0000000180025095e-35 87751.860000000015 241903.70000000004 6770101.5000000009 1.0000000180025095e-35 104898.07500000003 698444.82000000018 45.500000000000007 67339.000000000015 41876.500000000007 80942.62000000001 1462.9600000000003 50.390000000000008 0.84523809523809534 4420.6800000000012 19857.690000000006 0.42500000000000004 1.0000000180025095e-35 4735215.0000000009 1.5000000000000002 5.7705911147883742e-07 220514.26000000004 0.010379763620947826 6765673.5000000009 799557.52000000014 0.74534196870293423 3140392.5000000005 3142.5000000000005 252.09
decision_type=2 2 2 2 2 2 2 2 2 2 2 2 2 2 2 2 2 2 2 2 2 2 2 2 2 2 2 2 2 2
left_child=1 3 7 8 5 6 18 14 11 10 13 -1 -12 -10 20 -16 -11 -18 -2 -20 -3 22 23 -4 27 -26 -17 -6 -22 -30
right_child=4 2 21 -5 24 -7 -8 -9 9 16 12 -13 -14 -15 15 26 17 -19 19 -21 28 -23 -24 -25 25 -27 -28 -29 29 -31
leaf_value=0.055682439748559 -0.0033334385556931662 0.021801223535392513 0.013504195214908615 0.0011424206972961315 -0.052216383276385017 0.030513866471049811 -0.041924539786575975 -0.052029605872895485 -0.045368083438654498 0.1023812615969556 0.040446800672558542 0.017592777095525713 -0.034376342796411122 0.0029270189644331631 0.010533135816611063 0.0064187660781099727 -0.10394294433152002 0.014001876359052735 -0.0083010818868146756 -0.010145723992960336 0.00058227374591417864 0.013947545781231885 -0.04478265244791884 -0.015061028706069405 0.0063222086094630314 -0.077996277046790907 -0.0090496477863989677 0.030461042693317255 -0.039948865899397723 -0.0044047200724778674
leaf_weight=164886 88213 66668 4763 191772 37040 4471 22581 1882 3650 10274 1144 191554 2953 61101 26078 7890 2693 7685 11281 1621 274134 3750 23622 10090 7971 4408 4108 2087 6651 160159
leaf_count=164886 88213 66668 4763 191772 37040 4471 22581 1882 3650 10274 1144 191554 2953 61101 26078 7890 2693 7685 11281 1621 274134 3750 23622 10090 7971 4408 4108 2087 6651 160159
internal_value=0 0.00252183 -0.00110517 0.0058763 -0.0115102 -0.00762145 -0.0087198 0.000129467 0.00819764 0.00271297 -0.00155905 0.00957481 -0.0366873 0.00066362 0.000280454 0.00927011 0.0169547 0.00438372 -0.00592206 -0.0206896 -0.000393861 -0.0171159 -0.0197643 -0.00858997 -0.021187 -0.00800899 -0.00447897 -0.0253562 -0.00137336 -0.00440932
internal_weight=0 1.22751e+06 589795 637712 179673 128167 123696 547570 445940 89500 68848 356440 4097 64751 545688 38076 20652 10378 101115 12902 507612 42225 38475 14853 51506 12379 11998 39127 440944 166810
internal_count=1407180 1227507 589795 637712 179673 128167 123696 547570 445940 89500 68848 356440 4097 64751 545688 38076 20652 10378 101115 12902 507612 42225 38475 14853 51506 12379 11998 39127 440944 166810
is_linear=0
shrinkage=0.1


Tree=25
num_leaves=31
num_cat=0
split_feature=0 3 3 4 6 13 51 6 3 123 3 64 3 3 46 21 4 64 146 4 126 4 6 13 137 20 2 2 20 62
split_gain=2582.75 1574.16 730.05 952.948 647.217 502.456 479.615 355.259 338.421 476.901 503.728 408.644 333.284 307.396 315.58 280.433 268.683 378.782 267.378 272.505 254.606 247.984 244.153 339.019 477.832 380.22 318.92 307.859 239.653 309.262
threshold=42802.500000000007 270331.48500000004 191862.25500000003 0.29500000000000004 3.5833333333333335 103.50000000000001 1.0000000180025095e-35 20.416666666666668 54180.205000000009 201.50000000000003 15002.430000000002 0.66231034138010036 845426.07500000007 68834.155000000013 1.0000000180025095e-35 2.5000000000000004 38826.81500000001 0.31313837997736588 146930.50000000003 213713.83500000005 1.0000000180025095e-35 2539.7350000000001 4.8333333333333348 13296.500000000002 3840.5000000000005 10.500000000000002 2455.7450000000003 35.420000000000009 1.5000000000000002 2545648.0000000005
decision_type=2 2 2 2 2 2 2 2 2 2 2 2 2 2 2 2 2 2 2 2 2 2 2 2 2 2 2 2 2 2
left_child=2 4 3 22 16 -4 7 18 9 -6 -11 -12 -8 14 -5 20 -2 -18 19 28 -10 -13 23 24 25 -1 -26 -27 29 -3
right_child=1 6 5 13 8 -7 12 -9 15 10 11 21 -14 -15 -16 -17 17 -19 -20 -21 -22 -23 -24 -25 26 27 -28 -29 -30 -31
leaf_value=-0.00042050617425426484 0.0066639521940073058 -0.016240705464972711 0.0018993884974996434 0.032904135805155922 -0.0049387129862915082 -0.016156468538442253 0.020527197361031927 0.018152026575776407 -0.0044265696010416331 0.033698257789722796 0.0085635962070698349 0.00096206087871304475 -0.045898625090502819 0.012908924335882378 0.068026678989035097 0.023330859473420104 0.0098103208720077585 -0.016002932302038936 0.12164017240516208 -0.069498478707016725 -0.020224070194530219 -0.010735730453678691 0.017987732153090397 0.029897308345138353 -0.036306338136894767 -0.03495429615673655 0.065919119013130661 -0.0013592845685006295 -0.017073393469594206 -0.055216690485382039
leaf_weight=63446 20463 8430 241869 205030 162280 16672 6067 7557 184849 11571 27456 7960 1241 167322 72832 5523 2523 2850 2171 29632 5546 6383 51483 13521 9332 5254 2567 4023 54193 7134
leaf_count=63446 20463 8430 241869 205030 162280 16672 6067 7557 184849 11571 27456 7960 1241 167322 72832 5523 2523 2850 2171 29632 5546 6383 51483 13521 9332 5254 2567 4023 54193 7134
internal_value=0 -0.00460027 0.00416903 0.00609739 -0.00184973 -0.000267435 -0.0149339 -0.016595 -0.0028135 -8.03123e-05 0.00811987 0.00300833 0.00986714 0.00841788 0.010457 -0.00582197 0.0135032 -0.00639819 -0.0181514 -0.0189098 -0.00646634 -0.0106717 -0.000806785 -0.00373248 -0.00608182 -0.00304223 -0.0246589 -0.0219517 -0.015497 -0.0264343
internal_weight=0 553829 853351 594810 437404 258541 116425 109117 411568 215650 53370 41799 7308 445184 277862 195918 25836 5373 101560 99389 190395 14343 149626 98143 84622 72723 11899 9277 69757 15564
internal_count=1407180 553829 853351 594810 437404 258541 116425 109117 411568 215650 53370 41799 7308 445184 277862 195918 25836 5373 101560 99389 190395 14343 149626 98143 84622 72723 11899 9277 69757 15564
is_linear=0
shrinkage=0.1


Tree=26
num_leaves=31
num_cat=0
split_feature=0 20 4 3 4 3 6 13 3 3 3 64 5 124 3 137 64 146 3 3 134 6 20 52 4 64 137 3 122 0
split_gain=2331 1396.87 1214.45 697.143 511.283 381.812 406.504 404.795 374.435 525.923 1079.23 366.863 376.138 497.413 352.135 349.213 308.207 302.535 299.973 295.682 292.015 284.873 282.579 263.254 256.774 242.044 240.616 343.913 407.797 355.364
threshold=4224192.0000000009 1.0000000180025095e-35 91941.040000000008 57483.480000000003 1.6150000000000004 643741.83500000008 2.8333333333333335 528828.50000000012 19857.690000000006 2472.9100000000003 1462.9600000000003 0.39232732632254624 3.0000000000000004 1.0000000180025095e-35 376032.83000000002 7.5000000000000009 0.029695577651007263 128959.00000000001 220514.26000000004 42483.400000000009 1128128.0000000002 24.833333333333339 1.0000000180025095e-35 5.7705911147883742e-07 429085.11000000004 1.0003949229956695 63122.000000000007 42483.400000000009 1.0000000180025095e-35 832680.00000000012
decision_type=2 2 2 2 2 2 2 2 2 2 2 2 2 2 2 2 2 2 2 2 2 2 2 2 2 2 2 2 2 2
left_child=1 3 5 4 8 6 7 19 9 10 -1 12 13 14 -2 -12 18 -6 -4 -3 25 -18 -13 -20 -14 -5 27 28 -8 -30
right_child=11 2 16 20 17 -7 26 -9 -10 -11 15 22 24 -15 -16 -17 21 -19 23 -21 -22 -23 -24 -25 -26 -27 -28 -29 29 -31
leaf_value=0.0085721027592298715 0.0057331027801571293 0.023414329071222408 0.012993173573647264 0.011163474092391157 0.044191197064252653 -0.030899384375453087 0.0032499760000299829 0.0080396586377568698 -0.088807106484708673 0.10568857638109877 0.019585935702516988 -0.040808844970962335 -0.00038201693351038932 -0.01205908070385887 -0.039596046298051683 -0.042584907003207349 -0.030260075858313848 -0.076322992571593556 -0.029463034303352342 -0.0016206639428532734 -0.007487333879555802 0.04534257172211667 -0.03021581426793676 0.022596457199138512 -0.057180912046614386 -0.0032174728887707006 -0.0070101010849780796 -0.0020357957264072637 0.018493748733489634 -0.010546513830932148
leaf_weight=24681 2961 7216 6133 338134 170381 4077 231734 6034 5493 11569 735 10608 30185 2152 4407 2653 33557 1973 15786 12223 72614 453 41526 1982 1659 16748 118554 181873 43397 5682
leaf_count=24681 2961 7216 6133 338134 170381 4077 231734 6034 5493 11569 735 10608 30185 2152 4407 2653 33557 1973 15786 12223 72614 453 41526 1982 1659 16748 118554 181873 43397 5682
internal_value=0 0.00177852 -0.00142399 0.0050988 0.00970814 -0.000111765 9.31896e-05 0.0124577 0.000232921 0.0036237 -0.00377132 -0.0145633 -0.00753094 -0.0249714 -0.012618 -0.0566954 -0.0152641 0.0121892 -0.00656175 0.00543441 0.00275384 -0.0213798 -0.0201429 -0.0131436 -0.00231699 0.00393607 -0.00044869 0.000581221 0.00277532 0.0110559
internal_weight=0 1.31368e+06 668701 644981 217485 610790 606713 25473 45131 39638 28069 93498 41364 9520 7368 3388 57911 172354 23901 19439 427496 34010 52134 17768 31844 354882 581240 462686 280813 49079
internal_count=1407180 1313682 668701 644981 217485 610790 606713 25473 45131 39638 28069 93498 41364 9520 7368 3388 57911 172354 23901 19439 427496 34010 52134 17768 31844 354882 581240 462686 280813 49079
is_linear=0
shrinkage=0.1


Tree=27
num_leaves=31
num_cat=0
split_feature=0 1 4 134 2 3 64 2 3 137 1 6 2 4 63 3 0 20 13 3 62 4 137 4 64 20 76 6 63 64
split_gain=1981.02 1198.7 871.019 546.285 531.149 513.328 398.968 390.348 416.158 435.235 396.327 524.181 871.107 398.327 355.222 327.998 445.585 498.503 352.398 316.758 312.972 312.449 378.561 539.266 790.522 307.113 303.442 297.73 286.112 284.71
threshold=4224192.0000000009 308.50000000000006 91941.040000000008 575051.00000000012 1.3150000000000002 70436.845000000016 0.031300515784653628 142.31500000000003 54180.205000000009 30661.000000000004 530043.00000000012 5.7500000000000009 149158.74500000002 0.8450000000000002 13817.847891566267 13937.940000000001 394317.50000000006 1.0000000180025095e-35 550154.50000000012 84.530000000000015 2106217.5000000005 443865.84500000003 1198827.0000000002 0.42500000000000004 0.21795015435757678 9.5000000000000018 10.500000000000002 4.416666666666667 0.97482274868778007 1.2234172082936199
decision_type=2 2 2 2 2 2 2 2 2 2 2 2 2 2 2 2 2 2 2 2 2 2 2 2 2 2 2 2 2 2
left_child=1 3 7 4 -1 25 -4 19 9 -9 13 12 20 -10 -15 16 29 -18 -17 -3 -12 22 23 -2 -25 26 -6 -8 -29 -11
right_child=21 2 6 -5 5 -7 27 8 10 15 11 -13 -14 14 -16 18 17 -19 -20 -21 -22 -23 -24 24 -26 -27 -28 28 -30 -31
leaf_value=-0.011289593260117532 -0.010305211689927903 -0.011032852834829179 -0.0057536727235600492 -0.0059442007067556542 0.039870511409491716 0.0089400947222002536 -0.026884750703342064 0.0098880470479345561 -0.011635885982157302 -0.008717531965619996 0.001018421586568385 -0.0019830694748642435 0.015537684158205842 -0.0027029262667431636 -0.018116162830326087 0.027534747679823276 0.091222933960579219 -0.037471981087125121 -0.0026399312846276499 -0.027287653322255703 -0.0099631882156754493 -0.070248496609217823 0.0088121210600634603 0.0024684165064728487 -0.030589403702283299 -0.020642118490700058 -0.05841721147714999 -0.059433395975878205 -0.017736646512536241 -0.055834863325652823
leaf_weight=24749 3537 17470 31629 93300 225254 289531 13837 221563 20057 72085 21215 79506 11223 88204 3509 20736 912 3597 24855 8899 595 5246 12550 24882 47283 7948 4863 4481 21514 2150
leaf_count=24749 3537 17470 31629 93300 225254 289531 13837 221563 20057 72085 21215 79506 11223 88204 3509 20736 912 3597 24855 8899 595 5246 12550 24882 47283 7948 4863 4481 21514 2150
internal_value=0 0.00162867 -0.00134099 0.00470131 0.00589681 0.00656844 -0.0117741 -9.12621e-05 0.000458815 0.00263433 -0.00289596 0.00129308 0.0118811 -0.00711382 -0.00432208 -0.00210089 -0.00600902 -0.0365316 0.00464917 -0.0119862 0.000232111 -0.0134365 -0.012027 -0.0146937 -0.0128252 0.0100083 0.0106759 -0.0184323 -0.0121246 -0.0041551
internal_weight=0 1.31368e+06 668037 645645 552345 527596 71461 596576 570207 345898 224309 112539 33033 111770 91713 124335 78744 4509 45591 26369 21810 93498 88252 75702 72165 238065 230117 39832 25995 74235
internal_count=1407180 1313682 668037 645645 552345 527596 71461 596576 570207 345898 224309 112539 33033 111770 91713 124335 78744 4509 45591 26369 21810 93498 88252 75702 72165 238065 230117 39832 25995 74235
is_linear=0
shrinkage=0.1


Tree=28
num_leaves=31
num_cat=0
split_feature=0 20 4 3 4 3 3 64 63 13 2 124 1 127 13 64 5 127 3 6 146 6 6 137 3 137 2 3 137 46
split_gain=1669.93 1076.2 923.298 486.443 667.259 504.347 409.446 278.758 639.592 517.112 432.549 402.627 584.649 459.158 413.611 343.182 329.022 299.722 287.454 245.549 241.092 235.054 232.392 231.103 229.221 327.833 365.15 366.664 213.725 219.485
threshold=5220316.5000000009 1.5000000000000002 158708.39000000004 239110.68000000002 1.2650000000000003 53391.260000000002 643741.83500000008 0.4285698337702159 0.41532924267253085 94138.500000000015 40196.405000000006 4.5000000000000009 294503.00000000006 0.88194444444444453 550154.50000000012 0.00043820611429987887 3.0000000000000004 0.34523809523809529 597404.63000000012 5.7500000000000009 137664.50000000003 3.8333333333333335 6.5833333333333348 23.500000000000004 845426.07500000007 2529912.5000000005 831073.17500000016 239110.68000000002 221873.50000000003 1.0000000180025095e-35
decision_type=2 2 2 2 2 2 2 2 2 2 2 2 2 2 2 2 2 2 2 2 2 2 2 2 2 2 2 2 2 2
left_child=1 3 6 4 23 20 7 8 10 16 17 13 -13 18 21 -10 -9 -3 -12 -5 28 -15 -4 -1 25 26 27 -2 29 -6
right_child=24 2 22 19 5 -7 -8 9 15 -11 11 12 -14 14 -16 -17 -18 -19 -20 -21 -22 -23 -24 -25 -26 -27 -28 -29 -30 -31
leaf_value=0.0039504427065483651 -0.008571928192384155 0.0010595239455016756 -0.033191758189464085 0.017207258260509315 0.024370809747857068 0.0073591493746601351 -0.0285283649855065 0.030029958833286369 0.025075307311326331 -0.0079804751726301731 -0.0087951118330018476 -0.0045167387136799799 -0.010977083151502809 -0.012216775533144673 0.0052269209340437446 0.0050311727832152986 -0.0027993915006764482 0.016712195160870327 0.013574868850815165 -0.003080487911432317 -0.075902696604765535 0.032574621561057039 -0.024417311976160545 -0.015380410009906793 -0.087506666813394168 0.013614314545602411 -0.001772051088014045 -0.040167030237984847 0.050141644359082041 0.061674995088948498
leaf_weight=36249 16861 176314 16858 22568 127056 263353 5885 21214 16287 62153 81038 8363 4552 1030 2525 96885 65215 8095 4422 185092 1565 2006 16269 48031 10054 7743 13458 23137 7425 55477
leaf_count=36249 16861 176314 16858 22568 127056 263353 5885 21214 16287 62153 81038 8363 4552 1030 2525 96885 65215 8095 4422 185092 1565 2006 16269 48031 10054 7743 13458 23137 7425 55477
internal_value=0 0.00138872 -0.00180696 0.00390957 0.00549347 0.00700775 -0.000840615 -0.000559929 0.000809452 -0.00426044 -0.00169097 -0.00685002 -0.0233731 -0.00450555 0.0233374 0.00718014 0.000742324 0.00121676 -0.00631732 -0.000202777 0.0109124 -0.00153397 -0.0180255 -0.00267939 -0.0143233 -0.0120244 -0.0148099 -0.019604 0.0112344 0.0105579
internal_weight=0 1.33593e+06 589111 746816 539156 454876 555984 550099 401517 148582 288345 103936 12915 91021 5561 113172 86429 184409 85460 207660 191523 3036 33127 84280 71253 61199 53456 39998 189958 182533
internal_count=1407180 1335927 589111 746816 539156 454876 555984 550099 401517 148582 288345 103936 12915 91021 5561 113172 86429 184409 85460 207660 191523 3036 33127 84280 71253 61199 53456 39998 189958 182533
is_linear=0
shrinkage=0.1


Tree=29
num_leaves=31
num_cat=0
split_feature=0 3 5 3 64 4 123 63 6 124 127 137 4 4 13 20 63 2 2 3 2 76 13 63 6 6 137 6 3 21
split_gain=1519.55 908.657 688.964 630.911 603.347 833.068 885.055 831.377 692.079 608.568 727.122 556.094 465.042 402.915 398.953 348.396 372.318 342.471 331.487 489.519 297.444 293.355 287.74 298.943 278.607 273.443 271.389 251.944 303.28 294.777
threshold=146894.50000000003 724888.58500000008 1.5000000000000002 341610.97500000003 0.21307726849897196 3997.6350000000007 113420.00000000001 0.89564723276046021 4.416666666666667 5.5000000000000009 0.62019230769230782 4.5000000000000009 77140.970000000016 74.110000000000014 2528728.5000000005 6.5000000000000009 34977.437500000007 902065.44500000018 346600.62500000006 151421.72500000003 1.5050000000000001 10.500000000000002 845125.50000000012 0.83524298301195021 24.416666666666668 4.416666666666667 112609.00000000001 5.7500000000000009 54180.205000000009 2.5000000000000004
decision_type=2 2 2 2 2 2 2 2 2 2 2 2 2 2 2 2 2 2 2 2 2 2 2 2 2 2 2 2 2 2
left_child=2 4 12 11 7 8 22 9 -6 10 -2 -4 21 -5 -11 16 -10 -8 19 -12 -13 26 24 -24 -7 -3 -1 -9 -29 -30
right_child=1 25 3 13 5 6 17 27 15 14 18 20 -14 -15 -16 -17 -18 -19 -20 -21 -22 -23 23 -25 -26 -27 -28 28 29 -31
leaf_value=0.048688933741247942 -0.01162060464068348 -0.078999111916334824 0.0089896653337954383 -0.026822484009655586 0.0091447816682233892 -0.0070765767893842067 -0.021194274398882731 0.0099447018443495246 0.0036283626555872503 -0.0077206445182617768 0.0029317060373439396 -0.013630163555935108 0.0084413054511554893 -0.0097352180332072394 -0.013728762865470102 -0.01934415001715821 -0.0048918856695318175 0.014917233481761839 -0.0084159407974562089 0.015177863446791621 -0.0022339612592041647 -0.049177667800104796 -0.026570323784250751 0.014081176186542754 0.038916265443287891 -0.037572968159902173 -0.084680687465733512 0.028891195715045639 -0.0011562559642141479 0.027692228582577395
leaf_weight=166194 110028 10707 339284 7329 13328 51882 42060 15619 43356 9587 8437 18635 182354 75260 2008 21661 3394 4039 1234 2196 158496 3624 2998 16871 1248 10578 711 23210 53556 7296
leaf_count=166194 110028 10707 339284 7329 13328 51882 42060 15619 43356 9587 8437 18635 182354 75260 2008 21661 3394 4039 1234 2196 158496 3624 2998 16871 1248 10578 711 23210 53556 7296
internal_value=0 -0.00422391 0.00280024 0.000735307 -0.00323458 -0.00725202 -0.0125876 0.000225769 0.000522182 -0.00493416 -0.00285172 0.00203318 0.00630538 -0.00738005 -0.0268263 -0.00353928 0.00131832 -0.0234355 0.0206658 0.0263595 -0.00250843 0.0100593 -0.00573712 0.00452941 -0.0095765 -0.0243967 0.0106705 0.0071358 0.00496873 0.00125917
internal_weight=0 455293 951887 599004 434008 200837 119098 233171 81739 133490 121895 516415 352883 82589 11595 68411 46750 46099 11867 10633 177131 170529 72999 19869 53130 21285 166905 99681 84062 60852
internal_count=1407180 455293 951887 599004 434008 200837 119098 233171 81739 133490 121895 516415 352883 82589 11595 68411 46750 46099 11867 10633 177131 170529 72999 19869 53130 21285 166905 99681 84062 60852
is_linear=0
shrinkage=0.1


Tree=30
num_leaves=31
num_cat=0
split_feature=0 5 3 136 4 3 126 2 0 64 4 4 63 123 2 0 4 17 6 4 13 127 6 0 92 64 67 1 2 3
split_gain=1308.12 831.845 629.548 489.968 390.959 377.904 371.647 361.321 384.05 329.268 366.606 264.067 254.215 241.112 238.454 251.454 291.233 237.683 288.967 403.1 297.686 247.526 233.903 231.001 228.798 202.545 198.985 196.315 190.656 184.965
threshold=5220316.5000000009 1.5000000000000002 598559.18000000005 1.0000000180025095e-35 176988.27000000005 42483.400000000009 1.0000000180025095e-35 67350.98000000001 445237.50000000006 0.47527933742886924 3997.6350000000007 1.3050000000000004 41598.321428571442 113420.00000000001 10081.720000000003 602926.00000000012 4759.3900000000003 2.5000000000000004 5.7500000000000009 0.42500000000000004 528828.50000000012 0.78888888888888908 5.7500000000000009 1954990.0000000002 4.9633902020765749e-05 1.4322172877272237 12.500000000000002 2.5000000000000004 6636.2050000000008 154472.91000000003
decision_type=2 2 2 2 2 2 2 2 2 2 2 2 2 2 2 2 2 2 2 2 2 2 2 2 2 2 2 2 2 2
left_child=1 7 3 5 12 14 9 8 24 17 -11 -4 -5 -12 -3 16 -16 18 20 23 -7 -19 -10 -20 -1 -2 -21 28 -26 -22
right_child=25 2 11 4 -6 6 -8 -9 22 10 13 -13 -14 -15 15 -17 -18 21 19 26 29 -23 -24 -25 27 -27 -28 -29 -30 -31
leaf_value=0.052911923357662261 -0.014378730840671162 -0.0053703805630639593 -0.034000436548732686 -0.0026091990168701801 -0.053434613930978175 0.0047363668454081416 -0.00978863168602917 0.0062940234250091851 0.0080700480831874307 0.0018594543447554514 -0.0028628631384911966 -0.014304737755211372 -0.0051497182718225568 -0.01641002963529712 0.029508289015223468 -0.0031981138825651016 0.0097128137617676705 -0.0014672123037994533 -0.0027172882819019861 0.0039203132743090988 0.0021994360453964079 -0.011780632665199287 -0.03367532387368135 -0.0099272432550527746 0.10022224786720579 -0.039994442070194917 -0.094997888440236489 0.019410213069431383 -0.13812087384613661 0.014971231117771454
leaf_weight=146347 49829 39539 3375 329769 6814 33045 17215 219976 1625 19661 9857 59132 7202 14314 53552 16279 68166 11165 4235 240601 7783 3475 3018 1855 1219 21424 1982 8198 1964 4564
leaf_count=146347 49829 39539 3375 329769 6814 33045 17215 219976 1625 19661 9857 59132 7202 14314 53552 16279 68166 11165 4235 240601 7783 3475 3018 1855 1219 21424 1982 8198 1964 4564
internal_value=0 0.00118757 -0.000392517 0.000288008 -0.00267063 0.00214651 0.000325672 0.00512832 0.00870641 0.00102626 -0.00708426 -0.0100938 -0.00219109 -0.0153325 0.00593874 0.00790046 0.00946156 0.00217784 0.00279696 0.00145767 0.0101341 -0.0102581 -0.0196398 -0.0239529 0.00954083 -0.0127185 0.00209559 -0.00411672 -0.0251944 0.0233824
internal_weight=0 1.33593e+06 953580 891073 343785 547288 369752 382347 162371 352537 43832 62507 336971 24171 177536 137997 121718 308705 294065 248673 45392 14640 4643 6090 157728 71253 242583 11381 3183 12347
internal_count=1407180 1335927 953580 891073 343785 547288 369752 382347 162371 352537 43832 62507 336971 24171 177536 137997 121718 308705 294065 248673 45392 14640 4643 6090 157728 71253 242583 11381 3183 12347
is_linear=0
shrinkage=0.1


Tree=31
num_leaves=31
num_cat=0
split_feature=1 3 6 4 3 3 64 51 3 2 4 137 20 6 124 13 138 3 4 0 63 123 64 20 6 63 127 2 0 20
split_gain=1112.5 846.503 451.385 592.307 660.071 776.553 549.714 532.599 428.784 495.09 428.292 396.926 403.114 349.862 324.742 306.91 306.068 300.951 359.251 289.397 285.846 712.622 631.106 295.992 392.261 325.553 272.011 254.62 380.468 249.439
threshold=30661.000000000004 724888.58500000008 5.7500000000000009 102234.34500000002 151421.72500000003 285539.54000000004 0.058740728704288057 1.0000000180025095e-35 198019.90500000003 260.29000000000002 10866.050000000001 3142.5000000000005 6.5000000000000009 24.833333333333339 4.5000000000000009 161.50000000000003 7.5000000000000009 58589.56500000001 0.43500000000000005 9434609.5000000019 0.026086328720061613 853870.00000000012 0.11364660127606974 5.5000000000000009 7.8333333333333348 34977.437500000007 0.86607142857142871 677406.26500000013 6016194.0000000009 1.5000000000000002
decision_type=2 2 2 2 2 2 2 2 2 2 2 2 2 2 2 2 2 2 2 2 2 2 2 2 2 2 2 2 2 2
left_child=8 2 3 4 16 19 -5 10 9 11 20 12 -1 14 -12 -10 26 -11 -19 -6 21 -4 -22 24 -24 -26 -2 28 -16 -13
right_child=1 -3 7 6 5 -7 -8 -9 15 17 13 29 -14 -15 27 -17 -18 18 -20 -21 22 -23 23 -25 25 -27 -28 -29 -30 -31
leaf_value=0.0094884720423551901 -0.00088968333466350302 -0.053077351936570094 -0.00923439472274128 0.0074760159579976768 0.018040211474979188 0.0010978013061857716 -0.025481375263765406 0.024840398008686444 0.00034401681220478931 0.028873697244777664 -0.0072094465866563099 0.0057072658387645227 -0.026573590556959653 0.028116284641746581 -0.015476175090895123 -0.014072614903442849 0.010209141575198545 -0.0072683314642751021 0.0092412878416829446 -0.00042425897527247368 0.016561851486569235 -0.0094588040014474475 0.0082057090301325408 -0.014584495799447428 -0.0031662200793110638 -0.0055299991452291168 0.0039792314057487434 -0.0034785074337988758 -0.055036631715330235 -0.031276187058678011
leaf_weight=71934 97719 21824 72346 6487 11719 13626 14127 11906 235089 274649 88454 2888 23842 5360 24995 14974 1611 9312 201668 1883 45915 4224 25757 43684 47339 2687 10026 7601 6435 7099
leaf_count=71934 97719 21824 72346 6487 11719 13626 14127 11906 235089 274649 88454 2888 23842 5360 24995 14974 1611 9312 201668 1883 45915 4224 25757 43684 47339 2687 10026 7601 6435 7099
internal_value=0 -0.00298014 -0.00220529 0.00231305 0.00469774 0.0186296 -0.0134874 -0.00404203 0.0027545 0.00422238 -0.00470348 -0.00197759 6.4089e-07 -0.00926557 -0.0103178 -0.000716995 0.00122892 0.00557265 0.00273235 0.0355325 -0.00219864 -0.00725009 0.000140129 -0.00368953 8.95916e-05 -0.0050728 0.000582018 -0.0179157 -0.0218877 -0.020949
internal_weight=0 565725 543901 157198 136584 27228 20614 386703 841455 591392 374797 105763 95776 132845 127485 250063 109356 485629 210980 13602 241952 76570 165382 119467 75783 50026 107745 39031 31430 9987
internal_count=1407180 565725 543901 157198 136584 27228 20614 386703 841455 591392 374797 105763 95776 132845 127485 250063 109356 485629 210980 13602 241952 76570 165382 119467 75783 50026 107745 39031 31430 9987
is_linear=0
shrinkage=0.1


Tree=32
num_leaves=31
num_cat=0
split_feature=1 5 3 51 4 136 2 0 0 3 122 0 18 4 6 64 1 63 4 124 3 3 137 8 62 15 138 3 2 62
split_gain=1006.89 570.258 539.2 351.069 355.893 309.074 283.173 276.501 253.915 252.357 323.105 260.222 254.769 250.285 242.003 241.528 231.878 312.863 221.232 211.873 210.067 216.619 208.979 207.771 204.863 203.514 196.695 195.332 184.584 181.199
threshold=1647018.5000000002 1.5000000000000002 598559.18000000005 1.0000000180025095e-35 12091.515000000001 1.0000000180025095e-35 45218.170000000006 12312525.500000002 445237.50000000006 24417.235000000004 1.0000000180025095e-35 777768.00000000012 1.0000000180025095e-35 198973.18000000002 2.2500000000000004 0.39232732632254624 849546.50000000012 15023.462962962965 4759.3900000000003 10.500000000000002 643741.83500000008 145680.95000000004 448952.50000000006 1.0000000180025095e-35 95801.000000000015 1.0000000180025095e-35 8.5000000000000018 597404.63000000012 28839.410000000003 1078893.5000000002
decision_type=2 2 2 2 2 2 2 2 2 2 2 2 2 2 2 2 2 2 2 2 2 2 2 2 2 2 2 2 2 2
left_child=1 6 5 4 7 9 8 14 -1 10 -3 18 19 16 20 -6 17 27 -12 -11 21 24 26 -14 -2 -4 -17 -7 -13 -23
right_child=3 2 25 -5 15 13 -8 -9 -10 12 11 28 23 -15 -16 22 -18 -19 -20 -21 -22 29 -24 -25 -26 -27 -28 -29 -30 -31
leaf_value=0.048938397460748378 0.0023677822372163027 0.012343577029772158 -0.0135432753151771 0.021301305505235037 -0.0096507335332560729 -0.0034882734195860986 0.0071769630987199573 -0.053498959840624596 -0.020509888260027448 0.0029258847271174562 0.025630586364535371 0.0050677668391958756 -0.014946776211691316 -0.046492402482467339 -0.00209937604442283 -0.036662920491357477 0.0067890803096216481 -0.0093661711160686785 -0.00085971983130170857 -0.0056291561002386192 -0.039266156120957629 0.0019373646403596989 -0.0084845944299914381 -0.0022067295401330123 -0.0037805254501116874 -0.02263705440660892 0.036915958613397075 0.013353885277393696 -0.022373557362038346 0.019924788225617156
leaf_weight=128749 1169 80995 45673 6322 38655 269486 243833 5186 2676 323064 26630 1727 7753 4194 77246 30788 30536 5441 5494 29283 394 1045 8482 15830 1637 6938 985 3404 2027 1538
leaf_count=128749 1169 80995 45673 6322 38655 269486 243833 5186 2676 323064 26630 1727 7753 4194 77246 30788 30536 5441 5494 29283 394 1045 8482 15830 1637 6938 985 3404 2027 1538
internal_value=0 0.00139737 -2.40588e-05 -0.00673976 -0.00761479 0.000616293 0.00464917 -0.00325029 0.00839086 0.0021772 0.00623572 0.0141358 0.000915449 -0.0018408 -0.0018511 -0.0124939 -0.00151132 -0.00241887 0.0170471 0.00158894 0.0178803 0.0230337 -0.0179153 -0.00914704 0.00379779 -0.00983258 -0.0216381 -0.00194546 -0.0107772 0.0439303
internal_weight=0 1.23373e+06 858475 173447 167125 805864 375258 88215 131425 492803 116873 35878 375930 313061 83029 78910 308867 278331 32124 352347 5783 5389 40255 23583 2806 52611 31773 272890 3754 2583
internal_count=1407180 1233733 858475 173447 167125 805864 375258 88215 131425 492803 116873 35878 375930 313061 83029 78910 308867 278331 32124 352347 5783 5389 40255 23583 2806 52611 31773 272890 3754 2583
is_linear=0
shrinkage=0.1


Tree=33
num_leaves=31
num_cat=0
split_feature=0 5 3 4 3 136 51 4 1 13 4 76 0 137 6 4 64 3 0 127 5 95 6 1 13 64 63 124 3 4
split_gain=838.237 450.31 435.342 374.343 370.899 320.661 264.507 248.74 305.842 281.793 343.311 241.686 236.781 227.269 203.841 390.116 445.751 385.173 464.306 297.961 258.727 188.027 169.894 241.014 234.717 224.495 347.775 210.853 181.159 170.664
threshold=1908073.5000000002 1.5000000000000002 341610.97500000003 0.8650000000000001 845426.07500000007 1.0000000180025095e-35 1.0000000180025095e-35 63725.730000000003 107725.50000000001 150410.50000000003 0.28500000000000009 10.500000000000002 728528.50000000012 13296.500000000002 5.7500000000000009 86114.825000000012 0.017371321959012923 147985.44500000004 9986284.5000000019 0.13392857142857145 3.0000000000000004 1.0000000180025095e-35 4.8333333333333348 209280.00000000003 517107.00000000006 0.90096147176585373 0.74560814380288287 9.5000000000000018 23752.805000000004 3997.6350000000007
decision_type=2 2 2 2 2 2 2 2 2 2 2 2 2 2 2 2 2 2 2 2 2 2 2 2 2 2 2 2 2 2
left_child=1 7 5 -4 6 21 14 8 11 10 -10 -1 -12 -5 15 17 -17 -2 -19 -16 -21 22 24 -24 -3 26 27 -25 -28 -27
right_child=4 2 3 13 -6 -7 -8 -9 9 -11 12 -13 -14 -15 19 16 -18 18 -20 20 -22 -23 23 25 -26 29 28 -29 -30 -31
leaf_value=0.040306726598950876 -0.0021815319247906364 0.0039409339396051513 -0.023238824087707194 -0.0057168763865920891 -0.0599579635296889 -0.0021775715149850534 0.023025273087299371 0.0054552623562600829 -0.11897074798818781 0.021494538380783093 -0.00099474369953114219 -0.044193833032043224 -0.030983187391622615 -0.046986242533898638 -0.0067860405598368272 0.014682743430980597 -0.033334743066421216 0.013143717458595655 -0.0070184421715616015 -0.0098003381287727898 -0.011658006098915652 0.034131984999004564 0.0059394921918888184 -0.0070456856969338903 0.0061955294787604427 -0.0034931830326414559 0.028010387532343996 -0.015906553657611594 0.0013549593746772894 -0.013030924539755868
leaf_weight=147281 17588 70769 5364 93445 12465 299594 5183 210110 1028 5228 6338 3565 2069 5347 88387 2322 10721 10826 4956 2505 24720 4218 283781 21617 12497 7789 6768 2285 31259 7155
leaf_count=147281 17588 70769 5364 93445 12465 299594 5183 210110 1028 5228 6338 3565 2069 5347 88387 2322 10721 10826 4956 2505 24720 4218 283781 21617 12497 7789 6768 2285 31259 7155
internal_value=0 0.00130598 3.41619e-05 -0.0060228 -0.00600717 0.000877872 -0.00476665 0.00419042 0.00708984 -0.00669789 -0.0170172 0.00843008 -0.0103468 -0.00462587 -0.00547801 0.000120035 -0.0145444 0.00585179 0.0171935 -0.00772537 -0.0168726 0.00257108 0.00237141 0.00143142 0.00644286 -0.00353542 -0.000880798 -0.010333 0.00506039 -0.0145364
internal_weight=0 1.22751e+06 851888 104156 179673 747732 167208 375619 165509 14663 9435 150846 8407 98792 162025 46413 13043 33370 15782 115612 27225 448138 443920 360654 83266 76873 61929 23902 38027 14944
internal_count=1407180 1227507 851888 104156 179673 747732 167208 375619 165509 14663 9435 150846 8407 98792 162025 46413 13043 33370 15782 115612 27225 448138 443920 360654 83266 76873 61929 23902 38027 14944
is_linear=0
shrinkage=0.1


Tree=34
num_leaves=31
num_cat=0
split_feature=3 64 10 6 4 134 0 62 6 2 6 3 137 4 123 123 89 13 6 123 2 4 20 6 13 6 137 3 138 2
split_gain=745.697 662.722 487.862 409.616 376.487 269.952 267.163 271.726 248.515 246.02 214.172 235.764 233.188 320.537 219.777 230.302 206.246 201.948 198.259 197.768 193.373 192.353 187.906 477.342 290.565 226.558 344.961 306.311 261.115 264.213
threshold=239110.68000000002 0.041014716611929659 1.0000000180025095e-35 1.0000000180025095e-35 198973.18000000002 371865.00000000006 3930499.5000000005 6765673.5000000009 2.8333333333333335 346600.62500000006 5.7500000000000009 1341532.0800000003 8090.5000000000009 0.8450000000000002 161604.00000000003 408.50000000000006 15288.500000000002 517107.00000000006 4.416666666666667 42708.500000000007 48798.805000000008 7271.5400000000009 6.5000000000000009 14.583333333333334 87.500000000000014 7.5833333333333348 2924306.5000000005 1462.9600000000003 4.5000000000000009 183441.05500000002
decision_type=2 2 2 2 2 2 2 2 2 2 2 2 2 2 2 2 2 2 2 2 2 2 2 2 2 2 2 2 2 2
left_child=2 3 8 9 6 20 -3 -8 17 -2 11 14 13 19 15 -5 22 -1 -6 -12 -4 -14 25 24 -24 26 28 -27 29 -10
right_child=1 4 5 10 18 -7 7 -9 16 -11 12 -13 21 -15 -16 -17 -18 -19 -20 -21 -22 -23 23 -25 -26 27 -28 -29 -30 -31
leaf_value=0.0021313484474659969 0.002715359364698534 -0.0013303653285281652 0.036004113707732537 0.010409093891852378 -0.06305422601368392 -0.0037741940991438574 -0.024698599025653734 0.068352054787123182 0.0014472635859564154 -0.02155800809684252 -0.011519879694515057 -0.064964641515357996 0.040009548444493857 -0.0014199032153225932 0.013936646415119198 -0.014314364957104059 -0.057038471846604544 0.0044238164254187537 -0.04550685534808882 -0.037900770787783179 0.012989992903979265 -0.046101828918327828 -0.02674201833274778 0.044395105317563403 -0.0036127141865590464 0.025714108253672797 -0.089075252582565725 -0.0028266438102445726 0.014904218785995927 0.011523499208702834
leaf_weight=20721 781 39959 85057 30123 10016 57173 32075 4006 197275 2301 1056 1948 1306 204466 4541 1787 1236 8794 12538 839 195258 8077 31997 26130 130712 46210 1079 208840 26225 14654
leaf_count=20721 781 39959 85057 30123 10016 57173 32075 4006 197275 2301 1056 1948 1306 204466 4541 1787 1236 8794 12538 839 195258 8077 31997 26130 130712 46210 1079 208840 26225 14654
internal_value=0 -0.00363393 0.00166229 -0.000962029 -0.0106047 0.00479524 -0.0072393 -0.0134772 0.000181165 -0.0371992 -0.00052258 0.00635842 -0.00174729 -0.00104625 0.00816984 0.00524064 -0.000206312 0.00916549 -0.0219511 -0.0419847 0.00607252 -0.0171652 -0.000132468 -0.00281573 -0.00483053 0.000892661 0.00310323 -0.00118082 0.00335883 0.00219403
internal_weight=0 355819 1.05136e+06 257225 98594 337488 76040 36081 713873 3082 254143 38399 215744 206361 36451 31910 684358 29515 22554 1895 280315 9383 683122 188839 162709 494283 239233 255050 238154 211929
internal_count=1407180 355819 1051361 257225 98594 337488 76040 36081 713873 3082 254143 38399 215744 206361 36451 31910 684358 29515 22554 1895 280315 9383 683122 188839 162709 494283 239233 255050 238154 211929
is_linear=0
shrinkage=0.1


Tree=35
num_leaves=31
num_cat=0
split_feature=0 20 4 134 90 64 4 3 6 13 13 137 3 2 124 138 4 4 3 95 4 52 63 64 123 5 0 20 64 3
split_gain=665.974 405.37 584.089 292.97 241.72 233.634 232.875 227.931 229.878 305.067 201.84 554.712 332.973 343.893 194.357 219.949 187.644 159.693 208.882 155.19 188.041 391.678 230.954 412.181 304.298 211.863 289.826 308.856 247.191 393.938
threshold=6287309.5000000009 1.0000000180025095e-35 162570.22500000003 254676.50000000003 0.19711952607743197 1.0521192439171625 18651.465000000004 799557.52000000014 2.8333333333333335 517107.00000000006 60279.000000000007 41876.500000000007 19355.470000000005 37200.115000000005 11.500000000000002 7.5000000000000009 3.4250000000000003 1.0000000180025095e-35 83091.910000000018 1.0000000180025095e-35 13415.420000000002 5.7705911147883742e-07 0.026086328720061613 0.0015683131222281306 3809396.0000000005 3.0000000000000004 445237.50000000006 5.5000000000000009 0.56008746854598124 11336.355000000001
decision_type=2 2 2 2 2 2 2 2 2 2 2 2 2 2 2 2 2 2 2 2 2 2 2 2 2 2 2 2 2 2
left_child=1 3 7 4 5 10 16 8 9 17 11 -1 -12 -14 15 -15 -7 18 -3 20 22 -22 24 -24 -10 26 -25 -28 -27 -30
right_child=-2 2 -4 -5 -6 6 -8 -9 19 -11 12 -13 13 14 -16 -17 -18 -19 -20 -21 21 -23 23 25 -26 28 27 -29 29 -31
leaf_value=0.011875884261641901 -0.017013215938453684 0.0020035754067527778 -0.022078659979806892 -0.0043399019273217213 -0.038184013547384883 -0.0095069336019758428 -0.012602525926087483 -0.038440849201102703 -0.0023634639765421194 0.0050633003782251593 0.073237807842344169 -0.025703245056224268 -0.11955289006273476 0.013201875147418855 -0.0062208176842956774 -0.01842218554367268 0.0013920421049976315 0.0037730623488921584 -0.0079975240547380238 0.029900403768717831 -0.0057343549492570745 0.025866601615206177 0.031802212548437292 0.076750118471452813 -0.0056255768090650408 0.0046679968423733124 0.016146548008714588 -0.045504334848628349 -0.032117444941915242 0.00025684351287378644
leaf_weight=469037 58096 2727 35973 126119 2335 1264 8224 1947 305065 9548 11302 2602 2473 8894 2260 2581 12894 16215 1965 3876 94411 7824 11049 26386 1963 80288 1470 2194 21996 74202
leaf_count=469037 58096 2727 35973 126119 2335 1264 8224 1947 305065 9548 11302 2602 2473 8894 2260 2581 12894 16215 1965 3876 94411 7824 11049 26386 1963 80288 1470 2194 21996 74202
internal_value=0 0.000725211 -0.000946219 0.00252294 0.00356463 0.00370836 -0.00628689 -0.000272994 -0.000172387 0.00831315 0.00415655 0.0036709 0.0124828 0.00329581 0.00947661 0.0147558 0.00148725 0.00154954 -0.0146976 -0.000582118 -0.000705463 -0.00462889 5.91213e-05 0.00255152 -0.0017072 0.00154484 0.00930664 -0.0170479 0.000223248 -0.00319579
internal_weight=0 1.34908e+06 699099 649985 523866 521531 22382 663126 661179 30455 499149 471639 27510 16208 13735 11475 14158 20907 4692 630724 626848 102235 524613 217585 307028 206536 30050 3664 176486 96198
internal_count=1407180 1349084 699099 649985 523866 521531 22382 663126 661179 30455 499149 471639 27510 16208 13735 11475 14158 20907 4692 630724 626848 102235 524613 217585 307028 206536 30050 3664 176486 96198
is_linear=0
shrinkage=0.1


Tree=36
num_leaves=31
num_cat=0
split_feature=3 64 4 2 10 137 4 2 6 6 124 2 63 63 4 6 2 64 123 123 2 0 137 6 3 3 123 20 5 5
split_gain=585.805 486.231 351.139 385.789 348.285 308.624 301.863 360.865 320.005 247.617 247.062 205.326 197.613 213.519 383.867 345.753 441.592 244.712 232.814 225.528 227.173 303.42 200.49 195.429 190.173 228.088 233.926 187.921 232.307 180.929
threshold=239110.68000000002 0.21307726849897196 0.8650000000000001 346600.62500000006 1.0000000180025095e-35 8090.5000000000009 10061.770000000002 633414.30000000016 24.833333333333339 5.7500000000000009 7.5000000000000009 35232.335000000006 41598.321428571442 0.24135637954101438 741.81000000000006 5.416666666666667 286325.0450000001 0.10155646986649239 1979236.0000000002 127957.50000000001 62032.990000000005 223794.00000000003 7.5000000000000009 6.416666666666667 65812.965000000011 16136.025000000003 333370.50000000006 8.5000000000000018 3.0000000000000004 3.0000000000000004
decision_type=2 2 2 2 2 2 2 2 2 2 2 2 2 2 2 2 2 2 2 2 2 2 2 2 2 2 2 2 2 2
left_child=4 2 3 10 12 9 7 -3 -8 -4 -2 -6 13 18 24 16 22 -17 -1 20 21 27 -16 -23 25 29 -27 28 -19 -15
right_child=1 6 5 -5 11 -7 8 -9 -10 -11 -12 -13 -14 14 15 17 -18 19 -20 -21 -22 23 -24 -25 -26 26 -28 -29 -30 -31
leaf_value=-0.0015886469879724475 0.0067062637310002357 0.0041827835609384058 0.011606759984212386 -0.018962746222973351 0.032777231083036366 -0.021028391845960767 -0.022579760470970819 -0.01987630628473577 0.071764110061425773 -0.0015359724465311753 -0.024161353232938478 0.0088729855586658253 -0.0038252021057180717 0.151873461271125 -0.0006825646213759472 0.0060280041898137246 0.024283309122377059 0.045849587418713061 -0.0030429285943377547 -0.0079575341627647726 0.003659399725952966 0.00017714137244836053 0.0081524622725072712 -0.01140069175263695 -0.00037191968109420704 0.039400951994580408 0.0033164113374980265 0.07301243954887697 -0.020698716360990081 0.0043627458695507442
leaf_weight=395208 4672 20075 31017 6982 61077 17650 53545 8659 1016 211303 900 276411 7934 14670 17353 40795 2965 7450 3934 31745 42541 4806 12895 12738 24785 17318 13685 7905 18073 37073
leaf_count=395208 4672 20075 31017 6982 61077 17650 53545 8659 1016 211303 900 276411 7934 14670 17353 40795 2965 7450 3934 31745 42541 4806 12895 12738 24785 17318 13685 7905 18073 37073
internal_value=0 -0.00325176 -0.00120808 -0.0175426 0.00144243 -0.000419279 -0.00993827 -0.00164285 -0.014307 0.000510609 0.0020805 0.00408954 0.000190987 0.000367371 0.00235106 -0.000247397 0.0090666 -0.00211033 -0.00115737 -0.00430114 -0.00182886 -0.00633163 0.00545649 -0.0169816 0.00716626 0.00946785 0.0162505 -0.000742224 -0.00491493 0.00540385
internal_weight=0 355819 272524 12554 1.05136e+06 259970 83295 28734 54561 242320 5572 337488 713873 705939 306797 199266 33213 166053 399142 125258 93513 50972 30248 17544 107531 82746 31003 33428 25523 51743
internal_count=1407180 355819 272524 12554 1051361 259970 83295 28734 54561 242320 5572 337488 713873 705939 306797 199266 33213 166053 399142 125258 93513 50972 30248 17544 107531 82746 31003 33428 25523 51743
is_linear=0
shrinkage=0.1


Tree=37
num_leaves=31
num_cat=0
split_feature=0 3 18 3 0 6 0 20 2 62 18 5 137 2 146 20 20 62 134 122 62 64 17 6 124 3 7 2 62 4
split_gain=503.263 305.099 423.852 334.833 433.115 248.436 295.844 243.961 267.766 235.464 234.855 228.154 265.279 405.214 199.071 198.88 220.709 255.314 185.74 182.817 206.727 262.498 178.534 176.188 320.849 206.872 392.589 272.554 366.329 258.829
threshold=7188445.0000000009 59387.505000000012 1.0000000180025095e-35 11336.355000000001 394317.50000000006 4.416666666666667 602926.00000000012 1.5000000000000002 56052.900000000001 467887.50000000006 1.0000000180025095e-35 1.5000000000000002 100055.50000000001 5371.4400000000014 203933.00000000003 6.5000000000000009 2.5000000000000004 800212.50000000012 243557.00000000003 1.0000000180025095e-35 66442.000000000015 0.64444430687377741 2.5000000000000004 5.7500000000000009 7.5000000000000009 799557.52000000014 1.0000000180025095e-35 163227.39500000005 2249625.0000000005 99536.755000000019
decision_type=2 2 2 2 2 2 2 2 2 2 2 2 2 2 2 2 2 2 2 2 2 2 2 2 2 2 2 2 2 2
left_child=1 3 22 4 11 10 14 9 15 -8 -5 12 -1 -14 18 16 17 -9 -7 20 -13 -22 23 24 25 27 -27 28 -3 -29
right_child=-2 2 -4 5 -6 6 7 8 -10 -11 -12 19 13 -15 -16 -17 -18 -19 -20 -21 21 -23 -24 -25 -26 26 -28 29 -30 -31
leaf_value=0.075988197370285268 -0.017633874118408912 -0.00036412147197782408 -0.0097256902039294102 0.011334051840500618 -0.02698903233685478 0.013015180937320193 -0.0032260450292982512 -0.019622781802758199 0.0008614794550846572 0.043834505342718356 -0.0057023477519071008 -0.002378673332838227 -0.10050187517690684 0.21852879899359109 -0.072842809859765281 -0.05932223167081925 -0.0027862852976794474 -0.002334073799389701 -0.0084952804070696619 0.11604281890471078 -0.0030180947289674127 -0.041291366338034596 -0.0045835533644396588 -0.0010189610480056733 0.026353125533608898 0.045086797875294155 -0.051632776494478352 0.0073522065284450169 -0.011663921896362998 0.0048352555884096596
leaf_weight=62999 48259 41119 43497 49468 4214 200862 6590 2861 18091 5356 6832 213465 1088 1401 1337 3279 11087 3983 18847 5037 6269 5549 20715 553519 2103 3677 3822 24204 809 36841
leaf_count=62999 48259 41119 43497 49468 4214 200862 6590 2861 18091 5356 6832 213465 1088 1401 1337 3279 11087 3983 18847 5037 6269 5549 20715 553519 2103 3677 3822 24204 809 36841
internal_value=0 0.000601268 -0.000788886 0.00221631 -0.000199011 0.00442161 0.00317131 -0.00367443 -0.00747838 0.00884015 0.0104686 0.000254479 0.00546275 -0.0265575 0.00475842 -0.0151016 -0.0109607 -0.0250815 0.00499252 -0.00122642 -0.00164769 -0.0145221 -0.000182615 0.000101711 0.00370804 0.00297146 -0.0130641 0.00413925 -0.00206855 0.008403
internal_weight=0 1.35892e+06 730306 628615 300022 328593 272293 51247 39301 11946 56300 295808 65488 2489 221046 21210 17931 6844 219709 230320 225283 11818 686809 666094 112575 110472 7499 102973 41928 61045
internal_count=1407180 1358921 730306 628615 300022 328593 272293 51247 39301 11946 56300 295808 65488 2489 221046 21210 17931 6844 219709 230320 225283 11818 686809 666094 112575 110472 7499 102973 41928 61045
is_linear=0
shrinkage=0.1


Tree=38
num_leaves=31
num_cat=0
split_feature=64 4 6 137 4 3 3 138 92 6 123 1 63 124 3 0 2 2 20 127 20 63 2 6 124 90 2 134 62 3
split_gain=456.584 523.426 567.38 434.37 298.376 430.823 363.305 310.188 268.448 268.034 254.333 235.63 209.855 199.151 317.279 220.522 209.029 205.461 597.173 288.738 228.417 193.929 191.564 226.208 280.581 193.054 185.188 183.551 181.198 209.585
threshold=0.48304280936454852 45138.600000000013 4.416666666666667 4514.0000000000009 0.28500000000000009 348762.4150000001 55216.060000000005 5.5000000000000009 6.7011503791464396e-05 4.416666666666667 3334033.0000000005 19649581.000000004 0.83524298301195021 4.5000000000000009 151421.72500000003 1954990.0000000002 131601.80000000002 67806.740000000005 3.5000000000000004 0.51470588235294124 2.5000000000000004 0.48851254837866476 1971440.4450000001 5.7500000000000009 4.5000000000000009 1.2297547269028117 333266.21500000003 497478.00000000006 1884397.5000000002 140024.65000000005
decision_type=2 2 2 2 2 2 2 2 2 2 2 2 2 2 2 2 2 2 2 2 2 2 2 2 2 2 2 2 2 2
left_child=4 2 11 -3 5 13 8 22 27 -5 -4 26 -11 14 17 -15 -17 19 20 -1 -19 -9 23 24 -8 -25 28 -6 -2 -30
right_child=1 3 10 9 6 -7 7 21 -10 12 -12 -13 -14 15 -16 16 -18 18 -20 -21 -22 -23 -24 25 -26 -27 -28 -29 29 -31
leaf_value=-0.0024155458737580276 0.0064724302722109165 -0.028550470855348981 -0.0023426145608166139 -0.02232691840417609 0.017475133804936593 -0.016461749686568352 0.0052728173153613524 -0.032376450854790156 -0.010013807551086763 -0.028188353579998573 -0.028706089610116899 -0.067515917465486686 0.020471208420579989 -0.0027946456308073132 0.0097334213107308568 -0.0024763283091446073 -0.020366048157190515 -0.0049631002291178374 -0.0015334804087619956 0.0072385574702511285 -0.08923320068476269 -0.0065320417789699872 -0.026068257410560791 0.0012322115733049588 0.030673463759578086 -0.030549997976601091 0.017442844457201619 -0.015693666871367553 -0.0073298867223862921 0.0037538919090765611
leaf_weight=203280 22213 33014 155961 6080 249641 5754 74078 8491 43604 2273 7554 1805 13174 14284 6537 1440 896 1447 16762 8818 1727 13404 15157 476273 2425 4861 4973 6941 1916 2397
leaf_count=203280 22213 33014 155961 6080 249641 5754 74078 8491 43604 2273 7554 1805 13174 14284 6537 1440 896 1447 16762 8818 1727 13404 15157 476273 2425 4861 4973 6941 1916 2397
internal_value=0 -0.0036711 -0.00126891 -0.0123398 0.00103154 -0.00194384 0.00189916 0.000467617 0.00473515 -0.00128815 -0.00369202 0.010628 0.00571241 -0.00133371 -0.000596372 -0.0119178 -0.0404016 -0.00120848 -0.0109144 -0.000296172 -0.0506876 -0.0112138 0.000914137 0.00121564 0.00626657 0.00041251 0.0126415 0.00596793 0.00932158 -0.00943502
internal_weight=0 251360 196819 54541 1.15582e+06 260945 894875 594689 300186 21527 163515 33304 15447 255191 238571 16620 2336 232034 19936 212098 3174 21895 572794 557637 76503 481134 31499 256582 26526 4313
internal_count=1407180 251360 196819 54541 1155820 260945 894875 594689 300186 21527 163515 33304 15447 255191 238571 16620 2336 232034 19936 212098 3174 21895 572794 557637 76503 481134 31499 256582 26526 4313
is_linear=0
shrinkage=0.1


Tree=39
num_leaves=31
num_cat=0
split_feature=1 1 4 64 62 134 20 2 3 2 6 62 3 5 3 2 4 2 64 3 20 20 136 137 2 20 21 123 64 64
split_gain=406.229 313.045 379.209 294.695 270.54 224.376 271.255 220.966 231.337 274.594 316.509 304.096 314.428 281.484 255.458 386.705 252.182 548.842 305.506 299.102 232.765 229.985 190.199 189.108 178.283 376.302 177.192 238.537 211.047 284.549
threshold=15123318.000000002 308.50000000000006 169279.49000000002 9.7093886050166601e-05 620767.00000000012 254676.50000000003 6.5000000000000009 142.31500000000003 1462.9600000000003 1876.9800000000002 5.7500000000000009 193.00000000000003 333743.86000000004 1.0000000180025095e-35 151421.72500000003 19577.395000000004 43819.060000000005 333266.21500000003 0.027570526994806121 310307.04000000004 1.0000000180025095e-35 4.5000000000000009 1.0000000180025095e-35 4514.0000000000009 1.8050000000000004 9.5000000000000018 2.5000000000000004 1160979.0000000002 1.391976085385873e-06 0.50227503050609101
decision_type=2 2 2 2 2 2 2 2 2 2 2 2 2 2 2 2 2 2 2 2 2 2 2 2 2 2 2 2 2 2
left_child=1 5 7 -4 -5 6 -1 23 -9 20 11 12 13 21 15 -15 17 -13 -18 -19 22 -11 -10 -3 25 -8 27 -12 -29 -30
right_child=-2 2 3 4 -6 -7 24 8 9 10 26 16 -14 14 -16 -17 18 19 -20 -21 -22 -23 -24 -25 -26 -27 -28 28 29 -31
leaf_value=0.0098695644830367087 -0.04463615876920795 -0.012183627448499783 0.005249090920953021 -0.05121702031335227 -0.011702187333571505 -0.0043128294176763672 -0.048279211091900247 0.021057448543163028 0.04726763608972076 0.00035504581171825756 -0.001427456199118149 0.0033750360564500561 -0.01031247856202158 0.01811764663755484 0.010019664380005301 -0.0037894691098534052 0.01212038161144933 0.025839013506899395 -0.0046139757931463604 0.013274498792638166 -0.006985402509589473 -0.071107568796787521 -0.031592069192595738 -0.052838257364896481 -0.00040367584143473714 -0.013493310229545495 0.015049607685368824 -0.0063612336277594633 -0.00077292199864874289 -0.016216506938040318
leaf_weight=485529 13556 24654 13798 13991 21834 126119 2300 71490 653 1871 347310 37942 6816 36708 7006 45915 3452 3248 15871 5337 3236 2035 2353 1715 21365 10332 14140 4342 37785 24477
leaf_count=485529 13556 24654 13798 13991 21834 126119 2300 71490 653 1871 347310 37942 6816 36708 7006 45915 3452 3248 15871 5337 3236 2035 2353 1715 21365 10332 14140 4342 37785 24477
internal_value=0 0.000336289 -0.00105617 -0.00950296 -0.0142855 0.00194945 0.00286795 -0.00045597 -0.000103606 -0.000743797 -0.000524635 0.00317909 -0.000285929 0.00122512 0.00237032 0.000815712 0.00845955 0.0124476 -0.00114318 0.0352805 -0.0216086 -0.0250532 -0.0416444 -0.00943559 -0.00576725 -0.0151851 -0.00196268 -0.00233873 -0.00782064 -0.00633411
internal_weight=0 1.39362e+06 747979 49623 35825 645645 519526 698356 671987 600497 594255 166201 100351 93535 89629 82623 65850 46527 19323 8585 6242 3906 3006 26369 33997 12632 428054 413914 66604 62262
internal_count=1407180 1393624 747979 49623 35825 645645 519526 698356 671987 600497 594255 166201 100351 93535 89629 82623 65850 46527 19323 8585 6242 3906 3006 26369 33997 12632 428054 413914 66604 62262
is_linear=0
shrinkage=0.1


Tree=40
num_leaves=31
num_cat=0
split_feature=3 64 20 6 4 4 6 13 3 123 63 6 0 1 4 1 6 64 4 123 3 2 2 3 20 2 20 62 124 3
split_gain=354.646 311.4 268.128 333.806 264.009 216.307 255.458 203.554 199.381 269.136 188.964 222.333 237.6 198.242 192.135 349.73 305.645 304.664 268.115 238.739 189.015 357.942 329.041 195.455 204.239 190.174 372.21 186.493 184.187 180.91
threshold=239110.68000000002 0.0438481307347496 6.5000000000000009 16.166666666666668 208232.48000000004 0.8650000000000001 5.7500000000000009 342.50000000000006 1341532.0800000003 131128.00000000003 13817.847891566267 9.8333333333333339 1282335.5000000002 1885021.0000000002 0.42500000000000004 507.50000000000006 8.4166666666666696 0.18271969591494999 4420.6800000000012 108149.00000000001 28237.855000000007 91082.035000000018 67806.740000000005 252.09 1.5000000000000002 89.160000000000011 1.5000000000000002 1329962.0000000002 3.5000000000000004 1109.7100000000003
decision_type=2 2 2 2 2 2 2 2 2 2 2 2 2 2 2 2 2 2 2 2 2 2 2 2 2 2 2 2 2 2
left_child=2 5 10 7 28 -2 8 -4 9 -7 14 12 27 -14 15 -1 -16 -18 -19 -20 23 22 -22 25 29 -17 -27 -12 -3 -25
right_child=1 4 3 -5 -6 6 -8 -9 -10 -11 11 -13 13 -15 16 20 17 18 19 -21 21 -23 -24 24 -26 26 -28 -29 -30 -31
leaf_value=0.012587938371363162 -0.0077481686399547113 -2.899130561717335e-05 -0.016215294462301192 0.052273120704920163 -0.04244164771108614 0.0091331432271019031 -0.0028650644578549034 -0.0019650752760205724 -0.050870560247025215 0.019642004564979266 -0.0031685620370785644 -0.0070779357941668335 0.0034441101536749688 -0.0017150484349134566 0.0073957337727267539 -0.0066749338456262063 0.0057201442737734977 -1.5137829269329384e-05 -0.0050751864072932562 -0.020778204446107864 -0.0058148669543446226 0.00011895748751417635 -0.018954732954897476 0.046279404513781409 0.009640098149209254 0.022825394793853728 -0.032229078243994562 -0.013648692392543843 -0.012475930854207408 -0.01398974888673153
leaf_weight=61359 12554 40578 41552 19626 20821 27445 212845 137850 1758 3102 5318 1616 1358 1492 292896 11460 302444 33855 18222 6014 7183 10329 3496 4571 46072 2144 5367 339 36716 36798
leaf_count=61359 12554 40578 41552 19626 20821 27445 212845 137850 1758 3102 5318 1616 1358 1492 292896 11460 302444 33855 18222 6014 7183 10329 3496 4571 46072 2144 5367 339 36716 36798
internal_value=0 -0.00257789 0.00107454 -0.00223023 -0.00737232 -0.000752514 -9.68977e-05 -0.00358478 0.00818903 0.0100737 0.00184624 -0.011735 -0.00527583 0.0182696 0.00200948 -0.000800578 0.00282132 0.000871963 -0.00576096 -0.0137904 -0.00378741 -0.0124557 -0.0252931 -0.00207611 -7.98536e-05 -0.0112772 -0.0236445 -0.017138 -0.00468005 -0.00518012
internal_weight=0 355819 1.05136e+06 199028 98115 257704 245150 179402 32305 30547 852333 10123 8507 2850 842210 188779 653431 360535 58091 24236 127420 21008 10679 106412 87441 18971 7511 5657 77294 41369
internal_count=1407180 355819 1051361 199028 98115 257704 245150 179402 32305 30547 852333 10123 8507 2850 842210 188779 653431 360535 58091 24236 127420 21008 10679 106412 87441 18971 7511 5657 77294 41369
is_linear=0
shrinkage=0.1


Tree=41
num_leaves=31
num_cat=0
split_feature=1 26 3 20 6 3 4 4 137 21 124 64 6 4 8 1 4 13 2 6 6 20 63 6 0 4 1 89 123 67
split_gain=327.387 236.614 234.555 194.664 263.617 180.372 178.739 192.944 252.103 174.855 174.225 216.496 263.555 205.156 333.977 280.225 207.558 261.198 296.699 195.71 180.6 163.731 158.334 163.816 193.065 175.35 159.298 156.614 156.577 155.054
threshold=15123318.000000002 2.5000000000000004 239110.68000000002 6.5000000000000009 16.166666666666668 8.3050000000000015 2.8250000000000006 21964.240000000002 164109.50000000003 2.5000000000000004 7.5000000000000009 0.69701369294416959 5.7500000000000009 18651.465000000004 1.0000000180025095e-35 331525.50000000006 0.8650000000000001 60279.000000000007 441329.70000000007 24.833333333333339 3.8333333333333335 12.500000000000002 37141.039316239323 9.4166666666666696 1282335.5000000002 4420.6800000000012 1885021.0000000002 15288.500000000002 161604.00000000003 12.500000000000002
decision_type=2 2 2 2 2 2 2 2 2 2 2 2 2 2 2 2 2 2 2 2 2 2 2 2 2 2 2 2 2 2
left_child=1 2 3 22 5 21 -7 8 -8 10 13 12 -12 16 -15 -16 17 20 -19 -17 -4 -5 27 24 25 -24 -26 29 -18 -1
right_child=-2 -3 9 4 -6 6 7 -9 -10 -11 11 -13 -14 14 15 19 28 18 -20 -21 -22 -23 23 -25 26 -27 -28 -29 -30 -31
leaf_value=0.0026345569834339334 -0.039107249844608984 0.45318036912120241 -0.015758757874371181 -0.016673210204911897 0.047138891029225041 0.0020286418353624215 -0.0073991001341482164 0.0011031002012335596 -0.065691793947161167 0.011650860695633118 0.031568530266315314 -0.020418138967656214 -0.0076886477701743356 -0.0017861942432850775 -0.024294450006116894 -0.0095941353167208199 0.0042830806608109484 0.0087517327679500333 -0.011659702361642918 0.060705260230690561 -0.011798557364746151 -0.03359054604562741 -0.010753740580550989 -0.0068068181395416344 0.0028897381136902111 -0.0026972030135249282 -0.0021238191598632961 -0.045293779276575345 0.020529913326803075 -0.061829542592659895
leaf_weight=817421 13556 33547 1198 14062 19623 68839 57320 33768 2683 9730 768 13938 26049 175952 15605 42266 34295 3505 1976 720 3925 2665 1232 1230 1189 2536 1389 1254 1360 3579
leaf_count=817421 13556 33547 1198 14062 19623 68839 57320 33768 2683 9730 768 13938 26049 175952 15605 42266 34295 3505 1976 720 3925 2665 1232 1230 1189 2536 1389 1254 1360 3579
internal_value=0 0.000296127 9.14856e-05 0.000836696 -0.00197256 -0.00317663 -0.00215948 -0.00500014 -0.00840303 -0.00222272 -0.00262235 -0.00873228 -0.00347781 -0.00173557 -0.00293598 -0.00947525 0.00435076 -0.00793203 0.00724136 -0.00530841 -0.0241658 -0.0130648 0.00151024 -0.0128803 -0.00640643 -0.0208338 0.0146806 0.00164283 0.00800373 0.00169677
internal_weight=0 1.39362e+06 1.36008e+06 1.02879e+06 198960 179337 162610 93771 60003 331287 321557 40755 26817 280802 234543 58591 46259 10604 5481 42986 5123 16727 829830 7576 6346 3768 2578 822254 35655 821000
internal_count=1407180 1393624 1360077 1028790 198960 179337 162610 93771 60003 331287 321557 40755 26817 280802 234543 58591 46259 10604 5481 42986 5123 16727 829830 7576 6346 3768 2578 822254 35655 821000
is_linear=0
shrinkage=0.1


Tree=42
num_leaves=31
num_cat=0
split_feature=64 123 4 4 64 3 2 4 3 6 138 92 3 20 137 18 2 5 3 20 20 20 2 124 20 6 1 1 64 3
split_gain=297.751 333.104 313.147 303.791 213.662 184.656 182.974 194.076 286.239 291.197 271.426 242.221 208.864 279.28 376.973 245.085 219.917 286.176 208.499 326.378 202.375 243.581 256.127 191.874 209.645 184.619 181.069 237.829 351.435 243.436
threshold=0.64444430687377741 229917.50000000003 219950.51000000004 2539.7350000000001 1.0847922267505277 35753.235000000008 1780741.9100000004 0.42500000000000004 24417.235000000004 5.7500000000000009 7.5000000000000009 0.0030921838897299023 7946.1500000000005 2.5000000000000004 901496.50000000012 1.0000000180025095e-35 2455.7450000000003 1.0000000180025095e-35 1462.9600000000003 1.5000000000000002 23.500000000000004 4.5000000000000009 70092.390000000014 4.5000000000000009 1.0000000180025095e-35 4.8333333333333348 19649581.000000004 530043.00000000012 9733.150787401577 21182.050000000003
decision_type=2 2 2 2 2 2 2 2 2 2 2 2 2 2 2 2 2 2 2 2 2 2 2 2 2 2 2 2 2 2
left_child=6 2 26 4 -3 -5 7 12 11 23 -11 -9 16 14 -14 -15 18 25 -1 -20 21 22 -17 -10 -25 -18 27 28 -2 -29
right_child=1 3 -4 5 -6 -7 -8 8 9 10 -12 -13 13 15 -16 20 17 -19 19 -21 -22 -23 -24 24 -26 -27 -28 29 -30 -31
leaf_value=0.00036940461088116894 -0.00094118321004508241 -0.002390241269232261 -0.042505626622169793 -0.0085042076166076518 0.039936035960280822 -0.014389527611099613 -0.019117997326034322 0.025137265955224919 0.0051489967816924281 0.00096137365995234707 -0.010575546955667925 -0.016250543660290596 -0.0096392976531728593 0.00086415755917351603 0.047830126459284042 -0.0059390525541408558 -0.09931905578943645 0.055274400021291331 -0.029151377185417316 0.00051045933333625313 -0.037285879113454767 -0.003344223694715499 -0.059085671604758062 0.031876913017142398 0.0053916381540405345 0.14367612266573579 -0.054046539557028567 -0.027779588405335072 -0.01092039983360036 0.0039278214210521053
leaf_weight=129240 100374 26652 9009 1863 958 29226 20562 136845 92690 586464 30648 28641 38775 55092 2156 1134 991 26211 3367 4837 724 9363 1073 1353 1731 950 4086 2452 6261 53452
leaf_count=129240 100374 26652 9009 1863 958 29226 20562 136845 92690 586464 30648 28641 38775 55092 2156 1134 991 26211 3367 4837 724 9363 1073 1353 1731 950 4086 2452 6261 53452
internal_value=0 -0.00312752 -0.000947882 -0.00964924 -0.00201541 -0.0164288 0.000776966 0.000943816 0.00166854 0.000798788 2.58169e-06 0.00541529 -0.0013802 -0.0047945 -0.0113097 -0.000837074 0.000853115 0.00890528 -0.000796172 -0.016255 -0.0136036 -0.0103941 -0.0402796 0.00592908 0.0304673 -0.0281449 3.39516e-05 0.000556615 -0.00221304 0.00583963
internal_weight=0 234333 175634 58699 27610 31089 1.17285e+06 1.15228e+06 878372 712886 617112 165486 273913 108317 40931 67386 165596 28152 137444 8204 12294 11570 2207 95774 3084 1941 166625 162539 106635 55904
internal_count=1407180 234333 175634 58699 27610 31089 1172847 1152285 878372 712886 617112 165486 273913 108317 40931 67386 165596 28152 137444 8204 12294 11570 2207 95774 3084 1941 166625 162539 106635 55904
is_linear=0
shrinkage=0.1


Tree=43
num_leaves=31
num_cat=0
split_feature=64 3 6 63 0 4 53 4 4 124 64 63 123 64 20 134 2 6 13 123 4 13 1 6 3 64 4 20 0 3
split_gain=247.936 321.971 250.721 198.954 302.416 215.961 210.385 201.445 290.048 403.539 282.723 195.122 214.604 187.451 183.324 178.933 208.776 194.439 182.281 169.128 167.665 165.679 165.143 162.884 281.917 156.325 154.424 153.922 152.728 159.151
threshold=0.35424476686679446 291452.71500000003 8.4166666666666696 0.35508224064587496 308.50000000000006 598474.39500000014 5.2925764382270999e-06 17458.500000000004 21964.240000000002 10.500000000000002 0.0002807567804118706 18797.914285714291 127957.50000000001 0.0002807567804118706 6.5000000000000009 254676.50000000003 1.5050000000000001 6.166666666666667 3.5000000000000004 3809396.0000000005 156.45000000000002 27.500000000000004 383377.00000000006 5.7500000000000009 674787.88000000012 0.017371321959012923 4420.6800000000012 1.5000000000000002 15337258.500000002 188885.29500000001
decision_type=2 2 2 2 2 2 2 2 2 2 2 2 2 2 2 2 2 2 2 2 2 2 2 2 2 2 2 2 2 2
left_child=3 2 14 4 15 6 7 10 9 -9 -5 12 20 -11 21 16 18 -18 -1 -6 -4 -2 -10 24 25 -24 -14 -3 29 -25
right_child=1 27 11 5 19 -7 -8 8 22 13 -12 -13 26 -15 -16 -17 17 -19 -20 -21 -22 -23 23 28 -26 -27 -28 -29 -30 -31
leaf_value=0.088703817495278475 -0.0035563072814679408 -0.026748886559912744 0.032371494006591853 0.027153785551730376 -0.0027384123272806466 -0.026771923827308333 0.026901288097406353 0.004755541739006542 -0.012087784317814954 0.010386527207936293 0.005218041253960793 -0.0062452750163985542 -0.0052185704736562675 -0.038403103252227143 -0.0051340424976129787 -0.0043773882030631933 0.018088356058975387 0.005609242020150962 -0.010379529458877493 -0.0038580982097689374 -0.0038929905456960359 0.002989625544410113 0.01423912570217007 0.013322923568263981 -0.01892170630982979 0.0053980452390985723 -0.018545630692452443 -0.0087032532322320558 0.10130569879715244 -0.011215403901093199
leaf_weight=8130 8889 14966 7805 7421 329483 3040 9332 2204 8345 263 95007 1825 12582 1850 33264 126119 78676 401348 23526 3763 44929 91222 4363 9614 2525 4855 8159 44820 1645 17210
leaf_count=8130 8889 14966 7805 7421 329483 3040 9332 2204 8345 263 95007 1825 12582 1850 33264 126119 78676 401348 23526 3763 44929 91222 4363 9614 2525 4855 8159 44820 1645 17210
internal_value=0 -0.00261036 -0.00075669 0.000767922 0.000218657 0.00394886 0.00443654 0.00356025 -0.00145253 -0.0262924 0.00614788 -0.00536986 -0.0045676 -0.0575178 0.00184779 0.00149428 0.00232584 0.00284457 -0.00553999 -0.00222276 -0.00117823 0.00398486 0.000755882 0.00341256 0.0133222 0.0214315 -0.0131851 -0.00908034 -0.000675001 -0.00248882
internal_weight=0 268461 208675 1.13872e+06 971045 167674 164634 155302 52874 4317 102428 75300 73475 2113 133375 637799 511680 480024 31656 333246 52734 100111 48557 40212 11743 9218 20741 59786 28469 26824
internal_count=1407180 268461 208675 1138719 971045 167674 164634 155302 52874 4317 102428 75300 73475 2113 133375 637799 511680 480024 31656 333246 52734 100111 48557 40212 11743 9218 20741 59786 28469 26824
is_linear=0
shrinkage=0.1


Tree=44
num_leaves=31
num_cat=0
split_feature=1 95 20 20 26 3 124 4 6 20 21 128 3 4 64 62 6 6 3 3 3 0 20 4 140 5 64 64 2 0
split_gain=228.759 182.936 185.202 173.075 174.596 162.274 131.64 144.921 188.702 165.718 115.27 120.786 205.537 113.735 345.79 253.796 310.491 175.875 164.103 390.029 288.518 251.401 198.799 189.782 251.379 188.633 199.331 198.573 180.52 176.825
threshold=15123318.000000002 1.0000000180025095e-35 17.500000000000004 16.500000000000004 2.5000000000000004 600848.99000000011 12.500000000000002 14587.040000000003 24.583333333333339 6.5000000000000009 2.5000000000000004 0.069047619047619066 27316.770000000004 133767.99500000002 6.6672440787921572e-05 575132.50000000012 24.416666666666668 5.416666666666667 11336.355000000001 6635.2800000000016 19857.690000000006 223794.00000000003 7.5000000000000009 0.42500000000000004 0.080128205128205135 3.0000000000000004 0.98437543896554125 0.023950358568205498 9575.5450000000019 1128489.5000000002
decision_type=2 2 2 2 2 2 2 2 2 2 2 2 2 2 2 2 2 2 2 2 2 2 2 2 2 2 2 2 2 2
left_child=1 2 3 4 6 -4 10 -8 9 -9 11 13 -13 18 17 16 -16 -15 19 22 29 -21 25 24 -22 27 -27 -1 -23 -20
right_child=-2 -3 5 -5 -6 -7 7 8 -10 -11 -12 12 -14 14 15 -17 -18 -19 20 21 23 28 -24 -25 -26 26 -28 -29 -30 -31
leaf_value=0.0047649009715545199 -0.031871128346346422 0.025213698937200376 -0.0034661635656292322 0.095579346810691135 0.40682616782439474 -0.017597007560746971 -0.0012712875023975945 -0.028402551776068426 0.016975936850295328 0.0016691845376888004 0.015295380074895983 0.014738986849479607 -0.020308329547759518 0.023384624072878293 -0.041767234904460077 -0.0065361225407716168 0.046858747406969214 -0.0023025506644799298 0.014258665675864358 -0.015976684490530604 -0.0010754237089741902 -0.025647776997770124 -0.015723653575797771 0.0015060714431504253 -0.067915332908496925 0.0022231564027409114 -0.028234243934724158 0.089641923277372776 -0.031667229145689042 -0.033758787480693324
leaf_weight=139132 13556 4837 73807 7657 33547 13365 17313 5641 2214 2062 15131 2245 3969 28179 13248 19229 377 283280 83053 20804 43406 5908 44444 458245 3472 29126 15547 17282 5691 1413
leaf_count=139132 13556 4837 73807 7657 33547 13365 17313 5641 2214 2062 15131 2245 3969 28179 13248 19229 377 283280 83053 20804 43406 5908 44444 458245 3472 29126 15547 17282 5691 1413
internal_value=0 0.000233919 0.000166304 0.000465153 0.000376449 -0.00429599 0.000186941 -0.00669051 -0.0163297 -0.023725 0.000338802 0.000231045 -0.0136753 0.000302353 -0.00123541 -0.0109929 -0.0214342 -0.000206152 0.000912679 -0.00109051 0.00185699 -0.0114024 0.000270364 0.000952391 -0.0051079 0.00160809 -0.00412293 0.00324492 -0.0231989 0.00726664
internal_weight=0 1.39362e+06 1.38879e+06 1.30162e+06 1.29396e+06 87172 1.26041e+06 27230 9917 7703 1.23318e+06 1.21805e+06 6214 1.21184e+06 344313 32854 13625 311459 867523 277934 589589 32403 245531 505123 46878 201087 44673 156414 11599 84466
internal_count=1407180 1393624 1388787 1301615 1293958 87172 1260411 27230 9917 7703 1233181 1218050 6214 1211836 344313 32854 13625 311459 867523 277934 589589 32403 245531 505123 46878 201087 44673 156414 11599 84466
is_linear=0
shrinkage=0.1


Tree=45
num_leaves=31
num_cat=0
split_feature=3 0 64 123 127 4 6 1 2 6 4 3 3 3 20 3 20 137 140 2 5 3 20 2 6 137 63 6 3 4
split_gain=198.377 312.26 166.178 270.915 214.251 206.495 224.344 214.191 181.776 165.247 149.229 209.482 227.463 344.363 210.968 235.222 204.558 201.012 198.95 198.016 268.396 203.278 326.297 170.272 208.895 191.222 217.513 169.104 168.868 231.285
threshold=898159.33500000008 2.5000000000000004 0.35424476686679446 3334033.0000000005 0.84523809523809534 1371.9300000000001 4.8333333333333348 530043.00000000012 696559.6050000001 2.2500000000000004 0.28500000000000009 7946.1500000000005 13937.940000000001 19857.690000000006 1.0000000180025095e-35 10366.890000000001 3.5000000000000004 67.500000000000014 0.080128205128205135 2455.7450000000003 1.0000000180025095e-35 1462.9600000000003 1.5000000000000002 82615.145000000004 5.7500000000000009 9051.0000000000018 0.35508224064587496 4.8333333333333348 147985.44500000004 11723.540000000003
decision_type=2 2 2 2 2 2 2 2 2 2 2 2 2 2 2 2 2 2 2 2 2 2 2 2 2 2 2 2 2 2
left_child=2 -2 4 5 10 6 -4 -7 -5 -3 11 19 14 -14 -13 -16 18 -17 -15 21 27 -1 -23 -12 28 -26 -27 -21 29 -25
right_child=1 9 3 8 -6 7 -8 -9 -10 -11 23 12 13 16 15 17 -18 -19 -20 20 -22 22 -24 24 25 26 -28 -29 -30 -31
leaf_value=-3.6037234274033381e-05 0.028031774734932791 -0.054523199292289992 0.0070233736987954879 -0.025595895105511864 0.0038625815654774751 -0.0048144271290886196 0.00048032372121481839 0.00018429815172060104 -0.0037885221525147173 -0.026209076074789828 0.0093163176060821144 0.072757743017351426 0.021964253596308603 -0.0054213927340051263 -0.016422175168484498 -0.0012032143915315264 -0.001621362454875042 -0.038225329688115275 -0.071477914882897092 -0.089002112668937927 0.053104764777581359 -0.027337101511127004 -0.0010316536449455405 -0.007540961005512492 -0.00033429222731711232 -0.028066782176705597 -0.0041723284025565674 0.12638831046068233 0.0098267766557140566 0.0064826438012616661
leaf_weight=121635 13515 4543 12476 10487 41295 72856 83110 77638 6495 19490 312893 1062 13765 18377 10829 1432 40835 3655 2225 965 24081 2680 4291 6576 414134 8920 18536 908 42587 14889
leaf_count=121635 13515 4543 12476 10487 41295 72856 83110 77638 6495 19490 312893 1062 13765 18377 10829 1432 40835 3655 2225 965 24081 2680 4291 6576 414134 8920 18536 908 42587 14889
internal_value=0 -0.00708445 0.000283127 -0.00197602 0.000820189 -0.00113299 0.0025018 -0.00344162 -0.0141921 -0.0139231 0.000546228 -0.0016095 -0.00538248 -0.00302219 -0.0158371 -0.0187166 -0.00622526 -0.0364538 -0.014349 0.000640706 0.00860836 -0.000967247 -0.0175745 0.00119605 6.14903e-05 -0.000712614 -0.00879446 -0.0278548 0.00539835 -0.00183402
internal_weight=0 37548 1.36963e+06 263062 1.10657e+06 246080 95586 150494 16982 24033 1.06528e+06 246740 92180 75202 16978 15916 61437 5087 20602 154560 25954 128606 6971 818535 505642 441590 27456 1873 64052 21465
internal_count=1407180 37548 1369632 263062 1106570 246080 95586 150494 16982 24033 1065275 246740 92180 75202 16978 15916 61437 5087 20602 154560 25954 128606 6971 818535 505642 441590 27456 1873 64052 21465
is_linear=0
shrinkage=0.1


Tree=46
num_leaves=31
num_cat=0
split_feature=0 3 52 6 3 4 3 64 62 2 6 2 13 20 0 134 2 138 1 3 0 6 6 4 124 62 20 63 0 4
split_gain=173.585 219.862 211.55 247.862 254.615 696.465 337.023 295.912 281.264 185.691 420.243 214.537 218.779 241.624 196.303 179.242 151.585 148.043 147.662 152.375 146.118 185.937 139.756 148.661 190.61 150.166 262.238 208.423 256.637 200.913
threshold=34599.000000000007 898159.33500000008 1.0104773876057826e-06 5.7500000000000009 151421.72500000003 75597.780000000013 291452.71500000003 0.12437324461448825 1884397.5000000002 95506.540000000023 1.0000000180025095e-35 260.29000000000002 1550.5000000000002 6.5000000000000009 1610.5000000000002 243557.00000000003 377050.77500000008 7.5000000000000009 402761.00000000006 550214.39000000013 350.50000000000006 6.166666666666667 24.583333333333339 3997.6350000000007 20.500000000000004 34803.500000000007 6.5000000000000009 18797.914285714291 1229514.0000000002 41.855000000000011
decision_type=2 2 2 2 2 2 2 2 2 2 2 2 2 2 2 2 2 2 2 2 2 2 2 2 2 2 2 2 2 2
left_child=9 2 3 4 8 6 16 18 17 11 -11 12 13 -1 -14 -13 -6 -2 -7 -20 21 -12 23 25 -25 -5 27 29 -29 -27
right_child=1 -3 -4 22 5 7 -8 -9 -10 10 20 15 14 -15 -16 -17 -18 -19 19 -21 -22 -23 -24 24 -26 26 -28 28 -30 -31
leaf_value=0.009658444250761589 -0.00015967564944852075 -0.033889697675595937 0.016100692675571838 -0.0059160300841235476 0.0099918684742317694 -0.014459053464510631 0.0041388308394258782 -0.0152481917433838 -0.0067139228996573362 -0.012550405127297951 0.014897623517799148 0.0140680630280277 -0.05346967949918581 -0.016555589990357136 -0.013472363740675728 -0.012377432666247225 0.022024150424471225 0.0070371416908338001 0.016283551032967292 -0.001273195962060325 -0.0050244613184738558 -0.0010574140667128252 0.018484276741748244 -0.0050769591489511455 -0.032301870262723568 0.012055602901424579 -0.0061220880922640128 -0.0093075893856728702 0.0002862467304597092 0.0022489691552366408
leaf_weight=63965 104568 12510 13359 88913 10160 1463 12518 16086 3668 1724 39450 296938 1285 20762 19751 14437 2353 1464 4635 2747 44924 334048 13010 165409 1852 23557 34742 1674 2301 52907
leaf_count=63965 104568 12510 13359 88913 10160 1463 12518 16086 3668 1724 39450 296938 1285 20762 19751 14437 2353 1464 4635 2747 44924 334048 13010 165409 1852 23557 34742 1674 2301 52907
internal_value=0 -0.00128863 -0.000994375 -0.00129966 0.00201215 0.00792946 0.0197126 -0.00390093 -0.000682841 0.000973912 -0.000509969 0.00246849 -0.00142273 0.000843513 -0.0105505 0.0037902 0.0313185 0.000258939 0.0107913 0.0165433 -0.000306962 0.000341134 -0.00267536 -0.00303227 -0.00524242 -0.00122098 0.00116223 0.00429805 -0.0180274 0.00545864
internal_weight=0 569896 557386 544027 159662 49962 25031 24931 109700 837284 420146 417138 105763 84727 21036 311375 12513 106032 8845 7382 418422 373498 384365 371355 167261 204094 115181 80439 3975 76464
internal_count=1407180 569896 557386 544027 159662 49962 25031 24931 109700 837284 420146 417138 105763 84727 21036 311375 12513 106032 8845 7382 418422 373498 384365 371355 167261 204094 115181 80439 3975 76464
is_linear=0
shrinkage=0.1


Tree=47
num_leaves=31
num_cat=0
split_feature=1 95 26 20 20 128 3 3 67 21 124 4 6 0 4 64 53 4 2 13 0 4 123 3 6 3 63 124 137 0
split_gain=160.224 157.019 158.241 135.635 157.082 115.288 143.62 114.245 106.584 102.067 115.656 139.957 131.117 103.737 294.403 138.748 99.4288 135.824 98.8184 142.494 122.53 113.946 293.21 250.131 267.863 480.817 260.949 239.431 235.612 206.888
threshold=15123318.000000002 1.0000000180025095e-35 10.500000000000002 17.500000000000004 16.500000000000004 0.069047619047619066 26414.605000000003 600848.99000000011 12.500000000000002 2.5000000000000004 12.500000000000002 14587.040000000003 28.833333333333339 320055.00000000006 0.8650000000000001 0.0014965379029624826 2.4000341911599894 16815.105000000003 1.3150000000000002 7.5000000000000009 19.500000000000004 45138.600000000013 25057.000000000004 151421.72500000003 5.7500000000000009 285539.54000000004 37141.039316239323 3.5000000000000004 2924306.5000000005 3333711.0000000005
decision_type=2 2 2 2 2 2 2 2 2 2 2 2 2 2 2 2 2 2 2 2 2 2 2 2 2 2 2 2 2 2
left_child=1 2 3 4 5 8 -7 16 9 10 18 13 -13 -12 -15 -16 -5 -18 19 -1 -21 23 -23 26 25 27 28 -25 -20 -30
right_child=-2 -3 -4 7 -6 6 -8 -9 -10 -11 11 12 -14 14 15 -17 17 -19 21 20 -22 22 -24 24 -26 -27 -28 -29 29 -31
leaf_value=-0.0014982369209976033 -0.026921270115711438 0.022794150865439546 0.36807027174869822 -0.0021444644392527661 0.084542305332035286 0.011749921114788987 -0.01745183236197374 -0.014981795014240901 -0.052018675317841302 0.012962007378708807 0.011536579190473507 -0.022749986459300348 0.050426347260754005 -0.025740606737546964 0.024568902066153891 -0.0060012728830461971 -0.046235978868944136 0.014144772812306495 0.0010555295957855261 -0.015248380694373554 -0.0034570017761762386 -0.00029855496314052239 -0.016573699154494602 0.0057493541012399799 0.0019950959824657699 0.00086287209419313451 -0.0033649777039827058 0.01793527596729563 -0.072220231704872392 -0.020434035410988378
leaf_weight=16516 13556 4837 32933 70569 7657 2490 5349 13365 3781 17075 4978 7222 871 532 887 9074 2391 847 571580 3998 4231 490731 28413 6460 61296 12694 5755 4998 876 1218
leaf_count=16516 13556 4837 32933 70569 7657 2490 5349 13365 3781 17075 4978 7222 871 532 887 9074 2391 847 571580 3998 4231 490731 28413 6460 61296 12694 5755 4998 876 1218
internal_value=0 0.000173212 0.000110569 -5.57914e-05 0.000206384 0.000119677 -0.0119698 -0.00387143 0.000195299 0.000246032 0.000139641 -0.00679889 -0.0174545 -0.00122487 -0.00686493 -0.00299391 -0.00233092 -0.0194656 0.000274902 -0.00597947 -0.0167301 0.000405613 -0.000704574 0.00127246 0.00632329 0.0152429 0.000527619 0.030094 0.000740172 -0.0327422
internal_weight=0 1.39362e+06 1.38879e+06 1.35585e+06 1.26868e+06 1.26102e+06 7839 87172 1.25319e+06 1.2494e+06 1.23233e+06 23564 8093 15471 10493 9961 73807 3238 1.20877e+06 24745 8229 1.18402e+06 519144 664877 85448 24152 579429 11458 573674 2094
internal_count=1407180 1393624 1388787 1355854 1268682 1261025 7839 87172 1253186 1249405 1232330 23564 8093 15471 10493 9961 73807 3238 1208766 24745 8229 1184021 519144 664877 85448 24152 579429 11458 573674 2094
is_linear=0
shrinkage=0.1


Tree=48
num_leaves=31
num_cat=0
split_feature=64 123 4 13 20 4 64 1 18 3 8 20 20 6 89 4 62 2 0 0 6 0 6 2 3 146 122 118 4 128
split_gain=153.825 252.411 198.697 188.566 184.514 161.57 267.219 166.723 148.777 216.057 191.637 159.327 200.497 148.579 141.449 140.248 212.748 226.62 140.67 164.356 138.458 131.895 127.659 126.194 125.518 167.706 153.331 133.653 125.174 124.494
threshold=0.90096147176585373 229917.50000000003 232022.12000000002 824319.50000000012 14.500000000000002 46605.195000000007 0.99999920423178934 530043.00000000012 1.0000000180025095e-35 22623.450000000004 1.0000000180025095e-35 23.500000000000004 4.5000000000000009 6.416666666666667 7554.0000000000009 1371.9300000000001 3320774.0000000005 97289.885000000024 27455395.500000004 519544.50000000006 5.7500000000000009 81170229.000000015 6.416666666666667 1.3150000000000002 60538.395000000011 203933.00000000003 1.0000000180025095e-35 0.41428571428571431 73907.49000000002 0.069047619047619066
decision_type=2 2 2 2 2 2 2 2 2 2 2 2 2 2 2 2 2 2 2 2 2 2 2 2 2 2 2 2 2 2
left_child=8 2 3 15 5 6 -3 -8 14 -10 11 12 -11 -9 23 20 17 22 19 28 -2 -7 -17 -1 25 26 27 -25 -19 -26
right_child=1 4 -4 -5 -6 21 7 13 9 10 -12 -13 -14 -15 -16 16 -18 18 -20 -21 -22 -23 -24 24 29 -27 -28 -29 -30 -31
leaf_value=-0.0080293989767417188 0.0077314336998390298 -0.0073417712644437087 -0.033749963786171344 0.023301859762577672 -0.028720472715678094 -0.0312163711010401 -0.0032109748160440879 0.013326813151077158 0.01237257683162365 -0.024140831161118863 -0.0029120109941899843 -0.032256599417477161 -0.0055099186067432363 -0.00031158907671238419 -0.04052055399862612 -0.00033647471857178868 -0.014121272475303268 0.00193349522819872 -0.044527709447754797 0.0078750668781120952 0.00065492949888151797 0.048901618270835369 -0.012042338693152348 0.0039655709355212116 0.00014710356119858049 -0.071851825577735617 0.0052312900539081665 0.041068439247149563 -0.012225923664376675 -0.017376712609461321
leaf_weight=21811 8813 9501 7827 12269 7125 9108 4899 7335 21165 5717 25712 956 9863 7906 2331 14424 3742 11666 2965 18782 50790 684 23433 440702 613557 1558 52092 2389 5318 2740
leaf_count=21811 8813 9501 7827 12269 7125 9108 4899 7335 21165 5717 25712 956 9863 7906 2331 14424 3742 11666 2965 18782 50790 684 23433 440702 613557 1558 52092 2389 5318 2740
internal_value=0 -0.00244238 -0.000556992 0.000242076 -0.00892283 -0.00624686 -0.00256778 0.00395364 0.000511816 -0.00420226 -0.00833369 -0.016732 -0.0143005 0.00911203 0.000774689 -0.000800159 -0.00352714 -0.00238961 0.00298829 0.00472348 0.00287514 -0.0173837 -0.00789166 0.000825235 0.000972851 0.0021557 0.00225876 0.00165541 -0.00240519 1.94647e-05
internal_weight=0 206587 160029 152202 46558 39433 29641 20140 1.20059e+06 63413 42248 16536 15580 15241 1.13718e+06 139933 80330 76588 38731 35766 59603 9792 37857 1.13485e+06 1.11304e+06 496741 495183 443091 16984 616297
internal_count=1407180 206587 160029 152202 46558 39433 29641 20140 1200593 63413 42248 16536 15580 15241 1137180 139933 80330 76588 38731 35766 59603 9792 37857 1134849 1113038 496741 495183 443091 16984 616297
is_linear=0
shrinkage=0.1


Tree=49
num_leaves=31
num_cat=0
split_feature=26 3 6 95 48 137 1 52 62 0 3 6 64 4 127 4 3 62 64 13 0 62 3 4 20 20 123 64 124 4
split_gain=148.682 161.171 161.422 118.193 113.27 106.164 121.399 194.617 122.513 145.736 116.657 113.776 190.825 140.165 146.943 118.189 164.677 145.589 118.445 100.44 99.9093 98.029 180.82 198.654 163.914 160.685 145.985 136.347 132.61 151.854
threshold=56.500000000000007 958771.89500000014 2.2500000000000004 1.0000000180025095e-35 10.000000000000002 4530278.0000000009 1647018.5000000002 1.0104773876057826e-06 1724298.0000000002 1329140.0000000002 147985.44500000004 2.8333333333333335 0.015725808193979382 6645.505000000001 0.88194444444444453 16180.365000000002 142941.84000000003 1884397.5000000002 0.21795015435757678 4967352.5000000009 12312525.500000002 499511.00000000006 89727.680000000008 2.8250000000000006 1.5000000000000002 14.500000000000002 1341018.0000000002 13660.523155120483 14.500000000000002 55318.500000000007
decision_type=2 2 2 2 2 2 2 2 2 2 2 2 2 2 2 2 2 2 2 2 2 2 2 2 2 2 2 2 2 2
left_child=1 3 -3 5 19 6 8 11 21 10 -10 12 13 14 -8 16 17 18 -14 -4 -18 26 23 24 -23 -25 27 -1 29 -24
right_child=-2 2 4 -5 -6 -7 7 -9 9 -11 -12 -13 15 -15 -16 -17 20 -19 -20 -21 -22 22 28 25 -26 -27 -28 -29 -30 -31
leaf_value=0.00024111440156113773 0.33739608747974192 -0.052005750826708233 -0.025671098994738142 0.019257114005080612 0.066877168908671791 0.019368598751080698 -0.0037169372090761323 0.028818997415153591 -0.016456998739560823 0.002471992365830475 -0.036802484642967231 -0.0032285248510742488 -0.0068125906950701198 0.019221662268690876 0.0023541570846078112 -0.011970462612102965 0.011930134263270505 -0.0056328408829458667 0.0075828114928992111 0.024310288673060971 -0.0060315637779481792 0.10051154392747744 0.01093694603399073 -0.00079332599415303799 0.0012316397485129249 -0.016929443612986872 0.0051863425665020502 -0.0069845965683291468 -0.0091127395206878695 0.0065514285206165219
leaf_weight=1087133 31288 3995 20273 4960 3889 5385 1350 4472 456 415 557 139610 146 1954 1378 5737 1692 911 800 1750 568 2791 12337 31904 4787 3131 897 5870 3457 23287
leaf_count=1087133 31288 3995 20273 4960 3889 5385 1350 4472 456 415 557 139610 146 1954 1378 5737 1692 911 800 1750 568 2791 12337 31904 4787 3131 897 5870 3457 23287
internal_value=0 -9.43411e-05 -0.00735515 6.699e-05 -0.00447044 9.99994e-06 -4.64962e-05 -0.00264353 0.000303486 -0.0289692 -0.0494167 -0.00324016 0.0051795 0.0218016 0.00715812 -0.00271828 0.0102098 -0.0118537 0.0156235 -0.00724879 0.0283389 0.000339044 0.00368055 -0.000824916 0.0138559 -0.00400035 8.94956e-05 5.64014e-05 0.00859321 0.0104078
internal_weight=0 1.37589e+06 29907 1.34598e+06 25912 1.34102e+06 1.33564e+06 158618 1.17702e+06 1428 1013 154146 14536 4682 2728 9854 4117 1857 946 22023 2260 1.17559e+06 81694 42613 7578 35035 1.0939e+06 1.093e+06 39081 35624
internal_count=1407180 1375892 29907 1345985 25912 1341025 1335640 158618 1177022 1428 1013 154146 14536 4682 2728 9854 4117 1857 946 22023 2260 1175594 81694 42613 7578 35035 1093900 1093003 39081 35624
is_linear=0
shrinkage=0.1


Tree=50
num_leaves=31
num_cat=0
split_feature=26 3 6 13 20 3 6 62 3 137 0 97 64 1 90 105 20 13 3 2 137 124 2 6 4 3 2 6 62 4
split_gain=143.56 141.092 164.982 134.466 131.58 127.548 147.583 105.485 130.085 96.5986 143.646 103.029 100.038 94.6136 92.649 94.1978 98.1684 221.499 233.578 301.121 161.167 147.507 153.413 169.962 118.438 112.754 220.068 262.778 122.509 117.501
threshold=56.500000000000007 598559.18000000005 2.2500000000000004 7825083.0000000009 16.500000000000004 597404.63000000012 6.5833333333333348 547633.00000000012 633520.7300000001 4530278.0000000009 9434609.5000000019 1.0000000180025095e-35 0.38534472604713554 13752.000000000002 0.65239976743419914 45902.000000000007 1.0000000180025095e-35 67339.000000000015 19355.470000000005 34346.31500000001 41876.500000000007 11.500000000000002 229466.14000000004 7.8333333333333348 185154.24500000002 385449.85000000003 459978.93000000005 5.7500000000000009 202788.50000000003 741.81000000000006
decision_type=2 2 2 2 2 2 2 2 2 2 2 2 2 2 2 2 2 2 2 2 2 2 2 2 2 2 2 2 2 2
left_child=1 5 7 4 -4 9 13 -3 -9 10 11 14 -12 -7 15 16 17 20 -19 -20 -1 22 -21 24 -24 26 29 -28 -27 -18
right_child=-2 2 3 -5 -6 6 -8 8 -10 -11 12 -13 -14 -15 -16 -17 25 18 19 21 -22 -23 23 -25 -26 28 27 -29 -30 -31
leaf_value=0.0017505394243865437 0.30365647873176771 -0.022557165235032484 -0.0037984680224120281 0.029273489118724433 -0.016471712378591855 0.015658441742822934 0.0053494073366876843 0.012099369673057046 -0.021007309024714149 0.026238641808782048 0.0024243874770184665 0.019403220539868177 -0.020027606896826144 -0.012301584219741358 -0.019043021139658407 0.034005786039181987 0.00054374219640029029 0.059674888424664486 -0.10260832130652159 0.0012345315821361128 -0.0079328820624819715 -0.0045358932936340702 0.021417304363938121 0.0055409664048853904 -0.037794854703070896 -0.012215705508680503 0.023057667937871611 0.0065137436905246737 0.00093858240741687702 -0.0022223079237391123
leaf_weight=516074 31288 3041 93712 5191 11562 1697 8605 859 5113 4396 4570 4592 13328 315 9604 3586 368414 10140 2354 6435 5995 3199 2484 3539 251 14260 1829 14839 10931 244977
leaf_count=516074 31288 3041 93712 5191 11562 1697 8605 859 5113 4396 4570 4592 13328 315 9604 3586 368414 10140 2354 6435 5995 3199 2484 3539 251 14260 1829 14839 10931 244977
internal_value=0 -8.07334e-05 -0.00336457 -0.00230313 -0.00307787 0.000231541 0.0111458 -0.0163738 -0.00865394 0.000138527 8.61269e-05 0.000216231 -0.00880775 0.0355283 0.000159907 0.000237602 0.00018947 0.00117393 0.00977412 0.00301661 0.000706057 0.00795622 0.0127874 0.0239143 0.0426369 -0.000637569 -0.000375271 0.0109622 -0.00719798 -0.00068335
internal_weight=0 1.37589e+06 119478 110465 105274 1.25641e+06 10617 9013 5972 1.2458e+06 1.2414e+06 1.2235e+06 17898 2012 1.21891e+06 1.20931e+06 1.20572e+06 550471 28402 18262 522069 15908 12709 6274 2735 655250 630059 16668 25191 613391
internal_count=1407180 1375892 119478 110465 105274 1256414 10617 9013 5972 1245797 1241401 1223503 17898 2012 1218911 1209307 1205721 550471 28402 18262 522069 15908 12709 6274 2735 655250 630059 16668 25191 613391
is_linear=0
shrinkage=0.1


Tree=51
num_leaves=31
num_cat=0
split_feature=26 3 48 6 76 4 3 118 5 2 6 0 1 13 4 62 64 146 0 64 63 20 6 4 128 20 137 137 20 2
split_gain=140.992 134.415 121.866 88.9872 82.4813 205.155 89.8342 150.725 142.518 204.873 206.25 194.677 169.64 253.653 203.602 136.415 237.085 132.099 136.868 164.071 147.194 133.357 128.769 126.956 125.749 123.691 147.727 155.034 123.645 203.1
threshold=10.500000000000002 958771.89500000014 10.000000000000002 2.2500000000000004 9.5000000000000018 9042.5150000000012 54180.205000000009 0.41428571428571431 1.5000000000000002 14332.500000000002 10.583333333333334 813679.00000000012 107725.50000000001 150410.50000000003 0.28500000000000009 68385.000000000015 0.25113876259744577 128959.00000000001 367498.50000000006 0.0015683131222281306 112421.37500000001 14.500000000000002 6.416666666666667 2.4450000000000007 0.069047619047619066 16.500000000000004 464728.00000000006 392033.50000000006 10.500000000000002 35.420000000000009
decision_type=2 2 2 2 2 2 2 2 2 2 2 2 2 2 2 2 2 2 2 2 2 2 2 2 2 2 2 2 2 2
left_child=1 4 3 -3 6 -6 7 8 12 11 17 15 -1 14 -14 25 -17 18 19 -11 -21 -20 -16 -23 -8 26 27 28 -10 -30
right_child=-2 2 -4 -5 5 -7 24 -9 9 10 -12 -13 13 -15 22 16 -18 -19 21 20 -22 23 -24 -25 -26 -27 -28 -29 29 -31
leaf_value=0.024899416934495225 0.27170861433701693 -0.04462270452379518 0.06056929882004583 -0.018109796203578023 -0.0028920288691719701 -0.047929959984626444 -0.00047766672557352234 0.036952417718677126 -0.0017449429116251248 0.010822422890230589 -0.0022056208736365157 -0.027971768810001803 -0.08201446251564648 0.046463802884231353 0.0024464448659432094 0.011854287460076308 -0.031355578765383821 -0.063578783500918917 0.00206618790365376 0.021102518241695647 -0.025036579703006524 0.0020386944687221576 -0.026401604279572267 -0.02546440121203802 -0.012359753344214564 0.090368679871822233 0.084907283996870891 -0.017354285373639644 -0.018294795238644215 -0.01839434610721993
leaf_weight=117925 32933 3995 3889 21977 15263 4752 740965 3248 197327 49700 80026 856 1028 3645 3575 5459 6504 1343 49383 20158 374 2233 4094 3682 5755 7428 1252 2325 4471 11615
leaf_count=117925 32933 3995 3889 21977 15263 4752 740965 3248 197327 49700 80026 856 1028 3645 3575 5459 6504 1343 49383 20158 374 2233 4094 3682 5755 7428 1252 2325 4471 11615
internal_value=0 -7.6378e-05 -0.00671229 -0.00918433 7.10165e-05 -0.0063005 0.000167308 0.00110371 0.000982243 0.000129172 0.002429 -0.00187656 0.00389073 -0.00726396 -0.0165449 -0.00170417 -0.012109 0.00493655 0.00527031 0.00820028 0.0157202 0.00154905 -0.010943 -0.0126404 -0.000557078 -0.00114953 -0.00158389 -0.00178266 -0.00150286 -0.00993324
internal_weight=0 1.37425e+06 29861 25972 1.34439e+06 20015 1.32437e+06 577651 574403 444136 206899 237237 130267 12342 8697 236381 11963 126873 125530 70232 20532 55298 7669 5915 746720 224418 216990 215738 213413 16086
internal_count=1407180 1374247 29861 25972 1344386 20015 1324371 577651 574403 444136 206899 237237 130267 12342 8697 236381 11963 126873 125530 70232 20532 55298 7669 5915 746720 224418 216990 215738 213413 16086
is_linear=0
shrinkage=0.1


Tree=52
num_leaves=31
num_cat=0
split_feature=26 3 6 64 63 123 4 20 4 64 6 2 0 2 2 6 6 0 2 4 20 3 2 124 3 137 1 123 6 13
split_gain=138.571 115.196 115.544 86.8744 197.295 192.448 152.912 139.506 168.397 283.649 198.757 192.107 176.66 179.886 142.115 151.715 135.046 131.049 180.618 138.331 123.789 123.39 205.001 157.935 143.545 125.402 132.605 123.386 298.189 133.17
threshold=56.500000000000007 1150673.0200000003 2.2500000000000004 0.35424476686679446 0.35508224064587496 229917.50000000003 208232.48000000004 14.500000000000002 43819.060000000005 1.0521192439171625 8.4166666666666696 623661.61500000011 12312525.500000002 141444.46000000002 346600.62500000006 5.7500000000000009 4.8333333333333348 2551150.5000000005 84414.985000000001 78528.87000000001 2.5000000000000004 25078.370000000003 36072.520000000011 10.500000000000002 11336.355000000001 235066.00000000003 391834.50000000006 529844.50000000012 8.8333333333333339 308.50000000000006
decision_type=2 2 2 2 2 2 2 2 2 2 2 2 2 2 2 2 2 2 2 2 2 2 2 2 2 2 2 2 2 2
left_child=1 3 -3 4 17 6 -5 8 9 10 14 -10 13 -11 -7 -16 -13 27 -19 -20 -12 24 23 -23 25 -6 -27 29 -29 -1
right_child=-2 2 -4 5 21 7 -8 -9 11 12 20 16 -14 -15 15 -17 -18 18 19 -21 -22 22 -24 -25 -26 26 -28 28 -30 -31
leaf_value=0.0014805453419963754 0.2461199694248892 -0.049101180707407148 -0.012041032709246037 0.00057877334113928347 0.026825002044958524 -0.00045590601314959844 -0.025422366464125257 -0.018736907235360162 -0.028275244085874715 -0.0032507128295644512 -0.014171603978934914 -0.079094092655425691 -0.019924260487523673 0.031267918381509517 0.01883875147356031 0.0014869911649305189 0.040970680402360668 -0.056923669927070625 -9.5234117171025259e-05 -0.029335317611854417 -0.0030350899609090038 -0.011706432099670995 0.0018743920040913008 -0.026795962432647438 0.025844585850207082 -0.055416431508122782 0.07322447727597739 0.0036207832127550903 -0.0092020261390378996 -0.0034401077194077534
leaf_weight=674269 31288 3095 17169 184834 31081 21129 9729 11658 10172 858 7805 1053 1190 2555 1585 2466 3353 1931 14801 4706 7941 753 116327 562 15353 708 224 6985 2150 219450
leaf_count=674269 31288 3095 17169 184834 31081 21129 9729 11658 10172 858 7805 1053 1190 2555 1585 2466 3353 1931 14801 4706 7941 753 116327 562 15353 708 224 6985 2150 219450
internal_value=0 -6.24988e-05 -0.0075465 4.93724e-05 0.000445204 -0.00156961 6.29742e-05 -0.00599571 -0.00405398 -0.00105889 -0.00370597 -0.013408 0.0224767 0.0340446 0.00180488 0.0189622 0.00403424 -0.000123429 -0.00785076 -0.00496285 -0.0125186 0.0036304 0.00189524 -0.0373669 0.00793997 0.00412761 -0.0320157 6.00546e-05 0.0116231 -5.81347e-05
internal_weight=0 1.37589e+06 20264 1.35563e+06 1.0893e+06 266328 194563 71765 60107 45529 40926 14578 4603 3413 25180 4051 4406 924292 21438 19507 15746 165008 117642 1315 47366 32013 932 902854 9135 893719
internal_count=1407180 1375892 20264 1355628 1089300 266328 194563 71765 60107 45529 40926 14578 4603 3413 25180 4051 4406 924292 21438 19507 15746 165008 117642 1315 47366 32013 932 902854 9135 893719
is_linear=0
shrinkage=0.1


Tree=53
num_leaves=31
num_cat=0
split_feature=26 3 63 146 64 123 13 21 4 5 94 4 5 6 4 137 0 4 4 6 1 92 2 6 1 94 3 137 64 1
split_gain=137.109 97.5642 132.821 125.419 118.115 110.192 108.186 105.911 110.269 97.5468 125.322 97.1882 207.989 237.191 190.208 144.537 138.833 144.037 178.2 132.926 112.695 101.257 97.3882 120.299 99.4897 153.125 135.356 94.0498 91.3197 90.0574
threshold=300.50000000000006 230389.64000000004 37141.039316239323 146930.50000000003 31253.769911504427 5062483.5000000009 4741162.5000000009 2.5000000000000004 1001.6950000000001 3.0000000000000004 4.9999945483885044 37795.30000000001 3.0000000000000004 24.833333333333339 9.2450000000000028 509263.50000000006 3079563.5000000005 21964.240000000002 13880.995000000001 5.7500000000000009 402761.00000000006 1452.8500000000001 598677.14000000025 7.8333333333333348 530043.00000000012 0.70270323992055095 356670.3000000001 9144582.5000000019 58.321015351093045 27584870.500000004
decision_type=2 2 2 2 2 2 2 2 2 2 2 2 2 2 2 2 2 2 2 2 2 2 2 2 2 2 2 2 2 2
left_child=1 2 5 7 -4 6 -1 11 -9 10 -10 14 19 20 15 -3 21 18 29 -13 -14 22 23 -16 25 26 -24 -22 -15 -18
right_child=-2 3 4 -5 -6 -7 -8 8 9 -11 -12 12 13 28 16 -17 17 -19 -20 -21 27 -23 24 -25 -26 -27 -28 -29 -30 -31
leaf_value=0.00076250615960324905 0.23298899218221347 -0.0053749140253641775 -0.010794908626702262 0.10034300085628245 -0.0015085761219616081 -0.010827395421452432 0.0062838118116034323 -0.033806774944868577 -0.01971226284676348 0.016864232834279347 0.040747537668267587 0.010353181388450606 -0.021146738628765961 0.021122465538332184 0.0089408188999554918 0.049358317241531703 0.00093723754304962919 0.013704393622442924 -0.025192411399619464 -0.0049554805001360783 -0.013961459848842773 -0.0098351489746679524 0.029174408837625738 0.003757183354335262 0.017777022016854875 0.011685695844758424 -0.010527388067610655 0.10324969908282751 0.074941610764586428 -0.053338720793579403
leaf_weight=1001234 28754 21127 718 3270 7338 2607 4461 915 1503 7447 297 23502 13266 1161 9104 1522 18062 4847 3428 171252 51897 1931 216 13103 3776 1519 6070 439 386 2028
leaf_count=1001234 28754 21127 718 3270 7338 2607 4461 915 1503 7447 297 23502 13266 1161 9104 1522 18062 4847 3428 171252 51897 1931 216 13103 3776 1519 6070 439 386 2028
internal_value=0 -5.92241e-05 0.000442916 -0.00146878 -0.0123463 0.000545098 0.000598323 -0.00164646 0.00841689 0.0116937 -0.00919739 -0.00193978 -0.0029006 -0.00769985 0.000961559 -0.00691564 0.00374557 -0.00147754 -0.0047126 -0.00124588 -0.00861253 0.00789332 0.00916616 0.0130432 0.0017318 -0.00471502 -0.0116004 -0.00652581 0.031003 -0.00111689
internal_weight=0 1.37843e+06 1.01636e+06 362068 8056 1.0083e+06 1.0057e+06 358798 10162 9247 1800 348636 261903 67149 86733 22649 64084 28365 23518 194754 65602 35719 33788 22207 11581 7805 6286 52336 1547 20090
internal_count=1407180 1378426 1016358 362068 8056 1008302 1005695 358798 10162 9247 1800 348636 261903 67149 86733 22649 64084 28365 23518 194754 65602 35719 33788 22207 11581 7805 6286 52336 1547 20090
is_linear=0
shrinkage=0.1


Tree=54
num_leaves=31
num_cat=0
split_feature=26 3 6 6 3 3 13 62 138 4 1 53 20 63 123 137 138 20 64 123 2 2 5 62 124 4 62 64 4 6
split_gain=135.189 95.6677 102.536 84.0693 203.736 302.593 393.476 251.084 237.666 219.954 150.531 233.313 166.796 150.148 185.722 170.54 189.771 188.604 160.255 159.958 255.005 165.167 190.861 151.214 157.268 150.029 149.88 140.21 211.054 152.131
threshold=300.50000000000006 1150673.0200000003 1.7500000000000002 5.7500000000000009 151421.72500000003 356670.3000000001 414442.00000000006 2249625.0000000005 4.5000000000000009 6645.505000000001 70549.500000000015 5.2925764382270999e-06 23.500000000000004 0.83524298301195021 4742494.5000000009 357756.00000000006 5.5000000000000009 1.0000000180025095e-35 0.24999899042873452 3334033.0000000005 696559.6050000001 15530.340000000002 3.0000000000000004 164097.00000000003 9.5000000000000018 5.2550000000000008 3334033.0000000005 0.062900083200968168 883.93000000000018 4.416666666666667
decision_type=2 2 2 2 2 2 2 2 2 2 2 2 2 2 2 2 2 2 2 2 2 2 2 2 2 2 2 2 2 2
left_child=1 3 -3 4 7 6 26 8 -1 -9 -5 12 13 14 23 18 17 -17 -15 21 -21 22 -20 24 -12 -26 -6 -7 -29 -30
right_child=-2 2 -4 10 5 27 -8 9 -10 -11 11 -13 -14 15 -16 16 -18 -19 19 20 -22 -23 -24 -25 25 -27 -28 28 29 -31
leaf_value=-0.00038397666139129428 0.20969009296399213 -0.075795088483664119 -0.014148482738853763 0.0011919042008861514 0.0049501929103975065 0.0033888638822058103 0.011143107225712434 -0.0083904767474651826 0.032433346375835503 0.0043110712488064707 -0.0044096074918065498 0.019377420070953288 -0.029701650935472571 0.0015581727583416584 -0.028559076537653147 0.05791052199014355 -0.00060626222344369398 0.01220522869000347 -0.00018827464055444222 -0.027589651819046858 0.0045113116526100507 -0.0010736961404521294 -0.030660916035425596 -0.019355946291053056 -0.012626147078453021 -0.00051294390668705787 -0.018474841110246033 0.0071732806596289988 -0.024964144121808821 0.030026463080429784
leaf_weight=241570 28754 779 19551 669741 27394 25437 14521 1799 11888 431 82597 9278 3623 69054 218 1612 28350 17280 5080 8089 5691 97636 6345 6237 3304 2144 628 3702 13262 1185
leaf_count=241570 28754 779 19551 669741 27394 25437 14521 1799 11888 431 82597 9278 3623 69054 218 1612 28350 17280 5080 8089 5691 97636 6345 6237 3304 2144 628 3702 13262 1185
internal_value=0 -4.66529e-05 -0.00685572 5.52753e-05 0.00141191 0.00561838 0.0116179 -5.04639e-06 0.00028889 -0.0334134 -0.000401018 -0.00209296 -0.00252333 -0.00229158 -0.00566624 -0.000958014 0.00442416 0.0121882 -0.00228303 -0.00444972 -0.0146015 -0.00316703 -0.0145434 -0.00545307 -0.00438717 -0.0208434 0.00469488 -0.000237545 -0.00695218 -0.012411
internal_weight=0 1.37843e+06 20330 1.3581e+06 341817 86129 42543 255688 253458 2230 1.01628e+06 346538 337260 333637 94500 239137 47242 18892 191895 122841 13780 109061 11425 94282 88045 5448 28022 43586 18149 14447
internal_count=1407180 1378426 20330 1358096 341817 86129 42543 255688 253458 2230 1016279 346538 337260 333637 94500 239137 47242 18892 191895 122841 13780 109061 11425 94282 88045 5448 28022 43586 18149 14447
is_linear=0
shrinkage=0.1


Tree=55
num_leaves=31
num_cat=0
split_feature=26 64 62 6 4 0 6 4 3 0 1 6 97 89 18 2 8 20 20 123 6 2 6 3 3 124 138 3 13 0
split_gain=133.507 87.4761 193.324 103.952 135.57 118.956 119.324 101.718 96.1264 137.035 106.466 105.207 90.3865 85.2133 84.4659 127.204 226.315 131.53 175.566 155.468 152.323 94.1002 118.762 199.955 205.41 186.098 159.837 146.401 187.188 122.155
threshold=300.50000000000006 2.4099935948714939 4741162.5000000009 24.833333333333339 111957.73500000002 20361825.500000004 6.416666666666667 40981.885000000009 77277.37000000001 295977.50000000006 397518.50000000006 8.4166666666666696 1.0000000180025095e-35 22314.000000000004 1.0000000180025095e-35 10081.720000000003 1.0000000180025095e-35 23.500000000000004 4.5000000000000009 2.5000000000000004 4.8333333333333348 1.3150000000000002 5.7500000000000009 1753031.9250000003 130532.32000000002 4.5000000000000009 4.5000000000000009 341610.97500000003 391999.00000000006 5059632.0000000009
decision_type=2 2 2 2 2 2 2 2 2 2 2 2 2 2 2 2 2 2 2 2 2 2 2 2 2 2 2 2 2 2
left_child=1 12 3 4 5 6 -3 -5 9 -8 -10 -11 13 14 21 -16 17 18 19 20 -17 -1 23 24 26 27 29 28 -26 -23
right_child=-2 2 -4 7 -6 -7 8 -9 10 11 -12 -13 -14 -15 15 16 -18 -19 -20 -21 -22 22 -24 -25 25 -27 -28 -29 -30 -31
leaf_value=-0.0071227038578232857 0.18872108366759291 0.0021335271335167771 -0.035365410371321286 -0.010255051046469912 -0.020810082345708247 -0.038365446360390902 -0.0013485667702126003 0.032963588840357362 -0.0055445362505897357 -0.0010442777276213401 0.0048691815555103306 -0.0096556316145101247 0.020150919957361499 -0.033320599537589798 0.016126426821070718 -0.057680557947343551 -0.00087619104339937265 -0.028228695567029172 -0.0042230865058748342 -0.0055721523081714965 -0.038674914238188036 0.00037613824334728593 -0.00013126071771152326 -0.048846282388830535 0.0063224988419974607 0.01640095947255164 0.099501519301030045 0.001104323201928148 0.0085534126632410955 -0.018417594054500899
leaf_weight=21811 28754 35273 3386 566 13669 4607 8584 684 9820 3501 13563 4229 4280 2230 17880 2203 36975 995 10714 3782 1431 178579 919184 2359 20892 3315 8860 32233 12324 497
leaf_count=21811 28754 35273 3386 566 13669 4607 8584 684 9820 3501 13563 4229 4280 2230 17880 2203 36975 995 10714 3782 1431 178579 919184 2359 20892 3315 8860 32233 12324 497
internal_value=0 -7.04901e-05 -0.00295186 -0.0021106 -0.00249462 -0.000914315 4.41241e-05 0.0265358 -0.00371652 -0.00960784 0.000393772 -0.0192659 0.000149755 0.000101103 0.000135289 -0.0031441 -0.00548507 -0.0143165 -0.0123737 -0.0242017 -0.0389725 0.000337454 0.000457934 0.00234907 0.0026154 0.00729191 0.000904306 0.00612111 0.0107802 0.000255623
internal_weight=0 1.37843e+06 97882 94496 93246 79577 74970 1250 39697 16314 23383 7730 1.28054e+06 1.27626e+06 1.27403e+06 73980 56100 19125 18130 7416 3634 1.20005e+06 1.17824e+06 259059 256700 68764 187936 65449 33216 179076
internal_count=1407180 1378426 97882 94496 93246 79577 74970 1250 39697 16314 23383 7730 1280544 1276264 1274034 73980 56100 19125 18130 7416 3634 1200054 1178243 259059 256700 68764 187936 65449 33216 179076
is_linear=0
shrinkage=0.1


Tree=56
num_leaves=31
num_cat=0
split_feature=26 3 118 134 0 2 13 20 0 20 2 13 124 2 76 4 0 20 20 137 20 1 53 63 64 4 5 20 20 4
split_gain=128.459 80.4601 134.709 117.353 133.385 154.682 187.793 180.463 163.593 137.877 131.211 116.285 103.738 214.782 99.1657 171.769 109.697 104.843 97.6018 101.919 263.479 98.2973 94.2548 91.0884 104.824 178.924 178.21 224.17 116.064 145.417
threshold=7.5000000000000009 54180.205000000009 0.41428571428571431 506521.00000000006 34599.000000000007 260.29000000000002 1550.5000000000002 6.5000000000000009 1610.5000000000002 1.0000000180025095e-35 97289.885000000024 35.500000000000007 12.500000000000002 97289.885000000024 10.500000000000002 12871.750000000002 2.5000000000000004 7.5000000000000009 5.5000000000000009 4199.0000000000009 1.5000000000000002 13349.000000000002 3.5000000000000004 1019.348463880432 0.98736013319289195 3.4250000000000003 3.0000000000000004 11.500000000000002 8.5000000000000018 5.2550000000000008
decision_type=2 2 2 2 2 2 2 2 2 2 2 2 2 2 2 2 2 2 2 2 2 2 2 2 2 2 2 2 2 2
left_child=1 2 3 4 5 6 7 -1 9 -8 11 -6 -3 -14 22 16 17 -16 19 -10 -21 -22 -7 24 -13 -26 27 -27 -28 -30
right_child=-2 12 -4 -5 10 14 8 -9 18 -11 -12 23 13 -15 15 -17 -18 -19 -20 20 21 -23 -24 -25 25 26 28 -29 29 -31
leaf_value=0.0087788832659912337 0.16748651788440433 -0.00058519549294415722 0.033866790407044704 -0.018620697229609285 -0.019029472675026957 0.013327076738948063 -0.099742785837645495 -0.01317491412926422 -0.0086406639621698644 -0.016000786245800404 0.0092294235872567697 0.00033703079267638817 -0.019130577281623151 -0.0057992528859183252 -0.15608920692602754 -0.071694688116812386 0.023603849779783515 0.025809973221778561 0.03645905627955328 0.042993386818869286 -0.055703096426323956 0.035104595738491541 -0.06018346002796604 0.044575960445022413 0.011879752927385212 0.0098285950493992146 -0.012569017491096447 -0.05292791307761973 -0.10598270453564956 0.018141673103197756
leaf_weight=63954 33114 755520 3248 6353 13840 229631 456 20762 11529 829 3954 169731 1092 28531 885 1153 5220 473 4642 1192 2093 295 1414 634 5210 11152 23466 2654 922 3231
leaf_count=63954 33114 755520 3248 6353 13840 229631 456 20762 11529 829 3954 169731 1092 28531 885 1153 5220 473 4642 1192 2093 295 1414 634 5210 11152 23466 2654 922 3231
internal_value=0 -8.7711e-05 0.00079584 0.000683211 0.000831445 0.00208408 -0.00109981 0.00100007 -0.00955643 -0.0441299 -0.00100663 -0.00131602 -0.000750448 -0.00655546 0.0034942 -0.00764659 -0.00140605 -0.0267245 -0.00730708 -0.0112035 -0.0259424 -0.0451094 0.00386698 -0.000749198 -0.000860103 -0.00505924 -0.00725591 0.00202103 -0.0118932 0.00351608
internal_weight=0 1.37407e+06 588923 585675 579322 344528 105752 84716 21036 1285 234794 230840 785143 29623 238776 7731 6578 1358 19751 15109 3580 2388 231045 217000 216366 46635 41425 13806 27619 4153
internal_count=1407180 1374066 588923 585675 579322 344528 105752 84716 21036 1285 234794 230840 785143 29623 238776 7731 6578 1358 19751 15109 3580 2388 231045 217000 216366 46635 41425 13806 27619 4153
is_linear=0
shrinkage=0.1


Tree=57
num_leaves=31
num_cat=0
split_feature=26 3 6 64 67 4 1 76 4 2 0 13 2 20 18 6 13 13 3 1 20 1 0 3 137 3 0 13 3 62
split_gain=120.557 75.6387 109.049 87.5877 74.6414 87.2228 72.7799 65.9491 162.218 67.1706 212.611 102.796 94.1112 131.432 76.0953 90.4505 150.564 185.477 215.556 224.253 180.536 178.409 168.212 131.433 187.483 157.403 160.288 179.074 148.733 231.091
threshold=56.500000000000007 958771.89500000014 1.7500000000000002 0.09773199693718311 12.500000000000002 12871.750000000002 114854724.50000001 9.5000000000000018 9042.5150000000012 1.5050000000000001 45.500000000000007 3.5000000000000004 2.6400000000000001 9.5000000000000018 1.0000000180025095e-35 5.7500000000000009 517107.00000000006 900093.50000000012 87667.890000000014 2924306.5000000005 1.0000000180025095e-35 308.50000000000006 15337258.500000002 252.09 4514.0000000000009 43625.525000000001 566.00000000000011 428.50000000000006 130532.32000000002 1724298.0000000002
decision_type=2 2 2 2 2 2 2 2 2 2 2 2 2 2 2 2 2 2 2 2 2 2 2 2 2 2 2 2 2 2
left_child=1 4 -3 -4 6 -6 7 9 -9 10 11 -1 13 -11 15 16 21 -18 19 20 -19 -14 -20 24 -23 -25 27 -27 29 -28
right_child=-2 2 3 -5 5 -7 -8 8 -10 12 -12 -13 14 -15 -16 -17 17 18 22 -21 -22 23 -24 25 -26 26 28 -29 -30 -31
leaf_value=0.079596291003930217 0.14962610868903631 -0.06319859972000301 -0.0037437415201513335 -0.037216807606460511 0.00074355268548833566 -0.11041145304902573 0.06285493247431595 -0.0027873434039086043 -0.041426180825093722 0.039426286455516803 -0.02659459336958906 -0.0068020649148485121 0.012843800296134057 -0.01138068521445414 -0.0031942502176587981 -0.0001516542890888644 0.01155425278537482 -0.11038602790645809 0.0035124965365264382 -0.054344180590847536 -0.00020862803946741781 -0.0075601647240860536 -0.029002153582124879 0.0048838044670497125 -0.04439184960270013 -0.0041497765512508418 -0.0037070601835380024 -0.021092447231296774 0.0009980713787343051 -0.0048038689443554725
leaf_weight=8130 31288 782 24031 5094 1996 1829 542 15263 4751 15916 1368 22158 60720 2081 78038 931885 12743 758 28166 1004 13096 19477 2212 70394 2472 1188 19503 929 28729 637
leaf_count=8130 31288 782 24031 5094 1996 1829 542 15263 4751 15916 1368 22158 60720 2081 78038 931885 12743 758 28166 1004 13096 19477 2212 70394 2472 1188 19503 929 28729 637
internal_value=0 -6.22273e-05 -0.00503632 -0.00404687 4.82941e-05 -0.0139011 8.80483e-05 7.32474e-05 -0.00562411 0.000159527 -0.00439137 -0.00264967 0.000271208 0.00745196 0.000169607 0.000367354 0.0020088 0.00650575 0.00350381 -0.00636666 -0.0030594 0.000731023 0.00833149 -0.00119357 -0.00831476 9.41406e-05 -0.00413717 -0.0310762 -0.00297017 -0.00955915
internal_weight=0 1.37589e+06 29907 29125 1.34598e+06 3825 1.34216e+06 1.34162e+06 20014 1.3216e+06 31656 30288 1.28995e+06 17997 1.27195e+06 1.19391e+06 262028 57979 45236 14858 13854 204049 30378 143329 21949 121380 50986 2117 48869 20140
internal_count=1407180 1375892 29907 29125 1345985 3825 1342160 1341618 20014 1321604 31656 30288 1289948 17997 1271951 1193913 262028 57979 45236 14858 13854 204049 30378 143329 21949 121380 50986 2117 48869 20140
is_linear=0
shrinkage=0.1


Tree=58
num_leaves=31
num_cat=0
split_feature=26 0 64 123 6 84 0 3 90 105 95 146 127 127 3 2 124 6 0 13 0 0 0 6 3 67 134 4 4 3
split_gain=111.513 70.1993 134.099 105.694 78.044 85.8254 92.1318 72.8853 71.1699 76.0452 71.5994 67.5892 66.3977 106.848 168.383 84.5147 79.4819 82.0082 315.199 127.603 109.268 83.081 74.6156 107.343 101.707 114.568 89.6782 131.071 88.5927 151.948
threshold=7.5000000000000009 9986284.5000000019 1.0847922267505277 3809396.0000000005 2.2500000000000004 33562.000000000007 15337258.500000002 550214.39000000013 0.69974074436305822 45902.000000000007 1.0000000180025095e-35 800261.50000000012 0.84523809523809534 0.78888888888888908 356670.3000000001 23404.985000000004 12.500000000000002 1.4166666666666667 1329140.0000000002 103.50000000000001 801.50000000000011 350.50000000000006 34599.000000000007 24.833333333333339 191862.25500000003 12.500000000000002 1090291.5000000002 213713.83500000005 219950.51000000004 89727.680000000008
decision_type=2 2 2 2 2 2 2 2 2 2 2 2 2 2 2 2 2 2 2 2 2 2 2 2 2 2 2 2 2 2
left_child=1 8 4 -4 7 6 -6 -3 9 10 11 12 13 22 -15 -14 17 18 19 -17 -21 -19 24 28 26 -26 27 -1 29 -24
right_child=-2 2 3 -5 5 -7 -8 -9 -10 -11 -12 -13 15 14 -16 16 -18 21 -20 20 -22 -23 23 -25 25 -27 -28 -29 -30 -31
leaf_value=0.0028213684335360867 0.13588669582218307 0.0023758460459527789 -0.012282483323862992 -0.038143452252870552 -0.0041123724379049566 -0.065529800046952705 0.033689233018131225 -0.021726031893220643 -0.015551486316464481 0.030570813935684883 0.015371436122149721 0.10017173617253423 0.013469631692719419 -0.0036116416582554559 -0.030074496853865526 0.0031659369179897648 -0.0065103699516139528 0.042997882565929825 0.0019515392469073791 -0.011874868412449214 -0.0033032752560839596 0.0018161361102798645 -0.0023196727305493381 0.019149889828300307 -0.0019856087095091457 -0.17368243353407234 -0.01215203934202469 0.027098583912432472 -0.012623515480287241 0.001016448607204419
leaf_weight=502423 33114 538 11387 3396 6365 474 7118 2821 10140 3618 4723 2533 4688 4948 462 231 9724 1990 1290 618 1051 48335 268577 11600 239843 858 23362 24000 24168 152785
leaf_count=502423 33114 538 11387 3396 6365 474 7118 2821 10140 3618 4723 2533 4688 4948 462 231 9724 1990 1290 618 1051 48335 268577 11600 239843 858 23362 24000 24168 152785
internal_value=0 -6.83107e-05 -0.00468986 -0.0116852 0.0012822 0.00457568 0.00604599 -0.0124026 4.22339e-05 0.000105778 6.63397e-05 2.24795e-05 -8.81392e-06 -0.000173886 -0.014197 0.00303622 0.00207583 0.00358704 -0.0119614 -0.0378623 -0.0475035 0.00457263 -0.000113078 -0.00113003 0.000475016 -0.00123928 0.00122555 0.0014946 -0.00137729 -0.00103958
internal_weight=0 1.37407e+06 32099 14783 17316 13957 13483 3359 1.34197e+06 1.33183e+06 1.32821e+06 1.32349e+06 1.32095e+06 1.25303e+06 5410 67927 63239 53515 3190 1900 1669 50325 1.24762e+06 457130 790486 240701 549785 526423 445530 421362
internal_count=1407180 1374066 32099 14783 17316 13957 13483 3359 1341967 1331827 1328209 1323486 1320953 1253026 5410 67927 63239 53515 3190 1900 1669 50325 1247616 457130 790486 240701 549785 526423 445530 421362
is_linear=0
shrinkage=0.1


Tree=59
num_leaves=31
num_cat=0
split_feature=26 3 6 137 1 52 62 0 1 3 4 124 63 93 0 137 6 3 3 62 137 138 20 0 20 4 3 2 6 2
split_gain=100.259 67.6413 101.752 70.0732 77.4139 115.776 100.611 114.94 98.8451 265.472 178.917 200.412 153.628 151.147 128.003 143.147 108.976 99.3878 187.817 108.125 96.397 149.125 116.414 303.015 115.968 104.858 99.3028 187.492 94.8334 171.732
threshold=7.5000000000000009 1150673.0200000003 1.7500000000000002 4530278.0000000009 1647018.5000000002 1.0104773876057826e-06 1724298.0000000002 1329140.0000000002 530043.00000000012 89727.680000000008 55318.500000000007 10.500000000000002 15372.625000000002 6.5000000000000009 394317.50000000006 391856.50000000006 2.8333333333333335 11336.355000000001 19355.470000000005 397537.00000000006 30661.000000000004 10.500000000000002 1.0000000180025095e-35 60005.000000000007 4.5000000000000009 45138.600000000013 4098.755000000001 5085.1850000000013 1.4166666666666667 95506.540000000023
decision_type=2 2 2 2 2 2 2 2 2 2 2 2 2 2 2 2 2 2 2 2 2 2 2 2 2 2 2 2 2 2
left_child=1 3 -3 4 6 -6 8 -8 12 13 11 -11 14 -10 15 20 -12 -16 19 -19 28 22 23 -22 -23 -25 -24 -28 29 -1
right_child=-2 2 -4 -5 5 -7 7 -9 9 10 16 -13 -14 -15 17 -17 -18 18 -20 -21 21 24 26 25 -26 -27 27 -29 -30 -31
leaf_value=0.0012545176833118621 0.12229802623996476 -0.055813657005268524 -0.01061201261885325 0.01463171544947351 -0.0017152140434984421 0.020169229227470352 -0.015974723931926116 0.0024516418788211678 -0.00032785186425166057 0.010870016380294951 0.011748895131470368 -0.0011766134157233875 -0.010939565180892424 -0.022667073718470356 -0.015722635757681912 0.068102061622709251 0.0018896324465258576 -0.00059289231532368982 -0.0040221770543393733 0.014593266564032259 -0.016813667173228557 -0.011346408726361114 -0.0054374265689202785 0.039866602913906757 0.042350976006503865 -0.012144024776541584 -0.10502712657608933 -0.015569610948801738 0.0012593129102992596 -0.0069944189020915287
leaf_weight=2992 33114 779 19451 5838 156942 4642 1027 451 66302 18456 3029 5507 5287 1849 3235 3278 31063 6963 39891 5664 2687 14252 22735 6688 17803 361 1174 30076 893461 2183
leaf_count=2992 33114 779 19451 5838 156942 4642 1027 451 66302 18456 3029 5507 5287 1849 3235 3278 31063 6963 39891 5664 2687 14252 22735 6688 17803 361 1174 30076 893461 2183
internal_value=0 -7.33035e-05 -0.00581298 1.24629e-05 -3.48828e-05 -0.00208833 0.000244787 -0.0258296 0.00027731 0.00292266 0.00789185 0.0145134 -3.80284e-05 -0.00131039 4.73093e-05 0.000307889 0.00323759 -0.00461572 -0.00356783 0.00706138 0.000239116 -0.00277675 -0.00557543 0.00448941 0.00278665 0.0153815 -0.00739059 -0.0110488 0.000560545 -0.0129375
internal_weight=0 1.37407e+06 20230 1.35384e+06 1.348e+06 161584 1.18641e+06 1478 1.18494e+06 126206 58055 23963 1.05873e+06 68151 1.05344e+06 997690 34092 55753 52518 12627 994412 95776 63721 9736 32055 7049 53985 31250 898636 5175
internal_count=1407180 1374066 20230 1353836 1347998 161584 1186414 1478 1184936 126206 58055 23963 1058730 68151 1053443 997690 34092 55753 52518 12627 994412 95776 63721 9736 32055 7049 53985 31250 898636 5175
is_linear=0
shrinkage=0.1


Tree=60
num_leaves=31
num_cat=0
split_feature=26 3 118 134 4 3 123 0 2 124 20 20 136 138 137 63 3 64 137 3 2 19 20 4 6 64 20 0 2 13
split_gain=90.6445 64.6881 118.512 99.0216 96.9933 108.274 148.187 187.658 131.289 202.286 126.282 120.652 473.427 99.2345 176.519 140.915 133.703 126.286 121.498 101.27 113.074 98.4966 97.8715 95.7987 92.3167 132.848 100.268 87.1437 128.684 137.784
threshold=846.00000000000011 54180.205000000009 0.53589743589743599 506521.00000000006 1.2650000000000003 348762.4150000001 4742494.5000000009 6770101.5000000009 163227.39500000005 15.500000000000002 1.5000000000000002 3.5000000000000004 1.0000000180025095e-35 4.5000000000000009 400140.00000000006 0.99839587491026582 589316.3600000001 9.7093886050166601e-05 57991.000000000007 297012.86000000004 58492.570000000007 1.0000000180025095e-35 2.5000000000000004 3.4250000000000003 2.8333333333333335 0.75000519607308547 1.0000000180025095e-35 34599.000000000007 260.29000000000002 1550.5000000000002
decision_type=2 2 2 2 2 2 2 2 2 2 2 2 2 2 2 2 2 2 2 2 2 2 2 2 2 2 2 2 2 2
left_child=1 2 3 27 5 6 8 -8 11 10 -10 12 21 14 18 17 24 -15 -6 20 -20 -3 -14 -17 -16 -26 -27 28 29 -1
right_child=-2 4 -4 -5 13 -7 7 -9 9 -11 -12 -13 22 15 16 23 -18 -19 19 -21 -22 -23 -24 -25 25 26 -28 -29 -30 -31
leaf_value=0.0013971773210902938 0.11935542257131537 -0.00046705339311181875 0.031457083082492399 -0.016989178389616024 -0.00022286675699207948 -0.0083032888768793858 -0.012033192650809149 0.0084548183370834473 0.016055432643863058 -0.019716470411171083 0.0024758555020934674 -0.0009302470484271381 0.11944165350805645 0.0072098069149449358 0.010087353425336995 -0.0051602271669325189 -0.0046473782494407699 -0.021665119586487896 -0.011802378240967866 -0.027859186291575445 -0.0014136555806451411 -0.027059629177918779 -0.058393645490987717 -0.00019028590064759307 0.0028516718418441834 0.0713605649764084 0.030549440052686696 -0.00083182802670672218 0.010061677592838958 -0.014292192247305248
leaf_weight=84722 27040 8021 3105 6353 645022 9479 512 73 2068 564 7470 34417 119 2704 2131 1264 6463 9297 146 3977 7107 468 1706 30689 10379 592 5316 234860 240080 21036
leaf_count=84722 27040 8021 3105 6353 645022 9479 512 73 2068 564 7470 34417 119 2704 2131 1264 6463 9297 146 3977 7107 468 1706 30689 10379 592 5316 234860 240080 21036
internal_value=0 -6.55475e-05 0.000726546 0.000623486 -0.000657279 -0.00436105 -0.00267176 -0.0527354 -0.00213764 0.00815894 0.0116 -0.00446301 -0.0139502 -0.000325782 -2.86025e-05 -0.00493103 0.00823902 -0.0141701 -0.000342059 -0.0106541 -0.00362227 -0.00401634 -0.0601574 -0.00146101 0.0125815 0.0100206 0.0219911 0.00075933 0.00176884 -0.0011375
internal_weight=0 1.38014e+06 590156 587051 789984 64897 55418 585 54833 10102 9538 44731 10314 725087 681133 43954 24881 12001 656252 11230 7253 8489 1825 31953 18418 16287 5908 580698 345838 105758
internal_count=1407180 1380140 590156 587051 789984 64897 55418 585 54833 10102 9538 44731 10314 725087 681133 43954 24881 12001 656252 11230 7253 8489 1825 31953 18418 16287 5908 580698 345838 105758
is_linear=0
shrinkage=0.1


Tree=61
num_leaves=31
num_cat=0
split_feature=26 89 2 0 13 3 118 134 0 2 128 122 90 134 6 1 3 13 0 123 3 124 2 13 4 2 13 20 20 138
split_gain=82.2467 58.6464 59.0216 181.949 92.2757 78.04 96.3234 94.348 95.5254 119.744 89.2125 87.3171 108.706 77.0285 75.4766 290.52 118.295 116.213 94.8539 89.5536 85.4401 74.5724 176.968 72.3536 71.4824 70.1898 158.214 156.242 281.822 162.42
threshold=2.5000000000000004 29448.000000000004 1.5050000000000001 45.500000000000007 3.5000000000000004 54180.205000000009 0.53589743589743599 1090291.5000000002 34599.000000000007 97289.885000000024 0.069047619047619066 1.0000000180025095e-35 0.87478188120944289 164336.00000000003 1.4166666666666667 560.50000000000011 1753031.9250000003 6752420.0000000009 14413199.000000002 4821976.5000000009 93846.770000000019 12.500000000000002 97289.885000000024 23.500000000000004 3.6950000000000007 14332.500000000002 800154.00000000012 1.5000000000000002 2.5000000000000004 4.5000000000000009
decision_type=2 2 2 2 2 2 2 2 2 2 2 2 2 2 2 2 2 2 2 2 2 2 2 2 2 2 2 2 2 2
left_child=1 2 3 4 -1 6 7 8 11 23 14 13 -13 -4 15 20 17 19 -19 -17 -7 -16 -23 -10 -24 26 -25 29 -29 -27
right_child=-2 -3 5 -5 -6 10 -8 -9 9 -11 -12 12 -14 -15 21 16 -18 18 -20 -21 -22 22 24 25 -26 27 -28 28 -30 -31
leaf_value=0.071088876037044627 0.10088730661423267 -0.02698306574028804 0.006877631788950467 -0.024482919899122737 -0.0066696442898562264 0.00095112329400530719 0.02831137477424317 -0.21067309099228818 -0.019959692850579941 0.0087836541114048594 -0.010373518909149683 0.019864099941488435 -0.20539361271337528 -0.007042626879336389 -0.00025341171970678645 0.00034700798292038406 -0.047806440715930258 0.0054788935115091027 -0.0015150446391087647 -0.0084115911832098218 -0.0095998384279872492 -0.016755839666030527 -0.016486907049934867 -0.0043443908470048864 -0.0016859076949108998 0.0026756827559071975 -0.023311360770019409 -0.0054253021963970756 0.0015337834772299443 0.03315334313992848
leaf_weight=8130 33547 2146 283177 1368 22158 204 3105 1350 12561 3954 5833 12962 288 21414 741653 4472 723 323 124 255 1121 1060 4422 101134 22760 24232 668 16174 67351 8511
leaf_count=8130 33547 2146 283177 1368 22158 204 3105 1350 12561 3954 5833 12962 288 21414 741653 4472 723 323 124 255 1121 1060 4422 101134 22760 24232 668 16174 67351 8511
internal_value=0 -7.6522e-05 -5.06754e-05 -0.0043185 -0.00270728 5.01599e-05 0.000955099 0.000856619 0.000921144 -0.00060951 -0.000593487 0.00205086 0.00999771 0.00170516 -0.000501007 -0.0106764 -0.00116919 0.00412529 0.0528616 -0.000483373 -0.0529887 -0.000405557 -0.00544899 -0.000905336 -0.0038858 -0.000480242 -0.00239755 0.00119851 -0.00109669 0.00705339
internal_weight=0 1.37363e+06 1.37149e+06 31656 30288 1.33983e+06 556881 553776 552426 234585 782950 317841 13250 304591 777117 7222 5897 5174 447 4727 1325 769895 28242 230631 27182 218070 101802 116268 83525 32743
internal_count=1407180 1373633 1371487 31656 30288 1339831 556881 553776 552426 234585 782950 317841 13250 304591 777117 7222 5897 5174 447 4727 1325 769895 28242 230631 27182 218070 101802 116268 83525 32743
is_linear=0
shrinkage=0.1


Tree=62
num_leaves=31
num_cat=0
split_feature=26 0 64 123 84 6 0 64 76 4 0 2 20 2 13 0 6 3 62 13 3 64 6 2 3 4 20 137 20 127
split_gain=73.3428 57.8711 111.093 93.5777 67.5819 63.5204 79.4708 79.4043 60.373 84.1312 73.2345 80.2568 81.785 56.871 84.5299 85.8466 73.9426 147.405 304.915 213.803 258.282 183.303 177.597 118.916 118.437 132.476 189.753 230.509 113.303 131.069
threshold=2.5000000000000004 9986284.5000000019 1.0847922267505277 3809396.0000000005 33562.000000000007 2.2500000000000004 15337258.500000002 0.012946786322732664 3.5000000000000004 116.78000000000002 2.5000000000000004 29760.120000000006 7.5000000000000009 1.3150000000000002 7.5000000000000009 19.500000000000004 5.7500000000000009 147985.44500000004 1761339.0000000002 414442.00000000006 421392.77000000008 50.338722294654509 1.0000000180025095e-35 327112.48500000004 63584.130000000012 10866.050000000001 3.5000000000000004 50011.500000000007 22.500000000000004 0.62019230769230782
decision_type=2 2 2 2 2 2 2 2 2 2 2 2 2 2 2 2 2 2 2 2 2 2 2 2 2 2 2 2 2 2
left_child=1 8 4 -4 5 7 -7 -3 13 -10 11 12 -11 14 -1 -16 17 18 24 22 23 -20 -19 -21 -15 26 27 -26 -28 -30
right_child=-2 2 3 -5 -6 6 -8 -9 9 10 -12 -13 -14 16 15 -17 -18 19 21 20 -22 -23 -24 -25 25 -27 28 -29 29 -31
leaf_value=-0.0012585200622982316 0.090798575952809379 0.001007117883242481 -0.010816335230986997 -0.034080665984852286 -0.056723765459843326 -0.0040388536252996604 0.030193222957735966 -0.046848223263886095 0.0016536201947608077 -0.16396489005868728 -0.0091482091606973487 -0.011462770792512445 0.036631320196776999 0.0026672741749167697 -0.01146950321374819 -0.0017644934403777902 -0.00027145255486171749 -0.0053871536142838508 -0.0038561873929380125 0.004485417836483349 0.00046002071534270164 -0.0055761574344926519 0.0025447385145290135 0.013983079333158739 -0.005643592656983199 0.0034150964950152131 -0.00070519875878900188 -0.049870038580248272 -0.030959086518367623 0.015882951800584723
leaf_weight=16520 33547 1834 11387 3396 495 6365 7118 1504 27896 862 23230 1789 179 170770 3998 4231 962475 1605 3345 6964 10224 809 50663 8170 6143 17200 22259 1160 835 207
leaf_count=16520 33547 1834 11387 3396 495 6365 7118 1504 27896 862 23230 1789 179 170770 3998 4231 962475 1605 3345 6964 10224 809 50663 8170 6143 17200 22259 1160 835 207
internal_value=0 -8.27885e-05 -0.00427893 -0.010646 0.00115675 0.00222844 0.00528604 -0.010122 1.7613e-05 -0.00325947 -0.00734495 -0.022533 -0.0446094 0.000154939 -0.00459242 -0.0128729 0.000247978 0.00161777 0.000309925 0.00537028 0.0129049 -0.0265292 0.00171481 0.0212001 0.000820002 -0.00357964 -0.00752614 -0.0215912 -0.00311787 -0.0353473
internal_weight=0 1.37363e+06 32099 14783 17316 16821 13483 3338 1.34153e+06 53956 26060 2830 1041 1.28758e+06 24749 8229 1.26283e+06 300354 222728 77626 25358 4154 52268 15134 218574 47804 30604 7303 23301 1042
internal_count=1407180 1373633 32099 14783 17316 16821 13483 3338 1341534 53956 26060 2830 1041 1287578 24749 8229 1262829 300354 222728 77626 25358 4154 52268 15134 218574 47804 30604 7303 23301 1042
is_linear=0
shrinkage=0.1


Tree=63
num_leaves=31
num_cat=0
split_feature=26 1 90 89 141 146 97 3 6 67 4 4 76 4 3 0 4 20 5 3 2 137 3 134 4 138 5 138 20 1
split_gain=66.8369 58.4576 61.5768 77.0816 55.6396 55.2804 55.091 64.7706 76.3676 54.1265 74.8916 92.9027 52.2783 134.875 58.7922 57.168 67.9827 101.744 56.3374 215.756 124.143 112.631 100.693 89.486 84.8959 184.075 147.511 143.522 101.618 104.127
threshold=20394.000000000004 15123318.000000002 0.69974074436305822 0.01876972360146335 0.51470588235294124 800261.50000000012 1.0000000180025095e-35 135150.72500000003 6.416666666666667 12.500000000000002 12091.515000000001 35023.470000000008 9.5000000000000018 9042.5150000000012 33526.525000000001 2.5000000000000004 1001.6950000000001 7.5000000000000009 1.5000000000000002 2129.4150000000004 1.0650000000000002 4530278.0000000009 845426.07500000007 3807610.0000000005 52.850000000000009 10.500000000000002 1.0000000180025095e-35 10.500000000000002 3.5000000000000004 800154.00000000012
decision_type=2 2 2 2 2 2 2 2 2 2 2 2 2 2 2 2 2 2 2 2 2 2 2 2 2 2 2 2 2 2
left_child=1 2 3 5 -4 6 9 -8 -9 12 -11 -12 18 15 -15 16 -14 -18 19 20 -1 22 -20 -24 25 26 28 -26 29 -21
right_child=-2 -3 4 -5 -6 -7 7 8 -10 10 11 -13 13 14 -16 -17 17 -19 21 24 -22 -23 23 -25 27 -27 -28 -29 -30 -31
leaf_value=-0.081553039170041738 0.11913822605473011 -0.011714838345373881 -0.019392580233971227 0.031419282581829765 0.024049457577519334 0.089171267030150367 0.038196628612500151 0.021158336100826097 -0.013119194448539326 0.0040651230369926905 -0.13285134276033581 0.019954048031174215 0.027082391628959337 -0.10893918824327371 -0.023819197506668943 0.0064823060790955463 -0.13750684912639702 0.024158642454543001 -0.00028953985844489829 -0.0031705386964743232 0.14471643551923385 0.046168526883702571 -0.021088983834606313 0.0019702043533464941 0.002066063125587192 0.22213999962589057 0.1749877747213513 -0.020524468470957152 -0.065474838323054618 -0.022718663574286719
leaf_weight=754 19936 13556 9869 9073 1131 2533 2560 687 1276 1778 1325 408 755 1056 3657 13325 649 257 940366 3004 39513 3797 11724 7630 303623 2070 892 6113 3443 420
leaf_count=754 19936 13556 9869 9073 1131 2533 2560 687 1276 1778 1325 408 755 1056 3657 13325 649 257 940366 3004 39513 3797 11724 7630 303623 2070 892 6113 3443 420
internal_value=0 -5.94578e-05 5.02825e-06 6.5182e-05 -0.00744686 3.60691e-06 -2.40635e-05 0.0109938 -0.00267197 -6.10719e-05 -0.0124611 -0.0272545 -2.86557e-05 -0.00514229 -0.0198973 -0.000501956 -0.0179957 -0.0364639 4.74645e-05 0.00111514 0.00801336 -0.000351268 -0.000419274 -0.00755915 0.00024593 -0.00890373 -0.0159722 0.000536281 -0.0209416 -0.00874323
internal_weight=0 1.38724e+06 1.37369e+06 1.36269e+06 11000 1.35362e+06 1.35108e+06 4523 1963 1.34656e+06 3511 1733 1.34305e+06 19699 4713 14986 1661 906 1.32335e+06 359832 40267 963517 959720 19354 319565 9829 7759 309736 6867 3424
internal_count=1407180 1387244 1373688 1362688 11000 1353615 1351082 4523 1963 1346559 3511 1733 1343048 19699 4713 14986 1661 906 1323349 359832 40267 963517 959720 19354 319565 9829 7759 309736 6867 3424
is_linear=0
shrinkage=0.1


Tree=64
num_leaves=31
num_cat=0
split_feature=26 1 128 13 4 2 20 13 13 67 3 4 20 6 4 13 62 13 4 2 6 3 4 123 0 3 140 2 6 3
split_gain=60.4057 48.3615 49.0413 88.7387 87.2426 57.5367 63.5007 56.096 52.9603 47.727 68.4965 75.5301 49.6812 134.741 112.906 306.739 277.216 165.003 164.721 137.456 172.176 141.183 144.66 136.901 132.946 114.394 259.759 173.82 149.48 128.721
threshold=40413.500000000007 15123318.000000002 0.069047619047619066 1610.5000000000002 0.8650000000000001 25981.370000000003 5.5000000000000009 1.5000000000000002 67339.000000000015 12.500000000000002 178964.83500000005 35023.470000000008 5.5000000000000009 20.833333333333339 48072.870000000003 8265.0000000000018 557390.50000000012 8081.5000000000009 1.1450000000000002 346600.62500000006 5.7500000000000009 297012.86000000004 10866.050000000001 77354.500000000015 5059632.0000000009 7946.1500000000005 0.080128205128205135 12131.130000000003 4.8333333333333348 24417.235000000004
decision_type=2 2 2 2 2 2 2 2 2 2 2 2 2 2 2 2 2 2 2 2 2 2 2 2 2 2 2 2 2 2
left_child=1 2 9 7 5 8 -7 -4 -5 12 -11 -12 14 -14 18 17 -17 -16 25 21 23 -20 -23 -21 -22 -1 27 -27 -28 -29
right_child=-2 -3 3 4 -6 6 -8 -9 -10 10 11 -13 13 -15 15 16 -18 -19 19 20 24 22 -24 -25 -26 26 28 29 -30 -31
leaf_value=0.0022931677681608453 0.1204349861824114 -0.010543354510836501 -0.033510373996284551 0.011545502959222144 -0.0048318982092851572 -0.032504311135973893 -0.00043562206982477041 0.01502077681881242 -0.026430370344638354 -0.0019978808332721701 -0.14419356991122464 0.014207440550159621 -0.0016567623586416947 0.02233439570346947 0.00013318957220738171 -0.019108767010268632 -0.0027020867172186328 0.058532307232805551 0.0021705251682104299 0.0027932249416949147 0.0072958341101879449 0.015654954598332282 -0.021459627095182968 0.013851962434436343 -0.0025856434678095154 -0.016469128508506216 -0.047391524751999828 0.0076857779224190461 -0.024614021404355257 -0.0015077271090014241
leaf_weight=118043 17769 13556 276 493 4703 1094 312 2218 345 2419 1045 327 285894 18813 445263 19443 26224 413 327018 2584 20107 969 2220 3981 12793 14381 1797 22072 1674 38934
leaf_count=118043 17769 13556 276 493 4703 1094 312 2218 345 2419 1045 327 285894 18813 445263 19443 26224 413 327018 2584 20107 969 2220 3981 12793 14381 1797 22072 1674 38934
internal_value=0 -4.38872e-05 1.46745e-05 -0.00716784 -0.0129768 -0.0292002 -0.0415622 0.00901288 -0.00845909 6.43008e-05 -0.0111404 -0.0289888 9.54739e-05 -0.00102963 0.000419533 -0.000689815 -0.00849531 0.00010999 0.00138158 0.00262599 0.00820376 0.00195936 -0.0189797 0.0229901 0.00525323 -0.000954735 -0.00390373 -0.00267221 -0.0306512 -0.000340853
internal_weight=0 1.38941e+06 1.37586e+06 9441 6947 2244 1406 2494 838 1.36641e+06 3791 1372 1.36262e+06 304707 1.05792e+06 491343 45667 445676 566573 369672 39465 330207 3189 6565 32900 196901 78858 75387 3471 61006
internal_count=1407180 1389411 1375855 9441 6947 2244 1406 2494 838 1366414 3791 1372 1362623 304707 1057916 491343 45667 445676 566573 369672 39465 330207 3189 6565 32900 196901 78858 75387 3471 61006
is_linear=0
shrinkage=0.1


Tree=65
num_leaves=31
num_cat=0
split_feature=26 2 6 52 92 88 13 123 2 64 4 6 0 6 5 2 0 20 20 13 5 141 76 4 1 5 0 2 20 6
split_gain=53.4213 47.5242 90.3386 53.1357 54.7053 50.9143 49.728 102.055 150.16 147.613 72.862 68.2117 60.5169 56.7112 54.3344 50.7998 162.622 73.7857 293.248 89.7033 78.4097 58.0689 54.0107 64.2321 65.6428 90.8148 58.0197 80.2298 75.1002 56.128
threshold=2.5000000000000004 1125033.7500000002 1.0000000180025095e-35 742.00000000000011 339537.50000000006 420605.00000000006 7825083.0000000009 5040796.5000000009 254726.14000000004 0.18121388837712196 9379.0650000000005 12.833333333333334 6287309.5000000009 5.7500000000000009 1.0000000180025095e-35 1.5050000000000001 45.500000000000007 6.5000000000000009 9.5000000000000018 3.5000000000000004 1.5000000000000002 0.5590277777777779 3.5000000000000004 116.78000000000002 213773.00000000003 1.5000000000000002 2.5000000000000004 29760.120000000006 7.5000000000000009 5.7500000000000009
decision_type=2 2 2 2 2 2 2 2 2 2 2 2 2 2 2 2 2 2 2 2 2 2 2 2 2 2 2 2 2 2
left_child=1 5 -3 -4 -5 6 7 15 -9 10 -10 -11 13 -12 -8 16 17 19 20 -1 -19 -21 29 24 -24 -26 27 28 -25 -17
right_child=-2 2 3 4 -6 -7 14 8 9 11 12 -13 -14 -15 -16 22 -18 18 -20 21 -22 -23 23 26 25 -27 -28 -29 -30 -31
leaf_value=0.10617776372863096 0.069178235610613648 -0.042064536213283613 -0.004648467816676982 0.029758816357560204 -0.043679532331968918 -0.019011373269908979 -0.0060308470158154624 -0.010199938701328036 -0.0060698139265947422 -0.015317188187377241 0.019482408373945638 -0.032679981790648308 -0.0048166294360281366 0.0079500730006583989 0.0098491321473987599 0.0013780539073336027 -0.022965001110534747 0.072311010110367197 -0.000899038112523682 0.0010265003322804036 -0.033446352489659964 -0.0077387540713877816 0.0066311356495908028 -0.13447451176490788 -0.038004908442320587 -0.0064390551100633299 -0.0081624706279701652 -0.009537986576522826 0.029229914138886495 -8.8898100385037544e-06
leaf_weight=5135 33547 781 67411 608 46 7185 759 403 1904 5657 471 772 1079 1502 5782 289458 1368 312 9060 10386 1988 3407 24501 862 756 2148 22932 1789 179 904992
leaf_count=5135 33547 781 67411 608 46 7185 759 403 1904 5657 471 772 1079 1502 5782 289458 1368 312 9060 10386 1988 3407 24501 862 756 2148 22932 1789 179 904992
internal_value=0 -7.99908e-05 -0.00264065 -0.00225263 0.026114 5.51204e-05 0.000101603 5.75399e-05 -0.00920445 -0.007081 0.00588785 -0.0170784 0.0154648 0.0258782 0.00879883 0.000142885 -0.00381317 -0.00228993 -0.00866102 0.00153381 -0.0405491 -0.00266661 0.000243263 -0.00287536 0.000494644 -0.0137212 -0.00646028 -0.0199694 -0.042042 0.000382078
internal_weight=0 1.37363e+06 68846 68065 654 1.30479e+06 1.2976e+06 1.29106e+06 11788 11385 4956 6429 3052 1973 6541 1.27927e+06 31656 30288 11360 18928 2300 13793 1.24762e+06 53167 27405 2904 25762 2830 1041 1.19445e+06
internal_count=1407180 1373633 68846 68065 654 1304787 1297602 1291061 11788 11385 4956 6429 3052 1973 6541 1279273 31656 30288 11360 18928 2300 13793 1247617 53167 27405 2904 25762 2830 1041 1194450
is_linear=0
shrinkage=0.1


Tree=66
num_leaves=31
num_cat=0
split_feature=123 123 64 62 2 20 2 6 4 64 0 3 2 20 126 6 2 127 6 127 64 0 0 64 4 3 3 64 127 2
split_gain=49.7141 252.584 123.439 164.054 200.971 103.965 108.247 99.0105 176.679 139.735 179.352 135.7 121.356 95.6505 99.4894 94.9752 121.391 181.334 93.8581 88.0525 110.072 80.9209 79.2821 120.363 72.9393 81.158 280.22 137.778 100.743 98.1641
threshold=1160979.0000000002 1160417.5000000002 0.039999148647473622 2106217.5000000005 118696.27000000002 15.500000000000002 91082.035000000018 8.4166666666666696 48072.870000000003 1.0000128766417722 9986284.5000000019 239110.68000000002 902065.44500000018 21.500000000000004 0.06458333333333334 1.4166666666666667 37200.115000000005 0.86607142857142871 14.41666666666667 0.84523809523809534 0.87003338760167737 4615515.0000000009 3722898.5000000005 0.21795015435757678 35023.470000000008 182255.63500000004 247774.94000000003 0.0020093307957441743 0.88194444444444453 183441.05500000002
decision_type=2 2 2 2 2 2 2 2 2 2 2 2 2 2 2 2 2 2 2 2 2 2 2 2 2 2 2 2 2 2
left_child=1 15 3 4 -2 6 -4 8 9 11 -11 22 21 24 -15 16 -1 -18 -3 -17 -21 -9 23 -8 25 29 27 -27 -28 -6
right_child=2 18 5 -5 13 -7 7 12 -10 10 -12 -13 -14 14 -16 19 17 -19 -20 20 -22 -23 -24 -25 -26 26 28 -29 -30 -31
leaf_value=0.0053279122108611078 0.0022017845507447463 0.032546784602497936 -0.018359916485772187 0.0081499203986386375 -0.0020666115183298191 -0.018168959920722847 -0.0019063448314465493 -0.0028809624710858669 -0.018223327878095552 0.02668207473696781 0.0027601253874879328 0.0112155073419437 0.060975872553806626 0.014543891649167563 -0.0065235095937076189 8.9213826197376289e-05 -0.0020142756805714818 -0.0052048627904310654 -0.0096347866658831015 0.0063116018245448664 -0.0011341204366416059 -0.018141824640211184 -0.0038565535737668747 0.0047400997098672607 0.00027851433676642187 -0.016351374841999344 -0.0060544452938995456 0.024369446836087154 0.0027792945662505454 0.014293015533586329
leaf_weight=2042 4683 679 508 19913 4148 12186 2873 10418 8728 1308 1374 3478 2027 552 304 1252105 3750 1597 219 28639 13775 9482 8288 3409 4042 2071 1719 182 1501 1180
leaf_count=2042 4683 679 508 19913 4148 12186 2873 10418 8728 1308 1374 3478 2027 552 304 1252105 3750 1597 219 28639 13775 9482 8288 3409 4042 2071 1719 182 1501 1180
internal_value=0 0.000179221 -0.00208896 0.00224776 -0.0040591 -0.00481604 -0.00286412 -0.00241001 0.00137713 0.00640227 0.0277003 0.00323731 -0.00749786 -0.00948247 0.0230211 0.000142652 -0.0111625 -0.0190834 0.0531962 0.000207181 0.00468826 -0.00987219 -0.000999216 0.00747371 -0.011357 -0.0156453 -0.024198 -0.051249 -0.00527063 -0.00685982
internal_weight=0 1.30281e+06 104374 40295 20382 64079 51893 51385 29458 20730 2682 18048 21927 15699 856 1.30191e+06 7389 5347 898 1.29452e+06 42414 19900 14570 6282 14843 10801 5473 2253 3220 5328
internal_count=1407180 1302806 104374 40295 20382 64079 51893 51385 29458 20730 2682 18048 21927 15699 856 1301908 7389 5347 898 1294519 42414 19900 14570 6282 14843 10801 5473 2253 3220 5328
is_linear=0
shrinkage=0.1


Tree=67
num_leaves=31
num_cat=0
split_feature=5 3 92 2 92 3 137 3 4 1 4 2 3 2 3 20 4 1 20 2 20 5 4 4 3 20 3 20 2 137
split_gain=47.7013 182.931 140.482 115.104 102.873 141.477 99.4973 89.9896 83.5058 83.2321 80.2827 76.0089 70.2706 110.338 104.481 168.038 142.925 211.475 126.824 107.803 148.163 99.6959 87.486 179.237 229.02 171.286 232.191 250.475 465.929 194.529
threshold=1.5000000000000002 2129.4150000000004 4.9633902020765749e-05 1.0650000000000002 1.0090702947845809 115769.675 4530278.0000000009 845426.07500000007 1001.6950000000001 114854724.50000001 140512.21000000005 576973.43000000005 2472.9100000000003 3259.1050000000005 1462.9600000000003 1.5000000000000002 1.0000000180025095e-35 58824.500000000007 10.500000000000002 8.3150000000000031 14.500000000000002 3.0000000000000004 0.42500000000000004 741.81000000000006 54180.205000000009 2.5000000000000004 24417.235000000004 3.5000000000000004 67806.740000000005 901496.50000000012
decision_type=2 2 2 2 2 2 2 2 2 2 2 2 2 2 2 2 2 2 2 2 2 2 2 2 2 2 2 2 2 2
left_child=1 3 -3 -1 5 -4 7 9 11 12 -8 -7 14 21 18 16 17 -16 -2 -20 -21 -14 25 24 -24 29 -27 28 -28 -15
right_child=6 2 4 -5 -6 8 10 -9 -10 -11 -12 -13 13 22 15 -17 -18 -19 19 20 -22 -23 23 -25 -26 26 27 -29 -30 -31
leaf_value=-0.073452749459863978 -0.00042113346039611703 0.0016529806944643789 -0.040038303960173653 0.13020404186991036 0.00032797862833566825 0.01580965900133946 0.049846681036130311 -0.012134822516941479 0.0027816918786634608 0.0655057214919504 -0.074703712026064212 -0.041527006662990945 0.064790649278907458 -0.006253301036416122 -0.039592935261543637 -0.008138984598073995 -0.023653728036606949 -0.011269766956790654 -0.016511072490611896 -0.039973457200198265 0.10436709041883403 -0.072382548764557339 0.016667782878186932 -0.00049602177669867415 0.00023469019324100506 0.012780917801387981 0.0030355529793802075 -0.00040893489940579009 -0.023944793615702665 0.032238342741807473
leaf_weight=754 125266 331107 4634 40697 6354 236 3015 24506 3155 405 824 323 9502 42837 992 12882 2334 1636 3896 7575 4475 1471 55417 556636 88125 25790 2831 45140 2660 1705
leaf_count=754 125266 331107 4634 40697 6354 236 3015 24506 3155 405 824 323 9502 42837 992 12882 2334 1636 3896 7575 4475 1471 55417 556636 88125 25790 2831 45140 2660 1705
internal_value=0 0.000964591 0.000212117 0.00724218 -0.00935297 -0.0166508 -0.000339043 -0.000399754 -0.00210931 -0.000251807 0.0157295 -0.0377324 -0.000270327 9.77991e-05 -0.00219621 -0.00940618 -0.025042 -0.0410362 -0.00128513 -0.00968469 -0.00500943 0.0100591 -3.5315e-05 0.00039371 0.0035444 -0.00251867 0.000354182 -0.00357981 -0.0237462 -0.00744763
internal_weight=0 387260 345809 41451 14702 8348 1.01992e+06 1.01608e+06 3714 991575 3839 559 991170 832114 159056 17844 4962 2628 141212 15946 12050 10973 821141 700178 143542 120963 76421 50631 5491 44542
internal_count=1407180 387260 345809 41451 14702 8348 1019920 1016081 3714 991575 3839 559 991170 832114 159056 17844 4962 2628 141212 15946 12050 10973 821141 700178 143542 120963 76421 50631 5491 44542
is_linear=0
shrinkage=0.1


Tree=68
num_leaves=31
num_cat=0
split_feature=64 123 63 62 4 3 2 124 3 20 20 4 138 20 2 6 126 20 13 2 4 64 6 2 124 3 3 0 3 6
split_gain=54.8273 155.09 132.289 136.906 137.514 106.494 190.679 175.432 120.439 101.237 141.182 90.6114 85.979 100.376 103.919 89.3287 80.2863 104.209 108.459 79.5187 186.859 183.958 107.157 84.1394 86.3374 134.715 94.3202 108.205 81.1515 79.7379
threshold=0.24999899042873452 229917.50000000003 0.11535656145258062 63.500000000000007 45138.600000000013 23060.515000000003 36072.520000000011 10.500000000000002 10366.890000000001 14.500000000000002 6.5000000000000009 232022.12000000002 5.5000000000000009 1.0000000180025095e-35 368601.38000000006 8.5833333333333339 0.10555555555555557 23.500000000000004 3956307.5000000005 623661.61500000011 48072.870000000003 1.0847922267505277 8.4166666666666696 346600.62500000006 7.5000000000000009 161130.72000000003 52345.870000000003 777768.00000000012 757816.79500000016 5.7500000000000009
decision_type=2 2 2 2 2 2 2 2 2 2 2 2 2 2 2 2 2 2 2 2 2 2 2 2 2 2 2 2 2 2
left_child=2 11 3 16 -5 8 7 -7 -4 10 19 -2 13 14 -8 -16 -1 18 -18 20 21 22 23 24 26 -26 27 -3 -21 -25
right_child=1 9 5 4 -6 6 12 -9 -10 -11 -12 -13 -14 -15 15 -17 17 -19 -20 28 -22 -23 -24 29 25 -27 -28 -29 -30 -31
leaf_value=0.00020965978900202578 0.00055757325742839469 -0.0032214379245181224 0.016030501506090245 0.0062397551997690707 -0.034390814562834708 -0.0080569444183618 0.0017749352485131543 -0.023585785221968594 0.02464762375122196 -0.01424373446379211 0.0049629119826546247 -0.01797598110097667 -0.0053740412851212265 0.0018518008168552091 0.012605012419753326 0.0067315695643957027 -0.0025855555401828644 -0.023383306943609149 -0.019991972154555188 0.023212332955492489 -0.023103509060662164 0.012436368511422135 -0.0092215909389487399 0.010068503529271782 0.0020231410824591125 -0.031159633279617252 -0.00077900680014626289 -0.007648507079866796 -0.039845962897935919 2.971768741385583e-06
leaf_weight=945981 199519 2371 27560 3396 5719 1117 2660 733 12602 13429 8651 9474 16459 89048 1092 1607 9040 696 228 5334 8055 4077 14779 1368 9803 324 6386 1255 2304 2113
leaf_count=945981 199519 2371 27560 3396 5719 1117 2660 733 12602 13429 8651 9474 16459 89048 1092 1607 9040 696 228 5334 8055 4077 14779 1368 9803 324 6386 1255 2304 2113
internal_value=0 -0.00119982 0.000344839 -8.81227e-05 -0.0122857 0.00307796 0.0015025 -0.0303374 0.00749952 -0.00493669 -0.00334441 0.000235053 0.00203381 0.00319659 0.0164883 0.0303127 2.81818e-05 -0.00890135 -0.00609884 -0.00511707 -0.00655454 -0.00390641 -0.00605077 -0.00187215 -0.00435353 0.00215677 -0.0109386 -0.0238194 0.00439288 0.0124836
internal_weight=0 289242 1.11794e+06 965060 9115 152878 112716 1850 40162 80249 66820 208993 110866 94407 5359 2699 955945 9964 9268 58169 50531 42476 38399 23620 20139 10127 10012 3626 7638 3481
internal_count=1407180 289242 1117938 965060 9115 152878 112716 1850 40162 80249 66820 208993 110866 94407 5359 2699 955945 9964 9268 58169 50531 42476 38399 23620 20139 10127 10012 3626 7638 3481
is_linear=0
shrinkage=0.1


Tree=69
num_leaves=31
num_cat=0
split_feature=26 146 95 3 20 21 89 67 3 4 64 123 123 63 62 4 53 3 0 4 2 4 63 0 6 0 0 62 6 5
split_gain=47.3664 45.6877 45.7036 58.2693 74.95 104.046 42.9749 39.8388 56.0941 65.3704 42.3852 122.073 145.196 101.615 108.399 102.478 94.5822 93.8413 169.429 86.4785 110.448 142.515 127.972 239.121 124.678 123.732 99.2057 98.1417 110.934 93.2828
threshold=47724.000000000007 800261.50000000012 1.0000000180025095e-35 135150.72500000003 22.500000000000004 1.5000000000000002 400556.00000000006 12.500000000000002 178964.83500000005 35023.470000000008 0.24999899042873452 1884886.0000000002 1681394.5000000002 0.11535656145258062 343.50000000000006 421.94500000000011 1.0539861391772351e-05 86002.040000000023 4143812.5000000005 111957.73500000002 152049.20000000004 1371.9300000000001 22233.744444444448 1229514.0000000002 4.416666666666667 27455395.500000004 146894.50000000003 575132.50000000012 20.416666666666668 3.0000000000000004
decision_type=2 2 2 2 2 2 2 2 2 2 2 2 2 2 2 2 2 2 2 2 2 2 2 2 2 2 2 2 2 2
left_child=1 2 6 -4 5 -5 7 10 -9 -10 13 12 19 14 -1 -15 -17 18 -13 20 21 22 24 -24 -12 26 -22 28 -21 -26
right_child=-2 -3 3 4 -6 -7 -8 8 9 -11 11 17 -14 15 -16 16 -18 -19 -20 27 25 -23 23 -25 29 -27 -28 -29 -30 -31
leaf_value=-0.00010898649211171785 0.10386959457849221 0.079878053683081901 0.033362007012730115 -0.052818240841509302 0.035784114397492198 0.00086160229829413413 -0.033552794796824402 -0.0030399267925494303 -0.12966388923260722 0.011969009405006899 0.011110581082093597 -0.0060210592777448268 0.0051461905247494402 0.013682408262002134 -0.020141837488953405 0.00014866917457097563 0.014277471756710375 -0.0053911080612942704 -0.020779089241139359 -0.020969256247798353 -0.0015831320300835007 -0.0025135467594528341 -0.0073121622709248074 0.00044777142868840494 0.035149706770730392 -0.03521191946549438 0.004677227010863279 -0.00032540413077972733 0.02951448006449986 -0.0010662496370980935
leaf_weight=931889 17281 2534 2753 359 328 1532 927 2419 1047 359 6696 4066 3073 40409 6817 102104 9495 31070 600 12054 16970 83514 1592 2040 14003 3441 49357 13450 466 44535
leaf_count=931889 17281 2534 2753 359 328 1532 927 2419 1047 359 6696 4066 3073 40409 6817 102104 9495 31070 600 12054 16970 83514 1592 2040 14003 3441 49357 13450 466 44535
internal_value=0 -3.95721e-05 -6.40749e-05 0.00950633 -0.00255177 -0.0102059 -9.84964e-05 -8.40532e-05 -0.0102755 -0.0261598 -5.57569e-05 -0.00113721 -0.00035922 0.000228735 -0.000159677 0.00262732 0.00106493 -0.00660578 -0.0198292 -0.000626784 1.1538e-05 -0.00149723 0.00187055 -0.0163987 0.00288771 0.00330683 0.00426604 -0.00608701 -0.0124586 0.00140913
internal_weight=0 1.3899e+06 1.38736e+06 4972 2219 1891 1.38239e+06 1.38147e+06 3825 1406 1.37764e+06 286927 251191 1.09071e+06 938706 152008 111599 35736 4666 248118 222148 152380 68866 3632 65234 69768 66327 25970 12520 58538
internal_count=1407180 1389899 1387365 4972 2219 1891 1382393 1381466 3825 1406 1377641 286927 251191 1090714 938706 152008 111599 35736 4666 248118 222148 152380 68866 3632 65234 69768 66327 25970 12520 58538
is_linear=0
shrinkage=0.1


Tree=70
num_leaves=31
num_cat=0
split_feature=124 3 6 53 4 1 4 64 4 64 127 127 3 5 20 64 4 52 6 61 2 4 1 64 4 3 3 1 0 6
split_gain=43.906 118.631 63.5814 59.1053 73.1717 164.907 90.9781 63.0335 62.8708 115.009 55.5753 66.5624 151.691 67.4282 55.9726 82.064 53.1817 59.9887 51.59 51.3152 50.3994 47.9954 78.3261 61.09 47.2334 46.5374 65.2214 69.7269 59.1036 45.7705
threshold=12.500000000000002 10366.890000000001 24.833333333333339 1.0539861391772351e-05 18651.465000000004 2070485.0000000002 21964.240000000002 0.80645179003806133 38826.81500000001 4.5377890360731883e-06 0.84523809523809534 0.78888888888888908 356670.3000000001 3.0000000000000004 20.500000000000004 0.093653033609185213 334263.98000000004 2.0209547752115653e-06 98.500000000000014 1.0000000180025095e-35 23404.985000000004 2.4450000000000007 34800.500000000007 0.0002807567804118706 14587.040000000003 175514.91500000001 68834.155000000013 894.50000000000011 1009.5000000000001 7.8333333333333348
decision_type=2 2 2 2 2 2 2 2 2 2 2 2 2 2 2 2 2 2 2 2 2 2 2 2 2 2 2 2 2 2
left_child=10 -2 3 4 7 6 -6 21 9 -8 11 -1 25 -14 16 -16 17 20 -4 -10 -12 22 -3 -23 -25 26 27 -13 -28 -27
right_child=1 2 18 -5 5 -7 8 -9 19 -11 14 12 13 -15 15 -17 -18 -19 -20 -21 -22 23 -24 24 -26 29 28 -29 -30 -31
leaf_value=1.5763132949151676e-05 0.093998109314702608 0.008094979980000588 0.015112673110876336 0.016690966578354501 -0.042473015033621969 0.0018407808549332995 -0.092894927323479037 -0.010269371901706226 0.014093980943824009 0.015119973796136119 0.0089466019139763826 0.0086089698081277099 -0.026021983930758982 0.011994589660680304 0.01774944328828364 -0.0032309532050008418 -0.021341036882049632 0.027589445044432462 -0.020410651916280807 -0.027047946920071366 0.00037528833210751514 0.015633040494769577 -0.013959410025054728 0.00080643475889692379 -0.020098079163002863 0.014484849996932482 -0.023907242197658819 -0.0037782057445789651 -0.0049041573167659227 -0.0023066815882477869
leaf_weight=1301804 1988 1125 6339 1867 541 2783 269 6266 330 546 3763 647 317 76 2042 1565 1585 3007 311 2342 50940 1542 2266 8609 453 206 362 1825 1184 280
leaf_count=1301804 1988 1125 6339 1867 541 2783 269 6266 330 546 3763 647 317 76 2042 1565 1585 3007 311 2342 50940 1542 2266 8609 453 206 362 1825 1184 280
internal_value=0 -0.00335982 -0.0046878 -0.00671397 -0.00790078 -0.0168676 -0.0298013 -0.00488648 -0.0238817 0.00043128 0.000104978 -3.47832e-05 -0.0116716 -0.0712539 0.00300833 0.0151029 0.0022726 0.00276892 0.00412955 -0.0312975 0.002013 -0.00115429 -0.0115101 0.00215734 -0.000973635 -0.0064727 -0.0100079 6.76912e-05 -0.0261184 0.0227546
internal_weight=0 37577 35589 28939 27072 6811 4028 20261 3487 815 1.3696e+06 1.3067e+06 4897 393 62902 3607 59295 57710 6650 2672 54703 13995 3391 10604 9062 4504 4018 2472 1546 486
internal_count=1407180 37577 35589 28939 27072 6811 4028 20261 3487 815 1369603 1306701 4897 393 62902 3607 59295 57710 6650 2672 54703 13995 3391 10604 9062 4504 4018 2472 1546 486
is_linear=0
shrinkage=0.1


Tree=71
num_leaves=31
num_cat=0
split_feature=20 6 94 90 124 3 20 20 3 5 20 2 20 127 6 4 127 0 2 1 52 2 138 4 4 126 2 4 20 6
split_gain=43.3094 100.541 93.2253 88.7593 83.6497 184.42 212.863 99.266 92.9001 91.547 87.3732 93.1198 93.8361 131.538 95.4407 89.3758 84.5676 164.199 82.5955 74.9336 73.1055 72.4308 72.2452 139.385 73.6053 96.8255 68.5699 130.511 68.3281 66.7945
threshold=5.5000000000000009 20.833333333333339 1475.5000000000002 1.0872975659618469 4.5000000000000009 188885.29500000001 6.5000000000000009 23.500000000000004 297012.86000000004 3.0000000000000004 13.500000000000002 8.3150000000000031 20.500000000000004 0.74166666666666681 1.0000000180025095e-35 486741.74500000005 0.88194444444444453 1329140.0000000002 47695.48000000001 1574946.0000000002 9.0000000000000018 340309.32000000007 7.5000000000000009 106938.82000000002 15454.745000000003 0.095454545454545472 377050.77500000008 35023.470000000008 23.500000000000004 10.41666666666667
decision_type=2 2 2 2 2 2 2 2 2 2 2 2 2 2 2 2 2 2 2 2 2 2 2 2 2 2 2 2 2 2
left_child=29 2 3 4 10 -6 -7 8 -8 -10 -2 -12 14 20 16 -16 -13 18 -18 -19 22 -3 24 -24 25 -14 27 -23 -27 -1
right_child=1 21 -4 -5 5 6 7 -9 9 -11 11 12 13 -15 15 -17 17 19 -20 -21 -22 26 23 -25 -26 28 -28 -29 -30 -31
leaf_value=0.0010580358212506644 -0.0027990993161197911 0.045440523495419806 -0.015772520598325217 -0.04826230215953068 -0.0001599101161584793 -0.044461681776935963 0.0081629553509205855 -0.038866521965454127 -0.044247812072349436 -0.014002346249413128 -0.018367859816489713 0.0019101621996225227 -0.0016604538945949267 0.012826311141512224 0.0079364700227027019 -0.0080254265002141396 0.0068411581447595186 0.0033596429973294707 -0.0055166773794098258 -8.654905882965469e-05 -0.051459521553794629 -0.070210168847655324 -0.0060148125968167362 -0.035124444526110514 0.006149688096333406 -0.004655160576251283 0.0041030494944198524 0.028745742642389816 -0.023988672008337916 -0.0012425287408370789
leaf_weight=633384 118720 11227 12024 1726 27911 1648 3910 520 470 7900 1695 1303 18873 3185 53964 3126 156 128 1115 601 1043 481 11709 2395 14675 1608 7229 309 569 463576
leaf_count=633384 118720 11227 12024 1726 27911 1648 3910 520 470 7900 1695 1303 18873 3185 53964 3126 156 128 1115 601 1043 481 11709 2395 14675 1608 7229 309 569 463576
internal_value=0 -0.00103084 -0.00149384 -0.00112222 -0.000981468 -0.00507175 -0.0142427 -0.00988738 -0.00807521 -0.01402 -0.000243767 0.00170626 0.00205085 -0.000975675 0.00475986 0.00571605 -0.0117673 -0.0246827 -0.0463827 0.0131511 -0.00220996 0.0059691 -0.00166151 -0.00772159 0.000730969 -0.00305896 -0.00128967 -0.0292622 -0.0230281 0.000307405
internal_weight=0 310220 290974 278950 277224 42359 14448 12800 12280 8370 234865 116145 114450 54057 60393 57090 3303 2000 1271 729 50872 19246 49829 14104 35725 21050 8019 790 2177 1.09696e+06
internal_count=1407180 310220 290974 278950 277224 42359 14448 12800 12280 8370 234865 116145 114450 54057 60393 57090 3303 2000 1271 729 50872 19246 49829 14104 35725 21050 8019 790 2177 1096960
is_linear=0
shrinkage=0.1


Tree=72
num_leaves=31
num_cat=0
split_feature=1 52 1 3 1 4 124 137 63 3 20 3 0 3 3 0 3 6 15 4 3 3 92 2 6 3 3 20 4 1
split_gain=42.9868 79.4436 77.2382 232.997 161.167 148.343 143.758 124.011 95.2259 103.834 126.641 112.217 94.0497 115.92 92.8128 136.932 123.981 110.565 100.047 94.7416 88.1011 81.8674 80.8943 77.8768 187.997 121.007 115.068 222.337 102.094 84.1613
threshold=1647018.5000000002 1.0104773876057826e-06 530043.00000000012 89727.680000000008 238761.00000000003 55318.500000000007 14.500000000000002 391856.50000000006 10311.852594049671 11336.355000000001 7.5000000000000009 10366.890000000001 394317.50000000006 13937.940000000001 40447.470000000008 777768.00000000012 161130.72000000003 3.8333333333333335 1.0000000180025095e-35 4420.6800000000012 21842.975000000002 14514.325000000003 6.7011503791464396e-05 41299.250000000007 5.7500000000000009 23060.515000000003 19857.690000000006 1.0000000180025095e-35 2.4450000000000007 586991.50000000012
decision_type=2 2 2 2 2 2 2 2 2 2 2 2 2 2 2 2 2 2 2 2 2 2 2 2 2 2 2 2 2 2
left_child=2 -2 4 22 -1 6 -5 8 9 10 11 -6 -9 -14 15 18 17 -16 21 -17 -15 -11 23 24 26 -25 -4 -28 -26 -27
right_child=1 -3 3 5 7 -7 -8 12 -10 14 -12 -13 13 20 16 19 -18 -19 -20 -21 -22 -23 -24 25 28 29 27 -29 -30 -31
leaf_value=0.0006221225853679347 -0.0011895112170546729 0.015509943790021569 0.028626033836308684 0.0084195826175919326 -0.011605364995819167 0.0035548057802419434 -0.0048040643825265836 0.059380807335579357 -0.0069224293067544282 0.015875343719843251 -0.051969773738654183 -0.043644635771097701 -0.011693607840416698 0.045273145212309587 -0.0077487342483753665 -0.0039523398198848319 0.00055064898088844907 -0.0061209506432424289 -0.0049315546241980538 -0.01342584490123664 0.00023453111232457505 0.0025480168485350063 -0.016805168870470708 0.10812224266164183 -0.01408711708279106 0.0066760076092045265 -0.089410584008186689 0.0081198813948495357 -0.02277515991931808 -0.00028918552862890944
leaf_weight=1011797 168279 5168 5695 21129 6375 34898 3132 3278 3171 4146 1933 585 2238 1671 2059 3156 12735 20428 6307 483 5554 19998 1564 1257 7061 3145 1431 2886 3991 41630
leaf_count=1011797 168279 5168 5695 21129 6375 34898 3132 3278 3171 4146 1933 585 2238 1671 2059 3156 12735 20428 6307 483 5554 19998 1564 1257 7061 3145 1431 2886 3991 41630
internal_value=0 -0.00145683 0.00022448 0.00255187 -4.45144e-05 0.00715146 0.0131572 -0.00400264 -0.00543896 -0.00475013 -0.0149227 -0.00863384 0.00517101 0.000114309 -0.00344494 0.000274629 -0.00704498 -0.0115098 0.00246556 -0.018059 0.00627425 0.00539516 -0.00141125 -0.00088719 -0.00592353 0.00141741 0.00400226 -0.00831101 -0.0149153 0.000558351
internal_weight=0 173447 1.23373e+06 127819 1.10591e+06 59159 24261 94117 81376 78205 8893 6960 12741 9463 69312 34090 35222 22487 30451 3639 7225 24144 68660 67096 21064 46032 10012 4317 11052 44775
internal_count=1407180 173447 1233733 127819 1105914 59159 24261 94117 81376 78205 8893 6960 12741 9463 69312 34090 35222 22487 30451 3639 7225 24144 68660 67096 21064 46032 10012 4317 11052 44775
is_linear=0
shrinkage=0.1


Tree=73
num_leaves=31
num_cat=0
split_feature=123 123 64 62 2 124 3 2 4 6 1 3 20 2 6 6 0 4 20 2 0 64 4 6 3 64 6 2 64 124
split_gain=41.6855 233.256 110.693 99.4795 175.087 99.3665 124.508 208.251 126.944 89.2038 84.3675 82.7796 81.0101 87.4504 133.052 123.245 96.0301 115.138 108.566 86.0416 80.5499 97.0353 78.1435 70.9364 235.622 71.2356 69.6028 67.1426 64.2266 87.7339
threshold=1160979.0000000002 1160417.5000000002 0.012946786322732664 2373270.0000000005 118696.27000000002 4.5000000000000009 188885.29500000001 453191.53500000003 35023.470000000008 14.41666666666667 4999332.5000000009 215425.28500000003 15.500000000000002 645094.46000000008 5.166666666666667 6.416666666666667 2043757.0000000002 48072.870000000003 6.5000000000000009 95506.540000000023 8943862.0000000019 1.0521192439171625 5.2550000000000008 5.7500000000000009 117976.09000000001 0.0014965379029624826 5.7500000000000009 47695.48000000001 1.0003949229956695 7.5000000000000009
decision_type=2 2 2 2 2 2 2 2 2 2 2 2 2 2 2 2 2 2 2 2 2 2 2 2 2 2 2 2 2 2
left_child=1 -1 3 4 27 -6 10 8 -8 -3 -7 -10 13 15 -15 16 -4 18 19 -18 21 -17 -9 24 -5 -25 -19 -2 29 -21
right_child=2 9 12 23 5 6 7 22 11 -11 -12 -13 -14 14 -16 20 17 26 -20 28 -22 -23 -24 25 -26 -27 -28 -29 -30 -31
leaf_value=0.00017966026558141612 -0.047893744757510015 0.028320764751134788 -0.0039424035096727204 -0.013708463654515286 0.00050232294127219097 0.00026390763214374503 -0.032670535932131595 -0.056830098347056594 0.016559629984645798 -0.0099719095518170861 -0.016940918173441469 -0.093573753869411011 -0.014339485915968828 -0.024252701939270916 0.023598751243913103 -0.0050170924797375751 -0.012823044090864173 -0.0029819313692372143 0.0086186165867940031 -0.0010771539108054499 -0.026498360960366708 0.016792555477731258 -0.0040206103727534808 0.018899440871020787 0.012498834218018007 -0.0022902138917185737 -0.032884590035209958 0.0024610284494189232 0.015955312283541714 0.0078949711424684543
leaf_weight=1301908 75 679 1685 175 5508 3661 1457 106 232 219 100 286 13736 2814 8135 24737 110 1920 809 5987 4238 1135 2267 6868 1817 5396 851 4100 1561 4608
leaf_count=1301908 75 679 1685 175 5508 3661 1457 106 232 219 100 286 13736 2814 8135 24737 110 1920 809 5987 4238 1135 2267 6868 1817 5396 851 4100 1561 4608
internal_value=0 0.000155205 -0.00192177 0.0029705 -0.00201665 -0.00750956 -0.0145499 -0.0260744 -0.0500635 0.0511033 -0.00122671 -0.00754402 -0.00408956 -0.00246909 0.00558975 -0.0043212 0.00234452 0.00475798 0.00868214 0.00634196 -0.00820219 -0.00610883 -0.00610872 0.00919465 0.0266974 0.00635173 -0.0137582 0.0158988 0.00713868 0.00434862
internal_weight=0 1.30281e+06 104374 32048 17792 13617 8109 4348 1975 898 3761 518 72326 58590 10949 47641 17531 15846 13075 12266 30110 25872 2373 14256 1992 12264 2771 4175 12156 10595
internal_count=1407180 1302806 104374 32048 17792 13617 8109 4348 1975 898 3761 518 72326 58590 10949 47641 17531 15846 13075 12266 30110 25872 2373 14256 1992 12264 2771 4175 12156 10595
is_linear=0
shrinkage=0.1


Tree=74
num_leaves=31
num_cat=0
split_feature=26 128 13 8 52 3 0 76 4 3 2 0 20 4 2 13 1 2 3 123 6 20 3 13 64 62 6 4 13 64
split_gain=41.4068 40.3136 74.3552 71.8804 52.9013 40.0768 54.6541 39.1958 92.7515 65.308 51.0316 46.4609 59.748 98.6444 39.3005 79.3159 76.4992 57.9715 45.6857 95.9975 76.2603 160.755 105.519 97.9453 200.638 173.149 131.707 103.887 78.8845 99.2816
threshold=53707.000000000007 0.080128205128205135 1500.5000000000002 1.0000000180025095e-35 0.033172855176618922 21842.975000000002 68096.500000000015 9.5000000000000018 10866.050000000001 33526.525000000001 42758.095000000008 2.5000000000000004 7.5000000000000009 1371.9300000000001 1.3150000000000002 8.5000000000000018 14.500000000000002 1.2050000000000003 230389.64000000004 5505155.0000000009 5.7500000000000009 23.500000000000004 1341532.0800000003 392033.50000000006 0.012946786322732664 5053564.0000000009 1.4166666666666667 42284.785000000011 9141671.0000000019 0.020431815636266056
decision_type=2 2 2 2 2 2 2 2 2 2 2 2 2 2 2 2 2 2 2 2 2 2 2 2 2 2 2 2 2 2
left_child=1 7 4 5 -3 6 -4 14 11 10 -10 12 13 -9 15 -1 -17 -18 19 -16 22 28 23 26 -25 27 -20 -26 -22 -30
right_child=-2 2 3 -5 -6 -7 -8 8 9 -11 -12 -13 -14 -15 18 16 17 -19 20 -21 21 -23 -24 24 25 -27 -28 -29 29 -31
leaf_value=-0.0003416317421214066 0.096780446289703378 0.016271598686001455 0.01890684231124469 -0.0037021426267258351 -0.028131474220951594 -0.020038986759499135 -0.023287339617569482 -0.00022466654504260664 -0.083876799747366504 -0.019559671002034748 -0.14232657042844807 0.0040849312628562732 0.019314757959098164 -0.10968187730274069 0.00064070107504145442 -0.017167055471623782 0.0025911441106052594 -0.013120780860554749 -0.005418542154316983 -0.0085865142410270889 -0.0026535380165472302 -0.034481325396060115 -0.021793365883688499 0.0070202117891258672 0.0098618443493031192 -0.025641905777879129 0.00087140773554562868 0.0029419694094214633 -0.0058019597344282784 0.067792466720539721
leaf_weight=17102 16895 1978 395 4698 480 1790 282 591 671 3499 253 14149 519 586 971313 1794 2385 3468 997 2448 281694 1445 3980 8494 2664 4303 41831 10311 2716 3449
leaf_count=17102 16895 1978 395 4698 480 1790 282 591 671 3499 253 14149 519 586 971313 1794 2385 3468 997 2448 281694 1445 3980 8494 2664 4303 41831 10311 2716 3449
internal_value=0 -6.30067e-05 -0.00651305 -0.0116616 0.00849477 -0.0254835 -0.00475853 -1.80509e-05 -0.00438324 -0.0171871 -0.0408333 -0.000809134 -0.0164495 -0.0289132 4.69844e-05 -0.00390153 -0.0123675 -0.00683016 0.000120149 0.000476684 -0.000839221 -0.00156632 0.00205901 0.00297742 0.00784844 0.00166198 4.62586e-05 0.00742693 -0.00139931 0.00979064
internal_weight=0 1.39028e+06 9623 7165 2458 2467 677 1.38066e+06 20268 4423 924 15845 1696 1177 1.36039e+06 24749 7647 5853 1.33564e+06 973761 361884 289304 72580 68600 25772 17278 42828 12975 287859 6165
internal_count=1407180 1390285 9623 7165 2458 2467 677 1380662 20268 4423 924 15845 1696 1177 1360394 24749 7647 5853 1335645 973761 361884 289304 72580 68600 25772 17278 42828 12975 287859 6165
is_linear=0
shrinkage=0.1


Tree=75
num_leaves=31
num_cat=0
split_feature=0 3 137 3 6 3 62 4 137 4 123 53 123 2 1 64 64 62 138 13 4 0 13 138 1 124 64 62 118 124
split_gain=42.826 75.0031 228.712 98.8047 105.61 217.351 166.801 159.169 177.034 113.939 169.836 141.917 152.663 103.718 89.302 85.8117 159.955 125.346 90.0253 80.1056 111.149 77.9689 93.5785 153.327 117.011 77.4646 75.6621 157.379 75.0263 73.1471
threshold=34599.000000000007 89727.680000000008 2924306.5000000005 385449.85000000003 5.416666666666667 151421.72500000003 3014290.0000000005 127388.79500000003 2609329.5000000005 12871.750000000002 5062483.5000000009 5.2925764382270999e-06 288017.50000000006 141444.46000000002 530043.00000000012 0.75000519607308547 3.0595392368730914 3320774.0000000005 9.5000000000000018 23.500000000000004 45138.600000000013 320055.00000000006 13296.500000000002 8.5000000000000018 27584870.500000004 49.500000000000007 3.0595392368730914 3334033.0000000005 0.55050505050505061 8.5000000000000018
decision_type=2 2 2 2 2 2 2 2 2 2 2 2 2 2 2 2 2 2 2 2 2 2 2 2 2 2 2 2 2 2
left_child=-1 2 19 4 5 6 14 26 -9 10 25 12 15 -8 -3 18 -17 -18 -11 -2 28 -5 23 24 -23 -6 -7 -28 -21 -22
right_child=1 3 -4 21 9 7 13 8 -10 11 -12 -13 -14 -15 -16 16 17 -19 -20 20 29 22 -24 -25 -26 -27 27 -29 -30 -31
leaf_value=0.00096585783253801962 -0.012574611493162628 -0.0049868361058340253 -0.040319228567172495 -0.0098993319830602052 0.0035720100161507444 0.0074126428185095419 -0.0058014748449428284 -0.0051472249029191888 0.028423306614403156 -0.0014855407965716717 -0.021428074485964864 0.032126122300717978 -0.010154222095970288 -0.0036127666587466574 0.0014393282480787627 0.021339304421575785 0.00018965288094104581 -0.039205531402331698 -0.019594955676578568 -0.00081639806268128537 -0.008037543240855578 0.0071319600338083742 -0.0041927530037091021 0.066570656034994694 -0.039673720398185591 -0.023327028929281613 0.0051384421475788025 -0.01466033331243153 0.020016449388902836 -0.022765921575505055
leaf_weight=837284 19240 5777 1397 10134 49554 15074 298 7044 433 25586 2081 3804 22391 1132 11832 9281 8791 1077 3461 283378 3647 12200 58915 802 1959 195 5658 723 3071 961
leaf_count=837284 19240 5777 1397 10134 49554 15074 298 7044 433 25586 2081 3804 22391 1132 11832 9281 8791 1077 3461 283378 3647 12200 58915 802 1959 195 5658 723 3071 961
internal_value=0 -0.000671059 -0.0017152 0.000589393 0.0019479 0.00594195 -0.00235577 0.0114023 -0.00116204 0.000429933 0.00402942 -0.00207792 -0.00309186 -0.0352014 0.000311571 7.79681e-05 0.00527488 -0.00358868 -0.00334805 -0.00153344 -0.00112034 -0.00222742 -0.00109909 0.00596358 0.00355423 0.00520018 0.015781 0.00665365 -0.000872485 -0.0165278
internal_weight=0 569896 311694 258202 174192 47971 19039 28932 7477 126221 51830 74391 70587 1430 17609 48196 19149 9868 29047 310297 291057 84010 73876 14961 14159 49749 21455 6381 286449 4608
internal_count=1407180 569896 311694 258202 174192 47971 19039 28932 7477 126221 51830 74391 70587 1430 17609 48196 19149 9868 29047 310297 291057 84010 73876 14961 14159 49749 21455 6381 286449 4608
is_linear=0
shrinkage=0.1


Tree=76
num_leaves=31
num_cat=0
split_feature=123 123 2 6 1 62 64 6 62 1 0 64 4 0 124 6 13 6 4 64 20 3 2 124 0 62 2 64 64 20
split_gain=41.4254 224.797 94.0607 86.2339 85.5601 64.8791 152.186 67.2849 65.1622 61.8823 130.071 66.2516 105.211 65.8996 57.2286 56.8484 95.4561 58.7633 53.5029 53.2757 147.592 114.477 81.7765 78.107 64.2066 133.697 171.911 64.8796 76.1178 67.7902
threshold=1160979.0000000002 1160417.5000000002 62032.990000000005 14.41666666666667 1260853.5000000002 2474023.0000000005 0.0014965379029624826 98.500000000000014 2545648.0000000005 4742502.5000000009 6770101.5000000009 1.1505586213103591 2378.0100000000002 9434609.5000000019 10.500000000000002 8.4166666666666696 3137538.0000000005 28.833333333333339 555.18000000000018 0.18121388837712196 1.0000000180025095e-35 86002.040000000023 229466.14000000004 7.5000000000000009 6770101.5000000009 3334033.0000000005 377050.77500000008 1.5554046321503709 9.367934789216827 3.5000000000000004
decision_type=2 2 2 2 2 2 2 2 2 2 2 2 2 2 2 2 2 2 2 2 2 2 2 2 2 2 2 2 2 2
left_child=1 -1 4 -3 -2 7 -7 9 14 11 -11 15 -13 -12 -8 -4 17 18 -17 20 -10 -21 23 -23 -24 26 -26 29 -29 -27
right_child=2 3 5 -5 -6 6 8 -9 19 10 13 12 -14 -15 -16 16 -18 -19 -20 21 -22 22 24 -25 25 27 -28 28 -30 -31
leaf_value=0.0001622507707679688 -0.011658126934387107 0.025776656841465257 -0.00033140191964285557 -0.0090092946131893944 0.0043710440867587245 0.013830917074890793 -0.012425902420024676 -0.032395771766017684 0.0081843292492454114 -0.0087400681570812041 0.0076220787513901714 0.038915175642149955 0.0033457753434162464 -0.0078717696200610865 0.036931020595400037 -0.0011905286318372621 -0.020994562213201506 0.027464539967839152 -0.011266328729427443 -0.019138104552915668 -0.0012842506382109958 -0.0070248648957504994 -0.012921761245949348 0.053727947350959995 0.023044957123972479 0.0024865881646216506 -0.0076479764052503237 -0.028941201692896757 0.035931405034567619 -0.014276893040707068
leaf_weight=1301908 143 679 22663 219 987 7803 536 105 1532 848 564 290 823 1522 2268 6669 179 1127 9224 528 17329 559 6830 2338 767 8664 884 2709 569 5914
leaf_count=1301908 143 679 22663 219 987 7803 536 105 1532 848 564 290 823 1522 2268 6669 179 1127 9224 528 17329 559 6830 2338 767 8664 884 2709 569 5914
internal_value=0 0.000155829 -0.00191466 0.0501717 0.02678 -0.00222872 -6.77688e-05 -0.00513673 -0.00204225 -0.00494553 -0.0189748 -0.00394097 0.0201232 -0.00555024 0.0127807 -0.00461287 -0.00894784 -0.00818384 -0.00974854 -0.00289706 0.00126102 -0.00553214 -0.00469865 0.0112484 -0.00645278 -0.00353117 0.0236948 -0.00604854 -0.0187603 -0.00319017
internal_weight=0 1.30281e+06 104374 898 1130 103244 59230 44014 51427 43909 2934 40975 1113 2086 2804 39862 17199 17020 15893 48623 18861 29762 29234 2897 26337 19507 1651 17856 3278 14578
internal_count=1407180 1302806 104374 898 1130 103244 59230 44014 51427 43909 2934 40975 1113 2086 2804 39862 17199 17020 15893 48623 18861 29762 29234 2897 26337 19507 1651 17856 3278 14578
is_linear=0
shrinkage=0.1


Tree=77
num_leaves=31
num_cat=0
split_feature=1 0 3 62 0 64 2 1 3 0 0 5 85 137 20 20 124 2 64 64 127 2 6 20 3 2 62 2 4 0
split_gain=38.6281 73.2602 80.5438 79.2124 124.174 106.215 85.2618 83.6988 199.892 135.132 134.856 96.4697 89.0963 88.0095 105.805 96.185 85.0007 126.893 106.587 168.983 120.322 111.216 82.4892 120.73 81.8208 80.5268 79.7037 81.0322 79.0709 75.9133
threshold=1875699.0000000002 2786328.5000000005 211432.30000000002 1499925.0000000002 1250641.5000000002 0.21795015435757678 129771.67000000001 530043.00000000012 117976.09000000001 800000.50000000012 295977.50000000006 1.0000000180025095e-35 7.5000000000000009 357756.00000000006 5.5000000000000009 2.5000000000000004 3.5000000000000004 24553.450000000004 0.0015683131222281306 0.0013126698948254642 0.84523809523809534 113440.675 5.416666666666667 23.500000000000004 140024.65000000005 173072.46000000005 509089.00000000006 75208.265000000014 58343.590000000004 653126.50000000012
decision_type=2 2 2 2 2 2 2 2 2 2 2 2 2 2 2 2 2 2 2 2 2 2 2 2 2 2 2 2 2 2
left_child=1 3 -3 7 6 -6 -5 10 11 -10 16 -9 25 14 15 26 -1 -18 19 20 -19 -21 -11 -24 -16 -13 29 -28 -20 -12
right_child=-2 2 -4 4 5 -7 -8 8 9 22 13 12 -14 -15 24 -17 17 18 28 21 -22 -23 23 -25 -26 -27 27 -29 -30 -31
leaf_value=8.9594604795064856e-05 -0.0010879561861770121 0.0064204308907486437 -0.0053559137853543765 -0.013180392734438252 -0.0040393320504919176 0.0013967621312097501 -0.0273146067147782 -0.010789748693853407 0.014176927737868697 0.0072780865305379031 -0.0024339329590348348 0.00018010965787658152 -0.03054260966854911 0.0031597733782052378 -0.010968845215167368 0.0012537931410069167 0.020230559125552362 -0.003431794160164911 0.0077683335764199063 -0.027706736681166244 0.015925045597056587 0.0041804148900112751 0.0036325844316947723 -0.027769504622908132 -0.0016822883712787494 0.013022736961591974 -0.013425255539301918 -0.0044196034691263465 -0.0073040566069012399 -0.0080970027024550549
leaf_weight=951648 160981 2453 1159 473 7991 4491 680 4486 8762 10201 29826 70531 778 14757 13786 19725 11690 18713 23097 398 6147 183 26581 669 6787 1395 353 417 3248 4774
leaf_count=951648 160981 2453 1159 473 7991 4491 680 4486 8762 10201 29826 70531 778 14757 13786 19725 11690 18713 23097 398 6147 183 26581 669 6787 1395 353 417 3248 4774
internal_value=0 0.000183884 0.0144049 0.000142546 -0.00743752 -0.0045371 -0.0388365 0.000226646 0.00269677 0.00789832 -4.90729e-05 -0.000417358 0.000460785 -0.00374959 -0.00512731 -0.00284229 0.000280561 0.00382368 0.00169938 -0.00291727 -0.00167134 -0.0562283 0.00528274 0.00241127 -0.0112467 0.000824866 -0.00596254 -0.0377836 0.00615762 -0.00525438
internal_weight=0 1.2462e+06 3612 1.24259e+06 13635 12482 1153 1.22895e+06 123403 46213 1.10555e+06 77190 72704 90425 75668 55095 1.01512e+06 63476 51786 25441 24860 581 37451 27250 20573 71926 35370 770 26345 34600
internal_count=1407180 1246199 3612 1242587 13635 12482 1153 1228952 123403 46213 1105549 77190 72704 90425 75668 55095 1015124 63476 51786 25441 24860 581 37451 27250 20573 71926 35370 770 26345 34600
is_linear=0
shrinkage=0.1


Tree=78
num_leaves=31
num_cat=0
split_feature=5 3 2 92 137 92 3 4 2 4 4 3 2 6 2 64 137 17 16 123 2 2 3 6 1 3 6 53 4 20
split_gain=37.007 159.526 112.383 107.538 89.6769 85.6421 108.222 74.9711 69.8357 69.4654 68.6463 67.5247 115.159 113.804 101.493 102.704 98.7169 96.5824 92.5494 85.3958 84.332 77.1377 212.741 104.376 85.9428 74.3245 93.3326 108.818 107.955 98.5475
threshold=1.5000000000000002 1569.3100000000002 1.0950000000000004 6.7011503791464396e-05 7998507.0000000009 1.0090702947845809 115769.675 1001.6950000000001 576973.43000000005 169279.49000000002 662270.76000000013 356670.3000000001 591228.13500000013 23.416666666666668 535759.63500000013 1.0059128804662985e-05 16669.000000000004 3.5000000000000004 1.0000000180025095e-35 5505155.0000000009 254726.14000000004 598677.14000000025 597404.63000000012 7.416666666666667 13752.000000000002 2472.9100000000003 8.4166666666666696 2.0285820091570161 2025.1800000000003 9.5000000000000018
decision_type=2 2 2 2 2 2 2 2 2 2 2 2 2 2 2 2 2 2 2 2 2 2 2 2 2 2 2 2 2 2
left_child=1 2 -1 10 11 6 -5 8 -8 -9 -3 14 13 17 19 -16 21 -13 -19 25 -21 22 -14 24 -24 -2 27 -27 -29 -28
right_child=4 3 -4 5 -6 -7 7 9 -10 -11 -12 12 16 -15 15 -17 -18 18 -20 20 -22 -23 23 -25 -26 26 29 28 -30 -31
leaf_value=-0.064402953888573075 -0.0039471159875953321 0.00024796185484627921 0.12742118717046363 -0.037396181131792765 0.059155570331050969 0.00049327881998681986 0.014230940676424365 0.0057373171272187889 -0.037744774126089072 -0.060557443504834052 0.021772632060819631 -0.0084619967793285421 -0.0142941024116234 0.034053057085021834 0.0062494905205406244 0.018321484809980786 -0.023066207908051684 -0.023430531316730136 -0.003249609016932237 -0.0069057310260281397 -0.0073859957312355853 -0.0015235694792617993 0.013443097488914353 0.0055873732445519235 -0.011056498605901455 0.0010294580093599182 -0.0020556849193959894 -0.035796712041347156 0.0086830772734283641 0.014129399992217719
leaf_weight=1209 159056 306540 38014 4608 1151 6586 236 2692 323 460 26592 20342 1847 678 21083 5087 9062 287 202 304 2649 115442 1369 2889 174 373683 271342 3793 1420 28060
leaf_count=1209 159056 306540 38014 4608 1151 6586 236 2692 323 460 26592 20342 1847 678 21083 5087 9062 287 202 304 2649 115442 1369 2889 174 373683 271342 3793 1420 28060
internal_value=0 0.000834124 0.00687996 0.000152772 -0.000314116 -0.00815739 -0.0149019 -0.00219231 -0.0359435 0.00379338 0.000524586 -0.000345633 -0.00228756 -0.00906829 -4.31978e-06 0.00612845 -0.00117238 -0.0103806 -0.0542979 -0.000195315 -0.0171708 -0.000422749 0.0103714 0.022254 0.0432527 -0.00013545 0.000320772 0.00136351 -0.0129847 -0.000998818
internal_weight=0 387260 39223 348037 1.01992e+06 14905 8319 3711 559 3152 333132 1.01877e+06 152292 21509 866477 26170 130783 20831 489 840307 2953 121721 6279 4432 1543 837354 678298 378896 5213 299402
internal_count=1407180 387260 39223 348037 1019920 14905 8319 3711 559 3152 333132 1018769 152292 21509 866477 26170 130783 20831 489 840307 2953 121721 6279 4432 1543 837354 678298 378896 5213 299402
is_linear=0
shrinkage=0.1


Tree=79
num_leaves=31
num_cat=0
split_feature=26 2 4 6 1 2 3 0 3 5 62 137 137 2 20 4 64 20 76 4 0 0 2 3 3 4 4 20 6 124
split_gain=35.9782 37.183 40.7697 36.491 63.7567 106.159 74.9639 132.931 88.8198 84.7601 75.1024 74.7117 201.676 70.1108 84.5402 66.7584 86.2661 62.7009 103.702 155.726 98.4648 136.602 126.617 108.408 86.2202 78.2267 98.3916 68.4813 64.1027 63.8904
threshold=2.5000000000000004 2489761.5900000003 2539.7350000000001 35.583333333333336 308.50000000000006 8.3150000000000031 252.09 12200.500000000002 1278.4950000000001 1.5000000000000002 10002.000000000002 6370.5000000000009 4514.0000000000009 1876.9800000000002 1.5000000000000002 18.315000000000005 0.57927612997228206 6.5000000000000009 9.5000000000000018 1001.6950000000001 50.500000000000007 45.500000000000007 5.9900000000000011 5.8150000000000004 31308.055000000004 1053.0900000000001 929.1400000000001 8.5000000000000018 7.8333333333333348 3.5000000000000004
decision_type=2 2 2 2 2 2 2 2 2 2 2 2 2 2 2 2 2 2 2 2 2 2 2 2 2 2 2 2 2 2
left_child=1 3 -3 4 17 -6 7 11 9 -8 -11 12 -7 14 -10 16 -12 18 20 -20 21 28 -23 -22 -21 26 29 -28 -1 -19
right_child=-2 2 -4 -5 5 6 8 -9 13 10 15 -13 -14 -15 -16 -17 -18 25 19 24 23 22 -24 -25 -26 -27 27 -29 -30 -31
leaf_value=0.0092540983496080618 0.051195318384192584 -0.069762346713594811 -0.009187301477316381 -0.0037515432443821608 -0.033881205086283908 -0.0064488148201467107 0.09724674479930924 -0.055827550942798565 -0.018733156299661682 0.011194436003770339 -0.033284286270432582 0.10711411624781429 -0.04224770332710015 -0.00032166183504415849 -0.0047941115475610592 -0.00607724953821629 -0.1052573617141449 -0.0062515397182105791 0.022367176815781511 -0.13325630835332694 0.12526418042792067 -0.030621666564253941 0.01682394592004053 0.0075565564514777257 -0.031879404064582888 0.0062715153700670049 0.024737097705266265 -0.03594516685898632 0.0017255729889911642 0.018099502586484614
leaf_weight=76332 33547 677 9891 149761 749 26326 14031 610 3715 35025 1085 1733 1514 654193 5888 10662 652 24630 1820 1105 6232 2526 1508 25748 898 6094 303 1197 307226 1502
leaf_count=76332 33547 677 9891 149761 749 26326 14031 610 3715 35025 1085 1733 1514 654193 5888 10662 652 24630 1820 1105 6232 2526 1508 25748 898 6094 303 1197 307226 1502
internal_value=0 -7.23016e-05 -0.0059811 -2.649e-05 0.000155291 -0.000408321 -0.000371012 -0.00525406 -0.000167793 0.00346926 0.00144921 -0.00430093 -0.00555497 -0.000504516 -0.00898703 -0.00523921 -0.0234186 0.00108764 0.00141818 -0.0149772 0.00156757 0.00112753 -0.0171783 0.00690074 -0.0342158 -0.00306202 -0.00532375 -0.0302303 0.00132006 -0.00389409
internal_weight=0 1.37363e+06 10568 1.36306e+06 1.2133e+06 756183 755434 30183 725251 61455 47424 29573 27840 663796 9603 12399 1737 457121 423395 3823 419572 387592 4034 31980 2003 33726 27632 1500 383558 26132
internal_count=1407180 1373633 10568 1363065 1213304 756183 755434 30183 725251 61455 47424 29573 27840 663796 9603 12399 1737 457121 423395 3823 419572 387592 4034 31980 2003 33726 27632 1500 383558 26132
is_linear=0
shrinkage=0.1


Tree=80
num_leaves=31
num_cat=0
split_feature=67 3 4 4 2 13 1 2 18 20 64 3 20 20 2 8 3 2 0 2 3 126 6 123 88 64 137 62 20 127
split_gain=35.8919 50.0764 61.0931 45.1403 36.1179 80.2388 59.561 47.5646 39.2331 63.6543 66.7644 57.1436 51.318 81.5584 72.034 63.7773 155.564 126.855 75.3072 71.0994 73.5878 64.622 107.247 50.6391 49.9739 48.9383 112.658 97.0638 78.5858 100.461
threshold=12.500000000000002 178964.83500000005 35023.470000000008 14587.040000000003 1.3150000000000002 8.5000000000000018 14.500000000000002 1.2050000000000003 1.0000000180025095e-35 23.500000000000004 0.029695577651007263 35236.140000000007 4.5000000000000009 5.5000000000000009 105916.145 1.0000000180025095e-35 9658.345000000003 327112.48500000004 1366925.5000000002 346600.62500000006 633520.7300000001 0.07417582417582419 4.8333333333333348 1681394.5000000002 16251.500000000002 0.90096147176585373 448952.50000000006 4742494.5000000009 22.500000000000004 0.54195804195804198
decision_type=2 2 2 2 2 2 2 2 2 2 2 2 2 2 2 2 2 2 2 2 2 2 2 2 2 2 2 2 2 2
left_child=4 -2 3 -3 5 -1 -7 -8 25 12 11 -11 15 14 -14 16 -10 18 21 -19 -21 22 -18 -15 -13 28 27 -27 -6 -30
right_child=1 2 -4 -5 8 6 7 -9 9 10 -12 24 13 23 -16 -17 17 19 -20 20 -22 -23 -24 -25 -26 26 -28 -29 29 -31
leaf_value=0.00013143041303072608 -0.0026885589736489694 0.046608623107017681 0.011039085577831106 -0.12458518529864598 0.0005853819934525051 -0.015838304834895723 0.0017835928506138466 -0.01248825004636377 0.0060168222405738271 0.029132072635723705 -0.00022051561589133057 -0.017085621070391264 0.028027009387322544 -3.1183740073542633e-05 -0.0082132211736173199 -0.00090339967413537452 -0.046275759899108357 0.023708611693156061 -0.027585477281427531 -0.0040288905848654931 0.011681556421798071 -0.0068551436428648154 -0.032189206279931562 -0.012035238532321062 0.042766523310407902 -0.00099455370997476498 0.0080706273409524142 -0.013516686854036175 0.0048708932897139068 0.013899404545453088
leaf_weight=17102 2419 101 359 946 1098276 1794 2385 3468 5967 230 1372 1383 3761 38125 1457 19431 1762 120 404 1013 308 2470 1363 1911 54 163416 15849 6557 10078 3299
leaf_count=17102 2419 101 359 946 1098276 1794 2385 3468 5967 230 1372 1383 3761 38125 1457 19431 1762 120 404 1013 308 2470 1363 1911 54 163416 15849 6557 10078 3299
internal_value=0 -0.00966151 -0.0246696 -0.0368757 3.85282e-05 -0.0037478 -0.0122629 -0.00737689 0.000106501 -0.00202685 -0.0162259 -0.0296726 -0.00147428 0.000709407 0.0124686 -0.00448363 -0.00978913 -0.0194359 -0.0258356 0.00720667 0.000511831 -0.0228249 -0.0323795 -0.000823206 -0.0370797 0.000239899 -0.00126224 -0.00201411 0.000490995 0.0081094
internal_weight=0 3825 1406 1047 1.40336e+06 24749 7647 5853 1.37861e+06 81131 3039 1667 78092 45254 5218 32838 13407 7440 5999 1441 1321 5595 3125 40036 1437 1.29748e+06 185822 169973 1.11165e+06 13377
internal_count=1407180 3825 1406 1047 1403355 24749 7647 5853 1378606 81131 3039 1667 78092 45254 5218 32838 13407 7440 5999 1441 1321 5595 3125 40036 1437 1297475 185822 169973 1111653 13377
is_linear=0
shrinkage=0.1


Tree=81
num_leaves=31
num_cat=0
split_feature=146 1 26 89 128 13 8 13 99 4 64 62 20 3 137 6 6 6 1 137 124 138 20 62 92 123 134 64 3 3
split_gain=35.7594 36.7987 33.6466 33.1865 32.941 59.792 54.2168 45.7679 32.7263 32.5228 116.752 100.64 93.0868 130.333 105.145 85.0538 84.4847 81.6714 74.593 74.3815 70.7392 67.1763 75.5062 102.833 66.9638 64.5388 59.3419 57.5187 56.3888 53.9446
threshold=800261.50000000012 2725332.0000000005 195660.50000000003 400556.00000000006 0.080128205128205135 2069.5000000000005 1.0000000180025095e-35 1.5000000000000002 1.0000000180025095e-35 122127.36500000002 0.023950358568205498 575132.50000000012 11.500000000000002 495548.64500000008 9904.0000000000018 6.8333333333333348 2.5833333333333335 24.416666666666668 461875.50000000006 4530278.0000000009 9.5000000000000018 7.5000000000000009 3.5000000000000004 181237.00000000003 76.191919191919212 747971.00000000012 1159079.0000000002 1.0059128804662985e-05 236789.92500000002 215425.28500000003
decision_type=2 2 2 2 2 2 2 2 2 2 2 2 2 2 2 2 2 2 2 2 2 2 2 2 2 2 2 2 2 2
left_child=2 -2 3 4 8 7 -7 -6 9 19 12 17 14 16 15 24 29 -12 -19 26 25 27 -23 -24 -11 -13 -1 -16 -25 -14
right_child=1 -3 -4 -5 5 6 -8 -9 -10 10 11 20 13 -15 21 -17 -18 18 -20 -21 -22 22 23 28 -26 -27 -28 -29 -30 -31
leaf_value=0.00028848442263587073 0.077022113299853354 -0.038974884769356302 0.11655516990980308 -0.028231822738937873 -0.026908510449769541 -0.016126579970400602 -0.0038121804795087522 0.01074071247686602 0.031901029150072487 0.016622831580755504 -0.018824759187036057 0.00065420361225565493 -0.0018141381584605776 -7.293635714246127e-05 -0.0034018963111263466 -0.0017203405505225701 0.022517945847800026 -0.0050849045864931634 0.055422562211654681 0.024423805919590084 0.040938639449353345 -0.028415970530109691 -0.046357474692678771 0.043912077573809112 -0.027933759027984437 -0.017547739865769164 -0.090403608018677153 -0.042523035700938461 0.013726973697624462 0.021367598797046233
leaf_weight=984146 2369 165 11733 927 272 2331 4612 2408 216 31680 15449 14623 98 4932 975 301533 2627 172 213 3695 2462 1950 1003 694 750 9468 1877 2104 1052 644
leaf_count=984146 2369 165 11733 927 272 2331 4612 2408 216 31680 15449 14623 98 4932 975 301533 2627 172 213 3695 2462 1950 1003 694 750 9468 1877 2104 1052 644
internal_value=0 0.0118761 -1.39209e-05 -5.88399e-05 -4.62436e-05 -0.00587676 -0.0107741 0.00681064 -5.65584e-06 -1.17384e-05 -0.000782096 -0.00573883 -0.00018188 0.0102814 -0.000436036 -0.000168346 0.0254422 -0.0120488 0.0334457 0.000293713 -0.00197606 -0.0119298 -0.00440705 0.0062692 0.00469787 -0.00362608 0.000240644 -0.0234106 0.0209283 0.0552388
internal_weight=0 2534 1.40465e+06 1.39291e+06 1.39199e+06 9623 6943 2680 1.38236e+06 1.38215e+06 392429 42387 350042 8301 341741 333963 3369 15834 385 989718 26553 7778 4699 2749 32430 24091 986023 3079 1746 742
internal_count=1407180 2534 1404646 1392913 1391986 9623 6943 2680 1382363 1382147 392429 42387 350042 8301 341741 333963 3369 15834 385 989718 26553 7778 4699 2749 32430 24091 986023 3079 1746 742
is_linear=0
shrinkage=0.1


Tree=82
num_leaves=31
num_cat=0
split_feature=146 1 67 3 4 4 0 3 62 0 1 2 6 64 1 3 20 3 6 2 64 13 3 0 3 6 137 134 2 52
split_gain=33.6235 36.4846 32.6882 47.2181 56.3474 40.5504 33.5377 85.9441 57.3269 115.566 91.0835 170.625 140.187 121.332 107.374 99.6325 183.217 95.8823 92.5558 122.467 79.7215 75.9408 73.5009 70.4479 70.2593 120.462 93.1062 75.4501 96.2348 86.0609
threshold=836646.00000000012 2725332.0000000005 12.500000000000002 178964.83500000005 35023.470000000008 14587.040000000003 1908073.5000000002 29303.660000000003 1499925.0000000002 1250641.5000000002 530043.00000000012 42758.095000000008 5.7500000000000009 0.75000519607308547 238761.00000000003 19857.690000000006 1.0000000180025095e-35 18709.470000000005 5.166666666666667 194558.83500000005 0.19119047740461331 528828.50000000012 191862.25500000003 653126.50000000012 220514.26000000004 1.4166666666666667 73808.000000000015 3472776.5000000005 220309.89500000005 9.0000000000000018
decision_type=2 2 2 2 2 2 2 2 2 2 2 2 2 2 2 2 2 2 2 2 2 2 2 2 2 2 2 2 2 2
left_child=2 -2 6 -4 5 -5 8 -8 10 -10 14 12 15 18 24 -12 21 -14 19 22 -20 -17 -13 -15 27 -26 -27 28 29 -1
right_child=1 -3 3 4 -6 -7 7 -9 9 -11 11 13 17 23 -16 16 -18 -19 20 -21 -22 -23 -24 -25 25 26 -28 -29 -30 -31
leaf_value=0.0013801419634243306 0.06945559707951314 -0.035077396292420675 -0.0024485515185476594 0.041918912354052332 0.00990632857778442 -0.11215551521104497 -0.04232981478720696 -0.00075407772930551347 -0.013017352842569274 -0.00091051551221525424 0.025881292492714626 0.0010884279789559904 -0.024431855437596531 0.014099700804381452 -0.0022627757790598594 -0.0035519091993150178 0.0067170504104070439 -0.0080902913433985486 0.0024178813541760966 0.0093703591111629746 -0.0037378441821639234 -0.087711125054815375 -0.0033616878773918852 0.0049451400506701467 -0.0055679385128425242 -0.0013296695089030587 -0.030922653175943806 -0.021497710466721512 0.010592399374374485 -0.045142736144262917
leaf_weight=704243 2314 165 2419 101 359 946 1425 177110 1153 9911 5734 11123 3368 2164 93751 486 3161 8063 31441 5628 13553 1136 113 23180 1182 244560 2898 6873 46260 2360
leaf_count=704243 2314 165 2419 101 359 946 1425 177110 1153 9911 5734 11123 3368 2164 93751 486 3161 8063 31441 5628 13553 1136 113 23180 1182 244560 2898 6873 46260 2360
internal_value=0 0.0116456 -1.08165e-05 -0.00924264 -0.0238161 -0.0355386 1.43904e-05 -0.00126588 0.000201386 -0.00696415 0.000266838 0.00302235 -0.00485855 0.0050059 -6.05642e-06 0.00347353 -0.00718343 -0.0125244 0.00261829 0.00893659 0.000250148 -0.0345059 0.00290545 0.0108334 0.000294905 -0.0011642 -0.00101208 0.000772428 0.000867645 0.000578362
internal_weight=0 2479 1.4047e+06 3825 1406 1047 1.40088e+06 178535 1.22234e+06 11064 1.21128e+06 109150 21948 87202 1.10213e+06 10517 4783 11431 61858 16864 44994 1622 11236 25344 1.00838e+06 248640 247458 759736 752863 706603
internal_count=1407180 2479 1404701 3825 1406 1047 1400876 178535 1222341 11064 1211277 109150 21948 87202 1102127 10517 4783 11431 61858 16864 44994 1622 11236 25344 1008376 248640 247458 759736 752863 706603
is_linear=0
shrinkage=0.1


Tree=83
num_leaves=31
num_cat=0
split_feature=2 13 20 2 3 146 90 118 0 134 2 3 5 63 3 20 137 63 3 20 4 20 141 20 2 1 124 124 138 20
split_gain=33.2063 71.5855 55.5778 44.9201 38.8322 104.109 65.6271 71.1222 64.5909 84.2026 69.1609 114.699 147.082 165.602 126.435 81.9178 134.093 133.422 185.536 126.152 134.543 103.992 165.136 130.024 113.104 138.258 111.976 247.102 93.0883 87.8978
threshold=1.3150000000000002 8.5000000000000018 6.5000000000000009 1.2050000000000003 61280.955000000009 203933.00000000003 0.5259092548880312 0.55050505050505061 34599.000000000007 164336.00000000003 12131.130000000003 7316.7800000000016 3.0000000000000004 1.000113164361272 495.40000000000003 1.5000000000000002 64016.000000000007 0.99839587491026582 18193.270000000004 1.0000000180025095e-35 26940.425000000003 2.5000000000000004 0.51470588235294124 5.5000000000000009 46533.42500000001 743802.00000000012 10.500000000000002 11.500000000000002 9.5000000000000018 1.0000000180025095e-35
decision_type=2 2 2 2 2 2 2 2 2 2 2 2 2 2 2 2 2 2 2 2 2 2 2 2 2 2 2 2 2 2
left_child=1 -1 3 -3 5 6 7 8 9 -2 11 12 -10 14 -14 16 -12 18 29 20 -20 22 26 -23 -24 -26 -17 -28 -25 -18
right_child=4 2 -4 -5 -6 -7 -8 -9 10 -11 15 -13 13 -15 -16 21 17 -19 19 -21 -22 23 24 28 25 -27 27 -29 -30 -31
leaf_value=-4.8575266878363831e-05 0.0061759755816364051 0.001784380413135267 -0.02220309656169521 -0.0085682016598710442 -0.00043993549254121053 -0.058169574701664201 -0.034129215875779779 0.021472736085064437 0.0050390772398343914 -0.0070729987047583268 0.00023738413159124505 -0.013229147469911873 -0.095186310213891526 -0.031702359627188412 -0.0097612149475677645 -5.0329478784016948e-05 0.095367070146489555 0.043324242608139163 -0.039936444532542324 0.020169443788978461 0.0080965947166677828 0.0038049278496746514 -0.003869957294202084 -0.0043431135058961045 -0.022636794736637995 0.0041863398907647223 -0.028450906164853684 0.0023296871445993572 0.016981867235977922 -0.0022017587775797543
leaf_weight=17102 329901 2181 1509 3957 767140 1594 4104 3236 51505 27757 29415 19171 491 1995 20023 17518 2168 7615 2958 925 384 42289 1470 35668 1291 316 1768 1564 9053 1112
leaf_count=17102 329901 2181 1509 3957 767140 1594 4104 3236 51505 27757 29415 19171 491 1995 20023 17518 2168 7615 2958 925 384 42289 1470 35668 1291 316 1768 1564 9053 1112
internal_value=0 -0.0036185 -0.0116614 -0.00743435 7.709e-05 0.000668885 0.000735178 0.000820027 0.000741119 0.00160177 -0.00049659 -0.00265088 -0.000865336 -0.00760858 -0.00493372 0.000794277 0.00441493 0.0120542 0.00263137 -0.0111154 -0.0201614 -0.000660584 -0.0064991 0.000944957 -0.0281246 -0.0464615 -0.00330765 -0.0201112 -0.00281416 0.0205148
internal_weight=0 24749 7647 6138 1.38243e+06 615291 613697 609593 606357 357658 248699 93185 74014 22509 20514 155514 44577 15162 7547 4267 3342 110937 23927 87010 3077 1607 20850 3332 44721 3280
internal_count=1407180 24749 7647 6138 1382431 615291 613697 609593 606357 357658 248699 93185 74014 22509 20514 155514 44577 15162 7547 4267 3342 110937 23927 87010 3077 1607 20850 3332 44721 3280
is_linear=0
shrinkage=0.1


Tree=84
num_leaves=31
num_cat=0
split_feature=76 0 4 2 4 6 20 4 5 2 1 20 64 0 2 3 2 5 20 14 122 3 6 18 20 122 3 20 0 123
split_gain=33.3618 42.6508 53.2242 71.6349 37.8402 83.0535 94.1601 93.0866 94.0423 194.754 98.3966 98.0347 87.7783 84.9519 82.2502 143.371 104.758 172.992 135.154 112.521 94.9232 186.047 112.079 89.5082 121.638 158.573 87.8936 175.254 132.925 84.7073
threshold=3.5000000000000004 2.5000000000000004 1371.9300000000001 8807.4500000000025 0.42500000000000004 5.416666666666667 17.500000000000004 1843.0600000000002 3.0000000000000004 5770.7650000000003 901438.00000000012 2.5000000000000004 0.84063713400917217 19.500000000000004 7954.0100000000011 12108.815000000001 2455.7450000000003 1.0000000180025095e-35 9.5000000000000018 1.0000000180025095e-35 1.0000000180025095e-35 10366.890000000001 7.8333333333333348 1.0000000180025095e-35 22.500000000000004 1.0000000180025095e-35 1462.9600000000003 1.5000000000000002 58041.500000000007 3989927.0000000005
decision_type=2 2 2 2 2 2 2 2 2 2 2 2 2 2 2 2 2 2 2 2 2 2 2 2 2 2 2 2 2 2
left_child=4 2 -2 -4 14 -6 7 8 10 11 -7 12 -10 -11 16 20 26 18 -18 -19 21 -16 -23 24 -17 -26 -1 28 -28 -25
right_child=1 -3 3 -5 5 6 -8 -9 9 13 -12 -13 -14 -15 15 23 17 19 -20 -21 -22 22 -24 29 25 -27 27 -29 -30 -31
leaf_value=-0.00027378237590655841 -0.0013052344336335878 -0.0029599107604105336 -0.09276816011375727 -0.018022732898492076 0.0018689930867366034 0.025387200034319535 -0.0069779434088173865 -0.00054082471603256188 -0.02238363686680496 0.021626136757818971 -0.01345130765948143 -0.0054750315359092918 -0.04173605611370404 0.0020612984045069284 -0.011360800191864376 -0.00036394763204347094 -0.071774338340083607 0.0039068716481427844 0.17659359769209906 0.068960739046983216 0.0088349125931376452 -0.035007996883071948 -0.023203111724798404 -0.0061307837185094914 -0.040276686685847114 0.01372680970992839 -0.035309993343385505 0.0015574851264662155 -0.0086796373439053994 -0.016464482392620369
leaf_weight=123281 2153 49825 465 1885 157094 32850 37643 705780 7280 1413 2034 26597 3910 111587 8742 76322 1341 13764 590 14202 1011 1230 1385 16145 175 617 1168 4607 1852 232
leaf_count=123281 2153 49825 465 1885 157094 32850 37643 705780 7280 1413 2034 26597 3910 111587 8742 76322 1341 13764 590 14202 1011 1230 1385 16145 175 617 1168 4607 1852 232
internal_value=0 -0.00242067 -0.0117409 -0.022147 0.000106658 0.000368706 9.14164e-06 0.000216011 0.00220832 0.00112584 0.00688738 -0.00508899 -0.0129417 0.00320407 -0.000960729 -0.0031253 0.000464223 0.00580511 -0.0231432 0.00780394 -0.0132435 -0.0158573 -0.0392591 -0.00178676 -0.000360834 0.0386272 -0.000755539 -0.0111731 -0.0298956 -0.00850098
internal_weight=0 54328 4503 2350 1.35285e+06 1.08619e+06 929094 891451 185671 150787 34884 37787 11190 113000 266664 105859 160805 29897 1931 27966 12368 11357 2615 93491 77114 792 130908 7627 3020 16377
internal_count=1407180 54328 4503 2350 1352852 1086188 929094 891451 185671 150787 34884 37787 11190 113000 266664 105859 160805 29897 1931 27966 12368 11357 2615 93491 77114 792 130908 7627 3020 16377
is_linear=0
shrinkage=0.1


Tree=85
num_leaves=31
num_cat=0
split_feature=67 3 4 4 4 88 13 105 6 2 90 147 3 89 4 90 90 123 2 146 1 124 3 146 17 129 123 1 4 3
split_gain=32.7798 46.731 57.1416 36.8473 35.4038 30.4518 56.9637 47.7761 36.8282 35.0384 31.7627 31.1184 36.1745 29.8654 109.741 86.8923 53.0419 40.101 48.2535 37.1115 36.1281 57.3899 55.0347 35.2459 33.0243 64.5003 82.7325 65.9233 55.1801 46.6432
threshold=12.500000000000002 182255.63500000004 35023.470000000008 14587.040000000003 48072.870000000003 420605.00000000006 499490.00000000006 173418.50000000003 7.416666666666667 176256.31000000003 1.1052546733090838 11.500000000000002 145680.95000000004 0.01876972360146335 27917.500000000004 0.5259092548880312 0.052552970820071161 471.00000000000006 45218.170000000006 45604.000000000007 39884425.500000007 9.5000000000000018 625322.19000000006 24878.000000000004 2.5000000000000004 0.07417582417582419 1056766.0000000002 1160392.5000000002 1.1450000000000002 42483.400000000009
decision_type=2 2 2 2 2 2 2 2 2 2 2 2 2 2 2 2 2 2 2 2 2 2 2 2 2 2 2 2 2 2
left_child=5 -2 3 -3 -4 7 8 11 -7 -10 -8 13 -13 20 15 -15 -16 -17 -19 23 24 -22 -23 -18 -1 26 29 -28 -27 -26
right_child=1 2 4 -5 -6 6 10 -9 9 -11 -12 12 -14 14 16 17 19 18 -20 -21 21 22 -24 -25 25 28 27 -29 -30 -31
leaf_value=0.00010985334063589036 -0.0039285187972223435 0.042501432416244371 0.05674188920087863 -0.10784810142054031 -0.01263793117619052 -0.0048881612432974068 0.015406095457756798 0.022385070178898438 -0.04126669016263225 -0.032250156488806574 -0.027601801094563252 0.0029357190607919859 0.055985468293415976 0.074010379278829391 0.048101597405558909 -0.027759592161269372 0.015772261595873062 -0.14953923771640007 0.015237897591915279 -0.032156204352397334 -0.030196797065716277 0.074506913014703038 0.00045782924701311958 0.044400820987272091 0.0014522688152887042 0.0062931744781250191 -0.013780834067073665 -0.0029655250390770581 -0.00082193061399685749 -0.0031146466114677892
leaf_weight=1319064 2529 87 101 860 248 976 3802 2566 344 1199 1557 4958 3140 2933 965 3265 5750 408 146 200 3956 216 772 154 15910 3576 393 2094 6032 18979
leaf_count=1319064 2529 87 101 860 248 976 3802 2566 344 1199 1557 4958 3140 2933 965 3265 5750 408 146 200 3956 216 772 154 15910 3576 393 2094 6032 18979
internal_value=0 -0.00923836 -0.0246788 -0.0374259 0.00991007 3.16081e-05 -0.00616816 6.66082e-05 -0.0185709 -0.0281875 -0.000338232 4.14945e-05 0.00622242 5.35018e-06 0.00463061 -0.00448693 0.0133393 -0.0144285 -0.039305 0.00989511 -4.12772e-05 -0.00857422 0.0129848 0.0113302 -1.03948e-05 -0.0026156 -0.00449416 -0.0221159 0.00469219 -0.00323803
internal_weight=0 3825 1296 947 349 1.40336e+06 7878 1.39548e+06 2519 1543 5359 1.39291e+06 8098 1.38481e+06 13821 6752 7069 3819 554 6104 1.37099e+06 4944 988 5904 1.36605e+06 46984 37376 2487 9608 34889
internal_count=1407180 3825 1296 947 349 1403355 7878 1395477 2519 1543 5359 1392911 8098 1384813 13821 6752 7069 3819 554 6104 1370992 4944 988 5904 1366048 46984 37376 2487 9608 34889
is_linear=0
shrinkage=0.1


Tree=86
num_leaves=31
num_cat=0
split_feature=67 3 4 4 0 128 13 4 13 2 20 2 0 76 0 5 4 2 4 64 20 137 4 62 123 123 20 6 6 63
split_gain=29.44 43.3887 57.0373 35.6032 34.3664 29.6752 46.6677 49.5517 36.6582 35.6029 33.1354 46.5266 38.7303 30.1521 37.3475 47.7677 49.0511 51.7351 32.6328 87.6052 183.901 126.993 93.7106 92.8967 92.3446 107.766 90.2965 81.5419 79.9341 79.514
threshold=12.500000000000002 182255.63500000004 35023.470000000008 14587.040000000003 10.500000000000002 0.14835164835164838 1500.5000000000002 0.8650000000000001 1.5000000000000002 225504.39500000002 5.5000000000000009 25286.710000000003 94909.000000000015 3.5000000000000004 2.5000000000000004 3.0000000000000004 1371.9300000000001 8807.4500000000025 48072.870000000003 0.018799506194870263 11.500000000000002 9051.0000000000018 460866.10500000004 557390.50000000012 1160979.0000000002 1158196.0000000002 3.5000000000000004 3.8333333333333335 6.8333333333333348 0.76361357030802368
decision_type=2 2 2 2 2 2 2 2 2 2 2 2 2 2 2 2 2 2 2 2 2 2 2 2 2 2 2 2 2 2
left_child=5 -2 3 -3 -4 13 8 10 9 -7 11 12 -8 18 15 16 -15 -18 -1 20 21 28 27 26 25 29 -21 -22 -20 -25
right_child=1 2 4 -5 -6 6 7 -9 -10 -11 -12 -13 -14 14 -16 -17 17 -19 19 23 22 -23 -24 24 -26 -27 -28 -29 -30 -31
leaf_value=0.00053501934841178702 -0.0035356669175000987 0.03825128917461993 -0.082313857766566065 -0.097063291278486286 0.038611077304100329 -0.0023235081635505361 0.0065275313057753699 -0.0038257518616354423 0.0110956622104474 -0.061531652366441064 0.004309276561191855 -0.029996336339559213 -0.021569249839273996 -0.0091087813983774212 -0.0026939291555476033 0.024250478174146384 -0.083910552665347263 -0.021741539921373332 0.010099970762838174 -0.013763103574408264 0.010999969579171537 -0.014707194317921316 -0.0017282678080595471 -0.021267925936272331 -0.010327135139563856 0.057228560124352471 -0.0027499208518949425 0.014090205935431581 -0.0010256036129604241 0.0043847243274673505
leaf_weight=769119 2529 87 143 860 206 149 444 4448 1915 79 276 879 235 1800 49825 656 462 1585 47938 12838 2190 10210 2979 2433 22656 342 19577 6520 413772 30028
leaf_count=769119 2529 87 143 860 206 149 444 4448 1915 79 276 879 235 1800 49825 656 462 1585 47938 12838 2190 10210 2979 2433 22656 342 19577 6520 413772 30028
internal_value=0 -0.00875643 -0.0236344 -0.0363699 0.0109228 2.86172e-05 -0.00588842 -0.0102354 0.00685428 -0.0310503 -0.0240667 -0.0297241 -0.0100621 6.43545e-05 -0.00224516 -0.0109667 -0.0152198 -0.0258084 0.000157948 -0.000414416 0.000113356 -0.000193546 0.0125039 -0.00331898 -0.000833229 0.00255798 -0.00757186 0.0177403 5.03947e-05 0.00196966
internal_weight=0 3825 1296 947 349 1.40336e+06 8425 6282 2143 228 1834 1558 679 1.39493e+06 54328 4503 3847 2047 1.3406e+06 571483 483609 471920 11689 87874 55459 32803 32415 8710 461710 32461
internal_count=1407180 3825 1296 947 349 1403355 8425 6282 2143 228 1834 1558 679 1394930 54328 4503 3847 2047 1340602 571483 483609 471920 11689 87874 55459 32803 32415 8710 461710 32461
is_linear=0
shrinkage=0.1


Tree=87
num_leaves=31
num_cat=0
split_feature=95 3 97 21 2 26 146 146 2 89 67 3 4 4 4 2 13 20 20 20 5 13 2 2 2 0 4 20 0 20
split_gain=29.2109 55.2877 55.1194 39.0711 31.3633 27.851 27.7879 37.2706 31.4055 26.7402 26.7795 41.2752 60.4566 36.5083 30.7636 26.393 59.2979 88.407 96.8495 52.0544 39.2292 148.821 59.4197 30.2684 29.8576 89.1259 178.03 105.809 125.039 125.211
threshold=1.0000000180025095e-35 133326.44000000003 4.5000000000000009 1.5000000000000002 206988.68000000002 195660.50000000003 836646.00000000012 2601971.0000000005 696559.6050000001 1868464.5000000002 12.500000000000002 185531.90500000003 35023.470000000008 48072.870000000003 14587.040000000003 1.3150000000000002 4.5000000000000009 9.5000000000000018 6.5000000000000009 10.500000000000002 1.0000000180025095e-35 1.5000000000000002 1.0950000000000004 1.2050000000000003 46533.42500000001 813679.00000000012 4759.3900000000003 6.5000000000000009 832680.00000000012 1.0000000180025095e-35
decision_type=2 2 2 2 2 2 2 2 2 2 2 2 2 2 2 2 2 2 2 2 2 2 2 2 2 2 2 2 2 2
left_child=5 -2 4 -4 -3 6 9 -8 -9 10 15 -12 14 -14 -13 16 19 18 23 20 21 -1 -22 -18 25 -17 27 28 -27 -30
right_child=1 2 3 -5 -6 -7 7 8 -10 -11 11 12 13 -15 -16 24 17 -19 -20 -21 22 -23 -24 -25 -26 26 -28 -29 29 -31
leaf_value=1.0474394067935422 0.029112009058285968 -0.019991195573732284 -0.052522818479404668 -0.0052178850865165086 0.025806261893671974 0.10515932622242651 0.05882777471670711 -0.039616003417379066 -0.0029352208871191786 -0.051633017843795842 -0.0051266252699517199 0.033456087130313478 0.047657139031496626 -0.011540648073575044 -0.095149753268393214 0.0020623016587890232 -0.00055067107133784934 0.0048565392607120422 -0.022886573326032722 -0.016300402280411377 0.063219829991840892 -0.079519179005021617 -0.036397590104659483 -0.0074410953722187706 -0.00034448915206851676 -0.017259124501262324 -0.013481319703001083 -0.041136033217061656 -0.03312897786549697 0.011173860061382946
leaf_weight=1999 2745 155 259 1353 460 11733 2307 72 100 326 2638 74 97 231 785 450172 3078 5777 1824 971 4713 383 1805 4199 887610 1533 2082 2575 3031 12093
leaf_count=1999 2745 155 259 1353 460 11733 2307 72 100 326 2638 74 97 231 785 450172 3078 5777 1824 971 4713 383 1805 4199 887610 1533 2082 2575 3031 12093
internal_value=0 0.0076576 -0.00404979 -0.0137671 0.0214207 -2.08849e-05 -6.18238e-05 0.0105161 -0.0343899 -8.07164e-05 -7.39889e-05 -0.00842975 -0.0239158 0.0126063 -0.0378614 -5.08932e-05 -0.00328718 -0.0072742 -0.0134157 0.00272224 0.00512087 -0.0058615 0.00913437 -0.0082511 8.03919e-06 0.00065114 -0.00566751 -0.00266045 0.000255901 0.00301433
internal_weight=0 4972 2227 1612 615 1.40221e+06 1.39048e+06 2479 172 1.388e+06 1.38767e+06 3825 1187 328 859 1.38384e+06 24749 14878 9101 9871 8900 2382 6518 7277 1.3591e+06 471486 21314 19232 16657 15124
internal_count=1407180 4972 2227 1612 615 1402208 1390475 2479 172 1387996 1387670 3825 1187 328 859 1383845 24749 14878 9101 9871 8900 2382 6518 7277 1359096 471486 21314 19232 16657 15124
is_linear=0
shrinkage=0.1


Tree=88
num_leaves=31
num_cat=0
split_feature=2 13 20 2 0 2 2 20 3 5 0 137 137 2 20 2 20 140 1 66 6 0 3 0 123 6 13 3 5 137
split_gain=28.577 48.813 45.3307 33.278 31.7707 109.345 77.8995 91.6775 69.9226 75.6879 62.7987 69.2311 130.595 68.6409 63.7951 60.2859 85.8209 73.685 58.4673 56.2177 56.2879 55.525 102.393 76.3694 55.4674 62.7517 94.565 54.9701 54.589 46.8462
threshold=1.3150000000000002 8.5000000000000018 6.5000000000000009 1.2050000000000003 308.50000000000006 260.29000000000002 22650.855000000007 9.5000000000000018 1278.4950000000001 1.5000000000000002 12200.500000000002 6450.0000000000009 4514.0000000000009 8.3150000000000031 4.5000000000000009 2455.7450000000003 1.5000000000000002 0.14835164835164838 13349.000000000002 32.500000000000007 6.166666666666667 30661.000000000004 495.40000000000003 50000.500000000007 201.50000000000003 1.0000000180025095e-35 103.50000000000001 1753031.9250000003 3.0000000000000004 334.00000000000006
decision_type=2 2 2 2 2 2 2 2 2 2 2 2 2 2 2 2 2 2 2 2 2 2 2 2 2 2 2 2 2 2
left_child=1 -1 3 -3 6 10 7 -2 9 -7 11 12 13 -6 -14 16 17 29 -12 20 24 -11 -23 -24 25 26 -8 -17 -15 -10
right_child=4 2 -4 -5 5 8 19 -9 15 21 18 -13 14 28 -16 27 -18 -19 -20 -21 -22 22 23 -25 -26 -27 -28 -29 -30 -31
leaf_value=-0.00089991468050189423 0.015221242468286756 0.0016239004476414243 -0.017958405146335361 -0.0070043809879761672 -0.031579422170963441 0.086301141189611699 0.00010735063644373535 -0.018082075218009731 -0.013333150432691655 0.010026609815682597 -0.051331133441826632 0.21159053965960251 -0.02163215182677071 -0.0054832482325837531 -0.047024443688880965 -0.00016800084331422638 -0.0043801475849255646 -0.046464949048524738 0.017970842807031772 -0.18651805068140664 -0.0005665620085512302 -0.081877997319679596 -0.015976827973172791 0.031130012138117769 0.0036409816330878809 0.0074332100542584996 -0.010511449826685415 -0.01909088719765948 -0.12504254914181978 -0.016577732173539843
leaf_weight=17102 93759 2181 1509 3957 749 14076 702 5993 2181 35406 610 1394 1173 25366 639 648646 13059 248 295 337 465382 568 8376 3206 726 51648 389 3669 784 3050
leaf_count=17102 93759 2181 1509 3957 749 14076 702 5993 2181 35406 610 1394 1173 25366 639 648646 13059 248 295 337 465382 568 8376 3206 726 51648 389 3669 784 3050
internal_value=0 -0.00337217 -0.0100137 -0.00619616 5.61614e-05 -0.000375469 0.000588603 0.00314804 -0.000129234 0.00309421 -0.00619175 -0.00541151 -0.00646818 -0.00471772 -0.0324535 -0.000425376 -0.00604868 -0.016553 -0.0321467 9.68528e-05 0.000123373 0.00118766 -0.00464533 -0.00261237 0.00319634 0.00281843 -0.020915 -0.000265568 -0.0038628 -0.014028
internal_weight=0 24749 7647 6138 1.38243e+06 763495 618936 99752 732485 61632 31010 30105 28711 26899 1812 670853 18538 5479 905 519184 518847 47556 12150 11582 53465 52739 1091 652315 26150 5231
internal_count=1407180 24749 7647 6138 1382431 763495 618936 99752 732485 61632 31010 30105 28711 26899 1812 670853 18538 5479 905 519184 518847 47556 12150 11582 53465 52739 1091 652315 26150 5231
is_linear=0
shrinkage=0.1


Tree=89
num_leaves=31
num_cat=0
split_feature=2 0 13 20 20 5 2 20 20 13 5 0 0 138 6 13 20 5 20 20 0 20 5 13 5 2 5 2 20 20
split_gain=27.6496 129.987 57.8111 63.1457 39.7182 71.9392 38.6047 96.6068 101.584 103.723 91.8199 120.178 43.5 39.6659 32.4741 43.1478 74.1716 60.6909 38.0782 136.822 40.674 31.8524 31.4282 32.4781 29.8153 28.6759 137.394 73.5211 203.068 194.687
threshold=1.5050000000000001 45.500000000000007 3.5000000000000004 6.5000000000000009 9.5000000000000018 1.5000000000000002 2.6400000000000001 12.500000000000002 1.0000000180025095e-35 44.500000000000007 1.0000000180025095e-35 74.500000000000014 138.50000000000003 7.5000000000000009 7.8333333333333348 44.500000000000007 5.5000000000000009 1.0000000180025095e-35 9.5000000000000018 6.5000000000000009 4.5000000000000009 10.500000000000002 1.0000000180025095e-35 1.5000000000000002 1.5000000000000002 260.29000000000002 1.5000000000000002 89.160000000000011 1.0000000180025095e-35 5.5000000000000009
decision_type=2 2 2 2 2 2 2 2 2 2 2 2 2 2 2 2 2 2 2 2 2 2 2 2 2 2 2 2 2 2
left_child=1 2 3 22 5 -5 7 8 9 13 11 -10 -12 -2 15 17 -17 -4 19 20 -19 -6 23 -1 -18 26 -8 -28 -29 -30
right_child=6 -3 14 4 21 -7 25 -9 10 -11 12 -13 -14 -15 -16 16 24 18 -20 -21 -22 -23 -24 -25 -26 -27 27 28 29 -31
leaf_value=0.96111781221857451 0.0047305128755851028 -0.020410924406593169 -0.051473305057725939 0.91266132597446681 0.073756267232744505 -0.067977363656957043 0.19357244901169138 -0.026676935904559725 0.092823146818941549 -0.035144231142643957 0.065241868627563676 -0.069219968910936985 0.13229080187472522 -0.019757323032537945 -0.04144315427738357 0.014490716627701095 0.22118796722317213 0.028414206220411589 0.003852675382773227 -0.019584421276522435 -0.0038411897367806418 -0.034305953257426434 0.084516432240877001 -0.097524203217608629 -0.012962650851699304 0.00012370298142462977 -0.0047246555207187905 0.038997477605967085 -0.02431091475521192 0.010087305482721449
leaf_weight=2209 2413 1368 776 216 2042 228 14244 959 750 462 11462 360 671 920 427 402 1141 2155 6225 1760 7947 509 2871 55 1325 1301417 27686 2526 8057 3597
leaf_count=2209 2413 1368 776 216 2042 228 14244 959 750 462 11462 360 671 920 427 402 1141 2155 6225 1760 7947 509 2871 55 1325 1301417 27686 2526 8057 3597
internal_value=0 -0.00292185 -0.00156 0.00565258 -0.00588722 -0.0334905 6.73659e-05 0.00466845 0.00640666 -0.00801749 0.0105401 -0.0169893 0.0130587 -0.00186239 -0.00420637 -0.00366973 0.00775788 -0.00540723 -0.00423232 -0.0075562 -0.00307337 -0.0010829 0.0123832 0.00357335 0.00126488 6.36842e-06 -0.00220709 -0.00509344 -0.010949 -0.0165204
internal_weight=0 31656 30288 8130 2995 444 1.37552e+06 17997 17038 3795 13243 1110 12133 3333 22158 21731 2868 18863 18087 11862 10102 2551 5135 2264 2466 1.35753e+06 56110 41866 14180 11654
internal_count=1407180 31656 30288 8130 2995 444 1375524 17997 17038 3795 13243 1110 12133 3333 22158 21731 2868 18863 18087 11862 10102 2551 5135 2264 2466 1357527 56110 41866 14180 11654
is_linear=0
shrinkage=0.1


Tree=90
num_leaves=31
num_cat=0
split_feature=146 1 2 99 75 94 0 3 62 0 1 2 3 0 63 63 85 0 0 2 20 2 2 138 124 137 4 4 4 3
split_gain=27.0969 34.64 28.4779 26.887 26.3414 33.3152 27.6098 72.0917 60.0492 99.9643 99.1124 143.752 110.073 101.05 97.9662 81.486 74.9366 70.1368 69.6026 63.7316 96.1241 86.716 75.5144 63.4663 56.718 53.4714 58.6116 189.433 80.4117 53.4533
threshold=932488.50000000012 2725332.0000000005 696559.6050000001 1.0000000180025095e-35 6.5000000000000009 1558.0000000000002 1908073.5000000002 30276.265000000003 1499925.0000000002 1329140.0000000002 530043.00000000012 42758.095000000008 23060.515000000003 708160.50000000012 0.89564723276046021 13817.847891566267 10.500000000000002 638616.00000000012 1500048.0000000002 13697.675000000001 1.0000000180025095e-35 18735.685000000001 14332.500000000002 7.5000000000000009 8.5000000000000018 357756.00000000006 11723.540000000003 2837.8050000000007 55318.500000000007 147985.44500000004
decision_type=2 2 2 2 2 2 2 2 2 2 2 2 2 2 2 2 2 2 2 2 2 2 2 2 2 2 2 2 2 2
left_child=3 -2 -3 4 6 -6 8 -8 10 29 15 14 -13 16 19 17 -14 -1 -11 -12 21 -21 -22 -17 -24 26 27 -19 -28 -10
right_child=1 2 -4 -5 5 -7 7 -9 9 18 11 12 13 -15 -16 23 -18 25 -20 20 22 -23 24 -25 -26 -27 28 -29 -30 -31
leaf_value=0.00027241633928940526 0.053331523391508262 -0.035133734100050384 -0.0074838199931102677 0.026225147195620874 -0.0040163190641798741 -0.019486957151433539 -0.035632426274589082 -0.00068429739002670022 -0.0093196032378281453 0.0079126090490652511 0.03773458250494488 0.096055644693754341 0.0092279518100674817 0.0016688100662348164 -0.013417955906998739 -0.0035100335716016689 -0.026449086970382514 -0.0032894724548983238 -0.0015034994160053495 0.095007697025615956 -0.016009189700706635 -0.054948685642812405 0.0068929347670637188 -0.010559572762380998 -0.040744090834357122 0.0046042329050643054 0.0018073322011601064 -0.016084923102278693 -0.018201090703114778 -0.023878978120966652
leaf_weight=1060249 2116 67 97 216 22659 3955 1464 175625 550 688 1101 1177 10171 73258 4578 5668 267 6593 9029 315 682 2711 12080 482 142 3706 4036 1400 1448 650
leaf_count=1060249 2116 67 97 216 22659 3955 1464 175625 550 688 1101 1177 10171 73258 4578 5668 267 6593 9029 315 682 2711 12080 482 142 3706 4036 1400 1448 650
internal_value=0 0.0108928 -0.033382 -1.76536e-05 -2.30784e-05 -0.00313917 3.71012e-05 -0.00112855 0.00020898 -0.00717378 0.000276706 0.0031879 0.00504187 0.00461481 -0.00409386 -9.37309e-06 0.01382 5.61438e-05 -0.00381103 -0.000602952 -0.00221116 -0.0182523 0.0015505 -0.0114874 0.00335757 -0.00628157 -0.00920684 -0.0146693 -0.00124522 -0.0344037
internal_weight=0 2280 164 1.4049e+06 1.40468e+06 26614 1.37807e+06 177089 1.20098e+06 10917 1.19006e+06 106482 84873 83696 21609 1.08358e+06 10438 1.07743e+06 9717 17031 15930 3026 12904 6150 12222 17183 13477 7993 5484 1200
internal_count=1407180 2280 164 1404900 1404684 26614 1378070 177089 1200981 10917 1190064 106482 84873 83696 21609 1083582 10438 1077432 9717 17031 15930 3026 12904 6150 12222 17183 13477 7993 5484 1200
is_linear=0
shrinkage=0.1


Tree=91
num_leaves=31
num_cat=0
split_feature=133 134 4 2 3 2 5 20 14 122 3 6 6 13 137 3 18 20 122 20 123 138 20 0 2 0 2 20 126 138
split_gain=26.0136 50.8879 31.9842 81.645 123.242 90.2854 136.232 115.436 96.4608 82.8077 153.074 85.5248 79.6923 77.2775 265.289 77.3658 75.9244 108.35 137.709 80.892 69.6665 68.501 64.2738 65.1724 62.5547 161.844 61.152 72.2529 76.6917 63.4747
threshold=34.000000000000007 95561.000000000015 0.42500000000000004 7954.0100000000011 12108.815000000001 2455.7450000000003 1.0000000180025095e-35 9.5000000000000018 1.0000000180025095e-35 1.0000000180025095e-35 10366.890000000001 7.8333333333333348 4.8333333333333348 13296.500000000002 9904.0000000000018 1462.9600000000003 1.0000000180025095e-35 22.500000000000004 1.0000000180025095e-35 23.500000000000004 3989927.0000000005 5.5000000000000009 4.5000000000000009 381234.50000000006 2626.2800000000002 150247.50000000003 660739.50500000012 4.5000000000000009 0.095454545454545472 4.5000000000000009
decision_type=2 2 2 2 2 2 2 2 2 2 2 2 2 2 2 2 2 2 2 2 2 2 2 2 2 2 2 2 2 2
left_child=2 -2 3 5 9 12 7 22 24 10 -5 -12 13 14 -1 -15 17 -6 -19 20 26 -14 -7 -24 -8 -26 27 28 29 -18
right_child=1 -3 -4 4 16 6 8 -9 -10 -11 11 -13 21 15 -16 -17 19 18 -20 -21 -22 -23 23 -25 25 -27 -28 -29 -30 -31
leaf_value=-0.0037800236507970751 0.0032868268485563238 -0.0087178656752300299 0.00046161811329485593 -0.010735835238308277 -0.00036647806125116316 0.22613015775949497 0.084898280200969331 0.1586407086403655 0.059672359283685306 0.0076578920513001858 -0.032997361173061256 -0.021024346098783578 0.10477246957112701 0.016021595515057753 -0.052022636299329843 -0.0067056378402312912 -0.037028397298765739 -0.036403068072364229 0.012201771444294929 -0.018154050438525689 -0.014775212981864613 0.0012239590958202707 -0.072074212315901429 0.659267191095117 -0.069300844803672254 0.0079814807103944074 0.0097020152630487803 -0.00084251292387420578 -0.0023383034594256697 -0.026061497846940736
leaf_weight=71354 27664 46496 1058359 8852 76724 176 2379 590 14965 1011 1282 1404 13825 14665 1844 5769 1644 175 617 724 232 29987 1008 172 1438 9969 285 9058 3234 1278
leaf_count=71354 27664 46496 1058359 8852 76724 176 2379 590 14965 1011 1282 1404 13825 14665 1844 5769 1644 175 617 724 232 29987 1008 172 1438 9969 285 9058 3234 1278
internal_value=0 -0.00181359 0.000110701 -0.00085084 -0.00301699 0.000521448 0.00542473 -0.0201816 0.00715788 -0.012325 -0.0147296 -0.0356396 -0.00057366 -0.0022208 -0.00373869 0.00321655 -0.00177398 -0.000464357 0.0363334 -0.00794335 -0.00643918 0.00294649 -0.0362472 -0.0446553 0.00112301 -0.00195324 -0.00562499 -0.00648471 -0.0148441 -0.0265864
internal_weight=0 74160 1.33302e+06 274661 106520 168141 30697 1946 28751 12549 11538 2686 137444 93632 73198 20434 93971 77516 792 16455 15731 43812 1356 1180 13786 11407 15499 15214 6156 2922
internal_count=1407180 74160 1333020 274661 106520 168141 30697 1946 28751 12549 11538 2686 137444 93632 73198 20434 93971 77516 792 16455 15731 43812 1356 1180 13786 11407 15499 15214 6156 2922
is_linear=0
shrinkage=0.1


Tree=92
num_leaves=31
num_cat=0
split_feature=146 146 95 3 20 21 97 106 88 13 6 2 105 105 114 92 6 76 4 3 2 4 0 20 4 1 94 2 64 137
split_gain=25.811 33.028 25.5017 45.0192 49.5761 79.0051 33.618 25.6047 29.9439 42.1726 34.6058 37.7886 34.4051 33.9104 28.9722 25.117 32.6597 25.5328 65.7848 55.2922 43.298 32.6693 31.7085 46.663 72.1391 35.2715 30.4181 27.8237 27.2497 103.414
threshold=836646.00000000012 2601971.0000000005 1.0000000180025095e-35 130532.32000000002 22.500000000000004 1.5000000000000002 4.5000000000000009 6.5000000000000009 422976.00000000006 499490.00000000006 7.416666666666667 176256.31000000003 284479.50000000006 1189681.5000000002 5015031.5000000009 107837.00000000001 6.5833333333333348 9.5000000000000018 10866.050000000001 33526.525000000001 42758.095000000008 25705.180000000004 2.5000000000000004 7.5000000000000009 1371.9300000000001 1.5000000000000002 15.000054823359138 131601.80000000002 0.69701369294416959 448952.50000000006
decision_type=2 2 2 2 2 2 2 2 2 2 2 2 2 2 2 2 2 2 2 2 2 2 2 2 2 2 2 2 2 2
left_child=2 -2 7 -4 5 -5 -7 8 12 10 -10 -12 15 14 -11 17 -17 28 22 20 -20 26 23 24 -19 -24 -21 -26 -1 -30
right_child=1 -3 3 4 -6 6 -8 -9 9 13 11 -13 -14 -15 -16 16 -18 18 19 21 -22 -23 25 -25 27 -27 -28 -29 29 -31
leaf_value=0.00033663761772428913 0.047653415913300294 -0.024213589169045091 0.027072484902692852 -0.045336776887818064 0.024719105844375911 0.024871676359138922 -0.0047709961852027156 0.03209789524260416 -0.0032820791847363085 -0.00047347103294004419 -0.040497002425255134 -0.02763074155050296 0.018450207307223465 -0.043525170224166444 0.12883840515974126 -0.017585708965430945 -0.0059611621115808425 0.0045095758377911689 -0.072937280579559602 -0.006776875286103011 -0.1159282159265648 -0.00076484673899295365 0.05552787409982738 0.020195967378242655 -0.078394999230855522 -0.00014697359558254466 -0.097533253697857647 0.0334084812879464 -0.0010981389768995654 0.0065426219201142437
leaf_weight=1138201 2307 172 2721 367 328 223 1333 2850 960 4615 308 1184 1377 519 164 1336 2701 591 671 704 253 2036 767 519 545 12171 729 41 205666 20821
leaf_count=1138201 2307 172 2721 367 328 223 1333 2850 960 4615 308 1184 1377 519 164 1336 2701 591 671 704 253 2036 767 519 545 12171 729 41 205666 20821
internal_value=0 0.0102086 -4.24194e-06 0.00714481 -0.00331707 -0.00944616 0.000397721 -2.96362e-05 -4.89551e-05 -0.00624758 -0.0170908 -0.0266202 -1.43727e-05 -0.00122915 0.00140734 -3.00493e-05 -0.00790634 -7.07013e-06 -0.00364503 -0.014377 -0.0361149 -0.00858689 -0.000423389 -0.01328 -0.0242946 0.00126194 -0.0201542 -0.049157 4.36517e-05 -0.000958082
internal_weight=0 2479 1.4047e+06 4972 2251 1923 1556 1.39973e+06 1.39688e+06 7750 2452 1492 1.38913e+06 5298 4779 1.38775e+06 4037 1.38372e+06 19027 4393 924 3469 14634 1696 1177 12938 1433 586 1.36469e+06 226487
internal_count=1407180 2479 1404701 4972 2251 1923 1556 1399729 1396879 7750 2452 1492 1389129 5298 4779 1387752 4037 1383715 19027 4393 924 3469 14634 1696 1177 12938 1433 586 1364688 226487
is_linear=0
shrinkage=0.1


Tree=93
num_leaves=31
num_cat=0
split_feature=20 6 92 93 90 124 3 4 63 1 4 2 140 3 3 146 64 6 134 123 2 4 141 4 137 6 63 4 123 20
split_gain=25.5833 80.5466 71.5236 77.651 70.9932 56.2298 56.2136 52.1835 150.16 218.692 98.7729 110.409 102.281 93.1819 92.2947 84.0518 73.9199 109.259 90.3885 90.3428 84.1014 94.9097 112.687 164.758 113.855 106.977 91.2017 87.6914 173.799 84.299
threshold=5.5000000000000009 18.583333333333339 7.0081967213114762 17.500000000000004 1.0872975659618469 12.500000000000002 19857.690000000006 48072.870000000003 0.00025750000000000008 397518.50000000006 0.42500000000000004 7954.0100000000011 0.080128205128205135 68834.155000000013 12108.815000000001 203933.00000000003 0.22580496652418036 8.8333333333333339 243557.00000000003 1885021.0000000002 95506.540000000023 1200.9500000000003 0.34523809523809529 10866.050000000001 746672.50000000012 11.833333333333334 18797.914285714291 11723.540000000003 140819.00000000003 2.5000000000000004
decision_type=2 2 2 2 2 2 2 2 2 2 2 2 2 2 2 2 2 2 2 2 2 2 2 2 2 2 2 2 2 2
left_child=7 2 4 -4 5 -2 -3 10 -9 -10 11 -1 14 -11 -13 16 18 -18 -12 20 21 26 27 -24 25 -25 -19 28 -23 -30
right_child=1 6 3 -5 -6 -7 -8 8 9 13 15 12 -14 -15 -16 -17 17 19 -20 -21 -22 22 23 24 -26 -27 -28 -29 29 -31
leaf_value=0.0017180470841622613 -0.0004139931974564193 0.066490244810280388 -0.0080514999211990824 -0.039715407851868681 -0.040464990883098371 -0.0088872572001417374 0.0011209318303947904 0.00020395216230970626 -0.015965173944899325 -0.089263710543595012 0.0058659135785176231 -0.01185839608991765 -0.026056703524385029 -0.002199267608856048 -0.00073015235621638015 -0.055927864497096705 0.0010695842971474821 0.0062299660164751199 -0.0099311466476676106 -0.010441721578947639 0.002655251798602687 -0.0051029113871464259 -0.0086284847407450578 0.0014659371141106589 0.0031101107213375159 -0.029227150274499649 -0.0028560668515145654 0.0016824657852962364 -0.027832498859959198 -0.0087901365856703825
leaf_weight=114529 253628 10665 19827 1496 1710 8290 14604 455625 12084 148 242202 11365 3471 39595 52112 920 98364 14199 7163 7728 17669 6570 2894 279 343 1495 1091 5805 748 561
leaf_count=114529 253628 10665 19827 1496 1710 8290 14604 455625 12084 148 242202 11365 3471 39595 52112 920 98364 14199 7163 7728 17669 6570 2894 279 343 1495 1091 5805 748 561
internal_value=0 -0.000788758 -0.0012686 -0.00683932 -0.000818023 -0.000685428 0.00462227 0.000239785 -0.000503608 -0.00560402 0.000879702 -0.00106123 -0.00428735 -0.00202212 -0.00337334 0.00174296 0.00181118 0.00011699 0.00288291 -0.0032702 -0.00176151 -0.00467097 -0.00945014 -0.0222799 -0.0434805 -0.0536779 0.0011725 -0.00475196 -0.0116232 -0.044897
internal_weight=0 310220 284951 21323 263628 261918 25269 1.09696e+06 507452 51827 589508 181477 66948 39743 63477 408031 407111 157746 249365 59382 51654 33985 18695 5011 2117 1774 15290 13684 7879 1309
internal_count=1407180 310220 284951 21323 263628 261918 25269 1096960 507452 51827 589508 181477 66948 39743 63477 408031 407111 157746 249365 59382 51654 33985 18695 5011 2117 1774 15290 13684 7879 1309
is_linear=0
shrinkage=0.1


Tree=94
num_leaves=31
num_cat=0
split_feature=67 3 4 4 17 127 3 5 13 100 3 6 1 20 3 16 1 0 4 2 96 3 4 4 123 3 4 4 3 2
split_gain=25.31 37.6219 55.21 34.478 24.7243 56.615 118.976 64.5081 45.3628 38.3474 37.5724 65.535 61.5995 47.1873 57.339 44.4325 37.2842 35.8143 32.8445 31.9029 31.399 32.0536 30.8921 30.6607 30.2456 32.0908 30.2173 29.8765 29.8255 55.0506
threshold=12.500000000000002 185531.90500000003 35023.470000000008 48072.870000000003 2.5000000000000004 0.78888888888888908 356670.3000000001 3.0000000000000004 965794.50000000012 0.77500000000000013 172873.60000000003 5.7500000000000009 507.50000000000006 2.5000000000000004 73702.930000000008 1.0000000180025095e-35 550751.00000000012 1159861.0000000002 0.8450000000000002 244030.98500000002 44.000000000000007 198019.90500000003 99536.755000000019 741.81000000000006 1056766.0000000002 291452.71500000003 61.175000000000004 17458.500000000004 280435.74000000005 633414.30000000016
decision_type=2 2 2 2 2 2 2 2 2 2 2 2 2 2 2 2 2 2 2 2 2 2 2 2 2 2 2 2 2 2
left_child=4 -2 -3 -4 20 9 8 -8 16 10 13 12 19 -6 23 18 -7 -10 -16 -12 -1 -22 28 -15 25 27 -26 -13 -14 -30
right_child=1 2 3 -5 5 6 7 -9 17 -11 11 24 22 14 15 -17 -18 -19 -20 -21 21 -23 -24 -25 26 -27 -28 -29 29 -31
leaf_value=0.00010343960522125119 -0.0047486235665616149 -0.079691019563142576 0.042202196349653304 -0.010413944530358788 -0.0043461584882322239 -0.0028888996919081314 -0.02091991937931216 -0.0013290813345701866 -0.018682285182157407 -0.048580000248945931 0.019523065433268809 0.0068466872841350893 0.012583141556688927 0.0077911712084825398 -0.009005228787039599 0.00034369625551290976 0.0058364117677936964 -0.0026999871917689931 -0.0044565962559033117 -0.016951612220138836 0.020239150570931633 -0.0035869538532215571 0.0039147063197068734 -0.0020269628007113963 -0.010007423048660154 -0.0035917923846268082 -0.0044499767852376939 -0.0011970306607028342 0.00013720345269051213 0.014150895065666006
leaf_weight=1351245 2638 859 97 231 13752 4188 344 128 167 129 31 1658 819 8624 1096 2679 396 329 1015 292 2984 1323 965 3695 377 2551 1754 1365 873 576
leaf_count=1351245 2638 859 97 231 13752 4188 344 128 167 129 31 1658 819 8624 1096 2679 396 329 1015 292 2984 1323 965 3695 377 2551 1754 1365 873 576
internal_value=0 -0.00812002 -0.0229049 0.0119966 2.5544e-05 -0.00220962 -0.0117032 -0.059728 -0.00724109 -0.000962105 -0.000795384 0.00414882 0.0153781 -0.0025995 0.000906233 -0.00837771 -0.0041327 -0.0359687 -0.0192276 -0.0262617 0.000104366 0.00862907 0.0195383 0.00451611 -0.00103372 0.00284022 -0.0111667 0.00981038 0.0259145 0.017293
internal_weight=0 3825 1187 328 1.40336e+06 47803 5552 472 5080 42251 42122 11261 3556 30861 17109 4790 4584 496 2111 323 1.35555e+06 4307 3233 12319 7705 5574 2131 3023 2268 1449
internal_count=1407180 3825 1187 328 1403355 47803 5552 472 5080 42251 42122 11261 3556 30861 17109 4790 4584 496 2111 323 1355552 4307 3233 12319 7705 5574 2131 3023 2268 1449
is_linear=0
shrinkage=0.1


Tree=95
num_leaves=31
num_cat=0
split_feature=146 146 0 2 6 123 20 29 62 2 6 13 6 75 62 1 2 5 20 92 76 63 6 3 62 64 4 64 3 123
split_gain=24.8033 30.0035 24.4329 23.9475 40.1868 38.6508 33.5079 23.4362 25.5299 55.9776 22.9548 33.177 25.2508 22.9691 24.3639 34.1637 29.5965 32.1494 27.6565 27.1549 24.0621 27.9712 23.6814 109.247 297.98 147.068 143.258 153.451 153.011 144.067
threshold=932488.50000000012 2601971.0000000005 2889245.0000000005 2489761.5900000003 1.0000000180025095e-35 5912805.0000000009 13.500000000000002 342780.00000000006 384628.00000000006 311366.95500000007 98.500000000000014 517487.50000000006 107.00000000000001 6.5000000000000009 499511.00000000006 221745.50000000003 72750.075000000012 1.5000000000000002 21.500000000000004 307.50000000000006 4.5000000000000009 99.974375000000023 5.416666666666667 147985.44500000004 1761339.0000000002 50.338722294654509 104898.07500000003 0.14355860051710326 303708.4200000001 58840.000000000007
decision_type=2 2 2 2 2 2 2 2 2 2 2 2 2 2 2 2 2 2 2 2 2 2 2 2 2 2 2 2 2 2
left_child=3 -2 -3 7 -5 6 -6 10 9 -9 13 -12 -13 22 15 18 17 -17 20 -19 -15 -22 23 24 -1 -26 28 -28 -25 -30
right_child=1 2 -4 4 5 -7 -8 8 -10 -11 11 12 -14 14 -16 16 -18 19 -20 -21 21 -23 -24 26 25 -27 27 -29 29 -31
leaf_value=0.00016409454113203159 0.043733163204034732 -0.024843797223796024 0.09122645540312796 -0.075167383234959181 -0.0084563794777436484 0.01868192855420658 -0.032954465626114531 0.053838411506851792 0.087286123431884272 -0.050177208179140287 0.0019880165639127585 -0.027703175429391672 -0.0086015890895011042 -0.011692881275878243 0.0086878256492197402 -0.028252543862737057 -0.0062223832102120133 -0.0231654318820564 -0.04562707922174121 -0.070223580481705725 0.011419030072285908 -0.03424686034416792 -0.00025787773064319579 0.0052355195086613918 -0.0038522734728561937 -0.004437779684090818 0.0062928540021406354 -0.010179063123581616 -0.0025287935124817251 0.0043483561216516465
leaf_weight=242675 2108 92 80 382 8903 688 924 306 502 410 177 145 67 7408 1577 759 3462 1645 708 302 10570 109 1030573 18905 3317 780 34522 15630 11880 7574
leaf_count=242675 2108 92 80 382 8903 688 924 306 502 410 177 145 67 7408 1577 759 3462 1645 708 302 10570 109 1030573 18905 3317 780 34522 15630 11880 7574
internal_value=0 0.0104209 -0.0297387 -1.76294e-05 -0.0046873 -0.00352981 -0.00513401 1.88737e-05 0.0138842 0.00176157 6.74834e-06 -0.0242818 -0.0509665 1.35339e-05 -0.00290015 -0.00366169 -0.0101195 -0.0179546 -0.00154242 -0.0111491 -0.000783476 0.00225439 7.01498e-05 0.00080017 -0.000280888 -0.0270248 0.0038142 0.000295762 0.00841434 0.0021883
internal_weight=0 2280 172 1.4049e+06 10897 10515 9827 1.394e+06 1218 716 1.39278e+06 389 212 1.3924e+06 26540 24963 6168 2706 18795 1947 18087 10679 1.36586e+06 335283 246772 4097 88511 50152 38359 19454
internal_count=1407180 2280 172 1404900 10897 10515 9827 1394003 1218 716 1392785 389 212 1392396 26540 24963 6168 2706 18795 1947 18087 10679 1365856 335283 246772 4097 88511 50152 38359 19454
is_linear=0
shrinkage=0.1


Tree=96
num_leaves=31
num_cat=0
split_feature=6 1 2 123 2 13 0 123 123 123 127 20 123 123 6 2 52 53 2 0 62 13 64 13 3 3 0 64 4 20
split_gain=43.7357 100.813 148.42 72.9333 59.916 76.6517 71.4087 45.4912 45.0943 64.0561 45.2006 39.727 29.0729 184.287 70.0611 62.5643 64.8273 63.0723 62.9177 52.6623 75.5055 108.486 102.145 89.3207 87.433 72.3317 179.708 81.7553 61.9344 50.3069
threshold=1.4166666666666667 560.50000000000011 86482.490000000005 101.50000000000001 1780741.9100000004 6752420.0000000009 14413199.000000002 5787302.0000000009 1341018.0000000002 989096.50000000012 0.78888888888888908 15.500000000000002 1160979.0000000002 1160417.5000000002 14.41666666666667 65018.575000000004 1.0104773876057826e-06 0.0037449466253060074 47695.48000000001 2501724.5000000005 1218632.5000000002 4742494.5000000009 0.0013126698948254642 1884886.0000000002 201311.46000000005 86002.040000000023 4444948.0000000009 0.79998921694952041 31.735000000000003 2.5000000000000004
decision_type=2 2 2 2 2 2 2 2 2 2 2 2 2 2 2 2 2 2 2 2 2 2 2 2 2 2 2 2 2 2
left_child=1 2 -1 -4 5 7 -7 8 9 -3 -11 -9 13 -2 -15 18 19 -18 -14 -17 21 -21 -22 24 -24 26 27 -25 -29 -27
right_child=12 4 3 -5 -6 6 -8 11 -10 10 -12 -13 15 14 -16 16 17 -19 -20 20 22 -23 23 25 -26 29 -28 28 -30 -31
leaf_value=0.0025818320180802435 0.00020244071502981505 -0.00065113051951887929 -0.0032566311902811011 -0.0066470976227602204 -0.04051105163733118 0.0048197685248867255 -0.001151844663936985 0.0030201529554983765 0.00095949654135070472 -0.0012169560831187566 -0.0052768212439432199 -0.0055217806829414469 -0.038294147330613773 0.020744139593422896 -0.0033721750931089869 -0.0026916428024630571 0.04808643735444116 -0.0014353684108045857 0.0041158060747828211 -0.0015672469236747155 0.011399302927499489 -0.011116785370404754 0.0053977762251468109 0.0021987968002584249 -0.0054326682646456629 0.0014457551351778736 -0.016576803756216257 -0.0060027588188895269 -0.017472105841884779 -0.0049261332484544142
leaf_weight=611 1294519 5075 341 877 566 334 214 47 1828 244 290 98 63 668 219 22790 2346 3022 933 4435 5600 527 3620 2434 1733 24297 532 1934 748 26235
leaf_count=611 1294519 5075 341 877 566 334 214 47 1828 244 290 98 63 668 219 22790 2346 3022 933 4435 5600 527 3620 2434 1733 24297 532 1934 748 26235
internal_value=0 -0.00643103 -0.0277714 -0.0479474 -0.00194259 0.000247568 0.036365 -0.00236287 -0.0012813 -0.00572666 -0.0386713 -0.0578365 3.9466e-05 0.000167019 0.0457326 -0.00159249 -0.00184026 0.00885086 0.023347 -0.00244509 -0.00112054 -0.0130241 -0.000240709 -0.00141745 0.0109254 -0.00259351 -0.0133262 -0.00757412 -0.0196168 -0.00139391
internal_weight=0 10525 1829 1218 8696 8130 548 7582 7437 5609 534 145 1.39666e+06 1.29541e+06 887 101249 100253 5368 996 94885 72095 4962 67133 61533 5353 56180 5648 5116 2682 50532
internal_count=1407180 10525 1829 1218 8696 8130 548 7582 7437 5609 534 145 1396655 1295406 887 101249 100253 5368 996 94885 72095 4962 67133 61533 5353 56180 5648 5116 2682 50532
is_linear=0
shrinkage=0.1


Tree=97
num_leaves=31
num_cat=0
split_feature=6 123 2 17 3 3 127 2 0 2 3 20 2 3 2 100 0 127 123 0 2 0 1 3 4 62 3 124 1 137
split_gain=23.8579 57.852 97.4276 84.0073 65.7681 83.2394 99.4558 47.162 57.2373 51.6155 45.7562 41.8889 41.1145 39.0254 111.113 35.7039 33.0165 42.9272 31.0121 53.3372 30.2581 26.5056 58.2645 129.287 145.258 108.352 75.4537 66.6427 66.2585 101.875
threshold=1.4166666666666667 1341018.0000000002 361636.87500000006 4.5000000000000009 161130.72000000003 36666.240000000013 0.86607142857142871 237208.37000000002 495782.00000000006 262662.54500000004 2704460.9750000006 6.5000000000000009 384195.30500000011 255741.03500000003 187143.75000000003 0.43650793650793657 20361825.500000004 0.81666666666666676 101.50000000000001 68096.500000000015 251016.24000000002 1908073.5000000002 530043.00000000012 89727.680000000008 55318.500000000007 533109.50000000012 112460.41500000002 14.500000000000002 281321.50000000006 357756.00000000006
decision_type=2 2 2 2 2 2 2 2 2 2 2 2 2 2 2 2 2 2 2 2 2 2 2 2 2 2 2 2 2 2
left_child=1 2 4 12 5 -1 -7 8 15 20 13 -10 -4 14 -3 -6 17 -15 -11 -20 -9 22 25 -24 27 28 -27 -25 -2 -30
right_child=21 10 3 -5 7 6 -8 9 11 18 -12 -13 -14 16 -16 -17 -18 -19 19 -21 -22 -23 23 24 -26 26 -28 -29 29 -31
leaf_value=0.0030379893735943408 0.00042994729172900485 0.00084610200771240488 -0.0039924008374443909 0.015593993360013561 0.0038661631834867151 -0.0019942355917635492 -0.0065417109669172694 0.00049949465103347795 0.005756891105588394 0.0071376429019113291 -0.048434398789234882 -0.0048747738116547623 -0.0095189215316684277 0.0017412160879793027 -0.0033692942950578593 -0.032529696765000747 -0.0045068664582244454 0.004121077888398883 -0.0023137331702983146 0.012726116240843195 -0.0082166752573641956 -0.00086387416330921006 -0.0003474211657024742 0.0079457086688610509 0.0016914766223002323 -0.027274525295662367 -0.01457743639099874 -0.0021570292819226978 -0.0027573844578270947 0.0046677702178042979
leaf_weight=2048 1018749 1105 224 63 345 2498 939 78 76 75 235 61 779 481 345 27 171 556 180 111 128 177315 64920 19390 32580 476 1235 2726 64528 14736
leaf_count=2048 1018749 1105 224 63 345 2498 939 78 76 75 235 61 779 481 345 27 171 556 180 111 128 177315 64920 19390 32580 476 1235 2726 64528 14736
internal_value=0 -0.00474518 -0.00930979 -0.0373508 -0.00475729 -0.00920034 -0.0187097 0.0177868 0.0399291 -0.00191673 0.00729667 -0.0153285 -0.0443864 0.0110361 -2.36452e-05 0.0602793 0.0243115 0.0310249 0.0206197 0.00584192 -0.0419572 3.38018e-05 0.000199927 0.00229591 0.00587764 -2.8051e-05 -0.0251733 0.0121325 1.11321e-05 -0.00277379
internal_weight=0 10525 7632 1066 6566 5485 3437 1081 509 572 2893 137 1003 2658 1450 372 1208 1037 366 291 206 1.39666e+06 1.21934e+06 119616 54696 1.09972e+06 1711 22116 1.09801e+06 79264
internal_count=1407180 10525 7632 1066 6566 5485 3437 1081 509 572 2893 137 1003 2658 1450 372 1208 1037 366 291 206 1396655 1219340 119616 54696 1099724 1711 22116 1098013 79264
is_linear=0
shrinkage=0.1


Tree=98
num_leaves=31
num_cat=0
split_feature=6 13 2 3 3 123 14 20 17 18 2 0 123 126 0 127 0 127 3 5 6 123 94 2 3 0 6 0 4 4
split_gain=28.4435 61.3268 165.775 46.109 46.2696 43.9368 29.3322 29.1263 84.5444 43.0928 31.5994 53.9972 34.3458 42.51 30.7901 26.037 96.0196 64.0856 92.7136 63.5369 50.0089 65.9784 51.5634 48.2644 47.5737 43.9021 63.7147 53.4912 47.8056 104.347
threshold=1.4166666666666667 759.50000000000011 86482.490000000005 2704460.9750000006 266008.75000000006 59.500000000000007 1.0000000180025095e-35 15.500000000000002 1.5000000000000002 1.0000000180025095e-35 191176.64000000004 2786328.5000000005 529844.50000000012 0.30384615384615393 6601016.5000000009 0.84523809523809534 350.50000000000006 0.78888888888888908 356670.3000000001 3.0000000000000004 6.8333333333333348 552.50000000000011 3.0000048726769517 868678.74500000011 255741.03500000003 3808670.0000000005 7.8333333333333348 12200.500000000002 18097.390000000003 21964.240000000002
decision_type=2 2 2 2 2 2 2 2 2 2 2 2 2 2 2 2 2 2 2 2 2 2 2 2 2 2 2 2 2 2
left_child=1 2 -1 4 6 -4 -3 -8 10 -10 11 -9 13 -12 -14 17 23 -2 -19 -20 21 -18 25 24 -17 26 27 -22 -28 -30
right_child=15 3 5 -5 -6 -7 7 8 9 -11 12 -13 14 -15 -16 16 20 18 19 -21 22 -23 -24 -25 -26 -27 28 -29 29 -31
leaf_value=0.0028772550956329026 -4.884025042701801e-05 0.024515983442596211 -0.0007163015246065608 -0.058323659214125904 0.0020783767363746091 -0.0063146816254159178 -0.00012456877150678489 -0.0024126329527783767 0.008918346548685752 -0.014622353686754179 0.0033204038122406883 0.0033987821057316265 -0.003435470291253212 -0.022706679990332934 0.0091117492960078768 0.035728992542927066 -0.01307173824814839 -0.0024346496736234791 -0.019631111071023381 0.00037091616283054386 -0.1972176274348599 0.002076180121254434 0.041203857039646324 -0.060779222891923945 0.034875551201048259 -0.0057794265060362024 0.0019700334157516822 -0.005378976454472495 -0.028505951585744746 -0.0020381429695887983
leaf_weight=653 1322012 46 275 362 1843 1014 4705 713 401 156 39 38 230 23 27 2248 609 4349 287 128 148 28161 288 64 322 8513 21289 1324 775 6138
leaf_count=653 1322012 46 275 362 1843 1014 4705 713 401 156 39 38 230 23 27 2248 609 4349 287 128 148 28161 288 64 322 8513 21289 1324 775 6138
internal_value=0 -0.00519092 -0.0212385 -0.00155998 -2.19493e-05 -0.0420338 -0.00405474 -0.00463276 -0.0161662 0.0154284 -0.0326131 -0.021413 -0.0589808 0.0078247 -0.0750973 2.71527e-05 0.00190853 -7.19364e-05 -0.0116494 -0.0568097 0.00117489 0.00432854 -0.00118327 0.0206381 0.0227743 -0.0015012 0.000314898 -0.0199674 0.00137353 -0.00585156
internal_weight=0 10525 1942 8583 8221 1289 6378 6332 1627 557 1070 751 319 62 257 1.39666e+06 69879 1.32678e+06 4764 415 67245 28770 38475 2634 2570 38187 29674 1472 28202 6913
internal_count=1407180 10525 1942 8583 8221 1289 6378 6332 1627 557 1070 751 319 62 257 1396655 69879 1326776 4764 415 67245 28770 38475 2634 2570 38187 29674 1472 28202 6913
is_linear=0
shrinkage=0.1


Tree=99
num_leaves=31
num_cat=0
split_feature=99 25 6 6 64 63 124 3 53 1 64 64 64 4 64 4 13 2 20 93 64 64 20 62 3 3 1 88 64 124
split_gain=23.8014 23.3801 28.6528 61.5982 72.0804 115.471 41.5435 92.9346 41.3434 43.3259 52.5271 75.1551 72.588 97.2571 63.7403 59.7709 53.1999 67.2888 38.514 35.9588 33.2476 33.7721 57.5527 35.3566 34.5342 30.239 46.116 44.6297 42.3103 49.832
threshold=1.0000000180025095e-35 6.0000000000000009 35.583333333333336 24.833333333333339 65.363845360529425 56.821614488842506 12.500000000000002 8806.1000000000004 1.0539861391772351e-05 800.50000000000011 4.5377890360731883e-06 0.00036727546880647321 0.0015683131222281306 13880.995000000001 0.00083112801317290102 38826.81500000001 373987.50000000006 696559.6050000001 6.5000000000000009 1807.0000000000002 0.21795015435757678 1.0003949229956695 4.5000000000000009 960946.00000000012 87667.890000000014 898159.33500000008 114854724.50000001 2652688.5000000005 0.09773199693718311 3.5000000000000004
decision_type=2 2 2 2 2 2 2 2 2 2 2 2 2 2 2 2 2 2 2 2 2 2 2 2 2 2 2 2 2 2
left_child=1 2 3 6 -5 -6 25 -8 9 -9 16 15 13 -13 -15 18 -11 -18 -12 -10 -14 -22 24 -24 -23 26 27 -1 29 -27
right_child=-2 -3 -4 4 5 -7 7 8 19 10 11 12 20 14 -16 -17 17 -19 -20 -21 21 22 23 -25 -26 28 -28 -29 -30 -31
leaf_value=9.6659097945983596e-05 0.019822467523934864 0.033264493366941837 -0.0033751428734177138 0.0061963915871370906 0.053522818397269391 -0.015150969387375783 0.078592132707091492 0.020297518978873916 0.017139982310299499 -0.0038455698220231111 0.016091439398858962 0.0088766234287236227 -0.00011354754450532134 -0.0063856821897798222 -0.042134667474362626 -0.056937130525948045 -0.020616560558415133 -0.00031677982592739017 0.0070553136983367891 -0.074266863713634265 -0.0081573276675214312 -0.01536304895451647 0.0083673667278095897 0.05394188029080528 1.0567744997343198e-05 -0.0065343361322036221 0.050477516481710241 -0.036038297145517331 -0.021317041530435656 0.014142088238673784
leaf_weight=1083787 216 37147 148351 76225 373 252 1469 748 1838 1467 830 415 7806 287 525 220 1131 447 666 48 10393 312 347 244 1396 20000 395 944 6251 2650
leaf_count=1083787 216 37147 148351 76225 373 252 1469 748 1838 1467 830 415 7806 287 525 220 1131 447 666 48 10393 312 347 244 1396 20000 395 944 6251 2650
internal_value=0 -1.42424e-05 -8.13718e-05 7.80168e-05 0.00281865 0.0366403 -0.000105991 -0.00374168 -0.00497968 -0.00597125 -0.00664154 -0.00503649 -0.00662785 -0.0302536 -0.0503809 0.0151106 -0.0189975 -0.0317421 0.0222676 0.00933864 -0.00521362 -0.00837207 0.00259561 0.0294932 -0.00671146 -6.16175e-06 7.88643e-05 6.64243e-05 -0.00319858 -0.00118853
internal_weight=0 1.40696e+06 1.36982e+06 1.22147e+06 76850 625 1.14462e+06 30589 29120 27234 26486 23441 21725 1227 812 1716 3045 1578 1496 1886 20498 12692 2299 591 1708 1.11403e+06 1.08513e+06 1.08473e+06 28901 22650
internal_count=1407180 1406964 1369817 1221466 76850 625 1144616 30589 29120 27234 26486 23441 21725 1227 812 1716 3045 1578 1496 1886 20498 12692 2299 591 1708 1114027 1085126 1084731 28901 22650
is_linear=0
shrinkage=0.1


Tree=100
num_leaves=31
num_cat=0
split_feature=67 3 4 4 4 20 6 20 53 92 3 52 4 3 4 0 3 64 3 123 2 20 6 123 4 6 2 0 13 1
split_gain=23.1639 33.8264 47.324 29.7513 25.7837 23.17 67.789 57.9774 99.1637 80.4142 71.6894 61.7441 151.51 76.5409 126.505 87.1342 142.139 83.2786 132.459 79.189 70.8948 92.4643 63.225 66.859 62.6849 61.8469 79.4541 64.183 106.206 62.6562
threshold=12.500000000000002 185531.90500000003 35023.470000000008 14587.040000000003 48072.870000000003 5.5000000000000009 20.833333333333339 13.500000000000002 1.0539861391772351e-05 0.49324324324324331 597404.63000000012 0.96752321073220304 16180.365000000002 450304.91500000004 242327.32000000004 307200.50000000006 29303.660000000003 0.020431815636266056 241903.70000000004 5787302.0000000009 8.3150000000000031 21.500000000000004 4.416666666666667 277958.50000000006 510453.1700000001 1.7500000000000002 377050.77500000008 196.50000000000003 103.50000000000001 7659.5000000000009
decision_type=2 2 2 2 2 2 2 2 2 2 2 2 2 2 2 2 2 2 2 2 2 2 2 2 2 2 2 2 2 2
left_child=5 -2 3 -3 -4 -1 7 8 9 -7 -11 13 -13 14 15 20 22 18 19 -18 -9 25 23 -17 -14 26 27 28 -22 -29
right_child=1 2 4 -5 -6 6 -8 11 -10 10 -12 12 24 -15 -16 16 17 -19 -20 -21 21 -23 -24 -25 -26 -27 -28 29 -30 -31
leaf_value=0.00030121000466634408 -0.0043159941222688895 0.037391576034235277 0.037939743802324524 -0.078420115087774342 -0.0092854008441825338 -0.0022927242207721739 0.014043021199092355 -0.014897374882962753 0.035420674262155449 -0.032529991665876244 0.0067799894255412335 -0.026019756626928837 0.012837525519969396 -0.0036698607497533649 0.02469974880858632 -0.034761665534285238 0.001415521756069533 -0.0030575672195202216 0.0082204078995583366 -0.0046432582801737956 0.00012409053911111023 -1.9218556658898157e-05 -0.044978428694339885 0.020169940385020447 -0.041293360262214224 0.020586021704339652 -0.0016833097751572795 0.00067374362749567096 -0.0077095219201718029 -0.00027012717045065137
leaf_weight=1093317 2638 74 97 785 231 124784 19185 1695 3029 10912 935 4220 2257 26085 2097 919 23556 36592 3431 153 374 19105 3259 374 361 25543 116 202 232 622
leaf_count=1093317 2638 74 97 785 231 124784 19185 1695 3029 10912 935 4220 2257 26085 2097 919 23556 36592 3431 153 374 19105 3259 374 361 25543 116 202 232 622
internal_value=0 -0.0077786 -0.0217978 -0.0341361 0.010515 1.39847e-05 -0.000749051 -0.00112882 -0.00259782 -0.00299457 -0.0108681 0.00022813 -0.0090569 0.000667955 0.00174936 0.00130996 -0.000983549 0.000235774 0.00443313 0.00177553 0.00458023 0.00531725 -0.0180552 0.00065539 0.00984162 0.00907451 -0.0103475 -0.00389072 -0.0285948 0.0142776
internal_weight=0 3825 1187 859 328 1.40336e+06 310038 290853 139660 136631 11847 151193 6838 144355 118270 116173 68284 63732 27140 23709 47889 46194 4552 1293 2618 27089 1546 1430 606 824
internal_count=1407180 3825 1187 859 328 1403355 310038 290853 139660 136631 11847 151193 6838 144355 118270 116173 68284 63732 27140 23709 47889 46194 4552 1293 2618 27089 1546 1430 606 824
is_linear=0
shrinkage=0.1


Tree=101
num_leaves=31
num_cat=0
split_feature=128 3 1 20 89 147 3 2 4 62 2 127 62 138 123 134 2 93 6 20 13 123 123 2 0 20 4 1 4 53
split_gain=24.3047 37.3843 56.0645 32.8862 22.8388 29.0104 25.5165 56.1339 121.947 166.468 81.9949 76.6476 69.2868 58.212 54.2221 54.5263 80.4755 58.3289 58.441 88.325 64.6142 76.071 101.811 101.441 83.0231 66.707 66.5406 60.4105 60.197 56.9489
threshold=0.18465909090909094 23060.515000000003 167443.00000000003 21.500000000000004 22314.000000000004 10.500000000000002 230389.64000000004 368601.38000000006 5343.0700000000006 21114.000000000004 361636.87500000006 0.78888888888888908 4525000.0000000009 11.500000000000002 5505155.0000000009 3472776.5000000005 220309.89500000005 254.00000000000003 5.416666666666667 20.500000000000004 1194254.5000000002 4378249.0000000009 3526762.5000000005 340309.32000000007 6601016.5000000009 6.5000000000000009 372297.60000000003 6752411.0000000009 106938.82000000002 24.000000000000004
decision_type=2 2 2 2 2 2 2 2 2 2 2 2 2 2 2 2 2 2 2 2 2 2 2 2 2 2 2 2 2 2
left_child=4 2 -2 -3 5 6 14 8 9 10 13 -12 -10 -8 15 16 29 18 -18 20 26 22 24 -24 25 -22 -20 -26 -21 -1
right_child=1 3 -4 -5 -6 -7 7 -9 12 -11 11 -13 -14 -15 -16 -17 17 -19 19 28 21 -23 23 -25 27 -27 -28 -29 -30 -31
leaf_value=0.00015372878713343919 0.018211335059603241 -0.0098275799092242266 -0.013679602321943297 0.013700789999878761 -0.014009367605761531 0.023465197671025617 6.6610188556482047e-05 -7.7153292106586096e-05 -0.0059874235062203247 0.013771374471664219 0.0079292813860904112 -0.016412405953706657 -0.027664730747607592 0.038371257446969821 -0.0055302816840848614 -0.01847129904452607 0.0053786009560229872 -0.038973082721869015 0.010441630387123625 -0.0042949897391276705 -0.0084915411106707937 0.011038193432685082 -0.020333632289404546 0.0065981375332931375 0.056377083092400096 0.0097759710495496019 -0.0042744794551980991 -0.011315665497016082 -0.022463017570562707 -0.039425444827845407
leaf_weight=922173 1694 5499 367 299 2230 9107 10316 287136 64091 3304 132 247 1004 131 2448 7506 11127 254 42321 2130 8985 1738 614 168 1897 4819 11260 667 1142 2374
leaf_count=922173 1694 5499 367 299 2230 9107 10316 287136 64091 3304 132 247 1004 131 2448 7506 11127 254 42321 2130 8985 1738 614 168 1897 4819 11260 667 1142 2374
internal_value=0 -0.00555087 0.0060172 -0.00966295 2.58312e-05 4.19717e-05 5.06034e-06 -0.000710933 -0.00306745 0.00535343 -0.000642823 -0.0463343 -0.00489535 0.00101479 0.00026182 0.000297525 0.000360528 0.00326598 0.00340589 0.00241174 0.00313736 -0.00189186 -0.00391213 -0.0391622 -0.00222802 -0.00529745 0.00491022 0.0142971 -0.0136594 8.67418e-05
internal_weight=0 7859 2061 5798 1.39932e+06 1.39709e+06 1.38798e+06 366361 79225 14130 10826 379 65095 10447 1.02162e+06 1.01918e+06 1.01167e+06 87122 86868 75741 72469 18888 17150 782 16368 13804 53581 2564 3272 924547
internal_count=1407180 7859 2061 5798 1399321 1397091 1387984 366361 79225 14130 10826 379 65095 10447 1021623 1019175 1011669 87122 86868 75741 72469 18888 17150 782 16368 13804 53581 2564 3272 924547
is_linear=0
shrinkage=0.1


Tree=102
num_leaves=31
num_cat=0
split_feature=3 146 118 20 137 20 4 5 0 6 6 3 5 0 0 18 5 62 2 137 64 64 4 4 2 20 1 2 137 3
split_gain=23.3068 74.3019 46.4745 45.888 140.731 132.66 107.096 95.7368 94.5023 81.7334 78.9356 107.238 110.342 141.949 97.8248 93.6597 86.1227 108.467 96.6807 201.889 89.6 84.8386 114.508 81.2107 76.6545 80.9552 75.4405 324.213 97.8272 91.3665
threshold=58589.56500000001 203933.00000000003 0.53589743589743599 6.5000000000000009 307261.50000000006 14.500000000000002 18651.465000000004 3.0000000000000004 320055.00000000006 16.416666666666668 10.16666666666667 12108.815000000001 3.0000000000000004 460963.00000000006 1500048.0000000002 1.0000000180025095e-35 3.0000000000000004 2510.5000000000005 10081.720000000003 15.500000000000002 0.98437543896554125 0.98437543896554125 1200.9500000000003 2189.3600000000006 8.3150000000000031 21.500000000000004 1584.5000000000002 35.420000000000009 50.500000000000007 252.09
decision_type=2 2 2 2 2 2 2 2 2 2 2 2 2 2 2 2 2 2 2 2 2 2 2 2 2 2 2 2 2 2
left_child=1 2 3 10 5 6 9 -8 24 -5 11 16 14 -14 15 -13 17 18 26 -20 -18 -12 -23 -19 -7 -26 28 -28 -1 -29
right_child=-2 -3 -4 4 -6 8 7 -9 -10 -11 21 12 13 -15 -16 -17 20 23 19 -21 -22 22 -24 -25 25 -27 27 29 -30 -31
leaf_value=0.0018671994478946408 -0.0003980015398884659 -0.050226742773142909 0.017284024674063935 -0.0070808640653329483 -0.042116453442512275 -0.01351329211478019 -0.024110503399118709 -0.00044686255293771018 -0.0037199818654605646 0.03458569097887372 -0.00057349263380772624 0.002719790730036076 0.012497633870054273 0.0009561008440730379 0.006262741389092193 -0.01694227297130322 -0.0017076893451297261 0.062754779435188854 0.003549029333796572 -0.027192608281878691 -0.020703576417196581 0.0038579142693154545 -0.013901263980511294 -0.027039408091928188 0.046315299743313124 -0.00059875072593311711 -0.089155744982131802 -0.010365636606677239 0.033091366407373847 0.0020865592866528893
leaf_weight=47619 784013 1357 3260 66026 3350 1682 1005 733 6895 9136 162563 83179 29969 28223 1865 4004 19778 9563 2774 1685 11763 5303 7096 1606 19226 8612 456 13420 17261 53758
leaf_count=47619 784013 1357 3260 66026 3350 1682 1005 733 6895 9136 162563 83179 29969 28223 1865 4004 19778 9563 2774 1685 11763 5303 7096 1606 19226 8612 456 13420 17261 53758
internal_value=0 0.000443566 0.000494576 0.000431814 -0.00135465 -0.000757471 -0.00311199 -0.0276533 0.00421473 -0.00254452 0.000847083 0.00176454 0.00376528 0.00715168 0.0015523 0.00106753 0.00012504 0.00113523 0.000362553 -0.0141206 -0.00461964 -0.00086721 -0.00884059 0.0106111 0.00667675 0.00792932 0.000849902 -0.00148702 0.00328602 -0.000916591
internal_weight=0 623167 621810 618550 116665 113315 76900 1738 36415 75162 501885 326923 147240 58192 89048 87183 179683 148142 136973 4459 31541 174962 12399 11169 29520 27838 132514 67634 64880 67178
internal_count=1407180 623167 621810 618550 116665 113315 76900 1738 36415 75162 501885 326923 147240 58192 89048 87183 179683 148142 136973 4459 31541 174962 12399 11169 29520 27838 132514 67634 64880 67178
is_linear=0
shrinkage=0.1


Tree=103
num_leaves=31
num_cat=0
split_feature=6 13 2 3 2 2 3 20 127 14 2 2 3 0 2 127 2 0 127 1 2 17 127 0 123 123 4 6 4 64
split_gain=26.6155 48.9012 63.7772 43.303 42.1882 148.146 37.4621 31.5462 30.1887 29.2376 27.0136 30.4958 62.1659 45.0651 33.3777 34.7711 28.9212 40.9745 52.7715 24.1059 33.4347 29.2606 23.6456 24.2717 22.5111 134.388 60.1766 51.5701 98.8361 108.043
threshold=1.4166666666666667 759.50000000000011 86482.490000000005 2704460.9750000006 143783.06000000003 240646.85000000001 266008.75000000006 15.500000000000002 0.63961038961038974 1.0000000180025095e-35 237208.37000000002 194558.83500000005 191862.25500000003 1984771.5000000002 109644.18000000001 0.13392857142857145 37200.115000000005 1329140.0000000002 0.86607142857142871 402761.00000000006 286325.0450000001 4.5000000000000009 0.88194444444444453 50.500000000000007 1160979.0000000002 1160417.5000000002 552966.24000000011 8.4166666666666696 0.8650000000000001 0.80645179003806133
decision_type=2 2 2 2 2 2 2 2 2 2 2 2 2 2 2 2 2 2 2 2 2 2 2 2 2 2 2 2 2 2
left_child=1 2 22 6 8 -6 9 -7 -4 -3 11 12 14 -13 16 -16 -11 18 -18 21 -21 -8 -1 -24 25 -2 -27 -26 -29 -30
right_child=24 3 4 -5 5 7 19 -9 -10 10 -12 13 -14 -15 15 -17 17 -19 -20 20 -22 -23 23 -25 27 26 -28 28 29 -31
leaf_value=0.0054766827337903393 0.00015296105644400094 0.02187841717563559 -0.0025021631395832572 -0.05182046519676007 0.00059274355181804239 -0.0057760816451678286 -0.0035494417217603793 -0.0014806024634454297 -0.0073094166151715934 0.0011552833743213586 -0.006350825641994514 0.011968951600016521 -0.0023733031359881585 -0.0071034277350829709 -0.017211268194575115 0.0010760419045504658 -0.0030374841308193775 0.0004875951738001325 -0.0046655576903516073 0.0077736561773729179 0.001552719867370711 0.0105978791508748 0.029436954863411292 -0.0046892206688118557 0.00025967913643590258 0.016691673042255297 -0.025195308414926284 -0.0068036000379056456 -0.00047371454860881481 -0.0096259454781480458
leaf_weight=444 1294519 46 76 362 171 551 310 126 365 1773 271 198 230 91 91 953 1581 638 506 107 1349 77 47 162 55322 819 68 1047 34042 10838
leaf_count=444 1294519 46 76 362 171 551 310 126 365 1773 271 198 230 91 91 953 1581 638 506 107 1349 77 47 162 55322 819 68 1047 34042 10838
internal_value=0 -0.00503035 -0.0193603 -0.00178805 -0.0322587 -0.0192124 -0.000297547 -0.0402187 -0.0573457 -0.00392627 -0.00450336 -0.00312223 -0.00470944 0.028578 -0.00259525 0.0135132 -0.00633408 -0.0128021 -0.019582 0.0122603 0.0181565 -0.00992295 0.00610089 -0.0216347 1.72715e-05 0.000129511 0.0390403 -0.00141875 -0.00389571 -0.00318716
internal_weight=0 10525 1942 8583 1289 848 8221 677 441 6378 6332 6061 5772 289 5542 1044 4498 2725 2087 1843 1456 387 653 209 1.39666e+06 1.29541e+06 887 101249 45927 44880
internal_count=1407180 10525 1942 8583 1289 848 8221 677 441 6378 6332 6061 5772 289 5542 1044 4498 2725 2087 1843 1456 387 653 209 1396655 1295406 887 101249 45927 44880
is_linear=0
shrinkage=0.1


Tree=104
num_leaves=31
num_cat=0
split_feature=17 129 3 0 2 122 3 6 4 114 6 123 2 20 123 20 2 123 20 3 3 123 127 3 100 127 76 4 0 4
split_gain=22.943 52.6306 48.3545 85.0002 108.327 124.808 81.7158 69.6121 41.1756 40.6685 39.7839 32.339 31.524 65.2476 35.8326 28.6733 48.6578 28.5319 62.1488 28.5084 27.9102 33.2195 37.6553 27.0428 26.5795 26.2678 25.6725 46.0901 42.5966 62.484
threshold=2.5000000000000004 0.07417582417582419 39605.340000000004 566.00000000000011 95506.540000000023 1.0000000180025095e-35 175514.91500000001 6.5833333333333348 1.6150000000000004 54.000000000000007 9.8333333333333339 221270.00000000003 54639.875000000007 2.5000000000000004 17603.000000000004 1.5000000000000002 15083.285000000002 1056766.0000000002 4.5000000000000009 19355.470000000005 297012.86000000004 3526762.5000000005 0.74166666666666681 12108.815000000001 0.77500000000000013 0.5590277777777779 9.5000000000000018 3110.3150000000005 2.5000000000000004 1371.9300000000001
decision_type=2 2 2 2 2 2 2 2 2 2 2 2 2 2 2 2 2 2 2 2 2 2 2 2 2 2 2 2 2 2
left_child=26 2 9 4 -4 -6 12 20 25 11 -7 15 13 14 -5 16 23 -14 -19 -13 21 22 -8 -2 -9 -3 -1 28 29 -28
right_child=1 8 3 6 5 10 7 24 -10 -11 -12 19 17 -15 -16 -17 -18 18 -20 -21 -22 -23 -24 -25 -26 -27 27 -29 -30 -31
leaf_value=0.00014027442670145625 -0.013415962711165495 0.0013568994001033636 0.0036235312594602668 -0.023889807070142433 0.0013283845406242493 -0.0189467704590069 0.0054063246593012886 -0.0019485698879335269 -0.00075189294587748408 0.021809412625791415 -0.0096278518761452742 -8.1509339919172422e-05 -0.0024646442484484114 -0.0022210078268551704 -0.060234265860916292 0.0059117732119131627 0.0081129550547452307 -0.0016930826819454654 -0.015149848339355832 -0.013956183275824686 0.0013320727162513186 -0.012059483785444214 0.011792205423929258 -0.031943533141506282 -0.068866880571289715 0.0070382800858268535 0.002369764225858462 -0.020303641928416032 0.0071539526191006344 -0.066199095913541936
leaf_weight=1340439 2725 1721 899 421 575 1007 782 4376 6004 772 279 331 9732 646 159 8681 2104 981 254 381 1625 32 793 479 29 2044 771 6269 11376 493
leaf_count=1340439 2725 1721 899 421 575 1007 782 4376 6004 772 279 331 9732 646 159 8681 2104 981 254 381 1625 32 793 479 29 2044 771 6269 11376 493
internal_value=0 -0.00217134 -0.00385182 -0.00680164 -0.0232438 -0.0370134 -0.00451317 0.00359804 0.00437633 0.000454811 -0.0543299 -0.000720024 -0.00959357 -0.0248013 -0.0491479 0.0003381 -0.00545171 -0.0078935 -0.0222117 -0.0215095 0.014744 0.0240887 0.0261381 -0.0132104 -0.0045799 0.0125748 5.69697e-05 -0.00360199 -0.000125069 -0.0175405
internal_weight=0 47832 38063 22590 2760 1861 19830 7637 9769 15473 1286 14701 12193 1226 580 13989 5308 10967 1235 712 3232 1607 1575 3204 4405 3765 1.35935e+06 18909 12640 1264
internal_count=1407180 47832 38063 22590 2760 1861 19830 7637 9769 15473 1286 14701 12193 1226 580 13989 5308 10967 1235 712 3232 1607 1575 3204 4405 3765 1359348 18909 12640 1264
is_linear=0
shrinkage=0.1


Tree=105
num_leaves=31
num_cat=0
split_feature=146 146 0 89 6 1 2 3 2 127 2 123 2 2 20 17 2 3 0 18 2 20 123 0 2 2 0 2 0 2
split_gain=22.0632 30.83 22.8429 21.6264 21.2159 41.9238 67.5066 65.9773 74.0698 55.8223 44.7283 41.6531 35.4893 52.5703 30.7387 50.9749 43.4666 45.901 41.6369 39.6791 37.9357 37.4076 35.0253 33.8109 30.6089 33.5763 47.1499 43.922 30.398 25.1741
threshold=932488.50000000012 2601971.0000000005 2889245.0000000005 1868464.5000000002 1.4166666666666667 1822.0000000000002 361636.87500000006 165115.29000000004 86482.490000000005 0.74166666666666681 244030.98500000002 101.50000000000001 384195.30500000011 441329.70000000007 15.500000000000002 1.5000000000000002 1780741.9100000004 266008.75000000006 1329140.0000000002 1.0000000180025095e-35 441329.70000000007 19.500000000000004 5912805.0000000009 6770101.5000000009 286325.0450000001 76463.35500000001 2786328.5000000005 194558.83500000005 12312525.500000002 237208.37000000002
decision_type=2 2 2 2 2 2 2 2 2 2 2 2 2 2 2 2 2 2 2 2 2 2 2 2 2 2 2 2 2 2
left_child=3 -2 -3 4 5 6 7 8 -1 -10 -9 -12 -8 -14 16 18 17 29 21 -17 -19 -16 24 -24 25 -20 -27 -28 -25 -7
right_child=1 2 -4 -5 -6 14 12 10 9 -11 11 -13 13 -15 15 19 -18 20 22 -21 -22 -23 23 28 -26 26 27 -29 -30 -31
leaf_value=0.0014651639135107254 0.036988385565110839 -0.021613147180905751 0.08046210668401127 -0.04127443524440471 2.3676316612534712e-06 0.00024501192524108986 -0.0023891778534310738 0.00053858397570162868 -0.0023520000006661871 -0.006605293553093361 0.0019860286655809705 -0.0046420642404783217 0.0034102197886250935 -0.024224719682411949 -0.0049145913201922749 0.0057552634093769543 -0.020752794560473565 0.0069955858638313584 0.0032042613712519596 -0.0082546438258228622 0.0015674140416533035 -0.002182844265972339 -0.0032927362330847591 0.01034859871597598 0.0019860753900834971 -0.0017444687518336013 0.0012726355268308732 -0.0079107929810102572 -0.0012061511253788294 -0.0060100171933602725
leaf_weight=759 2108 92 80 327 1394048 4400 150 167 256 295 58 131 60 365 384 440 466 427 97 235 746 287 80 24 88 218 68 24 125 175
leaf_count=759 2108 92 80 327 1394048 4400 150 167 256 295 58 131 60 365 384 440 466 427 97 235 746 287 80 24 88 218 68 24 125 175
internal_value=0 0.00980747 -0.0309015 -3.76015e-05 -3.1615e-05 -0.00450449 -0.0166389 -0.00644245 -0.0168165 -0.0447246 0.0317318 -0.0015873 -0.046182 -0.0314227 -0.00122187 -0.011776 0.00229391 0.00467528 -0.0226919 0.0107834 0.0223234 -0.0406376 -0.00605989 -0.0383974 0.00890029 -0.00266257 -0.0187292 0.0413043 -0.0102419 0.000150409
internal_weight=0 2280 172 1.4049e+06 1.40457e+06 10525 2241 1666 1310 551 356 189 575 425 8284 2070 6214 5748 1395 675 1173 671 724 229 495 407 310 92 149 4575
internal_count=1407180 2280 172 1404900 1404573 10525 2241 1666 1310 551 356 189 575 425 8284 2070 6214 5748 1395 675 1173 671 724 229 495 407 310 92 149 4575
is_linear=0
shrinkage=0.1


Tree=106
num_leaves=31
num_cat=0
split_feature=64 62 138 1 3 6 62 4 137 6 0 85 138 2 4 6 138 6 4 62 4 0 62 3 138 1 62 6 62 20
split_gain=21.3688 100.375 59.0541 50.1743 135.351 112.897 108.7 71.662 70.7976 73.4459 64.8707 68.0134 69.3771 65.4562 78.8182 69.799 61.4029 55.8357 107.186 55.3035 62.9754 55.2848 52.9862 51.4294 51.3305 42.7361 65.3511 63.5542 42.0103 68.8223
threshold=2.4099935948714939 4741162.5000000009 15.500000000000002 530043.00000000012 598559.18000000005 24.833333333333339 509089.00000000006 587.58500000000015 27.500000000000004 4.416666666666667 2186137.0000000005 10.500000000000002 7.5000000000000009 97289.885000000024 6645.505000000001 8.4166666666666696 4.5000000000000009 4.8333333333333348 3.6950000000000007 128761.50000000001 19247.480000000007 270500.00000000006 397537.00000000006 70436.845000000016 8.5000000000000018 1324048.5000000002 1260781.5000000002 6.416666666666667 1760580.0000000002 4.5000000000000009
decision_type=2 2 2 2 2 2 2 2 2 2 2 2 2 2 2 2 2 2 2 2 2 2 2 2 2 2 2 2 2 2
left_child=-1 2 3 4 6 10 8 -8 21 23 13 12 16 15 -15 17 -12 18 -5 -11 -21 -2 -7 -10 -16 26 -19 -27 29 -14
right_child=1 -3 -4 5 -6 22 7 -9 9 19 11 -13 28 14 24 -17 -18 25 -20 20 -22 -23 -24 -25 -26 27 -28 -29 -30 -31
leaf_value=0.00012047257480536506 -0.0015003579982042826 -0.016465762733990207 -0.021957129265040454 -0.002672324804048859 -0.01492755010680836 0.051660575312491547 -0.021801525905674236 -0.0094696140775445067 0.020538807970433795 -0.0027029913039792412 -0.0025860646345175599 0.011140306147500225 0.028052475653437516 0.013603637600772937 0.0020774977699191547 -0.0029682962306912309 -0.03589045370749782 0.0022067996573529739 0.0029707288964534806 0.0095172808386483638 -0.0021461759653875535 -0.0052535542864014222 -0.0099545607321090447 0.0023818604322963107 0.050926638158547366 0.0040454411067465989 -0.0043583271733118982 0.00078145587857796333 -0.0041041842083822267 -0.0099111983092913646
leaf_weight=1309298 13315 3386 1244 515 4642 364 311 1115 2032 11840 24799 204 1764 4446 7562 2466 500 2078 1786 2479 1103 3279 136 2712 289 553 310 906 929 817
leaf_count=1309298 13315 3386 1244 515 4642 364 311 1115 2032 11840 24799 204 1764 4446 7562 2466 500 2078 1786 2479 1103 3279 136 2712 289 553 310 906 929 817
internal_value=0 -0.00144198 -0.000835805 -0.00054707 -0.00306397 0.00159068 -0.00110392 -0.0281927 -5.30836e-05 0.00392787 0.00111714 -0.00194313 -0.00235056 0.00536313 0.0100458 -0.00132162 -0.00417844 0.00437939 -0.00794291 0.000580715 0.011468 -0.00489097 0.0488722 0.0148089 0.00402106 0.0117497 0.00351123 0.0252339 0.0108242 0.0173877
internal_weight=0 97882 94496 93252 42828 50424 38186 1426 36760 20166 49924 29013 28809 20911 12297 8614 25299 6148 2301 15422 3582 16594 500 4744 7851 3847 2388 1459 3510 2581
internal_count=1407180 97882 94496 93252 42828 50424 38186 1426 36760 20166 49924 29013 28809 20911 12297 8614 25299 6148 2301 15422 3582 16594 500 4744 7851 3847 2388 1459 3510 2581
is_linear=0
shrinkage=0.1


Tree=107
num_leaves=31
num_cat=0
split_feature=63 4 84 2 64 62 137 62 0 5 2 1 4 62 20 3 3 6 4 2 0 3 63 4 0 138 13 62 1 0
split_gain=21.3013 61.6649 34.7188 29.3469 21.0482 91.0395 48.158 63.4644 91.1547 78.7726 99.8749 168.145 98.1885 85.3843 86.3575 69.4875 79.4288 71.3264 64.4766 107.798 63.6647 81.3341 65.1274 62.6455 61.8669 113.351 58.0295 56.9599 56.2856 54.6466
threshold=783077.50000000012 74.110000000000014 1239887.5000000002 535759.63500000013 2.4099935948714939 4741162.5000000009 1.5000000000000002 1760580.0000000002 915417.50000000012 1.5000000000000002 50064.740000000013 530043.00000000012 247171.00500000003 772167.00000000012 4.5000000000000009 598559.18000000005 597404.63000000012 7.416666666666667 18097.390000000003 33427.285000000011 11534.500000000002 54180.205000000009 1.6282885470142243 206.99500000000003 1282335.5000000002 7.5000000000000009 13296.500000000002 509089.00000000006 7893191.5000000009 27455395.500000004
decision_type=2 2 2 2 2 2 2 2 2 2 2 2 2 2 2 2 2 2 2 2 2 2 2 2 2 2 2 2 2 2
left_child=4 3 -3 -2 -1 6 -6 9 -9 26 18 15 13 14 29 16 20 -18 19 -11 23 22 -22 -12 25 -15 -8 -23 -26 -13
right_child=1 2 -4 -5 5 -7 7 8 -10 10 11 12 -14 24 -16 -17 17 -19 -20 -21 21 27 -24 -25 28 -27 -28 -29 -30 -31
leaf_value=0.00010842531732482841 0.010859848774439537 0.0017746550045607103 -0.016613880992819473 0.0069291243817246606 -0.0047942438678020283 -0.017440364510734132 -0.0010725250156247369 -0.013524279020069569 -0.0011399443804262332 0.012674889394261602 -0.028202982883367485 0.016525267375481247 -0.026779411201341842 0.0031534051502535628 0.0069272896386402662 -0.011988239161707888 0.010455388627405271 0.00059020518625199582 -0.0016947902690037998 0.038993776540572678 -0.028932038674784968 0.0013227968740030932 -0.0025390847378360185 -0.0060716362874462639 0.0061308672767047667 -0.0036820313345040513 -0.016164177821545878 -0.0086463093485179675 -0.020659090338061237 -0.012260526503591773
leaf_weight=1309298 158 593 72 361 27451 3183 5640 362 11709 3111 843 3967 1501 3301 3565 3315 649 958 966 2904 137 10738 745 2310 3122 1024 3078 912 843 364
leaf_count=1309298 158 593 72 361 27451 3183 5640 362 11709 3111 843 3967 1501 3301 3565 3315 649 958 966 2904 137 10738 745 2310 3122 1024 3078 912 843 364
internal_value=0 0.0133931 -0.0067681 0.0392258 -2.56276e-05 -0.00144935 -0.000883265 0.000579552 -0.00597555 0.00204505 0.00372114 0.00171578 0.00886828 0.0111372 0.0185793 -0.00442321 -0.00188068 0.0192932 0.0147215 0.0185728 -0.00405005 -0.000854398 -0.0301333 -0.0167516 0.00404887 -0.00422256 -0.00665937 0.00136225 0.0130713 0.0280674
internal_weight=0 1184 665 519 1.406e+06 96698 93515 66064 12071 53993 45275 38294 17687 16186 7896 20607 17292 1607 6981 6015 15685 12532 882 3153 8290 4325 8718 11650 3965 4331
internal_count=1407180 1184 665 519 1405996 96698 93515 66064 12071 53993 45275 38294 17687 16186 7896 20607 17292 1607 6981 6015 15685 12532 882 3153 8290 4325 8718 11650 3965 4331
is_linear=0
shrinkage=0.1


Tree=108
num_leaves=31
num_cat=0
split_feature=17 129 3 0 2 122 3 20 123 1 3 6 127 123 127 3 4 114 96 123 123 3 2 21 127 62 13 62 20 2
split_gain=21.6264 44.2945 43.7729 74.0651 89.5643 105.74 74.7164 62.7481 55.8745 52.2484 39.6137 47.5041 48.6434 36.3359 35.0165 33.8475 33.5584 32.457 28.6402 26.5825 24.4385 24.2838 23.8456 36.0826 29.2439 34.6242 28.2005 23.6404 23.4758 42.8794
threshold=2.5000000000000004 0.07417582417582419 42483.400000000009 566.00000000000011 95506.540000000023 1.0000000180025095e-35 54180.205000000009 2.5000000000000004 1056766.0000000002 1160392.5000000002 175514.91500000001 6.5833333333333348 0.74166666666666681 221270.00000000003 0.75961538461538469 207842.68500000003 1.6150000000000004 199.00000000000003 15104.000000000002 17603.000000000004 408.50000000000006 19355.470000000005 166572.17000000001 1.5000000000000002 0.74166666666666681 250298.50000000003 550154.50000000012 30455.000000000004 1.5000000000000002 15083.285000000002
decision_type=2 2 2 2 2 2 2 2 2 2 2 2 2 2 2 2 2 2 2 2 2 2 2 2 2 2 2 2 2 2
left_child=-1 2 13 4 -4 -6 7 19 10 -10 22 12 -12 17 -7 -14 -3 28 -13 -5 -16 -15 24 -24 -8 26 -26 -20 29 -2
right_child=1 16 3 6 5 14 8 -9 9 -11 11 18 15 21 20 -17 -18 -19 27 -21 -22 -23 23 -25 25 -27 -28 -29 -30 -31
leaf_value=8.8806015054654358e-05 -0.015787651317711673 0.0045638736487555141 0.003547441165850063 -0.01862451927244797 0.0011724195341826769 -0.014429432836239743 -0.0066040387534397121 -0.0016649334290127051 -0.011508687042002147 -0.001632000671362623 0.0035384463256671822 -0.00013583224528785267 0.020021274709270856 -9.6484958306408694e-05 -0.017294184118578085 0.0093290857162132822 -0.00062339062238344625 0.018902026917749937 -0.067357681056008936 -0.048306199362977711 -0.017883454840564139 -0.012769873483738725 -0.01312682560325956 -0.0082171259227580059 0.0012694035796466886 -0.0053100522656050145 0.0058919907610224479 0.0031923650598293012 0.0049387695649302015 0.0070461100458175888
leaf_weight=1359348 3204 3765 831 549 575 736 3333 736 394 2105 1768 3629 206 331 313 684 6004 845 53 231 236 455 136 1479 2897 524 493 33 9110 2177
leaf_count=1359348 3204 3765 831 549 575 736 3333 736 394 2105 1768 3629 206 331 313 684 6004 845 53 231 236 455 136 1479 2897 524 493 33 9110 2177
internal_value=0 -0.00209371 -0.00363538 -0.00654229 -0.0220818 -0.034276 -0.00436999 -0.0256782 -0.00254845 -0.0164078 -0.000275104 0.00573795 0.0159449 0.000320746 -0.0502255 0.0350118 0.00391307 0.00139551 -0.00156488 -0.0454407 -0.0693389 -0.0206495 -0.00459932 -0.0155876 -0.00215057 0.00371143 0.00740925 -0.0586014 0.000284606 -0.00495247
internal_weight=0 47832 38063 21941 2691 1860 19250 1516 17734 2499 15235 6373 2658 16122 1285 890 9769 15336 3715 780 549 786 8862 1615 7247 3914 3390 86 14491 5381
internal_count=1407180 47832 38063 21941 2691 1860 19250 1516 17734 2499 15235 6373 2658 16122 1285 890 9769 15336 3715 780 549 786 8862 1615 7247 3914 3390 86 14491 5381
is_linear=0
shrinkage=0.1


Tree=109
num_leaves=31
num_cat=0
split_feature=6 13 6 106 88 114 3 2 17 129 3 0 3 122 3 6 20 20 4 21 3 20 20 3 123 3 114 123 6 123
split_gain=21.1555 28.6448 22.5141 21.1129 24.8023 36.0348 22.9238 42.2809 21.9644 37.6955 35.6211 64.8481 82.5355 104.409 54.7287 49.0148 35.6609 33.6121 67.2283 55.623 44.612 33.6495 33.5248 66.9376 47.4066 38.8126 31.2398 29.697 29.4 27.7574
threshold=98.500000000000014 517487.50000000006 107.00000000000001 6.5000000000000009 1137281.0000000002 5015031.5000000009 396784.33500000002 496204.03500000009 2.5000000000000004 0.07417582417582419 39605.340000000004 566.00000000000011 89727.680000000008 1.0000000180025095e-35 121516.18000000001 6.5833333333333348 5.5000000000000009 1.5000000000000002 0.8450000000000002 1.5000000000000002 137279.80500000002 22.500000000000004 2.5000000000000004 48744.720000000008 989096.50000000012 105826.14500000002 54.000000000000007 17603.000000000004 10.833333333333334 2171488.5000000005
decision_type=2 2 2 2 2 2 2 2 2 2 2 2 2 2 2 2 2 2 2 2 2 2 2 2 2 2 2 2 2 2
left_child=3 -2 -3 4 8 -6 7 -5 -1 10 26 12 -12 -14 22 -16 -15 18 29 20 -19 -22 23 27 -24 -26 -10 28 -13 -17
right_child=1 2 -4 6 5 -7 -8 -9 9 -11 11 14 13 16 15 17 -18 19 -20 -21 21 -23 24 -25 25 -27 -28 -29 -30 -31
leaf_value=9.7026799256982879e-05 0.00092042843162699135 -0.023087059209203991 -0.0097137675076150939 0.028373602098407114 -0.022023696909984871 0.11606394186208227 -0.047628694803535133 0.061226019752871709 -0.0011025708549644798 0.001822962310632459 0.0026993658283676726 -0.0051067484187141913 0.003435486746978406 -0.015139148331966929 0.0034183201715102607 0.010948779947663988 -0.0095089600628638291 0.0085330108423763602 -0.0027356188819975783 -0.0012626511582088376 -0.010743336229692452 0.0034562895328635484 -0.00029565681041818784 -0.0027113336205094375 -0.0018161965277151788 -0.017463592486114354 0.017743281807667734 -0.04414377841738968 -0.02175064185821414 -0.0067057397833910045
leaf_weight=1352467 179 145 67 2713 3687 164 78 59 14619 9729 951 288 559 970 4349 435 279 122 1238 3010 901 67 4285 4275 174 86 772 225 259 28
leaf_count=1352467 179 145 67 2713 3687 164 78 59 14619 9729 951 288 559 970 4349 435 279 122 1238 3010 901 67 4285 4275 174 86 772 225 259 28
internal_value=0 -0.0232653 -0.0481363 -1.36459e-06 -1.88191e-05 -0.00803307 0.00859691 0.0101013 3.22441e-06 -0.00210757 -0.0035332 -0.00606898 -0.0204294 -0.0329734 -0.00406207 0.00105632 -0.04905 -0.00496059 0.00685719 -0.00986354 -0.0292191 -0.0364012 -0.00947822 -0.0150884 -0.00324836 -0.0447095 0.000174015 -0.042189 -0.02961 0.0393655
internal_weight=0 391 212 1.40679e+06 1.40394e+06 3851 2850 2772 1.40009e+06 47621 37892 22501 2759 1808 19742 10150 1249 5801 1701 4100 1090 968 9592 5047 4545 260 15391 772 547 463
internal_count=1407180 391 212 1406789 1403939 3851 2850 2772 1400088 47621 37892 22501 2759 1808 19742 10150 1249 5801 1701 4100 1090 968 9592 5047 4545 260 15391 772 547 463
is_linear=0
shrinkage=0.1


Tree=110
num_leaves=31
num_cat=0
split_feature=92 6 2 4 123 53 3 13 0 4 4 6 3 3 3 64 4 2 4 4 64 3 6 20 6 2 4 62 0 64
split_gain=20.9867 23.8788 29.7944 30.9139 21.0966 73.3702 69.1886 67.5484 84.7961 80.4319 109.069 95.9639 95.4637 88.8499 137.273 106.326 83.9081 81.8607 76.8281 84.9159 88.9948 76.093 68.6465 68.1947 61.4367 89.0551 164.418 136.364 129.876 82.1912
threshold=127269.50000000001 6.5833333333333348 615997.67500000016 104898.07500000003 229917.50000000003 5.2925764382270999e-06 12758.810000000003 517487.50000000006 708160.50000000012 77140.970000000016 12091.515000000001 2.2500000000000004 30276.265000000003 130532.32000000002 40447.470000000008 0.89062684283315807 2378.0100000000002 54639.875000000007 0.8650000000000001 2378.0100000000002 0.084101854042329907 19355.470000000005 9.8333333333333339 1.5000000000000002 5.7500000000000009 247786.15500000003 155427.96500000005 3320774.0000000005 10970194.000000002 0.0049980474570313358
decision_type=2 2 2 2 2 2 2 2 2 2 2 2 2 2 2 2 2 2 2 2 2 2 2 2 2 2 2 2 2 2
left_child=4 2 -2 -4 -1 6 -6 9 -9 10 13 -12 -13 14 15 18 -17 -16 22 -20 -21 -18 -8 -11 25 27 28 -10 -27 -28
right_child=1 -3 3 -5 5 -7 7 8 24 23 11 12 -14 -15 17 16 21 -19 19 20 -22 -23 -24 -25 -26 26 29 -29 -30 -31
leaf_value=0.00023519458351274893 -0.025651611773675906 -0.0068544785331138064 0.0085342680288014623 -0.025024010775433404 0.012238436611117499 0.012034479067811285 -0.0034957574306587972 0.0057775828446179241 -0.00019529313146467034 -0.032415017085895573 -0.0044392437235059616 0.0054333776373229675 0.0025669993627483061 0.0033595661115998622 -0.026588169182544343 -0.0034460951303529001 0.0082595722148000716 -0.007782773889271977 0.012595448542101241 0.0064316288734200368 -0.011668228400995174 -0.0084175607857819076 -0.037915529063562395 -0.014236398933811413 -0.0014568280732533583 0.0057733901432663716 0.021335825967674915 -0.0097646572281126602 -0.0016182228820080802 -0.017386359628861682
leaf_weight=1228630 751 2363 185 174 1524 7374 3659 4631 12636 933 561 753 6625 2824 421 3191 135 5322 5717 2064 2125 1136 315 2850 90561 10145 373 565 3309 5328
leaf_count=1228630 751 2363 185 174 1524 7374 3659 4631 12636 933 561 753 6625 2824 421 3191 135 5322 5717 2064 2125 1136 315 2850 90561 10145 373 565 3309 5328
internal_value=0 -0.00777356 -0.0198719 0.00382435 9.59774e-06 -0.00101739 -0.00144665 -0.00164117 -0.000531607 -0.0053046 -0.0038012 0.00649859 0.00953027 -0.00683996 -0.00880757 -0.00458316 -0.0180116 -0.0222995 -0.000266323 0.00444595 -0.00637025 -0.03974 -0.0120126 -0.0191536 -0.00103208 0.00270817 0.00706344 -0.00361143 0.0130944 -0.00716915
internal_weight=0 3473 1110 359 1.40371e+06 175077 167703 166179 127548 38631 34848 7939 7378 26909 24085 18342 4462 5743 13880 9906 4189 1271 3974 3783 122917 32356 19155 13201 13454 5701
internal_count=1407180 3473 1110 359 1403707 175077 167703 166179 127548 38631 34848 7939 7378 26909 24085 18342 4462 5743 13880 9906 4189 1271 3974 3783 122917 32356 19155 13201 13454 5701
is_linear=0
shrinkage=0.1


Tree=111
num_leaves=31
num_cat=0
split_feature=6 123 2 3 2 127 17 2 1 2 3 3 2 3 123 0 6 6 4 3 62 3 4 64 127 13 4 62 137 2
split_gain=24.5803 34.7292 76.829 66.4269 68.5843 115.983 64.8247 46.2045 44.7438 52.1689 44.419 43.3218 33.4346 29.0648 27.6863 30.9969 25.2069 56.6579 51.6568 83.5944 115.407 97.0285 80.4127 82.8299 79.1462 72.6295 72.4332 67.486 61.9869 60.6888
threshold=1.4166666666666667 1341018.0000000002 361636.87500000006 161130.72000000003 37200.115000000005 0.86607142857142871 4.5000000000000009 384195.30500000011 992025.00000000012 229466.14000000004 262202.26000000007 249916.38500000004 441329.70000000007 2704460.9750000006 408.50000000000006 75480.000000000015 2.5833333333333335 3.1666666666666674 334263.98000000004 151421.72500000003 1087311.0000000002 421392.77000000008 0.8650000000000001 0.09773199693718311 0.36931818181818188 4525000.0000000009 32095.295000000002 533109.50000000012 6.5000000000000009 166572.17000000001
decision_type=2 2 2 2 2 2 2 2 2 2 2 2 2 2 2 2 2 2 2 2 2 2 2 2 2 2 2 2 2 2
left_child=1 2 3 4 -1 -6 7 -4 9 -5 11 -11 -9 -3 -12 -16 18 -18 19 20 28 -21 -23 24 -24 29 27 -25 -2 -22
right_child=16 13 6 8 5 -7 -8 12 -10 10 14 -13 -14 -15 15 -17 17 -19 -20 21 25 22 23 26 -26 -27 -28 -29 -30 -31
leaf_value=0.0016843927525143965 -0.00072544877460132282 0.00056421816375127394 -0.0027148557493585079 0.0015734490665865336 -0.0016051187783649072 -0.0049238630547367331 0.011427864929235292 0.0018269203294501561 -0.0042837342057191587 0.005288467892272347 0.0016347006710380628 -0.0055039117754033641 -0.011405326665820116 -0.030100654249147808 -0.002416648160695198 0.0077787858715986456 -0.0065884549909729978 -1.6056234667161107e-05 -0.0073386317381131773 0.0059729557117214052 -0.0033106469005367875 -0.026328817860619465 0.0017382704161018237 -0.0042140632212887665 0.016845817781018558 -0.01169522397720303 -0.028497188628616634 0.014104401589475575 0.0046590426567957683 0.00077401359303307484
leaf_weight=2052 10995 2658 224 407 2494 939 63 97 88 114 94 118 682 235 157 103 2795 1355017 3995 9936 1576 198 1959 1090 916 116 2554 771 3929 808
leaf_count=2052 10995 2658 224 407 2494 939 63 97 88 114 94 118 682 235 157 103 2795 1355017 3995 9936 1576 198 1959 1090 916 116 2554 771 3929 808
internal_value=0 -0.00482093 -0.00835758 -0.00431488 -0.00878013 -0.0174253 -0.0332585 -0.0394388 0.0183418 0.0243983 0.0052963 -0.0287127 -0.0279296 0.00450906 0.0275847 0.0107692 2.98599e-05 -4.19942e-05 0.00254162 0.00377636 -0.00112142 0.00867415 7.8107e-05 0.00178595 0.0149951 -0.0210059 -0.00681573 0.00818943 0.00220954 -0.0172461
internal_weight=0 10525 7632 6566 5485 3433 1066 1003 1081 993 586 232 779 2893 354 260 1.39666e+06 1.35781e+06 38843 34848 17424 17424 7488 7290 2875 2500 4415 1861 14924 2384
internal_count=1407180 10525 7632 6566 5485 3433 1066 1003 1081 993 586 232 779 2893 354 260 1396655 1357812 38843 34848 17424 17424 7488 7290 2875 2500 4415 1861 14924 2384
is_linear=0
shrinkage=0.1


Tree=112
num_leaves=31
num_cat=0
split_feature=6 20 17 2 3 2 0 127 3 3 0 20 123 0 2 18 3 4 0 1 2 0 17 127 123 62 13 64 3 3
split_gain=21.299 40.4159 64.9649 47.3142 47.689 46.8154 38.9731 37.2266 51.1046 56.3051 37.0089 53.0502 36.9048 110.792 32.8087 32.3741 26.8951 37.1832 29.0104 26.9755 30.7478 26.5416 25.2256 24.2611 21.5199 63.2436 107.072 81.6168 47.6139 126.045
threshold=1.4166666666666667 15.500000000000002 1.5000000000000002 938425.29500000004 266008.75000000006 237208.37000000002 538265.50000000012 0.81666666666666676 341610.97500000003 643741.83500000008 1329140.0000000002 19.500000000000004 315.50000000000006 196.50000000000003 76463.35500000001 1.0000000180025095e-35 161130.72000000003 0.42500000000000004 1984771.5000000002 515340.00000000006 37200.115000000005 20361825.500000004 3.5000000000000004 0.86607142857142871 1884886.0000000002 1988932.5000000002 4742494.5000000009 0.0013126698948254642 194857.23000000001 252564.32000000004
decision_type=2 2 2 2 2 2 2 2 2 2 2 2 2 2 2 2 2 2 2 2 2 2 2 2 2 2 2 2 2 2
left_child=1 3 10 4 5 16 -5 8 -6 -10 11 12 13 -3 -12 -4 19 18 -18 20 -1 -9 -21 -22 -2 26 28 -27 -26 -30
right_child=24 2 15 6 7 -7 -8 21 9 -11 14 -13 -14 -15 -16 -17 17 -19 -20 22 23 -23 -24 -25 25 27 -28 -29 29 -31
leaf_value=0.0014286639242168777 0.00015760225403732564 -0.0046014941993296476 0.004851203115553396 -0.024812696642484002 0.0043447084093195349 -0.0047302230190313238 -0.0029927928932251381 0.0073520191047277824 -0.0036987656879907873 0.013275129397028546 0.0028054696602539233 -0.00066542402066172631 -0.0027665948197118984 0.00022089251914520492 -0.00076928028880035712 -0.0061858684512500206 0.011570622443996703 -0.026962339632754836 -0.00027971503707648304 0.00079433795940673244 -0.0031101253732690685 -0.0045184023454922341 -0.0061039955459339101 -0.0081110720054525572 -0.00060015261757766474 0.0096709504641067576 -0.0097990074048792241 -0.0012634246887683596 -0.018681824956013619 -0.00070407481490123282
leaf_weight=1599 1317379 223 493 330 211 244 675 422 476 52 97 336 487 118 627 301 273 32 173 1536 1415 45 105 255 11167 7798 527 54402 2031 3351
leaf_count=1599 1317379 223 493 330 211 244 675 422 476 52 97 336 487 118 627 301 273 32 173 1536 1415 45 105 255 11167 7798 527 54402 2031 3351
internal_value=0 -0.00448764 -0.0150845 -0.000863929 0.00211372 -0.00175072 -0.0211238 0.0201606 0.00619404 -0.0104298 -0.0251775 -0.0362194 -0.0498189 -0.0245891 -0.00742497 0.00891494 0.000189466 0.0228333 0.0303041 -0.00201496 -0.00726656 0.0422619 0.00844662 -0.0167565 2.77845e-05 -0.00157236 -0.00696299 -9.24518e-05 -0.00554992 -0.0132763
internal_weight=0 10525 2682 7843 6838 5632 1005 1206 739 528 1888 1164 828 341 724 794 5388 478 446 4910 3269 467 1641 1670 1.39666e+06 79276 17076 62200 16549 5382
internal_count=1407180 10525 2682 7843 6838 5632 1005 1206 739 528 1888 1164 828 341 724 794 5388 478 446 4910 3269 467 1641 1670 1396655 79276 17076 62200 16549 5382
is_linear=0
shrinkage=0.1


Tree=113
num_leaves=31
num_cat=0
split_feature=134 134 2 3 4 53 137 5 5 3 20 3 3 3 21 146 62 6 87 53 88 13 91 7 3 0 64 64 64 64
split_gain=20.4901 51.0274 46.5054 44.7146 37.5497 69.4865 57.3036 77.962 50.2416 63.8903 78.0347 95.9628 91.5031 72.6489 50.8784 49.4579 48.5435 60.8497 58.3155 70.6273 58.083 47.1324 45.4491 45.3136 55.3778 69.9382 45.8719 140.341 76.2169 179.625
threshold=175085.00000000003 1127.5000000000002 86482.490000000005 799557.52000000014 122127.36500000002 2.4522727272727276 4530278.0000000009 1.0000000180025095e-35 3.0000000000000004 698444.82000000018 9.5000000000000018 550214.39000000013 270331.48500000004 436596.86500000005 1.5000000000000002 128959.00000000001 575132.50000000012 19.833333333333339 1.0000000180025095e-35 0.00028431452932399179 392101.50000000006 4525000.0000000009 1.0000000180025095e-35 1.0000000180025095e-35 117976.09000000001 580027.50000000012 4.5377890360731883e-06 0.0002807567804118706 0.0015683131222281306 0.0013126698948254642
decision_type=2 2 2 2 2 2 2 2 2 2 2 2 2 2 2 2 2 2 2 2 2 2 2 2 2 2 2 2 2 2
left_child=1 4 -2 -3 6 8 15 -8 9 10 22 12 -12 -14 -11 23 17 18 19 -10 -20 -15 -6 24 25 -1 -25 -28 29 -29
right_child=2 3 -4 -5 5 -7 7 -9 16 14 11 -13 13 21 -16 -17 -18 -19 20 -21 -22 -23 -24 26 -26 -27 27 28 -30 -31
leaf_value=0.0069980160182395506 -0.0096220022760693524 0.0065329133359190109 -0.0011840186682608778 -0.022678546048485737 -0.0037167811258055129 0.025099102792490835 -0.0093415344145726612 0.040451568527956096 -0.019329217090179884 0.027099602551924031 -0.0041562730943551394 -0.0035098193376109869 0.029962612730396788 0.013196382344294154 -0.0053236800232716154 -0.02373691173596168 -0.0018921087482623889 0.020625163708359755 0.019285653962327926 0.019419256457104982 -0.012217126848091495 -0.018004210347562857 -0.027427866013960269 -0.00087214374776288072 0.014360243354309049 -0.020448608275454996 0.011340115205086177 -0.00030114715263689676 0.00041772533279549329 -0.025205041952504989
leaf_weight=153184 17180 72585 121660 1094 159701 1020 678 3017 17132 21815 913 1508 1460 858 5187 5393 26947 1361 1679 1021 3173 90 1217 394665 4276 2174 12306 8350 362751 2785
leaf_count=153184 17180 72585 121660 1094 159701 1020 678 3017 17132 21815 913 1508 1460 858 5187 5393 26947 1361 1679 1021 3173 90 1217 394665 4276 2174 12306 8350 362751 2785
internal_value=0 0.000118581 -0.00116101 0.00267266 -3.89381e-05 -0.00114248 0.000245882 0.0126749 -0.00125134 -0.000511053 -0.0012459 0.0112796 0.0207788 0.0309998 0.00399967 0.000197329 -0.0040321 -0.00726666 -0.00848216 -0.0110851 0.0012564 0.00944425 -0.00162178 0.000252086 0.00178727 0.00147827 -6.17581e-05 0.000713061 0.000367218 -0.00778199
internal_weight=0 1.26834e+06 138840 73679 1.19466e+06 245082 949579 3695 244062 192749 165747 4829 3321 2408 27002 945884 51313 24366 23005 18153 4852 948 160918 940491 159634 155358 780857 386192 373886 11135
internal_count=1407180 1268340 138840 73679 1194661 245082 949579 3695 244062 192749 165747 4829 3321 2408 27002 945884 51313 24366 23005 18153 4852 948 160918 940491 159634 155358 780857 386192 373886 11135
is_linear=0
shrinkage=0.1


Tree=114
num_leaves=31
num_cat=0
split_feature=128 13 8 12 62 64 2 133 134 0 124 67 4 3 13 146 67 62 4 4 3 3 63 4 94 3 6 92 52 92
split_gain=19.9095 34.6479 42.7823 36.5292 24.6628 21.5474 22.3099 20.4198 35.5434 19.9669 41.8173 34.86 26.1003 30.1446 29.1139 26.0677 20.7154 41.6839 35.9546 40.1554 32.5528 29.4409 27.7902 26.7515 25.0839 26.1329 31.3125 31.8409 30.7832 24.1818
threshold=0.18465909090909094 1610.5000000000002 1.0000000180025095e-35 1.0000000180025095e-35 48927.000000000007 0.4285698337702159 225504.39500000002 34.000000000000007 95561.000000000015 42496368.500000007 4.5000000000000009 8.5000000000000018 16815.105000000003 550214.39000000013 134175.50000000003 5816.0000000000009 10.500000000000002 547633.00000000012 10061.770000000002 35023.470000000008 65812.965000000011 188885.29500000001 0.84476001266780887 35696.970000000008 69685.083333333358 333743.86000000004 7.8333333333333348 246.50000000000003 9.0000000000000018 107837.00000000001
decision_type=2 2 2 2 2 2 2 2 2 2 2 2 2 2 2 2 2 2 2 2 2 2 2 2 2 2 2 2 2 2
left_child=7 3 -3 -2 -4 6 -5 9 -9 16 11 15 -12 14 -14 -11 29 18 20 21 -18 -20 -19 -21 25 28 27 -27 -22 -1
right_child=1 2 4 5 -6 -7 -8 8 -10 10 12 -13 13 -15 -16 -17 17 22 19 23 24 -23 -24 -25 -26 26 -28 -29 -30 -31
leaf_value=0.00022449360232927875 0.012590445243450144 -0.015201783547758474 0.0096281089369100719 -0.011894274023920716 -0.0062612334855014279 0.018284862956096725 -0.054229300695775029 0.0025932061002356122 -0.0074277099597063858 -0.027422825333988946 -0.052852649441740597 0.05642372140889023 -0.0090941565006815491 0.008066363630865837 0.073247944659885225 0.14911140496168493 -0.021674228362332151 -0.027789916651910909 -0.023623883371823775 0.038808697988694386 0.029724139129647754 -0.069904844041593639 -0.0011685267861232236 -0.0006075287876308905 0.021239821111169288 -0.0031353094343277467 0.0037803281196200893 -0.019201459173113531 -0.14900458428662358 -0.011114644831364096
leaf_weight=1301390 1642 1820 1237 222 2771 61 106 27664 46496 3461 353 80 83 2371 148 59 7004 113 1367 56 2596 773 59 1022 73 121 332 100 130 3470
leaf_count=1301390 1642 1820 1237 222 2771 61 106 27664 46496 3461 353 80 83 2371 148 59 7004 113 1367 56 2596 773 59 1022 73 121 332 100 130 3470
internal_value=0 -0.0050289 -0.00894858 0.00621869 -0.00317502 -0.0213348 -0.0314844 1.84378e-05 -0.00159635 0.000108806 -0.00539663 -0.012633 0.00341922 0.00688083 0.0413643 -0.0141165 0.000136175 -0.00372556 -0.00310569 -0.0123383 -0.000236756 -0.0202667 -0.0526455 0.00340064 0.00786762 0.00657689 -0.013244 -0.0424095 0.0105978 0.000176856
internal_weight=0 7859 5828 2031 4008 389 328 1.39932e+06 74160 1.32516e+06 6555 3600 2955 2602 231 3520 1.31861e+06 13746 13574 3218 10356 2140 172 1078 3352 3279 553 221 2726 1.30486e+06
internal_count=1407180 7859 5828 2031 4008 389 328 1399321 74160 1325161 6555 3600 2955 2602 231 3520 1318606 13746 13574 3218 10356 2140 172 1078 3352 3279 553 221 2726 1304860
is_linear=0
shrinkage=0.1


Tree=115
num_leaves=31
num_cat=0
split_feature=26 4 6 6 64 13 124 3 53 52 1 124 124 3 123 5 3 64 3 4 4 124 4 0 2 64 4 3 0 20
split_gain=19.3593 26.8687 21.068 41.0714 43.6899 79.7168 33.5419 79.8467 34.7116 41.5258 33.889 33.3947 63.842 206.371 210.972 202.63 104.698 75.2265 64.4504 63.3872 64.889 56.9378 53.371 52.4678 51.8791 51.3227 88.3632 50.6973 51.5448 49.826
threshold=2.5000000000000004 30208.655000000002 35.583333333333336 24.833333333333339 70.276804719396168 7262.5000000000009 12.500000000000002 8806.1000000000004 1.0539861391772351e-05 2.1094872818809895e-07 800.50000000000011 11.500000000000002 10.500000000000002 255741.03500000003 68421.000000000015 3.0000000000000004 50974.075000000004 0.12891274576083217 72446.920000000027 2.1250000000000004 9042.5150000000012 9.5000000000000018 19247.480000000007 142572.00000000003 976981.72000000009 0.0020093307957441743 6645.505000000001 77277.37000000001 3459372.5000000005 17.500000000000004
decision_type=2 2 2 2 2 2 2 2 2 2 2 2 2 2 2 2 2 2 2 2 2 2 2 2 2 2 2 2 2 2
left_child=2 -2 3 6 -5 -6 11 -8 9 10 -9 12 21 14 -14 -16 17 23 25 -19 -21 -1 -20 -17 -15 -18 -27 28 -13 -29
right_child=1 -3 -4 4 5 -7 7 8 -10 -11 -12 27 13 24 15 16 18 19 22 20 -22 -23 -24 -25 -26 26 -28 29 -30 -31
leaf_value=-1.2685362836791211e-05 0.27771480976256113 0.0054295970107583365 -0.0029304346181124432 0.0052071950587397886 -0.0088877537918912296 0.047926203207244798 0.068795160959757684 0.018046988114861141 0.011604059190697347 -0.025301778565414754 -0.0044440116791657457 0.0062783790737450445 0.0081457934266358396 0.016335096827113937 -0.039220907562563467 -0.013250658466944244 -0.045986068230106335 -0.0014826983928445392 0.0019846993195077045 -0.022474957096119665 0.0045980942919394696 0.012312041800252339 -0.026730774915598211 0.012262436688662915 0.0001615901443725143 -0.029653764712277958 0.0023141116261250218 0.0012723050429327527 -0.0095188470800736582 -0.01523590384074551
leaf_weight=1069022 9865 23682 151233 77102 294 313 1469 748 1886 394 26092 9634 4550 1805 987 422 568 1443 561 746 262 1416 1342 1985 998 161 340 16231 530 1099
leaf_count=1069022 9865 23682 151233 77102 294 313 1469 748 1886 394 26092 9634 4550 1805 987 422 568 1443 561 746 262 1416 1342 1985 998 161 340 16231 530 1099
internal_value=0 0.00236405 -6.73631e-05 7.03872e-05 0.00229509 0.0290186 -8.06398e-05 -0.00334749 -0.00449502 -0.00540358 -0.00493047 9.05554e-06 -7.80325e-05 -0.00631456 -0.0114878 -0.0205127 -0.0151304 -0.00608587 -0.0299144 -0.0184176 -0.0376588 1.61762e-05 -0.0188772 0.00647126 0.0183558 -0.0495624 -0.026232 0.00345092 0.00905805 0.000162353
internal_weight=0 33547 1.37363e+06 1.2224e+06 77709 607 1.14469e+06 30589 29120 27234 26840 1.1141e+06 1.08661e+06 16170 13367 8817 7830 4858 2972 2451 1008 1.07044e+06 1903 2407 2803 1069 501 27494 10164 17330
internal_count=1407180 33547 1373633 1222400 77709 607 1144691 30589 29120 27234 26840 1114102 1086608 16170 13367 8817 7830 4858 2972 2451 1008 1070438 1903 2407 2803 1069 501 27494 10164 17330
is_linear=0
shrinkage=0.1


Tree=116
num_leaves=31
num_cat=0
split_feature=146 146 0 26 2 4 123 134 134 4 134 20 88 134 2 64 123 138 4 3 138 1 2 62 20 62 4 3 62 3
split_gain=19.1309 29.8359 22.8429 18.8685 19.5303 27.2292 25.2963 20.8129 53.6368 41.0774 32.7425 20.8144 24.043 20.4186 30.2676 18.867 76.3107 45.1065 41.2248 77.7698 67.2427 55.8737 85.1523 125.845 93.2747 83.4494 78.2136 76.0865 66.0517 81.3075
threshold=932488.50000000012 2601971.0000000005 2889245.0000000005 72949.000000000015 2489761.5900000003 2539.7350000000001 4947216.5000000009 4931993.5000000009 18050.000000000004 3833941.1000000006 58669927.000000007 13.500000000000002 164362.50000000003 9870403.5000000019 591228.13500000013 2.4099935948714939 3809396.0000000005 15.500000000000002 111957.73500000002 633520.7300000001 8.5000000000000018 530043.00000000012 598677.14000000025 3320774.0000000005 17.500000000000004 1009031.0000000001 18097.390000000003 598559.18000000005 856800.50000000012 21182.050000000003
decision_type=2 2 2 2 2 2 2 2 2 2 2 2 2 2 2 2 2 2 2 2 2 2 2 2 2 2 2 2 2 2
left_child=3 -2 -3 4 13 -6 7 8 11 -10 -9 12 -7 15 -15 -1 17 18 19 21 -20 25 23 24 28 27 -25 -17 29 -23
right_child=1 2 -4 -5 5 6 -8 10 9 -11 -12 -13 -14 14 -16 16 -18 -19 20 -21 -22 22 -24 26 -26 -27 -28 -29 -30 -31
leaf_value=0.00014141013410227111 0.032423728601711457 -0.019161447713566437 0.069605607805536013 0.064303180678564872 -0.038521648864926795 0.0062790084430413562 0.014635124134585462 0.066184773445137277 -0.081577227962403243 -0.011344061326104528 -0.0078334220473797681 -0.02770089042535813 -0.050463381277030608 -0.09321058809704752 -0.006444240728434459 -6.3831312325775288e-05 -0.022862546668799544 -0.019648899035935079 -0.011585446337028869 -0.015703411273023018 0.026608343918879326 -0.011460272833478127 0.01096160525265602 -0.0013490151739416812 -0.037650748543210197 -0.027737158754449598 -0.026341884400111072 -0.010394555575921428 -0.00012622451269727551 0.0076121412596945603
leaf_weight=1268843 2108 92 80 15729 677 3323 737 841 544 511 3184 707 264 1303 10753 35032 1298 1263 13917 3783 894 1770 5167 2653 723 266 1200 3264 12446 13808
leaf_count=1268843 2108 92 80 15729 677 3323 737 841 544 511 3184 707 264 1303 10753 35032 1298 1263 13917 3783 894 1770 5167 2653 723 266 1200 3264 12446 13808
internal_value=0 0.00914581 -0.0309015 -2.17108e-05 -6.07067e-05 -0.004299 -0.002999 -0.0044015 -0.00848892 -0.0286912 0.00103046 -0.0035254 -0.000434425 -2.75354e-05 -0.0041249 8.61826e-06 -0.00133202 -0.001007 -0.00075721 0.000138849 -0.00560395 0.000832483 0.00356638 0.00167599 0.00395063 -0.00184505 -0.015295 -0.00145735 0.00486556 0.00920502
internal_weight=0 2280 172 1.4049e+06 1.38917e+06 10788 10111 9374 5349 1055 4025 4294 3587 1.37838e+06 12056 1.36633e+06 97484 96186 94923 80112 14811 76329 37767 32600 28747 38562 3853 38296 28024 15578
internal_count=1407180 2280 172 1404900 1389171 10788 10111 9374 5349 1055 4025 4294 3587 1378383 12056 1366327 97484 96186 94923 80112 14811 76329 37767 32600 28747 38562 3853 38296 28024 15578
is_linear=0
shrinkage=0.1


Tree=117
num_leaves=31
num_cat=0
split_feature=99 109 4 2 13 147 146 4 141 5 2 13 2 1 62 20 20 2 4 2 2 3 3 20 1 64 3 13 20 20
split_gain=18.8539 18.7027 34.1028 22.3903 27.32 18.27 28.5586 23.8289 18.9514 42.3195 38.4012 85.8222 51.6693 34.2665 44.9985 38.8888 40.8396 50.0675 35.3728 37.575 34.8021 33.607 46.0685 36.4072 48.848 52.9806 43.3807 40.3799 45.4868 48.6137
threshold=1.0000000180025095e-35 1.0000000180025095e-35 4420.6800000000012 68892.330000000016 586902.50000000012 9.5000000000000018 2601971.0000000005 22796.485000000004 0.86607142857142871 1.5000000000000002 1.655 44.500000000000007 1.8050000000000004 517493.50000000006 509089.00000000006 14.500000000000002 11.500000000000002 839.36500000000012 242327.32000000004 95506.540000000023 15083.285000000002 96.445000000000007 132.60000000000002 1.0000000180025095e-35 58824.500000000007 13660.523155120483 241903.70000000004 9329.5000000000018 8.5000000000000018 7.5000000000000009
decision_type=2 2 2 2 2 2 2 2 2 2 2 2 2 2 2 2 2 2 2 2 2 2 2 2 2 2 2 2 2 2
left_child=1 5 3 4 -3 8 7 -7 -1 -10 11 -11 -12 14 15 16 21 -18 19 20 -15 -14 -23 24 26 -26 -24 -25 29 -29
right_child=-2 2 -4 -5 -6 6 -8 -9 9 10 12 -13 13 18 -16 -17 17 -19 -20 -21 -22 22 23 27 25 -27 -28 28 -30 -31
leaf_value=-0.00020846152831277553 0.017979750059210934 0.059413534678459827 -0.017902213107981846 -0.0013915682831997956 0.020083904240441132 -0.011843354550991303 -0.021048987115331843 0.023000613779826675 0.012737588424899471 -0.0034321669926712373 0.10706225072284609 -0.032605650556349411 0.013989908981125532 0.071577522584166317 -0.013390045781878435 0.017775204833529994 -0.028768374736775557 -0.0050320306767100758 -0.031078226704629265 0.006344073318540578 -0.00062267097505432035 -0.015690234782330937 0.00104265608997276 0.0028989760608560235 0.016998042932430901 -0.0023442258405987552 -0.019308411928719335 -0.0060178238681647556 0.039823727908000095 -0.033820542630310375
leaf_weight=1270275 216 1472 490 789 140 4112 128 6804 19205 7997 3027 401 6018 464 562 5753 901 1791 1377 15002 9855 1680 4387 12468 3457 442 345 24528 1358 1736
leaf_count=1270275 216 1472 490 789 140 4112 128 6804 19205 7997 3027 401 6018 464 562 5753 901 1791 1377 15002 9855 1680 4387 12468 3457 442 345 24528 1358 1736
internal_value=0 -1.79013e-05 0.00801702 0.0129235 0.0196795 -3.44453e-05 0.00401682 0.00456748 -6.6564e-05 0.00111995 0.000320322 -0.00616182 0.000892433 0.000470028 -0.000761977 -0.000517865 -0.00128174 -0.013315 0.00348917 0.00433801 -0.000306768 -0.000707583 -0.00155093 -0.000989526 0.00490194 0.0131897 -0.00192691 -0.0022579 -0.00439014 -0.00531289
internal_weight=0 1.40696e+06 2891 2401 1612 1.40407e+06 11044 10916 1.39303e+06 122754 103549 8398 95151 92124 65426 64864 59111 2692 26698 25321 10319 56419 50401 48721 8631 3899 4732 40090 27622 26264
internal_count=1407180 1406964 2891 2401 1612 1404073 11044 10916 1393029 122754 103549 8398 95151 92124 65426 64864 59111 2692 26698 25321 10319 56419 50401 48721 8631 3899 4732 40090 27622 26264
is_linear=0
shrinkage=0.1


Tree=118
num_leaves=31
num_cat=0
split_feature=64 123 138 63 2 64 6 4 2 124 138 2 1 62 4 3 2 62 1 0 4 20 3 137 6 6 137 137 13 1
split_gain=18.3695 68.8546 38.0543 35.5575 32.258 30.9454 30.4066 29.7223 53.7879 57.6568 69.0387 56.2202 51.6077 46.7018 71.1694 57.8564 53.5177 95.168 82.8966 101.254 78.5723 74.6783 73.9432 71.7502 70.0818 55.7296 68.3011 63.5926 82.8776 56.9752
threshold=2.4099935948714939 3809396.0000000005 15.500000000000002 0.99839587491026582 368601.38000000006 2.505468970735619 4.416666666666667 111957.73500000002 486622.24500000005 9.5000000000000018 8.5000000000000018 1334025.6200000003 2361974.0000000005 3320774.0000000005 4977.6200000000008 633520.7300000001 152049.20000000004 2106217.5000000005 27584870.500000004 460963.00000000006 4420.6800000000012 3.5000000000000004 598559.18000000005 175301.50000000003 5.7500000000000009 8.4166666666666696 27.500000000000004 63122.000000000007 48313.500000000007 2786493.5000000005
decision_type=2 2 2 2 2 2 2 2 2 2 2 2 2 2 2 2 2 2 2 2 2 2 2 2 2 2 2 2 2 2
left_child=-1 2 3 4 6 -4 -2 13 12 10 -10 -11 -9 16 15 -15 17 23 19 22 -21 -22 -18 25 -19 26 -5 28 -28 -30
right_child=1 -3 5 7 -6 -7 -8 8 9 11 -12 -13 -14 14 -16 -17 18 24 -20 20 21 -23 -24 -25 -26 -27 27 -29 29 -31
leaf_value=0.00011262643523297439 0.035693607126746234 -0.020555445849088329 -0.027973092410656954 -0.0021979984714245913 -0.015913413120728314 -0.016212423399266283 0.0096932511472201111 -0.0044553042722745772 -0.012421014898729555 0.045231956135354738 0.040376418362360104 -0.0413406494983692 -0.038983046085192902 0.001918658627267056 -0.013580139891698595 -0.012856031334181528 0.0013908544310846805 -0.0088201162101152041 -0.024973772503915193 0.013042008220295052 -0.00062851661642717804 0.015320606553582583 -0.0090142830556219633 0.022619101050545976 -0.0030809196035235195 -0.0043146213831292361 0.0014357340327107726 -0.0076760938332596429 0.0066787588044200695 0.036940350735419347
leaf_weight=1309298 485 1298 59 11336 559 1205 1756 4014 6081 830 584 261 2460 3202 2829 951 9415 392 3548 5761 6515 3501 3465 281 494 11334 13851 756 439 220
leaf_count=1309298 485 1298 59 11336 559 1205 1756 4014 6081 830 584 261 2460 3202 2829 951 9415 392 3548 5761 6515 3501 3465 281 494 11334 13851 756 439 220
internal_value=0 -0.001334 -0.00102654 -0.000797961 0.0103043 -0.0182638 0.0156651 -0.00113396 -0.00533807 0.000278969 -0.00320937 0.0215895 -0.0120674 -0.000369818 -0.00817518 0.000157647 0.000394431 -0.00209177 0.00341315 0.00519834 0.0105691 0.005217 -0.00138044 -0.00134062 -0.0344923 -0.00171353 0.000788263 0.00515467 0.00662789 0.0412763
internal_weight=0 97882 96584 95320 2800 1264 2241 92520 14230 7756 6665 1091 6474 78290 6982 4153 71308 39103 32205 28657 15777 10016 12880 38217 886 37936 26602 15266 14510 659
internal_count=1407180 97882 96584 95320 2800 1264 2241 92520 14230 7756 6665 1091 6474 78290 6982 4153 71308 39103 32205 28657 15777 10016 12880 38217 886 37936 26602 15266 14510 659
is_linear=0
shrinkage=0.1


Tree=119
num_leaves=31
num_cat=0
split_feature=99 106 105 29 62 2 64 17 129 5 2 122 123 100 3 3 20 3 0 20 127 20 20 20 20 127 123 4 2 3
split_gain=18.21 17.8759 20.403 17.8674 22.5146 46.9791 17.6786 17.6625 32.8609 32.4737 108.551 80.5573 32.7945 30.5631 34.7665 58.3129 59.3 64.2811 85.959 64.268 56.6994 30.6085 29.6032 82.3197 29.874 29.612 26.8723 26.8067 26.3928 25.305
threshold=1.0000000180025095e-35 6.5000000000000009 2171069.5000000005 342780.00000000006 384628.00000000006 319004.89000000007 6.6522883457863005 2.5000000000000004 0.07417582417582419 3.0000000000000004 346600.62500000006 1.0000000180025095e-35 3320563.0000000005 0.77500000000000013 175514.91500000001 83091.910000000018 4.5000000000000009 87667.890000000014 2879.5000000000005 6.5000000000000009 0.78888888888888908 2.5000000000000004 3.5000000000000004 2.5000000000000004 1.0000000180025095e-35 0.74166666666666681 853870.00000000012 1.6150000000000004 327112.48500000004 266008.75000000006
decision_type=2 2 2 2 2 2 2 2 2 2 2 2 2 2 2 2 2 2 2 2 2 2 2 2 2 2 2 2 2 2
left_child=1 2 3 7 5 -5 -3 -1 9 10 12 -12 13 14 15 21 17 -17 -19 20 -18 -9 23 24 -16 -24 28 -10 -11 -27
right_child=-2 6 -4 4 -6 -7 -8 8 27 26 11 -13 -14 -15 22 16 19 18 -20 -21 -22 -23 25 -25 -26 29 -28 -29 -30 -31
leaf_value=4.1710678778605906e-05 0.016170512409766545 0.032168893229117632 -0.02062042319982298 0.042530520949302958 0.077545648078397145 -0.04748160109687509 -0.055991258153519519 -0.0039799195813115199 0.0041452747600188135 -0.00056368126889157634 0.0021185461680997162 -0.010718312447639806 -0.0083310827699293044 -0.043114723850488673 -0.0032557287542159322 -0.013019878817912962 -0.0060423884530817701 -0.010234996034062919 0.0061681834529885137 -0.010810004562006929 -0.018168429075219896 0.0023011530767163449 0.0001917810510701786 -0.0067714457221568561 0.016071434863491347 0.0056760894167933885 -0.003362808891122808 -0.0006731575282277136 0.0053976377039221431 0.010221737319279299
leaf_weight=1354790 216 2728 495 318 502 398 122 8232 3765 10126 443 1032 74 114 96 261 462 427 1063 919 328 8117 330 425 222 377 1452 6004 3236 106
leaf_count=1354790 216 2728 495 318 502 398 122 8232 3765 10126 443 1032 74 114 96 261 462 427 1063 919 328 8117 330 425 222 377 1452 6004 3236 106
internal_value=0 -1.2942e-05 -2.90008e-05 -2.18423e-05 0.0120847 0.000700442 0.00789879 -3.23569e-05 -0.00192545 -0.00326028 -0.00560984 -0.0318548 -0.00381374 -0.00358478 -0.00330923 -0.00443982 -0.0162337 -0.00330021 0.0047189 -0.0294851 -0.0504007 -0.00194382 0.0110839 -0.0033444 0.0351359 0.0242699 0.000392059 0.00324523 0.00179605 0.040045
internal_weight=0 1.40696e+06 1.40411e+06 1.40362e+06 1218 716 2850 1.4024e+06 47611 37842 23028 1475 21553 21479 21365 19809 3460 1751 1490 1709 790 16349 1556 743 318 813 14814 9769 13362 483
internal_count=1407180 1406964 1404114 1403619 1218 716 2850 1402401 47611 37842 23028 1475 21553 21479 21365 19809 3460 1751 1490 1709 790 16349 1556 743 318 813 14814 9769 13362 483
is_linear=0
shrinkage=0.1


Tree=120
num_leaves=31
num_cat=0
split_feature=29 8 62 2 146 138 1 6 20 5 2 4 94 2 90 123 20 0 20 1 123 2 20 2 123 6 123 5 13 2
split_gain=18.2758 24.0492 41.9095 18.3457 64.1393 59.6147 96.3216 114.299 116.009 106.219 96.9088 78.3906 71.3229 56.5647 55.2659 73.5953 60.4922 126.451 114.962 111.214 66.1846 66.0821 79.3571 69.8839 63.3387 57.658 85.7043 75.6391 55.2786 327.887
threshold=381020.00000000006 1.0000000180025095e-35 384628.00000000006 46533.42500000001 203933.00000000003 5.5000000000000009 200007.00000000003 6.416666666666667 6.5000000000000009 3.0000000000000004 54639.875000000007 10866.050000000001 0.028174007265464148 187143.75000000003 0.43046762652118048 471.00000000000006 14.500000000000002 638616.00000000012 6.5000000000000009 313296.00000000006 553878.50000000012 8.3150000000000031 20.500000000000004 1.0950000000000004 718510.00000000012 16.416666666666668 68421.000000000015 3.0000000000000004 1550.5000000000002 35.420000000000009
decision_type=2 2 2 2 2 2 2 2 2 2 2 2 2 2 2 2 2 2 2 2 2 2 2 2 2 2 2 2 2 2
left_child=3 -2 -3 4 14 -5 10 8 9 -8 11 -7 -12 -10 16 -16 18 21 24 25 -21 23 -23 -18 28 27 -27 -20 -1 -30
right_child=1 2 -4 5 -6 6 7 -9 13 -11 12 -13 -14 -15 15 -17 17 -19 19 20 -22 22 -24 -25 -26 26 -28 -29 29 -31
leaf_value=0.0061202025552940858 0.081424867375411297 -0.031099220548413988 0.070407951098342123 -6.5535804253879601e-05 -0.0451386494829389 0.009246573327735241 0.017871915852661163 0.00054162726338891727 -0.025410569744709999 -0.0014687076796076881 -0.0098209212553858425 -0.029028139730396425 0.035302127160997468 -0.02820992302100004 -0.025278218565859375 -0.12964263467979606 0.0071689461420623825 -0.03187869830686501 -0.0033728859270591438 -0.024057813732597657 0.0057170058950571263 0.053828216543765572 0.00041671379400258783 -0.024706696890137995 -0.02946786004218134 0.034308163161389051 -0.04205208835458274 -0.029960629745983555 -0.083421314834006208 8.4467730347981274e-06
leaf_weight=203361 152 501 500 839824 882 278 944 41304 2055 5419 8875 759 341 2705 2546 424 465 2798 43459 2842 147 18156 8674 1217 120 9020 223 13525 579 195085
leaf_count=203361 152 501 500 839824 882 278 944 41304 2055 5419 8875 759 341 2705 2546 424 465 2798 43459 2842 147 18156 8674 1217 120 9020 223 13525 579 195085
internal_value=0 0.0125752 0.0069474 -1.98676e-05 0.000463731 -0.000289676 -0.00326464 -0.00153105 -0.0105287 -0.00169572 -0.012129 -0.0411117 -0.00886787 -0.0223363 0.000511009 -0.0130898 0.000591851 0.00484741 0.000307366 -0.0034549 -0.0223231 0.00683822 0.00804362 -0.0123894 0.000959782 -0.00260332 0.00472293 -0.00379167 0.000981628 -0.000218304
internal_weight=0 1153 1001 1.40603e+06 503523 902504 62680 52427 11123 6363 10253 1037 9216 4760 502641 2970 499671 31310 468361 69216 2989 28512 26830 1682 399145 66227 9243 56984 399025 195664
internal_count=1407180 1153 1001 1406027 503523 902504 62680 52427 11123 6363 10253 1037 9216 4760 502641 2970 499671 31310 468361 69216 2989 28512 26830 1682 399145 66227 9243 56984 399025 195664
is_linear=0
shrinkage=0.1


Tree=121
num_leaves=31
num_cat=0
split_feature=2 0 13 20 20 5 20 20 6 13 5 20 0 5 13 2 20 20 13 0 5 2 20 5 0 137 2 5 0 137
split_gain=19.2713 114.352 56.2934 54.4413 34.4683 60.8745 34.2603 96.7729 31.9915 38.092 80.2734 64.1176 36.401 29.3349 28.9598 28.5928 103.359 139.487 83.315 33.7186 27.7907 24.2481 23.1701 27.1984 104.8 31.7876 22.9753 117.371 54.8354 61.2697
threshold=1.5050000000000001 45.500000000000007 3.5000000000000004 6.5000000000000009 9.5000000000000018 1.5000000000000002 9.5000000000000018 6.5000000000000009 7.8333333333333348 44.500000000000007 1.0000000180025095e-35 5.5000000000000009 4.5000000000000009 1.0000000180025095e-35 1.5000000000000002 2.6400000000000001 5.5000000000000009 1.0000000180025095e-35 35.500000000000007 138.50000000000003 1.5000000000000002 1.2050000000000003 12.500000000000002 1.0000000180025095e-35 74.500000000000014 67.500000000000014 260.29000000000002 1.5000000000000002 13293.500000000002 6370.5000000000009
decision_type=2 2 2 2 2 2 2 2 2 2 2 2 2 2 2 2 2 2 2 2 2 2 2 2 2 2 2 2 2 2
left_child=1 2 3 13 5 -5 7 8 9 10 -4 -11 -12 14 -1 16 17 18 -2 -19 -13 -8 23 24 -18 -25 27 -17 29 -29
right_child=15 -3 6 4 -6 -7 21 -9 -10 11 12 20 -14 -15 -16 26 22 19 -20 -21 -22 -23 -24 25 -26 -27 -28 28 -30 -31
leaf_value=0.86305589416265716 0.0033034264636306434 -0.019214950348099891 -0.05845390027115669 0.82286678764511767 -0.0027962021739181037 -0.059708033023163611 0.0050033186055743733 -0.01620922979874943 -0.038602158279295473 0.012196526582764912 0.0252002646669101 0.19869664956939445 -0.0040955053970660764 0.075647651388516618 -0.089875773535705722 0.16954038325422791 0.12222038753779965 0.091858796767980838 -0.017533717675042481 0.11447327310358452 -0.012038906697989689 -0.057970020017007733 -0.022677113790673949 -0.0053036785994201065 -0.06235781359102302 0.029589638343113012 8.7130424749104487e-05 -0.0088140196067920135 -0.034055881490608619 0.08375449278497403
leaf_weight=2209 2477 1368 396 216 2551 228 6448 1856 427 402 2155 1141 7947 2871 55 14244 595 8449 1318 683 1325 61 959 1730 348 1438 1301417 39516 755 1595
leaf_count=2209 2477 1368 396 216 2551 228 6448 1856 427 402 2155 1141 7947 2871 55 14244 595 8449 1318 683 1325 61 959 1730 348 1438 1301417 39516 755 1595
internal_value=0 -0.00245409 -0.00117676 0.00594051 -0.00477446 -0.0304888 -0.00378816 -0.00632414 -0.00343948 -0.00257869 -0.005369 0.00763494 -0.00363768 0.01219 0.00367865 4.14704e-05 0.00400122 0.00874725 -0.00736642 0.0154436 0.00159801 0.00230884 -0.00809974 -0.00483464 -0.0197432 -0.000396905 -1.10248e-05 -0.0019923 -0.00466005 -0.0041696
internal_weight=0 31656 30288 8130 2995 444 22158 15649 13793 13366 10498 2868 10102 5135 2264 1.37552e+06 17997 12927 3795 9132 2466 6509 5070 4111 943 3168 1.35753e+06 56110 41866 41111
internal_count=1407180 31656 30288 8130 2995 444 22158 15649 13793 13366 10498 2868 10102 5135 2264 1375524 17997 12927 3795 9132 2466 6509 5070 4111 943 3168 1357527 56110 41866 41111
is_linear=0
shrinkage=0.1


Tree=122
num_leaves=31
num_cat=0
split_feature=76 76 1 20 4 20 20 13 12 92 94 13 2 5 63 64 4 62 2 5 123 6 0 138 4 4 20 20 5 8
split_gain=18.1863 43.2735 45.8076 54.4628 35.9868 28.3579 46.4345 31.0074 28.7351 21.4729 20.9501 20.6303 19.577 61.1493 83.4625 76.9054 82.095 67.8276 59.9221 98.5096 145.211 155.136 114.347 153.816 129.034 111.476 88.2739 110.109 115.405 107.834
threshold=9.5000000000000018 11.500000000000002 2.5000000000000004 7.5000000000000009 1371.9300000000001 4.5000000000000009 6.5000000000000009 1.5000000000000002 1.0000000180025095e-35 43.02272727272728 1614.6594202898552 82159.000000000015 46533.42500000001 1.5000000000000002 41.348205657379658 1.5554046321503709 2378.0100000000002 2510.5000000000005 13697.675000000001 3.0000000000000004 68358.500000000015 10.41666666666667 638616.00000000012 4.5000000000000009 156.45000000000002 18097.390000000003 14.500000000000002 11.500000000000002 3.0000000000000004 1.0000000180025095e-35
decision_type=2 2 2 2 2 2 2 2 2 2 2 2 2 2 2 2 2 2 2 2 2 2 2 2 2 2 2 2 2 2
left_child=12 2 3 4 -2 11 7 -7 -8 -6 -4 -3 13 15 18 17 -17 -1 26 20 -20 -22 25 -24 -25 -21 27 28 29 -15
right_child=1 5 10 -5 9 6 8 -9 -10 -11 -12 -13 -14 14 -16 16 -18 -19 19 22 21 -23 23 24 -26 -27 -28 -29 -30 -31
leaf_value=0.0098854759125277525 -0.0088491572721620445 0.013998421649935033 0.014172397926039984 0.015537686354346887 -0.055400575034516578 -0.079826083109993465 -0.0075774435424782686 -0.018464749772537672 0.026162205965889765 -0.1523380553313988 -0.048499012262702583 -0.024797156613013599 -0.00022639630156845187 -0.00074459766912315928 0.027428179238073658 -0.0029871804164643967 -0.052892717432731565 0.054427607697884954 0.00096361675237087983 0.012482490152091697 -0.0026571405101169401 -0.029203735304637737 -0.0051989787867136039 0.064716210226836088 -0.0036993059285447775 -0.0072255281955419422 0.02630846951626023 -0.022311418604914542 -0.012695012306205478 0.078389399373314086
leaf_weight=108860 262 7179 1572 242 731 1301 5023 1312 1146 231 804 465 893346 152695 3291 6642 1501 14213 63391 40597 5651 1229 7698 2125 2320 2909 11888 8077 53829 6650
leaf_count=108860 262 7179 1572 242 731 1301 5023 1312 1146 231 804 465 893346 152695 3291 6642 1501 14213 63391 40597 5651 1229 7698 2125 2320 2909 11888 8077 53829 6650
internal_value=0 -0.00297773 -0.0125319 -0.0264329 -0.0350033 -0.000743036 -0.00461949 -0.0157923 0.000112963 -0.0439517 -0.00395493 0.00371052 3.95585e-05 0.000545017 -0.000124794 0.00239469 -0.00701715 0.00301741 -0.000270093 0.00148771 -0.00100133 -0.0147998 0.00463076 -0.00394938 0.0108618 0.00702557 -0.0012195 -0.00167054 -0.0012363 0.000116033
internal_weight=0 20268 3842 1466 1224 16426 8782 2613 6169 962 2376 7644 1.38691e+06 493566 362350 131216 8143 123073 359059 125920 70271 6880 55649 12143 4445 43506 233139 221251 213174 159345
internal_count=1407180 20268 3842 1466 1224 16426 8782 2613 6169 962 2376 7644 1386912 493566 362350 131216 8143 123073 359059 125920 70271 6880 55649 12143 4445 43506 233139 221251 213174 159345
is_linear=0
shrinkage=0.1


Tree=123
num_leaves=31
num_cat=0
split_feature=6 3 62 138 63 3 4 64 5 2 1 1 123 13 64 0 4 4 2 3 63 62 64 4 3 63 62 20 127 123
split_gain=19.1189 96.1128 237.34 119.777 109.371 106.784 104.47 79.9582 77.2739 127.899 139.02 138.224 77.0277 76.9192 81.8661 76.5888 73.2315 67.3519 67.3348 63.7801 59.4613 57.9571 81.52 56.1385 54.1859 53.9272 53.2164 51.9249 62.3237 51.2541
threshold=5.416666666666667 151421.72500000003 1169912.5000000002 4.5000000000000009 39.126824869525763 215425.28500000003 59817.855000000003 0.21795015435757678 3.0000000000000004 80942.62000000001 530043.00000000012 238761.00000000003 179444.00000000003 528828.50000000012 0.27309061179204847 5777196.5000000009 1574.0250000000003 11723.540000000003 88465.965000000011 110124.39500000002 18797.914285714291 221757.50000000003 70.276804719396168 1275.1900000000003 2704460.9750000006 24.957078838474704 517515.00000000006 23.500000000000004 0.60555555555555574 3526762.5000000005
decision_type=2 2 2 2 2 2 2 2 2 2 2 2 2 2 2 2 2 2 2 2 2 2 2 2 2 2 2 2 2 2
left_child=1 2 3 8 7 6 -3 23 21 11 12 -10 17 16 -15 18 -13 19 -9 25 -5 22 27 29 -7 -11 -18 -1 -29 -4
right_child=-2 5 4 20 -6 24 -8 15 9 10 -12 13 -14 14 -16 -17 26 -19 -20 -21 -22 -23 -24 -25 -26 -27 -28 28 -30 -31
leaf_value=-0.0010188282993394693 -0.00030239292333444239 0.0064447832327351427 -0.0039256893655420849 0.038100120421390139 -0.0034887059884594162 0.0014119662084903118 0.0035856532441149859 -0.016413937332887079 0.020496107872415528 0.0021091934016309265 0.0042181688133834166 0.011066169679316208 -0.0096037426636770284 -0.0095279370859716831 0.0085689048540477514 -0.012967107533396985 -0.003278107977543865 0.0021808285204006194 0.0013990891198734671 -0.014969690012466397 -0.0048958039329859886 -0.0062576320504268649 0.024360444743039181 -0.0030526025146816148 -0.030715826676597804 -0.016970737017300341 0.011187172338238042 -0.018362841944384544 0.0089692185394953938 -0.01564848353972768
leaf_weight=202466 1062743 6531 1122 10712 1087 72694 10111 65 8886 2121 4754 1826 1522 265 696 351 4120 2822 2603 2037 133 933 1079 1551 1316 291 609 1377 208 149
leaf_count=202466 1062743 6531 1122 10712 1087 72694 10111 65 8886 2121 4754 1826 1522 265 696 351 4120 2822 2603 2037 133 933 1079 1551 1316 291 609 1377 208 149
internal_value=0 0.0006472 -0.00035117 0.000161141 -0.0186057 0.00344219 0.01068 -0.0131855 -0.000311043 0.00443529 -0.00275539 0.0103743 -0.010204 0.000392668 0.0268136 -0.0018736 -0.0034808 -0.00592186 0.00390353 -0.0135871 0.0104369 -0.00100087 -0.000887766 -0.025287 0.00181468 -0.00258391 -0.0100487 -0.00103273 -0.0190621 -0.0408677
internal_weight=0 344437 253785 246857 6928 90652 16642 5841 236012 29949 13547 16402 8793 7516 961 3019 6555 7271 2668 4449 10845 206063 205130 2822 74010 2412 4729 204051 1585 1271
internal_count=1407180 344437 253785 246857 6928 90652 16642 5841 236012 29949 13547 16402 8793 7516 961 3019 6555 7271 2668 4449 10845 206063 205130 2822 74010 2412 4729 204051 1585 1271
is_linear=0
shrinkage=0.1


Tree=124
num_leaves=31
num_cat=0
split_feature=6 20 20 0 127 18 123 2 0 15 1 1 20 20 6 20 64 62 137 2 4 6 4 3 13 2 123 3 4 18
split_gain=32.356 83.9495 103.739 75.0425 72.6576 58.8172 44.5509 57.1672 43.1497 34.9247 30.3617 27.5623 26.8256 26.6522 22.2785 44.4098 70.2044 85.5839 68.0735 61.9384 60.7115 58.885 58.6634 62.2898 92.3581 68.5421 64.4517 54.8954 52.4209 51.0295
threshold=1.0000000180025095e-35 15.500000000000002 19.500000000000004 1329140.0000000002 0.88194444444444453 1.0000000180025095e-35 461129.00000000006 938425.29500000004 1500048.0000000002 1.0000000180025095e-35 39884425.500000007 1038162.5000000001 22.500000000000004 6.5000000000000009 2.5833333333333335 12.500000000000002 0.0082347612029779315 414619.50000000006 9144582.5000000019 1578071.3050000002 334263.98000000004 2.2500000000000004 117061.83000000002 140024.65000000005 4739747.5000000009 79433.125000000015 212200.00000000003 234791.10500000001 3521.4600000000005 1.0000000180025095e-35
decision_type=2 2 2 2 2 2 2 2 2 2 2 2 2 2 2 2 2 2 2 2 2 2 2 2 2 2 2 2 2 2
left_child=1 6 3 4 -3 -4 7 -1 -5 10 13 -11 -7 -8 15 22 17 19 29 -17 21 -18 23 24 25 26 -2 -25 -28 -19
right_child=14 2 5 8 -6 12 9 -9 -10 11 -12 -13 -14 -15 -16 16 20 18 -20 -21 -22 -23 -24 27 -26 -27 28 -29 -30 -31
leaf_value=-0.00097025590759012301 0.0065873048181880438 0.00057714485328146385 0.0050128528541109052 0.0012447544642503845 -0.0025766225259872349 0.0026202439293363969 0.0039766123630142029 -0.026710931460611476 -0.00074745653232270737 0.0014555336922088546 -0.016606944958229564 -0.0018402575869284504 -0.010289874434417366 -0.00025585667152057536 -4.039373104305355e-05 0.003451397541456873 0.0037357226531998912 0.014505546787228108 0.00046558956604476621 -0.050592810537643751 -0.015729013158199679 -0.077704551494282958 -0.014163566896138777 0.0069711826397060861 -0.011324804720998095 -0.0023549564291372111 0.00047162335665662525 0.0012226601248617119 -0.0057588450184242303 -0.0074943035843647423
leaf_weight=4176 5870 197 496 94 820 205 1177 299 534 560 113 1147 315 323 1357812 1911 6383 1579 644 183 1866 188 3876 2922 104 5783 975 5856 666 106
leaf_count=4176 5870 197 496 94 820 205 1177 299 534 560 113 1147 315 323 1357812 1911 6383 1579 644 183 1866 188 3876 2922 104 5783 975 5856 666 106
internal_value=0 -0.00554667 -0.0208827 -0.0363998 -0.0531836 0.00424111 -0.000311383 -0.00682306 -0.00921973 0.00846565 0.0190167 -0.00150441 -0.0192576 0.0227824 3.69229e-05 0.00239613 0.0072045 0.0174091 0.030599 0.002739 0.00185484 0.00637528 2.25828e-05 0.00200645 -0.00228342 -0.00154907 0.00475148 0.00855416 -0.0127685 0.0411683
internal_weight=0 10456 2661 1645 1017 1016 7795 4475 628 3320 1613 1707 520 1500 1.39672e+06 38912 12860 4423 2329 2094 8437 6571 26052 22176 13398 13294 7511 8778 1641 1685
internal_count=1407180 10456 2661 1645 1017 1016 7795 4475 628 3320 1613 1707 520 1500 1396724 38912 12860 4423 2329 2094 8437 6571 26052 22176 13398 13294 7511 8778 1641 1685
is_linear=0
shrinkage=0.1


Tree=125
num_leaves=31
num_cat=0
split_feature=6 20 20 0 127 18 2 123 0 2 17 0 6 3 62 4 3 138 13 5 62 64 123 123 123 62 20 136 5 2
split_gain=24.8773 62.9055 81.8775 59.6601 56.8404 44.7328 39.6475 43.2881 38.238 25.6596 22.0574 21.9993 21.5596 82.1282 182.393 100.687 103.118 94.9866 81.1684 76.3262 75.8857 73.1731 70.4149 87.7054 111.681 69.3419 69.1244 71.7313 65.1258 103.75
threshold=1.0000000180025095e-35 15.500000000000002 19.500000000000004 1329140.0000000002 0.88194444444444453 1.0000000180025095e-35 1780741.9100000004 461129.00000000006 1500048.0000000002 938425.29500000004 2.5000000000000004 2879.5000000000005 5.416666666666667 151421.72500000003 1169912.5000000002 104898.07500000003 220514.26000000004 4.5000000000000009 1194254.5000000002 3.0000000000000004 153988.50000000003 0.14355860051710326 55163.500000000007 408.50000000000006 471.00000000000006 181237.00000000003 22.500000000000004 1.0000000180025095e-35 3.0000000000000004 80942.62000000001
decision_type=2 2 2 2 2 2 2 2 2 2 2 2 2 2 2 2 2 2 2 2 2 2 2 2 2 2 2 2 2 2
left_child=1 6 3 4 -3 -4 7 9 -5 -1 -9 -7 13 14 17 16 -15 28 -16 -17 -19 -20 23 -18 -25 -22 -21 -28 -2 -30
right_child=12 2 5 8 -6 11 -8 10 -10 -11 -12 -13 -14 15 18 19 22 20 21 26 25 -23 -24 24 -26 -27 27 -29 29 -31
leaf_value=-0.00087323031683110845 -0.0011094858060143483 0.00051943036795332187 0.0045115675686998149 0.0011202790178253504 -0.0023189602733885008 0.004848175961251866 -0.01962513067953502 0.0012837084901697734 -0.00067271087909044082 -0.017097824257788032 -0.0012770175767913214 -0.0081411260790436365 -0.00026811425789669035 0.0069012294336072387 -0.0033917076876891061 0.0063741662832588197 0.0015498252413033967 0.049256185598321761 -0.0040999986985468763 -0.0077405344280114365 -0.012839421793795665 -0.00032059805963734488 0.004822453378246285 -0.01146325245372698 -0.0038611761946678925 -0.0017775189608538724 0.0040713924226152996 0.030822515720374817 0.0050445993894472352 -0.00097870920229981007
leaf_weight=4176 199663 197 496 94 820 112 596 2514 534 117 392 408 1062743 7685 1168 32211 15637 10027 2475 15677 152 3285 9685 328 1585 666 3471 317 16402 13547
leaf_count=4176 199663 197 496 94 820 112 596 2514 534 117 392 408 1062743 7685 1168 32211 15637 10027 2475 15677 152 3285 9685 328 1585 666 3471 317 16402 13547
internal_value=0 -0.0048581 -0.0181335 -0.031919 -0.0468841 0.00418659 -0.000326249 0.0017258 -0.00768422 -0.00465413 0.0111508 -0.0163064 3.78625e-05 0.000738702 -0.000189083 0.00338917 0.00753723 0.000271812 -0.0161859 0.00058613 0.00941705 -0.0113117 0.00465061 0.000873325 -0.019338 -0.0198699 -0.00435774 0.0077654 -0.000160134 0.00418834
internal_weight=0 10456 2661 1645 1017 1016 7795 7199 628 4293 2906 520 1.39672e+06 333981 247385 86596 34920 240457 6928 51676 10845 5760 27235 17550 1913 818 19465 3788 229612 29949
internal_count=1407180 10456 2661 1645 1017 1016 7795 7199 628 4293 2906 520 1396724 333981 247385 86596 34920 240457 6928 51676 10845 5760 27235 17550 1913 818 19465 3788 229612 29949
is_linear=0
shrinkage=0.1


Tree=126
num_leaves=31
num_cat=0
split_feature=75 62 20 3 123 6 20 64 2 123 4 92 20 62 4 123 138 6 63 137 64 13 90 124 20 134 2 53 64 4
split_gain=18.3251 24.5013 24.6836 19.8081 60.0304 52.7962 129.747 55.0369 51.7146 113.963 98.7795 99.9205 81.3278 101.394 62.5049 79.8752 53.7771 110.46 68.5856 64.5624 49.9655 48.5124 47.3946 47.8173 46.7908 46.7534 65.6233 66.595 65.0973 126.364
threshold=6.5000000000000009 1724298.0000000002 20.500000000000004 220514.26000000004 5062483.5000000009 5.7500000000000009 23.500000000000004 1.0003949229956695 453191.53500000003 296789.00000000006 4759.3900000000003 246.50000000000003 13.500000000000002 1618630.5000000002 1.0000000180025095e-35 63879.500000000007 4.5000000000000009 6.416666666666667 0.84476001266780887 2341131.5000000005 0.19119047740461331 589.50000000000011 9.2234180261424665 9.5000000000000018 3.5000000000000004 3472776.5000000005 220309.89500000005 3.5000000000000004 1.0003949229956695 50943.290000000008
decision_type=2 2 2 2 2 2 2 2 2 2 2 2 2 2 2 2 2 2 2 2 2 2 2 2 2 2 2 2 2 2
left_child=3 2 -2 4 25 22 8 -8 9 10 11 -7 13 -12 15 -10 19 -18 -19 -16 -21 -20 23 -5 -15 26 27 -1 -28 -30
right_child=1 -3 -4 5 -6 6 7 -9 14 -11 12 -13 -14 24 16 -17 17 18 21 20 -22 -23 -24 -25 -26 -27 28 -29 29 -31
leaf_value=0.00020945002135923653 -0.0050483690003903185 0.022680589018465962 -0.025321899863440928 0.00071182083696099264 -0.0055389703975682117 0.01116179883329517 -0.032095754650032254 0.021551210738182027 -0.00068232681182471458 -0.010424741204904088 -0.004754125532500009 -0.0071433235609548659 0.020257646481116682 -0.020878502613447137 0.00018317423702673974 -0.04219670208309817 -0.042140738726601228 -0.034937962548814386 -0.050471794049812627 -0.00070214051169932437 0.11457880142119237 0.018739526719849388 0.030832452739065964 0.011215373094003956 0.0025759281687239401 -0.016736624716354776 0.0030977373680393886 -0.03830431209841452 0.019723772667070916 -0.004120008310841315
leaf_weight=911097 24640 432 1542 72817 2546 6027 1217 217 242 8658 68196 2954 3387 2248 200561 192 2230 2763 183 696 964 4336 1508 950 589 6873 73675 2395 1622 1423
leaf_count=911097 24640 432 1542 72817 2546 6027 1217 217 242 8658 68196 2954 3387 2248 200561 192 2230 2763 183 696 964 4336 1508 950 589 6873 73675 2395 1622 1423
internal_value=0 -0.00259172 -0.00298146 5.74818e-05 0.000291311 -0.000556121 -0.00114035 -0.0311494 -0.000998898 -0.00297821 -0.00184458 0.00806215 -0.00304012 -0.00376198 -0.000140077 -0.0380513 -6.23685e-05 -0.00741058 -0.00144717 0.000283274 0.0199235 0.00614141 0.00181618 0.00145742 -0.0222856 0.00033047 0.000387519 0.000151598 0.00319659 0.0175249
internal_weight=0 26614 26182 1.38057e+06 999631 380935 305660 1434 304226 92059 83401 8981 74420 71033 212167 434 211733 9512 7282 202221 1660 4519 75275 73767 2837 997085 990212 913492 76720 3045
internal_count=1407180 26614 26182 1380566 999631 380935 305660 1434 304226 92059 83401 8981 74420 71033 212167 434 211733 9512 7282 202221 1660 4519 75275 73767 2837 997085 990212 913492 76720 3045
is_linear=0
shrinkage=0.1


Tree=127
num_leaves=31
num_cat=0
split_feature=128 13 13 2 8 62 20 3 13 67 62 1 4 4 4 53 3 2 89 63 1 0 2 64 92 3 137 0 137 3
split_gain=18.0479 28.2021 32.6687 33.3592 31.53 20.2429 17.9535 29.9807 31.7085 17.4646 36.288 34.4631 28.5439 31.5568 27.6471 27.0209 26.6141 25.6229 25.5266 24.6086 20.6136 67.9154 49.7123 39.2047 37.5915 38.0223 137.03 89.4577 116.408 84.6579
threshold=0.18465909090909094 1500.5000000000002 1.5000000000000002 225504.39500000002 1.0000000180025095e-35 48927.000000000007 5.5000000000000009 24417.235000000004 100017.00000000001 10.500000000000002 547633.00000000012 5858176.5000000009 10061.770000000002 35023.470000000008 35696.970000000008 24.000000000000004 194857.23000000001 48798.805000000008 0.6361216852496937 0.73279000000000016 1875699.0000000002 2786328.5000000005 384195.30500000011 1.0521192439171625 2761.0000000000005 86002.040000000023 2924306.5000000005 3604435.0000000005 48316.000000000007 123300.37000000001
decision_type=2 2 2 2 2 2 2 2 2 2 2 2 2 2 2 2 2 2 2 2 2 2 2 2 2 2 2 2 2 2
left_child=9 2 3 -2 6 -6 7 8 -3 20 11 12 15 16 -15 17 -14 -11 -13 -12 21 -1 23 -23 25 26 27 -22 -29 -27
right_child=1 4 -4 -5 5 -7 -8 -9 -10 10 19 18 13 14 -16 -17 -18 -19 -20 -21 24 22 -24 -25 -26 29 -28 28 -30 -31
leaf_value=0.0001966455554941737 -0.0021643052946891173 0.006775632406597976 0.0094538770094004139 -0.050834457026551066 0.0073246205078568022 -0.0058078944438553458 -0.00033200435953246733 -0.025275382427550116 -0.016764557631385315 -0.020237107380720955 -0.025546585110256793 0.059904140327883076 -0.0261242087493989 0.036858521953967431 -0.0032683448141503334 -0.085004307679892019 -0.069275212906762376 0.0099078794496041123 -0.011607843035479487 -0.0054714627424026904 0.00054540399805086404 0.0040496881594259092 -0.0036218039943834192 0.031407983800189936 -0.044794240604630949 0.0024816802789789142 -0.034567959865601426 -0.0095380860882547745 0.02430510610142041 -0.00083852000317050112
leaf_weight=1222389 136 421 1796 76 1247 2771 397 811 204 6372 110 183 1518 56 981 384 597 3464 59 62 16132 2330 997 255 237 15441 1377 4436 917 121024
leaf_count=1222389 136 421 1796 76 1247 2771 397 811 204 6372 110 183 1518 56 981 384 597 3464 59 62 16132 2330 997 255 237 15441 1377 4436 917 121024
internal_value=0 -0.00477624 0.0054494 -0.0316758 -0.00828557 -0.00332737 -0.0191541 -0.0243578 -0.00789838 2.93365e-05 -0.00351235 -0.00293567 -0.00361253 -0.0119319 0.00235767 -0.0010467 -0.0189382 -3.0734e-05 0.0344646 -0.0491571 6.45761e-05 0.00020373 0.0139532 0.0212694 -0.00100458 -0.000945382 -0.00471961 -0.00275964 -0.0139614 -0.000313085
internal_weight=0 7859 2008 212 5851 4018 1833 1436 625 1.39932e+06 13786 13614 13372 3152 1037 10220 2115 9836 242 172 1.38554e+06 1.22597e+06 3582 2585 159564 159327 22862 21485 5353 136465
internal_count=1407180 7859 2008 212 5851 4018 1833 1436 625 1399321 13786 13614 13372 3152 1037 10220 2115 9836 242 172 1385535 1225971 3582 2585 159564 159327 22862 21485 5353 136465
is_linear=0
shrinkage=0.1


Tree=128
num_leaves=31
num_cat=0
split_feature=146 1 2 3 64 13 63 5 3 90 2 134 0 2 62 0 20 3 20 136 20 1 137 137 138 6 20 92 4 92
split_gain=17.1661 21.3254 19.1996 18.057 83.6503 107.471 86.3307 85.0557 70.7103 68.7259 64.6515 61.7738 89.2121 177.048 69.1991 67.8022 82.5902 88.973 178.135 146.665 69.6187 67.3064 57.8319 83.5851 220.028 56.0855 57.503 55.4526 101.044 82.206
threshold=932488.50000000012 2725332.0000000005 902065.44500000018 24417.235000000004 1.0003949229956695 13296.500000000002 0.97482274868778007 1.5000000000000002 2129.4150000000004 0.5259092548880312 1.0650000000000002 123656.50000000001 146894.50000000003 42758.095000000008 573259.00000000012 150247.50000000003 2.5000000000000004 19857.690000000006 1.0000000180025095e-35 1.0000000180025095e-35 3.5000000000000004 901438.00000000012 235066.00000000003 112609.00000000001 10.500000000000002 6.5833333333333348 9.5000000000000018 0.00013574071434108297 1.3050000000000004 1.0090702947845809
decision_type=2 2 2 2 2 2 2 2 2 2 2 2 2 2 2 2 2 2 2 2 2 2 2 2 2 2 2 2 2 2
left_child=3 -2 -3 4 7 -6 -7 10 -9 11 -1 12 25 14 15 -14 17 18 19 -17 -18 -19 23 27 -25 26 -10 -12 -29 -30
right_child=1 2 -4 -5 5 6 -8 8 9 -11 22 -13 13 -15 -16 16 20 21 -20 -21 -22 -23 -24 24 -26 -27 -28 28 29 -31
leaf_value=-0.048971236806788387 0.026642474989752852 -0.021205016536864518 0.086044206322634167 -0.00023872914780281862 0.0030288952542122608 0.032721809728286887 -0.018981616258959711 -0.0028809813717621592 0.025288479932741439 -0.072661699710379724 0.02854716684499934 -0.0073657476355583288 -0.070150715068030653 0.055795629993989487 -0.024023229788472836 -0.0047348235125518117 0.010103445466766649 -0.025615815318561799 -0.0057520126880720758 0.04369086332045629 -4.5469576982504202e-05 0.12462804697336677 0.14687711758498861 -0.053649826729024311 0.070353337531774959 0.0079182966524945723 -0.019882600800392503 0.1754504698302172 -0.088678142015790218 -0.0033284794423102063
leaf_weight=754 2116 100 64 972239 9426 708 8254 151835 26630 1694 79948 10100 1186 2760 2173 1904 10085 3385 23341 3488 22243 218 1408 1198 1055 57446 2298 3623 2557 2944
leaf_count=754 2116 100 64 972239 9426 708 8254 151835 26630 1694 79948 10100 1186 2760 2173 1904 10085 3385 23341 3488 22243 218 1408 1198 1055 57446 2298 3623 2557 2944
internal_value=0 0.00867402 -0.0260649 -1.00028e-05 0.000527416 -0.00607246 -0.0139129 0.00082036 4.68309e-05 0.0014543 0.0034746 0.00165728 0.00214447 -0.000487443 -0.00149486 -0.000915462 -0.000480897 -0.00405428 -0.00219678 0.0141853 0.00309337 -0.0188673 0.00371173 0.00340165 -0.0156205 0.00430131 0.00789222 0.0038828 -0.00350307 -0.0120434
internal_weight=0 2280 164 1.4049e+06 432661 18388 8962 414273 320786 168951 93487 167257 157157 70783 68023 65850 64664 32336 28733 5392 32328 3603 92733 91325 2253 86374 28928 89072 9124 5501
internal_count=1407180 2280 164 1404900 432661 18388 8962 414273 320786 168951 93487 167257 157157 70783 68023 65850 64664 32336 28733 5392 32328 3603 92733 91325 2253 86374 28928 89072 9124 5501
is_linear=0
shrinkage=0.1


Tree=129
num_leaves=31
num_cat=0
split_feature=89 128 123 4 13 2 2 1 20 75 62 20 4 4 6 62 123 53 3 5 6 20 64 66 62 3 137 3 92 4
split_gain=16.9094 16.72 29.8651 34.9688 33.1695 24.2885 17.2149 22.8307 19.4138 16.9654 19.6998 21.4556 19.2104 85.0539 139.076 76.9634 80.7676 66.9642 63.8557 59.9887 54.6846 76.0879 85.421 52.523 48.5511 123.374 78.7073 111.001 84.934 56.3346
threshold=1868464.5000000002 0.26136363636363641 2644.0000000000005 0.8650000000000001 1.5000000000000002 225504.39500000002 22650.855000000007 102582.50000000001 19.500000000000004 6.5000000000000009 1724298.0000000002 20.500000000000004 883.93000000000018 1001.6950000000001 8.5833333333333339 7482.5000000000009 1907903.5000000002 2.4258241758241761 569923.91000000003 3.0000000000000004 4.166666666666667 23.500000000000004 0.00066554818225180747 900707.50000000012 149198.50000000003 49871.80000000001 1.5000000000000002 436596.86500000005 5.0167743007142617e-06 158708.39000000004
decision_type=2 2 2 2 2 2 2 2 2 2 2 2 2 2 2 2 2 2 2 2 2 2 2 2 2 2 2 2 2 2
left_child=1 9 4 6 5 -3 7 -4 -8 12 11 -11 15 14 -14 -1 23 20 19 -16 24 -22 -23 -17 26 -26 -15 -28 -29 -27
right_child=-2 2 3 -5 -6 -7 8 -9 -10 10 -12 -13 13 17 18 16 -18 -19 -20 -21 21 22 -24 -25 25 29 27 28 -30 -31
leaf_value=-0.00013034373630856129 -0.032598685046975717 -0.0024341818469304057 0.0040851284985175427 -0.0040417525559093221 0.010120302009247829 -0.045728959377503986 -0.024690116865349832 -0.014245316743609449 0.0092639062803796524 -0.0046518494718887915 0.020520255031716658 -0.023515643765636172 -0.017965496453748942 0.0043530867014590418 0.035493130845646516 0.0025333302138200579 -0.0020752123216265712 0.0194107005106719 -0.023907127543579227 -0.0054773149623326134 -0.0005664249965494861 0.019886072424304947 -0.021970079297472196 -0.016013099078680607 -0.0037064162499399925 0.0011495157289355888 0.011701734555512551 -0.02246829235125667 0.037130368459882303 -0.0032504155611344345
leaf_weight=349367 327 88 243 3206 1576 68 539 155 57 24640 432 1542 9048 60484 2773 98626 18426 3773 267 3587 763145 559 3214 263 4687 30225 8242 1527 110 15984
leaf_count=349367 327 88 243 3206 1576 68 539 155 57 24640 432 1542 9048 60484 2773 98626 18426 3773 267 3587 763145 559 3214 263 4687 30225 8242 1527 110 15984
internal_value=0 1.2301e-05 -0.00528556 -0.00984205 0.00576368 -0.038222 -0.0262292 -0.010125 -0.0369834 3.4734e-05 -0.00246597 -0.00281545 8.31612e-05 -0.000184931 -0.00748724 0.000604559 0.00282069 -5.66011e-05 0.00351903 0.00553029 -0.000113075 -0.000425082 -0.014591 0.00395331 0.00186026 -0.000492476 0.00356207 0.0118377 -0.0119471 0.00107556
internal_weight=0 1.40685e+06 5932 4200 1732 156 994 398 596 1.40092e+06 26614 26182 1.37431e+06 907625 15675 466682 117315 891950 6627 6360 888177 766918 3773 98889 121259 50896 70363 9879 1637 46209
internal_count=1407180 1406853 5932 4200 1732 156 994 398 596 1400921 26614 26182 1374307 907625 15675 466682 117315 891950 6627 6360 888177 766918 3773 98889 121259 50896 70363 9879 1637 46209
is_linear=0
shrinkage=0.1


Tree=130
num_leaves=31
num_cat=0
split_feature=64 3 2 4 6 0 1 137 13 62 3 62 6 3 2 4 6 3 2 137 20 4 124 4 62 3 138 13 4 62
split_gain=22.0724 46.8798 115.846 88.3709 60.8661 53.7006 61.5083 52.4405 48.3105 47.3258 49.0576 46.1367 45.0084 41.5814 57.04 47.2187 43.9691 41.4203 68.5605 40.9591 55.1654 52.171 40.8136 40.3042 40.2259 51.9015 37.9409 63.3028 37.9217 74.7957
threshold=9.367934789216827 19857.690000000006 43838.340000000004 2189.3600000000006 8.4166666666666696 538265.50000000012 653741.50000000012 57991.000000000007 2500.5000000000005 1009031.0000000001 117976.09000000001 193.00000000000003 24.833333333333339 598559.18000000005 237208.37000000002 19247.480000000007 7.416666666666667 633520.7300000001 598677.14000000025 4514.0000000000009 10.500000000000002 21964.240000000002 9.5000000000000018 31.735000000000003 486903.00000000006 598559.18000000005 7.5000000000000009 10002.000000000002 109319.10500000003 718112.50000000012
decision_type=2 2 2 2 2 2 2 2 2 2 2 2 2 2 2 2 2 2 2 2 2 2 2 2 2 2 2 2 2 2
left_child=-1 3 4 -2 26 9 -7 11 -5 13 -11 -8 17 14 -4 16 23 18 19 20 28 -21 -20 -16 -9 -26 27 -3 29 -13
right_child=1 2 5 8 -6 6 7 24 -10 10 -12 12 -14 -15 15 -17 -18 -19 22 21 -22 -23 -24 -25 25 -27 -28 -29 -30 -31
leaf_value=0.00011694455490313886 -0.0046170587048769201 0.026510787854607032 -0.0029331721554727852 -0.030823773079250633 -0.0059188795692447504 0.0071043715716011873 -0.029812417079671069 0.012669752862482099 -0.070145832646579379 -0.026820404802219634 -0.027451805257561482 0.0089574939474064367 0.035440668075446928 -0.010620470407864964 -0.022732665306799578 -0.0059677769925190593 0.00041592008007829021 -0.010448529709363764 0.0071516934075115477 0.00074042253619788017 -0.03614471065334951 0.023302316856824618 0.049202901571791663 0.0075511234835092247 -0.014494907469249708 0.0093607986980949413 0.038323529559417251 -0.0072405235225706417 -0.020731674314705951 -0.00078864514622332049
leaf_weight=1329864 5218 2083 13017 657 1035 2277 178 739 837 133 209 5363 345 3977 137 2114 2653 5622 4969 4740 573 1366 275 2072 2787 719 686 425 2789 9321
leaf_count=1329864 5218 2083 13017 657 1035 2277 178 739 837 133 209 5363 345 3977 137 2114 2653 5622 4969 4740 573 1366 275 2072 2787 719 686 425 2789 9321
internal_value=0 -0.00163714 -0.000877918 -0.00962346 0.0151696 -0.00190037 0.000262088 -0.000652726 -0.0310674 -0.00564171 -0.0425785 0.000601981 0.0008576 -0.0051147 -0.00325709 0.00403922 0.0094642 0.000503492 0.00200754 -0.000242796 -0.00263824 0.00683684 0.0123718 0.0198859 -0.0111577 -0.0156269 0.0219989 0.0162987 -0.00163701 0.000393303
internal_weight=0 77316 70604 6712 4229 66375 42063 39786 1494 24312 342 35541 35363 23970 19993 6976 4862 35018 29396 24152 18046 6106 5244 2209 4245 3506 3194 2508 17473 14684
internal_count=1407180 77316 70604 6712 4229 66375 42063 39786 1494 24312 342 35541 35363 23970 19993 6976 4862 35018 29396 24152 18046 6106 5244 2209 4245 3506 3194 2508 17473 14684
is_linear=0
shrinkage=0.1


Tree=131
num_leaves=31
num_cat=0
split_feature=64 3 2 4 4 5 13 63 0 0 62 3 0 62 20 62 4 4 6 4 13 3 3 62 3 6 137 7 63 63
split_gain=17.453 40.0973 99.6038 77.3395 56.0321 54.9849 44.9682 44.7204 42.767 63.1446 47.403 50.2735 36.094 85.8987 47.7865 44.5826 60.6431 46.3027 45.7184 37.9287 34.2823 32.2521 47.1984 48.9718 90.1119 47.075 42.4853 36.6472 35.0424 42.9772
threshold=9.367934789216827 20409.640000000003 43838.340000000004 2189.3600000000006 20056.875000000004 1.5000000000000002 13296.500000000002 0.99839587491026582 538265.50000000012 1825997.5000000002 1009031.0000000001 117976.09000000001 1329140.0000000002 1260781.5000000002 2.5000000000000004 772167.00000000012 25705.180000000004 37795.30000000001 5.416666666666667 38826.81500000001 25.500000000000004 598559.18000000005 130532.32000000002 40726.500000000007 597404.63000000012 7.416666666666667 27.500000000000004 1.0000000180025095e-35 3413.655950875926 11967.91666666667
decision_type=2 2 2 2 2 2 2 2 2 2 2 2 2 2 2 2 2 2 2 2 2 2 2 2 2 2 2 2 2 2
left_child=-1 3 4 -2 5 -3 -5 -8 10 12 21 -12 13 14 15 17 18 -10 -17 -14 -11 22 26 24 -24 -26 27 -4 -28 -30
right_child=1 2 8 6 -6 -7 7 -9 9 20 11 -13 19 -15 -16 16 -18 -19 -20 -21 -22 -23 23 -25 25 -27 28 -29 29 -31
leaf_value=0.00010525009941285693 -0.0038279359088793543 -0.0022113533369516546 0.017030153197341646 -0.033454346220660548 -0.010692396288535889 0.028636706383088708 0.017195021795122164 -0.06999675741051592 0.0046936451425227069 0.0039740568950471069 -0.024138364321997674 -0.024706624731805335 0.0031429160350464357 -0.0043565931993888298 0.0096663440296579604 -0.01030337298064991 0.025535571770218007 -0.0063759869410240453 -0.0013871345721573522 -0.0054559514979302913 -0.0017273107520274788 -0.0095584233670784682 -0.0084260523839760557 0.0036538117092565041 0.0082574056754953461 0.00042606193505966564 -0.0015649752197365589 -0.0061835135052020511 0.017360608272289732 -0.0040730176795719776
leaf_weight=1329864 5253 822 225 912 239 3095 110 510 1494 2795 133 209 2510 998 4752 453 285 1379 1546 683 25168 3977 3581 5624 521 782 3527 5246 389 98
leaf_count=1329864 5253 822 225 912 239 3095 110 510 1494 2795 133 209 2510 998 4752 453 285 1379 1546 683 25168 3977 3581 5624 521 782 3527 5246 389 98
internal_value=0 -0.00145397 -0.000747636 -0.00879636 0.0142704 0.0171385 -0.0285661 -0.0493451 -0.00168797 0.000241828 -0.00502679 -0.0419937 0.00569816 0.00296065 0.00577703 -0.000889158 -0.0113172 0.00740103 -0.0174698 0.0150492 -0.00250946 -0.00449935 -0.00286335 0.00175284 -0.00557284 0.0169453 -0.00797741 -0.0137101 -0.000163912 0.0249808
internal_weight=0 77316 70531 6785 4156 3917 1532 620 66375 42063 24312 342 14100 10907 9909 5157 2284 2873 1999 3193 27963 23970 19993 10508 4884 1303 9485 5471 4014 487
internal_count=1407180 77316 70531 6785 4156 3917 1532 620 66375 42063 24312 342 14100 10907 9909 5157 2284 2873 1999 3193 27963 23970 19993 10508 4884 1303 9485 5471 4014 487
is_linear=0
shrinkage=0.1


Tree=132
num_leaves=31
num_cat=0
split_feature=84 63 84 84 66 67 62 63 53 4 4 0 1 94 2 92 92 2 6 1 0 3 62 1 62 3 0 3 14 3
split_gain=16.7192 22.2719 20.0924 18.9293 16.6768 17.9031 38.4643 29.7723 19.448 22.509 30.082 34.4951 30.9856 22.9539 21.4605 20.2834 17.7153 23.7933 25.0522 21.1894 16.91 59.2679 45.528 45.2184 73.9985 68.3628 54.8974 71.9588 78.3371 54.0468
threshold=1107742.0000000002 3082287.5000000005 2799884.5000000005 916261.50000000012 1016826.0000000001 10.500000000000002 439821.00000000006 0.73279000000000016 650.50000000000011 10061.770000000002 23910.945000000003 196.50000000000003 6.5000000000000009 27.450000000000003 9575.5450000000019 3.0172413793103452 127269.50000000001 615997.67500000016 6.5833333333333348 1194405.5000000002 1908073.5000000002 32473.480000000007 36857.000000000007 517493.50000000006 772167.00000000012 117976.09000000001 394317.50000000006 161130.72000000003 1.0000000180025095e-35 117976.09000000001
decision_type=2 2 2 2 2 2 2 2 2 2 2 2 2 2 2 2 2 2 2 2 2 2 2 2 2 2 2 2 2 2
left_child=1 4 -2 -3 5 16 8 -8 9 14 11 13 -12 -11 -7 -13 20 18 -18 -19 23 22 -22 24 26 -26 -1 28 -28 -25
right_child=2 3 -4 -5 -6 6 7 -9 -10 10 12 15 -14 -15 -16 -17 17 19 -20 -21 21 -23 -24 29 25 -27 27 -29 -30 -31
leaf_value=0.00027174707234467466 -0.0072579831334645172 0.0011652911259197873 0.043333940617818673 0.006763832190286579 0.015302942101777756 -0.039721257676515957 -0.020707947988779611 -0.0015210632118286757 -0.078306808085671531 -0.0078915466390001576 -0.046068785649375672 -0.0013701843625861486 0.018742828782828232 0.045214064586464243 0.0058680603762908514 -0.055993665381676508 -0.022068734271248319 0.0095062358450781499 -0.01467056548632536 -0.026503344921507743 0.0039895778640804437 -0.00042687524765468063 -0.057447441399786393 0.00012753075642360081 -0.020623395955284354 -0.014122351284448151 0.00015854434638284549 0.0032395464896384299 -0.0037600379831625114 0.0036021741691936527
leaf_weight=1033782 1355 90 106 102 2182 2995 123 69 284 448 422 202 989 56 6965 1085 751 626 1541 64 440 175807 1142 74829 277 658 18636 8089 26207 46858
leaf_count=1033782 1355 90 106 102 2182 2995 123 69 284 448 422 202 989 56 6965 1085 751 626 1541 64 440 175807 1142 74829 277 658 18636 8089 26207 46858
internal_value=0 2.08044e-05 -0.0106823 0.0340772 1.61521e-05 2.56958e-06 -0.00360295 -0.0480456 -0.00296834 -0.00240969 -0.00970319 -0.0183064 0.00121691 0.00387076 -6.49304e-05 -0.0269911 3.79526e-05 -0.0076614 -0.0125625 0.00861868 5.45092e-05 -0.000857264 -0.0201264 0.000188251 -1.62815e-05 -0.0281365 7.91293e-06 -0.00313313 -0.0046991 0.00201638
internal_weight=0 1.40572e+06 1461 192 1.40553e+06 1.40334e+06 13638 192 13446 13162 3202 1791 1411 504 9960 1287 1.38971e+06 2982 2292 690 1.38672e+06 177389 1582 1.20934e+06 1.08765e+06 935 1.08671e+06 52932 44843 121687
internal_count=1407180 1405719 1461 192 1405527 1403345 13638 192 13446 13162 3202 1791 1411 504 9960 1287 1389707 2982 2292 690 1386725 177389 1582 1209336 1087649 935 1086714 52932 44843 121687
is_linear=0
shrinkage=0.1


Tree=133
num_leaves=31
num_cat=0
split_feature=6 20 127 0 0 123 2 18 2 0 15 0 0 20 13 2 0 127 0 20 64 94 13 2 3 127 3 0 4 20
split_gain=19.6737 38.7039 50.6515 51.3115 37.8854 35.3743 47.2555 32.7645 35.9033 31.2626 25.3635 25.0779 24.7479 23.1858 22.5835 25.8147 22.1925 21.989 86.2965 47.8618 47.8383 43.9275 41.129 40.3341 47.7174 36.8398 73.9513 47.6335 32.7656 32.5007
threshold=1.0000000180025095e-35 15.500000000000002 0.88194444444444453 1329140.0000000002 948309.00000000012 461129.00000000006 938425.29500000004 1.0000000180025095e-35 410633.69500000007 196.50000000000003 1.0000000180025095e-35 42496368.500000007 1500048.0000000002 6.5000000000000009 945974.50000000012 88465.965000000011 308.50000000000006 0.84523809523809534 350.50000000000006 20.500000000000004 0.093653033609185213 2.4522727272727276 195.50000000000003 868678.74500000011 255741.03500000003 0.75961538461538469 356670.3000000001 1009.5000000000001 194391.03500000003 3.5000000000000004
decision_type=2 2 2 2 2 2 2 2 2 2 2 2 2 2 2 2 2 2 2 2 2 2 2 2 2 2 2 2 2 2
left_child=1 5 7 4 9 6 -1 8 -3 -4 11 13 -5 -7 15 -12 -11 25 23 21 -21 22 -20 24 -19 -2 29 -28 -22 -27
right_child=17 2 3 12 -6 10 -8 -9 -10 16 14 -13 -14 -15 -16 -17 -18 18 19 20 28 -23 -24 -25 -26 26 27 -29 -30 -31
leaf_value=-0.00097059655766039117 -2.63715553219801e-05 0.0071120634722257499 -0.0035949674911138099 0.0010797317066520097 -0.0044770942253442528 0.0034869116311566231 -0.022433389412271999 -0.0055647394396961085 -0.0033696712944959796 6.819035813237507e-05 -0.0024905140091778799 -0.015488732655639038 -0.00058651783114651776 -0.00034312140961891024 -0.0015132014746382816 0.0051622569431303625 -0.001247987111568443 0.028893155784090175 -0.020215280902335295 0.012688728571285755 0.0069147646308943328 0.035544697192669006 0.00021735546794396932 -0.058499698487380375 0.028424545399188136 0.00026845652697401106 -0.010812276577956493 -0.0025371003367905816 -0.045748091265242742 -0.0073801535161220795
leaf_weight=4176 1322039 491 225 94 158 1184 299 526 51 113 267 106 578 323 1197 243 425 2248 408 1895 1063 311 63095 64 322 2953 183 235 482 1426
leaf_count=4176 1322039 491 225 94 158 1184 299 526 51 113 267 106 578 323 1197 243 425 2248 408 1895 1063 311 63095 64 322 2953 183 235 482 1426
internal_value=0 -0.00431379 -0.0147269 -0.0260236 -0.041354 -0.000759039 -0.00656145 0.00212296 0.0193777 -0.0321246 0.00706198 0.0160536 -0.00501269 0.0193605 -0.00143444 0.016187 -0.0190343 4.01278e-05 0.00176897 0.00107355 0.0125634 0.000454175 0.000270566 0.019525 0.0214778 -5.09349e-05 -0.00879851 -0.0489857 -0.000496773 -0.00496242
internal_weight=0 10456 2661 1593 921 7795 4475 1068 542 763 3320 1613 672 1507 1707 510 538 1.39672e+06 69888 67254 3440 63814 63503 2634 2570 1.32684e+06 4797 418 1545 4379
internal_count=1407180 10456 2661 1593 921 7795 4475 1068 542 763 3320 1613 672 1507 1707 510 538 1396724 69888 67254 3440 63814 63503 2634 2570 1326836 4797 418 1545 4379
is_linear=0
shrinkage=0.1


Tree=134
num_leaves=31
num_cat=0
split_feature=6 13 1 2 20 127 0 13 0 18 1 20 0 2 0 2 20 14 127 0 20 94 64 13 127 3 0 6 4 53
split_gain=16.6126 32.5038 66.673 42.0063 38.0056 57.4603 33.9465 33.9066 47.4683 25.5472 24.9926 24.8239 24.5315 24.0392 23.9331 20.7385 20.5176 20.2479 19.5167 84.9278 40.4217 41.0684 38.286 35.5867 31.5937 64.3536 50.5751 31.4617 31.2757 31.2567
threshold=1.0000000180025095e-35 6752420.0000000009 12907929.000000002 1182153.7950000002 15.500000000000002 0.88194444444444453 196.50000000000003 6001426.5000000009 2786328.5000000005 1.0000000180025095e-35 2222087.0000000005 21.500000000000004 1825997.5000000002 410633.69500000007 308.50000000000006 59913.685000000005 22.500000000000004 1.0000000180025095e-35 0.84523809523809534 350.50000000000006 20.500000000000004 2.4522727272727276 0.093653033609185213 195.50000000000003 0.75961538461538469 356670.3000000001 1009.5000000000001 2.5833333333333335 334263.98000000004 5.2925764382270999e-06
decision_type=2 2 2 2 2 2 2 2 2 2 2 2 2 2 2 2 2 2 2 2 2 2 2 2 2 2 2 2 2 2
left_child=1 3 -3 4 17 9 -7 8 10 13 12 -10 14 15 -8 -6 -11 -1 24 -20 21 23 27 -21 -2 -26 -27 -22 29 -25
right_child=18 2 -4 -5 5 6 7 -9 11 16 -12 -13 -14 -15 -16 -17 -18 -19 19 20 22 -23 -24 28 25 26 -28 -29 -30 -31
leaf_value=0.030760574071866144 -2.373439978977654e-05 0.0071214577784709078 -0.00073737826805229121 -0.020261670454649307 0.0013194789357200644 -0.0032354707420024333 6.1371322319137003e-05 -0.0026384137627512797 0.0010643012697292066 0.0017519198031878671 -0.0062254490549597643 -0.0056348934185354218 0.0010276110015340568 -0.0028424575811559424 -0.0013831154350926022 0.0087230232705790053 -0.0080135422006196843 -0.00012546298951069724 0.02414566907345872 -0.018193752812101768 0.022771290224009769 0.031990227473402098 -0.00012327720837802537 0.00015476495078694532 -0.0015077959178170419 -0.0097310489201608459 -0.0022833903031115261 0.0060336034437630751 -0.013612142628577517 0.01636132394242697
leaf_weight=29 1322039 270 538 420 221 225 113 61 81 211 46 20 70 50 819 270 315 6697 2634 408 558 311 1545 58898 4379 183 235 1337 1754 2443
leaf_count=29 1322039 270 538 420 221 225 113 61 81 211 46 20 70 50 819 270 315 6697 2634 408 558 311 1545 58898 4379 183 235 1337 1754 2443
internal_value=0 -0.00396191 0.0153043 -0.00557542 -0.00416772 -0.0146899 -0.0277575 -0.0211251 -0.0172681 0.00288467 -0.023578 0.0482048 -0.0202692 0.0181422 -0.0245573 0.0248689 -0.0128079 -0.000253597 3.89729e-05 0.00166773 0.000977849 0.000408643 0.011537 0.00023111 -4.6818e-05 -0.00814764 -0.0456364 0.0210627 0.000421472 0.000797955
internal_weight=0 10456 808 9648 9228 2502 1435 1210 1149 1067 1048 101 1002 541 932 491 526 6726 1.39672e+06 69888 67254 63814 3440 63503 1.32684e+06 4797 418 1895 63095 61341
internal_count=1407180 10456 808 9648 9228 2502 1435 1210 1149 1067 1048 101 1002 541 932 491 526 6726 1396724 69888 67254 63814 3440 63503 1326836 4797 418 1895 63095 61341
is_linear=0
shrinkage=0.1


Tree=135
num_leaves=31
num_cat=0
split_feature=3 64 13 63 5 137 137 138 3 90 123 2 134 0 2 0 20 62 3 20 136 1 20 137 0 2 1 3 20 20
split_gain=16.5471 58.5317 91.6303 70.533 68.0828 60.3066 61.5393 187.531 60.2033 60.3377 63.8555 59.9353 51.3885 71.3972 152.666 52.1663 50.9642 81.95 69.1371 150.554 121.658 78.1759 56.8667 100.629 51.544 50.2269 49.7621 65.7057 58.174 55.5704
threshold=24417.235000000004 1.0003949229956695 13296.500000000002 0.84476001266780887 1.5000000000000002 235066.00000000003 100055.50000000001 10.500000000000002 2129.4150000000004 0.89442411217954498 471.00000000000006 1.0950000000000004 55409.000000000007 146894.50000000003 42758.095000000008 150247.50000000003 2.5000000000000004 573259.00000000012 19857.690000000006 1.0000000180025095e-35 1.0000000180025095e-35 901438.00000000012 6.5000000000000009 307261.50000000006 400005.50000000006 15530.340000000002 99344.500000000015 1462.9600000000003 10.500000000000002 14.500000000000002
decision_type=2 2 2 2 2 2 2 2 2 2 2 2 2 2 2 2 2 2 2 2 2 2 2 2 2 2 2 2 2 2
left_child=1 4 -3 -4 5 6 11 -8 26 12 -11 -1 13 -10 15 -15 18 22 19 20 -17 24 -18 -24 -20 -13 27 28 -6 -30
right_child=-2 2 3 -5 8 -7 7 -9 9 10 -12 25 -14 14 -16 16 17 -19 21 -21 -22 -23 23 -25 -26 -27 -28 -29 29 -31
leaf_value=-0.043946798030549517 -0.00020563076687059591 0.0037870069943515272 0.033548544639936929 -0.016182479071142897 -0.0002168783215256376 0.13215805662296579 -0.049339085574619551 0.062396064309460986 0.012408418880488116 -0.031868925979460984 -0.14548023789437631 0.048850836118416785 -0.0062240462927105611 -0.063187265151939773 0.049971450101449703 -0.0042222764730682543 0.0049223402772355269 -0.031018270869718097 -0.0010282231571964397 -0.0051119479325919762 0.039235636035701883 0.054482817156707802 0.0018092350792287386 -0.037673967514021002 -0.030994489238879364 -0.00029241059332703047 0.053463638973469868 -0.012211529039253578 -0.018967321578910071 0.0022874462968859146
leaf_weight=1209 974519 9426 607 8355 123731 1408 1232 1143 84278 1209 300 62292 12348 1186 2760 1925 20672 1545 918 23343 3488 692 10031 1636 2620 26203 293 12146 9972 5693
leaf_count=1209 974519 9426 607 8355 123731 1408 1232 1143 84278 1209 300 62292 12348 1186 2760 1925 20672 1545 918 23343 3488 692 10031 1636 2620 26203 293 12146 9972 5693
internal_value=0 0.000522875 -0.00499787 -0.0122375 0.00076792 0.00314261 0.00282854 -0.0130595 7.58602e-05 0.00137456 -0.0185322 0.00324919 0.00155396 0.00204827 -0.000292368 -0.0012274 -0.000858687 0.00186517 -0.0036567 -0.00190081 0.0131251 -0.0155934 0.0029401 -0.00264174 -0.0216057 0.00355132 -0.00136924 -0.00144884 -0.000834191 -0.00657553
internal_weight=0 432661 18388 8962 414273 93487 92079 2375 320786 168951 1509 89704 167442 155094 70816 68056 66870 33884 32986 28756 5413 4230 32339 11667 3538 88495 151835 151542 139396 15665
internal_count=1407180 432661 18388 8962 414273 93487 92079 2375 320786 168951 1509 89704 167442 155094 70816 68056 66870 33884 32986 28756 5413 4230 32339 11667 3538 88495 151835 151542 139396 15665
is_linear=0
shrinkage=0.1


Tree=136
num_leaves=31
num_cat=0
split_feature=93 94 137 4 2 2 20 20 92 4 0 123 94 92 3 0 0 13 5 13 53 123 4 94 4 4 3 29 4 67
split_gain=18.594 68.5275 67.1332 66.4046 64.1566 36.291 33.2306 97.3608 78.4922 70.4113 63.2999 46.6879 40.6149 36.2137 31.6068 28.739 28.1319 27.7743 25.4526 25.2321 25.1855 24.4259 24.0749 22.5341 20.5207 22.3942 20.3898 20.0094 25.7291 24.6733
threshold=6.5000000000000009 0.00054744897959183687 2.5000000000000004 1001.6950000000001 1780741.9100000004 113440.675 4.5000000000000009 3.5000000000000004 225.18421052631581 0.8650000000000001 58041.500000000007 36311.000000000007 9168.2500000000018 0.04083333333333334 185531.90500000003 50.500000000000007 1062513.0000000002 930.50000000000011 1.5000000000000002 27.500000000000004 2.3986061914697467 248.50000000000003 6240.4550000000008 1825.3000000000002 1371.9300000000001 1000.0200000000001 613306.40500000014 9.5000000000000018 35023.470000000008 4.5000000000000009
decision_type=2 2 2 2 2 2 2 2 2 2 2 2 2 2 2 2 2 2 2 2 2 2 2 2 2 2 2 2 2 2
left_child=-1 -2 4 5 6 -4 7 8 11 10 -10 12 16 15 19 -8 20 23 -18 -9 21 27 26 -15 25 -11 -5 28 29 -3
right_child=1 2 3 22 -6 -7 13 14 9 24 -12 -13 -14 17 -16 -17 18 -19 -20 -21 -22 -23 -24 -25 -26 -27 -28 -29 -30 -31
leaf_value=7.2688997007640095e-05 -0.10655244372489953 -0.0053349454448856637 0.033173370884699606 0.034679188370985568 -0.068035449406572676 -0.016214221910050109 -0.25079494575884759 0.030332505047923865 0.052231361405879077 -0.039207687875327406 -0.11973863498281229 -0.03326438247595017 0.041579647598366472 0.0015839793864395491 -0.0084660924467067303 -0.04070275458471713 -0.013380990642452399 -0.13704725179340091 -0.0020036211003583264 -0.0075276197460904422 -0.027718595933658153 0.069083809636320839 0.0161083665685074 -0.017975926351522321 -0.006328265431185239 -0.067558247708827276 0.034351368581522157 0.06395062101123665 0.039747879225337346 0.013180168221315614
leaf_weight=1380499 612 6348 1129 485 96 393 158 1250 72 622 252 64 189 3126 207 886 205 137 174 257 428 232 687 3216 1653 257 161 624 314 2447
leaf_count=1380499 612 6348 1129 485 96 393 158 1250 72 622 252 64 189 3126 207 886 205 137 174 257 428 232 687 3216 1653 257 161 624 314 2447
internal_value=0 -0.00259912 -0.00182262 0.0126477 -0.00360227 -0.00162491 -0.0032635 -0.000630216 -0.0034067 -0.0181812 -0.0620748 0.000420606 0.000917859 -0.00872222 0.0218554 -0.0260062 0.000111553 -0.00593715 -0.0266494 0.0268882 0.00108744 0.00210765 0.028944 -0.00497484 -0.0125645 -0.0249099 0.0428029 0.00134327 0.000156545 -0.000847662
internal_weight=0 26681 26069 2855 23214 1522 23118 15595 13881 2856 324 11025 10961 7523 1714 1044 10772 6479 379 1507 10393 9965 1333 6342 2532 879 646 9733 9109 8795
internal_count=1407180 26681 26069 2855 23214 1522 23118 15595 13881 2856 324 11025 10961 7523 1714 1044 10772 6479 379 1507 10393 9965 1333 6342 2532 879 646 9733 9109 8795
is_linear=0
shrinkage=0.1


Tree=137
num_leaves=31
num_cat=0
split_feature=6 0 4 13 6 124 5 124 6 2 3 137 64 90 6 52 3 6 6 64 138 3 5 4 138 134 6 134 3 92
split_gain=17.7647 57.9454 93.4167 75.1765 59.3386 77.2645 141.178 61.971 69.5525 57.916 63.0635 54.2985 53.1756 52.5128 52.6958 63.5292 49.9046 45.7203 43.774 39.7618 39.95 65.2926 44.3516 39.7846 39.7186 38.4447 37.5204 37.2514 38.5638 41.0026
threshold=10.16666666666667 198815.00000000003 12871.750000000002 5762.5000000000009 11.16666666666667 8.5000000000000018 3.0000000000000004 13.500000000000002 10.583333333333334 93014.10500000001 20409.640000000003 93922.500000000015 0.00043820611429987887 1.8213805493793307 12.41666666666667 1.0104773876057826e-06 698444.82000000018 10.833333333333334 24.583333333333339 0.062900083200968168 10.500000000000002 34400.045000000006 1.5000000000000002 4420.6800000000012 11.500000000000002 26535496.500000004 24.416666666666668 7268770.5000000009 597404.63000000012 15.80909090909091
decision_type=2 2 2 2 2 2 2 2 2 2 2 2 2 2 2 2 2 2 2 2 2 2 2 2 2 2 2 2 2 2
left_child=-1 2 -2 16 5 -3 -7 17 -9 10 -5 12 -12 14 -6 18 27 -8 19 26 21 23 -22 -21 -24 -18 -16 28 29 -4
right_child=1 4 3 9 13 6 7 8 -10 -11 11 -13 -14 -15 15 -17 25 -19 -20 20 22 -23 24 -25 -26 -27 -28 -29 -30 -31
leaf_value=0.00026055861441319218 0.0069979674275118618 -0.0056952636732104326 -0.00043066565049358911 0.034067630839453682 0.0015946626921348609 -0.041764036003386185 -0.0029563262927478021 -0.0078955541851085075 0.024383436960684055 -0.0013505242717246685 -0.001137485758651602 -0.0068222168136306662 -0.025059094448646693 -0.02522727749341 -0.0021978957028294796 0.020412195150184245 0.033477511068968145 -0.017831241859134518 0.005364012559349496 -0.012785296797989565 -0.033006463508681617 -0.0057501274097907533 0.024490826347030922 -0.013086124524577181 -0.0029240227528215049 -0.0087857104582717335 -0.046850154104481616 -0.023455506180329967 -0.0093306784671611798 -0.020155709306340391
leaf_weight=862610 103797 7650 276738 707 27067 380 714 281 231 3321 441 1195 1909 1632 30327 3144 10739 1181 9510 1475 585 20105 1844 1477 4119 3806 168 6582 19909 3536
leaf_count=862610 103797 7650 276738 707 27067 380 714 281 231 3321 441 1195 1909 1632 30327 3144 10739 1181 9510 1475 585 20105 1844 1477 4119 3806 168 6582 19909 3536
internal_value=0 -0.000431831 9.27285e-05 -0.00073274 -0.00246031 -0.00964019 -0.0238951 -0.0149524 0.0159168 -0.0105808 -0.0183094 -0.0237481 -0.0325735 -0.00172168 -0.00143077 -0.00283219 -0.000500631 -0.0232928 -0.0034602 -0.00445773 -0.00706825 -0.00902587 -0.000175023 -0.0229134 0.00240276 0.00522277 -0.00192339 -0.000772001 -0.000608826 -0.00030674
internal_weight=0 544570 432680 328883 111890 10437 2787 2407 512 7573 4252 3545 2350 101453 99821 72754 321310 1895 69610 60100 29605 23057 6548 2952 5963 14545 30495 306765 300183 280274
internal_count=1407180 544570 432680 328883 111890 10437 2787 2407 512 7573 4252 3545 2350 101453 99821 72754 321310 1895 69610 60100 29605 23057 6548 2952 5963 14545 30495 306765 300183 280274
is_linear=0
shrinkage=0.1


Tree=138
num_leaves=31
num_cat=0
split_feature=141 5 2 13 2 0 20 2 0 0 2 64 137 6 2 4 2 2 0 63 3 2 3 4 2 3 3 3 2 138
split_gain=16.0155 25.303 29.3666 61.8191 46.1779 27.0292 29.5643 29.6945 25.5725 34.1382 25.2831 24.5187 24.4286 23.5498 36.0677 94.1376 70.2628 112.21 48.3518 30.1577 26.7474 139.861 59.7662 27.2248 20.8264 28.4216 42.4889 76.2186 35.0996 30.2478
threshold=0.86607142857142871 1.5000000000000002 1.655 44.500000000000007 1.8050000000000004 3.5000000000000004 6.5000000000000009 1.0950000000000004 1.5000000000000002 7.5000000000000009 22650.855000000007 1.2234172082936199 7998507.0000000009 11.833333333333334 76463.35500000001 9379.0650000000005 53468.075000000004 43838.340000000004 1099236.5000000002 22233.744444444448 13937.940000000001 10081.720000000003 15446.575000000003 242327.32000000004 16148.545000000002 41427.81500000001 23752.805000000004 22623.450000000004 36072.520000000011 4.5000000000000009
decision_type=2 2 2 2 2 2 2 2 2 2 2 2 2 2 2 2 2 2 2 2 2 2 2 2 2 2 2 2 2 2
left_child=-1 11 3 5 -4 6 -3 -8 10 -10 -6 -2 13 20 15 19 17 -17 -19 -15 21 -11 -22 24 -24 26 27 28 -26 -29
right_child=1 2 4 -5 8 -7 7 -9 9 12 -12 -13 -14 14 -16 16 -18 18 -20 -21 22 -23 23 -25 25 -27 -28 29 -30 -31
leaf_value=-0.00010777478925655902 0.016359416911461502 0.071190716998631803 0.080886743484798143 -0.027723334702611457 -0.013245062806186226 -0.0040052964695650173 0.0036246893971244643 -0.035375664584883441 0.043617311646680812 0.00099205481026409153 -0.072401221752899092 -0.003834755414820801 0.033019570431778104 -0.0021435566356572621 0.0054769631370525746 -0.005943108353485882 0.000906543943164892 -0.025267499148183045 0.0042849377045627831 -0.0043197563593604131 0.091957906546852097 -0.025525113313701886 -0.020957931882801983 -0.019648144012719384 0.032539848258136807 0.00083866574731472155 0.024750042406420137 -0.079741491336264014 -0.10442938267574636 -0.052797867573836081
leaf_weight=1284426 15900 1471 3027 401 544 5787 560 179 857 29940 217 3305 387 11816 5022 674 722 848 40 128 762 1320 487 1734 2915 28747 4162 304 123 375
leaf_count=1284426 15900 1471 3027 401 544 5787 560 179 857 29940 217 3305 387 11816 5022 674 722 848 40 128 762 1320 487 1734 2915 28747 4162 304 123 375
internal_value=0 0.00110135 0.000483046 -0.00518551 0.000983351 -0.00326427 0.00614343 -0.0101748 0.000584022 0.000736079 -0.0176714 0.00443511 0.00054798 0.000440319 -0.00266137 -0.00523301 -0.023834 -0.0357586 -0.0591092 -0.00167602 0.00128282 -0.000904006 0.0030087 0.00246466 0.00303689 0.00331004 0.00863101 0.000860365 0.00763016 -0.0294292
internal_weight=0 122754 103549 8398 95151 7997 2210 739 92124 91363 761 19205 90506 90119 19250 14228 2284 1562 888 11944 70869 31260 39609 38847 37113 36626 7879 3717 3038 679
internal_count=1407180 122754 103549 8398 95151 7997 2210 739 92124 91363 761 19205 90506 90119 19250 14228 2284 1562 888 11944 70869 31260 39609 38847 37113 36626 7879 3717 3038 679
is_linear=0
shrinkage=0.1


Tree=139
num_leaves=31
num_cat=0
split_feature=119 76 4 63 20 1 92 0 4 1 4 4 2 92 75 94 4 3 146 134 0 53 138 6 138 3 64 4 6 0
split_gain=15.8425 15.7423 38.026 30.6895 39.8813 56.961 28.2815 26.658 45.9065 18.5734 18.3373 30.852 23.6915 20.9837 17.7558 29.8151 22.439 20.6973 55.596 47.86 36.1298 35.4969 31.3016 70.092 83.3899 63.5984 68.8943 56.0808 50.9229 46.8839
threshold=1.0000000180025095e-35 9.5000000000000018 3110.3150000000005 3.2135342540715741 6.5000000000000009 2.5000000000000004 15.80909090909091 2.5000000000000004 1371.9300000000001 221745.50000000003 22796.485000000004 14587.040000000003 103402.61000000002 62.111111111111121 136.50000000000003 4.4999971875035163 0.28500000000000009 61280.955000000009 128959.00000000001 1090291.5000000002 4615515.0000000009 3.5000000000000004 4.5000000000000009 6.416666666666667 8.5000000000000018 396784.33500000002 0.010379763620947826 97028.62000000001 5.416666666666667 538265.50000000012
decision_type=2 2 2 2 2 2 2 2 2 2 2 2 2 2 2 2 2 2 2 2 2 2 2 2 2 2 2 2 2 2
left_child=1 14 7 4 5 6 -4 8 -3 -9 11 12 -7 -13 17 16 -16 18 19 20 21 -1 -19 24 25 26 -24 -28 -29 -25
right_child=-2 2 3 -5 -6 10 -8 9 -10 -11 -12 13 -14 -15 15 -17 -18 22 -20 -21 -22 -23 23 29 -26 -27 27 28 -30 -31
leaf_value=0.00090452264679118381 -0.0571496096398924 0.0056251053753837883 -0.077389442749647361 0.032368884079337086 -0.0027656805440405834 -0.031799739439344603 -0.12689209335544527 0.012015029366915076 -0.051101865389022186 -0.020870954291005231 0.0025046630377036925 0.00088643336467025087 0.024817701832791139 -0.14686736632143613 -0.069334041064000526 -0.023460627949959161 -0.0018308154484944468 -9.7097001972744392e-05 -0.039061743394252439 -0.075130936455675729 -0.06353597044250206 -0.033774048616728503 0.011073637511212115 -0.0059443070127095541 0.024509768062900974 -0.035433148676432283 -0.0020524831532851753 0.015528532975701526 -0.024734408440124426 0.0014880675266182486
leaf_weight=612456 49 858 619 124 3149 768 411 10786 504 1457 909 111 159 413 475 1395 11958 707080 2428 2053 395 1725 1170 9146 619 2948 4568 193 1284 26970
leaf_count=612456 49 858 619 124 3149 768 411 10786 504 1457 909 111 159 413 475 1395 11958 707080 2428 2053 395 1725 1170 9146 619 2948 4568 193 1284 26970
internal_value=0 7.99717e-06 -0.00275881 -0.00894822 -0.0098828 -0.0174097 -0.0370309 0.000272437 -0.0129991 0.00174886 -0.00884618 -0.015823 -0.00485993 -0.0352177 4.8432e-05 -0.00351702 -0.00196163 8.43401e-05 0.000512819 0.000572285 0.000623204 0.000642649 -0.000267465 -0.00276931 -0.00984481 -0.0120152 -0.00695863 -0.0112576 -0.0281964 -0.000657005
internal_weight=0 1.40713e+06 20268 6663 6539 3390 1030 13605 1362 12243 2360 1451 927 524 1.38686e+06 13828 12433 1.37304e+06 619057 616629 614576 614181 753978 46898 10782 10163 7215 6045 1477 36116
internal_count=1407180 1407131 20268 6663 6539 3390 1030 13605 1362 12243 2360 1451 927 524 1386863 13828 12433 1373035 619057 616629 614576 614181 753978 46898 10782 10163 7215 6045 1477 36116
is_linear=0
shrinkage=0.1


Tree=140
num_leaves=31
num_cat=0
split_feature=126 8 20 4 0 13 13 2 3 1 2 20 4 126 0 0 0 62 2 63 6 124 123 4 1 18 123 3 6 126
split_gain=16.1454 35.8647 62.2361 46.7977 42.3914 37.4595 32.2111 30.5155 98.1469 45.6879 36.4503 31.9964 29.7232 28.5111 33.5133 27.0179 24.6531 22.4705 31.6376 44.802 29.5449 38.2154 26.9397 34.0702 20.722 18.3746 18.3246 35.813 37.9046 26.0213
threshold=0.10555555555555557 1.0000000180025095e-35 21.500000000000004 2.1250000000000004 3930499.5000000005 104035.50000000001 3644090.5000000005 105916.145 64767.525000000009 1260853.5000000002 27011.575000000004 2.5000000000000004 16180.365000000002 0.58571428571428574 1128489.5000000002 68096.500000000015 602926.00000000012 600.50000000000011 479017.33000000007 2.4482893130455223 6.416666666666667 7.5000000000000009 1443988.5000000002 37795.30000000001 550751.00000000012 1.5000000000000002 127957.50000000001 365319.97500000003 7.8333333333333348 0.69047619047619058
decision_type=2 2 2 2 2 2 2 2 2 2 2 2 2 2 2 2 2 2 2 2 2 2 2 2 2 2 2 2 2 2
left_child=-1 2 4 5 6 -3 7 8 9 10 15 26 -5 -4 16 -2 -15 -14 22 20 21 -20 23 -19 -17 -10 27 -9 -29 -28
right_child=1 3 13 12 -6 -7 -8 11 25 -11 -12 -13 17 14 -16 24 -18 18 19 -21 -22 -23 -24 -25 -26 -27 29 28 -30 -31
leaf_value=6.959387867434911e-05 0.021601358421727168 0.016959113345575583 -0.0065091982555749474 -0.0053103825747831124 -0.011275345350286124 0.00035837739207780219 0.012533104103493354 0.022540697872442242 0.011415176990023666 0.013875639799655705 -0.010741331278269506 -0.011573498403850149 0.01905614566985598 -0.022685194032570147 -0.014972507637337391 -0.0088492803419762296 0.0014530678273477003 0.0047717473004783391 0.0037698776802698891 0.042440845475936705 0.016208051925945446 -0.024663704954781322 -0.037792555933719663 -0.0084044658291592949 0.0049058851648766891 0.0061605685005763355 -0.0015252973751827496 -0.0092076656291306559 0.026934434190532722 -0.017451404452890142
leaf_weight=1377074 1029 1463 1579 6853 120 1496 88 222 417 43 1623 1393 892 348 88 742 59 886 2271 104 2926 1114 259 2730 64 330 278 425 216 48
leaf_count=1377074 1029 1463 1579 6853 120 1496 88 222 417 43 1623 1393 892 348 88 742 59 886 2271 104 2926 1114 259 2730 64 330 278 425 216 48
internal_value=0 -0.00227989 -0.00751889 -6.01634e-06 -0.00303253 0.01165 -0.00201038 -0.00278492 0.00242626 -0.00459492 -0.0058688 -0.0113585 -0.00191842 -0.0227431 -0.0436838 0.0037868 -0.0315848 0.0012597 -6.0137e-05 0.00424941 0.00317662 -0.00318475 -0.00719453 -0.00496303 -0.00992354 0.0353328 0.000690635 0.00832073 -0.00366771 -0.019508
internal_weight=0 30106 9112 20994 7038 2959 6918 6830 4248 3501 3458 2582 18035 2074 495 1835 407 11182 10290 6415 6311 3385 3875 3616 806 747 1189 863 641 326
internal_count=1407180 30106 9112 20994 7038 2959 6918 6830 4248 3501 3458 2582 18035 2074 495 1835 407 11182 10290 6415 6311 3385 3875 3616 806 747 1189 863 641 326
is_linear=0
shrinkage=0.1


Tree=141
num_leaves=31
num_cat=0
split_feature=109 4 2 13 25 2 6 6 64 6 0 20 6 124 5 124 6 52 127 2 123 62 4 6 138 4 20 2 138 6
split_gain=15.506 27.863 22.176 23.3453 15.5214 27.7864 20.0844 30.6391 27.157 23.1575 53.3592 68.5805 46.3027 75.0205 132.469 52.4348 50.4361 47.2956 37.7917 59.6745 37.3329 37.6016 36.7752 34.6786 34.674 41.0738 38.3641 42.6231 37.8509 49.5225
threshold=1.0000000180025095e-35 4420.6800000000012 68892.330000000016 586902.50000000012 6.0000000000000009 23404.985000000004 35.583333333333336 26.583333333333339 0.0028584323916817163 10.16666666666667 198815.00000000003 15.500000000000002 11.16666666666667 8.5000000000000018 3.0000000000000004 11.500000000000002 12.41666666666667 9.1524584076592572e-07 0.88194444444444453 91082.035000000018 1556957.0000000002 1108700.5000000002 15454.745000000003 10.583333333333334 10.500000000000002 45138.600000000013 21.500000000000004 84414.985000000001 8.5000000000000018 6.416666666666667
decision_type=2 2 2 2 2 2 2 2 2 2 2 2 2 2 2 2 2 2 2 2 2 2 2 2 2 2 2 2 2 2
left_child=4 2 3 -2 6 -6 7 9 -9 24 11 18 13 -12 -15 -16 -14 -18 -11 22 21 -17 -20 -13 28 -26 27 -27 -1 -30
right_child=1 -3 -4 -5 5 -7 -8 8 -10 10 12 23 16 14 15 20 17 -19 19 -21 -22 -23 -24 -25 25 26 -28 -29 29 -31
leaf_value=0.00017659447341502929 0.051624034215478967 -0.016895674302966391 -0.003092899291243234 0.018264532948706336 0.2390254008498417 0.0031827774110656294 -0.0027770116799706646 0.0038103578416903263 0.02636891339474158 -0.0012945829711546635 -0.0051091154671955765 -0.045463158059952588 0.0011725240952087047 -0.037507307164795833 -0.015571696674233752 -0.0017552768871211212 -0.0042096041335435014 0.018422619844814459 0.0076915610037818997 0.02155550127524666 -0.022245221775703095 0.018021606830288139 -0.015374385859747 0.022947601125794373 -0.0018351640133124816 -0.058741246005208116 -0.03093789221649337 -0.009513729240967066 0.049258408901502314 0.030828218298300222
leaf_weight=834063 1472 490 789 140 9795 27352 148351 66102 4708 177662 7647 180 27357 380 970 681 64033 2643 2027 1911 501 255 477 13605 3888 61 547 1626 260 7207
leaf_count=834063 1472 490 789 140 9795 27352 148351 66102 4708 177662 7647 180 27357 380 970 681 64033 2643 2027 1911 501 255 477 13605 3888 61 547 1626 260 7207
internal_value=0 0.00732707 0.011762 0.0184856 -4.09043e-06 0.0020128 -5.88919e-05 7.48302e-05 0.00209363 -4.96938e-05 -0.000804244 0.000169221 -0.00262936 -0.00894953 -0.0229952 -0.0143327 -0.00192807 -0.00341155 -0.000345653 0.00879343 -0.00220637 0.00958592 -0.00136303 0.00696985 0.000217649 -0.00728097 -0.0180868 -0.0106247 0.0002722 0.0073603
internal_weight=0 2891 2401 1612 1.40429e+06 37147 1.36714e+06 1.21879e+06 70810 1.14798e+06 300329 195862 104467 10434 2787 2407 94033 66676 182077 4415 1437 936 2504 13785 847652 6122 2234 1687 841530 7467
internal_count=1407180 2891 2401 1612 1404289 37147 1367142 1218791 70810 1147981 300329 195862 104467 10434 2787 2407 94033 66676 182077 4415 1437 936 2504 13785 847652 6122 2234 1687 841530 7467
is_linear=0
shrinkage=0.1


Tree=142
num_leaves=31
num_cat=0
split_feature=6 0 123 2 13 123 13 20 17 14 4 2 2 2 2 0 105 67 64 123 0 4 6 90 64 2 64 6 52 3
split_gain=16.5942 28.3744 95.8967 24.4391 35.2688 50.907 30.4073 28.0134 24.2498 22.8273 22.2947 18.675 17.6156 21.1902 19.6581 16.3921 30.9936 28.2804 26.5438 61.878 33.1285 57.8071 51.6586 75.1746 66.5595 29.1637 30.9938 26.456 26.0462 39.9553
threshold=1.0000000180025095e-35 196.50000000000003 59.500000000000007 2489761.5900000003 6752420.0000000009 13126771.000000002 6001426.5000000009 15.500000000000002 6.5000000000000009 1.0000000180025095e-35 0.42500000000000004 12960.960000000001 88465.965000000011 275773.34500000003 361636.87500000006 9986284.5000000019 4695762.0000000009 8.5000000000000018 1.6533862421511216 3809396.0000000005 15337258.500000002 58343.590000000004 4.416666666666667 167.24171384664876 0.012946786322732664 1266409.5850000002 0.99974995881035011 2.2500000000000004 0.0010041141087572061 757816.79500000016
decision_type=2 2 2 2 2 2 2 2 2 2 2 2 2 2 2 2 2 2 2 2 2 2 2 2 2 2 2 2 2 2
left_child=1 2 10 4 6 -6 8 -8 9 -3 -1 -11 -4 -14 -15 16 -2 18 20 -20 25 27 24 28 -23 26 -17 -22 -24 -30
right_child=15 3 12 -5 5 -7 7 -9 -10 11 -12 -13 13 14 -16 17 -18 -19 19 -21 21 22 23 -25 -26 -27 -28 -29 29 -31
leaf_value=0.0057948864705796854 0.00010840113697485609 0.026258631065544286 -0.0023186553292158687 -0.030360735921876627 0.006319074429365113 -0.00021371978710953423 0.0024000446632888219 -0.0026365675777760681 0.010292030656241907 0.012099162145703213 -0.010006082185660327 -0.00030940861839328363 -0.0037749407037167785 0.00040755651705350271 -0.015175182290859013 -0.0086766943289575908 0.043438520259750812 0.049127430409604753 -0.0039718594083656853 -0.018416721592353771 -0.037181284797402014 0.0068959300299790806 0.067128792518113614 -0.025977873859159551 -0.044069300130075068 0.0091217722308175424 0.0027479255480990505 0.048073489601671716 -0.02618403631288227 0.011599358317150381
leaf_weight=380 1365166 42 212 380 248 383 39 71 104 99 115 8012 255 39 77 4735 80 196 11257 2149 100 1017 2421 1062 1334 1648 2471 2561 211 316
leaf_count=380 1365166 42 212 380 248 383 39 71 104 99 115 8012 255 39 77 4735 80 196 11257 2149 100 1017 2421 1062 1334 1648 2471 2561 211 316
internal_value=0 -0.00395683 -0.0193216 -0.00219065 -0.00114158 0.0216562 -0.00286088 -0.0550907 -0.00216507 -0.00277714 0.013047 -0.0031579 -0.0468044 -0.0599444 -0.0245102 4.18314e-05 9.38502e-05 -0.0022143 -0.00245155 -0.00581528 7.10485e-05 0.00433571 -0.000841537 0.00605868 -0.0126109 -0.00427453 -0.00701916 0.0167117 0.0142766 -0.00586995
internal_weight=0 10456 1078 9378 8998 631 8367 110 8257 8153 495 8111 583 371 116 1.39672e+06 1.36525e+06 31478 31282 13406 17876 9022 6361 4010 2351 8854 7206 2661 2948 527
internal_count=1407180 10456 1078 9378 8998 631 8367 110 8257 8153 495 8111 583 371 116 1396724 1365246 31478 31282 13406 17876 9022 6361 4010 2351 8854 7206 2661 2948 527
is_linear=0
shrinkage=0.1


Tree=143
num_leaves=31
num_cat=0
split_feature=6 0 123 2 13 13 0 2 0 20 14 17 2 127 2 3 13 1 2 123 64 4 20 64 1 6 2 4 124 124
split_gain=15.9898 35.7277 82.4968 23.0242 27.2381 46.2649 27.9196 27.3841 32.0289 25.5904 20.1582 19.6187 18.24 17.7583 15.8272 21.8298 17.0103 19.1094 16.4169 15.1572 71.2205 75.9115 87.6802 68.5143 42.7013 42.281 50.7072 43.4355 102.434 48.4619
threshold=1.0000000180025095e-35 196.50000000000003 101.50000000000001 2489761.5900000003 6752420.0000000009 7825083.0000000009 6016194.0000000009 429565.77500000008 20361825.500000004 15.500000000000002 1.0000000180025095e-35 6.5000000000000009 12960.960000000001 0.88194444444444453 1578071.3050000002 643741.83500000008 428.50000000000006 560.50000000000011 868678.74500000011 4090151.5000000005 1.8715636543518444 5.2550000000000008 4.5000000000000009 0.00055086602987999031 6110420.5000000009 6.5833333333333348 470969.87000000005 6240.4550000000008 6.5000000000000009 7.5000000000000009
decision_type=2 2 2 2 2 2 2 2 2 2 2 2 2 2 2 2 2 2 2 2 2 2 2 2 2 2 2 2 2 2
left_child=1 2 -1 4 6 -6 10 -7 -9 -8 -3 12 -12 -4 15 16 -14 -18 -17 -2 21 22 -21 25 -24 27 -27 28 -23 -29
right_child=19 3 13 -5 5 7 9 8 -10 -11 11 -13 14 -15 -16 18 17 -19 -20 20 -22 23 24 -25 -26 26 -28 29 -30 -31
leaf_value=0.00026830650571867397 0.00011329962945422212 0.023632767958989859 -0.0058840302378636014 -0.027324662329688956 0.0074958362898148116 -0.00090143084223122123 0.0021600401969599412 0.0058303110724273301 -0.0020089976251341127 -0.0024838830141327081 0.010889245931132897 0.0092628275906177417 9.3035393160384612e-05 -0.0031112370500626209 -0.0099357633605808415 0.0072772067316015715 -0.0036097725760899594 -0.00048233050010544344 0.0013896329400633197 -0.010308537589759414 -0.018166585398555847 -0.014253088956674077 -0.0019297788595199206 -0.0011898729302421665 -0.013128122323858621 0.025184932199683797 0.011501823984869895 0.012442721496525866 0.015685872596483942 -0.014184315215062807
leaf_weight=631 1358750 42 132 380 71 144 37 245 171 69 99 104 400 315 199 36 190 6972 219 385 1800 293 3737 27531 118 936 2026 673 159 316
leaf_count=631 1358750 42 132 380 71 144 37 245 171 69 99 104 400 315 199 36 190 6972 219 385 1800 293 3737 27531 118 936 2026 673 159 316
internal_value=0 -0.00388961 -0.0211307 -0.00190774 -0.000889489 0.0191453 -0.00240042 0.00950381 0.0225142 -0.0533961 -0.00174608 -0.0020992 -0.00265229 -0.0539985 -0.00317917 -0.0024702 -0.00344061 -0.00456147 0.0263073 3.5556e-05 -0.00193496 -0.000968919 -0.0135408 0.000700295 -0.00899627 0.0122827 0.0191177 -0.00176668 -0.0274481 0.00997043
internal_weight=0 10456 1078 9378 8998 631 8367 560 416 106 8261 8219 8115 447 8016 7817 7562 7162 255 1.39672e+06 37974 36174 4240 31934 3855 4403 2962 1441 452 989
internal_count=1407180 10456 1078 9378 8998 631 8367 560 416 106 8261 8219 8115 447 8016 7817 7562 7162 255 1396724 37974 36174 4240 31934 3855 4403 2962 1441 452 989
is_linear=0
shrinkage=0.1


Tree=144
num_leaves=31
num_cat=0
split_feature=17 16 3 5 3 3 20 3 20 127 1 100 4 6 1 127 123 6 3 123 20 124 2 3 123 100 6 3 3 13
split_gain=15.6017 30.7066 51.0937 82.1846 36.3706 65.5544 38.6031 50.6583 48.5228 63.1741 38.867 34.8436 32.886 31.4969 30.4626 49.631 28.8476 27.486 24.2684 23.0193 30.1906 28.8063 22.6055 22.5426 21.6729 21.1717 22.7586 22.742 20.505 19.8262
threshold=2.5000000000000004 1.0000000180025095e-35 348762.4150000001 3.0000000000000004 175514.91500000001 83091.910000000018 4.5000000000000009 87667.890000000014 6.5000000000000009 0.78888888888888908 53828.000000000007 0.77500000000000013 0.42500000000000004 6.5833333333333348 3334033.0000000005 0.78888888888888908 2394340.0000000005 7.8333333333333348 128424.925 191691.00000000003 2.5000000000000004 7.5000000000000009 157585.50000000003 161130.72000000003 191691.00000000003 1.0000000180025095e-35 6.416666666666667 142941.84000000003 215425.28500000003 528828.50000000012
decision_type=2 2 2 2 2 2 2 2 2 2 2 2 2 2 2 2 2 2 2 2 2 2 2 2 2 2 2 2 2 2
left_child=25 2 4 14 5 19 7 24 9 -8 -9 13 17 16 15 -4 28 22 -11 20 -2 -21 -12 -3 -7 -1 -27 -28 -6 -20
right_child=1 23 3 -5 11 6 8 10 -10 18 12 -13 -14 -15 -16 -17 -18 -19 29 21 -22 -23 -24 -25 -26 26 27 -29 -30 -31
leaf_value=6.1453381753895364e-05 -0.00376026868952406 -0.0008201233374347805 -0.010258757988690036 -0.00060211232947813057 0.012726213500935652 -0.01038146114247507 -0.005292021502963911 -0.0057810259302165882 -0.0073250720472541227 -0.023847974342144088 -0.0011399028696165582 -0.049515554199368532 -0.0015153830399782281 0.00027293112544889419 -0.0001293276317930143 -0.0083779046917813512 -0.0038090368108879761 0.0091511926963696102 -0.016021927913184519 -0.0043708688115782768 0.0040083645444142666 0.00010921540352149521 0.011297794698449437 0.0037621610331704026 -0.019911250401987858 0.022217880897585321 0.015162378901653673 -0.0084683227265837831 0.0042231829684545898 0.00063063776699275324
leaf_weight=1357018 7308 12659 649 1365 387 446 535 1170 787 197 238 42 790 2677 162 271 104 332 99 1592 7245 1503 22 6062 163 921 814 595 992 35
leaf_count=1357018 7308 12659 649 1365 387 446 535 1170 787 197 238 42 790 2677 162 271 104 332 99 1592 7245 1503 22 6062 163 921 814 595 992 35
internal_value=0 -0.00176557 -0.00379743 -0.0176267 -0.00252829 -0.0041257 -0.0144693 -0.00799365 -0.0268525 -0.0431855 -0.00180948 0.00601074 0.00954557 0.00692572 -0.0382108 -0.0452518 0.0186164 0.0273654 -0.0775234 -0.00130418 0.000361347 -0.00913568 0.00301667 0.00139395 -0.0339083 7.19652e-05 0.00959614 0.00160573 0.0224466 -0.0446921
internal_weight=0 47832 29111 2447 26664 22462 4814 3161 1653 866 2552 4202 1382 4160 1082 920 1483 592 331 17648 14553 3095 260 18721 609 1.35935e+06 2330 1409 1379 134
internal_count=1407180 47832 29111 2447 26664 22462 4814 3161 1653 866 2552 4202 1382 4160 1082 920 1483 592 331 17648 14553 3095 260 18721 609 1359348 2330 1409 1379 134
is_linear=0
shrinkage=0.1


Tree=145
num_leaves=31
num_cat=0
split_feature=128 3 20 123 4 13 2 128 0 64 105 137 6 3 3 5 137 137 64 63 63 2 2 63 3 3 6 62 0 4
split_gain=15.7977 19.5928 22.4666 22.8121 34.7387 29.1475 27.3861 20.3356 29.3118 15.1473 36.8067 36.2089 39.8143 68.0995 68.2648 51.5628 42.4315 40.8408 45.8678 56.1078 39.1057 41.4119 41.9946 34.7974 34.753 47.9837 64.8718 123.249 94.339 45.7429
threshold=0.080128205128205135 16926.390000000003 5.5000000000000009 552.50000000000011 1.1450000000000002 1.5000000000000002 225504.39500000002 0.29285714285714287 342251.00000000006 9.367934789216827 15406.500000000002 57991.000000000007 6.416666666666667 43625.525000000001 31308.055000000004 3.0000000000000004 6370.5000000000009 48316.000000000007 70.276804719396168 1.7892200383825954 0.58805312045922198 597657.25000000012 319004.89000000007 13.005398680588025 633520.7300000001 147985.44500000004 5.7500000000000009 1154557.0000000002 559967.00000000012 43819.060000000005
decision_type=2 2 2 2 2 2 2 2 2 2 2 2 2 2 2 2 2 2 2 2 2 2 2 2 2 2 2 2 2 2
left_child=9 -2 3 5 7 6 -3 8 -5 -1 11 12 13 14 17 -14 -17 18 -11 -20 -13 22 -22 -21 25 26 27 29 -28 -15
right_child=1 2 -4 4 -6 -7 -8 -9 -10 10 -12 20 15 24 -16 16 -18 -19 19 23 21 -23 -24 -25 -26 -27 28 -29 -30 -31
leaf_value=0.00012830325848494086 0.009267434583766266 -0.0013714703544134288 0.00090200736877212744 -0.012959449929533282 -0.0048362125725079719 0.010427295521189185 -0.048893459091558865 -0.020096373157143212 0.0075453721152404013 -0.014632156475671046 -0.043971671241815578 0.026137399230725979 -0.01686109644667453 -0.0025605904260828649 0.02247619295892608 -0.0012307960750747575 0.0040217234718156912 0.0433950954687791 0.026236076454589433 -0.093674349883506453 -0.0043192588827648537 0.010489999951534257 -0.024711942114549058 0.010129545184944001 -0.010798745340807514 0.0025030729565553968 -0.0052587244939095506 -0.0032558240584037116 0.0033107866330778762 0.0055520239632906422
leaf_weight=1320644 1123 141 2541 858 2872 965 73 875 175 1397 601 393 5578 4936 1952 25920 4833 137 663 148 1802 774 1434 722 3572 15765 2003 1128 2003 1152
leaf_count=1320644 1123 141 2541 858 2872 965 73 875 175 1397 601 393 5578 4936 1952 25920 4833 137 663 148 1802 774 1434 722 3572 15765 2003 1128 2003 1152
internal_value=0 -0.00403242 -0.00567253 -0.00902971 -0.0121025 0.00342843 -0.0299604 -0.0225617 -0.0130602 3.32528e-05 -0.00133094 -0.00113681 -0.0005978 0.00178 0.0125755 -0.00292632 -0.00132187 0.00327142 0.000776156 0.0127201 -0.00993976 -0.0128901 -0.0178601 -0.00398073 6.95487e-06 0.00123384 -0.00376398 -0.00942898 0.00644037 -0.00380349
internal_weight=0 9623 8500 5959 4780 1179 214 1908 1033 1.39756e+06 76913 76312 71909 35578 5019 36331 30753 3067 2930 1533 4403 4010 3236 870 30559 26987 11222 7216 4006 6088
internal_count=1407180 9623 8500 5959 4780 1179 214 1908 1033 1397557 76913 76312 71909 35578 5019 36331 30753 3067 2930 1533 4403 4010 3236 870 30559 26987 11222 7216 4006 6088
is_linear=0
shrinkage=0.1


Tree=146
num_leaves=31
num_cat=0
split_feature=63 4 2 84 109 4 2 13 66 26 4 6 134 0 5 29 8 62 4 117 67 62 63 92 2 6 53 4 2 4
split_gain=16.2854 45.8906 19.3364 16.086 15.6656 23.4358 19.7474 22.8486 15.0823 14.8336 29.2711 15.9578 16.9682 14.9638 26.1683 14.5013 20.8276 34.9148 14.546 14.4089 14.3966 34.4459 25.6136 17.6673 19.2022 17.5824 17.4534 15.911 24.0509 22.5063
threshold=783077.50000000012 18.315000000000005 459978.93000000005 1239887.5000000002 1.0000000180025095e-35 4420.6800000000012 68892.330000000016 586902.50000000012 2687977.5000000005 2.5000000000000004 30208.655000000002 48.500000000000007 4931993.5000000009 813679.00000000012 3.0000000000000004 381020.00000000006 1.0000000180025095e-35 384628.00000000006 194391.03500000003 0.34848484848484856 10.500000000000002 439821.00000000006 0.73279000000000016 127269.50000000001 133303.62500000003 5.7500000000000009 1.9864713909216178 2837.8050000000007 9575.5450000000019 35023.470000000008
decision_type=2 2 2 2 2 2 2 2 2 2 2 2 2 2 2 2 2 2 2 2 2 2 2 2 2 2 2 2 2 2
left_child=4 2 -2 -3 8 6 7 -6 9 11 -11 15 13 -13 -15 19 -17 18 -18 20 23 26 -23 -1 25 -25 27 28 -22 -29
right_child=1 3 -4 -5 5 -7 -8 -9 -10 10 -12 12 -14 14 -16 16 17 -19 -20 -21 21 22 -24 24 -26 -27 -28 29 -30 -31
leaf_value=3.2655097976586057e-05 0.010986092627135702 0.0043853309665481625 0.006835483858739666 -0.0061116419774754644 0.046809415100253521 -0.014334277041043442 -0.0027234111142929287 0.016396933913168942 0.03464801876107728 0.21547581968951804 0.0014288331138220479 -0.0031388570604343083 -0.032013463168565272 -0.020211032167886667 -0.0052954005612881284 0.073468259303033093 -0.0083226609022559236 0.06382741907502823 -0.043934666034732749 -0.039223517249786899 -0.03641307455170735 -0.018598211098003026 -0.00024581825709954898 -0.03793913865630575 -0.0074109403055230734 -0.039493670885932343 -0.053765006750083624 -0.025667955250991272 0.008850867434658927 0.0077196952708033471
leaf_weight=1307864 67 683 269 165 1472 490 789 140 461 9865 23682 40783 2066 153 369 152 357 500 144 65 2924 123 69 90 2767 125 441 3124 5939 1042
leaf_count=1307864 67 683 269 165 1472 490 789 140 461 9865 23682 40783 2066 153 369 152 357 500 144 65 2924 123 69 90 2767 125 441 3124 5939 1042
internal_value=0 0.0117328 0.043009 -0.000659666 -1.22683e-07 0.00735353 0.0114209 0.0177657 -1.52744e-05 -2.12182e-05 0.00205628 -7.2123e-05 -0.00195967 -0.0015173 -0.0183411 -1.03722e-05 0.0111995 0.00596216 -0.0126954 -2.013e-05 -1.78195e-05 -0.00324722 -0.0453049 1.58381e-05 -0.00767257 -0.0364603 -0.00264773 -0.00198548 0.000410378 -0.00708259
internal_weight=0 1184 336 848 1.406e+06 2891 2401 1612 1.4031e+06 1.40264e+06 33547 1.3691e+06 43371 41305 522 1.32573e+06 1153 1001 501 1.32457e+06 1.32451e+06 13662 192 1.31085e+06 2982 215 13470 13029 8863 4166
internal_count=1407180 1184 336 848 1405996 2891 2401 1612 1403105 1402644 33547 1369097 43371 41305 522 1325726 1153 1001 501 1324573 1324508 13662 192 1310846 2982 215 13470 13029 8863 4166
is_linear=0
shrinkage=0.1


Tree=147
num_leaves=31
num_cat=0
split_feature=109 4 2 6 123 3 127 20 2 0 1 13 0 13 123 127 2 20 17 2 127 123 123 2 0 0 20 2 20 18
split_gain=14.8402 22.5187 20.8609 15.3356 25.3305 34.4999 33.5574 63.3876 40.5737 33.31 34.8743 27.2699 24.3527 57.8972 23.5498 22.7751 20.9526 18.0218 18.015 17.7539 16.509 19.8825 31.7382 23.174 38.7698 16.8559 31.7505 15.8019 15.0966 24.0001
threshold=1.0000000180025095e-35 0.43500000000000005 127518.81000000001 1.4166666666666667 1818786.0000000002 1753031.9250000003 0.78888888888888908 4.5000000000000009 47695.48000000001 196.50000000000003 113599.50000000001 103.50000000000001 1329140.0000000002 1486895.0000000002 553878.50000000012 0.81666666666666676 131601.80000000002 17.500000000000004 5.5000000000000009 13697.675000000001 0.78888888888888908 3526762.5000000005 2765118.0000000005 400704.4150000001 20361825.500000004 1984771.5000000002 6.5000000000000009 191176.64000000004 4.5000000000000009 1.0000000180025095e-35
decision_type=2 2 2 2 2 2 2 2 2 2 2 2 2 2 2 2 2 2 2 2 2 2 2 2 2 2 2 2 2 2
left_child=3 2 -2 4 5 6 14 15 -9 11 -11 -10 17 27 18 -8 19 -12 28 -17 -6 22 25 -23 -25 -22 -27 -14 -1 -30
right_child=1 -3 -4 -5 20 -7 7 8 9 10 12 -13 13 -15 -16 16 -18 -19 -20 -21 21 23 -24 24 -26 26 -28 -29 29 -31
leaf_value=-0.0041085950885356463 0.021772158849183598 0.0077163810925329201 -0.0062383349288464606 2.9229852018020089e-05 -0.00099975842946409569 -0.030524128111281093 -0.0018070842111010178 0.0039128415718853397 -0.0017979072651095774 3.4681316102935787e-05 -0.0037447288342326249 -0.0029900939102048166 0.0024477293457921601 -0.0012203440995047043 0.0017959401236712605 0.010196480928663343 0.0047302637171732012 0.00030423792255681188 0.0078178112483789919 -0.0012286516058396847 0.0015831937380926253 -0.00032009440899661684 0.0043123418509042359 0.0065268785211060974 -0.0037533800003463737 0.0048549566596348343 -0.0022293610712498801 -9.6672002601113564e-05 0.0013764797827826268 -0.0059992312493941883
leaf_weight=1739 486 2370 35 1393943 937 307 407 276 169 352 595 207 68 158 689 134 218 74 160 399 111 591 132 272 217 76 83 35 1343 597
leaf_count=1739 486 2370 35 1393943 937 307 407 276 169 352 595 207 68 158 689 134 218 74 160 399 111 591 132 272 217 76 83 35 1343 597
internal_value=0 0.00716941 0.025993 -2.61828e-06 -0.00383844 -0.00657182 -0.00524764 -0.0132783 -0.0243575 -0.0302671 -0.0225909 -0.0564396 -0.0327379 -0.00683042 0.000236179 0.00522534 0.0155495 -0.0428453 -0.00281903 0.0048672 0.00511877 0.0116876 0.0306726 0.00462095 0.0207247 0.0110262 -0.00985031 0.0515031 -0.00424761 0.0018173
internal_weight=0 2891 521 1.40429e+06 10346 7927 7620 3092 1934 1658 1282 376 930 261 4528 1158 751 669 3839 533 2419 1482 402 1080 489 270 159 103 3679 1940
internal_count=1407180 2891 521 1404289 10346 7927 7620 3092 1934 1658 1282 376 930 261 4528 1158 751 669 3839 533 2419 1482 402 1080 489 270 159 103 3679 1940
is_linear=0
shrinkage=0.1


Tree=148
num_leaves=31
num_cat=0
split_feature=93 2 94 137 4 2 123 20 20 92 4 0 94 92 0 92 13 4 5 93 1 4 53 6 124 6 2 4 3 127
split_gain=14.5674 59.1577 56.8353 52.533 55.7241 35.5966 27.2412 27.2381 76.6844 77.8382 67.6359 57.0563 38.5031 29.7186 28.4983 27.749 27.1521 23.6267 23.415 23.2916 22.7815 20.0307 19.581 39.1528 31.5817 31.0307 36.8707 28.2702 25.5125 24.1341
threshold=6.5000000000000009 1780741.9100000004 0.00054744897959183687 2.5000000000000004 1001.6950000000001 113440.675 42708.500000000007 4.5000000000000009 3.5000000000000004 225.18421052631581 0.8650000000000001 58041.500000000007 9168.2500000000018 0.04083333333333334 1062513.0000000002 3891.5000000000005 759.50000000000011 6240.4550000000008 1.5000000000000002 32.500000000000007 40.500000000000007 1.3050000000000004 0.22775252291922418 14.583333333333334 11.500000000000002 9.5833333333333339 353304.05500000005 2837.8050000000007 249916.38500000004 0.14835164835164838
decision_type=2 2 2 2 2 2 2 2 2 2 2 2 2 2 2 2 2 2 2 2 2 2 2 2 2 2 2 2 2 2
left_child=-1 2 -2 6 5 -5 7 8 9 12 11 -11 14 20 22 19 21 -6 -16 -10 -9 -15 29 24 25 26 -24 -28 -25 -4
right_child=1 -3 3 4 17 -7 -8 13 15 10 -12 -13 -14 16 18 -17 -18 -19 -20 -21 -22 -23 23 28 -26 -27 27 -29 -30 -31
leaf_value=5.533029073137852e-05 -0.095841607455908265 -0.061643767816282807 0.0026230395179194232 0.029222869442109323 0.031663461378275963 -0.015267288274289297 -0.027421689004677053 -0.22578133553587826 0.030019046774210259 0.046830541547221216 -0.015361835369964201 -0.10780073806092574 0.037371421590131119 0.034860936395660548 -0.012301693429814591 -0.0052437730209569282 -0.12742732833916742 0.014565971305447997 -0.0049763468833087868 -0.00018267055797247523 -0.033967270255477945 -0.012735026308713726 -0.012214580478091097 -0.03889992494558428 -0.047572357754211189 0.015148188825829934 -0.056595094563344855 -0.0010326763298188811 0.030550707593118887 0.060132581546104152
leaf_weight=1380499 610 103 9231 1129 646 389 83 225 1140 72 2532 252 189 816 205 285 156 686 174 289 798 5507 310 72 65 190 118 51 120 238
leaf_count=1380499 610 103 9231 1129 646 389 83 225 1140 72 2532 252 189 816 205 285 156 686 174 289 798 5507 310 72 65 190 118 51 120 238
internal_value=0 -0.00230434 -0.0020112 -0.00130245 0.0115076 -0.00159076 -0.00288168 -0.00267562 -0.000285857 -0.00276039 -0.0174647 -0.0604845 0.00107026 -0.00762367 0.000285341 0.0196649 -0.00512269 0.0264349 -0.0266494 0.0253472 -0.0234632 -0.00410586 0.00126738 -0.0126114 -0.0231281 -0.0166624 -0.0302266 -0.0678025 0.0275929 0.00262463
internal_weight=0 26681 26578 25968 2850 1518 23118 23035 15533 13819 2856 324 10963 7502 10774 1714 6479 1332 379 1429 1023 6323 10395 926 734 669 479 169 192 9469
internal_count=1407180 26681 26578 25968 2850 1518 23118 23035 15533 13819 2856 324 10963 7502 10774 1714 6479 1332 379 1429 1023 6323 10395 926 734 669 479 169 192 9469
is_linear=0
shrinkage=0.1


Tree=149
num_leaves=31
num_cat=0
split_feature=17 100 127 3 0 20 20 3 3 3 4 3 5 93 2 1 1 1 3 3 3 17 13 3 3 95 3 20 2 64
split_gain=14.3587 25.4541 26.2981 59.8713 59.2915 35.2535 75.5459 56.4932 64.5257 35.8618 35.2237 32.0328 45.9068 22.804 24.623 23.4468 22.2745 22.0885 36.7094 20.7553 76.1835 19.6174 17.8431 23.0546 23.0333 17.8175 28.1264 22.6096 25.9215 19.8551
threshold=2.5000000000000004 0.77500000000000013 0.78888888888888908 356670.3000000001 1009.5000000000001 10.500000000000002 4.5000000000000009 105826.14500000002 128424.925 157815.12500000003 0.8650000000000001 220514.26000000004 3.0000000000000004 24.500000000000004 187143.75000000003 294503.00000000006 167443.00000000003 1000.5000000000001 81554.10500000001 62334.140000000007 24417.235000000004 4.5000000000000009 2249.0000000000005 68834.155000000013 87667.890000000014 1.0000000180025095e-35 178964.83500000005 22.500000000000004 361636.87500000006 0.15155555782918456
decision_type=2 2 2 2 2 2 2 2 2 2 2 2 2 2 2 2 2 2 2 2 2 2 2 2 2 2 2 2 2 2
left_child=25 2 13 5 -5 6 9 16 -9 17 -7 -11 -13 -2 15 -15 -8 18 -4 20 -19 -10 -21 -24 -25 -1 -27 28 -28 -29
right_child=1 -3 3 4 -6 10 7 8 21 11 -12 12 -14 14 -16 -17 -18 19 -20 22 -22 -23 23 24 -26 26 27 29 -30 -31
leaf_value=5.0906650106236629e-05 -0.00022575341148835753 -0.036388986999723677 0.004733304968682051 -0.0072368608624968807 -0.0011390113031384374 0.019198293462885853 -0.00032618382586271368 -0.021488624191003846 -0.0044566151813529983 0.0086974279735326024 -0.0047952151097453658 -0.0050902403281176713 0.011183948488920207 0.0020835957560658702 -0.043083379532137867 -0.018303609865459581 -0.01635547545067639 0.00083258659106459913 -0.0072243840103469632 -0.006579147226283011 -0.025166955897262921 -0.010467709759496013 0.0027614656101174976 -0.0067689521391257725 0.00024275403630736326 0.018143829339300099 -0.027875883260671998 0.033221462469200505 -0.0022216989315472541 -0.0083431546953756999
leaf_weight=1355010 41211 129 574 219 253 225 480 197 209 281 147 236 198 590 157 193 79 481 194 145 312 87 491 233 511 2778 305 152 995 108
leaf_count=1355010 41211 129 574 219 253 225 480 197 209 281 147 236 198 590 157 193 79 481 194 145 312 87 491 233 511 2778 305 152 995 108
internal_value=0 -0.00169279 -0.00157283 -0.0080423 -0.0421102 -0.00487693 -0.00721859 -0.0308333 -0.0555092 -0.000423548 0.0247588 0.0196631 0.0026316 -0.000720686 -0.0161215 -0.00887423 -0.00907084 -0.00530691 0.00927067 -0.010459 -0.0233516 -0.025995 -0.00305051 0.000845732 -0.0102537 7.00333e-05 0.00646863 -0.0042766 -0.00966052 0.022643
internal_weight=0 47832 47703 5552 472 5080 4708 1052 493 3656 372 715 434 42151 940 783 559 2941 768 2173 793 296 1380 1235 744 1.35935e+06 4338 1560 1300 260
internal_count=1407180 47832 47703 5552 472 5080 4708 1052 493 3656 372 715 434 42151 940 783 559 2941 768 2173 793 296 1380 1235 744 1359348 4338 1560 1300 260
is_linear=0
shrinkage=0.1


Tree=150
num_leaves=31
num_cat=0
split_feature=26 4 2 4 4 62 134 21 3 134 3 133 6 6 3 63 124 3 124 124 3 3 13 6 64 64 64 4 6 4
split_gain=14.1279 28.9603 15.3006 18.8704 23.8078 33.7325 27.4528 53.715 23.0819 22.1206 23.4295 21.5409 15.1828 24.5914 31.2517 25.3415 24.1954 57.229 24.5417 51.2911 155.18 148.931 121.489 162.545 111.759 54.3128 92.026 55.2549 44.0757 40.623
threshold=2.5000000000000004 30208.655000000002 2489761.5900000003 3.4250000000000003 628940.14000000013 10002.000000000002 4160449.5000000005 1.5000000000000002 1753031.9250000003 58669927.000000007 1753031.9250000003 6.0000000000000009 35.583333333333336 24.833333333333339 656988.51500000013 20.763368959021136 12.500000000000002 8806.1000000000004 11.500000000000002 10.500000000000002 255741.03500000003 20409.640000000003 30661.000000000004 20.833333333333339 4.5377890360731883e-06 0.00055086602987999031 0.0015683131222281306 5343.0700000000006 12.833333333333334 1000.0200000000001
decision_type=2 2 2 2 2 2 2 2 2 2 2 2 2 2 2 2 2 2 2 2 2 2 2 2 2 2 2 2 2 2
left_child=2 -2 12 -4 5 -5 7 -6 11 10 -8 -9 13 16 -15 -16 18 -18 19 -1 21 -21 -23 24 28 -26 -27 -28 -24 -22
right_child=1 -3 3 4 6 -7 9 8 -10 -11 -12 -13 -14 14 15 -17 17 -19 -20 20 29 22 23 -25 25 26 27 -29 -30 -31
leaf_value=6.3976628173345601e-05 0.19391469104128076 0.0012724031231543089 -0.024846884601306709 -0.026652172207572655 0.0099442116015351807 0.016687460547155333 0.0013975131565890698 -0.00092626911814270945 -0.020532550982672239 -0.0069188692313026717 0.14701743324983571 -0.06863455804514132 -0.0023007740948872701 0.003053636145291261 0.02668039028748186 0.030378022489284884 0.058359580674246826 -0.0030790525642892782 0.0020769990863114414 0.0029844459904694309 -0.0018277223294403792 0.0049231647305757915 -0.046789653748576326 0.026008577224086629 0.0010115937411235042 -0.01942989581512149 -0.015252434917668124 -0.0076536322512094773 -0.038254984633736187 0.015752397692542355
leaf_weight=1062052 9865 23682 542 388 1931 1309 501 123 1719 3184 377 494 149761 72456 4520 110 1469 29056 27484 4635 746 2007 740 829 684 918 1176 2155 223 2044
leaf_count=1062052 9865 23682 542 388 1931 1309 501 123 1719 3184 377 494 149761 72456 4520 110 1469 29056 27484 4635 746 2007 740 829 684 918 1176 2155 223 2044
internal_value=0 0.00203589 -4.11851e-05 -0.00383155 -0.00284905 0.00794665 -0.00504863 -0.0106502 -0.0208511 0.000835581 0.0148886 -0.037443 -1.1798e-05 0.000105457 0.00183388 0.00979906 -1.18065e-05 -0.00278912 6.48671e-05 -1.03512e-05 -0.00560229 -0.0100797 -0.01777 -0.0242137 -0.0300433 -0.0239603 -0.0281703 -0.0204444 -0.0612039 0.015849
internal_weight=0 33547 1.37363e+06 10568 10026 1697 8329 4267 2336 4062 878 617 1.36306e+06 1.2133e+06 77086 4630 1.13622e+06 30525 1.10569e+06 1.07821e+06 16157 13367 8732 6725 5896 4933 4249 3331 963 2790
internal_count=1407180 33547 1373633 10568 10026 1697 8329 4267 2336 4062 878 617 1363065 1213304 77086 4630 1136218 30525 1105693 1078209 16157 13367 8732 6725 5896 4933 4249 3331 963 2790
is_linear=0
shrinkage=0.1


Tree=151
num_leaves=31
num_cat=0
split_feature=26 4 3 138 6 53 2 123 64 0 6 4 3 123 3 20 5 88 4 137 20 64 6 3 17 1 62 1 3 4
split_gain=13.7018 28.5463 13.9919 61.8599 63.9856 52.0013 51.5486 63.4927 60.5116 107.129 48.351 48.1322 45.8398 44.0917 42.936 110.564 75.0741 74.5354 65.766 98.7138 96.7104 51.8788 68.9748 50.9059 49.221 45.1119 43.859 43.2491 42.8598 126.754
threshold=2.5000000000000004 30208.655000000002 436596.86500000005 4.5000000000000009 20.833333333333339 868.50000000000011 459978.93000000005 5787302.0000000009 1.0059128804662985e-05 1724202.0000000002 6.8333333333333348 552966.24000000011 376032.83000000002 3809396.0000000005 230389.64000000004 12.500000000000002 1.5000000000000002 10983.500000000002 5343.0700000000006 3367.0000000000005 1.5000000000000002 0.99725236843447618 25.833333333333339 297012.86000000004 2.5000000000000004 8051.0000000000009 2772119.5000000005 277.50000000000006 151421.72500000003 13880.995000000001
decision_type=2 2 2 2 2 2 2 2 2 2 2 2 2 2 2 2 2 2 2 2 2 2 2 2 2 2 2 2 2 2
left_child=2 -2 6 5 -5 -4 7 14 11 10 -10 -8 -11 -14 28 17 -17 18 19 24 -20 22 -22 26 27 -21 -23 -16 -1 -30
right_child=1 -3 3 4 -6 -7 8 -9 9 12 -12 -13 13 -15 15 16 -18 -19 20 25 21 23 -24 -25 -26 -27 -28 -29 29 -31
leaf_value=-8.7160328676783028e-05 0.17452322193715269 0.0011451628108388513 -0.00077068571336214031 -0.021375925428433654 0.024488976058126888 0.016321824268578682 -0.0035067493129635088 -0.0039772788808051509 0.014565657127432005 0.0043702908347616918 0.008931686793759764 0.0087225781092764576 0.0023890481506888424 -0.013585639067473055 0.017545430780470144 0.021214503420093355 0.0019804249297902901 0.019841764373903933 -0.0033799038887012411 -0.047405702889420261 -0.024271316926081518 -0.0016445729111976449 0.073564098900724864 -0.014005474052213085 -0.0038050798458172464 0.017796148068524916 0.016777945690267693 -0.00017522728280956442 0.0043167472695706264 0.00059764422747272841
leaf_weight=895586 9865 23682 173335 7653 588 1237 22649 2836 2297 12904 4470 26635 2837 2138 792 1041 10118 1948 58227 72 10246 3704 504 3787 1410 2063 1033 10503 20230 92790
leaf_count=895586 9865 23682 173335 7653 588 1237 22649 2836 2297 12904 4470 26635 2837 2138 792 1041 10118 1948 58227 72 10246 3704 504 3787 1410 2063 1033 10503 20230 92790
internal_value=0 0.0020099 -3.56156e-05 -0.000850175 -0.00931656 -0.000450503 8.94344e-05 -7.98398e-05 0.00264673 0.00669238 0.0174089 0.000623571 0.0026363 -0.00551854 -4.17983e-05 -0.00196179 0.00745073 -0.00307575 -0.00348411 0.00261462 -0.00465191 -0.0107918 -0.0154116 -0.0049655 -0.000728739 0.0225104 0.00194419 0.00147041 0.000158933 0.00199395
internal_weight=0 33547 1.37363e+06 182813 8241 174572 1.19082e+06 1.11689e+06 73930 24646 6767 49284 17879 4975 1.11405e+06 105448 11159 94289 92341 14840 77501 19274 10750 8524 12705 2135 4737 11295 1.00861e+06 113020
internal_count=1407180 33547 1373633 182813 8241 174572 1190820 1116890 73930 24646 6767 49284 17879 4975 1114054 105448 11159 94289 92341 14840 77501 19274 10750 8524 12705 2135 4737 11295 1008606 113020
is_linear=0
shrinkage=0.1


Tree=152
num_leaves=31
num_cat=0
split_feature=6 13 2 20 0 127 2 13 123 2 3 2 14 2 20 1 90 89 4 88 88 146 127 123 0 90 146 4 90 4
split_gain=21.4215 60.3176 65.9617 51.4446 30.2853 26.8295 24.4986 21.4907 50.3032 20.2943 21.8899 25.8056 19.4097 19.2564 19.1115 16.1988 15.2065 60.6152 44.243 42.8306 36.0964 33.8288 33.33 32.3843 52.8894 34.4179 30.0278 24.7784 29.5057 28.2039
threshold=1.0000000180025095e-35 759.50000000000011 86482.490000000005 13.500000000000002 432.50000000000006 0.78888888888888908 275773.34500000003 6752420.0000000009 11590489.500000002 2489761.5900000003 643741.83500000008 938425.29500000004 1.0000000180025095e-35 12960.960000000001 19.500000000000004 6110420.5000000009 0.54583283959149409 0.01876972360146335 27917.500000000004 405384.00000000006 685424.50000000012 53041.000000000007 0.24264705882352944 471.00000000000006 5958.0000000000009 1.5570937648498815 27436.000000000004 48072.870000000003 319.24430955030959 247171.00500000003
decision_type=2 2 2 2 2 2 2 2 2 2 2 2 2 2 2 2 2 2 2 2 2 2 2 2 2 2 2 2 2 2
left_child=1 2 -1 4 5 -4 14 9 -9 10 12 -12 -3 -14 -5 -15 17 -2 23 21 22 26 -19 25 -25 -18 27 -20 -29 -30
right_child=16 7 3 6 -6 -7 -8 8 -10 -11 11 -13 13 15 -16 -17 18 20 19 -21 -22 -23 -24 24 -26 -27 -28 28 29 -31
leaf_value=0.001565137954025797 2.3615637255876567e-05 0.021338920508182313 -0.0089076324785586358 -0.0022439676324861324 -0.0061785556720444397 0.0015527991916319418 -0.00020177576073469986 0.0056550312964799626 -0.0001785439205964634 -0.028176736761734357 0.0065894610321606296 0.0012054991463729793 0.0089179019014120186 -0.00045657607784190565 0.004980635849331283 -0.001854512963096753 0.00075027998797659199 0.032519973721952637 0.033679567606167138 -0.01280815438778622 -0.0035131529710064309 -0.029106789524415245 0.046606105703472102 -0.14962719756968146 -0.012376597715353755 -0.029426209958563977 0.037348670847263302 0.012593599635373277 -0.020085540971360533 0.041993824155311638
leaf_weight=652 1373734 42 296 362 216 186 165 234 574 185 77 264 101 7001 22 79 3317 4460 1422 1944 2780 218 1278 197 350 3399 193 2037 1313 82
leaf_count=652 1373734 42 296 362 216 186 165 234 574 185 77 264 101 7001 22 79 3317 4460 1422 1944 2780 218 1278 197 350 3399 193 2037 1313 82
internal_value=0 -0.00450541 -0.0206281 -0.0341045 -0.0160911 -0.002147 -0.0570068 -0.000927408 0.0145922 -0.00254566 -0.00174532 0.0230134 -0.00291419 -0.00331064 -0.0708539 -0.00392913 3.77864e-05 7.15486e-05 -0.00318691 0.00236291 0.00848123 0.0070466 0.0130124 -0.00869546 -0.032093 -0.00678979 0.00871253 0.00717446 0.00257547 -0.0086289
internal_weight=0 10456 1899 1247 698 482 549 8557 808 7749 7564 341 7223 7181 384 7080 1.39672e+06 1.38225e+06 14472 7209 8518 5265 5738 7263 547 6716 5047 4854 3432 1395
internal_count=1407180 10456 1899 1247 698 482 549 8557 808 7749 7564 341 7223 7181 384 7080 1396724 1382252 14472 7209 8518 5265 5738 7263 547 6716 5047 4854 3432 1395
is_linear=0
shrinkage=0.1


Tree=153
num_leaves=31
num_cat=0
split_feature=6 13 2 20 0 2 3 127 14 123 2 123 0 127 0 2 0 2 123 127 2 13 2 2 100 3 2 0 2 0
split_gain=17.4739 49.3703 51.1526 43.5476 25.1526 25.7993 34.4002 23.5646 19.1219 18.3131 17.3615 19.8843 26.2142 19.9882 19.2379 24.3803 19.3366 18.4036 18.1831 15.6776 23.9074 36.3513 24.0595 21.4961 21.7447 27.3428 18.504 20.9059 19.5518 22.7122
threshold=1.0000000180025095e-35 759.50000000000011 86482.490000000005 5.5000000000000009 432.50000000000006 441329.70000000007 130532.32000000002 0.81666666666666676 1.0000000180025095e-35 157.50000000000003 12960.960000000001 1818786.0000000002 1724202.0000000002 0.78888888888888908 42496368.500000007 400704.4150000001 3808670.0000000005 251016.24000000002 11590489.500000002 0.78888888888888908 191176.64000000004 789543.50000000012 173072.46000000005 88465.965000000011 0.69047619047619058 234791.10500000001 247786.15500000003 519544.50000000006 270838.87000000005 400005.50000000006
decision_type=2 2 2 2 2 2 2 2 2 2 2 2 2 2 2 2 2 2 2 2 2 2 2 2 2 2 2 2 2 2
left_child=1 2 -1 4 5 6 -4 9 -3 -5 -10 12 19 -13 15 16 -15 -14 -17 23 22 26 -21 -12 25 -25 27 -22 -28 -30
right_child=-2 8 3 7 -6 -7 -8 -9 10 -11 11 13 17 14 -16 18 -18 -19 -20 20 21 -23 -24 24 -26 -27 28 -29 29 -31
leaf_value=0.0014086241586232175 3.8758797070614918e-05 0.015094782338251511 -0.0077411143021139054 -0.0013345373764801901 -0.0056215028029753759 -0.0073917662511384548 0.0053131199091256513 -0.001396259452381754 0.008026111711270812 0.00037849321733343162 -0.0018351167432842264 -0.0011221798315158794 -0.0036713468654122807 0.0013009260095749209 -0.011282035894689724 0.0074581365412951907 -0.00028113038054609945 0.0010222870669799433 0.0022062916626100384 -0.00065682383441636463 0.0055955952653367587 -0.0032817764350818292 0.016571938340599474 0.0039110147442667411 -0.026021512112143669 -0.00033548760379726575 -0.0068139509263509812 -0.0017071389139427353 -0.0052540406765463031 0.0024107081926261144
leaf_weight=652 1396724 43 120 103 213 177 176 427 101 31 2394 913 107 467 106 216 484 21 206 1555 40 197 25 659 52 789 27 22 96 37
leaf_count=652 1396724 43 120 103 213 177 176 427 101 31 2394 913 107 467 106 216 484 21 206 1555 40 197 25 659 52 789 27 22 96 37
internal_value=0 -0.00406922 -0.0186556 -0.0305232 -0.0136239 -0.000774349 0.0172855 -0.0511879 -0.000832149 -0.0146023 -0.0011681 -0.00166288 -0.00472714 0.0060503 0.0132325 0.0164014 0.00752474 -0.0494982 0.0364055 -0.00375468 -0.0109535 -0.0321899 -0.00532184 -5.91202e-05 0.00932726 0.0116089 -0.00444336 0.0419355 -0.0224152 -0.00666486
internal_weight=0 10456 1899 1247 686 473 296 561 8557 134 8514 8413 6021 2392 1479 1373 951 128 422 5893 1999 419 1580 3894 1500 1448 222 62 160 133
internal_count=1407180 10456 1899 1247 686 473 296 561 8557 134 8514 8413 6021 2392 1479 1373 951 128 422 5893 1999 419 1580 3894 1500 1448 222 62 160 133
is_linear=0
shrinkage=0.1


Tree=154
num_leaves=31
num_cat=0
split_feature=26 4 117 93 29 4 62 137 64 2 20 20 6 20 6 0 20 64 5 20 6 4 20 62 62 138 6 62 137 20
split_gain=13.5132 28.1991 13.3541 13.3518 15.0767 21.0138 24.7726 12.9037 78.0378 62.5915 103.273 72.8027 79.9249 67.3478 96.9922 76.7835 96.9365 71.2237 69.6145 62.9658 70.6401 66.6992 68.769 67.466 64.2691 56.2487 84.2143 77.6204 73.3726 55.3137
threshold=2.5000000000000004 30208.655000000002 0.34848484848484856 1003914.0000000001 381020.00000000006 185154.24500000002 378816.00000000006 391856.50000000006 0.77057933600366024 19577.395000000004 1.0000000180025095e-35 2.5000000000000004 7.8333333333333348 1.0000000180025095e-35 5.416666666666667 1366925.5000000002 1.5000000000000002 0.59670657254810278 1.5000000000000002 6.5000000000000009 4.416666666666667 29126.580000000005 2.5000000000000004 10419675.000000002 989659.00000000012 5.5000000000000009 6.416666666666667 960946.00000000012 1106923.0000000002 13.500000000000002
decision_type=2 2 2 2 2 2 2 2 2 2 2 2 2 2 2 2 2 2 2 2 2 2 2 2 2 2 2 2 2 2
left_child=2 -2 3 4 7 -6 -7 -1 9 10 -9 12 -12 14 17 16 -15 -11 -18 20 -17 22 24 -23 -22 27 29 -10 -29 -27
right_child=1 -3 -4 -5 5 6 -8 8 25 13 11 -13 -14 15 -16 19 18 -19 -20 -21 21 23 -24 -25 -26 26 -28 28 -30 -31
leaf_value=-0.00014706999365925457 0.15706466230000482 0.0010244090863223755 -0.03531863127747608 -0.017776379116568326 0.04696246523741221 -0.039229390827924884 0.013502717824988263 0.056251674260640039 0.030512789080572172 -0.03233520618823469 0.00072212963925461665 0.062581368396815454 -0.018283955997296476 0.019880170509227437 -0.0048892354505405879 -0.025848589681184111 0.010578432746793036 0.013461194881711692 -0.00055483177414355892 -0.00067824473605053773 0.017006030838544971 -0.014481938357152552 -0.0096166987922466727 0.13056432269600254 0.008434202068404997 -0.0077972537853464091 0.0047387527019187581 -0.0082624237645895441 0.022108321301722401 -0.083805926952973647
leaf_weight=1266742 9865 23682 65 264 801 166 142 1622 2822 1627 3037 5844 1129 2884 4644 2144 3035 80 17874 29287 755 5208 3056 245 1825 1362 8508 1910 5829 726
leaf_count=1266742 9865 23682 65 264 801 166 142 1622 2822 1627 3037 5844 1129 2884 4644 2144 3035 80 17874 29287 755 5208 3056 245 1825 1362 8508 1910 5829 726
internal_value=0 0.00198927 -4.21072e-05 -3.99623e-05 -3.56395e-05 0.0116193 -0.0105794 -4.5059e-05 0.00101777 -0.000345073 0.00646555 0.00267262 -0.00742809 -0.00143531 -0.0112727 -0.000493153 0.00405575 -0.0316561 0.00168519 -0.00303859 -0.00876344 -0.0055508 0.00207783 -0.0134354 0.0140999 0.00644777 0.0013001 0.0116125 0.00643558 -0.0166957
internal_weight=0 33547 1.37363e+06 1.37357e+06 1.3733e+06 1109 308 1.3722e+06 105453 84296 11632 10010 4166 72664 6351 66313 23793 1707 20909 42520 13233 11089 5636 5453 2580 21157 10596 10561 7739 2088
internal_count=1407180 33547 1373633 1373568 1373304 1109 308 1372195 105453 84296 11632 10010 4166 72664 6351 66313 23793 1707 20909 42520 13233 11089 5636 5453 2580 21157 10596 10561 7739 2088
is_linear=0
shrinkage=0.1


Tree=155
num_leaves=31
num_cat=0
split_feature=128 123 4 2 124 21 20 2 0 2 0 13 20 2 0 6 20 13 5 0 0 6 13 20 5 20 20 2 20 5
split_gain=13.0336 21.4596 29.5556 27.1589 24.8209 28.4167 13.0911 17.2919 16.4594 13.087 96.4951 51.3358 49.0335 38.7758 70.9615 80.8692 61.6112 32.4759 48.4245 64.1642 45.9998 27.975 36.4752 55.5946 46.5273 33.6327 87.22 30.954 27.9575 51.2015
threshold=0.26136363636363641 2644.0000000000005 0.8650000000000001 105916.145 8.5000000000000018 2.5000000000000004 19.500000000000004 23404.985000000004 68096.500000000015 1.5050000000000001 45.500000000000007 3.5000000000000004 6.5000000000000009 2.6400000000000001 138.50000000000003 4.8333333333333348 1.5000000000000002 35.500000000000007 1.0000000180025095e-35 74.500000000000014 74.500000000000014 7.8333333333333348 44.500000000000007 5.5000000000000009 1.0000000180025095e-35 9.5000000000000018 6.5000000000000009 1.2050000000000003 9.5000000000000018 1.5000000000000002
decision_type=2 2 2 2 2 2 2 2 2 2 2 2 2 2 2 2 2 2 2 2 2 2 2 2 2 2 2 2 2 2
left_child=9 3 6 -2 5 -5 7 8 -3 10 11 12 -1 14 15 17 -17 -11 19 -19 -20 22 24 -24 -13 26 27 -26 29 -14
right_child=1 2 -4 4 -6 -7 -8 -9 -10 13 -12 21 28 -15 -16 16 -18 18 20 -21 -22 -23 23 -25 25 -27 -28 -29 -30 -31
leaf_value=0.07072533837632751 0.023346654158617499 0.0066746222627757758 -0.0037434578398341635 -0.016331401376221157 0.012217245797218276 0.021496810165534532 0.0028769272269472722 -0.019320776556216002 -0.012427800798383015 0.0055578059218875202 -0.017023825636770618 -0.039737397028140158 0.73181188462957081 1.6450598510021972e-05 0.1033703151660266 -0.013833555047084212 0.072318057795301413 -0.023468657434178322 -0.0087804204803876417 -0.064950552975491571 0.026832000256181401 -0.0345533537709777 0.011321243297288964 0.0070581965452098279 0.0020037175853410915 0.0041058858414313145 -0.014205199481100821 -0.0046726540650763315 -0.0027200994774020711 -0.053157337050283707
leaf_weight=5135 994 190 3206 381 318 39 72 524 208 2704 1368 776 216 1351595 683 1105 8478 313 2941 348 1425 427 402 2466 5172 6225 1760 4930 2551 228
leaf_count=5135 994 190 3206 381 318 39 72 524 208 2704 1368 776 216 1351595 683 1105 8478 313 2941 348 1425 427 402 2466 5172 6225 1760 4930 2551 228
internal_value=0 -0.00466523 -0.00852766 0.00470092 -0.0098318 -0.0257895 -0.0235932 -0.0268002 -0.0110864 3.20757e-05 -0.00197808 -0.000804721 0.00599193 7.85374e-05 0.00468968 0.00344251 0.00958098 -0.00416645 -0.00891993 -0.0341442 -0.00510105 -0.00329848 -0.00280041 0.0077065 -0.00439792 -0.0033692 -0.00649304 -0.00291387 -0.00417695 -0.0273357
internal_weight=0 5932 4200 1732 738 420 994 922 398 1.40125e+06 31656 30288 8130 1.36959e+06 17997 17314 9583 7731 5027 661 4366 22158 21731 2868 18863 18087 11862 10102 2995 444
internal_count=1407180 5932 4200 1732 738 420 994 922 398 1401248 31656 30288 8130 1369592 17997 17314 9583 7731 5027 661 4366 22158 21731 2868 18863 18087 11862 10102 2995 444
is_linear=0
shrinkage=0.1


Tree=156
num_leaves=31
num_cat=0
split_feature=17 16 3 63 0 127 6 3 3 20 127 20 3 2 1 100 123 6 62 124 62 123 123 2 2 3 6 20 3 138
split_gain=12.9828 24.8037 30.3861 60.2846 32.8062 33.9954 32.9206 27.3398 61.7848 31.606 46.8279 73.2975 43.3744 36.6348 31.5613 30.9685 32.7653 32.5306 26.1566 29.5223 26.1421 21.6423 19.8568 26.5757 45.9428 42.7839 23.9101 23.2854 22.0308 18.9069
threshold=2.5000000000000004 1.0000000180025095e-35 348762.4150000001 0.04863276948214338 3079563.5000000005 0.78888888888888908 3.8333333333333335 175514.91500000001 83091.910000000018 4.5000000000000009 0.78888888888888908 5.5000000000000009 87667.890000000014 157585.50000000003 53828.000000000007 0.69047619047619058 2394340.0000000005 6.5833333333333348 39009.000000000007 4.5000000000000009 13404.500000000002 277958.50000000006 191691.00000000003 52391.530000000006 73922.430000000008 21182.050000000003 1.7500000000000002 2.5000000000000004 42483.400000000009 15.500000000000002
decision_type=2 2 2 2 2 2 2 2 2 2 2 2 2 2 2 2 2 2 2 2 2 2 2 2 2 2 2 2 2 2
left_child=-1 2 7 4 5 -4 -7 8 22 12 -11 -12 21 -13 -14 16 17 -9 19 -16 -17 -10 27 25 26 -24 -25 29 -27 -2
right_child=1 -3 3 -5 -6 6 -8 15 9 10 11 13 14 -15 18 20 -18 -19 -20 -21 -22 -23 23 24 -26 28 -28 -29 -30 -31
leaf_value=7.5635661819072313e-05 -0.0020412942509528522 0.00078505297191774892 -0.010053480703408661 0.00016080129662350445 0.00040233558623947556 0.00012972432539949398 -0.0077454268464955123 0.0066053106979293286 -0.0089051882794905172 -0.0059625521496561558 -0.018252823799944914 0.019242473395095262 -0.0053269606087224574 -0.0073861467716206906 -0.00012471188572631245 -0.043677660017205057 -0.0037578012931514314 0.00088236549675234366 -0.0025220195676154164 0.0084280082840012868 0.0030750534217220443 -0.018545402752138184 -0.00025149646941597937 -0.0031019643783008369 -0.0035416012334559266 -0.0091358678816566563 0.0029865111497112021 0.0035445611826952828 -0.050085315906259635 -0.01677877304097608
leaf_weight=1359348 6813 18721 715 1276 189 46 221 1351 471 1177 199 41 1170 236 393 86 257 2464 568 421 44 138 419 147 1241 378 839 7245 71 495
leaf_count=1359348 6813 18721 715 1276 189 46 221 1351 471 1177 199 41 1170 236 393 86 257 2464 568 421 44 138 419 147 1241 378 839 7245 71 495
internal_value=0 -0.0016037 -0.00342985 -0.0140947 -0.0304792 -0.0378222 -0.0682697 -0.00245112 -0.00383608 -0.0138779 -0.0250828 -0.0515495 -0.00801844 -0.0182891 -0.00229611 0.00495228 0.00648619 0.0088144 0.00793625 0.0194283 -0.0430945 -0.0319977 -0.00109689 -0.00837055 -0.00258543 -0.0232132 0.0135283 0.000450001 -0.0446601 -0.00353277
internal_weight=0 47832 29111 2447 1171 982 267 26664 22462 4814 1653 476 3161 277 2552 4202 4072 3815 1382 814 130 609 17648 3095 2227 868 986 14553 449 7308
internal_count=1407180 47832 29111 2447 1171 982 267 26664 22462 4814 1653 476 3161 277 2552 4202 4072 3815 1382 814 130 609 17648 3095 2227 868 986 14553 449 7308
is_linear=0
shrinkage=0.1


Tree=157
num_leaves=31
num_cat=0
split_feature=26 2 6 105 1 4 137 64 2 62 123 2 13 5 64 3 4 4 64 64 64 3 124 4 123 123 6 3 20 2
split_gain=12.9753 21.1333 12.6673 41.773 40.2294 63.5295 50.3218 48.5281 113.159 46.2676 99.348 44.4791 52.2054 41.9878 41.7424 72.0613 60.2593 82.5821 128.805 96.0182 75.1089 53.4694 47.0069 46.9517 39.2694 42.6303 39.778 38.1735 37.2076 90.3178
threshold=40413.500000000007 40196.405000000006 10.16666666666667 4897042.5000000009 167443.00000000003 12091.515000000001 5255.5000000000009 0.66231034138010036 68892.330000000016 217917.50000000003 3809396.0000000005 103402.61000000002 176116.50000000003 1.5000000000000002 0.020431815636266056 55216.060000000005 14587.040000000003 21964.240000000002 0.0002807567804118706 4.5377890360731883e-06 0.0015683131222281306 201311.46000000005 10.500000000000002 40981.885000000009 1160979.0000000002 1158196.0000000002 11.16666666666667 674787.88000000012 3.5000000000000004 333266.21500000003
decision_type=2 2 2 2 2 2 2 2 2 2 2 2 2 2 2 2 2 2 2 2 2 2 2 2 2 2 2 2 2 2
left_child=2 -2 -1 4 5 -4 27 -8 -9 10 11 12 -6 -14 15 -11 -17 18 -18 28 22 23 -20 -21 25 -16 -26 -7 -19 -30
right_child=1 -3 3 -5 9 6 7 8 -10 14 -12 -13 13 -15 24 16 17 19 20 21 -22 -23 -24 -25 26 -27 -28 -29 29 -31
leaf_value=0.000177109978982426 0.13417922698107709 -0.0024673549162232081 0.0054234264577914292 0.047333468625754466 -0.019339163034892217 -0.0017733071075941799 -0.0095625806330326968 -0.02788637928969008 0.0032329235352017444 0.023935245890028756 -0.017798062188185984 -0.00069455087226893747 0.18814817534426206 -0.0062466946490196277 -0.00026562283663643231 0.0098114969340257294 0.011278842648804552 -0.051121027647759498 -0.0039346619455652978 0.037022468031070559 0.011510157666933566 -0.0019028317276199803 -0.041448497650454198 0.01206980962220862 -0.015709649018046886 0.019430341340552063 -0.0045353546394492263 0.013895372032519539 0.038427725566054963 -0.021448409608161401
leaf_weight=855308 7559 10210 99832 58 6425 303360 3562 419 421 3812 144 15860 565 14682 33429 7317 343 588 122 719 149 3407 736 1049 860 320 18994 15284 355 1291
leaf_count=855308 7559 10210 99832 58 6425 303360 3562 419 421 3812 144 15860 565 14682 33429 7317 343 588 122 719 149 3407 736 1049 860 320 18994 15284 355 1291
internal_value=0 0.00269828 -2.12057e-05 -0.000403304 -0.00041252 3.24832e-05 -0.000648886 -0.0112676 -0.0328888 -0.00210531 -0.00495459 -0.00463652 -0.00758147 -0.00439542 -0.00064459 0.00326806 0.000336873 -0.00525893 -0.0280062 -0.00111414 -0.0460335 0.00636555 -0.0574145 0.020476 -0.00209628 -2.02811e-05 -0.00562517 -0.000502191 -0.0184406 -0.0107272
internal_weight=0 17769 1.38941e+06 534103 534045 422878 323046 4402 840 111167 37676 37532 21672 15247 73491 19888 16076 8759 1350 7409 1007 5175 858 1768 53603 33749 19854 318644 2234 1646
internal_count=1407180 17769 1389411 534103 534045 422878 323046 4402 840 111167 37676 37532 21672 15247 73491 19888 16076 8759 1350 7409 1007 5175 858 1768 53603 33749 19854 318644 2234 1646
is_linear=0
shrinkage=0.1


Tree=158
num_leaves=31
num_cat=0
split_feature=147 146 4 146 2 146 90 146 89 4 2 1 3 6 20 64 52 4 13 64 1 63 63 63 4 0 62 4 3 6
split_gain=14.2944 24.4104 18.2179 14.3471 29.7967 28.9728 42.0907 22.0331 21.7988 20.143 15.8978 15.0304 13.7697 42.2114 90.1629 54.8917 41.5806 48.7122 40.6813 84.5898 44.4094 39.6654 62.9443 76.231 60.4882 136.134 60.9945 58.5252 48.9321 47.8262
threshold=9.5000000000000018 2601971.0000000005 22796.485000000004 38889.000000000007 41299.250000000007 7381.5000000000009 2055398.0000000002 319167.00000000006 29448.000000000004 21036.030000000002 333266.21500000003 1260853.5000000002 230389.64000000004 5.7500000000000009 23.500000000000004 1.0847922267505277 331.00000000000006 1001.6950000000001 9141671.0000000019 0.014287491317581525 9981490.5000000019 22233.744444444448 777.18818407960214 99.974375000000023 4420.6800000000012 1000002.5000000001 856800.50000000012 21964.240000000002 130532.32000000002 11.833333333333334
decision_type=2 2 2 2 2 2 2 2 2 2 2 2 2 2 2 2 2 2 2 2 2 2 2 2 2 2 2 2 2 2
left_child=3 2 -2 5 7 8 -7 -5 12 -10 11 -6 21 -14 16 -16 18 -18 20 -20 -15 22 23 -1 25 26 -23 -25 29 -27
right_child=1 -3 -4 4 10 6 -8 -9 9 -11 -12 -13 13 14 15 -17 17 -19 19 -21 -22 24 -24 27 -26 28 -28 -29 -30 -31
leaf_value=0.00027319103993646011 -0.0097449413935182701 -0.018330000913041673 0.020551970477570677 -0.048717095197922257 -0.0047887887269734766 0.031747332628792035 0.03804399219514832 -0.072416607777847197 -0.049904289535616833 -0.0085387952631339244 0.047791152093700023 -0.030239203672544915 0.00086923342568698487 -0.0014060312111132236 -0.027258941043243858 0.026286035887003314 -0.0077126671275875502 0.026715057014240914 -0.0093852999128403967 0.049538037714684451 -0.013508520781652412 -0.0059794904374127541 0.0032942469548726165 -0.012717287641048665 0.00077112981342463479 0.00035224738178594555 -0.0087595674773901979 0.017981119719321013 -0.01156812736172389 -0.0035975476466511102
leaf_weight=1000248 4112 128 6804 1933 3997 1808 219 55 241 920 832 259 73360 277002 1224 223 595 895 2621 3690 7260 1066 5733 3441 4588 2525 526 375 283 217
leaf_count=1000248 4112 128 6804 1933 3997 1808 219 55 241 920 832 259 73360 277002 1224 223 595 895 2621 3690 7260 1066 5733 3441 4588 2525 526 375 283 217
internal_value=0 0.00359754 0.00410664 -1.43131e-05 -0.00450575 8.56669e-06 0.0119553 -0.0148871 -8.89225e-06 -0.0137057 -0.000449502 -0.00292097 2.58209e-06 -0.000522748 -0.00105901 -0.0259594 -0.000935644 0.0157269 -0.00102109 0.00692 -0.00119739 0.000191716 0.000251284 0.000191626 -0.00634295 -0.0144238 -0.0380936 -0.0139154 -0.00196679 0.00211917
internal_weight=0 11044 10916 1.39614e+06 7076 1.38906e+06 2027 1988 1.38703e+06 1161 5088 4256 1.38587e+06 366870 293510 1447 292063 1490 290573 6311 284262 1.019e+06 1.0098e+06 1.00406e+06 9205 4617 1592 3816 3025 2742
internal_count=1407180 11044 10916 1396136 7076 1389060 2027 1988 1387033 1161 5088 4256 1385872 366870 293510 1447 292063 1490 290573 6311 284262 1019002 1009797 1004064 9205 4617 1592 3816 3025 2742
is_linear=0
shrinkage=0.1


Tree=159
num_leaves=31
num_cat=0
split_feature=6 13 123 20 2 0 14 2 17 123 0 3 3 2 1 1 123 2 2 123 2 127 2 2 3 2 2 3 2 100
split_gain=16.9269 42.406 63.0563 22.5306 26.9597 22.461 18.2408 17.7966 17.0802 16.7489 24.9254 23.656 28.2216 16.7303 20.7391 18.8938 22.0138 19.8633 17.9094 24.9815 24.121 22.9644 16.5226 15.605 16.8736 38.3761 19.3333 61.7743 26.4492 22.7056
threshold=1.4166666666666667 342.50000000000006 59.500000000000007 3.5000000000000004 441329.70000000007 13.500000000000002 1.0000000180025095e-35 12960.960000000001 3.5000000000000004 1818786.0000000002 1724202.0000000002 1753031.9250000003 643741.83500000008 91082.035000000018 2070485.0000000002 1979252.5000000002 2765118.0000000005 105916.145 270838.87000000005 13126771.000000002 194558.83500000005 0.78888888888888908 105916.145 361636.87500000006 262202.26000000007 254726.14000000004 194558.83500000005 191862.25500000003 107709.85500000003 0.69047619047619058
decision_type=2 2 2 2 2 2 2 2 2 2 2 2 2 2 2 2 2 2 2 2 2 2 2 2 2 2 2 2 2 2
left_child=1 2 5 4 -4 -1 -3 -8 -5 10 11 12 23 14 -11 -15 -17 -18 20 21 -19 -20 -12 24 25 26 27 28 -9 -30
right_child=-2 6 3 8 -6 -7 7 9 -10 13 22 -13 -14 15 -16 16 17 18 19 -21 -22 -23 -24 -25 -26 -27 -28 -29 29 -31
leaf_value=-0.0013241215371651554 4.5075506177684414e-05 0.011820074935387663 0.0020549614385097395 -0.0016235489906229657 -0.016366117009281457 0.0084132123140066902 0.0071839688115848954 -0.0010127378451539881 0.010518289309778727 0.00092755454296143962 -0.0036410948262210808 -0.016906565178161161 0.003919133572759026 0.0015306878888261433 0.0073515050200642865 -0.0020196997846621905 0.0024223272093455623 -5.7280148783959986e-05 0.00082713474433869646 -0.0004074150294850476 -0.0045445258395864002 0.0058550131153781498 -0.0025211642631510463 -0.0015415368792231386 0.0023540231365927439 -0.0083013775252330814 0.0053979118337939454 -0.0028339475187404515 0.0025233198616787357 -0.021723690790770397
leaf_weight=236 1396655 46 176 679 104 307 101 4128 24 93 47 278 175 76 52 268 43 585 332 531 128 294 82 377 298 76 283 100 574 32
leaf_count=236 1396655 46 176 679 104 307 101 4128 24 93 47 278 175 76 52 268 43 585 332 531 128 294 82 377 298 76 283 100 574 32
internal_value=0 -0.00398475 -0.019399 -0.0345071 -0.0105183 0.0079514 -0.00137089 -0.0016936 -0.0440617 -0.00216984 -0.00482432 -0.00393626 -0.00262414 0.00495813 0.0378848 0.00284277 0.00113483 0.0048952 0.00335001 0.0110324 -0.00911641 0.0245657 -0.0483393 -0.00380429 -0.00245305 -0.00378099 -0.00273333 -0.00422058 -0.00257759 0.016931
internal_weight=0 10525 1526 983 280 543 8999 8953 703 8852 6450 6321 6043 2402 145 2257 2181 1913 1870 1157 713 626 129 5868 5491 5193 5117 4834 4734 606
internal_count=1407180 10525 1526 983 280 543 8999 8953 703 8852 6450 6321 6043 2402 145 2257 2181 1913 1870 1157 713 626 129 5868 5491 5193 5117 4834 4734 606
is_linear=0
shrinkage=0.1


Tree=160
num_leaves=31
num_cat=0
split_feature=126 8 0 20 123 6 0 4 0 4 126 0 20 4 127 3 123 124 6 4 5 53 6 0 3 6 2 62 3 20
split_gain=13.1798 30.1229 53.7189 46.0076 40.4788 70.8175 53.6742 37.0241 31.5988 30.3986 27.3151 25.6266 24.1002 23.5773 20.756 20.373 19.2997 17.7514 47.9364 22.869 18.8881 21.7493 18.8417 23.2459 21.3366 16.8551 16.7942 17.0249 16.318 16.3028
threshold=0.14835164835164838 1.0000000180025095e-35 3930499.5000000005 23.500000000000004 553878.50000000012 4.8333333333333348 282501.00000000006 2.1250000000000004 211378.50000000003 929.1400000000001 0.87500000000000011 1128489.5000000002 17.500000000000004 16180.365000000002 0.45804195804195807 365319.97500000003 1189312.0000000002 7.5000000000000009 7.8333333333333348 36605.180000000008 3.0000000000000004 2.3986061914697467 5.166666666666667 758167.00000000012 194857.23000000001 5.416666666666667 459978.93000000005 2373270.0000000005 19857.690000000006 21.500000000000004
decision_type=2 2 2 2 2 2 2 2 2 2 2 2 2 2 2 2 2 2 2 2 2 2 2 2 2 2 2 2 2 2
left_child=-1 2 3 4 6 12 9 8 -3 14 -4 -7 15 28 -2 -6 -5 19 -19 -15 21 -21 23 24 -22 -24 27 -20 -9 -10
right_child=1 7 10 16 5 11 -8 13 29 -11 -12 -13 -14 17 -16 -17 -18 18 26 20 22 -23 25 -25 -26 -27 -28 -29 -30 -31
leaf_value=6.055446629099009e-05 0.0029731350647147717 0.014641283230143066 -0.0037416393839705079 -0.01367173523993055 0.011916016253510282 0.00021371024507730658 -0.011781621245565433 0.0052385050768604564 -0.0038906689796562866 -0.02463100748148166 -0.012697002292048854 -0.010533916049946588 0.00062465663717463653 0.0099703137540176102 -0.0046111522671268583 0.000583990220468198 -0.010377948800501247 -0.016976057853658199 -0.0030007673524809035 0.02853203927051795 -0.019480139511255382 0.0039023238047701751 0.12005256535114957 -0.00043378917685256148 -0.0048953410595238972 0.0085935159125995683 0.016083987450920791 -0.036257922306480339 -0.0057436278233475415 0.0051957420324020512
leaf_weight=1379044 3420 1456 103 542 351 107 655 1288 1109 1201 112 158 255 795 1152 130 40 1765 1411 160 214 590 24 1518 366 1710 2054 49 5176 225
leaf_count=1379044 3420 1456 103 542 351 107 655 1288 1109 1201 112 158 255 795 1152 130 40 1765 1411 160 214 590 24 1518 366 1710 2054 49 5176 225
internal_value=0 -0.00212577 -0.00721625 -0.00589238 -0.00377125 0.0149343 -0.00668416 -2.25918e-05 0.0106595 -0.00360619 -0.0565442 -0.0293928 0.0308944 -0.00176342 0.000112969 0.04407 -0.0329678 0.00112692 -0.00299229 0.00517104 0.00245454 0.0169672 -0.00038589 -0.00676073 -0.0237898 0.00732715 0.0037612 -0.00443859 -0.00652819 -0.000458742
internal_weight=0 28136 8226 8011 7429 1001 6428 19910 2790 5773 215 265 736 17120 4572 481 582 10656 5279 5377 4582 750 3832 2098 580 1734 3514 1460 6464 1334
internal_count=1407180 28136 8226 8011 7429 1001 6428 19910 2790 5773 215 265 736 17120 4572 481 582 10656 5279 5377 4582 750 3832 2098 580 1734 3514 1460 6464 1334
is_linear=0
shrinkage=0.1


Tree=161
num_leaves=31
num_cat=0
split_feature=134 0 20 146 13 137 6 4 20 1 2 137 137 3 3 137 2 0 2 4 62 0 123 17 123 6 20 4 123 62
split_gain=12.9349 13.4143 40.2095 36.8636 33.3134 56.2553 113.365 62.1463 53.7539 60.8059 34.7987 33.9182 35.2946 147.47 33.2254 121.232 71.7281 54.4396 54.1427 52.0286 54.8398 82.451 83.174 82.1373 78.9321 66.3236 65.4195 84.9978 64.6563 50.6994
threshold=47994026.500000007 30661.000000000004 25.500000000000004 7381.5000000000009 15002.500000000002 9051.0000000000018 4.8333333333333348 9042.5150000000012 3.5000000000000004 13349.000000000002 62032.990000000005 6370.5000000000009 5255.5000000000009 132.60000000000002 87667.890000000014 2924306.5000000005 154865.70500000005 6601016.5000000009 68892.330000000016 55318.500000000007 1885021.0000000002 146894.50000000003 3809396.0000000005 1.0000000180025095e-35 3808234.5000000005 8.8333333333333339 1.5000000000000002 0.28500000000000009 1980619.0000000002 557390.50000000012
decision_type=2 2 2 2 2 2 2 2 2 2 2 2 2 2 2 2 2 2 2 2 2 2 2 2 2 2 2 2 2 2
left_child=1 3 14 4 5 11 8 -8 9 -7 -9 12 -1 -14 15 16 -3 -18 -17 20 21 -16 24 -24 26 -25 27 28 -23 -21
right_child=-2 2 -4 -5 -6 6 7 10 -10 -11 -12 -13 13 -15 19 18 17 -19 -20 29 -22 22 23 25 -26 -27 -28 -29 -30 -31
leaf_value=0.00038209441888330535 -0.011346328767916547 -0.00048773433742314778 -0.14304951099978236 0.14864721481604631 0.0075639099070490268 -0.040027201228616999 0.0097690452780772492 -0.065304650529122196 0.0032416398862223621 0.018425959589529917 -0.015354842797492638 0.024811692606026271 -0.032637698036510787 0.0059239342998887445 -0.002251611313404245 -0.036929559216849948 -0.011256215239053825 0.048357706003397595 -0.013984795675641495 -0.0035500542836336374 -0.00037516935734133237 0.011197960677151654 -0.010928403500983451 -0.00037306549502456047 0.019415003975850349 -0.016487746589374734 0.0017055599515925118 0.0043622395575266763 0.00014720364420973533 0.00081494533456289786
leaf_weight=764175 5537 307784 133 3676 30381 2483 9046 252 829 475 1588 8203 1263 2707 14347 686 5107 424 704 50445 57583 1669 175 3441 120 131 47439 16472 606 69299
leaf_count=764175 5537 307784 133 3676 30381 2483 9046 252 829 475 1588 8203 1263 2707 14347 686 5107 424 704 50445 57583 1669 175 3441 120 131 47439 16472 606 69299
internal_value=0 3.7892e-05 -0.000332182 0.0002965 0.000251784 0.000126977 -0.0060072 -0.000822853 -0.02091 -0.0272172 -0.0175759 0.000242913 0.000174608 -0.00922984 -0.000319497 -0.00101186 -0.00088113 -0.012168 -0.0304791 0.000513011 0.00180782 0.00343114 0.00484561 -0.00964928 0.00566473 -0.00637216 0.00551782 0.010519 0.0286374 -0.00102227
internal_weight=0 1.40164e+06 576565 825078 821402 791021 14673 10886 3787 2958 1840 776348 768145 3970 576432 314705 313315 5531 1390 261727 141983 84400 70053 3747 66306 3572 66186 18747 2275 119744
internal_count=1407180 1401643 576565 825078 821402 791021 14673 10886 3787 2958 1840 776348 768145 3970 576432 314705 313315 5531 1390 261727 141983 84400 70053 3747 66306 3572 66186 18747 2275 119744
is_linear=0
shrinkage=0.1


Tree=162
num_leaves=31
num_cat=0
split_feature=17 127 3 0 20 20 3 3 3 4 2 5 0 3 3 3 6 93 2 1 100 123 3 3 100 2 18 94 13 1
split_gain=13.907 25.7538 43.2515 44.8544 29.8346 67.1866 48.5105 69.9445 28.4964 28.1371 27.517 34.9289 22.4752 29.4732 21.3806 74.7582 20.2592 18.096 19.534 19.465 17.5945 16.202 20.2262 16.5023 16.1184 16.0536 15.8315 15.7927 15.6689 15.3548
threshold=2.5000000000000004 0.78888888888888908 356670.3000000001 1009.5000000000001 10.500000000000002 4.5000000000000009 105826.14500000002 128424.925 157815.12500000003 0.8650000000000001 220309.89500000005 3.0000000000000004 1201.0000000000002 89727.680000000008 62334.140000000007 24417.235000000004 3.8333333333333335 24.500000000000004 286325.0450000001 294503.00000000006 0.77500000000000013 1907.0000000000002 68834.155000000013 87667.890000000014 1.0000000180025095e-35 220309.89500000005 1.5000000000000002 3.0000048726769517 414442.00000000006 167443.00000000003
decision_type=2 2 2 2 2 2 2 2 2 2 2 2 2 2 2 2 2 2 2 2 2 2 2 2 2 2 2 2 2 2
left_child=24 17 4 16 5 8 29 -8 12 -6 -10 -12 13 -3 15 -14 -4 20 19 -19 -2 -16 -23 -24 26 28 -1 -20 -9 -7
right_child=1 2 3 -5 9 6 7 25 10 -11 11 -13 14 -15 21 -17 -18 18 27 -21 -22 22 23 -25 -26 -27 -28 -29 -30 -31
leaf_value=9.0177539705119111e-05 -0.00027898263373956624 0.0036866962681167516 -0.00033911768260694867 -0.00079208670543778165 0.01698213620236232 -0.00075867193033567486 -0.017537979941069936 -0.013429833746928932 0.0072134224167405576 -0.0038824212888440516 -0.0051355954741848942 0.0088430762753691234 0.00054433141666936362 -0.0054076090452427955 -0.008564112173403849 -0.021114189821791453 -0.0064446684311144312 0.0012713600292331151 -0.046123388714961286 -0.015487030598411923 -0.028555890298194275 0.002427196318402991 -0.0056198416443822606 -1.7460222599630094e-06 0.0077481492348423471 0.0035729623332856671 -0.0034603977134060812 0.0073046001633490683 -8.0318208903746446e-05 -0.014122144343536895
leaf_weight=1344251 41211 632 37 253 225 480 197 146 212 147 240 263 474 172 102 310 182 603 119 198 129 495 238 518 2330 94 12767 20 56 79
leaf_count=1344251 41211 632 37 253 225 480 197 146 212 147 240 263 474 172 102 310 182 603 119 198 129 495 238 518 2330 94 12767 20 56 79
internal_value=0 -0.00166627 -0.00806957 -0.0370255 -0.00537918 -0.00753336 -0.0298033 -0.0526694 -0.00112528 0.0218839 0.0167802 0.00404426 -0.00547837 0.00877371 -0.0108404 -0.0239805 -0.0701591 -0.00082542 -0.0145451 -0.00853999 -0.000513458 -0.00322633 -0.000101644 -0.0103906 6.85997e-05 -0.021941 5.43312e-05 -0.0491503 -0.0378275 -0.0096369
internal_weight=0 47832 5552 472 5080 4708 1052 493 3656 372 715 503 2941 804 2137 784 219 42280 940 801 41340 1353 1251 756 1.35935e+06 296 1.35702e+06 139 202 559
internal_count=1407180 47832 5552 472 5080 4708 1052 493 3656 372 715 503 2941 804 2137 784 219 42280 940 801 41340 1353 1251 756 1359348 296 1357018 139 202 559
is_linear=0
shrinkage=0.1


Tree=163
num_leaves=31
num_cat=0
split_feature=6 0 123 127 14 1 123 2 123 2 1 0 13 2 17 123 62 64 13 20 4 4 6 20 0 4 6 64 4 6
split_gain=13.5539 31.8326 64.1773 22.5697 19.6219 18.5473 25.2248 22.3583 20.3492 18.8539 20.3806 22.4768 36.8988 18.0102 13.5557 13.4194 50.9049 58.7488 58.4185 43.0552 63.8976 62.1204 56.0903 56.3973 51.033 62.9933 62.6504 50.3661 39.0678 73.7325
threshold=1.0000000180025095e-35 196.50000000000003 101.50000000000001 0.81666666666666676 1.0000000180025095e-35 5480570.0000000009 13126771.000000002 1578071.3050000002 4821976.5000000009 275773.34500000003 6110420.5000000009 6770101.5000000009 7825083.0000000009 12960.960000000001 1.5000000000000002 3333590.5000000005 3652278.0000000005 0.0032750029104371805 4742494.5000000009 2.5000000000000004 487.5800000000001 43819.060000000005 5.166666666666667 1.5000000000000002 4751142.0000000009 12091.515000000001 12.833333333333334 0.025828027247512153 22796.485000000004 4.8333333333333348
decision_type=2 2 2 2 2 2 2 2 2 2 2 2 2 2 2 2 2 2 2 2 2 2 2 2 2 2 2 2 2 2
left_child=1 2 -1 -4 -3 7 9 8 13 10 -7 -12 -13 -6 -11 -2 18 -18 28 20 -19 24 -23 -24 -22 -26 -27 -25 -17 -30
right_child=15 4 3 -5 5 6 -8 -9 -10 14 11 12 -14 -15 -16 16 17 19 -20 -21 21 22 23 27 25 26 -28 -29 29 -31
leaf_value=0.00030754798045257576 0.00010116263899516698 0.013569840384236516 -0.0036060276383683143 -0.0021824516296036879 0.0064992721635690927 0.00057466949179336144 -0.00034444017763370918 -0.012005133105556355 -0.0035403613499817247 0.0068886349071553112 -0.0018424258084957957 0.0046729097386956518 -0.0016812368039768933 -0.00017211097512306409 0.0020942035360173249 -0.0006535700420887804 0.0080972871127068403 -0.015468696654409177 -0.0067453333251646652 -0.0075039988089348995 0.011039136971799035 -0.016815171628192217 -0.011323464894923196 -0.013711067213567416 -0.0045680435694641303 0.010452724330441266 -0.0048240608775770742 0.035471237946831893 0.0048805781114544368 -0.028795840685291521
leaf_weight=631 1350225 43 128 319 101 58 531 390 79 152 68 31 26 7766 133 4780 7794 566 527 15708 601 2428 1388 1397 1331 3651 683 4287 501 857
leaf_count=631 1350225 43 128 319 101 58 531 390 79 152 68 31 26 7766 133 4780 7794 566 527 15708 601 2428 1388 1397 1331 3651 683 4287 501 857
internal_value=0 -0.00358194 -0.0198561 -0.0488457 -0.00171123 -0.00202168 0.0108543 -0.00356475 -0.0024174 0.0277803 0.00273224 -0.02 0.0263158 -0.00191028 0.0438639 3.18972e-05 -0.00163839 -0.000284976 -0.00972721 -0.00217909 0.00141598 0.00260112 -0.00249676 0.00200555 0.0103301 0.00739066 0.0132344 0.00641846 -0.00698395 -0.0219518
internal_weight=0 10456 1078 447 9378 9335 999 8336 7946 468 183 125 57 7867 285 1.39672e+06 46499 39834 6665 32040 16332 15766 9500 7072 6266 5665 4334 5684 6138 1358
internal_count=1407180 10456 1078 447 9378 9335 999 8336 7946 468 183 125 57 7867 285 1396724 46499 39834 6665 32040 16332 15766 9500 7072 6266 5665 4334 5684 6138 1358
is_linear=0
shrinkage=0.1


Tree=164
num_leaves=31
num_cat=0
split_feature=64 4 2 6 138 0 62 20 64 63 1 3 20 1 5 20 0 3 123 137 123 0 0 63 6 105 4 1 1 62
split_gain=13.0292 36.8961 52.9027 50.1958 47.4179 55.9314 42.5728 41.0232 53.2934 69.2376 52.2477 31.0609 57.7436 36.5207 89.31 72.6894 35.6811 33.6743 51.4812 46.3843 37.7208 33.5194 35.8283 30.4912 29.8679 29.429 28.3439 28.9623 37.0094 29.7078
threshold=9.367934789216827 1371.9300000000001 19577.395000000004 6.416666666666667 7.5000000000000009 71612.500000000015 81038.500000000015 4.5000000000000009 70.276804719396168 1.52374685558586 39884425.500000007 285539.54000000004 9.5000000000000018 6752411.0000000009 3.0000000000000004 4.5000000000000009 813679.00000000012 140024.65000000005 461195.00000000006 17517.000000000004 211964.00000000003 63071.500000000007 948309.00000000012 783077.50000000012 7.416666666666667 18124.000000000004 106938.82000000002 1038162.5000000001 3836990.0000000005 310641.00000000006
decision_type=2 2 2 2 2 2 2 2 2 2 2 2 2 2 2 2 2 2 2 2 2 2 2 2 2 2 2 2 2 2
left_child=-1 3 6 -2 11 -6 25 8 9 24 -10 12 17 14 15 -13 -16 19 21 20 -4 -19 -23 -5 -7 -3 27 -24 -29 -30
right_child=1 2 4 23 5 7 -8 -9 10 -11 -12 13 -14 -15 16 -17 -18 18 -20 -21 -22 22 26 -25 -26 -27 -28 28 29 -31
leaf_value=8.1350898949583702e-05 0.0020475341935361825 -0.016625962337695616 -0.0009558784468419872 -0.00083271456093825702 -0.01514939434556923 0.032968510421117807 -0.062960221726454282 -0.0037090281449892078 0.021503878002362916 -0.0016862560563876432 -0.0071821933744551369 -0.040358110418808338 -0.012778921979419808 -0.0022327011027735823 -0.012779736535272602 0.030051813305286102 -0.018098417426854186 -0.004871375508834444 -0.033621117163540264 -0.0040979970531754058 0.022700993172263231 0.0052422926354865548 -0.00815660601841116 0.0045587512408964588 0.015833271482408429 -0.063760161904548376 -0.01206525200159636 0.0066651296272301347 0.013986955103628641 -0.001327779391459517
leaf_weight=1329864 10220 2451 10755 15289 752 185 256 1824 1631 1729 446 315 1984 6506 2818 972 3857 1138 633 1591 405 3682 478 522 204 146 1414 1928 1002 2183
leaf_count=1329864 10220 2451 10755 15289 752 185 256 1824 1631 1729 446 315 1984 6506 2818 972 3857 1138 633 1591 405 3682 478 522 204 146 1414 1928 1002 2183
internal_value=0 -0.00126132 -0.00281767 0.00180491 -0.00203815 0.00572331 -0.0160507 0.00893585 0.0143796 0.00321802 0.0257615 -0.00329959 -0.00130791 -0.00704299 -0.0115846 0.0125353 -0.0162351 -1.51571e-05 0.00368244 -0.00362779 -0.00135051 0.00516975 0.00690711 -0.00172557 0.0413361 -0.0122154 0.0027093 0.00590824 0.00810887 0.0014895
internal_weight=0 77316 51285 26031 48432 6771 2853 6019 4195 2118 2077 41661 27193 14468 7962 1287 6675 25209 12458 12751 11160 11825 10687 15811 389 2597 7005 5591 5113 3185
internal_count=1407180 77316 51285 26031 48432 6771 2853 6019 4195 2118 2077 41661 27193 14468 7962 1287 6675 25209 12458 12751 11160 11825 10687 15811 389 2597 7005 5591 5113 3185
is_linear=0
shrinkage=0.1


Tree=165
num_leaves=31
num_cat=0
split_feature=25 2 3 2 123 6 138 6 53 64 92 126 6 4 0 3 20 5 88 4 20 137 4 64 62 126 3 126 6 20
split_gain=12.8597 24.7875 13.2405 45.8555 46.3768 45.1848 43.1159 54.571 39.7105 36.0191 34.8115 34.7184 45.0755 33.4615 38.3932 32.5068 102.717 68.0346 57.0728 45.1195 63.7896 57.0179 44.5232 41.8398 42.6284 40.3645 38.5292 38.0628 41.0679 59.8543
threshold=6.0000000000000009 20409.820000000003 436596.86500000005 479017.33000000007 5787302.0000000009 3.5833333333333335 4.5000000000000009 20.833333333333339 2.401703872106804 3.7861628207322107 345.13636363636368 0.37980769230769235 5.7500000000000009 9379.0650000000005 8339183.5000000009 230389.64000000004 12.500000000000002 1.5000000000000002 10983.500000000002 6240.4550000000008 1.5000000000000002 3651.0000000000005 0.8450000000000002 5.7999072618051318e-07 23.500000000000004 0.87500000000000011 365319.97500000003 0.059027777777777783 5.416666666666667 23.500000000000004
decision_type=2 2 2 2 2 2 2 2 2 2 2 2 2 2 2 2 2 2 2 2 2 2 2 2 2 2 2 2 2 2
left_child=2 -2 3 4 15 13 8 -8 10 -7 -4 12 -6 -5 -15 -1 18 -18 19 21 26 22 25 -22 -25 -17 -21 28 -19 -30
right_child=1 -3 6 5 11 9 7 -9 -10 -11 -12 -13 -14 14 -16 16 17 27 -20 20 23 -23 -24 24 -26 -27 -28 -29 29 -31
leaf_value=0.00013395241339670961 0.13282053365893118 0.0032737964114572639 -0.00054347949128730362 -0.0019541211641709451 0.00066417041661301574 0.0026256555481880221 -0.018705274024581987 0.022049003739654363 0.013105874953504751 0.023700360229349734 -0.0096335093978477115 -0.011106847839605378 -0.016501928711738292 0.016421480873752694 -0.0028701087742712518 -0.0026691153490057931 0.019573278228569774 0.0042158349153347454 0.017063022340219395 -0.0039404257484035865 -0.041801488020049765 0.012070607463382087 0.0017494602549634416 0.013125337424045544 -0.0077037844311104555 0.012866422978495162 0.0086022213466947946 -0.0055298696568861234 0.0069774524852029788 -0.016168293045806838
leaf_weight=1005285 8975 28172 169117 255 878 64250 7653 588 1911 542 3966 50 1942 844 154 3176 1171 4973 2023 52096 1962 2214 11538 244 18247 87 9483 1178 3157 1049
leaf_count=1005285 8975 28172 169117 255 878 64250 7653 588 1911 542 3966 50 1942 844 154 3176 1171 4973 2023 52096 1962 2214 11538 244 18247 87 9483 1178 3157 1049
internal_value=0 0.00184016 -4.54983e-05 7.6654e-05 -7.42402e-05 0.00263726 -0.000836669 -0.00790531 -0.000503785 0.00227352 -0.000662071 -0.0127698 -0.0113053 0.0214461 0.0297065 -4.16461e-05 -0.00165292 0.00729023 -0.00267297 -0.00301258 -0.00398462 0.0016738 -0.000565092 -0.00882324 -0.00734996 -0.0108786 -0.00237751 0.00470708 0.00687883 -0.000394421
internal_weight=0 37147 1.37003e+06 1.1868e+06 1.12075e+06 66045 183235 8241 174994 64792 173083 2870 2820 1253 998 1.11788e+06 112598 11528 101070 99047 82032 17015 14801 20453 18491 3263 61579 10357 9179 4206
internal_count=1407180 37147 1370033 1186798 1120753 66045 183235 8241 174994 64792 173083 2870 2820 1253 998 1117883 112598 11528 101070 99047 82032 17015 14801 20453 18491 3263 61579 10357 9179 4206
is_linear=0
shrinkage=0.1


Tree=166
num_leaves=31
num_cat=0
split_feature=6 13 123 1 20 15 14 2 13 13 2 20 123 1 0 20 13 17 0 2 0 123 117 105 17 0 2 2 1 0
split_gain=19.7812 39.0971 43.6471 23.2399 22.2925 23.3841 19.7021 17.4799 16.1486 43.0847 17.4457 16.5731 24.0108 18.9853 25.6668 32.8234 31.6529 20.5945 23.6894 29.6775 24.5232 21.9225 18.2724 16.1694 15.885 15.4341 15.0497 29.8595 16.3108 17.5349
threshold=1.0000000180025095e-35 342.50000000000006 59.500000000000007 14.500000000000002 3.5000000000000004 1.0000000180025095e-35 1.0000000180025095e-35 12960.960000000001 6752420.0000000009 7825083.0000000009 2489761.5900000003 15.500000000000002 3229.0000000000005 6110420.5000000009 2889245.0000000005 21.500000000000004 2291856.5000000005 1.5000000000000002 1329140.0000000002 76463.35500000001 1062513.0000000002 1635944.0000000002 0.10555555555555557 2522150.5000000005 3.5000000000000004 42496368.500000007 237208.37000000002 191176.64000000004 1647018.5000000002 1500048.0000000002
decision_type=2 2 2 2 2 2 2 2 2 2 2 2 2 2 2 2 2 2 2 2 2 2 2 2 2 2 2 2 2 2
left_child=1 2 3 -1 5 -4 -3 -8 10 -10 11 23 22 14 16 -16 17 18 20 21 -14 -20 -13 -9 -6 -11 27 -21 29 -28
right_child=-2 6 4 -5 24 -7 7 8 9 25 -12 12 13 -15 15 -17 -18 -19 19 26 -22 -23 -24 -25 -26 -27 28 -29 -30 -31
leaf_value=-0.0014572007616408067 4.3937094997070773e-05 0.012132161761069302 0.0066627844475370046 0.0085334133453230498 -0.001599096957650352 -0.0090996469011730193 0.0058278146159775448 -4.5783203805011e-05 0.0059738567350909062 0.00086875857426553797 -0.026203047033106275 0.010217554264385311 -0.0019226536542562814 -0.0016464386631032367 0.00095996531357661619 -0.0043759914299993609 -0.0059185053855521867 0.00026311655847297683 0.0028642200551964869 -0.00010322965257773703 -0.0044208403830743757 -0.00073733958087234268 -0.025440775366720847 -0.007397490219175286 0.0093147236233053418 -0.012057045378695187 0.00017797046485778514 -0.0028851708468112707 0.0012261399981437363 -0.0011456573961182938
leaf_weight=205 1396724 43 66 295 679 214 101 5817 75 603 202 223 499 60 87 58 53 507 57 123 112 32 44 27 24 129 21 51 29 20
leaf_count=205 1396724 43 66 295 679 214 101 5817 75 603 202 223 499 60 87 58 53 507 57 123 112 32 44 27 24 129 21 51 29 20
internal_value=0 -0.00432776 -0.0193692 0.00468549 -0.0316045 -0.00774279 -0.00184182 -0.00216698 -0.00264018 0.0108437 -0.00399664 -0.00324714 -0.0111641 -0.0155212 -0.0135107 0.0266698 -0.0173845 -0.0146119 -0.0233428 -0.0018848 -0.0350376 0.0475453 0.0167244 -0.000570208 -0.0411084 0.0034477 -0.0199146 -0.0356669 0.019241 -0.0213562
internal_weight=0 10456 1483 500 983 280 8973 8930 8829 807 8022 7820 1976 1709 1649 145 1504 1451 944 333 611 89 267 5844 703 732 244 174 70 41
internal_count=1407180 10456 1483 500 983 280 8973 8930 8829 807 8022 7820 1976 1709 1649 145 1504 1451 944 333 611 89 267 5844 703 732 244 174 70 41
is_linear=0
shrinkage=0.1


Tree=167
num_leaves=31
num_cat=0
split_feature=6 0 123 127 13 20 20 0 17 2 18 123 0 1 0 0 20 2 2 0 1 123 2 20 3 20 0 0 15 20
split_gain=14.086 28.6648 46.6864 24.0342 19.7555 21.4474 22.6424 31.7465 32.3878 31.3559 27.1973 23.1263 20.6107 43.1016 20.1367 20.762 16.2068 16.0585 19.5025 21.1757 16.7686 15.3217 28.6811 14.3574 13.7015 15.5716 13.8397 13.5686 17.2868 22.6005
threshold=1.0000000180025095e-35 196.50000000000003 101.50000000000001 0.81666666666666676 239.50000000000003 15.500000000000002 19.500000000000004 1329140.0000000002 3.5000000000000004 95506.540000000023 1.0000000180025095e-35 1635944.0000000002 2976495.0000000005 6189913.0000000009 6770101.5000000009 14413199.000000002 23.500000000000004 377050.77500000008 191176.64000000004 2268742.5000000005 1647018.5000000002 461129.00000000006 1578071.3050000002 8.5000000000000018 35236.140000000007 1.0000000180025095e-35 98.500000000000014 42496368.500000007 1.0000000180025095e-35 6.5000000000000009
decision_type=2 2 2 2 2 2 2 2 2 2 2 2 2 2 2 2 2 2 2 2 2 2 2 2 2 2 2 2 2 2
left_child=1 2 24 23 -3 21 7 8 -7 11 -8 -9 17 -14 -15 -16 -12 18 19 -11 -19 22 -6 -4 -1 -26 -27 28 29 -23
right_child=-2 4 3 -5 5 6 10 9 -10 12 16 -13 13 14 15 -17 -18 20 -20 -21 -22 27 -24 -25 25 26 -28 -29 -30 -31
leaf_value=0.019790064899595096 3.9543385497364808e-05 0.0001802139558012339 -0.0081896822110557165 -0.0018646178049327668 -0.00059126427141021069 -0.0019260374403558878 0.002646210851251502 0.0030064195764706093 0.0054187338107307475 -6.9652934509426009e-05 -0.00071632945212279919 -0.00044433579340177334 0.00087839111743835414 -0.0013814631329253592 0.00081908793610778745 -0.002922689869096007 -0.0092851864017574198 -0.00044713486183017696 -0.0025966537621301428 -0.0050894052107810063 0.0011068048225869932 0.0024349055831399125 -0.025907395001609591 0.00051852552528332935 0.01371632215572635 -0.0017286128685221282 0.01567226954196525 -0.010851340840825686 -0.00011038413506042227 -0.00050192804244994613
leaf_weight=170 1396724 188 89 319 3396 601 482 65 76 103 319 36 83 49 110 22 150 39 51 48 22 1184 218 39 36 390 35 129 1684 323
leaf_count=170 1396724 188 89 319 3396 601 482 65 76 103 319 36 83 49 110 22 150 39 51 48 22 1184 218 39 36 390 35 129 1684 323
internal_value=0 -0.00365121 -0.0190944 -0.04382 -0.00187602 -0.00253248 -0.0110019 -0.019554 -0.0345761 -0.00335992 0.00073379 0.0476817 -0.0131421 0.00659656 -0.0207652 -0.000443238 -0.0164101 -0.0329558 -0.0465347 -0.0284768 0.0120103 0.000223062 -0.00428237 -0.00721409 -0.00157882 -0.0105272 -0.0158762 0.00512747 0.00641285 0.0141934
internal_weight=0 10456 1078 447 9378 9190 2256 1305 677 628 951 101 527 264 181 132 469 263 202 151 61 6934 3614 128 631 461 425 3320 3191 1507
internal_count=1407180 10456 1078 447 9378 9190 2256 1305 677 628 951 101 527 264 181 132 469 263 202 151 61 6934 3614 128 631 461 425 3320 3191 1507
is_linear=0
shrinkage=0.1


Tree=168
num_leaves=31
num_cat=0
split_feature=119 106 3 2 105 17 52 16 17 3 123 8 3 3 3 3 123 3 123 20 20 18 93 8 3 3 137 124 3 20
split_gain=13.6501 12.6652 19.9523 40.3185 18.4926 12.3269 23.8037 21.8199 24.0145 23.6583 66.5056 39.7791 38.6273 65.9171 30.1601 47.6528 27.9022 25.3579 21.753 21.7485 20.6774 26.6312 19.9394 19.8172 17.0243 16.9942 16.1139 16.0841 24.7625 22.8183
threshold=1.0000000180025095e-35 6.5000000000000009 385449.85000000003 504756.79500000004 1386309.5000000002 2.5000000000000004 0.86979107174456793 1.0000000180025095e-35 3.5000000000000004 67998.815000000017 884.00000000000011 1.0000000180025095e-35 54180.205000000009 46171.880000000005 112460.41500000002 105826.14500000002 212200.00000000003 47554.205000000009 408.50000000000006 5.5000000000000009 22.500000000000004 1.0000000180025095e-35 46.000000000000007 1.0000000180025095e-35 66784.015000000014 161130.72000000003 901.50000000000011 5.5000000000000009 280435.74000000005 1.5000000000000002
decision_type=2 2 2 2 2 2 2 2 2 2 2 2 2 2 2 2 2 2 2 2 2 2 2 2 2 2 2 2 2 2
left_child=1 4 3 -3 5 -1 7 8 20 12 11 18 13 16 15 -12 26 -15 -11 -16 -7 23 -8 -22 -24 -9 -10 -27 29 -29
right_child=-2 2 -4 -5 -6 6 22 25 9 10 14 -13 -14 17 19 -17 -18 -19 -20 -21 21 -23 24 -25 -26 27 -28 28 -30 -31
leaf_value=5.9441153136701517e-05 -0.047559608251434619 0.020618975631886194 -0.041069197030189852 0.043011594520408987 -0.014107079156393832 -0.0010197147625168605 -0.0091609137974159437 -0.0004632313371761926 0.0014453322224257548 -0.011780699425833555 -0.0026640275687713996 -0.0029158552086352898 0.0028859658593940241 -0.025646209105385023 0.0015260468545987658 -0.004980074349564296 -0.0056314150902410098 -0.0061465837097835598 -0.006748939263924357 -0.0041926260252263363 0.010577497343559929 -0.0032503606115596205 -0.0034213391180401677 0.010573741308836008 -0.040039757837137369 0.0061502744105339175 -0.019220395665455525 0.010796562076917378 -0.0049016605693045414 -0.00025109084062642506
leaf_weight=1356051 49 2709 84 57 545 19212 1266 12227 2062 601 698 400 1148 225 1320 93 224 131 310 439 268 297 71 254 133 3600 451 316 1417 522
leaf_count=1356051 49 2709 84 57 545 19212 1266 12227 2062 601 698 400 1148 225 1320 93 224 131 310 439 268 297 71 254 133 3600 451 316 1417 522
internal_value=0 8.63889e-06 0.00666817 0.00812626 -4.87668e-06 2.27368e-06 -0.001578 -0.00117952 -0.00292153 -0.00751546 -0.0131789 -0.031483 -0.00235948 -0.00817373 -0.00376845 -0.0199862 -0.00290876 -0.0486519 -0.0430254 0.00352447 -0.00106341 0.0144977 -0.0141055 0.0280995 -0.043119 0.00153079 0.000105706 0.00596099 -0.000661365 0.0129652
internal_weight=0 1.40713e+06 2850 2766 1.40428e+06 1.40374e+06 47685 46215 28133 8102 3861 1311 4241 3093 2550 791 2737 356 911 1759 20031 819 1470 522 204 18082 2513 5855 2255 838
internal_count=1407180 1407131 2850 2766 1404281 1403736 47685 46215 28133 8102 3861 1311 4241 3093 2550 791 2737 356 911 1759 20031 819 1470 522 204 18082 2513 5855 2255 838
is_linear=0
shrinkage=0.1


Tree=169
num_leaves=31
num_cat=0
split_feature=66 88 90 88 3 105 88 13 0 89 4 90 90 146 123 0 146 0 4 90 20 3 114 2 13 2 4 4 20 4
split_gain=12.298 13.4563 26.296 25.6188 27.6689 24.0533 20.8048 18.8191 19.2434 17.6009 60.3328 53.5372 38.599 28.0641 24.819 55.7836 23.2933 21.3578 24.0152 24.2002 18.1813 17.9298 17.591 15.1647 16.7523 15.0264 15.4937 21.1068 19.9338 17.0991
threshold=2687977.5000000005 415486.00000000006 1.502884760966549 4410709.0000000009 376032.83000000002 137442.00000000003 3287474.0000000005 499490.00000000006 623456.00000000012 0.45660961753617518 29126.580000000005 0.89442411217954498 0.048167588191057882 53041.000000000007 703.00000000000011 6384.5000000000009 26782.500000000004 11534.500000000002 34200.145000000011 64.046170572861584 1.0000000180025095e-35 151421.72500000003 64789.000000000007 63595.600000000013 586902.50000000012 3837247.8300000005 247171.00500000003 73907.49000000002 4.5000000000000009 443865.84500000003
decision_type=2 2 2 2 2 2 2 2 2 2 2 2 2 2 2 2 2 2 2 2 2 2 2 2 2 2 2 2 2 2
left_child=1 5 3 7 -5 9 22 8 -3 -1 11 -11 -12 16 -13 -16 17 -14 19 -19 -17 -18 -4 24 -7 26 27 28 -20 -28
right_child=-2 2 6 4 -6 23 -8 -9 -10 10 12 14 13 -15 15 20 21 18 25 -21 -22 -23 -24 -25 -26 -27 29 -29 -30 -31
leaf_value=-3.2095493628192531e-05 0.032775373815257802 -0.016261572046449704 -0.0088438485231039123 0.038987718801808638 0.039106553768896206 0.03474667928166264 -0.038965733159136963 0.001390170557876724 -0.024386035235585538 0.048293482645457325 0.036917393403641009 -0.020995130100901926 0.032955760794188015 -0.025923092765448675 -0.13967657868334254 0.073064948846401565 -0.0059871557273906842 -0.030167054940282642 0.018403559455908724 0.070192859323994328 -0.027769013558834918 0.032956314090078265 -0.074389193997529149 0.0031481760521203219 0.012901664887995469 -0.051365217114099207 0.055979063698301072 -0.006983088259162812 -0.023996210701493811 0.00083482259158605763
leaf_weight=1382366 461 678 1978 47 378 1028 575 4096 234 3128 864 3079 647 225 173 58 53 70 2270 235 269 140 92 1493 127 117 204 1674 222 199
leaf_count=1382366 461 678 1978 47 378 1028 575 4096 234 3128 864 3079 647 225 173 58 53 70 2270 235 269 140 92 1493 127 117 204 1674 222 199
internal_value=0 -1.58822e-06 -0.00407127 -9.03289e-05 0.0234817 2.19167e-05 -0.0122484 -0.00209075 -0.015082 3.85525e-06 0.00358018 -0.00317856 0.0101309 0.00730991 -0.0115311 -0.0321958 0.00864712 0.00747773 0.00526171 0.0324512 -0.00790082 0.0428079 -0.00757407 0.00954367 0.0181476 0.00349202 0.00439818 0.00258701 0.00842085 0.0231211
internal_weight=0 1.40672e+06 8078 5433 425 1.39864e+06 2645 5008 912 1.39599e+06 13627 6707 6920 6056 3579 500 5831 5638 4991 305 327 193 2070 2648 1155 4686 4569 4166 2492 403
internal_count=1407180 1406719 8078 5433 425 1398641 2645 5008 912 1395993 13627 6707 6920 6056 3579 500 5831 5638 4991 305 327 193 2070 2648 1155 4686 4569 4166 2492 403
is_linear=0
shrinkage=0.1


Tree=170
num_leaves=31
num_cat=0
split_feature=84 84 84 63 84 66 26 4 141 5 2 13 2 0 0 0 20 2 3 3 2 138 4 137 6 20 2 64 0 4
split_gain=12.3605 17.5557 15.1845 14.156 18.5782 12.3029 12.285 26.3993 11.938 23.1974 21.0637 52.8422 37.7317 30.2401 34.0443 23.4302 25.4055 24.2926 21.8529 63.7735 47.5076 29.3799 22.3249 30.0088 27.2851 46.8792 73.9936 88.7625 29.6919 34.6272
threshold=5316533.0000000009 1107742.0000000002 1102848.5000000002 783077.50000000012 916261.50000000012 2687977.5000000005 2.5000000000000004 29126.580000000005 0.86607142857142871 1.5000000000000002 1.655 44.500000000000007 5.9900000000000011 1.5000000000000002 10.500000000000002 3.5000000000000004 6.5000000000000009 1.0950000000000004 11336.355000000001 10366.890000000001 14332.500000000002 9.5000000000000018 251479.87000000002 3140392.5000000005 15.833333333333334 2.5000000000000004 54639.875000000007 0.071639192125476633 915417.50000000012 9042.5150000000012
decision_type=2 2 2 2 2 2 2 2 2 2 2 2 2 2 2 2 2 2 2 2 2 2 2 2 2 2 2 2 2 2
left_child=1 2 3 5 -5 6 8 -8 -1 -10 11 15 -12 -14 -15 16 -11 -18 19 -16 -20 -21 23 24 -22 26 27 -26 29 -29
right_child=-2 -3 -4 4 -6 -7 7 -9 9 10 12 -13 13 14 18 -17 17 -19 20 21 22 -23 -24 -25 25 -27 -28 28 -30 -31
leaf_value=-0.00014694458169124404 0.10817847442600143 -0.0064315304895772463 0.15677437007044934 0.005735487711345133 0.0045478854260853074 0.029497836433732019 0.11885310155843509 0.00090370758611459936 0.0088647491462053307 0.056931900336205987 0.040713645140461635 -0.024388313358279935 -0.03734691656787445 0.044687328300278176 -0.0019985179693612172 -0.0033582158280151993 0.0037318640090542145 -0.030113093940507474 0.074291698327088887 -0.019344698064264372 0.0011151058359380017 0.088840715485765623 -0.018867294599910236 0.031498043228759168 0.0096702104763787718 0.0021892016109742673 0.0029625227700975898 -0.012432692803219623 -0.0090245188483189086 -0.028184505800734255
leaf_weight=1248232 59 1402 101 819 118 461 9722 23825 19074 1471 4534 401 687 826 36743 5787 560 179 999 804 42171 114 2229 1492 277 2838 620 73 146 416
leaf_count=1248232 59 1402 101 819 118 461 9722 23825 19074 1471 4534 401 687 826 36743 5787 560 179 999 804 42171 114 2229 1492 277 2838 620 73 146 416
internal_value=0 3.24379e-07 1.14794e-05 8.69338e-06 0.012296 4.97077e-07 -4.86518e-06 0.00188578 -5.11383e-05 0.000891149 0.000299878 -0.00450055 0.000724375 0.000278067 0.000438055 -0.00272427 0.00603474 -0.00909222 0.000250342 -0.00157859 0.00159404 -0.0276126 0.00116485 0.00161886 0.00117133 -0.00635029 -0.0204473 -0.0385676 -0.0591725 -0.0709881
internal_weight=0 1.40712e+06 1.40572e+06 1.40562e+06 937 1.40468e+06 1.40422e+06 33547 1.37067e+06 122441 103367 8398 94969 90435 89748 7997 2210 739 88922 37661 51261 918 50262 48033 46541 4370 1532 912 635 489
internal_count=1407180 1407121 1405719 1405618 937 1404681 1404220 33547 1370673 122441 103367 8398 94969 90435 89748 7997 2210 739 88922 37661 51261 918 50262 48033 46541 4370 1532 912 635 489
is_linear=0
shrinkage=0.1


Tree=171
num_leaves=31
num_cat=0
split_feature=88 13 1 66 84 84 92 3 2 1 0 2 6 1 3 2 67 62 63 94 62 4 67 3 4 92 20 1 94 92
split_gain=12.4952 42.2481 33.377 13.1058 12.0064 19.6565 11.9946 19.7507 14.8404 14.9034 13.987 16.7922 13.4927 12.9255 14.6677 12.0259 11.7805 27.5126 22.5399 19.1374 13.5499 14.8505 18.1886 24.9262 18.0717 33.5097 27 24.2409 30.929 15.5286
threshold=2652688.5000000005 4999332.5000000009 5053564.0000000009 2687977.5000000005 2799884.5000000005 2786319.0000000005 127269.50000000001 128424.925 604585.08000000019 177857.00000000003 1250641.5000000002 1069177.0600000003 5.7500000000000009 459049.00000000006 799557.52000000014 976981.72000000009 10.500000000000002 439821.00000000006 0.84476001266780887 139684.00000000003 86413.500000000015 12091.515000000001 11.500000000000002 66784.015000000014 22796.485000000004 17.022222222222226 4.5000000000000009 138.50000000000003 20.752853410341036 3891.5000000000005
decision_type=2 2 2 2 2 2 2 2 2 2 2 2 2 2 2 2 2 2 2 2 2 2 2 2 2 2 2 2 2 2
left_child=3 -2 -3 4 5 6 16 12 9 -9 13 -12 -8 14 -10 -16 -1 19 -19 20 21 22 -18 -24 25 -23 -26 28 -27 -28
right_child=1 2 -4 -5 -6 -7 7 8 10 -11 11 -13 -14 -15 15 -17 17 18 -20 -21 -22 24 23 -25 26 27 29 -29 -30 -31
leaf_value=5.2983113255278275e-05 -0.026686279237883206 0.034978019176215451 -0.00089166321501366053 0.041666521950416681 0.026487226577967756 -0.0095602950812847601 -0.04098384038494212 -0.010783093133791184 0.013208954400035226 -0.017066931328062029 0.012165601836319173 -0.022454619382052111 -0.0348982250127692 0.010600239558635868 -0.035956452872143545 0.009805906917623574 -0.010063678238559564 -0.018060891774805056 0.0035149938616308575 0.021682669327032604 0.020104600177169418 0.0075403994974729263 -0.0049672433191826132 0.032734754748573881 0.016466809452980655 -0.041301760126191155 -0.041791777854342092 -0.048636131992002007 0.059606791214393676 0.033634490675908964
leaf_weight=1388493 1006 118 393 378 100 27 78 2224 393 332 22 66 97 112 89 60 6744 126 66 51 157 513 2044 1150 815 55 471 927 52 21
leaf_count=1388493 1006 118 393 378 100 27 78 2224 393 332 22 66 97 112 89 60 6744 126 66 51 157 513 2044 1150 815 55 471 927 52 21
internal_value=0 -0.00906401 0.0143513 1.65521e-05 1.15442e-05 9.07845e-06 1.07179e-05 -0.00585881 -0.00412168 -0.00773593 0.00832852 -0.0291005 -0.0385963 0.0133648 0.0069742 -0.0197426 2.5261e-05 -0.00294896 -0.0405268 -0.00239397 -0.00263476 -0.00299313 -0.00116722 0.00504922 -0.00935118 -0.0166654 -0.000693924 -0.027032 0.0180354 -0.0191926
internal_weight=0 1517 511 1.40566e+06 1.40528e+06 1.40518e+06 1.40516e+06 3473 3298 2556 742 88 175 654 542 149 1.40168e+06 13192 192 13000 12949 12792 9938 3194 2854 1547 1307 1034 107 492
internal_count=1407180 1517 511 1405663 1405285 1405185 1405158 3473 3298 2556 742 88 175 654 542 149 1401685 13192 192 13000 12949 12792 9938 3194 2854 1547 1307 1034 107 492
is_linear=0
shrinkage=0.1


Tree=172
num_leaves=31
num_cat=0
split_feature=79 93 20 0 5 90 1 5 79 20 92 4 0 76 62 64 2 4 4 20 123 123 126 6 3 3 64 20 4 6
split_gain=12.2333 18.905 20.9837 22.082 19.3334 16.6964 16.6589 20.0243 17.3767 37.5812 16.2007 14.4803 14.2372 13.52 13.0342 70.4716 52.6295 67.0218 51.2843 33.433 31.5807 74.9023 64.167 56.7035 26.9382 26.8473 26.3937 25.5601 36.4451 177.16
threshold=0.38750000000000007 62.500000000000007 4.5000000000000009 381234.50000000006 3.0000000000000004 9.2234180261424665 2.5000000000000004 1.5000000000000002 0.55050505050505061 7.5000000000000009 212.2777777777778 169279.49000000002 4751142.0000000009 10.500000000000002 3333590.5000000005 0.0014965379029624826 368601.38000000006 102234.34500000002 2539.7350000000001 11.500000000000002 3809396.0000000005 3808234.5000000005 0.87500000000000011 8.8333333333333339 175514.91500000001 348762.4150000001 0.89062684283315807 2.5000000000000004 2539.7350000000001 5.7500000000000009
decision_type=2 2 2 2 2 2 2 2 2 2 2 2 2 2 2 2 2 2 2 2 2 2 2 2 2 2 2 2 2 2
left_child=14 5 3 -3 -5 6 8 -8 9 10 -2 -7 -9 -6 20 27 17 18 -17 -18 21 -1 23 -22 -20 -21 -19 -16 29 -29
right_child=1 2 -4 4 13 11 7 12 -10 -11 -12 -13 -14 -15 15 16 19 26 24 25 22 -23 -24 -25 -26 -27 -28 28 -30 -31
leaf_value=0.00014385482115746308 -0.066361831256464845 0.0035440465781641619 -0.030282334779093634 -0.022824760238953704 -0.032781055079034824 -0.059117831039808638 0.015322379039796602 -0.0026466023152115939 -0.0052563363589849038 0.012460673305800064 0.023000005645210944 0.012621059803209029 0.051224123650900483 0.056336435837128079 -0.00081600110692110956 -0.001298656340109677 0.00072069848766578295 -0.0020107250564708342 -0.020444009745880912 0.014074528750616839 -0.00042653052910079643 0.017880905572254992 -0.009076158386731115 -0.013786558415628225 -0.0069405153325874163 -0.0089095697023203312 0.095466996224244233 -0.01172684173526924 0.011289635963666634 0.012417728849587684
leaf_weight=1305907 669 1402 582 319 81 193 4940 26197 2667 339 70 23 169 111 2183 3793 29302 303 1119 660 3517 141 112 134 4223 12460 553 240 2560 2211
leaf_count=1305907 669 1402 582 319 81 193 4940 26197 2667 339 70 23 169 111 2183 3793 29302 303 1119 660 3517 141 112 134 4223 12460 553 240 2560 2211
internal_value=0 -0.00176893 -0.0101811 -0.00512277 -0.0229189 -0.0011738 -0.00100299 -0.000248968 -0.0073062 -0.0180204 -0.0306664 -0.0288911 -0.0013437 0.00215306 5.56049e-05 -0.0013906 -0.00266447 -0.00919407 -0.0117013 -0.00112665 0.000121419 0.000147776 -0.00902643 -0.00673929 -0.0180149 -0.00532206 0.0175619 0.00789035 0.0118246 0.00310882
internal_weight=0 37762 2495 1913 511 35267 35051 31306 3745 1078 739 216 26366 192 1.36942e+06 59607 52413 9991 9135 42422 1.30981e+06 1.30605e+06 3763 3651 5342 13120 856 7194 5011 2451
internal_count=1407180 37762 2495 1913 511 35267 35051 31306 3745 1078 739 216 26366 192 1369418 59607 52413 9991 9135 42422 1309811 1306048 3763 3651 5342 13120 856 7194 5011 2451
is_linear=0
shrinkage=0.1


Tree=173
num_leaves=31
num_cat=0
split_feature=75 4 90 20 94 1 0 20 3 76 63 3 20 2 93 78 4 75 13 64 4 20 5 64 20 20 123 64 63 64
split_gain=12.0288 18.0743 25.9037 16.6947 13.0368 13.5239 16.323 14.3824 14.1558 12.4702 16.7663 15.8604 15.5001 23.9461 23.1925 17.9593 17.1095 28.6448 16.4975 14.0793 13.5375 12.9394 17.7773 12.4508 31.5426 35.9929 75.0765 33.7975 33.1527 35.1017
threshold=6.5000000000000009 87751.860000000015 11.184646325769858 20.500000000000004 1558.0000000000002 221745.50000000003 9986284.5000000019 2.5000000000000004 46171.880000000005 4.5000000000000009 99.974375000000023 188885.29500000001 4.5000000000000009 160582.42000000004 335.00000000000006 0.15476190476190479 0.28500000000000009 707.50000000000011 428.50000000000006 0.8845020833239392 0.29500000000000004 1.5000000000000002 1.5000000000000002 9.367934789216827 23.500000000000004 14.500000000000002 68421.000000000015 110.54269801980199 0.99839587491026582 81.666554563839711
decision_type=2 2 2 2 2 2 2 2 2 2 2 2 2 2 2 2 2 2 2 2 2 2 2 2 2 2 2 2 2 2
left_child=23 2 3 4 9 7 -7 -6 -9 12 -11 -12 13 15 -14 16 17 21 -17 -18 -20 -2 -23 -1 25 28 27 -27 -25 -30
right_child=1 -3 -4 -5 5 6 -8 8 -10 10 11 -13 14 -15 -16 18 19 -19 20 -21 -22 22 -24 24 -26 26 -28 -29 29 -31
leaf_value=0.00012311770620707652 0.032542961441146968 0.011454602460331066 -0.056195023060572238 -0.033576719864785276 -0.044257176498590185 -0.01423965790291994 0.14150309861915505 -0.010832323982518988 0.02197827597016996 0.0058922936706417911 -0.030239632079793882 0.005938215991189307 0.010504186225925284 0.0046596862844482069 -0.072411961313037621 -0.0045165790280081051 -0.0074484864295664144 -0.10210417658734959 -0.0892364419420138 -0.020425427543291866 -0.15081223404638885 0.43615949329259424 -0.057342749719569389 0.013891547049790232 -0.029504206421238743 0.022680414472848479 -0.041501017324106895 0.00021194130464228245 -0.0027668376504510041 -0.0001012847672431414
leaf_weight=1305090 95 1878 214 1212 351 1695 30 1155 498 11064 122 33 2590 692 173 165 3236 59 138 685 198 98 233 1588 954 2519 283 1732 21518 46882
leaf_count=1305090 95 1878 214 1212 351 1695 30 1155 498 11064 122 33 2590 692 173 165 3236 59 138 685 198 98 233 1588 954 2519 283 1732 21518 46882
internal_value=0 -0.00210173 -0.00281979 -0.00251748 -0.00192252 -0.00734173 -0.0138327 -0.00175445 0.00214932 -0.000890486 0.00128821 -0.031373 -0.00381356 -0.00683802 0.00231526 -0.0092939 -0.00725389 -0.0249722 -0.0272346 -0.00506225 -0.039951 -0.015928 -0.0252648 4.46293e-05 -0.00120415 -0.000972848 0.00766166 0.0109818 -0.00153221 -0.00186384
internal_weight=0 26614 24736 24522 23310 3729 1725 2004 1653 19581 11219 155 8362 5599 2763 4907 4406 485 501 3921 336 426 331 1.38057e+06 75476 74522 4534 4251 69988 68400
internal_count=1407180 26614 24736 24522 23310 3729 1725 2004 1653 19581 11219 155 8362 5599 2763 4907 4406 485 501 3921 336 426 331 1380566 75476 74522 4534 4251 69988 68400
is_linear=0
shrinkage=0.1


Tree=174
num_leaves=31
num_cat=0
split_feature=128 1 2 20 0 3 13 13 2 6 6 3 123 3 124 0 0 62 4 3 90 6 123 2 2 64 3 0 3 123
split_gain=11.8087 17.0161 28.3175 25.4828 23.3243 60.7681 18.5537 15.2883 14.7625 15.6363 14.3371 13.3989 12.459 12.4295 13.9299 11.8017 40.7977 101.138 86.3961 65.5957 58.3404 48.7587 31.6412 59.576 56.1388 30.2612 32.5518 29.3359 52.2359 102.311
threshold=0.080128205128205135 1500.5000000000002 696559.6050000001 5.5000000000000009 17608.500000000004 52345.870000000003 3063.5000000000005 1922221.0000000002 105916.145 10.583333333333334 13.833333333333334 270331.48500000004 153733.00000000003 87667.890000000014 9.5000000000000018 9986284.5000000019 6770101.5000000009 4303495.0000000009 72429.015000000014 133326.44000000003 0.89442411217954498 4.416666666666667 3526762.5000000005 233405.81000000003 291795.10500000004 1.0003949229956695 291452.71500000003 4751142.0000000009 86002.040000000023 2394340.0000000005
decision_type=2 2 2 2 2 2 2 2 2 2 2 2 2 2 2 2 2 2 2 2 2 2 2 2 2 2 2 2 2 2
left_child=15 2 8 4 5 -3 13 -5 -2 -10 -8 12 -6 -7 -15 16 27 18 20 -19 21 -18 23 -23 -24 26 -26 -1 29 -29
right_child=1 3 -4 7 11 6 10 -9 9 -11 -12 -13 -14 14 -16 -17 17 19 -20 -21 -22 22 24 -25 25 -27 -28 28 -30 -31
leaf_value=7.5857775068527428e-05 0.013534707783889988 -1.2109518525482699e-05 -0.012808642831285095 0.0029143926688364966 -0.00098519272242585392 0.0050834764098780967 -0.046067161503539011 -0.027471683456944469 -0.0083023624756005301 0.01824422159533055 -0.026415781883491703 0.0036404417785619037 -0.0072166898494646723 -0.046552001262569531 -0.00043982565272866612 -0.0016699494559698881 0.013976784987998437 -0.039784831985907924 -0.0039575424101994548 -0.0001639794377632051 -0.0091598221754644743 0.0058980630572540221 -0.0076861400187537236 0.023973034473714263 0.011239057956655682 0.10885667848480066 -0.0045248619933058159 -0.0052057359869745086 -0.0013717988196067191 -0.014037013962163608
leaf_weight=1317461 1343 613 104 2174 1398 50 364 182 561 264 51 741 1659 67 52 31811 1311 206 2245 11721 649 849 154 1233 416 86 426 855 27679 455
leaf_count=1317461 1343 613 104 2174 1398 50 364 182 561 264 51 741 1659 67 52 31811 1311 206 2245 11721 649 849 154 1233 416 86 426 855 27679 455
internal_value=0 -0.00349024 0.00407361 -0.00582803 -0.00987165 -0.0220438 -0.045128 0.00274493 0.00651879 -0.00400958 -0.0565024 -0.00603541 -0.00895968 -0.0171968 -0.0347758 2.48422e-05 6.9192e-05 0.00463475 0.0138453 -0.00105589 0.0210124 0.025076 0.0183568 0.025566 0.00448498 0.013764 0.0079929 3.76283e-06 -0.00314295 -0.0226552
internal_weight=0 9623 2272 7351 4995 1197 584 2356 2168 825 415 3798 3057 169 119 1.39756e+06 1.36575e+06 19296 7369 11927 5124 4475 3164 2082 1082 928 842 1.34645e+06 28989 1310
internal_count=1407180 9623 2272 7351 4995 1197 584 2356 2168 825 415 3798 3057 169 119 1397557 1365746 19296 7369 11927 5124 4475 3164 2082 1082 928 842 1346450 28989 1310
is_linear=0
shrinkage=0.1


Tree=175
num_leaves=31
num_cat=0
split_feature=6 0 123 127 14 2 2 17 16 3 0 2 2 2 2 3 20 3 3 123 2 3 115 2 127 6 5 137 63 18
split_gain=12.0003 25.8995 46.3687 22.5811 19.6084 14.6049 13.2874 12.8933 34.6604 35.7577 42.5716 25.3936 21.9628 24.1353 69.4984 51.4162 30.5163 20.0936 51.4553 21.4727 21.074 19.4439 19.1802 20.4771 16.7403 15.0636 25.1468 14.2874 13.946 13.5088
threshold=1.0000000180025095e-35 196.50000000000003 101.50000000000001 0.81666666666666676 1.0000000180025095e-35 12960.960000000001 95506.540000000023 3.5000000000000004 1.0000000180025095e-35 356670.3000000001 801.50000000000011 598677.14000000025 504756.79500000004 93014.10500000001 109644.18000000001 105826.14500000002 1.5000000000000002 55216.060000000005 46171.880000000005 198492.00000000003 47695.48000000001 161130.72000000003 4.5000000000000009 67350.98000000001 0.81666666666666676 6.5833333333333348 3.0000000000000004 901.50000000000011 14.721539767557131 1.5000000000000002
decision_type=2 2 2 2 2 2 2 2 2 2 2 2 2 2 2 2 2 2 2 2 2 2 2 2 2 2 2 2 2 2
left_child=1 2 -1 -4 -3 -6 -5 29 9 12 11 -11 13 17 15 -15 21 18 19 27 -20 -16 23 -19 -18 -12 -27 -9 -23 -2
right_child=7 4 3 6 5 -7 -8 8 -10 10 25 -13 -14 14 16 -17 24 22 20 -21 -22 28 -24 -25 -26 26 -28 -29 -30 -31
leaf_value=-0.00016607361160749792 0.000102492173881652 0.01087301632193767 -0.0026943702672965896 -0.00133131826479318 0.0049739211467152433 -0.00017519149187312789 -0.0018641786547115265 0.0015141993355389793 0.00058882529328117003 -0.004430660462642691 0.00031759881756046604 -0.0077253178493114534 0.0071233124506762183 -0.0079470695482327953 -0.0034306001935936917 -0.015599269205088473 -0.0037076424504500468 0.0097802916918507746 -0.02323136783143467 -0.0052789394654871209 -0.0055536026728420845 0.0060260386902612371 -0.021783507699109708 0.0004850988065025988 -0.0090772582367720286 -0.031003931235464827 -0.0028982741516602973 -0.017320033432946868 -0.00450418633594261 -0.0031016811294539205
leaf_weight=631 1364521 43 128 112 101 9234 207 1870 11334 140 224 75 185 165 431 181 984 300 185 186 113 374 33 1122 186 63 94 451 40 13467
leaf_count=631 1364521 43 128 112 101 9234 207 1870 11334 140 224 75 185 165 431 181 984 300 185 186 113 374 33 1122 186 63 94 451 40 13467
internal_value=0 -0.00337544 -0.0180549 -0.0426962 -0.00168805 -0.00199839 -0.0569335 2.4982e-05 -0.00258064 -0.00790289 -0.0313902 -0.0669681 -0.00584611 -0.00679567 -0.0149057 -0.0563093 -0.00779616 -0.0023009 -0.00724729 -0.00257769 -0.0465315 0.00668466 0.00723493 0.00898398 -0.0182545 -0.0113134 -0.0350641 4.22105e-05 0.0221622 6.04097e-05
internal_weight=0 10456 1078 447 9378 9335 319 1.39672e+06 18736 7402 596 215 6806 6621 2361 346 2015 4260 2805 2507 298 845 1455 1422 1170 381 157 2321 414 1.37799e+06
internal_count=1407180 10456 1078 447 9378 9335 319 1396724 18736 7402 596 215 6806 6621 2361 346 2015 4260 2805 2507 298 845 1455 1422 1170 381 157 2321 414 1377988
is_linear=0
shrinkage=0.1


Tree=176
num_leaves=31
num_cat=0
split_feature=117 26 4 6 134 0 5 0 3 6 4 64 62 92 0 0 2 20 3 137 137 6 127 123 5 3 2 76 2 0
split_gain=11.6232 11.4754 25.1378 12.0906 15.1381 15.3373 17.2099 13.9753 63.3862 39.9593 34.0378 48.8603 46.596 31.9561 34.9601 69.2545 88.3357 44.253 67.3394 70.0202 46.1227 44.3014 50.9124 50.4201 33.1389 71.1072 73.3087 55.4215 47.6006 42.7829
threshold=0.34848484848484856 2.5000000000000004 30208.655000000002 42.583333333333336 1935612.0000000002 1984771.5000000002 3.0000000000000004 308.50000000000006 25.005000000000006 4.8333333333333348 343762.67000000004 0.00023497805022583719 598147.50000000012 21814.000000000004 50.500000000000007 45.500000000000007 5.9900000000000011 3.5000000000000004 5.8150000000000004 103.50000000000001 64.500000000000014 1.7500000000000002 0.88194444444444453 201.50000000000003 3.0000000000000004 597404.63000000012 441329.70000000007 10.500000000000002 5085.1850000000013 2.5000000000000004
decision_type=2 2 2 2 2 2 2 2 2 2 2 2 2 2 2 2 2 2 2 2 2 2 2 2 2 2 2 2 2 2
left_child=1 3 -3 7 5 -5 -7 13 9 -9 -10 -12 -13 14 15 24 -17 18 20 -20 -16 23 -23 -19 27 26 28 -1 -26 -27
right_child=-2 2 -4 4 -6 6 -8 8 10 -11 11 12 -14 -15 17 16 -18 21 19 -21 -22 22 -24 -25 25 29 -28 -29 -30 -31
leaf_value=0.0005983743083645799 -0.031301187525036633 0.10716305317252157 0.00058957133002728317 -0.0015771696922987745 -0.012624118607425783 -0.016272933978235839 -0.018361151181196366 -0.028788816004415563 -4.2022107108780075e-05 0.030876359134649568 0.0034278055369549756 -0.033714046645108797 -0.0033133548620760457 -0.092293770207095518 0.052404375450167434 -0.024186701725432126 0.0088308511657205335 -0.0015271082121396829 0.0061587642401043337 -0.032548436216322328 0.10319055592822157 -0.00022883763186652453 0.025456798591907151 0.00014318826439048695 -0.014573047074152591 0.029537899611636512 -0.013113864175604954 -0.02185024760178228 0.018344496835375292 0.0091094044620146294
leaf_weight=464563 65 9865 23682 75734 8052 136 391 2270 735504 1236 7907 5902 9502 234 5033 2542 1864 506 12209 914 970 21362 1221 139 3803 311 883 3189 6248 943
leaf_count=464563 65 9865 23682 75734 8052 136 391 2270 735504 1236 7907 5902 9502 234 5033 2542 1864 506 12209 914 970 21362 1221 139 3803 311 883 3189 6248 943
internal_value=0 -2.56795e-06 0.00182477 -4.71974e-05 -0.00120737 -0.000771964 -0.0177725 2.86737e-05 -0.000245055 -0.01366 -0.000183073 -0.00394512 -0.00722522 0.00042468 0.000441094 0.000200174 -0.0122799 0.00319618 0.00675838 0.00274518 0.0155315 0.000263059 0.00100112 -0.0255782 0.000314745 0.00546249 0.00287577 0.000180612 0.00530274 0.0280169
internal_weight=0 1.40712e+06 33547 1.37357e+06 84313 76261 527 1.28926e+06 762321 3506 758815 23311 15404 526934 526700 484346 4406 42354 19126 13123 6003 23228 22583 645 479940 12188 10934 467752 10051 1254
internal_count=1407180 1407115 33547 1373568 84313 76261 527 1289255 762321 3506 758815 23311 15404 526934 526700 484346 4406 42354 19126 13123 6003 23228 22583 645 479940 12188 10934 467752 10051 1254
is_linear=0
shrinkage=0.1


Tree=177
num_leaves=31
num_cat=0
split_feature=146 2 146 119 55 93 13 127 0 29 4 64 20 0 2 13 5 20 20 20 2 137 20 5 2 0 6 13 5 0
split_gain=11.857 20.4682 13.495 11.5712 11.326 11.3039 53.143 39.0952 35.0836 14.2263 21.4243 22.0847 16.952 13.3834 11.2036 36.7417 39.639 33.0507 72.1319 31.7208 30.7278 23.6548 22.5761 42.2608 21.5558 64.5684 72.3072 44.3843 74.8389 48.7326
threshold=2601971.0000000005 902065.44500000018 932488.50000000012 1.0000000180025095e-35 1870.0000000000002 119150.50000000001 50011.500000000007 0.62019230769230782 777768.00000000012 381020.00000000006 146203.56000000003 0.19119047740461331 5.5000000000000009 235689.00000000003 1.3150000000000002 3.5000000000000004 1.0000000180025095e-35 9.5000000000000018 6.5000000000000009 6.5000000000000009 1.2050000000000003 11.500000000000002 9.5000000000000018 1.5000000000000002 2.6400000000000001 138.50000000000003 4.8333333333333348 45.500000000000007 1.5000000000000002 74.500000000000014
decision_type=2 2 2 2 2 2 2 2 2 2 2 2 2 2 2 2 2 2 2 2 2 2 2 2 2 2 2 2 2 2
left_child=2 -2 3 4 5 9 8 13 -7 14 12 -12 -11 -8 15 19 -17 18 20 -1 -18 -20 23 -21 25 26 27 -16 -29 -30
right_child=1 -3 -4 -5 -6 6 7 -9 -10 10 11 -13 -14 -15 24 16 17 -19 21 22 -22 -23 -24 -25 -26 -27 -28 28 29 -31
leaf_value=0.050274740860155223 -0.017139734590283652 0.07330960827463491 0.019826964826470807 -0.042880005078945273 -0.068836137037053727 0.038192995659071048 -0.090999980311429599 -0.027852602503332588 -0.041093381903222807 0.067526089730221492 -0.02399873618400631 0.063567284066227955 0.013348253875032086 -0.0085005989327528678 0.0022885814826705932 -0.036015207703596931 0.0015552592248686771 0.0036621995106588066 -0.017568987518476974 0.65741442095202784 -0.0046079209522351307 -0.0034275400080248267 0.00041722807788027592 -0.047197844855587624 -1.5566431423599814e-05 0.082525978885499951 0.038203475016254367 -0.059485441588147663 -0.0080842898481116969 0.023983434822648076
leaf_weight=3683 105 67 2108 49 85 235 294 90 87 334 329 142 187 737 7368 776 5172 6216 1285 215 4155 472 2547 228 1352678 683 11803 536 3091 1423
leaf_count=3683 105 67 2108 49 85 235 294 90 87 334 329 142 187 737 7368 776 5172 6216 1285 215 4155 472 2547 228 1352678 683 11803 536 3091 1423
internal_value=0 -0.0262503 6.93209e-06 -5.06429e-06 -3.36937e-06 -1.16069e-06 -0.00884737 -0.0191326 0.0269594 7.93563e-06 0.0119791 -0.00347719 0.0259521 -0.013615 -5.32706e-07 -0.00210932 -0.00445037 -0.00345859 -0.0067318 0.00423217 -0.00323049 -0.0253184 -0.00341986 -0.0242553 3.73529e-05 0.00295267 0.00209763 -0.00322916 -0.0104505 -0.00625562
internal_weight=0 172 1.40701e+06 1.4049e+06 1.40485e+06 1.40477e+06 1443 1121 322 1.40332e+06 992 471 521 1031 1.40233e+06 24749 18076 17300 11084 6673 9327 1757 2990 443 1.37758e+06 24904 24221 12418 5050 4514
internal_count=1407180 172 1407008 1404900 1404851 1404766 1443 1121 322 1403323 992 471 521 1031 1402331 24749 18076 17300 11084 6673 9327 1757 2990 443 1377582 24904 24221 12418 5050 4514
is_linear=0
shrinkage=0.1


Tree=178
num_leaves=31
num_cat=0
split_feature=146 2 147 3 4 0 3 3 146 1 146 4 146 90 146 2 6 0 4 13 2 62 123 13 5 20 3 127 137 64
split_gain=11.8573 17.7363 12.4259 15.0377 26.5295 17.9173 13.4836 12.0379 12.2445 11.7474 11.6526 23.4695 20.1664 24.1593 19.0347 11.932 11.9022 36.2162 62.8554 66.4424 48.2693 45.4869 55.5949 46.6825 41.3119 39.2287 59.9201 47.1003 36.0327 49.165
threshold=2601971.0000000005 902065.44500000018 9.5000000000000018 16926.390000000003 12091.515000000001 16364.500000000002 147985.44500000004 13415.005000000003 5816.0000000000009 97246.000000000015 35746.000000000007 40981.885000000009 28017.000000000004 751166.50000000012 319167.00000000006 333266.21500000003 10.16666666666667 219508.00000000003 14587.040000000003 5762.5000000000009 93014.10500000001 217917.50000000003 3149531.5000000005 2787083.5000000005 1.5000000000000002 15.500000000000002 16926.390000000003 0.88194444444444453 56862.500000000007 0.00043820611429987887
decision_type=2 2 2 2 2 2 2 2 2 2 2 2 2 2 2 2 2 2 2 2 2 2 2 2 2 2 2 2 2 2
left_child=2 -2 10 4 9 -5 -7 8 -6 -4 12 14 16 -14 -12 -13 -1 18 24 -20 28 22 23 -19 -18 27 -27 -26 29 -21
right_child=1 -3 3 5 7 6 -8 -9 -10 -11 11 15 13 -15 -16 -17 17 21 19 20 -22 -23 -24 -25 25 26 -28 -29 -30 -31
leaf_value=0.0001855416711625646 -0.015425761131255284 0.065978647447171412 0.096022385442444375 0.1720332866817621 -0.28618262532679856 -0.0034316000912642387 0.01751284455164864 -0.12916646995204145 0.20005198189268503 -0.098311406320095912 -0.043757959789135055 -0.0067983946096274624 0.012481855309707912 0.02753387454109861 -0.065413667606745676 0.042275746930183475 0.026655878726035056 -0.0059186216692486363 -0.0011013713340389587 -0.00035460759264946965 -0.0019315286822755241 -0.00052355255457298133 -0.010809529819124664 0.019919197939821932 -0.001018057825289409 0.068333689534051875 -0.0050014990285037302 0.01257678050725235 -0.0060095523005130108 -0.019303554938651102
leaf_weight=853280 105 67 1608 1885 130 3391 3218 579 35 70 2002 4263 217 143 56 803 27034 30462 315491 584 3661 73413 232 1470 65349 7812 2929 3746 1403 1742
leaf_count=853280 105 67 1608 1885 130 3391 3218 579 35 70 2002 4263 217 143 56 803 27034 30462 315491 584 3661 73413 232 1470 65349 7812 2929 3746 1403 1742
internal_value=0 -0.0262503 7.29797e-06 0.00336809 -0.0035826 0.00535002 0.00289719 -0.0193002 -0.0431281 0.00338636 -1.89799e-05 -0.004053 1.7105e-06 0.0236667 -0.0130583 -0.000394692 -4.42472e-06 -0.000374048 3.363e-05 -0.000662146 -0.010035 -0.0020335 -0.00516939 -0.00481501 0.00213574 0.000991641 0.0066138 0.000117661 -0.0180429 -0.0256773
internal_weight=0 172 1.40701e+06 10916 2422 8494 6609 744 165 1678 1.39609e+06 7124 1.38897e+06 360 2058 5066 1.38861e+06 535328 429751 322881 7390 105577 32164 31932 106870 79836 10741 69095 3729 2326
internal_count=1407180 172 1407008 10916 2422 8494 6609 744 165 1678 1396092 7124 1388968 360 2058 5066 1388608 535328 429751 322881 7390 105577 32164 31932 106870 79836 10741 69095 3729 2326
is_linear=0
shrinkage=0.1


Tree=179
num_leaves=31
num_cat=0
split_feature=6 0 123 127 14 20 2 3 123 123 2 123 2 0 2 2 2 20 100 20 123 0 0 123 1 2 2 2 0 17
split_gain=11.9731 22.3303 40.38 25.1705 17.8312 17.692 15.1812 14.22 14.4195 23.921 16.7369 15.638 39.1539 22.2792 17.1702 28.3023 26.6787 27.375 19.1295 15.7345 15.6105 31.0449 14.8932 24.1081 23.3228 26.041 14.8323 27.1839 15.2844 18.7448
threshold=1.0000000180025095e-35 196.50000000000003 101.50000000000001 0.81666666666666676 1.0000000180025095e-35 8.5000000000000018 95506.540000000023 15446.575000000003 1818786.0000000002 1556957.0000000002 95506.540000000023 1341018.0000000002 65018.575000000004 1062513.0000000002 1578071.3050000002 121145.34000000001 229466.14000000004 13.500000000000002 0.69047619047619058 19.500000000000004 781352.00000000012 182197.50000000003 900113.50000000012 296789.00000000006 550751.00000000012 88465.965000000011 270838.87000000005 194558.83500000005 42496368.500000007 1.5000000000000002
decision_type=2 2 2 2 2 2 2 2 2 2 2 2 2 2 2 2 2 2 2 2 2 2 2 2 2 2 2 2 2 2
left_child=1 2 -1 5 -3 -4 -5 -6 9 11 -10 13 -13 14 15 22 18 -18 19 -17 21 -19 23 -9 -25 -26 27 -12 29 -28
right_child=-2 4 3 6 7 -7 -8 8 10 -11 26 12 -14 -15 -16 16 17 20 -20 -21 -22 -23 -24 24 25 -27 28 -29 -30 -31
leaf_value=-0.00026289845714917438 3.7976669452577388e-05 0.0097729193764808861 -0.0077472534591416786 -0.001062473141073772 0.0018771794318849456 0.000844201847374166 -0.0015420474920003009 -0.0010022680207414369 0.001894825368192497 -0.0010628958150311644 1.59539275280729e-05 0.0032511715299138547 -0.00026806741918325314 -0.0021723026900469537 -0.020492006399827248 0.00070908945254236327 0.00086128426847365794 -0.0015273116705364577 -0.020535829424941379 0.010792570035406604 -0.0039589861151928417 0.0016981042826478836 0.00090541886811717749 -0.0079155714370578046 -0.0012441547022048029 0.0066975796051129133 0.0023655403746027483 -0.0043214781350753738 -0.0095574851120397777 -0.00033451369784106156
leaf_weight=631 1396724 43 89 112 454 39 207 2337 155 244 788 68 151 512 260 729 570 275 34 44 44 151 144 614 278 34 626 204 129 490
leaf_count=631 1396724 43 89 112 454 39 207 2337 155 244 788 68 151 512 260 729 570 275 34 44 44 151 144 614 278 34 626 204 129 490
internal_value=0 -0.00336235 -0.0169928 -0.0399879 -0.00179553 -0.00252659 -0.0550193 -0.00209148 -0.00297393 -0.00542037 0.00366277 -0.00422024 0.022029 -0.00517421 -0.00332137 -0.00208002 0.00788823 -0.00269869 0.0215318 0.0247608 -0.0205656 -0.0147085 -0.00748399 -0.00887292 -0.0225281 -0.000264647 0.00146091 -0.00766129 0.00872937 0.0124964
internal_weight=0 10456 1078 447 9378 128 319 9335 8881 6489 2392 6245 219 6026 5514 5254 1847 1040 807 773 470 426 3407 3263 926 312 2237 992 1245 1116
internal_count=1407180 10456 1078 447 9378 128 319 9335 8881 6489 2392 6245 219 6026 5514 5254 1847 1040 807 773 470 426 3407 3263 926 312 2237 992 1245 1116
is_linear=0
shrinkage=0.1


Tree=180
num_leaves=31
num_cat=0
split_feature=146 0 119 84 84 84 63 63 3 64 4 6 4 6 3 13 20 6 0 1 2 1 6 63 3 63 137 20 4 62
split_gain=11.8622 17.7292 11.5797 11.1585 13.885 15.1758 12.0009 14.3306 54.4664 41.4412 59.8812 34.5925 55.7066 46.6716 32.6818 31.8291 28.5898 24.8055 26.1513 26.5139 22.661 29.8239 30.9882 21.9424 21.5834 21.2495 47.4747 42.7939 38.0569 32.1656
threshold=2601971.0000000005 2889245.0000000005 1.0000000180025095e-35 5316533.0000000009 1107742.0000000002 1102848.5000000002 783077.50000000012 22233.744444444448 142941.84000000003 21918.500000000004 9042.5150000000012 5.7500000000000009 4420.6800000000012 7.8333333333333348 60538.395000000011 1.5000000000000002 2.5000000000000004 11.833333333333334 1229514.0000000002 1808934.5000000002 131601.80000000002 1922221.0000000002 2.2500000000000004 42716.089898989907 59387.505000000012 2052.7948883161516 27.500000000000004 3.5000000000000004 4759.3900000000003 439821.00000000006
decision_type=2 2 2 2 2 2 2 2 2 2 2 2 2 2 2 2 2 2 2 2 2 2 2 2 2 2 2 2 2 2
left_child=2 -2 3 4 5 6 7 25 9 10 14 12 20 16 -9 -14 -13 18 23 -20 21 24 -23 -15 -11 -1 -27 28 29 -28
right_child=1 -3 -4 -5 -6 -7 -8 8 -10 11 -12 13 15 17 -16 -17 -18 -19 19 -21 -22 22 -24 -25 -26 26 27 -29 -30 -31
leaf_value=1.8161592810950201e-05 -0.013839054725271078 0.050151802492119507 -0.038614356405112238 0.095405961091273375 -0.0056678861648608806 0.14103050952423909 0.0045664998299096331 -0.003463719526406909 0.0017177097522979496 -9.8655854217424724e-05 0.020940685425761881 0.0022994611750516629 -0.013925932291444133 -0.0052345007566260079 -0.01284550469611959 0.0029780566040145183 -0.0077655023447098948 -0.0038495910059340951 0.0013488227083447548 -0.00090197038706121477 -0.014140780215229812 0.0016685353787896763 -0.00096697295717841191 -0.00065359705885567143 -0.0033263683199083274 -0.00079459693955324516 0.017157465119168203 0.0022124478880278832 0.026605302476719807 0.00033315316253712535
leaf_weight=1382062 92 80 49 59 1402 101 937 172 7966 111 91 1166 473 418 276 927 436 391 582 601 147 59 135 571 532 3811 580 2055 301 597
leaf_count=1382062 92 80 49 59 1402 101 937 172 7966 111 91 1166 473 418 276 927 436 391 582 601 147 59 135 571 532 3811 580 2055 301 597
internal_value=0 -0.0262503 1.26738e-05 1.43668e-05 1.25431e-05 2.24651e-05 1.96795e-05 1.21316e-05 -0.00305665 -0.00943336 -0.0360864 -0.00723974 -0.0168461 -0.00174118 -0.0511086 -0.00403063 0.0116482 -0.0101102 -0.00593617 0.00409663 -0.0350794 -0.0287197 0.00564588 -0.017937 -0.0390882 4.53814e-05 0.00541023 0.0137607 0.0267381 0.0186234
internal_weight=0 172 1.40701e+06 1.40696e+06 1.4069e+06 1.4055e+06 1.4054e+06 1.40446e+06 15054 7088 539 6549 2384 4165 448 1400 1602 2563 2172 1183 984 837 194 989 643 1.38941e+06 7344 3533 1478 1177
internal_count=1407180 172 1407008 1406959 1406900 1405498 1405397 1404460 15054 7088 539 6549 2384 4165 448 1400 1602 2563 2172 1183 984 837 194 989 643 1389406 7344 3533 1478 1177
is_linear=0
shrinkage=0.1


Tree=181
num_leaves=31
num_cat=0
split_feature=137 62 64 20 20 3 137 137 137 5 3 0 20 4 3 64 63 5 3 64 64 1 3 20 64 5 4 20 137 6
split_gain=10.8996 50.8544 66.0689 70.1878 216.712 49.9948 38.1504 35.7516 62.544 38.7965 31.1095 81.3476 56.2782 54.8936 48.2861 57.1463 70.9865 47.3988 58.8675 74.6346 35.8464 34.2847 33.5319 30.7289 29.0181 59.4565 74.2008 47.3982 34.6892 28.674
threshold=1380303.0000000002 1885021.0000000002 2.1314311494721929e-05 2.5000000000000004 4.5000000000000009 117976.09000000001 391856.50000000006 319472.00000000006 323436.50000000006 1.0000000180025095e-35 75702.905000000013 2464944.5000000005 3.5000000000000004 48072.870000000003 656988.51500000013 0.85714230701592065 4.6261741113712018 1.5000000000000002 145680.95000000004 1.0000128766417722 0.0010343214320717999 392033.50000000006 215425.28500000003 1.0000000180025095e-35 0.20477211322628955 1.5000000000000002 77140.970000000016 2.5000000000000004 7998507.0000000009 3.8333333333333335
decision_type=2 2 2 2 2 2 2 2 2 2 2 2 2 2 2 2 2 2 2 2 2 2 2 2 2 2 2 2 2 2
left_child=6 2 3 23 -5 -6 7 -1 9 -9 11 13 -13 21 15 22 17 -17 19 -19 -15 -8 -12 -2 -3 26 -26 -27 -29 -24
right_child=1 24 -4 4 5 -7 10 8 -10 -11 14 12 -14 20 -16 16 -18 18 -20 -21 -22 -23 29 -25 25 27 -28 28 -30 -31
leaf_value=-8.7932691344883028e-06 -0.0067670052568759263 -0.00079788146577007752 -0.016397528468855865 -0.037050726326733611 -0.0036802882572943745 0.030658070467333723 0.013627530486660639 0.023112399758059898 -0.0030667470299041129 -0.026254784585090049 0.00041273265960519237 0.04096592106938314 -0.030214023006517977 0.087002254069943968 -0.012359116536930337 -0.020865236232178896 -0.0098135677961296523 0.0085133340053875958 0.025117392462387967 0.042760130354786104 -0.032809785835748423 0.00049464636649686211 0.016880318424435718 0.033509517154207136 -0.089167252000271202 0.12537617076899707 0.0031438381064338387 0.011736743653591303 0.10036299938956933 0.01017031760191113
leaf_weight=1291765 189 10232 7688 1578 10390 2374 4348 161 7850 1832 9758 87 526 27 2468 210 508 516 3588 554 103 36148 310 522 435 1045 1141 6310 327 4190
leaf_count=1291765 189 10232 7688 1578 10390 2374 4348 161 7850 1832 9758 87 526 27 2468 210 508 516 3588 554 103 36148 310 522 435 1045 1141 6310 327 4190
internal_value=0 -0.00156956 -0.00478211 -0.000930082 -0.00245045 0.00187167 6.16365e-05 -5.49891e-05 -0.00605892 -0.0218791 0.0024582 0.000835772 -0.035321 0.00138134 0.00548541 0.00714257 0.0159285 0.0196406 0.0217357 0.0423218 -0.063496 0.00158961 0.00382981 0.0297382 0.00217885 0.00623534 -0.0114576 0.00986513 0.00674828 0.0109711
internal_weight=0 42231 22741 15053 14342 12764 1.36495e+06 1.30161e+06 9843 1993 63341 41239 613 40626 22102 19634 5376 4868 4658 1070 130 40496 14258 711 19490 9258 1576 7682 6637 4500
internal_count=1407180 42231 22741 15053 14342 12764 1364949 1301608 9843 1993 63341 41239 613 40626 22102 19634 5376 4868 4658 1070 130 40496 14258 711 19490 9258 1576 7682 6637 4500
is_linear=0
shrinkage=0.1


Tree=182
num_leaves=31
num_cat=0
split_feature=0 0 62 4 3 90 6 0 3 123 3 20 64 123 20 4 6 13 6 64 62 136 64 4 2 64 4 4 6 62
split_gain=11.2589 33.9463 82.6958 69.0722 57.0481 41.3105 40.5967 28.1782 44.0266 94.8644 78.2915 43.28 42.102 54.5244 40.8728 49.9935 44.2895 37.7512 89.9309 63.3834 47.5877 34.2614 32.3435 36.2446 29.9262 27.797 27.089 26.8627 25.9204 25.427
threshold=9986284.5000000019 6770101.5000000009 4303495.0000000009 77140.970000000016 133326.44000000003 0.98139881650644134 6.416666666666667 4751142.0000000009 86002.040000000023 2394340.0000000005 119761.34000000001 3.5000000000000004 0.18121388837712196 2285359.5000000005 1.0000000180025095e-35 10866.050000000001 6.8333333333333348 4739293.0000000009 4.8333333333333348 4.9003095652025483e-05 4739776.0000000009 1.0000000180025095e-35 1.0003949229956695 2025.1800000000003 615997.67500000016 0.99917228242063605 6645.505000000001 20056.875000000004 2.8333333333333335 2803454.5000000005
decision_type=2 2 2 2 2 2 2 2 2 2 2 2 2 2 2 2 2 2 2 2 2 2 2 2 2 2 2 2 2 2
left_child=1 7 3 5 -4 6 -3 17 9 11 25 -9 14 -14 15 -12 -17 -1 19 -19 -20 -18 23 -15 -25 -10 -21 -7 -28 -11
right_child=-2 2 4 -5 -6 27 -8 8 10 29 12 -13 13 22 -16 16 21 18 20 26 -22 -23 -24 24 -26 -27 28 -29 -30 -31
leaf_value=3.3317621917688666e-05 -0.0016173156380474563 0.011861886201943672 -0.035325417653228233 -0.0039669125413225315 -7.9490674429405497e-05 -0.033107379640416872 0.0082613612845588366 0.018752010625925141 -0.0007262377952556399 -0.012498121287776432 -0.00039164435230853089 -0.054649000265653995 -0.0010287606375498747 -0.0065170152651973364 -0.001759798354254708 0.011067415561969385 0.0075966683009318775 -0.00011482728076059127 0.0013062779691141839 -0.011580393140977863 0.015550662930610554 -0.023068691925059275 0.0067013529028745805 -0.015374521876252864 -0.0059478142978377953 0.036489159664446137 -0.0073221215553142096 0.025873557708946383 0.0051768010071353201 -0.020863018287436849
leaf_weight=1322717 32099 2200 206 2217 11761 450 2382 359 1033 278 1348 496 6703 2479 9605 286 619 607 1562 131 1382 103 286 2800 677 1909 41 191 76 177
leaf_count=1322717 32099 2200 206 2217 11761 450 2382 359 1033 278 1348 496 6703 2479 9605 286 619 607 1562 131 1382 103 286 2800 677 1909 41 191 76 177
internal_value=0 5.1643e-05 0.00420434 0.0124832 -0.000942684 0.0187607 0.0220871 -7.80449e-06 -0.00308288 -0.0209989 -0.0022401 -0.00136803 -0.00406244 -0.00801458 0.000214828 0.0120179 0.0288634 5.97885e-05 0.010014 -0.018536 0.0183055 0.0156707 -0.01474 -0.0163173 -0.0229042 0.0131872 -0.0611324 -0.00501696 -0.0261609 -0.0578875
internal_weight=0 1.37508e+06 19407 7440 11967 5223 4582 1.35567e+06 29158 1310 27848 855 24906 12945 11961 2356 1008 1.32652e+06 3799 855 2944 722 6242 5956 3477 2942 248 641 117 455
internal_count=1407180 1375081 19407 7440 11967 5223 4582 1355674 29158 1310 27848 855 24906 12945 11961 2356 1008 1326516 3799 855 2944 722 6242 5956 3477 2942 248 641 117 455
is_linear=0
shrinkage=0.1


Tree=183
num_leaves=31
num_cat=0
split_feature=19 76 4 63 20 1 92 90 0 4 4 4 13 92 20 2 94 0 2 5 92 3 0 2 2 3 1 75 3 63
split_gain=10.9268 10.7153 29.7401 24.841 28.9691 43.0539 30.5156 16.7982 16.3509 30.8517 15.3117 24.1501 18.8111 15.3443 14.8335 20.4886 14.7393 14.2408 14.1237 21.261 21.1412 26.9875 17.7347 18.5936 13.4138 12.8113 12.6888 12.217 19.7217 18.6844
threshold=1.5000000000000002 9.5000000000000018 3110.3150000000005 3.4821475283105601 6.5000000000000009 2.5000000000000004 33.758432539682545 25.227038435529231 2.5000000000000004 1371.9300000000001 22796.485000000004 17458.500000000004 164097.00000000003 266.85416666666669 4.5000000000000009 7954.0100000000011 6180.7000000000007 3.5000000000000004 152049.20000000004 3.0000000000000004 41.38750000000001 49871.80000000001 4.5000000000000009 53468.075000000004 173072.46000000005 157815.12500000003 62.500000000000007 136.50000000000003 133326.44000000003 99.974375000000023
decision_type=2 2 2 2 2 2 2 2 2 2 2 2 2 2 2 2 2 2 2 2 2 2 2 2 2 2 2 2 2 2
left_child=1 27 7 4 5 6 -4 8 9 -3 11 13 -12 16 -11 -16 -7 25 20 24 21 -6 23 -22 -20 -10 -21 -1 29 -29
right_child=-2 2 3 -5 18 10 -8 -9 17 14 12 -13 -14 -15 15 -17 -18 -19 19 26 22 -23 -24 -25 -26 -27 -28 28 -30 -31
leaf_value=8.2317149717161457e-05 -0.0060760326728129081 0.0063893825730600541 -0.059689045986760197 0.032916482946376967 0.032520974375917742 6.0537768740687142e-05 -0.12025109822580965 -0.056692490525297325 0.051694473751729489 -0.003243087758497477 0.013417889426777643 -0.13972959765721998 -0.027430883596374911 -0.039961393126657772 -0.0095809131978063511 -0.11226053497469529 0.028737204632636577 0.0034622262566259554 0.028141506170688804 0.024763852329042546 -0.0061758378597849498 -0.015060279076824782 -0.0293361444119805 -0.035552043886747674 -0.010652653379345732 -0.027490069736292002 0.011828081946327599 -0.011295381424528662 0.004278945579172984 -0.023725555321044301
leaf_weight=1370346 2806 856 678 123 595 478 350 43 746 159 759 313 150 614 91 254 43 11387 50 295 77 226 1087 91 432 50 288 11010 2611 172
leaf_count=1370346 2806 856 678 123 595 478 350 43 746 159 759 313 150 614 91 254 43 11387 50 295 77 226 1087 91 432 50 288 11010 2611 172
internal_value=0 1.95318e-05 -0.00226501 -0.00774509 -0.00858424 -0.0150022 -0.0320792 0.000416951 0.000615086 -0.00978462 -0.00755415 -0.0139402 0.00261851 -0.0071583 -0.0294133 -0.0410598 0.00546409 0.00177602 -0.00166769 0.00769454 -0.00647056 0.00600619 -0.0146326 -0.0448705 -0.00784462 0.0147072 0.0205417 5.293e-05 -0.00290834 -0.00473554
internal_weight=0 1.40437e+06 20235 6649 6526 3385 1028 13586 13543 1360 2357 1448 909 1135 504 345 521 12183 3141 1065 2076 821 1255 168 482 796 583 1.38414e+06 13793 11182
internal_count=1407180 1404374 20235 6649 6526 3385 1028 13586 13543 1360 2357 1448 909 1135 504 345 521 12183 3141 1065 2076 821 1255 168 482 796 583 1384139 13793 11182
is_linear=0
shrinkage=0.1


Tree=184
num_leaves=31
num_cat=0
split_feature=92 2 134 123 3 53 53 123 4 3 4 64 3 1 4 0 62 0 1 1 64 14 4 6 20 64 64 6 64 4
split_gain=10.9461 19.8389 10.5257 10.9122 44.287 43.1247 65.9256 44.2955 71.7919 121.109 90.5829 102.794 98.2475 86.7155 102.823 67.1731 64.2517 63.3457 52.3767 51.9806 59.4699 51.5855 42.739 38.936 38.6522 35.5915 52.3462 36.7344 35.3446 232.6
threshold=181050.50000000003 133303.62500000003 47994026.500000007 127957.50000000001 12758.810000000003 7.1050481456680009e-06 0.0037449466253060074 517427.00000000006 65673.710000000006 130532.32000000002 12091.515000000001 0.4285698337702159 15705.545000000002 356510.50000000006 6645.505000000001 708160.50000000012 140626.00000000003 413421.50000000006 479132.50000000006 515340.00000000006 0.90096147176585373 1.0000000180025095e-35 16180.365000000002 2.2500000000000004 6.5000000000000009 0.0015683131222281306 0.00083112801317290102 2.8333333333333335 1.0521192439171625 2837.8050000000007
decision_type=2 2 2 2 2 2 2 2 2 2 2 2 2 2 2 2 2 2 2 2 2 2 2 2 2 2 2 2 2 2
left_child=2 -2 3 -1 -5 7 -7 8 9 10 12 25 18 14 21 -9 -15 -16 -6 20 -18 -14 23 -13 -10 26 -12 -27 -17 -30
right_child=1 -3 -4 4 5 6 -8 15 24 -11 11 22 13 16 17 28 19 -19 -20 -21 -22 -23 -24 -25 -26 27 -28 -29 29 -31
leaf_value=0.00019185561115558431 -0.036312819367534485 -0.0076886059538406465 -0.010275768890272008 0.0058644823231789106 0.0041275187112458592 0.042592629967372786 -0.00037620562945665662 0.0042843219486009059 -0.022144538726810593 0.0044430047385579062 -0.0085881180173248417 -0.0039436308420641719 0.010992411387171819 -0.010057896046369842 -0.0070594906680906625 -0.00040732401494758541 -0.0053227823433513516 -0.0094426341022538999 -0.0043910412665615793 0.01479953813810957 -0.0095809913169393468 -0.0022014435187148961 0.0026795260261152651 0.0045441536202663006 -0.0021204081935633835 -0.016998704776241481 -0.023560640397141348 2.2184015689363792e-05 0.030726291254048112 0.00086194849111859465
leaf_weight=1208805 40 2233 5537 2859 5436 2862 5027 4962 3580 7352 555 70 2360 1651 1707 112346 4338 1147 1075 575 2292 10288 3530 892 2105 126 155 2194 703 10378
leaf_count=1208805 40 2233 5537 2859 5436 2862 5027 4962 3580 7352 555 70 2360 1651 1707 112346 4338 1147 1075 575 2292 10288 3530 892 2105 126 155 2194 703 10378
internal_value=0 -0.00692794 1.71928e-05 3.44105e-05 -0.000668898 -0.00085704 0.00637946 -0.00117452 -0.00365439 -0.00233722 -0.00458894 0.00525124 -0.00698675 -0.00990352 -0.00539377 -0.000181177 -0.0177976 -0.0225387 0.00392505 -0.0137203 -0.0162216 -0.00152504 0.0148523 0.0335372 -0.0142527 -0.00898237 -0.0285738 -0.00298671 -0.000639801 0.00474843
internal_weight=0 2273 1.40491e+06 1.39937e+06 190565 187706 7889 179817 51428 45743 38391 7522 30869 24358 15502 128389 8856 2854 6511 7205 6630 12648 4492 962 5685 3030 710 2320 123427 11081
internal_count=1407180 2273 1404907 1399370 190565 187706 7889 179817 51428 45743 38391 7522 30869 24358 15502 128389 8856 2854 6511 7205 6630 12648 4492 962 5685 3030 710 2320 123427 11081
is_linear=0
shrinkage=0.1


Tree=185
num_leaves=31
num_cat=0
split_feature=88 90 20 3 2 66 66 4 66 14 20 20 4 4 3 3 3 4 62 94 4 0 92 20 92 6 4 62 4 67
split_gain=10.2972 32.1848 20.6703 11.7577 13.2495 10.6617 11.299 29.5962 30.3389 54.291 22.3886 37.1509 18.1688 20.0061 19.9193 20.3858 55.9245 51.4525 35.1844 30.4608 74.4011 29.7853 25.6416 25.5458 22.4081 29.4334 20.2578 45.6066 18.3906 22.3169
threshold=2652688.5000000005 1.1811354726950267 3.5000000000000004 333743.86000000004 677406.26500000013 1064240.5000000002 5.5000000000000009 0.28500000000000009 663.50000000000011 1.0000000180025095e-35 4.5000000000000009 3.5000000000000004 35023.470000000008 35696.970000000008 745.71000000000015 125825.03000000001 84640.560000000012 6240.4550000000008 25897.500000000004 5969.8125000000009 1.1450000000000002 50.500000000000007 0.04083333333333334 4.5000000000000009 17.022222222222226 5.7500000000000009 1137.3400000000004 48927.000000000007 31.735000000000003 6.5000000000000009
decision_type=2 2 2 2 2 2 2 2 2 2 2 2 2 2 2 2 2 2 2 2 2 2 2 2 2 2 2 2 2 2
left_child=5 2 3 -2 -5 6 -1 8 10 -10 11 -8 14 -14 -9 16 19 22 21 26 23 -18 -17 -21 -19 -26 28 -28 -16 -30
right_child=1 -3 -4 4 -6 -7 7 12 9 -11 -12 -13 13 -15 15 17 18 24 -20 20 -22 -23 -24 -25 25 -27 27 -29 29 -31
leaf_value=4.3959265547721674e-05 -0.020591504148922871 -0.025692070892091357 -0.024183804238625557 0.026049856967253732 0.071060418315364637 0.011283048638882413 0.020516115749127019 0.033048026411400304 -0.10383796962975661 -0.10800159789650172 0.053329160303726635 -0.046803116353455465 0.02404053765896972 0.0051320585949298503 -0.0020716054397579508 0.0072882279939896714 -0.20351135484495073 -0.00073587091847703153 -0.022028698016458223 -0.10781292855762184 -0.0082929143110516169 -0.010289092999564188 0.029797477042087153 0.03844434577019467 0.019310044400734735 -0.051373713035837348 0.024170256679485726 -0.03399311402018157 -0.031742500850400333 0.02752735062168539
leaf_weight=1371721 31 779 389 57 261 2041 465 4753 216 226 275 362 55 2384 9755 1919 158 664 251 215 1323 1182 491 29 47 494 2971 509 2166 991
leaf_count=1371721 31 779 389 57 261 2041 465 4753 216 226 275 362 55 2384 9755 1919 158 664 251 215 1323 1182 491 29 47 494 2971 509 2166 991
internal_value=0 -0.0082282 0.00673668 0.0244055 0.0301363 1.51073e-05 4.60538e-06 -0.00185588 -0.0153617 -0.0374955 -0.0064841 -0.0147034 -0.00116895 0.00710799 -0.00189205 -0.00310199 -0.00437763 0.0037967 -0.022347 -0.00278571 -0.0161059 -0.0159109 0.0122327 -0.0668447 -0.0130752 -0.0281828 -0.00151236 0.00525918 -0.0033374 -0.00997142
internal_weight=0 1517 738 349 318 1.40566e+06 1.40362e+06 31901 1544 442 1102 827 30357 2439 27918 23165 19550 3615 1591 17959 1567 1340 2410 244 1205 541 16392 3480 12912 3157
internal_count=1407180 1517 738 349 318 1405663 1403622 31901 1544 442 1102 827 30357 2439 27918 23165 19550 3615 1591 17959 1567 1340 2410 244 1205 541 16392 3480 12912 3157
is_linear=0
shrinkage=0.1


Tree=186
num_leaves=31
num_cat=0
split_feature=93 29 4 62 1 26 4 6 3 62 3 13 0 6 0 3 20 127 146 92 0 5 2 0 1 13 62 20 138 3
split_gain=10.8353 12.3308 17.2177 19.016 13.1649 10.3826 22.8376 11.7473 62.3902 137.637 77.0317 74.5552 74.0438 54.3263 50.4096 80.0057 49.4476 52.782 46.2933 44.3525 43.3517 42.3135 79.4474 115.147 99.5928 85.0983 76.1775 58.3761 53.2336 48.753
threshold=1003914.0000000001 381020.00000000006 185154.24500000002 378816.00000000006 1647018.5000000002 2.5000000000000004 30208.655000000002 5.416666666666667 154472.91000000003 1169912.5000000002 182255.63500000004 4525000.0000000009 2786328.5000000005 4.8333333333333348 5777196.5000000009 125825.03000000001 22.500000000000004 0.60555555555555574 21477.000000000004 107837.00000000001 538265.50000000012 3.0000000000000004 47695.48000000001 426534.50000000006 530043.00000000012 355398.00000000006 824237.50000000012 21.500000000000004 7.5000000000000009 86002.040000000023
decision_type=2 2 2 2 2 2 2 2 2 2 2 2 2 2 2 2 2 2 2 2 2 2 2 2 2 2 2 2 2 2
left_child=1 5 4 -4 -3 7 -7 8 9 13 20 12 -11 16 -14 -16 19 -18 -15 21 -10 28 23 -23 25 27 -26 29 -1 -24
right_child=-2 2 3 -5 -6 6 -8 -9 10 11 -12 -13 14 18 15 -17 17 -19 -20 -21 -22 22 24 -25 26 -27 -28 -29 -30 -31
leaf_value=-0.00068750135590638366 -0.013190659755811822 0.020872498298270183 -0.032144632540475213 0.013836399187192506 0.09490088805597667 0.095278782904814285 0.00055772620931362484 -0.00028085939567615596 0.0045157809605917065 -0.0033230450646432094 0.00084366089172194236 -0.0079487101017303267 0.00032464293385807007 0.030807752024125092 -0.017037934919700806 0.0036514801559403213 -0.014294187136758252 0.0070855620962005043 -0.032063266126110206 -0.025869835940382526 0.0079502661898497862 0.018745963308518833 0.0010090173967010419 -0.001796345880706074 0.0057018135788860728 -0.0055366914212017495 -0.0020439519699447018 0.008055806844436051 0.017552019730191232 -0.0063770138493307446
leaf_weight=199644 264 651 166 142 150 9865 23682 1031461 3788 3482 80146 256 2988 12716 235 145 1450 221 1508 172 3354 7141 5642 2707 5095 1881 1683 1190 318 5037
leaf_count=199644 264 651 166 142 150 9865 23682 1031461 3788 3482 80146 256 2988 12716 235 145 1450 221 1508 172 3354 7141 5642 2707 5095 1881 1683 1190 318 5037
internal_value=0 6.96525e-06 0.0105474 -0.00954642 0.0182739 -1.34978e-06 0.00173678 -4.38411e-05 0.000465171 -0.000328769 0.00277102 -0.0140496 -0.0120695 6.69231e-05 -0.00149819 -0.0358041 -0.000300594 -0.0174408 0.00606598 -0.000176343 0.0127225 -0.000138438 0.00333905 0.0107227 -0.000203172 -0.00509352 0.0097175 -0.00196171 -0.000666698 -0.0043028
internal_weight=0 1.40692e+06 1109 308 801 1.40581e+06 33547 1.37226e+06 340799 253511 87288 7106 6850 246405 3368 380 232181 1671 14224 230510 7142 230338 30376 9848 20528 13750 6778 11869 199962 10679
internal_count=1407180 1406916 1109 308 801 1405807 33547 1372260 340799 253511 87288 7106 6850 246405 3368 380 232181 1671 14224 230510 7142 230338 30376 9848 20528 13750 6778 11869 199962 10679
is_linear=0
shrinkage=0.1


Tree=187
num_leaves=31
num_cat=0
split_feature=6 13 123 1 14 2 2 2 2 2 3 17 0 2 3 123 0 2 127 0 2 3 4 20 64 92 93 64 127 3
split_gain=13.0495 33.5856 33.6053 18.857 17.5115 16.7931 33.4013 24.5409 13.6068 12.2823 24.9113 20.3734 17.894 13.1265 20.0765 19.9836 15.2768 14.9165 11.2207 68.0587 41.0414 42.7726 32.3324 37.8165 58.6055 30.2225 25.9178 25.8922 25.5633 40.5167
threshold=1.0000000180025095e-35 342.50000000000006 59.500000000000007 14.500000000000002 1.0000000180025095e-35 275773.34500000003 340309.32000000007 91082.035000000018 12960.960000000001 2489761.5900000003 643741.83500000008 2.5000000000000004 14413199.000000002 459978.93000000005 436596.86500000005 11590489.500000002 5220316.5000000009 410633.69500000007 0.88194444444444453 350.50000000000006 868678.74500000011 255741.03500000003 628940.14000000013 22.500000000000004 0.084101854042329907 12.062500000000002 166247.50000000003 13660.523155120483 0.75961538461538469 356670.3000000001
decision_type=2 2 2 2 2 2 2 2 2 2 2 2 2 2 2 2 2 2 2 2 2 2 2 2 2 2 2 2 2 2
left_child=1 2 3 -1 -3 7 -7 -4 -6 10 12 -12 13 14 17 16 -16 -10 28 20 21 -20 23 25 -25 26 27 -21 -2 -30
right_child=18 4 5 -5 8 6 -8 -9 9 -11 11 -13 -14 -15 15 -17 -18 -19 19 22 -22 -23 -24 24 -26 -27 -28 -29 29 -31
leaf_value=-0.0011222725765560845 -9.5257060863995772e-06 0.0081244548742587068 -0.0010108425303862801 0.0078194155992392222 0.0037414214427789806 0.0011456934913989907 -0.00065502202252084034 -0.0010830952449739418 -0.00022307489554775908 -0.015154856141542395 0.0016160591738780595 0.009774196225483936 -0.002624053353545075 -0.0039453746765301971 0.0023249416044213433 -0.0011047122945996302 0.0055721194469424036 -0.0026430372501514837 0.020088780511982131 0.00022840514559998584 -0.051794985230774637 0.021216613613615355 -0.026372275928568625 0.014734398448833895 -0.002952213757634348 0.02386848646369949 -0.02503879990644782 -0.02256597852552851 -0.0010716621653590981 -0.0029833619241283527
leaf_weight=205 1322039 43 284 295 101 29 286 384 7162 379 736 55 32 295 49 26 59 36 2234 63682 64 322 614 1338 1164 67 43 268 4471 418
leaf_count=205 1322039 43 284 295 101 29 286 384 7162 379 736 55 32 295 49 26 59 36 2234 63682 64 322 614 1338 1164 67 43 268 4471 418
internal_value=0 -0.00351435 -0.0174553 0.00365166 -0.00121028 -0.0281913 -0.00915763 -0.0371667 -0.00151683 -0.00193433 -0.00114443 0.0157509 -0.00288933 -0.00257624 -0.0017441 0.0366077 0.0555556 -0.00245807 3.16089e-05 0.00126745 0.0170793 0.0190598 0.000650756 0.000861465 0.0129223 0.000390404 0.000320122 0.000372307 -3.3396e-05 -0.00725107
internal_weight=0 10456 1483 500 8973 983 315 668 8930 8829 8450 791 7659 7627 7332 134 108 7198 1.39672e+06 69796 2620 2556 67176 66562 2502 64060 63993 63950 1.32693e+06 4889
internal_count=1407180 10456 1483 500 8973 983 315 668 8930 8829 8450 791 7659 7627 7332 134 108 7198 1396724 69796 2620 2556 67176 66562 2502 64060 63993 63950 1326928 4889
is_linear=0
shrinkage=0.1


Tree=188
num_leaves=31
num_cat=0
split_feature=3 2 6 134 123 126 6 138 63 20 4 4 0 4 0 2 3 6 3 124 52 0 3 4 21 2 3 4 134 4
split_gain=10.5466 54.8118 61.2951 42.7706 37.3371 36.9915 39.743 34.0716 51.7721 50.7656 34.251 57.92 89.0038 82.5462 68.5775 54.9172 80.6006 84.0297 51.3351 70.4995 51.1474 50.7069 42.4302 31.997 31.8072 40.0851 40.8846 31.7485 30.7527 31.9346
threshold=396784.33500000002 548092.69000000006 3.5833333333333335 7268770.5000000009 5787302.0000000009 0.37980769230769235 5.7500000000000009 4.5000000000000009 16.771795490657798 3.5000000000000004 193.18000000000004 883.93000000000018 19.500000000000004 1001.6950000000001 196.50000000000003 598677.14000000025 597404.63000000012 7.416666666666667 600848.99000000011 9.5000000000000018 1274.5000000000002 391955.00000000006 597404.63000000012 204057.29500000001 1.5000000000000002 677406.26500000013 597404.63000000012 42284.785000000011 2288000.5000000005 2189.3600000000006
decision_type=2 2 2 2 2 2 2 2 2 2 2 2 2 2 2 2 2 2 2 2 2 2 2 2 2 2 2 2 2 2
left_child=1 3 -3 4 -1 6 -6 10 -9 -10 18 12 22 14 -13 16 -14 -18 -2 21 24 -20 -12 27 25 26 -15 -11 29 -4
right_child=7 2 28 -5 5 -7 -8 8 9 23 11 13 15 20 -16 -17 17 -19 19 -21 -22 -23 -24 -25 -26 -27 -28 -29 -30 -31
leaf_value=6.01084039368871e-05 -0.0066375720442580837 0.016818765616724546 -0.0038829826097082141 -0.076327339115310186 0.00060606504242040283 -0.0088401248644052466 -0.01410365112510463 -0.017715508157241856 -0.02531607974347452 0.011653817678628409 -0.0055842120618511829 -0.030606566925370657 -0.023191751949972399 0.0066916814375088231 -0.0055444749497448598 0.0001042582918078999 0.0087335562618280939 0.003187105509375654 -0.002009278443910004 -0.010270359125525996 0.021134614584555348 0.0048176128657159145 0.023648772432963133 0.00069399927894783222 -0.0019173543522604808 0.020713639139755061 -0.012241596138043499 0.050870434052524463 -0.0014185262872612459 0.010914569634887995
leaf_weight=1162880 8163 465 1773 2068 943 51 2060 8399 420 127 118 493 429 20050 626 8566 1234 2295 3187 3564 602 5376 497 238 103184 23274 15641 340 11507 18610
leaf_count=1162880 8163 465 1773 2068 943 51 2060 8399 420 127 118 493 429 20050 626 8566 1234 2295 3187 3564 602 5376 497 238 103184 23274 15641 340 11507 18610
internal_value=0 0.000120932 0.00418099 8.46361e-06 3.39489e-05 -0.0110085 -0.00957427 -0.00065224 -0.00649408 0.0136513 -0.000370243 7.58419e-05 0.00646414 -0.000436368 -0.0275037 0.00464029 0.014382 0.0193574 -0.00426187 -0.000135058 -0.000250266 0.00478389 0.0436054 0.0300473 -0.000358283 0.00149446 -0.000611018 0.045256 0.00365541 0.00598866
internal_weight=0 1.20036e+06 32355 1.168e+06 1.16593e+06 3054 3003 206823 9524 1125 197299 177009 13139 163870 1119 12524 3958 3529 20290 12127 162751 8563 615 705 162149 58965 35691 467 31890 20383
internal_count=1407180 1200357 32355 1168002 1165934 3054 3003 206823 9524 1125 197299 177009 13139 163870 1119 12524 3958 3529 20290 12127 162751 8563 615 705 162149 58965 35691 467 31890 20383
is_linear=0
shrinkage=0.1


Tree=189
num_leaves=31
num_cat=0
split_feature=3 6 20 64 138 134 4 2 64 93 2 134 62 64 13 4 3 64 63 4 124 2 0 64 20 4 0 4 20 4
split_gain=10.1482 38.8399 69.2076 46.4328 41.6451 37.0091 66.9117 55.8799 127.669 65.7349 37.7604 34.5954 33.1757 63.2971 58.0583 58.3987 54.4298 56.0995 49.7318 49.4223 47.1435 46.2393 52.6655 43.842 72.2034 47.6499 54.9327 45.2455 41.9835 39.4097
threshold=220514.26000000004 5.7500000000000009 23.500000000000004 1.0003949229956695 8.5000000000000018 3472776.5000000005 213713.83500000005 368601.38000000006 1.0059128804662985e-05 14.500000000000002 377050.77500000008 1935612.0000000002 6175504.0000000009 0.025828027247512153 392033.50000000006 334263.98000000004 241903.70000000004 1.0003949229956695 0.99839587491026582 4977.6200000000008 9.5000000000000018 591228.13500000013 6601016.5000000009 0.012946786322732664 13.500000000000002 75597.780000000013 4143812.5000000005 10061.770000000002 5.5000000000000009 232022.12000000002
decision_type=2 2 2 2 2 2 2 2 2 2 2 2 2 2 2 2 2 2 2 2 2 2 2 2 2 2 2 2 2 2
left_child=5 4 -3 -4 12 6 7 11 9 -9 -8 -1 14 -14 21 16 19 18 -18 -16 -19 22 -2 24 27 -25 -27 -20 -29 -24
right_child=1 2 3 -5 -6 -7 10 8 -10 -11 -12 -13 13 -15 15 -17 17 20 23 -21 -22 -23 29 25 -26 26 -28 28 -30 -31
leaf_value=1.5621139123467729e-05 -0.0022781491981229145 -0.0011133300630725475 -0.023133072055884239 0.021910388071216303 0.030041180977581239 -0.014453268498177164 0.015642986375633373 -0.0063274128110160123 0.0084161025297323153 -0.031886145575305481 -0.0029889981390548662 -0.038062999070392858 0.0028126040833526393 -0.022883169940436023 -0.0051330792155563701 -0.0038085391045528994 0.0010766773006179585 -0.0036865618970390646 -0.0063972431841029997 0.00046143308985229062 0.06519656078327915 0.0026864547185087985 0.01555291421141154 0.0095306072563308506 0.0160524921892139 0.011555376780415617 -0.0061885900414881513 0.013119216376382067 -0.010984988310601702 -0.031637992840309569
leaf_weight=965619 21591 306165 1295 235 467 6873 32632 1659 4780 147 9767 2183 2023 3242 447 4085 5973 3835 81 1160 290 23138 1764 2021 706 2506 1687 374 166 269
leaf_count=965619 21591 306165 1295 235 467 6873 32632 1659 4780 147 9767 2183 2023 3242 447 4085 5973 3835 81 1160 290 23138 1764 2021 706 2506 1687 374 166 269
internal_value=0 -0.000431515 -0.000931079 -0.0221464 0.0015957 0.000171596 0.000221031 5.18127e-05 0.00923185 -0.0134191 0.00410991 -1.06584e-05 0.00141121 -0.00624446 0.00198626 0.00606076 0.00836571 0.00997087 0.0130866 -0.00925313 -0.000236702 -4.66369e-05 -0.00315868 0.0184855 0.0349854 0.014962 0.00888252 0.010114 0.0205682 0.0122283
internal_weight=0 383520 307695 1530 75825 1.02366e+06 1.01679e+06 974388 6586 1806 42399 967802 75358 5265 70093 23331 19246 17639 13514 1607 4125 46762 23624 7541 1327 6214 4193 621 540 2033
internal_count=1407180 383520 307695 1530 75825 1023660 1016787 974388 6586 1806 42399 967802 75358 5265 70093 23331 19246 17639 13514 1607 4125 46762 23624 7541 1327 6214 4193 621 540 2033
is_linear=0
shrinkage=0.1


Tree=190
num_leaves=31
num_cat=0
split_feature=63 4 2 63 64 0 0 62 14 2 63 13 4 3 6 6 3 13 4 64 0 1 62 2 6 4 13 62 3 3
split_gain=10.6395 24.3979 12.3824 10.5999 37.6304 25.0587 24.2917 33.3025 37.1006 24.2981 47.5814 100.648 36.4001 41.869 35.6671 63.3717 33.0667 30.7539 30.3899 29.092 26.7967 35.1257 32.3297 25.5451 25.1321 23.6245 37.3865 26.9107 23.3806 23.2952
threshold=783077.50000000012 18.315000000000005 400704.4150000001 69.276613439787113 13660.523155120483 10.500000000000002 142572.00000000003 3320774.0000000005 1.0000000180025095e-35 146431.69000000003 10311.852594049671 161.50000000000003 2539.7350000000001 65812.965000000011 5.7500000000000009 7.8333333333333348 178964.83500000005 12200.500000000002 94219.270000000019 129.27340096998299 1229514.0000000002 1808934.5000000002 1048133.0000000001 65018.575000000004 4.416666666666667 4420.6800000000012 2.5000000000000004 1884397.5000000002 130532.32000000002 59387.505000000012
decision_type=2 2 2 2 2 2 2 2 2 2 2 2 2 2 2 2 2 2 2 2 2 2 2 2 2 2 2 2 2 2
left_child=3 2 -2 4 -1 -5 -7 9 -9 10 11 -8 13 -13 24 18 -11 -14 -16 -15 22 -22 -17 -24 25 27 -27 29 -29 -12
right_child=1 -3 -4 5 -6 6 7 8 -10 16 14 12 17 19 15 20 -18 -19 -20 -21 21 -23 23 -25 -26 26 -28 28 -30 -31
leaf_value=6.8389348971553693e-05 0.012770097481800302 0.00013068675161641565 0.0046812805903945869 0.035018793927810113 -0.023335063695909208 -0.0041158611955274147 0.011220667430126167 -0.0059163562851054681 0.0013296455035327615 0.0086926947968886583 0.00019487845550931668 -0.036908952865140419 -0.017279093548612064 -0.0032080152485150699 0.0014729716031694597 -0.001715389857549074 0.0014061841690472575 -0.013874711337827896 -0.011163566524869545 0.018511929290960134 0.0010138055370266681 -0.0011185267167947116 -0.0031833291793977045 -0.0092742316686433828 -0.0048668652202866983 -0.013406651625096522 0.001896423886753552 0.00055919615908451453 -0.0082499872832161644 -0.0043343582838483805
leaf_weight=1363877 25 848 311 110 938 10913 1676 3032 2088 1518 133 258 406 436 2045 1165 12623 116 39 492 681 685 318 137 270 306 921 190 83 540
leaf_count=1363877 25 848 311 110 938 10913 1676 3032 2088 1518 133 258 406 436 2045 1165 12623 116 39 492 681 685 318 137 270 306 921 190 83 540
internal_value=0 0.00948667 0.0322916 3.17954e-06 5.08743e-05 -0.00157751 -0.00170517 -0.000242217 -0.00759077 0.00126048 -0.00228825 0.00755767 -0.00952595 0.000159068 -0.00672304 -0.00194022 0.00399512 -0.0315306 0.0114424 0.010066 -0.0112802 -0.000963833 -0.0199791 -0.0425839 -0.0166489 -0.0130737 -0.00391834 -0.0249485 0.001533 -0.0356907
internal_weight=0 1184 336 1.406e+06 1.36482e+06 41181 41071 30158 5120 25038 10897 3384 1708 1186 7513 5070 14141 522 2084 928 2986 1366 1620 455 2443 2173 1227 946 273 673
internal_count=1407180 1184 336 1405996 1364815 41181 41071 30158 5120 25038 10897 3384 1708 1186 7513 5070 14141 522 2084 928 2986 1366 1620 455 2443 2173 1227 946 273 673
is_linear=0
shrinkage=0.1


Tree=191
num_leaves=31
num_cat=0
split_feature=55 128 13 4 52 4 2 20 20 0 20 3 6 6 19 53 4 93 3 6 4 0 13 2 67 63 66 124 20 2
split_gain=9.9205 9.8691 19.2528 22.7998 19.1444 16.5349 14.4341 15.1439 12.7057 12.2157 12.0123 10.5848 10.8756 13.1799 10.482 10.2579 89.3162 52.432 43.9505 39.5904 39.469 32.6963 31.7407 27.1971 23.9738 21.6149 20.9389 18.6607 18.6319 18.2458
threshold=1870.0000000000002 0.26136363636363641 1550.5000000000002 0.8650000000000001 0.012454504147886009 2025.1800000000003 22650.855000000007 19.500000000000004 21.500000000000004 94909.000000000015 1.5000000000000002 105826.14500000002 12.833333333333334 98.500000000000014 1.5000000000000002 2.3996227891549662 2025.1800000000003 149.00000000000003 103111.18000000001 8.1666666666666696 606482.53500000003 1201.0000000000002 1332.5000000000002 1266409.5850000002 10.500000000000002 2.4482893130455223 3.5000000000000004 7.5000000000000009 23.500000000000004 262662.54500000004
decision_type=2 2 2 2 2 2 2 2 2 2 2 2 2 2 2 2 2 2 2 2 2 2 2 2 2 2 2 2 2 2
left_child=1 15 4 6 11 -6 9 10 -5 -4 14 -3 -13 -14 -8 -1 17 19 -19 21 22 -17 23 -18 26 27 -21 -24 -23 -26
right_child=-2 2 3 8 5 -7 7 -9 -10 -11 -12 12 13 -15 -16 16 20 18 -20 24 -22 28 25 -25 29 -27 -28 -29 -30 -31
leaf_value=5.4536390330095497e-05 -0.061522773264047509 0.021632637302079719 0.0040373973091862416 -0.0040554442873837583 -0.024388980470896809 0.013278292991579486 0.011666133600143225 0.0075347808104244355 0.017504554090942828 -0.0097280719819906169 -0.021149170781885187 -0.0077022247193689608 0.046003080677943391 -0.030172889424376778 -0.012921864264849104 -0.038903484700170153 0.020229983290759743 -0.00080161017301421116 -0.034403819820337841 0.01189581696510722 -0.017300948835658237 -0.011981804742669678 0.0061807391155048992 0.02592346682215332 -0.094958063351278904 -0.027420985016395828 -0.096699646039261608 -0.0059598047534277533 -0.11163132431278965 0.0036325387585528419
leaf_weight=1389416 85 805 276 3166 218 62 39 58 151 168 528 291 103 31 36 1366 2209 121 221 2179 639 2383 1044 307 226 136 32 706 33 145
leaf_count=1389416 85 805 276 3166 218 62 39 58 151 168 528 291 103 31 36 1366 2209 121 221 2179 639 2383 1044 307 226 136 32 706 33 145
internal_value=0 1.17209e-05 -0.00405853 -0.00738762 0.00569065 -0.017909 -0.0198284 -0.0291955 -0.00324319 -0.00588324 -0.0338898 0.0110629 -0.0017042 0.0218694 0.00355928 2.89528e-05 -0.00291369 -0.0104738 -0.0486171 -0.00842398 0.00714347 -0.014941 0.0105148 0.0178666 0.00112182 0.000707032 0.00506897 0.00369143 -0.00794956 -0.0224014
internal_weight=0 1.4071e+06 5932 4422 1510 280 1105 661 3317 444 603 1230 425 134 75 1.40116e+06 11747 6706 342 6364 5041 3782 4402 2516 2582 1886 2211 1750 2416 371
internal_count=1407180 1407095 5932 4422 1510 280 1105 661 3317 444 603 1230 425 134 75 1401163 11747 6706 342 6364 5041 3782 4402 2516 2582 1886 2211 1750 2416 371
is_linear=0
shrinkage=0.1


Tree=192
num_leaves=31
num_cat=0
split_feature=55 119 146 0 147 3 4 0 90 2 3 88 1 6 0 4 13 2 6 127 5 2 137 20 13 3 6 124 6 52
split_gain=9.92063 9.8619 9.8575 15.415 11.9947 13.5699 23.4481 17.2408 12.8614 12.7885 12.0591 12.2532 11.6794 9.98806 30.8711 51.8264 52.271 37.1319 36.28 51.0213 108.267 35.4015 34.2045 39.964 39.2094 32.9009 31.041 34.276 30.42 41.1425
threshold=1870.0000000000002 1.0000000180025095e-35 2601971.0000000005 2889245.0000000005 9.5000000000000018 16926.390000000003 12091.515000000001 16364.500000000002 53428549.000000007 12960.960000000001 19857.690000000006 8428.5000000000018 97246.000000000015 10.16666666666667 219508.00000000003 14587.040000000003 5762.5000000000009 95506.540000000023 11.16666666666667 0.30384615384615393 3.0000000000000004 7403.5100000000011 50011.500000000007 4.5000000000000009 1.0000000180025095e-35 698444.82000000018 10.833333333333334 13.500000000000002 12.41666666666667 1.0104773876057826e-06
decision_type=2 2 2 2 2 2 2 2 2 2 2 2 2 2 2 2 2 2 2 2 2 2 2 2 2 2 2 2 2 2
left_child=1 2 4 -4 13 6 12 -7 10 -8 -9 -12 -6 -1 15 22 25 -18 19 -16 -21 -20 24 -24 -15 -17 -22 -28 -23 -30
right_child=-2 -3 3 -5 5 7 9 8 -10 -11 11 -13 -14 14 18 16 17 -19 21 20 26 28 23 -25 -26 -27 27 -29 29 -31
leaf_value=0.0001607496864427637 -0.055370495937642775 -0.034737349224558289 -0.013030504091861881 0.043159071633565027 0.086389440415993279 0.1553856309102252 -0.26673432399508828 -0.11815172145973395 0.13679835140721736 -0.12168055882257788 0.010846971347140855 -0.011025520737973164 -0.088000450451292345 0.055646425089789633 -0.0044845469485388671 -0.0015580834853352599 -0.012683718178710592 -0.0016867194433819238 -0.030704107389862269 -0.03126100648466279 0.0022298009843273181 0.001012844031060191 -0.001910968935177521 0.056661826968010233 0.0010112553916347799 0.014833540089632736 -0.012937634983639779 0.02554781946079776 -0.0027191417018401112 0.017809331614124548
leaf_weight=860582 85 49 92 80 1608 1883 110 333 27 634 5832 407 70 10521 7800 300952 3772 3618 582 326 819 25723 4560 8968 82817 14538 713 69 66715 2895
leaf_count=860582 85 49 92 80 1608 1883 110 333 27 634 5832 407 70 10521 7800 300952 3772 3618 582 326 819 25723 4560 8968 82817 14538 713 69 66715 2895
internal_value=0 1.19369e-05 1.34992e-05 -0.0239248 1.64258e-05 0.00332021 -0.00328152 0.0052053 0.00279698 -0.0180582 0.00251401 0.00350364 0.00327024 -9.38025e-06 -0.000348509 2.7982e-05 -0.000603802 -0.00891724 -0.00188005 -0.00769933 -0.0222705 -0.0012899 0.00193683 0.00663614 0.00125573 -0.000409069 -0.0115745 -0.0258244 -0.00113979 -0.00222568
internal_weight=0 1.4071e+06 1.40705e+06 172 1.40687e+06 10904 2422 8482 6599 744 6572 6239 1678 1.39597e+06 535388 429746 322880 7390 105642 9727 1927 95915 106866 13528 93338 315490 1601 782 95333 69610
internal_count=1407180 1407095 1407046 172 1406874 10904 2422 8482 6599 744 6572 6239 1678 1395970 535388 429746 322880 7390 105642 9727 1927 95915 106866 13528 93338 315490 1601 782 95333 69610
is_linear=0
shrinkage=0.1


Tree=193
num_leaves=31
num_cat=0
split_feature=119 123 64 3 20 5 64 20 2 4 64 0 2 4 4 4 124 4 20 6 2 64 4 2 0 1 2 3 20 0
split_gain=9.86166 9.78019 38.828 56.5353 67.4582 57.0854 50.0733 70.5542 60.1829 74.2277 56.1489 79.3699 107.645 49.864 46.8559 46.5881 45.5434 44.7087 103.453 44.5015 41.2253 47.0703 39.238 39.1926 39.0393 38.3876 80.5141 53.1722 43.4071 60.9229
threshold=1.0000000180025095e-35 127957.50000000001 0.77057933600366024 15446.575000000003 1.0000000180025095e-35 3.0000000000000004 0.99999920423178934 2.5000000000000004 31395.945000000003 50943.290000000008 1.0003949229956695 12312525.500000002 141444.46000000002 4977.6200000000008 2.4450000000000007 40981.885000000009 9.5000000000000018 12091.515000000001 1.5000000000000002 11.833333333333334 67350.98000000001 0.2000000333233197 2189.3600000000006 136945.98500000002 6770101.5000000009 515340.00000000006 63595.600000000013 54180.205000000009 2.5000000000000004 1329140.0000000002
decision_type=2 2 2 2 2 2 2 2 2 2 2 2 2 2 2 2 2 2 2 2 2 2 2 2 2 2 2 2 2 2
left_child=1 -1 3 5 20 -3 7 14 -8 10 -10 12 13 -12 -4 -14 -11 18 -16 -18 -5 -22 -23 -20 -24 -6 27 28 29 -27
right_child=-2 2 6 4 25 -7 8 -9 9 16 11 -13 15 -15 17 -17 19 -19 23 -21 21 22 24 -25 -26 26 -28 -29 -30 -31
leaf_value=0.00015039803098105821 -0.03126361430210247 6.5446978853023197e-05 -0.0015316951761781717 -0.012217043177425025 -0.0018683204431569512 0.017999666745408493 -0.0038150399614079069 -0.00069691117890357537 0.00015410942099148246 -0.012665034407016407 -0.012927503184514709 -0.0041312582119430235 0.017484575230732553 0.0058316622312782227 -0.0067017665829624956 0.0061359342623111216 0.015567551534523709 -0.0010014413896331619 -0.019036131524681966 -0.012723054084067232 0.0052092393670816507 0.013082703345323771 -0.0053315177062836765 -0.0060871270786839182 0.0047306008489527047 -0.0078482825020811386 -0.00017657953267895347 0.0047980141182418223 0.002974151735123698 0.0011690629156333677
leaf_weight=1216566 49 3352 3183 461 26989 3260 2524 12657 16117 7826 662 2592 2610 842 3311 809 2036 1635 517 1067 5511 529 1338 291 1070 264 85179 842 2754 337
leaf_count=1216566 49 3352 3183 461 26989 3260 2524 12657 16117 7826 662 2592 2610 842 3311 809 2036 1635 517 1067 5511 529 1338 291 1070 264 85179 842 2754 337
internal_value=0 1.2953e-05 -0.000653167 0.000298956 -0.000176704 0.00931102 -0.00279314 -0.00662134 -0.000564047 0.000524605 0.00367619 0.0108145 0.0182716 -0.00402343 -0.0134238 0.028079 -0.00629014 -0.0188092 -0.0243628 0.00396169 0.00820985 0.00979891 -0.000426001 -0.056444 -0.00584353 -0.000818786 0.000179299 0.0137007 0.00806197 -0.0162869
internal_weight=0 1.40713e+06 190565 131886 125274 6612 58679 21594 37085 34561 23632 7515 4923 1504 8937 3419 10929 5754 4119 3103 8909 8448 2937 808 2408 116365 89376 4197 3355 601
internal_count=1407180 1407131 190565 131886 125274 6612 58679 21594 37085 34561 23632 7515 4923 1504 8937 3419 10929 5754 4119 3103 8909 8448 2937 808 2408 116365 89376 4197 3355 601
is_linear=0
shrinkage=0.1


Tree=194
num_leaves=31
num_cat=0
split_feature=134 13 62 61 64 64 64 3 6 2 20 20 123 123 126 6 6 123 20 138 4 64 62 64 3 20 124 2 4 6
split_gain=9.83871 9.7099 49.8686 48.8957 44.4956 60.4067 49.2357 69.7003 62.5186 47.5251 44.4176 157.933 58.1798 52.3646 50.7304 47.5213 42.7383 41.4339 43.999 33.9225 37.5715 33.8482 32.3199 80.4649 50.0645 46.1127 69.5052 74.2894 46.0835 43.1481
threshold=47994026.500000007 1884886.0000000002 2106217.5000000005 1.0000000180025095e-35 4.5377890360731883e-06 0.00043820611429987887 0.0015683131222281306 198019.90500000003 25.416666666666668 353304.05500000005 2.5000000000000004 3.5000000000000004 3809396.0000000005 3808234.5000000005 0.58571428571428574 1.7500000000000002 15.833333333333334 3804101.0000000005 1.0000000180025095e-35 7.5000000000000009 104898.07500000003 0.0032750029104371805 3333590.5000000005 1.0003949229956695 550214.39000000013 3.5000000000000004 7.5000000000000009 319004.89000000007 587.58500000000015 6.5833333333333348
decision_type=2 2 2 2 2 2 2 2 2 2 2 2 2 2 2 2 2 2 2 2 2 2 2 2 2 2 2 2 2 2
left_child=1 -1 3 10 16 9 7 -7 19 -6 12 -12 13 17 -13 -14 -5 18 -3 -8 -21 -4 23 -23 -25 -24 28 -28 -27 -30
right_child=-2 2 21 4 5 6 8 -9 -10 -11 11 14 15 -15 -16 -17 -18 -19 -20 20 -22 22 25 24 -26 26 27 -29 29 -31
leaf_value=0.00011594145585368532 -0.0095252688651018998 -0.00032808311057815607 0.0039054068470752157 -0.057012079340061243 0.025610047041943314 0.019388703761856863 -0.0032969310361677506 -0.041231308909574521 0.073466931703542404 -0.0096720550061885884 -0.017986236866595416 6.60143329938831e-05 0.00037678336371154146 0.01588629244979984 -0.0086660881456043122 -0.0055270806117851254 -0.016009505967258832 -0.0020538792822966112 0.0061002647108910762 0.0013742330136341423 -0.038732710920404062 0.00041503666316064833 0.00071861490318744228 0.01476413703450606 -0.0048099138321258568 0.025406133213033338 -0.020783947728749166 -0.02402685763667245 -0.0061755253894107747 0.009837535792730584
leaf_weight=1280919 5537 989 13214 245 438 153 11357 400 469 428 1351 16219 837 140 83 387 817 468 1981 767 2236 21804 24975 2021 772 398 210 4687 8842 4036
leaf_count=1280919 5537 989 13214 245 438 153 11357 400 469 428 1351 16219 837 140 83 387 817 468 1981 767 2236 21804 24975 2021 772 398 210 4687 8842 4036
internal_value=0 2.81551e-05 -0.000829184 -0.00372919 -0.00772305 -0.00642685 -0.0078736 -0.0371709 -0.00678106 0.0192706 -0.000650424 -0.00297008 0.00787703 0.0143149 -0.000247158 -0.0109423 -0.0275542 0.0118737 0.0162315 -0.00795449 -0.0174064 0.000595225 -0.000307829 0.00258509 0.0185658 -0.00195697 -0.00578936 -0.0159721 -0.00203335 -0.0030691
internal_weight=0 1.40164e+06 120724 39765 17310 16248 15382 553 14829 866 22455 17653 4802 3578 16302 1224 1062 3438 2970 14360 3003 80959 67745 24597 2793 43148 18173 4897 13276 12878
internal_count=1407180 1401643 120724 39765 17310 16248 15382 553 14829 866 22455 17653 4802 3578 16302 1224 1062 3438 2970 14360 3003 80959 67745 24597 2793 43148 18173 4897 13276 12878
is_linear=0
shrinkage=0.1


Tree=195
num_leaves=31
num_cat=0
split_feature=6 0 123 2 2 2 0 1 2 14 0 2 123 62 13 0 3 20 13 6 3 64 2 0 2 4 2 123 64 4
split_gain=9.61829 22.1758 25.706 22.5793 39.2752 16.9345 18.8619 15.0326 12.7827 12.8277 11.7107 10.5464 10.4894 29.7043 47.7988 33.3327 118.324 41.7629 44.4781 156.788 47.9541 29.5834 40.9387 63.4572 32.2351 54.2242 32.2064 41.0854 69.7574 34.6148
threshold=1.0000000180025095e-35 308.50000000000006 59.500000000000007 275773.34500000003 441329.70000000007 91082.035000000018 196.50000000000003 14.500000000000002 12960.960000000001 1.0000000180025095e-35 432.50000000000006 340309.32000000007 1884886.0000000002 2474023.0000000005 4742494.5000000009 4751142.0000000009 86002.040000000023 1.0000000180025095e-35 4739293.0000000009 4.8333333333333348 220514.26000000004 0.79998921694952041 340309.32000000007 1984771.5000000002 441329.70000000007 35023.470000000008 319004.89000000007 3808234.5000000005 1.391976085385873e-06 69815.030000000013
decision_type=2 2 2 2 2 2 2 2 2 2 2 2 2 2 2 2 2 2 2 2 2 2 2 2 2 2 2 2 2 2
left_child=1 2 7 5 11 -4 -7 -1 -3 -10 -11 -5 -2 14 21 17 -17 -15 -19 20 -20 22 26 24 25 -24 -14 28 -28 -30
right_child=12 8 3 4 -6 6 -8 -9 9 10 -12 -13 13 15 -16 16 -18 18 19 -21 -22 -23 23 -25 -26 -27 27 -29 29 -31
leaf_value=-0.00094771137429362502 0.00011628676323580594 0.0033131999581499372 -0.00097233272291161752 0.001170613018366778 -0.012668554743730699 -0.0013501891836796842 -3.3429015425417984e-05 0.0069748995937513499 0.0072961103622870178 0.00019726838688583493 -0.00029362407776103202 0.0031203132075991544 0.0001840321850877221 0.0083158912255231875 -0.0045950027729457724 -0.010917384473483945 -0.00065853566264713066 4.2127272920529219e-05 -0.0074747170417418926 0.014754348443730969 0.062576072855032069 -0.0046810186470837055 -0.043668134302530491 -0.00094335333272392444 -0.0077080160385424373 -0.035351329314015432 -0.0076141931257714852 0.013140825041852844 0.032988183686922377 -0.026038036523577182
leaf_weight=205 1317439 101 275 28 99 254 127 294 43 247 8710 73 8336 1103 527 441 43022 12348 259 2033 21 4321 550 4135 915 415 345 87 337 90
leaf_count=205 1317439 101 275 28 99 254 127 294 43 247 8710 73 8336 1103 527 441 43022 12348 259 2033 21 4321 550 4135 915 415 345 87 337 90
internal_value=0 -0.00301235 -0.0149476 -0.0254638 0.00395024 -0.0344316 -0.0480817 0.00309229 -0.00123537 -0.00163239 -0.00189397 0.0478236 3.19368e-05 -0.00108516 -0.00441122 4.1254e-05 -0.00138747 0.0039804 0.00256862 0.0152949 -0.0548601 -0.00360934 -0.00153495 -0.00794942 -0.0231823 -0.0359329 0.00266113 0.0210976 0.0137559 0.0407757
internal_weight=0 10456 1355 856 200 656 381 499 9101 9000 8957 101 1.39672e+06 79285 20058 59227 43463 15764 14661 2313 280 19531 15210 6015 1880 965 9195 859 772 427
internal_count=1407180 10456 1355 856 200 656 381 499 9101 9000 8957 101 1396724 79285 20058 59227 43463 15764 14661 2313 280 19531 15210 6015 1880 965 9195 859 772 427
is_linear=0
shrinkage=0.1


Tree=196
num_leaves=31
num_cat=0
split_feature=93 29 2 64 20 138 6 4 64 138 20 13 5 4 20 4 64 3 61 20 5 20 8 4 64 62 4 3 2 2
split_gain=9.55643 10.3721 17.914 25.0429 11.4336 9.54487 54.1414 49.5785 52.7737 41.2624 34.819 34.7375 37.1341 75.1915 32.596 35.4714 30.4709 36.5344 38.3883 32.5823 33.4157 33.412 32.5117 28.2569 27.7672 26.8447 26.0729 25.6111 52.5166 31.1873
threshold=1331221.0000000002 423088.50000000006 280968.9250000001 0.32355785361045147 5.5000000000000009 8.5000000000000018 5.416666666666667 61695.670000000006 70.276804719396168 11.500000000000002 1.0000000180025095e-35 64.500000000000014 1.0000000180025095e-35 18651.465000000004 8.5000000000000018 21964.240000000002 168.61815041646329 165115.29000000004 1.0000000180025095e-35 14.500000000000002 1.5000000000000002 20.500000000000004 1.0000000180025095e-35 208232.48000000004 16.444074421190205 598147.50000000012 39835.075000000004 26414.605000000003 9575.5450000000019 58492.570000000007
decision_type=2 2 2 2 2 2 2 2 2 2 2 2 2 2 2 2 2 2 2 2 2 2 2 2 2 2 2 2 2 2
left_child=1 5 4 -4 -3 -1 -7 9 23 11 -11 -8 13 -13 15 -14 17 19 -19 20 24 -21 -22 -9 -12 -25 -18 28 -24 -29
right_child=-2 2 3 -5 -6 6 7 8 -10 10 16 12 14 -15 -16 -17 26 18 -20 21 22 -23 27 25 -26 -27 -28 29 -30 -31
leaf_value=-5.4006854907195923e-05 -0.034503694203309142 0.049213253078318787 -0.018258173678329326 0.082604845901084314 -0.018708895037609089 0.044121616068905745 0.069724153573825068 -0.014068100326214614 0.020755767713900683 0.059087223720931982 0.034269831637673012 0.0015499947780939216 0.0056584103055940197 -0.026341382282478811 0.050846614989148955 0.026381653587364051 -0.029997257002676692 0.035591892892144664 0.0047849186179709687 0.049114460785856129 -0.01429912761496851 -0.011316791512715313 -0.014684112943256934 -0.019020719631393512 -0.048244092806534924 0.01149644247853727 0.028399690444197032 -0.0079838166870758974 0.050974232166720035 0.0010619914301391068
leaf_weight=1324890 120 193 519 272 64 231 2590 3753 489 2107 6464 3009 17850 591 5108 669 708 434 1282 3529 17295 2565 2949 1697 346 947 57 1327 2234 2891
leaf_count=1324890 120 193 519 272 64 231 2590 3753 489 2107 6464 3009 17850 591 5108 669 708 434 1282 3529 17295 2565 2949 1697 346 947 57 1327 2234 2891
internal_value=0 1.3744e-05 0.00995843 0.00250608 0.0328955 6.33148e-06 0.00105929 0.000921235 -0.00719479 0.00167641 -0.00026325 0.00455094 0.00349821 -0.00596285 0.00493977 0.00298906 -0.000891374 -0.000525213 0.0137598 -0.00114423 -0.00236753 0.00558172 -0.00396255 -0.00961521 0.00388511 -0.0016969 -0.0206669 0.000770818 0.00547939 -0.00501499
internal_weight=0 1.40706e+06 1048 791 257 1.40601e+06 81122 80891 6886 74005 44188 29817 27227 3600 23627 18519 42081 41316 1716 39600 33506 6094 26696 6397 6810 2644 765 9401 5183 4218
internal_count=1407180 1407060 1048 791 257 1406012 81122 80891 6886 74005 44188 29817 27227 3600 23627 18519 42081 41316 1716 39600 33506 6094 26696 6397 6810 2644 765 9401 5183 4218
is_linear=0
shrinkage=0.1


Tree=197
num_leaves=31
num_cat=0
split_feature=2 13 20 20 5 20 0 2 0 13 5 5 13 20 3 2 20 137 137 20 136 0 20 13 0 6 3 20 20 137
split_gain=9.30757 33.4603 34.3374 52.1835 47.4444 28.312 26.9846 21.6433 19.9447 19.7741 18.2902 17.162 26.2029 23.2813 16.2754 80.0982 79.6894 331.58 119.969 108.528 70.1648 65.9338 56.6046 43.5031 42.7144 42.0262 41.7651 64.6516 56.241 85.6942
threshold=1.3150000000000002 3.5000000000000004 9.5000000000000018 6.5000000000000009 1.0000000180025095e-35 6.5000000000000009 4.5000000000000009 1.2050000000000003 10.500000000000002 8.5000000000000018 1.5000000000000002 1.0000000180025095e-35 1.5000000000000002 5.5000000000000009 50.390000000000008 142.31500000000003 1.0000000180025095e-35 208.50000000000003 23.500000000000004 2.5000000000000004 1.0000000180025095e-35 4575.5000000000009 4.5000000000000009 1550.5000000000002 45.500000000000007 7.8333333333333348 96.445000000000007 1.0000000180025095e-35 3.5000000000000004 3142.5000000000005
decision_type=2 2 2 2 2 2 2 2 2 2 2 2 2 2 2 2 2 2 2 2 2 2 2 2 2 2 2 2 2 2
left_child=1 5 3 4 -3 11 -6 -7 -5 -4 -9 12 -1 -13 16 21 17 18 -2 20 -18 26 -23 -22 25 -20 -16 -28 29 -29
right_child=14 2 9 8 6 7 -8 10 -10 -11 -12 13 -14 -15 15 -17 19 -19 24 -21 23 22 -24 -25 -26 -27 27 28 -30 -31
leaf_value=0.7487090913140716 0.023523385641215189 -0.037135615910391565 0.0049147449406801227 -0.018874418316770222 0.020651900181743166 -0.0097000743430178619 -0.0029137749027150026 0.8399742524023055 -0.0062280417462020317 -0.018959689154414677 -0.097915592421202957 3.2599270349776646 -0.087448237685836205 0.041435984903521163 -0.00033293136918088683 6.0493297783810466e-05 -0.039286430997220512 -0.075470395583789943 0.0011358138943768914 -1.0846952685215905e-05 0.04920110516638028 -0.018017315537842003 -0.037010252030213159 -0.20978640327476833 -0.022164955475374889 -0.029281511970515563 0.031193533160887021 -0.039458875450232224 -0.023462702088104206 -0.0017740243290813391
leaf_weight=1505 7148 396 6158 828 2133 2911 7194 30 1025 342 49 828 55 1295 8987 1307246 2500 527 2616 29199 13892 1750 950 132 2343 884 681 1135 1655 786
leaf_count=1505 7148 396 6158 828 2133 2911 7194 30 1025 342 49 828 55 1295 8987 1307246 2500 527 2616 29199 13892 1750 950 132 2343 884 681 1135 1655 786
internal_value=0 -0.0019079 -0.00414197 -0.00740792 -0.00447686 0.00414378 -0.0030375 -0.00308542 -0.0227877 0.00167445 -0.0547311 0.0100127 0.00204938 0.0158643 4.8652e-05 -2.39491e-05 0.00167025 -0.00507503 -0.00192059 0.00366449 0.0101408 -0.00706894 -0.0213113 0.0128921 -0.0125495 -0.00555395 -0.0041654 -0.0123247 -0.0177026 -0.0293429
internal_weight=0 24749 18076 11576 9723 6673 9327 2990 1853 6500 79 3683 1560 2123 1.38243e+06 1.32319e+06 59241 13518 12991 45723 16524 15944 2700 14024 5843 3500 13244 4257 3576 1921
internal_count=1407180 24749 18076 11576 9723 6673 9327 2990 1853 6500 79 3683 1560 2123 1382431 1323190 59241 13518 12991 45723 16524 15944 2700 14024 5843 3500 13244 4257 3576 1921
is_linear=0
shrinkage=0.1


Tree=198
num_leaves=31
num_cat=0
split_feature=88 90 20 109 4 2 20 90 1 84 84 6 123 123 2 2 2 0 14 123 20 15 17 0 1 0 2 1 0 1
split_gain=9.18218 26.7787 15.3442 9.68931 20.3339 13.194 17.2901 17.1193 14.3102 9.39708 19.6545 9.31117 24.3367 23.3589 18.0635 31.1075 15.2636 17.5553 14.4407 13.9106 13.4225 26.7197 19.519 22.218 19.3242 22.1175 44.2414 26.4897 41.8502 25.7919
threshold=2652688.5000000005 1.1418031106311923 3.5000000000000004 1.0000000180025095e-35 4420.6800000000012 63595.600000000013 1.0000000180025095e-35 0.60298258258620507 586991.50000000012 2799884.5000000005 2786319.0000000005 1.0000000180025095e-35 315.50000000000006 59.500000000000007 275773.34500000003 441329.70000000007 91082.035000000018 196.50000000000003 1.0000000180025095e-35 18.500000000000004 5.5000000000000009 1.0000000180025095e-35 1.5000000000000002 2368547.0000000005 6090.5000000000009 1825997.5000000002 191176.64000000004 550751.00000000012 1589565.0000000002 1363361.0000000002
decision_type=2 2 2 2 2 2 2 2 2 2 2 2 2 2 2 2 2 2 2 2 2 2 2 2 2 2 2 2 2 2
left_child=3 2 -2 9 5 7 -7 8 -5 10 11 12 13 19 16 -16 -15 -18 -14 -1 21 -20 24 -24 -22 26 27 -26 29 -29
right_child=1 -3 -4 4 -6 6 -8 -9 -10 -11 -12 -13 18 14 15 -17 17 -19 20 -21 22 -23 23 -25 25 -27 -28 28 -30 -31
leaf_value=-0.0011597245045351021 0.024709289326396502 -0.02257004652421353 -0.022780046032361639 0.042814921384276297 -0.015585329616926869 -0.010284253888261288 0.001597732000438049 -0.07256866594230571 0.012473798260979675 0.023280399657889098 -0.0090759260259732199 3.3166526200939518e-05 0.0095267376483114674 -0.00087574809490811314 0.0024022278085498281 -0.011402347913645318 -0.0012158189095993867 -3.073475817053639e-05 0.0010372052987243309 0.0098726611479102565 0.00016285900219356844 -0.00066579543584580634 0.00092988033679233253 -0.003820405135653444 -0.0059483168291122107 8.3128008746502018e-06 -0.002207227923743667 0.00019270223359155736 -0.0011170023288901564 0.0012652497157967903
leaf_weight=706 348 805 364 1341 478 45 724 92 139 100 27 1392440 41 275 101 100 254 129 1868 229 144 3146 1394 60 409 558 344 365 72 82
leaf_count=706 348 805 364 1341 478 45 724 92 139 100 27 1392440 41 275 101 100 254 129 1868 229 144 3146 1394 60 409 558 344 365 72 82
internal_value=0 -0.00776549 0.00636184 1.87173e-05 0.00587555 0.0097133 -0.00102042 0.0149641 0.0175659 6.94802e-06 4.76276e-06 6.405e-06 -0.00299257 -0.0135744 -0.0254793 0.000758044 -0.033494 -0.0463997 -0.0007547 -0.0026372 -0.00104223 0.00225479 -0.00586466 0.00292758 -0.0123408 -0.0151163 -0.0223977 -0.011043 0.00395534 0.015352
internal_weight=0 1517 712 1.40566e+06 2819 2341 769 1572 1480 1.40284e+06 1.40274e+06 1.40272e+06 10277 1794 859 201 658 383 8483 935 8442 5014 3428 1454 1974 1830 1272 928 519 447
internal_count=1407180 1517 712 1405663 2819 2341 769 1572 1480 1402844 1402744 1402717 10277 1794 859 201 658 383 8483 935 8442 5014 3428 1454 1974 1830 1272 928 519 447
is_linear=0
shrinkage=0.1


Tree=199
num_leaves=31
num_cat=0
split_feature=6 0 123 2 2 2 0 2 3 17 0 0 3 123 15 13 0 123 123 3 3 1 123 2 0 13 2 0 100 2
split_gain=9.59239 24.6304 22.1295 12.9164 22.3542 14.3159 16.7327 12.0945 12.1344 18.3908 15.8374 14.8242 12.5177 11.5704 19.5467 21.2053 30.7451 17.8443 16.3369 31.5497 24.382 20.9341 21.7772 16.1144 26.9023 30.8986 14.6112 31.5038 18.1832 18.2824
threshold=1.0000000180025095e-35 308.50000000000006 59.500000000000007 275773.34500000003 441329.70000000007 91082.035000000018 196.50000000000003 2489761.5900000003 643741.83500000008 2.5000000000000004 14413199.000000002 432.50000000000006 15446.575000000003 1818786.0000000002 1.0000000180025095e-35 3477524.0000000005 2786328.5000000005 1556957.0000000002 1341018.0000000002 62334.140000000007 376032.83000000002 957876.00000000012 55163.500000000007 327112.48500000004 7720588.0000000009 6752420.0000000009 107709.85500000003 1000002.5000000001 0.69047619047619058 233405.81000000003
decision_type=2 2 2 2 2 2 2 2 2 2 2 2 2 2 2 2 2 2 2 2 2 2 2 2 2 2 2 2 2 2
left_child=1 2 -1 5 -5 -4 -7 8 10 -10 11 -3 -13 17 15 16 -15 18 20 -20 26 22 -22 24 25 -17 -14 28 29 -28
right_child=-2 7 3 4 -6 6 -8 -9 9 -11 -12 12 13 14 -16 23 -18 -19 19 -21 21 -23 -24 -25 -26 -27 27 -29 -30 -31
leaf_value=8.893841890306696e-05 3.5334423111210711e-05 0.00016963826297216602 -0.00078817328541729297 0.0021620050276948462 -0.010262113122280781 -0.0010942370186394436 -2.7661282353480533e-05 -0.014181894162626208 0.00084928668604287169 0.0080473981185782261 -0.0025193507916993377 0.0018376280286291459 -0.0012096519483066892 0.00019647837725548234 -0.0010164611508368059 -0.00035287500869876366 0.0036845914991883279 -0.00064981031364539927 0.0029787658009280851 -2.778759103237034e-05 -0.0075681586395603189 -0.0051127484291940365 3.1865934163108353e-05 0.0011456711843296885 -0.0035119280802775156 0.0027325536253807237 0.0026997195616756901 -0.0021367985984785359 -0.018914756358848997 -0.00038249347157270138
leaf_weight=499 1396724 190 275 101 99 254 127 380 741 55 32 456 3569 258 568 370 123 239 51 154 63 64 139 286 31 27 684 141 48 432
leaf_count=499 1396724 190 275 101 99 254 127 380 741 55 32 456 3569 258 568 370 123 239 51 154 63 64 139 286 31 27 684 141 48 432
internal_value=0 -0.00300882 -0.0155873 -0.0253446 -0.00309763 -0.0321272 -0.0446777 -0.00113608 -0.000375126 0.0113947 -0.00155731 -0.00127267 -0.0019533 -0.00296449 0.00435737 0.0121657 0.031216 -0.00514506 -0.00394969 0.0237334 -0.00505378 -0.0345357 -0.018745 0.00200021 -0.0102804 -0.00327456 -0.0034448 0.00560978 0.0110174 0.0136095
internal_weight=0 10456 1355 856 200 656 381 9101 8721 796 7925 7893 7703 7247 1663 1095 381 5584 5345 205 5140 266 202 714 428 397 4874 1305 1164 1116
internal_count=1407180 10456 1355 856 200 656 381 9101 8721 796 7925 7893 7703 7247 1663 1095 381 5584 5345 205 5140 266 202 714 428 397 4874 1305 1164 1116
is_linear=0
shrinkage=0.1


end of trees

feature_importances:
pg_est_cost_max=705
pg_est_startup_sum=603
pg_est_cost_sum=599
pg_table_id_sum=470
pg_act_card_sum=461
pg_est_width_avg=451
Hash_Join_out_percentage=313
Parallel_Seq_Scan_in_card=260
pg_scan_act_card_sum=218
pg_act_card_max=208
Hash_Join_in_card=191
Seq_Scan_in_card=159
pg_workers_planned_sum=137
Hash_Join_right_percentage=102
Parallel_Seq_Scan_compare_percentage=97
Parallel_Seq_Scan_in_size=93
Seq_Scan_in_size=66
Partial_Aggregate_in_percentage=58
Sort_out_card=54
Nested_Loop_in_percentage=53
pg_filter_compare_count=39
Merge_Join_out_percentage=39
Aggregate_in_percentage=35
Gather_out_percentage=31
pg_scan_has_filter=27
Index_Only_Scan_in_size=26
pg_filter_like_count=25
Gather_in_percentage=25
Nested_Loop_out_percentage=24
Index_Scan_in_size=23
Parallel_Seq_Scan_const=23
pg_num_join=22
pg_num_agg=22
Parallel_Seq_Scan_like_percentage=21
Merge_Join_in_card=19
Nested_Loop_right_card=19
Materialize_out_card=18
Parallel_Seq_Scan_in_expression_percentage=18
Merge_Join_right_percentage=17
Seq_Scan_const=17
pg_pipeline_num_ops=16
Parallel_Bitmap_Heap_Scan_compare_percentage=14
Parallel_Index_Only_Scan_in_card=13
Index_Only_Scan_in_card=11
Parallel_Bitmap_Heap_Scan_const=11
pg_filter_and_count=10
Bitmap_Heap_Scan_in_card=9
Gather_const=8
Index_Scan_in_card=8
Parallel_Index_Scan_compare_percentage=8
Seq_Scan_compare_percentage=7
pg_filter_or_count=6
Parallel_Index_Scan_in_card=6
Parallel_Index_Scan_in_expression_percentage=6
Sort_out_size=6
Parallel_Bitmap_Heap_Scan_in_size=5
Parallel_Bitmap_Heap_Scan_like_percentage=5
Parallel_Index_Only_Scan_compare_percentage=5
Parallel_Seq_Scan_or_exp_percentage=5
Seq_Scan_like_percentage=5
pg_num_scan=4
pg_num_select=4
Hash_Join_const=4
Parallel_Index_Only_Scan_in_size=4
Parallel_Index_Scan_like_percentage=4
pg_filter_in_count=3
Aggregate_out_size=3
Gather_Merge_in_percentage=3
Materialize_out_size=3
Partial_Aggregate_out_size=3
Finalize_Aggregate_const=2
Finalize_Aggregate_out_size=2
Index_Scan_compare_percentage=2
Parallel_Bitmap_Heap_Scan_in_card=2
Aggregate_const=1
Index_Scan_like_percentage=1
Merge_Join_const=1
Nested_Loop_const=1
Parallel_Index_Scan_in_size=1

parameters:
[boosting: gbdt]
[objective: mape]
[metric: mape]
[tree_learner: serial]
[device_type: cpu]
[data_sample_strategy: bagging]
[data: ]
[valid: ]
[num_iterations: 100]
[learning_rate: 0.1]
[num_leaves: 31]
[num_threads: 0]
[seed: 0]
[deterministic: 0]
[force_col_wise: 0]
[force_row_wise: 0]
[histogram_pool_size: -1]
[max_depth: -1]
[min_data_in_leaf: 20]
[min_sum_hessian_in_leaf: 0.001]
[bagging_fraction: 1]
[pos_bagging_fraction: 1]
[neg_bagging_fraction: 1]
[bagging_freq: 0]
[bagging_seed: 3]
[feature_fraction: 1]
[feature_fraction_bynode: 1]
[feature_fraction_seed: 2]
[extra_trees: 0]
[extra_seed: 6]
[early_stopping_round: 0]
[early_stopping_min_delta: 0]
[first_metric_only: 0]
[max_delta_step: 0]
[lambda_l1: 0]
[lambda_l2: 0]
[linear_lambda: 0]
[min_gain_to_split: 0]
[drop_rate: 0.1]
[max_drop: 50]
[skip_drop: 0.5]
[xgboost_dart_mode: 0]
[uniform_drop: 0]
[drop_seed: 4]
[top_rate: 0.2]
[other_rate: 0.1]
[min_data_per_group: 100]
[max_cat_threshold: 32]
[cat_l2: 10]
[cat_smooth: 10]
[max_cat_to_onehot: 4]
[top_k: 20]
[monotone_constraints: ]
[monotone_constraints_method: basic]
[monotone_penalty: 0]
[feature_contri: ]
[forcedsplits_filename: ]
[refit_decay_rate: 0.9]
[cegb_tradeoff: 1]
[cegb_penalty_split: 0]
[cegb_penalty_feature_lazy: ]
[cegb_penalty_feature_coupled: ]
[path_smooth: 0]
[interaction_constraints: ]
[verbosity: -1]
[saved_feature_importance_type: 0]
[use_quantized_grad: 0]
[num_grad_quant_bins: 4]
[quant_train_renew_leaf: 0]
[stochastic_rounding: 1]
[linear_tree: 0]
[max_bin: 255]
[max_bin_by_feature: ]
[min_data_in_bin: 3]
[bin_construct_sample_cnt: 200000]
[data_random_seed: 1]
[is_enable_sparse: 1]
[enable_bundle: 1]
[use_missing: 1]
[zero_as_missing: 0]
[feature_pre_filter: 1]
[pre_partition: 0]
[two_round: 0]
[header: 0]
[label_column: ]
[weight_column: ]
[group_column: ]
[ignore_column: ]
[categorical_feature: ]
[forcedbins_filename: ]
[precise_float_parser: 0]
[parser_config_file: ]
[objective_seed: 5]
[num_class: 1]
[is_unbalance: 0]
[scale_pos_weight: 1]
[sigmoid: 1]
[boost_from_average: 1]
[reg_sqrt: 0]
[alpha: 0.9]
[fair_c: 1]
[poisson_max_delta_step: 0.7]
[tweedie_variance_power: 1.5]
[lambdarank_truncation_level: 30]
[lambdarank_norm: 1]
[label_gain: ]
[lambdarank_position_bias_regularization: 0]
[eval_at: ]
[multi_error_top_k: 1]
[auc_mu_weights: ]
[num_machines: 1]
[local_listen_port: 12400]
[time_out: 120]
[machine_list_filename: ]
[machines: ]
[gpu_platform_id: -1]
[gpu_device_id: -1]
[gpu_use_dp: 0]
[num_gpu: 1]

end of parameters

pandas_categorical:null
